"","logFC","AveExpr","t","P.Value","adj.P.Val","B","protein","q","-log10p","regulated_q"
"MYH7B",5.545651585017,15.56357739828,11.781590290799,7.26944381309653e-10,4.52285830284397e-08,12.7929986665011,"MYH7B",1.8442707442824e-08,9.13849881584568,"+"
"MYH2",5.43481978747727,18.7355958818488,28.0024143984333,8.81293812795651e-20,5.04452578444231e-17,35.3397170146126,"MYH2",2.05698934171233e-17,19.0548792788716,"+"
"MYH1",5.37629350894377,16.539596368686,14.3154566619324,3.21647288606802e-13,4.00241104344638e-11,20.2008264185188,"MYH1",1.63204971276227e-11,12.4926201052245,"+"
"MYBPC2",5.26345308815417,16.2000061868546,32.5119966551206,2.71525686380622e-21,7.7710651442134e-18,38.7039215775904,"MYBPC2",3.16878114186631e-18,20.5661890797927,"+"
"TNNC2",5.12433941131386,16.5473849448918,26.7285581425429,2.59357418848883e-19,1.23713488790917e-16,34.2832199534783,"TNNC2",5.04462339460711e-17,18.5861013246164,"+"
"TNNI2",4.96073709927633,17.3210490200618,22.4018597714727,1.50837006096242e-17,3.32073470344188e-15,30.2621254837724,"TNNI2",1.35408484038294e-15,16.8214920963194,"+"
"TNNT3",4.58272805813196,18.8218922230844,24.5905855317155,1.77764109445424e-18,5.65289868036448e-16,32.3863258639781,"TNNT3",2.30506351482054e-16,17.7501559185245,"+"
"ZC3H8",4.50920194097874,14.195444250425,22.5166252074647,6.46750292360859e-13,7.40399734694711e-11,19.5553474642999,"ZC3H8",3.01910313863532e-11,12.1892633662903,"+"
"MYL11",4.28353948225901,18.6652502932529,28.84756220732,4.41646654342781e-20,3.1599818118226e-17,36.0129364235713,"MYL11",1.28853517350839e-17,19.3549250551761,"+"
"GCC2",3.89378620799834,14.9959998803108,10.502834755532,2.7953684645761e-08,1.0959376089886e-06,9.43392884153305,"GCC2",4.46886799116733e-07,7.55356093855207,"+"
"DNAH7",3.5453567030111,14.459875072624,12.4551913844368,6.12921999553083e-12,6.04890607834801e-10,17.1956366717459,"DNAH7",2.46654212186891e-10,11.2125947902761,"+"
"MYH4",3.31925910092378,17.6950493295626,8.89134618185919,4.80927323574519e-09,2.37312758632806e-07,10.3851654177851,"MYH4",9.67682267906178e-08,8.31792054806543,"+"
"ATP2A1",2.94197098689548,18.5243119696018,23.8951777670568,3.438391168783e-18,8.94606865914267e-16,31.732734941418,"ATP2A1",3.6479083799782e-16,17.4636447172999,"+"
"ACTN3",2.62469717825518,16.5329474304996,5.10645818590837,3.21442950887279e-05,0.000455430557148214,1.44152218548693,"ACTN3",0.00018570938914282,4.4928960936988,"+"
"GTPBP3",2.43131379494027,19.4273994131943,5.61148594348999,3.99589248567029e-05,0.000536912877652036,1.86637712806148,"GTPBP3",0.000218935161391078,4.39838620550819,"+"
"C8A",2.15383176598605,12.4942677128518,10.4342361725401,2.23555352638653e-10,1.72923086284277e-08,13.5211677828976,"C8A",7.05122662906725e-09,9.65061492725602,"+"
"TIMM10B",2.11673757570891,11.1751283051721,5.09857535971334,0.000970234799524649,0.00651833801934166,-0.469596742699758,"TIMM10B",0.00265796080829159,3.01312315253979,"+"
"DMTN",2.09110048766571,11.9802710908487,3.51522392103093,0.00267590466320143,0.0140780131361811,-2.61416629703423,"DMTN",0.005740544148455,2.57252936361838,"+"
"GBF1",1.90467828771254,12.119494707731,6.4240915303863,4.92070409281641e-06,9.98798235009969e-05,3.67739616178918,"GBF1",4.07276602742894e-05,5.30797275053611,"+"
"NUP62",1.88171060921221,11.606172954202,9.13640974797625,2.8948885485031e-09,1.5933021203492e-07,10.9037264381916,"NUP62",6.49695455972042e-08,8.53836815169538,"+"
"IGFN1",1.68100046019924,12.1301306664966,3.72110170588154,0.0018761606635883,0.0108476198367469,-2.21388784329332,"IGFN1",0.00442329751905559,2.72672997388756,"+"
"INTU",1.65190436375059,12.9614316288691,3.85410700344598,0.000997178855355213,0.00665250788817394,-1.81151602340201,"INTU",0.00271267080521898,3.00122693905305,"+"
"LDHA",1.62380673948339,19.6320462772641,9.30128253000587,2.06644554001748e-09,1.20697288480204e-07,11.248183225539,"LDHA",4.92163280725121e-08,8.6847760358125,"+"
"MMGT1",1.50375360581033,11.5929368486524,4.56737176483618,0.00044720151544134,0.00364641235667554,-0.349495252604812,"MMGT1",0.00148688532355256,3.34949673341614,"+"
"DNAH10",1.47647627041246,14.2385785966568,8.00677301275427,6.02446551604859e-08,2.23922341648456e-06,7.92490722064492,"DNAH10",9.13080614163343e-07,7.22008147717257,"+"
"MYL4",1.46627392396669,13.9313193022555,6.01827093107213,3.31701724202367e-06,7.30254103590133e-05,3.73168786112225,"MYL4",2.97773263932808e-05,5.47925227098993,"+"
"RALB",1.37639317924276,10.5722153474567,5.48331688392822,0.000108183689059654,0.00117726889007122,1.37568623248024,"RALB",0.000480050982527335,3.96583821321625,"+"
"MYL1",1.34077008291288,20.5848506488009,11.9489907423893,1.44767631496433e-11,1.38108320447598e-09,16.3180390486038,"MYL1",5.63159661188859e-10,10.8393285309146,"+"
"UBL4A",1.2745549328562,9.98156033305891,3.91231796444838,0.00598183857290555,0.0262980368596862,-2.23473654680202,"UBL4A",0.0107234621924552,2.22316531110448,"+"
"AK1",1.24435363797102,18.419864373779,15.4760476049245,5.94584001446686e-14,8.95631269547586e-12,21.9179352240867,"AK1",3.65208555627859e-12,13.2257867805951,"+"
"MYBPH",1.22754907169059,14.6448144614405,2.60742616573498,0.0154733908753883,0.0545379860657157,-4.60565129321397,"MYBPH",0.0222387714622486,1.81041450355342,"+"
"S100A13",1.22357941959453,13.2188293415225,8.29169946721673,1.72169487244609e-08,7.46589503778896e-07,9.08292670028554,"S100A13",3.04434295220332e-07,7.76404381394784,"+"
"GLRX",1.21312495159895,12.7096659178825,9.54573615078938,1.26163956846142e-09,7.68257967007782e-08,11.7524126592087,"GLRX",3.1326997171753e-08,8.89906469880489,"+"
"PDLIM7",1.20715069656611,16.5183360917783,10.9545965599335,8.47937630462748e-11,7.08710140071189e-09,14.5120040217213,"PDLIM7",2.88988354264316e-09,10.0716360908353,"+"
"PPP1R14C",1.20492518968893,12.2778042943211,6.41999442676543,2.98756540926783e-06,6.72949915056059e-05,4.07841687313134,"PPP1R14C",2.74406527377789e-05,5.52468257756745,"+"
"HDHD3",1.15668951978892,12.023396904355,5.39821102112852,0.000124993590593623,0.00131518991279026,0.810415202777664,"HDHD3",0.000536290574880313,3.90311225612145,"+"
"PLXDC2",1.13483077350786,10.2640391906609,3.37186445592095,0.00322099690556644,0.0158939536960882,-2.90417930235702,"PLXDC2",0.00648102413339872,2.49200969240976,"+"
"NGRN",1.11836052265947,12.6339576202083,2.31424336181923,0.0335064036484322,0.101374556246821,-4.94493998688059,"NGRN",0.0413371624273662,1.47487218390625,"+"
"ENO3",1.09864072171414,18.7508980402426,10.0391911205058,4.76800391042605e-10,3.32829931503399e-08,12.7469585911384,"ENO3",1.35716943665305e-08,9.32166339708582,"+"
"MIA3",1.0985790535014,10.4241376053108,5.27142475239637,5.27807783589577e-05,0.000668400830368748,1.26380465510163,"MIA3",0.00027255156238877,4.27752420952128,"+"
"PFKM",1.09836471227772,18.0073687379263,13.4855879280313,1.15194624119496e-12,1.26802697780768e-10,18.9010119729328,"PFKM",5.17059103235896e-11,11.938567788011,"+"
"SYNGR1",1.06798063392621,11.096255783195,8.03792604644373,3.57350468452845e-07,1.12388685792532e-05,6.45597347963558,"SYNGR1",4.58283570513759e-06,6.44690564424323,"+"
"CD38",1.06270816197613,10.9275061743156,8.89704827076321,4.75238303543187e-09,2.37312758632806e-07,10.3973207751929,"CD38",9.67682267906178e-08,8.32308856308779,"+"
"GPD2",1.05223804654621,13.03982959312,10.2572558199781,3.13143034568862e-10,2.3584614866739e-08,13.1767054508401,"GPD2",9.61701921692837e-09,9.50425724413176,"+"
"PHKG1",1.04913646733893,14.8075782449237,9.83513302461662,7.10387891669322e-10,4.52285830284397e-08,12.3394281993982,"PHKG1",1.8442707442824e-08,9.14850444957463,"+"
"NFS1",1.04779147037519,12.0732855305703,5.88476300916563,4.6049889912476e-06,9.41391320925044e-05,3.39981541252136,"NFS1",3.83867978134914e-05,5.33677140369648,"+"
"ALDOC",1.02861379273381,13.3330431131234,4.11394742916934,0.000460516467481181,0.00370312334946039,-1.12813816105542,"ALDOC",0.00151001017466862,3.33675483537302,"+"
"XIRP2",1.02833873691622,15.0782644180716,3.36042336164523,0.0026088801887685,0.013827065000473,-2.90947288484918,"XIRP2",0.0056382158697363,2.58354586515102,"+"
"RPS6KA5",1.01775901434812,13.2279334034838,3.58298353506884,0.00150717818781813,0.00929643097744719,-2.37604741718616,"RPS6KA5",0.00379077444614297,2.82183539970166,"+"
"PPP3CB",0.99996828215779,14.5116776408314,11.9012836223221,1.5719646222333e-11,1.45127830607474e-09,16.2339143318225,"PPP3CB",5.91782882081968e-10,10.8035572321781,"+"
"UNC45B",0.997097444939433,14.1020096969103,9.20496018762434,2.51520648907482e-09,1.41147470033963e-07,11.0473740823182,"UNC45B",5.75552299415238e-08,8.59942635518675,"+"
"TAPT1",0.994292547557404,12.8032538134897,3.57395420897335,0.00255769291539094,0.0136061656577116,-2.33274882046821,"TAPT1",0.00554814048642619,2.5921515994809,"+"
"IPO9",0.993701435273563,11.2628706676327,6.55484877704639,1.32897719361614e-05,0.000218801558946692,3.04709259507751,"IPO9",8.92199770474848e-05,4.87648247185761,"+"
"TRIM21",0.987005037879399,10.1903514982007,3.5781306658976,0.00341033322317241,0.0166559277896236,-2.35264631708692,"TRIM21",0.00679173175112905,2.46720318408238,"+"
"SRGAP3",0.975281377663295,10.148551453565,5.52823007118844,1.29073665172814e-05,0.000216416276488433,2.40620523364825,"SRGAP3",8.82473384282623e-05,4.88916235755387,"+"
"THOC2",0.969954151194738,17.6752866501237,6.09961584318216,2.71844592747416e-06,6.29872363609215e-05,3.93314239025708,"THOC2",2.56840938860727e-05,5.56567930111478,"+"
"PHKB",0.969001345365724,13.6498316493265,9.00328011824621,3.81037087651163e-09,1.94737168724576e-07,10.6229977821085,"PHKB",7.94073214447796e-08,8.41903275089039,"+"
"PGK1",0.96429129452082,19.491345709228,9.96702974685187,5.48675952944977e-10,3.73883470792506e-08,12.6034416600099,"PGK1",1.52457207540594e-08,9.26068407339633,"+"
"H3-3B",0.957730545630668,12.5041646465668,3.81593807919529,0.000842779787458216,0.00584460898670593,-1.80701043001351,"H3-3B",0.00238323658275429,3.07428588870303,"+"
"PHKA1",0.952733574690596,14.2501804604617,10.0954557338971,4.27546368780232e-10,3.05909426862256e-08,12.8584073384655,"PHKA1",1.24739659875592e-08,9.36901677774669,"+"
"DDAH1",0.947073491468704,15.0304800623373,5.78580319928775,5.8792929386232e-06,0.000114466233947888,3.15289498697035,"DDAH1",4.6675511887147e-05,5.23067490033854,"+"
"PANX1",0.946062755305435,9.7911936930402,3.16134280784639,0.00650138889973179,0.0277716045239289,-3.39142208930104,"PANX1",0.011324333931279,2.18699385457952,"+"
"CDKN1B",0.945992605463468,12.0155094019624,6.61329623263089,9.75314051319721e-07,2.56087047236426e-05,5.02424791687083,"CDKN1B",1.044237554183e-05,6.01085551887182,"+"
"ENAH",0.945706179464056,12.1819559215839,4.70935050946853,0.000177436421031639,0.00172143402370357,0.0260135858425423,"ENAH",0.000701943371989459,3.75095723101167,"+"
"CCDC25",0.938979919006217,10.9857808319971,5.8954377000666,9.31401146440407e-06,0.000168713296272939,2.90244823691325,"CCDC25",6.87956543524652e-05,5.0308632318398,"+"
"LAMP1",0.935244877500189,10.6959658634425,6.36761350689343,9.62524202351184e-06,0.000172171516695568,3.15351308380382,"LAMP1",7.02058012829413e-05,5.01658834149175,"+"
"PGK2",0.932300730556248,15.3988248520191,6.62573269938956,9.47602126653343e-07,2.51114563563136e-05,5.05355940148475,"PGK2",1.02396142446365e-05,6.02337397328404,"+"
"AKAP12",0.92979959708858,12.0982230825569,2.17521495228187,0.0461387033072949,0.128616790777677,-5.27153808211917,"AKAP12",0.0524456369339729,1.33593461515519,""
"PPP1R3D",0.923751204703645,10.6188097444288,4.93898966674886,0.000107722713652767,0.00117672674226801,0.536422448947206,"PPP1R3D",0.000479829912737928,3.96769271477057,"+"
"BPGM",0.913646607864905,13.0741287713763,4.8954467098782,5.4802680168641e-05,0.000684913845601095,0.906517183299012,"BPGM",0.000279285019166259,4.26119820147935,"+"
"PYGM",0.889012851659317,20.3241556984806,8.74123522229174,6.5886602520232e-09,3.14279094021507e-07,10.0636281953256,"PYGM",1.28152530951275e-07,8.18120288651465,"+"
"NIBAN1",0.883052574286094,12.1987302755382,4.22161965127794,0.000423183240313371,0.00350536320069876,-0.93286006077097,"NIBAN1",0.00142937018280403,3.37347154036689,"+"
"NMNAT1",0.876138014874693,10.485957716811,3.04883536822093,0.0189619580129421,0.0642238151870299,-3.44761423808078,"NMNAT1",0.02618832948208,1.72211681940771,"+"
"FAM114A1",0.874100881404483,8.27606183615794,3.48406096953079,0.00309081640887506,0.0154919729635734,-2.71159474959807,"FAM114A1",0.0063171097997845,2.50992679078932,"+"
"ALDH1L1",0.869044800319921,14.6720203190188,5.6672635056761,7.88731213214712e-06,0.000145635402078742,2.85616499782975,"ALDH1L1",5.93852589228228e-05,5.10307097208296,"+"
"BMS1",0.836635282408784,11.1106430601358,3.02083320015867,0.00865502285606996,0.0348392059269652,-3.64816358742862,"BMS1",0.0142062660253428,2.06273178090795,"+"
"APIP",0.827377238006154,15.5896933124961,6.06279526115277,3.5587290506844e-06,7.71597162352936e-05,3.70991345386238,"APIP",3.146315841918e-05,5.44870507641652,"+"
"CNST",0.82477749458627,10.8126547563098,5.36668040482467,1.67024045040461e-05,0.000259795009187934,2.0997646374667,"CNST",0.000105935738613479,4.77722100264472,"+"
"DEPTOR",0.824677866070097,11.8191882362693,6.97003324946289,3.38706765937947e-07,1.07708751568267e-05,6.04696141901564,"DEPTOR",4.3920035986011e-06,6.47017612788987,"+"
"GPD1",0.823040106623981,17.2090780578328,9.87244308089207,6.60188526710581e-10,4.39409200801322e-08,12.4143332302387,"GPD1",1.79176414458268e-08,9.18033202746039,"+"
"FRMD8",0.821696149711064,16.0249603399159,6.69788783284048,6.43318265988408e-07,1.84117687725883e-05,5.39491139234451,"FRMD8",7.5077051333722e-06,6.19157411733063,"+"
"ENPP4",0.802908917958451,10.7776747925941,3.58824229308034,0.00228485475113228,0.0125754890341165,-2.41945023548283,"ENPP4",0.00512786494020423,2.64114140294063,"+"
"SYNRG",0.802301611069399,16.0044524008723,2.21558607696136,0.0365010230967792,0.107585919776501,-5.39475237778128,"SYNRG",0.0438699492787003,1.43769496241863,"+"
"FBN1",0.796602024075623,12.6192859923559,2.00745306559399,0.056139469851434,0.148357490964731,-5.77961418527888,"FBN1",0.0604952359682256,1.25073169290721,""
"TRDN",0.790989635483161,12.27739392269,4.24827498760803,0.000283096376609054,0.00250842671781768,-0.730313788317938,"TRDN",0.00102285274047575,3.54806568919641,"+"
"JPH1",0.788677853926574,12.6615246164253,6.41857133889428,1.25436816221819e-06,3.1217405915378e-05,4.71703929060776,"JPH1",1.27294167951089e-05,5.90157497757771,"+"
"CPSF6",0.782884577889467,11.4763823494491,5.52802343645956,2.52805492433773e-05,0.000376838187159094,1.94212698238038,"CPSF6",0.000153662042312694,4.59721349483677,"+"
"UBE2K",0.772478421278805,11.7521212799858,2.32826246920697,0.0318287271900399,0.0969083161892493,-4.98966147178049,"UBE2K",0.0395159787148579,1.49718072818373,"+"
"AP1B1",0.770804160627202,12.6766483573874,5.97970686195436,3.64606350288811e-06,7.84589003403441e-05,3.63597958250113,"AP1B1",3.19929223595791e-05,5.43817577157964,"+"
"C4orf54",0.769586007656487,10.6400165847836,2.22099485965423,0.0465420154315847,0.129449220763067,-5.01032690394512,"C4orf54",0.0527850741141632,1.3321548141764,""
"METTL7A",0.752847402471073,12.9205323636293,5.51734719089316,1.14567521588934e-05,0.000198722573810624,2.47955397985213,"METTL7A",8.10324366953921e-05,4.9409384817913,"+"
"SLC16A3",0.752655788832117,11.6790471497107,5.38881779941532,1.58007895358397e-05,0.000248471756327325,2.15563858982673,"SLC16A3",0.00010131849381326,4.80132121162207,"+"
"PYGB",0.751349885389384,17.9748766990291,7.13668458586638,2.29726994926314e-07,7.73504305269543e-06,6.44193143371224,"PYGB",3.15409253455516e-06,6.63878796841538,"+"
"SEPHS2",0.746478984167279,11.2745628280714,5.09699895575043,3.29208735414179e-05,0.000461860490566363,1.41755487716583,"SEPHS2",0.000188331301503709,4.48252864948698,"+"
"SEC13",0.741190321514663,12.1445470412971,5.72348242928685,8.03626476479661e-06,0.000147434549723384,2.88506173844489,"SEC13",6.01188913170924e-05,5.09494576331304,"+"
"PPT1",0.733262918185632,12.1971683878684,3.84406364200608,0.000887582219883638,0.00607717778303103,-1.77726024110607,"PPT1",0.00247807037996294,3.05179140617388,"+"
"HACD1",0.732676409861948,13.1425901254648,4.83817624010524,6.33603286424961e-05,0.000771647917339676,0.76125017863494,"HACD1",0.000314652280382329,4.19818257877885,"+"
"ABRA",0.725247608046509,10.9309548671052,3.01585094888011,0.00782794442250927,0.0320508969058963,-3.68733251512946,"ABRA",0.0130692866177981,2.10635226644317,"+"
"CMBL",0.72024706266301,18.1118443646884,8.44602567614782,1.23433438210344e-08,5.60740476441275e-07,9.42261395490488,"CMBL",2.28651261346246e-07,7.90856717366546,"+"
"CASQ1",0.718403437858971,18.1091678178313,9.12012109638733,2.99349871589477e-09,1.61648930658317e-07,10.8695033013763,"CASQ1",6.59150417049785e-08,8.52382092381525,"+"
"TIGAR",0.715642445378089,10.4644096389196,4.23488731305056,0.000316156569569275,0.00273365589760503,-0.799808729745259,"TIGAR",0.00111469368689217,3.50009778934328,"+"
"KIAA1191",0.715582739301139,10.1551118601756,3.51433964234613,0.0020733159207489,0.0116807680416995,-2.56266565201856,"KIAA1191",0.00476302756522559,2.68333451740236,"+"
"LRRFIP2",0.715091382417516,11.6289663712147,5.3468752555434,2.01029819005362e-05,0.000304416583065263,1.95916550426182,"LRRFIP2",0.000124130927972838,4.69673951835575,"+"
"SUB1",0.712300605695066,12.1945624664083,6.73818711709616,7.3081654701476e-07,2.0306766578216e-05,5.31779222805528,"SUB1",8.28042202596221e-06,6.13619162799185,"+"
"ENO2",0.711714546671434,19.1432666544299,5.13377891676321,3.00034664840365e-05,0.000433686470087436,1.51073382624016,"ENO2",0.000176842875769605,4.52282856568311,"+"
"ATP2B2",0.709393194452637,11.4760015660476,3.4904649239351,0.00331769925706584,0.016258998756374,-2.55533767674212,"ATP2B2",0.0066298773319627,2.47916298447091,"+"
"CROCC",0.708991643090277,12.4188327209299,2.42406429390755,0.0261712236301505,0.082666803261128,-4.87952156295423,"CROCC",0.0337087648052075,1.5821759715367,"+"
"MLEC",0.700515864806246,11.0006754120486,5.83659204256264,5.18588913668011e-06,0.000103790312651598,3.27971579972328,"MLEC",4.23222273054413e-05,5.2851767717631,"+"
"PACSIN3",0.697905679480469,15.1196349715689,7.77437320404046,5.37613865133498e-08,2.05153450934943e-06,7.92135318516911,"PACSIN3",8.36547338681776e-07,7.26952953929701,"+"
"SNTB1",0.694394224331859,13.2854177295497,6.98706302178172,3.25479399229103e-07,1.05165119847533e-05,6.087475812231,"SNTB1",4.28828278196997e-06,6.4874764942978,"+"
"ART3",0.686518820022235,13.0101438286892,5.15514120243426,2.84301499898801e-05,0.000413030910005263,1.56483736246479,"ART3",0.000168420227387637,4.54622084908179,"+"
"GMPR",0.686348859038501,12.9866868345166,5.72607792397771,6.81630420047041e-06,0.0001309279370587,3.00351452838188,"GMPR",5.33880452931222e-05,5.16645103595884,"+"
"CACNB1",0.677646248559585,15.1140593307642,6.80399386568602,5.00413496595624e-07,1.47647776005843e-05,5.65015615604911,"CACNB1",6.02058378823659e-06,6.30067098551347,"+"
"TSTD1",0.674626138432812,11.0245220208767,3.8828799940701,0.000865790814076273,0.00594219019157384,-1.70315444392936,"TSTD1",0.00242302694302637,3.06258702630428,"+"
"OGN",0.674300154077461,13.7057954964232,2.08054714937303,0.0483689308899435,0.133107577122133,-5.64743116257863,"OGN",0.0542768298034677,1.31543351182034,""
"TMEM182",0.66922990957257,12.1546023237821,4.02941749348219,0.000723236801176018,0.00528036664532082,-1.39723132681568,"TMEM182",0.0021531573776977,3.14071948333325,"+"
"TECR",0.666906188667436,12.274348775979,4.99430708177773,4.26722014331856e-05,0.000570690843466248,1.15724477836659,"TECR",0.000232708689098845,4.36985495157184,"+"
"PKM",0.666486697607514,19.102345614786,6.55085013692451,9.13245009854609e-07,2.44271702635878e-05,5.0391183946035,"PKM",9.96058520215243e-06,6.03941269217767,"+"
"PPP1R27",0.662313753069657,11.4673856887789,3.22454706584466,0.00363220762173791,0.0175894724423247,-3.22917217924068,"PPP1R27",0.00717240011970811,2.43982933460085,"+"
"GAPVD1",0.66071721399666,9.82140659667181,1.57287708452426,0.13823486838189,0.2859736243671,-6.20094084221271,"GAPVD1",0.116610504628237,0.859382396644652,""
"CA8",0.656826548218863,14.990725426344,2.58214620756265,0.016381734952013,0.0571762505276356,-4.65883582459981,"CA8",0.023314567703696,1.78564010500634,"+"
"COL1A1",0.650929252799603,11.4316876090644,1.60231581536699,0.122224352529657,0.261049326074536,-6.4477077456325,"COL1A1",0.106447207198857,0.912842254686275,""
"GMPPB",0.64898563240463,12.610374802961,4.90399028552667,5.36296861434174e-05,0.000676159302830223,0.928187737399806,"GMPPB",0.000275715208654677,4.27059474464761,"+"
"MANF",0.644867534436194,11.2092630649157,3.19071220323407,0.00659364979609468,0.0280401570823521,-3.33009491659116,"MANF",0.0114338407063399,2.1808741229591,"+"
"RAPH1",0.643032727891294,13.0097701079017,3.61036459653494,0.00140810618346224,0.00877995620276458,-2.3096818665644,"RAPH1",0.00358017326137712,2.85136459437505,"+"
"MT-ND1",0.64085391842309,13.0163803255015,3.21413547517695,0.00386149560096883,0.0184809371404227,-3.25381527485006,"MT-ND1",0.00753590968648558,2.41324445557533,"+"
"PFKFB1",0.640021124562329,12.8389582284631,6.57374041472455,8.64620686582303e-07,2.35670895714148e-05,5.09466294476419,"PFKFB1",9.60987298609663e-06,6.06317437791517,"+"
"LMNB1",0.638633357356095,10.5232686364701,3.47908181812011,0.00213934419651541,0.0119120682693134,-2.64056557773198,"LMNB1",0.0048573440824302,2.66971933668997,"+"
"EIF4EBP1",0.636908646078467,11.875206344655,4.50618143938557,0.000147134330945529,0.00150931345937672,-0.0799526286232437,"EIF4EBP1",0.000615447681686122,3.83228598124516,"+"
"TNXB",0.62393320489055,12.4104198503703,2.50826810885078,0.0193295074941575,0.0650448106663663,-4.8125703824634,"TNXB",0.0265231040521292,1.71377921142901,"+"
"ALDH1B1",0.622569640472541,14.3927038035392,3.70371593859443,0.0011159843928135,0.00717740973535336,-2.0823390522119,"ALDH1B1",0.00292670826904225,2.95234187902064,"+"
"LSM3",0.621327852604962,10.9207436456684,2.19195131558576,0.0411143735739755,0.117551785383334,-5.34261440897663,"LSM3",0.0479336968359864,1.38600632234361,"+"
"TPM1",0.614936836054373,20.9920758645969,5.9297416757848,4.12231480505785e-06,8.54932244353301e-05,3.5117884614962,"TPM1",3.48612850774706e-05,5.38485884591948,"+"
"FAU",0.61014832256746,11.8591329981626,2.94595039721179,0.0080197408948688,0.0326958667252344,-3.83981351648554,"FAU",0.0133322837954904,2.0958396628563,"+"
"PGAM2",0.606757668498329,19.02856968676,7.06840492615147,2.69221177167632e-07,8.85644837992831e-06,6.28051162553515,"PGAM2",3.61136421963041e-06,6.56989078112968,"+"
"ADGRE5",0.603282565153169,10.4241725614111,2.94042367368251,0.0115661186270388,0.044018924881097,-3.70769685563182,"ADGRE5",0.0179494492016087,1.9368123577004,"+"
"MUSTN1",0.598289929111042,14.5597020330409,2.47585932868071,0.0207722403112348,0.068728499156941,-4.87919272555743,"MUSTN1",0.0280251893396441,1.68251666175388,"+"
"PAIP1",0.597709588162944,12.5063093655842,4.62150717299679,0.000215011726014293,0.00202422223635825,-0.137238210198783,"PAIP1",0.000825410304827363,3.66753785448237,"+"
"EARS2",0.596110057308422,14.3935779024997,1.90095420184166,0.0694359506967487,0.173256923185784,-5.96612770301527,"EARS2",0.0706483938431153,1.15841561388765,""
"HEXB",0.592865100124067,13.1887230761429,4.06169099446653,0.000671971083739027,0.00502136094428485,-1.32394284806655,"HEXB",0.00204754349261918,3.17264941510507,"+"
"USP19",0.59204529405519,10.9902800120324,2.31973829095025,0.0408071971419333,0.116868248157534,-4.89404604722222,"USP19",0.0476549731564542,1.38926323388625,"+"
"OAT",0.590149766049828,10.4185829439641,3.19976426152472,0.00474125197229156,0.0217808397186171,-3.28150443807808,"OAT",0.00888149988110193,2.32410696362895,"+"
"ALDOA",0.589886113486553,20.068509419846,8.2464634698909,1.89923896252052e-08,7.87771291410687e-07,8.98276136418396,"ALDOA",3.21226854491712e-07,7.72142038883067,"+"
"OSBPL6",0.588273780874559,10.9056662661382,3.87727529373556,0.00072250410319141,0.00528036664532082,-1.6556810239388,"OSBPL6",0.0021531573776977,3.14115968215158,"+"
"GPI",0.587587720180547,18.0072418811769,5.59736967609068,9.38463915139381e-06,0.000168923504725089,2.68075647272861,"GPI",6.88813703472058e-05,5.0275824217716,"+"
"IKBKB",0.587469450586758,11.6582830914935,2.13839503675888,0.0473938066434292,0.130927678198354,-5.3722048407791,"IKBKB",0.0533879397385079,1.32427840761539,""
"GALK1",0.583675436485866,11.7499441935332,6.09802825594245,2.72900674659478e-06,6.29872363609215e-05,3.92921632041195,"GALK1",2.56840938860727e-05,5.56399539067482,"+"
"SERPINA6",0.58324717169624,11.6256939984421,2.42509546597544,0.0295353508762671,0.0911868114432323,-4.73944264502929,"SERPINA6",0.0371829399349968,1.52965786541153,"+"
"CNBP",0.579126568145849,11.2475216848717,3.24381059151823,0.00346646866527333,0.0168725056462793,-3.18415226017637,"CNBP",0.00688004497655961,2.46011272120021,"+"
"PCMTD1",0.575260462423209,10.8967359916794,3.72244476165668,0.00206517929661255,0.0116578760293987,-2.22799235204293,"PCMTD1",0.00475369296623148,2.68504223739781,"+"
"AGL",0.57507383924392,18.0077469144038,6.51240697003651,1.00127749358453e-06,2.58167224021525e-05,4.94570665013137,"AGL",1.05271982121595e-05,5.99944554566614,"+"
"PPP3R1",0.57244044203974,12.7616819004928,4.9846283105516,4.37295880575491e-05,0.000582112004747468,1.13270169237567,"PPP3R1",0.000237365857687001,4.35922461378654,"+"
"DUSP29",0.571127036739165,14.5480046271911,4.25101561713848,0.000281136660805962,0.00249879851933746,-0.723426471128535,"DUSP29",0.00101892668230894,3.55108251779497,"+"
"RPS19",0.56960036991774,12.2123152865263,3.75568653394608,0.0010360946920727,0.00683249541177897,-1.97228081442436,"RPS19",0.0027860637133965,2.98460055118793,"+"
"CISD2",0.567961346609042,13.850222032208,1.73627601529506,0.0959548534753411,0.218451047370454,-6.21745087083293,"CISD2",0.0890770501189135,1.01793305340115,""
"NAMPT",0.567907462907746,13.4336005396394,8.50333587882434,1.09172419835078e-08,5.1221551732458e-07,9.54795762036616,"NAMPT",2.08864401693768e-07,7.96188706333728,"+"
"APOC1",0.567016222190475,11.7669072760407,2.39819467832697,0.024644860986465,0.0791622807444027,-5.03673938330757,"APOC1",0.0322797374252846,1.60827362721433,"+"
"PRRC1",0.566810949896833,10.3977654589982,3.41401850271682,0.00519634353571768,0.0233835459107295,-2.95108915592163,"PRRC1",0.00953503000384192,2.28430214498649,"+"
"GAPDH",0.565901584481487,20.0597296833978,4.67957005838332,9.47400494201369e-05,0.00105504288498222,0.359067930931284,"GAPDH",0.000430211294816048,4.02346639306292,"+"
"PFKL",0.561231890962606,16.0007407730225,3.34050362518863,0.00273914119688189,0.0143316674688775,-2.95664584362887,"PFKL",0.00584397592403335,2.5623855802155,"+"
"SNAP29",0.560588218842691,11.8053770394006,3.81064131769286,0.000854047489054087,0.00588984075583807,-1.82005170196891,"SNAP29",0.00240168058938392,3.06851797982536,"+"
"LGALS3BP",0.559520487121569,11.1251400461333,1.95171335311722,0.0677518425740627,0.169794897939551,-5.71463002581624,"LGALS3BP",0.0692366954324929,1.16907888925258,""
"GATAD2B",0.555791724622068,18.3457861618976,6.02616738582979,3.25345594351339e-06,7.21813248863203e-05,3.75126942564924,"GATAD2B",2.94331364941671e-05,5.48765506986407,"+"
"EEF2K",0.553286800067562,11.7721884437153,5.38406182333791,1.5990247515892e-05,0.000250076985740344,2.14363662864626,"EEF2K",0.000101973052821318,4.79614481368002,"+"
"TJP1",0.552431575868647,12.8522411995218,2.97227064437798,0.00820045373176344,0.0332431991222478,-3.74888678703663,"TJP1",0.0135554676893071,2.08616211740292,"+"
"INPP1",0.551791189276013,11.4086390374758,2.64159110472342,0.0143205148935231,0.0513226123980328,-4.53331851752227,"INPP1",0.0209276493376588,1.84404136670723,"+"
"PPP1R3A",0.550220710815656,13.099107816807,4.66836485025957,9.74731762594762e-05,0.00107969208345721,0.330669676182211,"PPP1R3A",0.000440262415716482,4.01111488179122,"+"
"PTGR1",0.547324867399192,11.4138000464538,4.20565602303477,0.000339995631323774,0.00290467909507057,-0.871962994307096,"PTGR1",0.00118443124189826,3.46852666326412,"+"
"VAMP5",0.543479207334336,10.8992528285789,3.49431168238572,0.00196463906684895,0.0112436300688657,-2.59838129325118,"VAMP5",0.0045847772817698,2.70671722425737,"+"
"DNAJB11",0.542444305522281,11.4753167267584,3.39540001122985,0.00372500662168686,0.0180083934987632,-2.90429485814922,"DNAJB11",0.00734322215233017,2.42887295089971,"+"
"CACNA1S",0.540766216914722,14.1645713240713,5.46995831017406,1.28966108753877e-05,0.000216416276488433,2.36022797511269,"CACNA1S",8.82473384282623e-05,4.88952440377048,"+"
"FBP2",0.538632423363669,17.0438880128163,5.17498324745766,2.70434076620826e-05,0.000396914013994258,1.61507912249433,"FBP2",0.000161848294815032,4.5679385850827,"+"
"SEL1L3",0.538536817985019,16.8552364352524,2.49915523403645,0.0197254881153588,0.0659020925039925,-4.8313548821506,"SEL1L3",0.0268726749886638,1.70497224118906,"+"
"TBCC",0.538293126656122,12.293764985912,4.71521964679571,8.65451586236827e-05,0.00099076897592392,0.449434824868515,"TBCC",0.000404002538724272,4.06275722174385,"+"
"JPT1",0.537246961047357,12.2854262521341,3.88379549923632,0.000710760361196001,0.00524699169141552,-1.63956204831886,"JPT1",0.00213954818480288,3.14827680061051,"+"
"GLS",0.53628547669795,11.1488137115495,2.59447231479307,0.0162431252830381,0.0569006420563709,-4.61989051885112,"GLS",0.0232021837627465,1.78933040596963,"+"
"PPCDC",0.536038671370378,9.24491188927276,2.24261068121736,0.0364761161668089,0.107585919776501,-5.26454212609527,"PPCDC",0.0438699492787003,1.43799140984796,"+"
"PGM2L1",0.535370453313089,12.0530907009918,5.18915572007566,2.6094870468227e-05,0.000384966594227143,1.65095785109894,"PGM2L1",0.000156976535571039,4.58344485458832,"+"
"COL18A1",0.533420053932579,11.9493814378838,4.39906376840818,0.000193116459069465,0.00184849266172846,-0.350560303740242,"COL18A1",0.000753753646207055,3.71418071027847,"+"
"PVALB",0.530359746840951,11.2640734044293,1.51298411660294,0.146830714372888,0.298753711184376,-6.40888089893687,"PVALB",0.121821797719526,0.833183088238657,""
"RETREG1",0.522770894464875,12.3587442057911,4.06269978776208,0.000484965233217674,0.00385547360408051,-1.22385812556066,"RETREG1",0.00157213352646657,3.31428939451717,"+"
"MCAM",0.521553910186567,10.3968267191907,2.34334981720552,0.0358107288091986,0.106173246023627,-4.80128059764798,"MCAM",0.0432939080456593,1.44598684026728,"+"
"OSBP",0.516619468311095,12.4223693947667,4.70021307220605,8.99044079604837e-05,0.00101702140546602,0.411392174531606,"OSBP",0.000414707403773968,4.04621901454059,"+"
"SMTNL2",0.51627016180592,14.3765419746508,4.68170003717096,9.42292686293599e-05,0.00105504288498222,0.364466419590039,"SMTNL2",0.000430211294816048,4.02581417969225,"+"
"RPS23",0.511703067188634,10.7658870565695,3.59910937301802,0.00180390965889126,0.0105363049872383,-2.39679415374923,"RPS23",0.00429635370813666,2.74378521603324,"+"
"DYNLL2",0.511488187790082,16.1025855711114,3.71600192968997,0.00108227035328167,0.00704426618524228,-2.05229994536745,"DYNLL2",0.00287241677065387,2.96566423805368,"+"
"SQOR",0.511208931964562,10.1972271748897,2.05195527851784,0.0570249640726498,0.149779846807314,-5.40918647178248,"SQOR",0.0610752252344789,1.24393497966911,""
"GPC4",0.511098668667159,10.4486973591062,3.42866431769895,0.00347315945125809,0.0168763707122252,-2.73325869629491,"GPC4",0.00688162102152308,2.45927527795848,"+"
"CACNG1",0.508553784986583,14.4149295390978,2.70748422872217,0.0123209889065016,0.0460949937913824,-4.39237208627278,"CACNG1",0.0187960008505838,1.90935443345398,"+"
"FTH1",0.507972970043779,15.094193233335,3.15891608968141,0.0042563085461027,0.0200025534629654,-3.38175444822474,"FTH1",0.00815637406537702,2.37096689692241,"+"
"CCAR2",0.505552649153811,10.6418689883775,2.53054958716016,0.0199391891213859,0.0663557665876818,-4.7054936674935,"CCAR2",0.0270576681465218,1.70029250737182,"+"
"LSM2",0.50469827387265,12.858273853123,4.45345045572113,0.000168212924945166,0.00167161594164258,-0.213238158343382,"LSM2",0.000681629219935755,3.77414063745186,"+"
"ADSL",0.501284898392747,14.9923123855243,6.33574072966635,1.53173257226308e-06,3.65318218484745e-05,4.51443063726367,"ADSL",1.48964583365597e-05,5.81481705228083,"+"
"RRM2B",0.497646856180236,11.0355257277889,2.3189123225475,0.0292748168911317,0.0905776987560166,-5.19438172465862,"RRM2B",0.0369345640996767,1.53350581268326,"+"
"PTGES3",0.495656343661508,14.1214978622924,5.9730038967927,3.70655584270141e-06,7.91653941926227e-05,3.61933119218833,"PTGES3",3.22810069856116e-05,5.43102945244379,"+"
"RPS6",0.495412792612861,12.8879468566105,3.5365792357193,0.00169087149264855,0.0101452289558913,-2.48817291433733,"RPS6",0.00413688594790418,2.77188939781584,"+"
"PRPS1",0.495214378772234,13.3485866359236,3.68716212811386,0.00116304551113975,0.00744661354112299,-2.12277059173306,"PRPS1",0.00303648060104705,2.93440329055948,"+"
"COL4A1",0.494923723824531,13.6116434641523,1.98901619077961,0.0582664138148627,0.151897570839758,-5.81242672080217,"COL4A1",0.0619387624527562,1.23458171107313,""
"SRSF4",0.494754067816059,12.4502857502664,2.15661823435729,0.0417784137249819,0.118974945354128,-5.48750798274413,"SRSF4",0.0485140139989002,1.37904805367035,"+"
"MTPN",0.49147404531325,14.5569001171018,3.44395194876428,0.00212524250740138,0.0119120682693134,-2.71059955495758,"MTPN",0.0048573440824302,2.67259150626445,"+"
"RCN2",0.488318594578946,12.3064696302413,3.83557367871442,0.000802272744230004,0.00566939405922536,-1.75862745109457,"RCN2",0.00231178978007405,3.09567796191888,"+"
"RPL12",0.487812932674084,12.5330863118152,2.20342361530496,0.0383866994223809,0.111535770301375,-5.38279769813807,"RPL12",0.0454805665652805,1.41581922792609,"+"
"SLC2A1",0.484323755678009,12.50049345313,1.69729296447746,0.102630393360455,0.229834261187499,-6.30147939050943,"SLC2A1",0.0937187449970144,0.988724006533765,""
"KIFBP",0.483595301882563,11.3275781379669,3.07728992445277,0.00553016013780851,0.0247301848662624,-3.56081447097393,"KIFBP",0.0100841444492887,2.2572622925724,"+"
"BANF1",0.483288120460715,15.0828263897776,4.44465039336586,0.000172013357241863,0.00168021238370721,-0.235468416879253,"BANF1",0.000685134562253186,3.76443782779478,"+"
"ATXN10",0.481104061311354,11.141459042439,3.30169561323475,0.00301128444777536,0.0153078083295437,-3.04825568670023,"ATXN10",0.00624201360531408,2.5212482188265,"+"
"IGKV3-20",0.480023255347101,13.5456206254345,1.4302024363984,0.16560587705033,0.323332262112286,-6.69514237535898,"IGKV3-20",0.131844110906896,0.780924254959121,""
"PGM1",0.478519344420182,19.4926431967698,5.54805683972104,1.06116822939176e-05,0.000186322912424492,2.55681326616029,"PGM1",7.5976268404851e-05,4.97421576095732,"+"
"ATIC",0.478401115261299,14.6743402852241,5.45756858906514,1.33024008583943e-05,0.000218801558946692,2.32901020769241,"ATIC",8.92199770474848e-05,4.87606996914917,"+"
"DCUN1D1",0.477965698146614,13.8645324607752,5.44194950665807,1.38324302592921e-05,0.000223663363853638,2.28964402412844,"DCUN1D1",9.12024589104808e-05,4.85910151074554,"+"
"METTL26",0.476292986997914,12.068885435965,3.28694827932356,0.00312142684631522,0.0155907916826425,-3.08296415331453,"METTL26",0.00635740477706734,2.5056468387285,"+"
"AP2S1",0.475632722075018,12.2345634588068,2.56465111285115,0.0195526577183581,0.0656034072566716,-4.60580943386347,"AP2S1",0.026750881108224,1.70879420225949,"+"
"TRIM63",0.474731112635318,10.927771675642,2.81242675395994,0.0104668939508033,0.0406462014751683,-4.13887166597725,"TRIM63",0.016574165102569,1.98018217602467,"+"
"OSTC",0.469487972460982,10.2627539304864,2.98658889715346,0.00705983289064937,0.0295398270950855,-3.75093075297913,"OSTC",0.012045356112167,2.151205578768,"+"
"GMFB",0.469205463683513,10.7075262999019,1.45929903808558,0.170381618882218,0.328150870283249,-6.27135754355203,"GMFB",0.133808978581897,0.768577259619846,""
"MYOF",0.468133562867719,10.7430676494015,2.42047555795232,0.0278511410961549,0.0866412671926037,-4.84282693060158,"MYOF",0.0353294186179562,1.55515700653653,"+"
"UTRN",0.467723508804747,13.8319999735449,3.61175202074258,0.00164752386230286,0.00997581891039402,-2.33727158947156,"UTRN",0.0040678061824599,2.7831682864812,"+"
"ADA",0.46328344723921,11.7547378935056,0.506746248643412,0.622431205192711,0.762258497758467,-6.64347905386533,"ADA",0.310823588285447,0.205908642394848,""
"TNFAIP2",0.463062556261155,10.2581504086475,2.71948302442967,0.0141080985117264,0.0507891546422152,-4.29629121352883,"TNFAIP2",0.0207101230596972,1.85053151647337,"+"
"WDR44",0.462982758586048,10.2246832522205,3.82434995955228,0.00106875127708177,0.00698348437216445,-1.8736859384379,"WDR44",0.00284763197481505,2.97112335331244,"+"
"PRR33",0.462713603883588,12.7574437151041,3.61022564987799,0.00148065016698426,0.00917233934612328,-2.32222454115855,"PRR33",0.00374017401828586,2.8295475400576,"+"
"LUM",0.459586102459747,15.6110408742233,1.65422025808987,0.11116129783131,0.242735681277719,-6.36862373998654,"LUM",0.0989795137496258,0.954046391386515,""
"RPS8",0.457378986920027,11.4163048671726,3.27515123267163,0.00321233458540965,0.0158939536960882,-3.11068696885324,"RPS8",0.00648102413339872,2.49317922646015,"+"
"POLR2B",0.454681487939887,11.1295748482738,2.23119452258291,0.0414697839329478,0.118449622371354,-5.17270625971253,"POLR2B",0.0482998048100296,1.3822682274036,"+"
"CACNA2D1",0.453961114292156,14.8971865775849,5.50821913978299,1.17208474475322e-05,0.000202078707197813,2.45657914889368,"CACNA2D1",8.2400955938193e-05,4.93104098657037,"+"
"PLXND1",0.451713290524221,15.0981745731691,2.01088633890802,0.0675629672404992,0.169469949379762,-5.45085651840613,"PLXND1",0.0691041922493093,1.17029128527218,""
"TMEM205",0.44982620489554,13.4449167902516,3.05324079628649,0.00548367099533718,0.0245606672748905,-3.62468851961193,"TMEM205",0.0100150208302241,2.26092860953458,"+"
"PEBP4",0.44977096467489,12.8585034490574,2.6866406060377,0.0132025380164065,0.0484431587217378,-4.42571007510459,"PEBP4",0.0197535041800782,1.87934257329663,"+"
"QDPR",0.448713714419933,14.4935598988852,3.854286073215,0.0007654584370206,0.00553217688573979,-1.71246495990537,"QDPR",0.00225583719395977,3.1160783857138,"+"
"CD99L2",0.448363234839011,10.5492533806979,2.18894179053159,0.0390618947340901,0.112924386594915,-5.42688911138444,"CD99L2",0.0460467979689041,1.40824669467329,"+"
"SLC44A2",0.448071076044705,16.386184351689,3.12118916218643,0.00466058562557506,0.0215333539621914,-3.46888371128461,"SLC44A2",0.00878058344515798,2.33155950863706,"+"
"ALG5",0.44778131518324,10.4495459458996,1.38960562259067,0.185071401948147,0.349159098467763,-6.31116628529571,"ALG5",0.142375433251845,0.732660685167454,""
"UFL1",0.446986989555352,10.4616902107918,3.82439094427318,0.00125321885085991,0.00791768730940629,-1.93619619824476,"UFL1",0.00322856876987105,2.90197308110372,"+"
"RYR1",0.444109014031289,15.3641126761288,5.81464457887307,5.47472540060825e-06,0.000108547164271787,3.22493657640161,"RYR1",4.42619127190856e-05,5.26163765913467,"+"
"SMAD2",0.443868582384782,10.6795682907151,1.85440823889862,0.0850247675742427,0.200776307588682,-5.76379416265623,"SMAD2",0.0818698808224911,1.0704545465915,""
"DHRS7",0.442904854769619,14.541247045902,3.67279418395624,0.00120546764327408,0.00766677421122318,-2.15782325942383,"DHRS7",0.00312625477828626,2.91884444230528,"+"
"EIF1AY",0.43961077841608,10.1973758751406,1.63390961773993,0.123231288249759,0.262612023060917,-6.0675167638567,"EIF1AY",0.10708442290211,0.90927901141635,""
"COL6A6",0.438960232354013,10.7086193393897,2.10842068683287,0.0536373168323346,0.143333334056155,-5.29745788432294,"COL6A6",0.0584465523746348,1.27053295554186,""
"RPL13",0.437954568319103,12.073356137856,3.60173385157776,0.00159395909654501,0.00976854589788399,-2.35279953036913,"RPL13",0.00398328716208486,2.79752282746482,"+"
"RNF7",0.437611792529086,10.4199303812343,1.67897498351321,0.108795169418961,0.240441525001596,-6.23196015260472,"RNF7",0.0980440333477293,0.963390387186211,""
"MTRR",0.436970423770713,10.7230777262861,3.42881140229406,0.0025350960456241,0.0135859794244335,-2.77103871685661,"MTRR",0.00553990921385929,2.59600558217112,"+"
"STARD10",0.436133758097609,9.51240334810688,2.44461816008825,0.0250869334341365,0.0802221268027917,-4.81304400550246,"STARD10",0.0327119072939937,1.60055242254458,"+"
"GATC",0.435319063986258,10.3719516053639,3.03717659909703,0.00607096118678987,0.0263823312639221,-3.65571487898672,"GATC",0.0107578346386451,2.21674254367406,"+"
"MRC2",0.434240874566102,10.0951171841284,1.43958305621175,0.169389161223041,0.327119959123038,-6.35470709396665,"MRC2",0.133388607399467,0.771114382503673,""
"EGFLAM",0.433951106866351,10.77140470465,1.87814366217229,0.0726182749870146,0.1793214003562,-6.00510795658148,"EGFLAM",0.0731212853369155,1.13895407176186,""
"SEPTIN7",0.43173481591603,11.0451953320357,3.00660515226307,0.0063122724378204,0.0271665018301383,-3.72592342832786,"SEPTIN7",0.011077593237514,2.19981426523452,"+"
"CD63",0.430750707529389,11.3101769936986,3.13168766971835,0.00579596703879873,0.0255594108860431,-3.4362154910087,"CD63",0.0104222751591801,2.23687409299184,"+"
"PMVK",0.430377210405256,12.3547243649657,3.50170331800745,0.00202657790497864,0.0114852791367304,-2.58769618184532,"PMVK",0.0046833137108164,2.69323669660918,"+"
"HSPB8",0.429428328727042,14.6112179849213,2.90326395223778,0.0078212844582829,0.0320508969058963,-3.96312619269908,"HSPB8",0.0130692866177981,2.10672191863623,"+"
"THBS4",0.428577201339962,10.5678169376971,2.15937545829666,0.0539941015124248,0.143749877700986,-5.16245001391022,"THBS4",0.0586164049781081,1.26765368129784,""
"DAD1",0.427645417689016,11.9964835660511,2.23101333811221,0.0357659276171886,0.106173246023627,-5.34711084638589,"DAD1",0.0432939080456593,1.44653050670785,"+"
"SET",0.426004847677111,11.8698947126384,1.90137594929605,0.069378276693985,0.173256923185784,-5.96540372116521,"SET",0.0706483938431153,1.15877649191956,""
"RPL26L1",0.425454196384882,12.2615618039043,2.11171308048837,0.0458351865372797,0.128105765497748,-5.57072727117341,"RPL26L1",0.0522372578713858,1.33880099684479,""
"PAK1",0.425072798210714,11.0377187324448,2.74670498234066,0.0112588290669775,0.0433101731044216,-4.30760539073935,"PAK1",0.017660443869326,1.9485067743331,"+"
"MYOZ3",0.422069448524052,16.1161135915767,4.72324989799959,8.47995721757664e-05,0.000978614417609046,0.469793675055563,"MYOZ3",0.000399046315290144,4.07160633880664,"+"
"RAD23B",0.42197799078304,12.5784543546184,5.42681981130224,1.43662293371806e-05,0.000230989597545005,2.25149924747877,"RAD23B",9.41898526243782e-05,4.84265720493063,"+"
"DHPS",0.421058615505936,9.87368484156563,1.78472688903631,0.0895635267407341,0.207431221084421,-6.06528431148039,"DHPS",0.0845835325542297,1.04786881355344,""
"PYGL",0.420354504125568,11.832349757976,2.56023992637231,0.0197337852117126,0.0659020925039925,-4.61450865527539,"PYGL",0.0268726749886638,1.70478960309608,"+"
"GMPS",0.419985770046575,10.9312327852473,2.94338672500511,0.0087294664591367,0.0350402987462121,-3.84428320746518,"GMPS",0.0142882649690614,2.05901229935672,"+"
"GPX3",0.418523890180033,12.430782048314,2.95878335324182,0.00686241697751702,0.0290536056059966,-3.8387540406977,"GPX3",0.0118470912080898,2.16352289666562,"+"
"RNF114",0.41813330282665,11.6437702610483,2.67694277518461,0.0134952562384837,0.0491392154637918,-4.44630978868661,"RNF114",0.0200373329007179,1.8698188649494,"+"
"CTSL",0.417823305384383,10.4396446341035,2.50702306864908,0.0220477726217079,0.072032791373662,-4.69199666476515,"CTSL",0.0293725694824239,1.65663527862074,"+"
"EPS15L1",0.417133252457198,9.99906665965727,1.52445375344282,0.142389008859763,0.292618043614516,-6.48021099355476,"EPS15L1",0.119319877155572,0.846523533000997,""
"TUBA3C",0.417132860334526,13.0402613345083,3.39123295754138,0.00241917726875316,0.0130882520664868,-2.83631530228997,"TUBA3C",0.00533695260026988,2.61633230690865,"+"
"ASPN",0.416950779998132,12.8137738711292,1.14985617945776,0.261581893124157,0.445243628933361,-7.04641811210616,"ASPN",0.181555499628097,0.582392321465594,""
"DNPH1",0.416231438071353,13.2914348863868,3.53926808439567,0.0016796547869449,0.0100991008408326,-2.48168816721694,"DNPH1",0.00411807644130562,2.77477996799469,"+"
"PPP3CA",0.415730823157105,12.1085173569658,4.33640644326541,0.000226398270179157,0.00211059234284282,-0.508549312382446,"PPP3CA",0.000860629153153849,3.64512689574577,"+"
"NOL6",0.414769630522263,11.1187007001248,1.2631436140422,0.22595288366267,0.398937170291524,-6.62341345372883,"NOL6",0.162673270465454,0.645982111731347,""
"NUDT3",0.413704578658271,11.4052903742588,2.60162082035011,0.0159856077204095,0.0561359623261497,-4.60496014304699,"NUDT3",0.0228903728766292,1.79627084862573,"+"
"ERO1A",0.413289928208039,12.2300947559636,4.27051003785521,0.000267581084611972,0.00239317832549833,-0.674418954134869,"ERO1A",0.000975858290495635,3.5725445902278,"+"
"PDLIM3",0.412926355449773,18.3596058374164,3.26451074284179,0.00329652474289535,0.0161829396469408,-3.13565950451799,"PDLIM3",0.00659886296428382,2.48194366020161,"+"
"CSTA",0.412453297030472,13.1377024518454,1.49472805477756,0.148075594420032,0.300561951227044,-6.60509856771832,"CSTA",0.122559137690411,0.829516515294672,""
"HINT1",0.412182970995238,15.885763128746,4.37744797731991,0.000204007095299486,0.00192695810807633,-0.405091735864519,"HINT1",0.000785749237810146,3.69035472769259,"+"
"ENY2",0.411381132525722,11.9896475266173,4.02597808405002,0.000496789210247759,0.00392466058107274,-1.28664630125682,"ENY2",0.00160034566777373,3.30382784515987,"+"
"CPNE1",0.409668230943664,12.85555403588,3.09364593141597,0.00497880939111232,0.0226900517155469,-3.53221668190373,"CPNE1",0.00925224620433604,2.30287449994922,"+"
"STX12",0.409221464094799,10.826437947306,2.60509282996743,0.0185493438382842,0.0633511003164311,-4.4969825379547,"STX12",0.0258324654695077,1.7316714484453,"+"
"LRRFIP1",0.408017627110564,12.098548853834,2.95413341685924,0.00713691994775592,0.0297736354015795,-3.84318177165338,"LRRFIP1",0.0121406953402754,2.14648917453953,"+"
"CHORDC1",0.407653933255631,11.3842237647844,3.77810608032532,0.000926585750572807,0.00628409577758145,-1.90006027268681,"CHORDC1",0.0025624446358566,3.03311438284556,"+"
"ANXA5",0.405488479227852,15.7937231736107,3.2952226060668,0.00305915721544452,0.0153871844474556,-3.06349732504776,"ANXA5",0.00627438053840317,2.51439820328811,"+"
"POTEI",0.404717114956131,14.5353547468618,2.65803205374964,0.013794888191252,0.0498497096002062,-4.49832665174103,"POTEI",0.0203270487091811,1.86028181516443,"+"
"AFM",0.40431826384614,10.7053942185026,1.37001206979614,0.186743938096667,0.351619178179382,-6.64888587063123,"AFM",0.143378571695932,0.728753486936372,""
"ADPRHL1",0.404027090949722,16.2315951212281,4.24207691915033,0.000287578634595226,0.00252469341169183,-0.74588755379055,"ADPRHL1",0.00102948575562006,3.54124338262181,"+"
"CDC37",0.403755252018746,12.17967092999,2.36732876590359,0.0263608933832844,0.082981436593817,-5.09850291805341,"CDC37",0.0338370617828708,1.57903987538091,"+"
"RPL11",0.400351458332356,12.0431887660484,2.29058715083299,0.0311133449578684,0.0949321889865878,-5.24989359014433,"RPL11",0.0387101799604381,1.50705329590985,"+"
"COL4A2",0.400030376474469,14.0359122829202,1.99058845294697,0.0580822939213274,0.151809612057387,-5.80963695874668,"COL4A2",0.0619028957953977,1.23595623979933,""
"SEPTIN9",0.399678690089326,10.6345642816276,1.49607337087135,0.150330276039424,0.303371278491288,-6.501812941347,"SEPTIN9",0.123704687636404,0.822953545077018,""
"BGN",0.398202492294034,13.2926522252932,1.42237848958474,0.167840167629283,0.325005791444524,-6.70583380376891,"BGN",0.132526520343691,0.775104095401494,""
"MFAP5",0.397426346247949,12.2777633987543,1.94397567600952,0.0637642818993249,0.162360653732978,-5.89167056000177,"MFAP5",0.0662052586334644,1.19542252688783,""
"RPS18",0.395490965587637,14.5048397196054,3.64623493423527,0.00128791883491535,0.00811899494609631,-2.22251828151165,"RPS18",0.00331065530897722,2.89011150550034,"+"
"BOLA2B",0.394984102676929,12.8416740984188,3.66900888157624,0.00121689435524998,0.00772228746058856,-2.16705177529921,"BOLA2B",0.00314889122958969,2.91474712343263,"+"
"SRP14",0.394488078378199,9.97180518845921,2.38411756734813,0.0262198817793749,0.082666803261128,-5.03436828882035,"SRP14",0.0337087648052075,1.58136927079547,"+"
"CORO1C",0.394282022567117,10.7691739801468,2.50505060559715,0.0210561451624159,0.0693471662311095,-4.75646703675796,"CORO1C",0.0282774611352523,1.67662113400179,"+"
"PSMD8",0.393615080059394,13.9873030118581,5.22951303582652,2.35736972511997e-05,0.000353235191271903,1.75309035008898,"PSMD8",0.000144037527928772,4.62757229826182,"+"
"MAGT1",0.391572542056821,12.5767199149583,2.16656666188394,0.0425877029997963,0.120730761006298,-5.41046065208897,"MAGT1",0.0492299770520907,1.3707157832983,"+"
"RUVBL2",0.391084975205253,9.89480265632756,1.78898938731646,0.0868567635853092,0.203091550148002,-6.13226506632525,"RUVBL2",0.0828139595072881,1.06119635714312,""
"GALE",0.39030789929269,11.4510936760091,1.71024701011414,0.101355215783738,0.22787009235904,-6.23256325885869,"GALE",0.0929178224686919,0.994153897411906,""
"CAB39",0.388746411407226,14.3173309343221,4.07659350096299,0.000437175371179762,0.00359539055263356,-1.16041533205268,"CAB39",0.00146608033382826,3.35934431255493,"+"
"TTN",0.388076538206814,17.6102573121708,1.51685096874258,0.142423806692879,0.292618043614516,-6.57346764353341,"TTN",0.119319877155572,0.846417410620581,""
"NAPRT",0.387635380675803,12.4585736105794,2.04366659999804,0.0521610121573398,0.140834732824817,-5.71454038269551,"NAPRT",0.0574277061397913,1.2826539899356,""
"STAT3",0.384610416031283,11.2801829122734,2.05820397393906,0.0511286885747595,0.13870171251276,-5.66834467828553,"STAT3",0.0565579316089346,1.29133534656643,""
"RCN3",0.383668315637138,9.58640447454029,0.896090450741578,0.400406526259232,0.57857584454503,-6.30162659936011,"RCN3",0.235923929514201,0.397498852533195,""
"RPL31",0.383628973412792,11.1759512720119,2.27838412220492,0.0319374188428037,0.0971359115070182,-5.27367489745993,"RPL31",0.0396087844934146,1.49570018611941,"+"
"ZNF512",0.383123959686916,12.3272275416795,2.22147917796308,0.0387382542828285,0.112215469390137,-5.28823685830878,"ZNF512",0.0457577251805596,1.41185995440723,"+"
"TPD52",0.382628237101253,10.665319772244,1.98857982984855,0.0614286878590074,0.158243838571088,-5.65851295058127,"TPD52",0.0645265587374456,1.21162876128273,""
"STIM1",0.382060944327675,12.6947808351915,3.77401355450409,0.000936129112052093,0.0063338097368631,-1.91011231721911,"STIM1",0.00258271633011418,3.02866424871404,"+"
"TPI1",0.3819406773484,18.7398730705518,3.84624868030019,0.00078106237071415,0.00557456485033391,-1.73229919890317,"TPI1",0.00227312159196124,3.10731428472007,"+"
"COPG2",0.381374508690344,10.5701600425742,3.06634451707248,0.00567293428788478,0.0251719967936841,-3.58530797991439,"COPG2",0.0102643006155136,2.24619224703186,"+"
"PDCD10",0.380963139236195,11.3010816750149,2.62469841620198,0.0148801025544916,0.0527065018699937,-4.56914799249841,"PDCD10",0.0214919533011177,1.82739407559818,"+"
"NAP1L4",0.380109727286825,15.2773763734622,4.77772272876375,7.38552603004168e-05,0.00088072397908247,0.607921944449915,"NAP1L4",0.000359129859847351,4.13161856686408,"+"
"MAPKAPK2",0.378743217482706,11.7059226765491,1.77320023988912,0.0895007608929425,0.207431221084421,-6.15798354746374,"MAPKAPK2",0.0845835325542297,1.04817327250307,""
"CCDC90B",0.378629483270515,10.8320427411095,2.84706912149462,0.00968342057303987,0.0381914321555807,-4.06484113076124,"CCDC90B",0.0155731920592104,2.01397120533729,"+"
"CARNS1",0.378548864706557,11.338325871657,2.02382806010013,0.0543083327124027,0.144226540960484,-5.75029098466226,"CARNS1",0.0588107723549978,1.2651335300175,""
"STAC3",0.377515815342583,13.7924953209055,3.71483197467142,0.0010854372423801,0.00704426618524228,-2.05516161319195,"STAC3",0.00287241677065387,2.96439528144579,"+"
"TMEM256",0.376490491666873,11.2723960533315,1.90745161400748,0.0717798292185658,0.177710961266034,-5.84305726018828,"TMEM256",0.0724646019962999,1.14399757929231,""
"RPL24",0.374832998770158,13.2855526713745,1.94801602776775,0.0632531170500232,0.161490116857419,-5.88461557684871,"RPL24",0.0658502827346165,1.19891806802931,""
"PRCP",0.373915956708093,13.2353899330549,1.47229001721569,0.159326562387203,0.314694700864165,-6.42962367745692,"PRCP",0.128322001558071,0.79771181405121,""
"TGFBI",0.373581093275183,12.901831210678,2.58058849408567,0.0164393039913367,0.0573072935727231,-4.66210346961098,"TGFBI",0.0233680026862035,1.78411657360379,"+"
"S100A4",0.373089232622302,13.1132414974093,3.01031749409093,0.00607366347910695,0.0263823312639221,-3.72233868398691,"S100A4",0.0107578346386451,2.21654927452108,"+"
"MYOM2",0.37300103010557,19.0540477478787,4.9801252036443,4.42304955112033e-05,0.000586054065523443,1.12128248468412,"MYOM2",0.000238973298573827,4.35427819523189,"+"
"RFC4",0.372981342863939,13.2498271507952,1.85907347771345,0.0753754784084377,0.183908456270203,-6.03742812835259,"RFC4",0.0749917337255516,1.12276991837438,""
"CA1",0.371992315391573,17.2103924757272,1.3043787076276,0.20452926257688,0.373318080035097,-6.86100187484433,"CA1",0.152226660049791,0.689244547478174,""
"HHATL",0.371545877996855,13.6422161843313,4.03201464004188,0.000489276762597306,0.0038789753311731,-1.27160689495531,"HHATL",0.00158171674681414,3.31044540985913,"+"
"MCM7",0.370166234291553,12.7192351991461,1.00434554917189,0.333687341073978,0.513733719553947,-6.26915165798747,"MCM7",0.209483473919348,0.476660268640378,""
"SMYD5",0.369914611412113,11.2631220635553,2.60484226493321,0.0155640261068919,0.0547260169688286,-4.61110062734979,"SMYD5",0.0223154441922817,1.80787804938786,"+"
"ENG",0.369708167532449,12.1898414816663,0.597763669638913,0.560349554834245,0.714989044108609,-6.59812483928335,"ENG",0.291548681881718,0.251540968752478,""
"RPS5",0.369499847434675,10.275750749121,1.27714818143965,0.214350691511317,0.386317178277953,-6.87162588003004,"RPS5",0.15752725869474,0.6688751110847,""
"TIPRL",0.36916808187441,12.4702436352793,4.74368595328119,8.05148842519109e-05,0.000948286414522506,0.521609231526988,"TIPRL",0.000386679567300308,4.09412382707383,"+"
"EIF4E",0.368828110188398,12.869169129756,3.734034957101,0.0010345907838757,0.00683249541177897,-2.0081617711684,"EIF4E",0.0027860637133965,2.98523139460058,"+"
"HLA-C",0.368823679756924,11.4079320945574,1.1622538380627,0.262286967143509,0.445498694341082,-6.79508231042769,"HLA-C",0.181659506793001,0.581223288663471,""
"NUP155",0.36515516431577,10.1534969163068,2.12230576733783,0.0453652398383942,0.127040427022979,-5.53356242172663,"NUP155",0.0518028483784904,1.34327678873874,""
"PRELP",0.365084591028189,13.0763380799306,1.38774668341527,0.178020336311428,0.338759443167092,-6.75256192936076,"PRELP",0.138134800727587,0.749530382840806,""
"PPIL1",0.364516573241957,12.1704194649777,2.13613611166375,0.0431177844239825,0.121786561582095,-5.54471796873455,"PPIL1",0.0496604973079462,1.36534356315433,"+"
"TFG",0.363293558077837,12.2225234130804,2.91152640319409,0.00788138827008459,0.0321776508259374,-3.93771575671027,"TFG",0.0131209726381866,2.10339727680824,"+"
"TXNDC17",0.362598909383461,15.064970642715,2.51769697517543,0.0189275782978739,0.0641833283039277,-4.79309266415694,"TXNDC17",0.0261718202816954,1.72290494859033,"+"
"LIN7C",0.362200730311836,11.1841654603088,1.83816051983621,0.081018219787774,0.194362233891542,-5.98492349554524,"LIN7C",0.0792544355267875,1.09141730379425,""
"NUDCD2",0.360592015664128,12.24458874533,3.18534863385007,0.00399342193487679,0.0190169277497793,-3.32045413335912,"NUDCD2",0.00775446877763043,2.39865480092316,"+"
"CDK5RAP3",0.36014316988687,11.3185923168588,2.62747291266737,0.014786809988271,0.0525060176010317,-4.56327194471936,"CDK5RAP3",0.0214102025039054,1.8301255078097,"+"
"FSD2",0.358837904191651,13.1234054641209,3.86586477876708,0.000743518342752844,0.00538721391635099,-1.68387489861572,"FSD2",0.00219672613065718,3.12870831287427,"+"
"PFDN4",0.358729476008078,11.715290253802,2.1931487547257,0.0382698384966061,0.111309225383422,-5.43747368581089,"PFDN4",0.0453881891047299,1.4171433705474,"+"
"NMRK1",0.358573319407638,10.9945733115154,2.19368211324964,0.0386772379692475,0.112152234111435,-5.41794957393032,"NMRK1",0.0457319399432809,1.41254454745213,"+"
"DDX23",0.358297310173464,13.1702917455533,1.68586665417639,0.1054039761732,0.234759673002101,-6.29708027223789,"DDX23",0.09572716363518,0.977143005845399,""
"OSBPL1A",0.356126266008037,12.4894922513375,4.08248371727769,0.000430715953665639,0.00355247567547856,-1.14570713487886,"OSBPL1A",0.00144858107846099,3.36580904172559,"+"
"APOL2",0.355448518291823,9.85712756920771,1.96949413624584,0.0645771432354523,0.163847326187823,-5.70465649281381,"APOL2",0.0668114740687515,1.18992117121916,""
"RPL17",0.354227974534647,12.0585487749044,1.98113000963313,0.059197724776313,0.153817774264921,-5.82639584526139,"RPL17",0.0627217573561941,1.22769498476493,""
"DCN",0.353905318836118,13.4969334289001,1.31167097748795,0.202094710609265,0.370096755513013,-6.85174759968775,"DCN",0.150913111365283,0.694445053052088,""
"FTL",0.353399962260738,12.1635406818147,1.66130449243023,0.109718560803129,0.2418434416508,-6.3576741796386,"FTL",0.0986156881927249,0.959719897744129,""
"ARL6IP5",0.352066398300661,14.5577462838418,2.94095880976125,0.00715732395397857,0.0297736354015795,-3.87880411462473,"ARL6IP5",0.0121406953402754,2.145249325354,"+"
"ADPRH",0.352063822888994,10.879815983384,2.40539748868715,0.0255042198090356,0.0808339724180066,-4.97285338109192,"ADPRH",0.0329613975261879,1.59338795728524,"+"
"PBDC1",0.350364246417465,12.7844449440631,3.20165543401782,0.00383912900389629,0.0184046686920455,-3.28253415086261,"PBDC1",0.0075048099573684,2.4157672943064,"+"
"OXR1",0.349419053735977,10.1507290165914,2.30735652374062,0.0339702001328609,0.102339697663419,-5.08297406392326,"OXR1",0.0417307149022705,1.46890189450939,"+"
"ADH1C",0.348217929499757,11.22392775005,1.73036331137174,0.0964623358135657,0.219107305633671,-6.24900990649272,"ADH1C",0.0893446503474644,1.01564222594451,""
"S100A16",0.346906586311759,12.4306994151554,2.07507419875427,0.0489156508287545,0.134482797955711,-5.65744270525163,"S100A16",0.054837598985359,1.31055216375839,""
"EIF3H",0.346804846865581,12.579480674521,3.5346056190065,0.00169915110824327,0.0101735783928708,-2.49293174826746,"EIF3H",0.00414844590263575,2.76976799690609,"+"
"PSMA2",0.346100328978824,13.3789583617358,4.20649836747663,0.000314707529931994,0.00272937257777384,-0.835223256229883,"PSMA2",0.0011129470919462,3.502092865702,"+"
"SNRPC",0.340698158836176,10.417016098118,2.2540089007075,0.0340732124207127,0.102532251933273,-5.30309325862794,"SNRPC",0.0418092321103722,1.46758691924045,"+"
"DNAJB4",0.340328065258705,13.8167406344662,2.97609496399308,0.00658712722335263,0.0280401570823521,-3.79974954119944,"DNAJB4",0.0114338407063399,2.18130394854172,"+"
"NT5C1A",0.339290249589842,14.6215277856213,3.01429916709998,0.00601647349121672,0.0263692911667109,-3.71330629324892,"NT5C1A",0.0107525173219885,2.22065799247446,"+"
"FNTA",0.339015263822329,11.731735237354,4.27542773491222,0.000264265545183385,0.00237093413891801,-0.662051545317518,"FNTA",0.000966787853220464,3.57795945628622,"+"
"CFL1",0.338911144283525,14.925442290562,2.69129187759884,0.0127864546795405,0.0475875595485631,-4.4271802976572,"CFL1",0.0194046193779772,1.89324985634635,"+"
"SCRN2",0.338667843492546,12.8043172358523,2.47245150683049,0.0209296106774804,0.0691237023593711,-4.88616850416703,"SCRN2",0.0281863400225718,1.67923885012259,"+"
"LTF",0.338579809710961,12.1258667102743,0.763132460355176,0.452853349291654,0.625169494826463,-7.41630420148917,"LTF",0.254923265847453,0.344042415878592,""
"ACP1",0.338464896500598,15.7553409198745,3.26877565529173,0.00326252633878045,0.01607117105265,-3.12565374244828,"ACP1",0.00655328745986209,2.4864459735262,"+"
"HLCS",0.337191933736122,14.8098542103882,0.505697583103057,0.619602902339737,0.760513251329486,-7.39339474789175,"HLCS",0.31011193500891,0.207886556588783,""
"AIP",0.336835448869728,10.332613238645,1.65701813887619,0.11596735749015,0.251057925216951,-6.05624485052547,"AIP",0.102373047218109,0.935664238849913,""
"ABCC9",0.336183850469993,9.61987404204253,1.26801821049536,0.221987909298165,0.3939867554547,-6.69740033461237,"ABCC9",0.160654656428867,0.6536706790092,""
"AHSA1",0.336039529689758,11.6164350552917,2.72578138374671,0.0118142324996112,0.0447253087485283,-4.35290649484633,"AHSA1",0.0182374889794892,1.92759448664358,"+"
"SLC4A1",0.335837025676355,14.7665412652699,1.0629892589504,0.298412152116435,0.48353792682576,-7.14147012768948,"SLC4A1",0.19717063690343,0.525183495242093,""
"FKBP2",0.335659110438439,13.4000083287555,2.52607781824961,0.0185768590450213,0.0633694524277127,-4.7757443638006,"FKBP2",0.0258399488483063,1.73102771417063,"+"
"NRAP",0.335269485263304,15.2280300861185,1.38286064767911,0.179495189091335,0.341112371301064,-6.75907584543843,"NRAP",0.139094246332627,0.745947187080568,""
"GART",0.332860262768014,12.5068996413967,3.16162043377301,0.00422866454700406,0.019938118506632,-3.37549228698199,"GART",0.0081300996395786,2.37379676535284,"+"
"MTDH",0.33222977711584,9.54864108498801,1.23602230773915,0.233360115883258,0.408052526118355,-6.75515178180876,"MTDH",0.166390208505405,0.631973368221912,""
"POTEJ",0.332041177000024,13.2413483454048,1.45578767583928,0.158465327123265,0.313860045831684,-6.65983623655065,"POTEJ",0.1279816570779,0.80006574850188,""
"RPL28",0.331691913802567,11.6861386433299,2.42631384907158,0.0231717004630022,0.0754266207340305,-4.98004740744829,"RPL28",0.0307564598856405,1.63504209419448,"+"
"RABGGTB",0.331447980249356,11.2231243209351,2.52497853965665,0.0206787873308182,0.0685370619558004,-4.68984360154752,"RABGGTB",0.0279471276349011,1.68447493322684,"+"
"SETD7",0.331347412625192,12.1730514741082,3.40170637642133,0.00235779774436208,0.0129272359087438,-2.81139295820603,"SETD7",0.00527129558225198,2.62749345211406,"+"
"MAP1LC3B2",0.331323184412938,12.7502076280611,2.56834743496716,0.0168983195445711,0.0585598724339256,-4.68774303717948,"MAP1LC3B2",0.0238787625627997,1.77215648170626,"+"
"POTEKP",0.330559439408891,10.8202221294075,1.11926795748276,0.277053116956075,0.461271681633675,-6.95308040277576,"POTEKP",0.188091204862201,0.557436959493577,""
"WASHC2C",0.330453496546133,9.83114366042234,1.09972971524358,0.297485045812649,0.482928077774135,-6.55682512575943,"WASHC2C",0.196921960803267,0.526534860806964,""
"SLC25A24",0.329991827972082,10.7869280019961,1.48830512224868,0.154081420901737,0.308594140392423,-6.45441674527783,"SLC25A24",0.125834396497642,0.812249725242006,""
"CDC123",0.3299422756174,9.70009002137375,1.58819264059282,0.125388423865872,0.266189098688898,-6.46887563847912,"CDC123",0.108543035020607,0.901742556673077,""
"IPO7",0.329614908289347,11.973267091148,3.29434162385826,0.00306572948947748,0.0153931891208501,-3.06557086355821,"IPO7",0.00627682904391207,2.51346616859781,"+"
"UBE4A",0.328719998751614,11.0172609348122,2.25484248802398,0.0335836196341791,0.101495585420296,-5.3193217101671,"UBE4A",0.0413865140870687,1.47387249752396,"+"
"POLR2I",0.328442348542508,10.2868049446011,1.3406034859519,0.198896232682854,0.367193535095708,-6.58281163531761,"POLR2I",0.149729274923519,0.701373442820979,""
"SENP8",0.327551640071576,11.0752798225493,2.8106012506918,0.00995149769050994,0.0389087245768299,-4.15908407920653,"SENP8",0.0158656799814549,2.0021115534476,"+"
"CCDC124",0.327237240930558,11.4986367195768,2.58970261206319,0.0161051322033169,0.0564863828013395,-4.64296889105871,"CCDC124",0.0230332626572318,1.79303570580639,"+"
"LRRC14B",0.326996744146815,10.3663898541274,1.43228305155518,0.166185894517383,0.323769528006511,-6.64711338092618,"LRRC14B",0.132022413352428,0.779405840920353,""
"CYRIA",0.3269813423783,11.3752272428028,2.19013517939458,0.0428377201705001,0.121147781747007,-5.27915316746587,"CYRIA",0.049400024199348,1.36817365043864,"+"
"COMT",0.326786326208719,13.5874795760572,3.5290818054331,0.00172253547906456,0.0102656584456775,-2.50624650334402,"COMT",0.0041859930766024,2.76383182416444,"+"
"RANGAP1",0.324110149732324,11.0559424459116,1.28155304556614,0.213405762284217,0.385342139846958,-6.84389445696681,"RANGAP1",0.157129670547505,0.670793858133422,""
"LPIN1",0.323698568686604,12.2922823945002,2.18985238119243,0.0385361344930311,0.111856406611618,-5.4437257885662,"LPIN1",0.0456113113569455,1.41413185098158,"+"
"NEK7",0.323216317481595,12.5510875939852,2.90039755931296,0.00787410452564958,0.0321776508259374,-3.96951709147554,"NEK7",0.0131209726381866,2.1037988244186,"+"
"TARDBP",0.322992051987342,11.2739471884107,2.30375420540573,0.0306586178781168,0.0940460496968598,-5.20689674534769,"TARDBP",0.0383488419175511,1.51344742748024,"+"
"DCD",0.322880824878428,16.728982079766,0.903133672706364,0.375469857215315,0.554772705911322,-7.29847298074154,"DCD",0.226217803594527,0.425424922496062,""
"EIF1B",0.321026291988529,10.4419178452142,1.47613621971404,0.154819565990742,0.309206976877533,-6.54860750581554,"EIF1B",0.126084290773527,0.810174154345362,""
"UBFD1",0.320959487846297,9.43975325444608,1.62221845777441,0.119069147120384,0.25641527393419,-6.36833882662205,"UBFD1",0.104557595316799,0.92420075716714,""
"GATM",0.320231555596749,11.32731263582,1.04908983274111,0.308099578488245,0.488521326112663,-6.98845282195601,"GATM",0.199202700898478,0.511308895841951,""
"MPDU1",0.319845334815312,10.776946584549,1.54440250066295,0.138249292805448,0.2859736243671,-6.43954025999899,"MPDU1",0.116610504628237,0.859337081589103,""
"GON7",0.319435456526268,10.9294188262276,1.3036175096776,0.217030348846856,0.38724492418934,-6.46917954500577,"GON7",0.157905562530044,0.663479531519534,""
"EPM2A",0.319373827540774,14.2682926038098,3.13406057865445,0.00451867073691325,0.0210625987769474,-3.43920635231641,"EPM2A",0.00858862518387025,2.34498930335821,"+"
"GLO1",0.319218649023512,17.4228471656187,3.01024166852383,0.0060747576180729,0.0263823312639221,-3.72251064169495,"GLO1",0.0107578346386451,2.21647104566931,"+"
"STK38L",0.318874339867108,11.6826373904727,2.75874787994363,0.0109504268495877,0.0421805136521129,-4.28145013572619,"STK38L",0.0171998064273825,1.9605689516177,"+"
"SPEG",0.318738077076981,12.9525355447813,3.19678717790605,0.00388457901711652,0.0185603758714315,-3.29386294192012,"SPEG",0.00756830215110698,2.41065604004192,"+"
"CAVIN4",0.318264219152038,12.8543881149722,2.17338894041685,0.0398913488747345,0.114973857481863,-5.47485750420163,"CAVIN4",0.0468825038312082,1.39912127833168,"+"
"GNG12",0.317892171743791,11.1286391234853,2.5315792945009,0.0183499311130004,0.0627957763552382,-4.76433824009966,"GNG12",0.0256060228823979,1.73636556178246,"+"
"RPL13A",0.315875240439144,10.9310165310927,1.31870506146471,0.200307308057315,0.368668498816743,-6.81930617999818,"RPL13A",0.150330715927734,0.69830320551887,""
"PFN1",0.315666053878296,15.433483735077,2.41663103547788,0.0236695563798961,0.0768052951919076,-4.99961451560832,"PFN1",0.0313186373403163,1.62580988163867,"+"
"MTR",0.315653580649055,11.0223288184441,2.39050053105762,0.0254447546116232,0.0808339724180066,-5.03605550895144,"MTR",0.0329613975261879,1.59440173309219,"+"
"HBG1",0.314371805607594,14.6568354207141,0.51241147393532,0.613067244372518,0.755641022133568,-7.57968241347316,"HBG1",0.3081252024686,0.21249188721364,""
"PSME2",0.313583301665609,13.6977106381213,2.80903264810002,0.0097468970023915,0.0383181582703908,-4.17160839394228,"PSME2",0.0156248667415532,2.0111336231966,"+"
"ABCE1",0.312582987451361,12.5353902068743,4.19933001606981,0.000320473918572784,0.0027543434082742,-0.853209439528287,"ABCE1",0.00112312936365772,3.49420730929907,"+"
"NEXN",0.31137012742424,13.588453180071,2.48514671424059,0.0203489060043202,0.0675621449934621,-4.8601527690044,"NEXN",0.0275495890185322,1.69145893430404,"+"
"CYLD",0.310916392260317,14.8608151570074,2.94175219784053,0.00714394409884327,0.0297736354015795,-3.87702384237223,"CYLD",0.0121406953402754,2.14606195244802,"+"
"PIN4",0.310622076346043,11.4870613066205,2.9206418654084,0.00771613124551411,0.0316837412118528,-3.91754329185507,"PIN4",0.0129195727731934,2.11260039394705,"+"
"CAPZA1",0.309613786113603,13.0703325445548,3.05780767447984,0.00542423528493517,0.0243325413565587,-3.61426311385157,"CAPZA1",0.00992199869045752,2.26566148051031,"+"
"GSK3B",0.309178962442624,11.4990237213789,1.27289642020393,0.222564664478459,0.394176449878959,-6.61163928491835,"GSK3B",0.160732007487333,0.652543785374909,""
"SNAP23",0.309099086146229,10.9056901005323,2.73884490924759,0.0114645167400413,0.0438070052202913,-4.32464419499376,"SNAP23",0.0178630354330596,1.94064424721898,"+"
"NRP1",0.308510095829284,9.3945511823168,0.828807937987543,0.428891674369882,0.604078726400887,-6.77408928479493,"NRP1",0.246323154020543,0.36765238418833,""
"NAA50",0.30802790278576,11.5353902132101,3.0151777424211,0.00600392385700361,0.0263546473600373,-3.71131253285834,"NAA50",0.010746546066109,2.22156482420573,"+"
"RPL18",0.307651506522106,11.2586818196663,2.06994570432235,0.0494329600073144,0.135296489770273,-5.66680752871538,"RPL18",0.0551693953645459,1.30598338354379,""
"RPL9P9",0.30665818567212,13.6414680886453,2.95178922370803,0.00697672500972026,0.0292776935158642,-3.85448259147699,"RPL9P9",0.0119384667827029,2.15634839456631,"+"
"SERPINB1",0.306157155232162,14.3809555324767,3.28779045169374,0.00311503325304382,0.0155860579898801,-3.08098363122112,"SERPINB1",0.00635547453506337,2.50653731287757,"+"
"RBBP7",0.306137742681514,12.4983236242765,3.03331569360845,0.00575037223922498,0.0254090176077196,-3.67009408241069,"RBBP7",0.0103609497970359,2.2403040411871,"+"
"PRPSAP1",0.305876693719016,11.8648009806866,2.26067231874963,0.0331689163123873,0.100579149372826,-5.30804630064344,"PRPSAP1",0.041012822037001,1.47926871742349,"+"
"RPL4",0.305294156543622,11.9977706603847,2.02407596385659,0.0542810226833241,0.144226540960484,-5.74984576036946,"RPL4",0.0588107723549978,1.2653519785963,""
"PSPC1",0.304712099521224,10.2954300783063,1.93816086853302,0.0650313546257765,0.16456210162597,-5.88098033471811,"PSPC1",0.0671029356492475,1.18687719939249,""
"ATP6V0D1",0.304552567421048,9.47292959874391,0.885396797615629,0.387071915532622,0.567852400010604,-7.139867292355,"ATP6V0D1",0.231551266541244,0.412208338295305,""
"SNRPGP15",0.303420224992786,11.0343279978682,1.51639478953669,0.143106370581834,0.293598876419506,-6.55112101053305,"SNRPGP15",0.119719828055236,0.844341032578768,""
"XPO4",0.30330798228924,13.1917015339058,1.01092501804307,0.322180211328011,0.502495784643469,-7.19518477935227,"XPO4",0.204901018933192,0.491901137954584,""
"LSM8",0.303217400760264,11.8160391817378,1.71532147498127,0.0997913068943805,0.224707097035182,-6.25077183422732,"LSM8",0.0916280584854993,1.00090728969698,""
"CFL2",0.302639838692428,17.5016167771939,3.36598150270662,0.00257362066093739,0.0136654959769996,-2.89629248652515,"CFL2",0.00557233341151583,2.58945546559106,"+"
"DOHH",0.30196789903149,11.0793990278017,1.85798128126367,0.076670813316868,0.186185380900494,-5.99257066381473,"DOHH",0.0759201876370836,1.1153699297638,""
"PARVB",0.300997313648271,11.3717086995022,2.0572879234203,0.0507306851397005,0.137883400636109,-5.68985204774015,"PARVB",0.056224251322542,1.2947292723094,""
"GPX7",0.300931200199043,10.8156989314213,1.05903566866856,0.301673214468807,0.485952919848876,-7.06088736489722,"GPX7",0.198155390499928,0.520463249071994,""
"SESN1",0.300387987727376,12.5187067439528,3.81851552471119,0.000837349929491694,0.00584460898670593,-1.80066286962674,"SESN1",0.00238323658275429,3.07709301191338,"+"
"RABEP1",0.299935551483733,10.6803999189361,2.35439152307428,0.0271122796043252,0.0848036548935286,-5.12424351736285,"RABEP1",0.0345801016206965,1.56683396534251,"+"
"HYPK",0.298578820285901,11.9767812790506,1.65916476396343,0.110720669701437,0.242735681277719,-6.33852006073586,"HYPK",0.0989795137496258,0.955771296019913,""
"EIF4H",0.298246712954164,13.1894440618529,2.74203460286624,0.0113806228676625,0.0437188520306394,-4.31773274464583,"EIF4H",0.0178270895028968,1.94383396811792,"+"
"RNF181",0.297303312984106,11.2768916720757,1.6851628656205,0.10683561297712,0.237209871482169,-6.24029395940327,"RNF181",0.0967262728426548,0.971283953849341,""
"CRIP1",0.296738669975419,11.5726498797859,1.89960137284644,0.0737251939608466,0.181272770718164,-5.8223396504924,"CRIP1",0.0739169890775272,1.1323840762056,""
"PIGK",0.294951370836834,10.884554557043,2.49979170752139,0.0196975887219311,0.0659020925039925,-4.83004420678195,"PIGK",0.0268726749886638,1.70558693469393,"+"
"TRPT1",0.294682110659446,9.47116615849325,0.923353719370827,0.371579831062417,0.551038921747717,-6.97746379207027,"TRPT1",0.224695290962621,0.429947867057339,""
"AP4S1",0.294261223274617,11.0009355195042,1.98805843956794,0.0588913034026241,0.153224463943918,-5.79368690229799,"AP4S1",0.0624798251986871,1.22994883361881,""
"MEAK7",0.294166968960628,10.5392809536729,1.22485750396204,0.246451638320046,0.424395059489755,-6.50397024888146,"MEAK7",0.173054148466863,0.608268290469327,""
"CALM1",0.293786329310086,15.5340075117756,2.24294091337612,0.0344449052054448,0.103118534202911,-5.3422817211551,"CALM1",0.0420482984629716,1.46287500611604,"+"
"SART3",0.292370121535189,15.7415425605058,1.29680500408347,0.207081727333246,0.376297081668413,-6.87056594329915,"SART3",0.153441397543566,0.683858221089407,""
"SCN1B",0.291995171685658,12.2448155298489,2.51874981085733,0.0192198055356045,0.0648668436826652,-4.77664934279671,"SCN1B",0.0264505350527242,1.71625101080073,"+"
"DEFA1B",0.291100510783034,11.6947009820902,1.29265602300669,0.210941754517031,0.381133397365999,-6.77057302010869,"DEFA1B",0.155413485757243,0.675837446047643,""
"EIF4B",0.290679573545875,10.7681646991303,1.09918852979354,0.282637717292207,0.468004836394232,-7.10267890772409,"EIF4B",0.190836760771793,0.548769883114259,""
"MRPS14",0.28963168647463,9.78685936831427,0.664055273884879,0.519319742771577,0.680848879437587,-6.85593143558793,"MRPS14",0.277627461562223,0.284565166690962,""
"PDE12",0.288737886631445,12.0034416899181,2.4786705769284,0.0209939853290735,0.0692221037002401,-4.85856002235452,"PDE12",0.0282264648069474,1.67790511062515,"+"
"PREP",0.288270563442095,15.2079684977336,3.15109939450753,0.0043371939412286,0.0203159559080135,-3.39984238616637,"PREP",0.00828416912811982,2.36279115757865,"+"
"IGHV3-7",0.288000896980206,12.1801756727588,0.621022469219503,0.541635264899337,0.6988999676023,-7.41272457750023,"IGHV3-7",0.284988093175137,0.266293067268631,""
"CMAS",0.287576394163667,10.3464539286102,1.69430410240596,0.106627045658459,0.23693059369139,-6.18316806197489,"CMAS",0.0966123926756067,0.972132623729149,""
"PLPBP",0.28741957906071,13.2280693055817,2.74088107543107,0.0114108953413304,0.0437188520306394,-4.32023269920038,"PLPBP",0.0178270895028968,1.94268027788294,"+"
"TM9SF2",0.287275721564702,12.7724098467731,1.51084857791753,0.144507047282751,0.295202833207161,-6.5590676634711,"TM9SF2",0.120373868129122,0.840110972828675,""
"SIAE",0.287191749869017,12.1538895723069,2.08512958919516,0.0479153727978367,0.132113484535076,-5.63903456709735,"SIAE",0.0538714720069909,1.31952512854436,""
"SPTA1",0.286714177122573,13.4273732393433,1.07284793094072,0.294055279976583,0.479552976397767,-7.13102231403785,"SPTA1",0.195545707047206,0.531571018118404,""
"UAP1L1",0.286568886474271,10.5000181913637,1.12717279306045,0.280207698087569,0.465170784180176,-6.68306891849412,"UAP1L1",0.18968112881603,0.552519937604748,""
"ARMC10",0.286450303223912,8.85532462867191,1.41876017721934,0.172254039725546,0.330760860038364,-6.57053705417427,"ARMC10",0.134873245341085,0.763830584166692,""
"SETD3",0.285931124434279,10.5008466880543,2.39633513213483,0.0255417789013113,0.0808634637340189,-5.01021609811863,"SETD3",0.0329734231010988,1.59274885882987,"+"
"ATOX1",0.284525902190849,12.5944691697728,3.09461961700966,0.00496721204503811,0.0226733028275902,-3.52998184811069,"ATOX1",0.0092454165665297,2.30388730003612,"+"
"ATL2",0.284415232869026,11.8324973089189,2.9541693246327,0.00693762350297165,0.0291563560433258,-3.84913210478835,"ATL2",0.0118889894089265,2.15878927252777,"+"
"UBXN6",0.283125433265985,9.91570133042905,0.960626295644166,0.359625663635387,0.540611715689044,-6.73288207023497,"UBXN6",0.220443424158277,0.444149323675352,""
"TPRKB",0.282559523688368,10.9619280067387,2.04228149499893,0.0539462989461153,0.143749877700986,-5.64451992463309,"TPRKB",0.0586164049781081,1.26803834527978,""
"GUK1",0.282244369640155,10.749575775529,1.1622788483401,0.27238845854329,0.456671310746155,-6.37130922314134,"GUK1",0.18621532707152,0.564811297996961,""
"SNX1",0.281752208993051,9.95552909180425,1.95363883331007,0.0657114922752252,0.165752514264622,-5.76336024283029,"SNX1",0.0675883462140024,1.18235867008635,""
"HP1BP3",0.281670937826709,11.1501227673322,1.58012987561087,0.127225005322187,0.268920210658862,-6.48089220018573,"HP1BP3",0.109656691378666,0.895427522286884,""
"BAG2",0.281407007552239,12.3188099347601,2.67504927285231,0.013269945428942,0.0485659639611663,-4.46198444557429,"BAG2",0.0198035800602313,1.87713086311583,"+"
"ADH5",0.280962519921214,14.0257293822952,2.46166927233154,0.0214348293624992,0.0704322406836654,-4.90820212557381,"ADH5",0.0287199183015444,1.66887996945309,"+"
"PRDX4",0.278481365328721,13.3322993756759,2.84131202822635,0.00904152699172243,0.0360401814071164,-4.10057247453803,"PRDX4",0.0146959837645102,2.04375821686135,"+"
"RAB4A",0.276530411088707,10.8553080667743,2.50506202044796,0.0221377535395074,0.0722442994641622,-4.72998481168871,"RAB4A",0.0294588154263314,1.65486645188076,"+"
"USP15",0.276304570102088,14.1820207498462,3.15518088000729,0.00429477664894236,0.0201502471627427,-3.39040006712266,"USP15",0.00821659862944147,2.36705941685115,"+"
"PDIA6",0.274985631276293,13.4053302159113,2.73016465967593,0.0116957842946527,0.044335542584498,-4.34343136829217,"PDIA6",0.0180785553394545,1.93197065000539,"+"
"H2BC20P",0.273807535776765,12.5068892337279,2.00883090243607,0.0570440366946095,0.149779846807314,-5.73814366103519,"H2BC20P",0.0610752252344789,1.24378974942261,""
"SF3B2",0.272492300368484,11.5881638237137,2.14833807097752,0.0420360213277562,0.119470797457833,-5.52192529099332,"SF3B2",0.0487162059463642,1.37637839628726,"+"
"PSMA6",0.272477465937794,14.9572007116513,3.30741041096436,0.00296962333345045,0.0151768963934557,-3.03479012712893,"PSMA6",0.00618863208468307,2.5272986330323,"+"
"TMEM109",0.271930316254631,13.2471315901787,2.3827209194303,0.0254918660595558,0.0808339724180066,-5.06776431416509,"TMEM109",0.0329613975261879,1.59359837207467,"+"
"CD81",0.270364467813422,9.90184740906222,1.34212148142121,0.194673552777258,0.362495581033515,-6.70778952282881,"CD81",0.147813605969345,0.710693045208608,""
"CTSH",0.268524085104888,11.6485689750566,1.11431219560614,0.276706788530279,0.461054205451274,-7.06243080130164,"CTSH",0.188002525329497,0.557980186052126,""
"RACK1",0.26794114020214,13.8003143143983,2.29637214777116,0.0307295007574837,0.0940618515164904,-5.23859139528775,"RACK1",0.038355285372486,1.51244449539059,"+"
"TMOD1",0.267819511746533,13.4119445206082,2.68810382412698,0.0128800265338299,0.0476877567138695,-4.43402045297635,"TMOD1",0.019445476439654,1.89008324229577,"+"
"GABARAP",0.267506491610231,10.8396779822398,1.21312133489015,0.238009583345125,0.413590423517759,-6.927034456443,"GABARAP",0.168648378334015,0.6234055559262,""
"G6PD",0.266721888596161,10.0236467873988,0.828369496884052,0.419010163596207,0.594904600205638,-7.17224047530852,"G6PD",0.242582251384789,0.377775442570184,""
"LZIC",0.265620526956019,11.6450926964645,2.14696580641993,0.0426220605462034,0.120730761006298,-5.50549445326582,"LZIC",0.0492299770520907,1.37036555832397,"+"
"KLC1",0.265465913684556,11.9358813082007,2.84068873305124,0.00905467661025742,0.0360423984124572,-4.10194794718231,"KLC1",0.0146968877853343,2.04312705599473,"+"
"PDCL3",0.264737986870678,10.4900872759814,1.38990353520162,0.17737234883201,0.338200974255305,-6.74968026228563,"PDCL3",0.137907075734533,0.751114082845158,""
"SERPINB3",0.264092288809223,13.1324777141359,0.942965668455678,0.355135625873985,0.535510095495966,-7.26156141717811,"SERPINB3",0.218363153621254,0.449605758719489,""
"CAMKV",0.263620534792857,9.89718278296728,0.521866681866757,0.60943678887926,0.754162448842194,-7.31212740038895,"CAMKV",0.307522289602008,0.215071332973514,""
"CAST",0.263516715796971,13.2580976175499,2.67278031340358,0.0133388371258599,0.0487557494945223,-4.46683729502439,"CAST",0.0198809682699473,1.87488203037717,"+"
"COL6A3",0.263462486452882,15.4065967385813,2.3669131186714,0.0263847335081668,0.082981436593817,-5.09933127094471,"COL6A3",0.0338370617828708,1.57864728793814,"+"
"RPN2",0.263351084755373,11.8645896647059,1.79083356645436,0.085998207173218,0.201884617055666,-6.15104597405786,"RPN2",0.082321812452603,1.06551060251102,""
"PTGES3L",0.2631888854607,10.7440449553132,1.24890107660873,0.225512682099819,0.398405738376346,-6.85773717051202,"PTGES3L",0.162456570257729,0.646829029790021,""
"RPL5",0.263002867047263,13.0835447991503,2.64081016502207,0.0143459433677241,0.0513226123980328,-4.53497767218424,"RPL5",0.0209276493376588,1.84327088792505,"+"
"ACYP2",0.262853855323897,15.589693996933,1.65504665049701,0.110992182728188,0.242735681277719,-6.36734836140623,"ACYP2",0.0989795137496258,0.954707607858074,""
"AAMDC",0.261171896156803,15.9262846800571,2.56500066349161,0.0170258828932295,0.0589214955748764,-4.69474102629472,"AAMDC",0.0240262204168058,1.76889035808092,"+"
"IMPA2",0.259501151109458,12.4842400808732,2.63832454426086,0.01442716068288,0.051484456202497,-4.54025673996738,"IMPA2",0.0209936438424012,1.84081913121343,"+"
"MKRN2",0.259141136612708,11.8236457221496,1.7004869902933,0.102020444580371,0.228826420367572,-6.29644628621068,"MKRN2",0.0933077811297812,0.991312788250615,""
"CUTC",0.258956528019338,14.0215704231921,2.57288070817917,0.0167269537950355,0.0582391018995031,-4.67825587694238,"CUTC",0.0237479630389917,1.77658314274729,"+"
"MAPRE2",0.258536164745502,14.9081053976825,2.3658453308801,0.0264460690346609,0.0830674434823877,-5.10145887672621,"MAPRE2",0.033872132523048,1.57763887271872,"+"
"MRPS9",0.258066237956584,10.236505142316,0.953533629711402,0.368597926105153,0.548869544491648,-6.52877997265289,"MRPS9",0.223810691282776,0.433447112642778,""
"GSTT2",0.257481458618306,10.2290103089838,0.563089582109427,0.579366677780643,0.730394501220823,-7.4775149067251,"GSTT2",0.297830513403278,0.237046486819781,""
"TBCA",0.256206731122212,11.8557680518973,2.76359759423601,0.0108284999328897,0.0417670711697173,-4.27090065464406,"TBCA",0.0170312183745032,1.96543170182255,"+"
"MOCS2",0.254666216933924,12.4165672078159,2.5371965601783,0.0181208905218005,0.062184638697114,-4.75267731237753,"MOCS2",0.0253568213314895,1.74182046343621,"+"
"DYSF",0.254195572917363,15.5115637958542,3.17721603346706,0.00407259068097857,0.019329609500764,-3.3393366726255,"DYSF",0.00788196996537477,2.39012923683894,"+"
"ABHD14B",0.254118300992477,16.0024164028438,2.29274352372568,0.0309697574390843,0.0945949261373098,-5.24568279475899,"ABHD14B",0.0385726554207757,1.50906219610527,"+"
"DSTN",0.253048294668487,12.0395841102262,1.98605741249813,0.0586143002690741,0.152642518080155,-5.81767238735713,"DSTN",0.0622425270877512,1.23199641520566,""
"DPT",0.252941408442648,11.814147795296,0.805588918039284,0.43105500447717,0.605238646344454,-7.21814656716622,"DPT",0.246796130681405,0.365467308454732,""
"CREG1",0.252923911996742,12.3427869093312,0.853717034089885,0.401739447643575,0.580110140845566,-7.34219453912298,"CREG1",0.236549564365145,0.396055521883482,""
"GALT",0.252521897268121,12.7359833998736,1.84536918783067,0.0774125787522269,0.187599322937234,-6.06050200589714,"GALT",0.0764967460339786,1.11118846517207,""
"PBXIP1",0.252156349625988,13.7075978106721,2.22050880883775,0.0361229906492814,0.106801652105623,-5.38534100415845,"PBXIP1",0.0435501510837897,1.44221630130666,"+"
"UFSP2",0.251755655543342,11.8039763527089,0.365294587093529,0.720026761766551,0.832276491185731,-7.30164962199907,"UFSP2",0.339374590374118,0.142651361524918,""
"HIKESHI",0.251002691044141,12.8635305479957,2.36540421068834,0.0264714459247257,0.0830674434823877,-5.10233765105863,"HIKESHI",0.033872132523048,1.57722233599449,"+"
"ELOB",0.250653593314283,12.929629155369,1.65139564872522,0.111740967205883,0.243752018401859,-6.372979164024,"ELOB",0.0993939421263008,0.951787573799551,""
"LARS1",0.250274827526757,12.0926983432873,2.70900187027774,0.0122781900691187,0.0459949999709654,-4.38910398255701,"LARS1",0.0187552267061699,1.91086564792832,"+"
"PUDP",0.249306348194867,13.4264710105608,1.80534454999247,0.0836372589120702,0.198482450254017,-6.12715476998448,"PUDP",0.0809345223189493,1.07760020898289,""
"POSTN",0.249030734439886,9.76493849096282,0.484741587446067,0.638411028745564,0.772245293436097,-7.08886352599935,"POSTN",0.314895870427428,0.194899619022664,""
"PELO",0.248439280067757,11.6059336605173,1.85235031793812,0.0763689692287143,0.185857134296412,-6.04876385878665,"PELO",0.075786339621452,1.11708307114027,""
"GDI2",0.246651335125302,15.8177564299222,3.43779079070991,0.00215771140791878,0.0119778721162718,-2.72532564500317,"GDI2",0.0048841766961626,2.66600664228966,"+"
"ARL8A",0.246481465070428,10.1340603301755,1.53512325751578,0.138458468298082,0.286114177811632,-6.52411127180554,"ARL8A",0.116667817634394,0.858680477096751,""
"SCARB2",0.24583356995632,12.1804444542978,2.19351682686488,0.0382402074224355,0.111309225383422,-5.43677519007398,"SCARB2",0.0453881891047299,1.41747976069053,"+"
"CARM1",0.244259138093934,12.3768350740967,2.48921537414705,0.0201659816128904,0.0670325660581791,-4.85179844534024,"CARM1",0.0273336443941967,1.6953806331314,"+"
"ATE1",0.244180913811107,11.0744221439145,2.06653316714571,0.0502703578310272,0.137022632488,-5.65326194905855,"ATE1",0.0558732587848872,1.29868802339561,""
"IARS1",0.24384185270506,11.6470716504102,2.34460519465705,0.0276936639219478,0.0862451209408211,-5.14365653855663,"IARS1",0.0351678833909603,1.55761958250583,"+"
"LAMB2",0.24322946093708,13.969599421756,1.9286721538093,0.0657334394445654,0.165752514264622,-5.91829585539186,"LAMB2",0.0675883462140024,1.18221364304725,""
"ITIH2",0.242915165092368,12.4491731740804,1.5441170061057,0.135701759163121,0.281937348039158,-6.53395740473134,"ITIH2",0.114964645782121,0.867414522348486,""
"UBE2I",0.242878248265205,12.6521761331461,2.5080077498559,0.0193407176369943,0.0650448106663663,-4.81310761717237,"UBE2I",0.0265231040521292,1.71352741546479,"+"
"CSDE1",0.242855095073523,13.1166828351786,2.17816379474685,0.0394939373529545,0.113943194258221,-5.46584458725626,"CSDE1",0.0464622337490402,1.40346956706313,"+"
"PDPR",0.240737858655972,12.6914057451564,0.826057907189944,0.41729677766375,0.593590147949131,-7.3419528479885,"PDPR",0.242046261601534,0.379554968866665,""
"CORO6",0.239076067783303,13.8639364007035,2.81164291847105,0.00968797335602781,0.0381914321555807,-4.16587914500618,"CORO6",0.0155731920592104,2.01376706426488,"+"
"CACYBP",0.238732191565218,10.9870122154331,2.10819375526114,0.0456897637869705,0.127824148541847,-5.59657988470827,"CACYBP",0.05212242387083,1.34018108721198,""
"ABCF1",0.238596439952911,13.7107715246025,2.68814596767896,0.0128787853983604,0.0476877567138695,-4.43393005976732,"ABCF1",0.019445476439654,1.89012509347179,"+"
"RABGEF1",0.238378293244088,12.2083051813231,2.43636643714233,0.0249076416651173,0.079737886404436,-4.87876788802539,"RABGEF1",0.0325144502126331,1.60366739090237,"+"
"COL6A1",0.237774242430447,15.7928375600382,2.17876680870697,0.0394440033811403,0.113913963346946,-5.46470541060024,"COL6A1",0.0464503143584946,1.40401901264302,"+"
"FUCA1",0.237502544375747,10.8667586518026,0.950841832348404,0.360605623142395,0.541192078360532,-6.62001697253508,"FUCA1",0.220680076696214,0.44296750534331,""
"PGRMC1",0.23696921038278,11.8577925356021,1.31976971550522,0.199957158681081,0.368260867532338,-6.81794685262087,"PGRMC1",0.150164497487548,0.699063043043147,""
"TMX1",0.236284049977455,12.6613127402487,2.71463963829519,0.0121204229126638,0.0457289536017644,-4.37695508624987,"TMX1",0.0186467418714733,1.91648222625621,"+"
"TCAP",0.23612194044507,17.1805320127392,2.40525020490548,0.0242673228806335,0.0783258044367107,-5.02255228081672,"TCAP",0.031938650289835,1.61497813146769,"+"
"QRICH1",0.235585925317404,10.2297433257503,1.65293015054126,0.119261796924414,0.256637039697499,-6.12049449450266,"QRICH1",0.104648023997507,0.923498651400825,""
"STXBP3",0.235521757193084,12.5750951598569,3.12376008275168,0.00463190125279705,0.0214694946576775,-3.46296007219079,"STXBP3",0.0087545437509692,2.33424070787787,"+"
"NPEPPS",0.235318493491469,16.3337017781389,2.99699853331237,0.00626877301623359,0.0270199222476815,-3.75251360107461,"NPEPPS",0.0110178229733286,2.20281745509036,"+"
"CBFB",0.235181107925509,10.4033452001265,1.21903664828895,0.239577759311701,0.415558513424295,-6.77536517649931,"CBFB",0.169450899747179,0.620553501209792,""
"SLK",0.234668141167523,11.9770270143285,1.02603686948865,0.317831225984532,0.497883398340301,-7.03686135170175,"SLK",0.203020241656815,0.4978034368751,""
"SLC25A5",0.234213936732113,10.4680573679576,0.874395068341388,0.394923176529497,0.574032570455775,-7.10039463059559,"SLC25A5",0.234071333893242,0.403487378434857,""
"P4HB",0.233317964937331,16.7309597447943,2.95547393854718,0.00691627949161933,0.0291522708468549,-3.84619847364942,"P4HB",0.0118873236020779,2.16012746490427,"+"
"DDX19A",0.233103675010838,12.0896948045951,1.4400393044998,0.163391391627022,0.32073125023082,-6.65841148002818,"DDX19A",0.130783505025102,0.786770828264835,""
"DCPS",0.232513178228965,11.7918927100889,1.90210415762104,0.0692787926091788,0.173166728775083,-5.96415338274311,"DCPS",0.0706116155710986,1.15939968980913,""
"S100A6",0.232450623708827,12.0494616671799,1.42661592060582,0.166627109831211,0.323952370631665,-6.70004948678078,"S100A6",0.132096970475778,0.778254338509808,""
"AKR1A1",0.231644164940983,12.9783358084331,2.49476755188761,0.0199188195146561,0.0663557665876818,-4.84038502358177,"AKR1A1",0.0270576681465218,1.70073640353593,"+"
"DRG2",0.230990299300542,11.025441604877,2.00127740787136,0.0568441362706694,0.149779846807314,-5.79062917768742,"DRG2",0.0610752252344789,1.2453143281026,""
"BLVRB",0.230898805963665,15.7230699532714,2.39857158365311,0.0246245569496428,0.0791622807444027,-5.03598215343597,"BLVRB",0.0322797374252846,1.60863157468035,"+"
"H1-0",0.229657641293763,12.525367011131,1.93923671621261,0.06436845128588,0.163462739645243,-5.89993184238504,"H1-0",0.0666546525055645,1.19132693993251,""
"VTA1",0.228788508454461,10.171465808956,1.27334834437428,0.216878765772709,0.38724492418934,-6.82778848353111,"VTA1",0.157905562530044,0.663782966930831,""
"BROX",0.228714346016323,11.2684444387929,1.33855899442777,0.195811122146206,0.363431537991207,-6.69366417153933,"BROX",0.148195257995431,0.708162643740539,""
"AASS",0.228381906070817,10.9313068049826,1.16666958783301,0.258656657177507,0.441165287748525,-6.86201256796763,"AASS",0.179892488136522,0.587276339453816,""
"NOSIP",0.227752270126214,16.7154354469408,0.775038866527627,0.445919242675463,0.617128081497667,-7.40701299026638,"NOSIP",0.251644245734075,0.350743786211832,""
"SERPING1",0.22713606316008,12.9817072723799,1.49529317833259,0.147928984523109,0.300477468917769,-6.6042953501895,"SERPING1",0.122524688622814,0.82994672400739,""
"EFTUD2",0.226605345964224,11.3139247607288,1.31247885545598,0.201826385381236,0.370096755513013,-6.85071961187588,"EFTUD2",0.150913111365283,0.695022057740315,""
"VAPA",0.22659854171563,14.9424204677526,3.17538319936557,0.00409064073072025,0.0193317259465064,-3.34358951464685,"VAPA",0.00788283298134904,2.38820866166938,"+"
"KPNA1",0.226557197114518,13.4724248973938,2.20823088773134,0.0370725318443855,0.108608782542979,-5.40878852655363,"KPNA1",0.0442870385946415,1.43094775309917,"+"
"HBD",0.226446770023362,17.0305743806345,0.723283683622698,0.476526762794551,0.646973242465846,-7.44640181963559,"HBD",0.26381410681449,0.321912703404243,""
"ESYT1",0.226162625433986,13.2249379960977,2.64367487898753,0.0142528709994148,0.0511815769138332,-4.5288900979341,"ESYT1",0.0208701397718049,1.84609764557718,"+"
"CTSG",0.225567906979917,12.4059673673104,0.825444209281123,0.417284723575068,0.593590147949131,-7.3661682376994,"CTSG",0.242046261601534,0.379567514134422,""
"PDCD6IP",0.22493873192886,13.7066454397947,2.53178952709461,0.0183413107015157,0.0627957763552382,-4.76390208448624,"PDCD6IP",0.0256060228823979,1.73656963212859,"+"
"CCDC134",0.224723729168335,10.0178898986666,0.799923660503572,0.444591995228455,0.616185128495806,-6.43070900748431,"CCDC134",0.251259740954549,0.352038360933939,""
"TRIP10",0.223887721850117,13.484148930601,1.94436381989168,0.0637150188486754,0.162360653732978,-5.89099327167775,"TRIP10",0.0662052586334644,1.19575818408078,""
"PSMD4",0.223876973441877,14.0165328441652,2.77015772405799,0.010665611159937,0.0411943038323074,-4.25661539068615,"PSMD4",0.0167976629604409,1.97201425359632,"+"
"CAP2",0.223849856398083,14.7963522429892,2.88680252026478,0.00812928288759998,0.0330483062845329,-3.99978733574238,"CAP2",0.0134759968912408,2.08994776334743,"+"
"NSF",0.223767935821952,13.3807753633326,1.9062356893115,0.0687167193843832,0.171911932585756,-5.95705284515538,"NSF",0.0700999515420581,1.16293758240249,""
"PCNA",0.223212444034116,11.6848243109535,1.03295882164734,0.316183984414773,0.496117633440285,-6.96145565862439,"PCNA",0.202300221632237,0.500060132052269,""
"CNPY2",0.22258611728979,11.6972208155944,2.09403673109453,0.0470446263527948,0.130340484628943,-5.62267713716018,"CNPY2",0.0531485017882602,1.32748997645796,""
"BIN1",0.222491774310772,16.458665444162,2.67008696009823,0.0134210507075604,0.0489936825574463,-4.47259495847732,"BIN1",0.019977989436136,1.87221348277857,"+"
"YKT6",0.221943731769926,12.1584214749346,1.06391549545592,0.300775309599453,0.485704677466806,-7.01123850008739,"YKT6",0.198054165537286,0.521757817498011,""
"LCN1",0.221500141612168,12.4443679257842,0.476403459184301,0.640700103295368,0.773610563810634,-7.15550797287694,"LCN1",0.315452582144045,0.193345205990027,""
"VPS35L",0.221324381033984,20.206524385315,1.27182035967732,0.215676410694978,0.387243342163757,-6.90177289934522,"VPS35L",0.157904917432783,0.666197352650039,""
"ATP6V1G1",0.221055873955084,12.4870706600205,2.04936003704869,0.0515588570259805,0.139340367146701,-5.70423512722258,"ATP6V1G1",0.0568183536646812,1.28769671879753,""
"PRUNE1",0.220830821673115,17.271117500466,1.7233466519087,0.0977440270558886,0.221491215703843,-6.26020851902642,"PRUNE1",0.0903167293526045,1.00990977199782,""
"U2AF2",0.220816448805378,10.5245624349562,1.60182176345486,0.123525416364336,0.26304296252584,-6.39899850094374,"U2AF2",0.107260145640807,0.90824367356946,""
"UBE2M",0.220664241454742,13.1001796357186,2.02268472147247,0.0544344450951514,0.144384969288529,-5.75234387197096,"UBE2M",0.0588753741423886,1.26412619992007,""
"EIF2S3",0.220208883711759,14.3776210171327,1.89510298280812,0.0702404349170241,0.174503580496982,-5.97615982859879,"EIF2S3",0.071156739109148,1.15341280801484,""
"STX4",0.219423356029006,11.1690151802894,2.38299920034591,0.0254763998566405,0.0808339724180066,-5.06720744896366,"STX4",0.0329613975261879,1.59386194340352,"+"
"CZIB",0.218563290501576,13.6215036485113,2.67745398418946,0.0131972969517826,0.0484431587217378,-4.45683883273629,"CZIB",0.0197535041800782,1.87951501115301,"+"
"WDR43",0.21827962469359,12.916239844892,1.04590351188118,0.30701558843073,0.487612993389983,-7.1131874086493,"WDR43",0.198832313113952,0.512839573064914,""
"RPS16",0.21787274383318,13.0421939993755,2.23430037047058,0.0350827172811332,0.104699412782694,-5.3589010859161,"RPS16",0.0426929280135199,1.4549067763522,"+"
"NRBP1",0.216275551750924,11.2784754206452,2.02368296539826,0.0543243225560455,0.144226540960484,-5.7505515505159,"NRBP1",0.0588107723549978,1.26500568078297,""
"CALR",0.215609677952507,14.6310918152477,2.46015787708078,0.0215065436310531,0.070586843889993,-4.91128610964141,"CALR",0.0287829603318956,1.66742938052727,"+"
"S100A8",0.214281802249111,14.0927923646397,0.786781156538263,0.439144106787568,0.610903645603612,-7.39771594073613,"S100A8",0.249106128408611,0.357392941004333,""
"POTEF",0.214158915919029,13.7545179483746,1.4508717944714,0.159817728295409,0.315447129918249,-6.66666060730207,"POTEF",0.128628817027113,0.796375046837928,""
"HSPB1",0.214104770018491,19.1795450479994,1.88532806930857,0.0716025334237678,0.177425498405908,-5.99286829805166,"HSPB1",0.0723481997642912,1.14507161131647,""
"CHID1",0.213303609878272,10.9131103726925,0.952995815205242,0.35013384256202,0.532456459836611,-7.25203348109372,"CHID1",0.217117982861272,0.455765910007295,""
"MIF4GD",0.213039398877561,10.5394318264851,1.33786461904169,0.19532030036135,0.362983164896157,-6.744368629811,"MIF4GD",0.148012426403912,0.709252616534255,""
"SWAP70",0.212509062883422,15.692362326136,1.35668153978714,0.187562466602729,0.352696307107102,-6.79364294361326,"SWAP70",0.143817788942239,0.726854064561306,""
"SRA1",0.212406778051124,11.0134369185527,1.57544983588206,0.128871145769295,0.270851436033716,-6.46504194086488,"SRA1",0.110444180665522,0.889844310233412,""
"EIF5",0.212222766761139,14.16430319764,2.54450919405805,0.0178267088400291,0.0612485482594998,-4.73747472789244,"EIF5",0.0249751148767441,1.74892882870057,"+"
"NMT1",0.212195383100076,9.9552022078716,1.05969381638848,0.302642998597441,0.485952919848876,-7.01568071509118,"NMT1",0.198155390499928,0.519069368689041,""
"GOLGA3",0.211623036628271,11.6407138944214,1.34997974934348,0.19297388542004,0.360738902725117,-6.62979356860772,"GOLGA3",0.147097291153722,0.714501458791913,""
"SPARCL1",0.211310766570996,11.5599270530754,1.61476125008157,0.122111133820209,0.261049326074536,-6.33610431824905,"SPARCL1",0.106447207198857,0.913244736249759,""
"ARL8B",0.21117287710752,13.7268562758576,1.73982055295891,0.0947574849116799,0.216437287962672,-6.23386023399678,"ARL8B",0.0882559062065649,1.02338647500156,""
"PF4",0.210811128521408,12.4951453692493,0.912378974445384,0.371077015900608,0.551038921747717,-7.26631101753476,"PF4",0.224695290962621,0.430535944537404,""
"HSP90AA1",0.210447356037445,15.5403075944152,2.13579147821779,0.0431486979190233,0.121786561582095,-5.54536044981723,"HSP90AA1",0.0496604973079462,1.36503230528169,"+"
"SGCB",0.2097276704915,14.4141537784175,1.92680058443643,0.0659778825910996,0.166222447161732,-5.92154150875249,"SGCB",0.0677799691736184,1.18060162625289,""
"SERPINA1",0.20920778029658,16.5773018235865,1.95817131519463,0.0619841919003988,0.159102024411607,-5.86683626458868,"SERPINA1",0.0648764982962043,1.20771905640182,""
"USP24",0.208816764113058,11.7674411077556,1.60840834167517,0.120880051699984,0.25972875973375,-6.43852961639176,"USP24",0.105908724295985,0.917645362922728,""
"CTF1",0.208738272855042,10.3662977121642,1.08398561135687,0.29133351777052,0.477000301978964,-7.01968165459951,"CTF1",0.194504811570264,0.535609547142375,""
"ADK",0.208251584162792,12.3325112889882,2.9167373372015,0.00757749362322302,0.0312489722617641,-3.93304574959192,"ADK",0.0127422884981882,2.12047442043711,"+"
"MKNK1",0.207984013906962,10.148797268037,0.540202440416644,0.597042672541135,0.743251904659733,-7.30196393184229,"MKNK1",0.303073333633774,0.223994627351634,""
"TPPP",0.20760926033422,11.3368583349446,1.6600775374365,0.111154792933816,0.242735681277719,-6.31062627160012,"TPPP",0.0989795137496258,0.954071806020951,""
"ADRM1",0.207500697681828,10.8316940580721,1.63500941027772,0.115723136141229,0.250908799724392,-6.37555982757185,"ADRM1",0.102312238816709,0.936579805318086,""
"NUP43",0.207172239252245,11.6705790478416,1.48641241179281,0.152104183852322,0.306349172544226,-6.53420966107754,"NUP43",0.124918973495847,0.817858839865567,""
"HGH1",0.207126858384104,12.1982856275532,1.63043667573777,0.116121858880185,0.25120238859795,-6.40511171679397,"HGH1",0.102431954565931,0.935086020593163,""
"SSR4",0.206288866263975,12.2561717934456,2.06979748293131,0.0494479833332306,0.135296489770273,-5.66707794711822,"SSR4",0.0551693953645459,1.30585141579803,""
"AP1M1",0.204913596548151,10.2213684512958,1.40531635241628,0.173352058508855,0.331861934081835,-6.70567528658652,"AP1M1",0.135322226606845,0.761070996847339,""
"LAMTOR5",0.204866658045002,13.7498573614628,1.60266009146001,0.122148058949714,0.261049326074536,-6.44718985609551,"LAMTOR5",0.106447207198857,0.913113429993256,""
"CAND2",0.204790967236251,14.8961123649287,1.97540424274188,0.0598821113234556,0.154817165860641,-5.83651319220583,"CAND2",0.0631292759116417,1.22270289570438,""
"TRMT112",0.20471053013536,11.2283641727035,1.42903611175026,0.167774252165915,0.325005791444524,-6.61355686458939,"TRMT112",0.132526520343691,0.77527468832416,""
"SEPTIN11",0.204676304962913,11.4888791400551,2.21676214032492,0.0364103849581853,0.107540270124176,-5.39250520648935,"SEPTIN11",0.0438513348732441,1.43877472935137,"+"
"UBTF",0.20448874491149,13.5685770892302,0.931630327631486,0.360845744093749,0.541268616140624,-7.27221652438537,"UBTF",0.22071128624982,0.4426784125153,""
"GSTT1",0.204348206312998,15.0541310133241,0.679973384919081,0.503648138871423,0.668261925567924,-7.4313686551636,"GSTT1",0.272494921644522,0.297872766556492,""
"NRDC",0.204128719252353,12.0771286970451,2.02154577737309,0.0550637319531518,0.14578390457902,-5.73422617822025,"NRDC",0.0594458132887517,1.25913435756791,""
"KPNA6",0.204058769684424,10.6554672900338,1.32154852142234,0.201315327211983,0.369810312246917,-6.73414167483649,"KPNA6",0.150796309356423,0.696123158692157,""
"MACROH2A1",0.203965622220347,13.7696657298635,2.60481509532152,0.015564981765418,0.0547260169688286,-4.61115791090562,"MACROH2A1",0.0223154441922817,1.8078513837629,"+"
"ADIPOQ",0.203512691897163,14.1945416845913,1.51298450548169,0.143398688667888,0.293987855993909,-6.57902350628118,"ADIPOQ",0.11987844095026,0.843454820125011,""
"SERBP1",0.202947411632982,12.4513294675374,1.38941614766826,0.17751861206186,0.338254505806287,-6.75033177035251,"SERBP1",0.13792890411534,0.750756106315886,""
"ENO1",0.202094440532548,17.6141215016241,2.21426007818266,0.0366034617349656,0.107666091968624,-5.39728509749234,"ENO1",0.0439026408242978,1.4364778397067,"+"
"GPX4",0.201854527955661,13.8703108199729,2.0184159983975,0.0549075915366692,0.145505117572173,-5.7600011979767,"GPX4",0.0593321332470202,1.26036760574017,""
"SND1",0.201388746816493,11.9955109374268,1.82812003554946,0.0805923084899055,0.193827888149672,-6.06778865110998,"SND1",0.079036547157735,1.09370640409795,""
"EIF2S1",0.200610120324464,12.1538741630331,2.73624268870078,0.0115333909350398,0.043952816053374,-4.33027960018311,"EIF2S1",0.0179224922268938,1.93804298690601,"+"
"STRN3",0.20021527136211,11.6248980483738,1.60521682066008,0.121582710737569,0.26084686516561,-6.44334100224741,"STRN3",0.106364650393803,0.915128178065869,""
"KPNA3",0.200001087113851,14.2786743818434,1.80323060014272,0.0839776898008695,0.198998325311162,-6.13064434877194,"KPNA3",0.0811448789589085,1.07583607683471,""
"SUMO2",0.199836528966088,12.1746550082105,1.48114042122945,0.154233980723777,0.308683673308705,-6.52276388348514,"SUMO2",0.1258709050343,0.811819932283692,""
"NCK2",0.199686307250836,11.4237039487987,0.855298689283379,0.40310138492068,0.581490001836183,-7.21159546052144,"NCK2",0.237112225648292,0.394585709754723,""
"MTM1",0.199656230644061,12.5013986209498,1.3860495773,0.178531517763648,0.339506447733928,-6.7548266761999,"MTM1",0.138439404271676,0.748285102898949,""
"TMEM43",0.19956039556965,13.4571292761822,1.72546459352025,0.0973556388448431,0.220785925811364,-6.25683200596133,"TMEM43",0.0900291356612172,1.01163888905122,""
"H2AC20",0.198658105077886,14.2933292455859,1.00886102282664,0.32314884894888,0.503047069862525,-7.19726329883326,"H2AC20",0.205125814655981,0.49059738668867,""
"ANK1",0.198655899131394,13.2310721843408,0.856755158086596,0.400091245502359,0.57857584454503,-7.3395731638571,"ANK1",0.235923929514201,0.397840951424336,""
"PHYKPL",0.198247705841363,12.6810279612003,2.05388177647522,0.0510850395197828,0.13870171251276,-5.69603636992928,"PHYKPL",0.0565579316089346,1.29170626630926,""
"HSP90B1",0.198053939756633,14.2350186002925,2.39677024112205,0.0247217352948998,0.0792313621657372,-5.03960052309707,"HSP90B1",0.0323079065245156,1.60692104804321,"+"
"PADI2",0.198047993802401,17.6606348831722,1.96441741646609,0.0612149001366358,0.157835174946893,-5.8558677527183,"PADI2",0.0643599193435292,1.21314285465987,""
"CASP14",0.197834533098545,14.436233094673,0.947113318099225,0.353061506224751,0.534070840811437,-7.25763277802877,"CASP14",0.21777627357096,0.45214963034258,""
"DRG1",0.197784674930372,10.0850946647896,1.27516274104411,0.214511036542691,0.386362861287088,-6.89762876590536,"DRG1",0.157545886701991,0.668550358554847,""
"LRRC20",0.197000535262649,14.7702873152335,1.99411582672757,0.0576710898207439,0.151257757328033,-5.80337239010934,"LRRC20",0.0616778678453064,1.23904184157223,""
"MACROD1",0.195493954254371,16.9404761882949,2.68836422029339,0.0128723596173926,0.0476877567138695,-4.43346192018424,"MACROD1",0.019445476439654,1.89034183577761,"+"
"STRIP2",0.195450757418023,10.5257787366178,1.15099808911125,0.261612463549794,0.445243628933361,-7.02145360877122,"STRIP2",0.181555499628097,0.582341569514586,""
"LAMP2",0.195013663613651,13.2264412029624,1.39435955663152,0.176039535489556,0.336331876215694,-6.74371473971662,"LAMP2",0.137144919902571,0.754389786067902,""
"LANCL1",0.194570949127076,13.6616343627043,1.79052487417533,0.0860490476203561,0.201884617055666,-6.15155261598554,"LANCL1",0.082321812452603,1.06525393202454,""
"CLTB",0.194090231336626,12.4998631302526,2.13259758937782,0.0434361373777154,0.122477069137952,-5.55131129137308,"CLTB",0.0499420632555621,1.36214880197652,"+"
"HRAS",0.193210372658172,10.8731549140405,0.879947786327534,0.391997725511648,0.572981353633471,-7.04940966060514,"HRAS",0.233642682739157,0.406716452879049,""
"CCT5",0.192998554655398,14.2615514500932,2.47764029275476,0.0206904337979775,0.0685370619558004,-4.8755448510425,"CCT5",0.0279471276349011,1.68423040377153,"+"
"CD44",0.192747356120693,12.0507320791502,1.26622455293683,0.217638325440789,0.388087780318715,-6.9086897346779,"CD44",0.15824925114396,0.662264624314667,""
"VTN",0.192557617816933,13.534696449856,1.27658037868309,0.2140182155308,0.385961016288059,-6.89586820757634,"VTN",0.157382027715964,0.669549261380505,""
"RPS24",0.19210531974333,10.0946094784886,1.111273248036,0.277985018941588,0.462285371418259,-7.06577192124282,"RPS24",0.188504553742114,0.555978608277294,""
"IGHG1",0.191518308252473,17.6210196216705,1.1829048624524,0.248483336582381,0.426099046913586,-7.00849954642252,"IGHG1",0.173748977697401,0.604702729960705,""
"ACTR1B",0.190882339235188,10.8599122831476,0.800050582437986,0.431904992931765,0.605238646344454,-7.36335726717402,"ACTR1B",0.246796130681405,0.364611775368616,""
"GLTP",0.190314183482149,12.0873631398774,1.44918679920983,0.160283415770697,0.316148267357501,-6.66899531752828,"GLTP",0.12891471748659,0.79511141097007,""
"ENDOG",0.190112496047002,13.0774144703849,1.13808436165241,0.266368181778024,0.450026998966178,-7.05969244338436,"ENDOG",0.183505998365821,0.574517653764191,""
"ACAT2",0.189944717659634,10.601042537433,1.03280555004026,0.312035578227743,0.492492016531002,-7.17291094699619,"ACAT2",0.200821815998445,0.505795884997367,""
"NPEPL1",0.189942404685137,14.3997578151138,2.19385764720399,0.0382127887053889,0.111309225383422,-5.43612834106647,"NPEPL1",0.0453881891047299,1.41779126707034,"+"
"UBE2N",0.189910071181904,13.4018101095672,1.75128321093315,0.0927256019670933,0.21312312204971,-6.21541238807853,"UBE2N",0.0869044998998206,1.03280033858562,""
"CCT8",0.189771793937194,14.3389070994097,2.56228110660805,0.0171302006079302,0.0590682339034893,-4.70042371857844,"CCT8",0.0240860554123783,1.76623755107962,"+"
"TPP2",0.189445188940013,13.8245891143627,2.32481395184854,0.0289044871403438,0.0896258311979023,-5.18276130899785,"TPP2",0.036546424261478,1.53903473201779,"+"
"FLII",0.189322256171081,13.0681467725006,2.04274759806271,0.0522587926497409,0.140965753594306,-5.71620191278538,"FLII",0.0574811320390526,1.28184062812596,""
"CSMD3",0.18928980835066,11.2469895837791,1.27808438008111,0.216698267083566,0.38724492418934,-6.76583066501641,"CSMD3",0.157905562530044,0.664144561679971,""
"TUBA8",0.187972929646671,14.4074883620258,1.11453070818867,0.276136591187099,0.460577964391059,-7.085883975943,"TUBA8",0.187808330111392,0.558876040670748,""
"GSPT1",0.187892010010147,12.7449281819312,2.56373013408151,0.0170745443440308,0.0589473412697419,-4.69739630651793,"GSPT1",0.024036759429022,1.76765087719334,"+"
"STX7",0.187666673960244,9.40131107779887,0.887449246027121,0.385440228619787,0.565997913960919,-7.2082184908422,"STX7",0.230795068991353,0.414042959748486,""
"JSRP1",0.186860375666157,11.4638913715049,1.17759907162778,0.250552752912368,0.429390406488141,-7.01465168418252,"JSRP1",0.175091084340107,0.601100821147079,""
"COA7",0.186821304369841,11.6877756822578,2.05906687110086,0.0505464861208077,0.137513349123338,-5.68661928177365,"COA7",0.0560733566596577,1.2963090302092,""
"UBQLN2",0.18649530286088,10.6890411053501,1.2911288205395,0.209010763503461,0.379009800780667,-6.87770211852573,"UBQLN2",0.154547553907792,0.679831348291845,""
"CUL1",0.186280489579072,12.8689722579962,1.96558442086808,0.0610721035726055,0.157608981447067,-5.85381563156558,"CUL1",0.0642676851795682,1.21415712087132,""
"UBA6",0.185632340587851,10.6008369759253,1.32270967806583,0.198992722897779,0.367193535095708,-6.81418828308182,"UBA6",0.149729274923519,0.701162805314544,""
"RPLP2",0.185574260222081,15.2310629462126,2.24759462713753,0.0341057665410468,0.102532251933273,-5.33331337777864,"RPLP2",0.0418092321103722,1.4671721850771,"+"
"SNRNP200",0.185293965301089,11.5821794636855,1.74646555522456,0.094135240127998,0.215532045797064,-6.20113580308252,"SNRNP200",0.08788677864812,1.02624776522219,""
"LMO7",0.185175936309946,11.437099054394,1.01224036614695,0.322001904630743,0.502491521839252,-7.1701293860798,"LMO7",0.204899280703829,0.492141559458903,""
"ARPC1B",0.184980197619923,10.4719389634326,1.23913055124199,0.229036070163057,0.403385374034873,-6.86956666145502,"ARPC1B",0.16448709957067,0.64009611661561,""
"LAMC1",0.184938388449522,13.6901114196803,1.93617120387587,0.0647619443267279,0.164025384657606,-5.90526804209405,"LAMC1",0.0668840803731292,1.18868012104138,""
"PRPF19",0.184688298715754,10.5811016865838,1.33531115048488,0.196852784732681,0.364891625586096,-6.71833865970301,"PRPF19",0.148790633011635,0.705858437183213,""
"IPO5",0.183336760864055,14.5196040995255,2.00008035984098,0.0569816260361912,0.149779846807314,-5.79276145409818,"IPO5",0.0610752252344789,1.24426516182751,""
"CSNK2B",0.182830769278745,13.6148023962333,1.92635244758073,0.0660365312083137,0.166223880666837,-5.92231832084789,"CSNK2B",0.0677805537091822,1.18021574759359,""
"BTF3L4",0.182326439775688,11.9611875303701,1.06600750497674,0.299852877155935,0.485036392877829,-6.96379698991405,"BTF3L4",0.197781661374259,0.523091779652777,""
"GC",0.182236059755148,14.0788861842923,1.39576880510496,0.175619680698453,0.335753858489627,-6.74182472540276,"GC",0.136909223555154,0.755426816790958,""
"LAMA2",0.182225322572888,14.4559992729203,2.05156414517882,0.0513274097133185,0.138949948416403,-5.70024024754407,"LAMA2",0.0566591539298908,1.28965065227143,""
"PCMT1",0.182054536385621,15.3738665946697,2.20818983353122,0.0370757444250492,0.108608782542979,-5.40886678521319,"PCMT1",0.0442870385946415,1.43091012023362,"+"
"ANK2",0.181128791386131,11.8135486321397,1.39162136215371,0.176857596251626,0.337669406585826,-6.74738243399115,"ANK2",0.137690320170731,0.752376281965629,""
"TPSB2",0.181096736438347,14.2581490961498,1.04536530541606,0.306314582496757,0.487483363666202,-7.15992844673916,"TPSB2",0.198779454436729,0.513832327558025,""
"SKP1",0.180390295406074,13.0882799794063,1.09896678742066,0.282732481525376,0.468004836394232,-7.10292010599634,"SKP1",0.190836760771793,0.548624295023416,""
"TPM2",0.180213637082463,18.9103877320695,2.12643707287498,0.0439954257733172,0.123567133035558,-5.5627724373833,"TPM2",0.0503865549511099,1.35659247498371,""
"DDT",0.17970954451356,16.1667043116337,0.804019072964358,0.429312767571256,0.604343778939121,-7.38382743046026,"DDT",0.246431233604123,0.367226195603273,""
"NSUN2",0.179586572752694,11.6244395372925,0.988286255587069,0.332914995331583,0.513733719553947,-7.21776928277998,"NSUN2",0.209483473919348,0.47766664268325,""
"TAB1",0.178949385970402,10.651553160776,1.31943076673502,0.20200901163942,0.370096755513013,-6.71811961055779,"TAB1",0.150913111365283,0.694629256206959,""
"CLIC1",0.178678686368261,11.0090450849104,1.15069716478426,0.261733761996333,0.445243628933361,-7.02179454956929,"CLIC1",0.181555499628097,0.582140252511167,""
"APOC3",0.178093948592165,9.88097656057819,0.73909453185758,0.467048461046819,0.637184703139647,-7.43464437577599,"APOC3",0.259822666999271,0.330638054608844,""
"PRPF8",0.17782384790012,10.0712960700175,0.917038618005096,0.371316771906375,0.551038921747717,-7.12847928712457,"PRPF8",0.224695290962621,0.430255433801355,""
"LRG1",0.176921186234287,11.0141359470227,0.951949049374141,0.351514327830193,0.533422060577949,-7.20464907967616,"LRG1",0.217511722633483,0.454056968309098,""
"TMOD4",0.17562854469849,16.8602341939065,2.15131138482629,0.0417761497215751,0.118974945354128,-5.51635798538545,"TMOD4",0.0485140139989002,1.37907158905001,"+"
"LSM14B",0.175511770934841,10.9441033366777,1.3381884035468,0.193430905683825,0.361121495151408,-6.81772013907975,"LSM14B",0.147253299582805,0.713474134722432,""
"HSPH1",0.175459641142648,12.0774239704944,1.45630054718083,0.158324764184671,0.313860045831684,-6.65912314058575,"HSPH1",0.1279816570779,0.800451150155988,""
"SIL1",0.175355599311397,9.16063591122791,0.789222071079528,0.439287107844945,0.610903645603612,-7.29824220042579,"SIL1",0.249106128408611,0.357251542179611,""
"TXNDC12",0.174673698182746,12.7005845313971,1.63963557655696,0.114181705563451,0.247929662840645,-6.3910490130972,"TXNDC12",0.10109744617232,0.9424034741051,""
"SUGP2",0.174539302314274,13.0239095894777,1.06304400075222,0.298387833934259,0.48353792682576,-7.14141235667312,"SUGP2",0.19717063690343,0.525218888179699,""
"CLU",0.174243992319401,13.370451661076,1.13002484358207,0.269681864579861,0.453483840439226,-7.06870998004482,"CLU",0.184915583006657,0.569148257765543,""
"PSME1",0.17374537940745,14.5458673413039,1.86049688818379,0.0751665838641136,0.18365577359521,-6.03502422103895,"PSME1",0.0748886981595722,1.1239751869187,""
"SIX4",0.173482911380772,11.3882919565824,0.801647081553483,0.431371892326047,0.605238646344454,-7.33422533634038,"SIX4",0.246796130681405,0.365148156417955,""
"ODR4",0.172959662072692,9.71959739227304,1.03655126059489,0.312380433864108,0.492580056043568,-7.06466520539228,"ODR4",0.200857715574884,0.505316176238292,""
"TCP1",0.17273913261236,12.6450767256503,2.09158255147612,0.0472831192121212,0.130748103560474,-5.62718889245041,"TCP1",0.0533147151913564,1.32529388128229,""
"GRB2",0.172023256240992,14.7767122413434,2.4110850809989,0.0239591351592396,0.0775690552327416,-5.01080046114883,"GRB2",0.0316300732077801,1.62052886250763,"+"
"ANP32E",0.171739434418981,12.503243617155,1.55598194830322,0.132859087233345,0.278158527916483,-6.51658445417987,"ANP32E",0.113423768988397,0.876608735568136,""
"PTBP1",0.171175812341083,14.0898805435615,0.984886550457862,0.335439012537574,0.515865907513453,-7.17491929975031,"PTBP1",0.2103529090446,0.474386429074897,""
"MAPK1",0.171039306292334,13.3974910684817,2.10580774395417,0.0459156337987872,0.128205408714272,-5.60098675292602,"MAPK1",0.0522778890512274,1.33803941649963,""
"GLG1",0.171014285337986,12.0501029009176,1.35478551135362,0.188157631066747,0.353583151748543,-6.79612452454164,"GLG1",0.144179414604026,0.725478163403254,""
"GSTP1",0.170453422353685,16.9479469784861,1.80008039878634,0.0844872117327249,0.199691867950621,-6.13583874169896,"GSTP1",0.0814276825123743,1.0732090223428,""
"JPH2",0.170159619347572,13.6037244489707,1.74049028723896,0.0946377317369653,0.216336412325235,-6.23278495150574,"JPH2",0.0882147724865856,1.02393567736073,""
"HECTD3",0.170095837818053,11.6878907146148,0.892974026629794,0.382545732608913,0.5629027695253,-7.18270984654055,"HECTD3",0.229532972337042,0.417316638334026,""
"VPS37A",0.170023073045922,10.2507564128017,1.03057246319269,0.313991933168289,0.494304132413445,-7.12901513696994,"VPS37A",0.201560736407501,0.50308150933284,""
"IGHV3-9",0.169972855232658,11.6221668500476,0.775689889732749,0.445871233242404,0.617128081497667,-7.38281886322894,"IGHV3-9",0.251644245734075,0.350790546594321,""
"RPS4X",0.16952298123781,12.6918554732666,1.55333345938578,0.133489341328913,0.279069755210627,-6.52047185305753,"RPS4X",0.11379533708261,0.874553409856243,""
"VPS29",0.169349901566495,12.3337152361026,1.58803017406029,0.125425213332622,0.266189098688898,-6.46911826341966,"VPS29",0.108543035020607,0.901615151618914,""
"S100A9",0.16906554360612,15.626507772593,0.670367624027965,0.509051243886004,0.673115818491048,-7.4839772147575,"S100A9",0.27447417726444,0.293238497001683,""
"RDX",0.169061117884178,13.0957148775797,1.82862359224757,0.0799663568140634,0.19264622323388,-6.08852247219416,"RDX",0.0785547036225596,1.0970926895472,""
"EIF5B",0.168954078839565,10.8391310651769,1.04903430682357,0.30614522378286,0.487483363666202,-7.08343398919804,"EIF5B",0.198779454436729,0.514072511668159,""
"PPME1",0.167898858513537,13.0823733781772,1.99375870950673,0.0577126034249516,0.151257757328033,-5.80400698594043,"PPME1",0.0616778678453064,1.23872933415455,""
"SNX2",0.167559109051497,11.9955053182916,1.98894153932665,0.0582751686869511,0.151897570839758,-5.81255914029169,"SNX2",0.0619387624527562,1.23451646066957,""
"EIF4A2",0.166697662814929,14.9484640790261,1.97959361968999,0.0593806847848319,0.154077533865992,-5.82911268716693,"EIF4A2",0.0628276786565587,1.22635479837758,""
"UBE2G1",0.166596532680773,14.0783833465277,1.8413911686007,0.0780127617650397,0.188734170897332,-6.06717582270665,"UBE2G1",0.0769594991763225,1.10783434717124,""
"CKAP5",0.166068725577569,9.0790750740046,0.618265734849681,0.545738906812625,0.702295301842505,-7.25493690110308,"CKAP5",0.286372597218152,0.263015083395329,""
"EIF3L",0.165286568294411,14.2373890477611,1.89833531676675,0.0697950214069971,0.173760771036252,-5.97062069488716,"EIF3L",0.0708538461893901,1.15617555520754,""
"NDRG2",0.16520090352364,16.2194344590374,1.48701384180306,0.150088718859102,0.303198265915117,-6.61603770001831,"NDRG2",0.123634138879123,0.82365194947133,""
"CCT3",0.165138144738982,13.8420412698019,1.60795457827074,0.120979747678074,0.259747965382331,-6.43921415740234,"CCT3",0.105916555718822,0.91728732561586,""
"ILF2",0.164917405463065,11.0862577227984,0.558979102706487,0.58184885602578,0.731657041276705,-7.50280153466877,"ILF2",0.298345335122783,0.235189815210688,""
"CDK5",0.164620773840799,11.8594690486217,1.31949046009499,0.199509172439217,0.367672409221532,-6.84177467875786,"CDK5",0.149924543817947,0.700037132818513,""
"ADI1",0.164410172682754,12.5213527589401,1.46331526721091,0.156412298188588,0.310918893956675,-6.64934880321302,"ADI1",0.126782353452986,0.805729102775777,""
"TLN2",0.164109579112324,12.4507272023056,1.4747034667283,0.15334719286783,0.30798270123945,-6.63339698544229,"TLN2",0.125585072007191,0.814324169685862,""
"ARG1",0.164078690594383,12.7161429149584,0.77657367493453,0.445030096413743,0.616493773444401,-7.40580534188931,"ARG1",0.251385596068936,0.351610617638322,""
"PRDX1",0.163942465786441,16.9735314719546,1.74513633909909,0.093810531177174,0.215305324963169,-6.22531672941777,"PRDX1",0.0877943294549164,1.02774840495349,""
"SBDS",0.163571522889802,12.6751093565972,1.34068974179006,0.192628861582553,0.360564945617571,-6.81448011676372,"SBDS",0.147026357248053,0.715278641993529,""
"ALPK3",0.163493709030949,12.0833794877888,1.38173953909439,0.179834955475428,0.3413048027657,-6.76056771484324,"ALPK3",0.139172713464857,0.745125888272466,""
"RPL14",0.163374501960128,12.2203203420397,1.43164874242281,0.165755189670689,0.323375155308461,-6.66992084447076,"RPL14",0.131861601321483,0.78053286527577,""
"CHMP4B",0.16303364928751,9.15701847496197,0.449392337079911,0.658260991760146,0.785537257128556,-7.46782065993318,"CHMP4B",0.320315889833442,0.181601880234167,""
"FARSA",0.162994972908839,12.4342025999542,1.71929767015573,0.098490194615112,0.222653188774447,-6.26665459033306,"FARSA",0.090790543210185,1.00660700439092,""
"APCS",0.162789263291954,13.2557756318992,0.945389139558979,0.353922726442136,0.534808259280566,-7.25926785664208,"APCS",0.218076968224174,0.451091549112935,""
"DHX9",0.162230486957933,13.1907321294062,1.79046791046997,0.0860584321481175,0.201884617055666,-6.15164610051874,"DHX9",0.082321812452603,1.06520657035692,""
"PTRH2",0.161689097115339,11.3666286550349,1.15129271847628,0.261002167453001,0.444900657087843,-7.04478984553799,"PTRH2",0.181415647150207,0.583355886113943,""
"SNCA",0.161513382150993,10.144848776847,0.585693926660026,0.563810691200647,0.717486081910294,-7.51479360237433,"SNCA",0.292566890602102,0.24886669312312,""
"RIDA",0.161160090357512,13.4709654807727,1.44589907894299,0.161195193895424,0.317542931787368,-6.6735441970223,"RIDA",0.129483415118456,0.792647911016118,""
"COL6A2",0.160848818494966,14.7269249481502,1.49922930586782,0.14691110516404,0.298753711184376,-6.59869390584942,"COL6A2",0.121821797719526,0.832945374194944,""
"CTBP1",0.160802974951821,11.9841616115411,1.89528679465982,0.0702150394116394,0.174503580496982,-5.97584502366263,"CTBP1",0.071156739109148,1.1535698560477,""
"EPB41L2",0.16066525434295,11.0166893846256,0.922562076297184,0.369223609649353,0.549515325437571,-7.08741733733732,"EPB41L2",0.224074019210832,0.43271053621438,""
"ALYREF",0.160446706028914,11.0334149815382,0.951871193055737,0.350692286458984,0.532739556181322,-7.25310644532742,"ALYREF",0.217233420107235,0.45507378640005,""
"FLNC",0.160095052911824,18.5377228630214,1.33452019302466,0.194611817427107,0.362495581033515,-6.82246221293286,"FLNC",0.147813605969345,0.710830791572513,""
"NUTF2",0.160079122903859,15.4946704056769,1.33289829407241,0.195135747934407,0.362884022474511,-6.82455534747126,"NUTF2",0.147971999431516,0.709663162648021,""
"EIF3F",0.159739104427928,11.9662247432864,1.5855234798391,0.125993972288418,0.266909510502925,-6.47285917605566,"EIF3F",0.108836794927171,0.899650231584796,""
"LRPAP1",0.159282142382562,11.8817186779891,1.53606871378607,0.138227157153885,0.2859736243671,-6.52274060294608,"LRPAP1",0.116610504628237,0.85940662379676,""
"FCGRT",0.159012241599463,10.1047514581643,0.631764172926382,0.534733763112129,0.692492321279147,-7.40581143361986,"FCGRT",0.282375268748143,0.271862393662209,""
"AKR1B1",0.158064736072198,18.5647014031545,1.50968929130821,0.144233827996937,0.295074366837442,-6.58374928775297,"AKR1B1",0.120321483828878,0.840932870064237,""
"IGKC",0.157988927926645,17.6793481828191,0.837915174666626,0.410381777674454,0.588728144212676,-7.35568740018013,"IGKC",0.240063698662497,0.386811931597824,""
"KIAA1671",0.15763780616216,10.6953864245664,1.08910132467063,0.289805478482346,0.475410547850061,-6.98441242896287,"KIAA1671",0.193856562866852,0.537893408884986,""
"USP9X",0.157563381732972,12.1210779782092,2.00473690036396,0.0564484366155313,0.148943001928583,-5.78446175126186,"USP9X",0.0607339878080543,1.24834808170447,""
"RAC1",0.157391201874164,13.4085157585061,1.82227566891047,0.0809533061653989,0.194362233891542,-6.09909415941278,"RAC1",0.0792544355267875,1.09176540978808,""
"HK1",0.157299798233346,14.4510437676057,1.53534579535076,0.137835180054859,0.285858177765947,-6.54673046860426,"HK1",0.116563429355306,0.860639922096426,""
"COPZ1",0.157060700979462,12.3854202544863,0.913876169296732,0.370306340940035,0.550554154685911,-7.26493722511898,"COPZ1",0.224497619125474,0.431438851246022,""
"RPN1",0.157052337266549,13.7735354049275,1.76944480138791,0.0895824560658085,0.207431221084421,-6.18599222193592,"RPN1",0.0845835325542297,1.04777703475575,""
"UBAC1",0.156820945893669,13.3649565260032,1.27659114014507,0.214014477790431,0.385961016288059,-6.89585483643677,"UBAC1",0.157382027715964,0.669556846221768,""
"LIMCH1",0.156325568370093,12.29388396318,1.57766029271258,0.127791974681747,0.269521467604392,-6.48456289750974,"LIMCH1",0.109901863904575,0.893496418954382,""
"XRCC6",0.155786667714233,13.5905327000798,1.70128523444925,0.101868487583819,0.228809256612509,-6.2951872651573,"XRCC6",0.0933007823230079,0.991960141656294,""
"BNIP1",0.155107654311175,11.3397488237496,0.786409089898867,0.441918140876959,0.613370377880629,-7.23367211287689,"BNIP1",0.250111979546954,0.354658170148386,""
"SLC37A4",0.154916484218832,10.7681809290982,1.05742234305788,0.300892520317487,0.485704677466806,-7.1473309609525,"SLC37A4",0.198054165537286,0.521588607956883,""
"DNAJC7",0.154883174252623,10.742998654996,0.874139713276918,0.391119561600894,0.572575030844889,-7.30068665394103,"DNAJC7",0.23347699785992,0.40769046253707,""
"PGP",0.154832009547524,14.2301408066578,1.14240078607116,0.26460577853306,0.447842541786882,-7.05483929794563,"PGP",0.182615249596314,0.577400675803776,""
"TMEM70",0.154559622533016,12.7707190073615,0.984166769421405,0.33685180223638,0.517760396348292,-7.09686065151856,"TMEM70",0.21112541839588,0.472561124727449,""
"HPR",0.154400114037962,10.5654257131474,0.556895378424228,0.58324727387334,0.732652974279728,-7.50399755653089,"HPR",0.298751443379499,0.234147282443395,""
"BLVRA",0.153992401462713,13.2996179535096,1.83300800053896,0.0792907729257207,0.191340802793771,-6.08120459777919,"BLVRA",0.0780223967127528,1.1007773486294,""
"PGLYRP2",0.153279707997722,11.1637115436146,0.547638264287259,0.58901973272792,0.736760107928873,-7.56049414299,"PGLYRP2",0.300426195477572,0.229870155686076,""
"LSM1",0.15317540255438,11.8781033995661,1.28891810532292,0.210298391173424,0.380564399392245,-6.85695448901291,"LSM1",0.155181467363943,0.677164049744381,""
"PPBP",0.153106827572556,12.6896093948291,0.547068101978696,0.58962516135713,0.736760107928873,-7.53726360988606,"PPBP",0.300426195477572,0.22942399189697,""
"ABRACL",0.152118958380127,10.0513442397814,0.538879292594101,0.599150652726808,0.744580620106002,-7.21730706554343,"ABRACL",0.303615139470028,0.222463963217437,""
"VPS35",0.15202841472855,12.2868744248259,2.17290764173508,0.0399316068888621,0.114974103537146,-5.47576525974126,"VPS35",0.0468826041643447,1.39868321299814,"+"
"RCN1",0.151862150299175,12.0770008223681,1.12142851170032,0.273249304841912,0.45679877947287,-7.07826466420692,"RCN1",0.186267304566226,0.56344093424086,""
"CSNK1A1",0.15185373981609,11.0452413075154,1.31251574556603,0.201814139452007,0.370096755513013,-6.8506726578206,"CSNK1A1",0.150913111365283,0.695048409601263,""
"CLYBL",0.151722721502113,11.1847157832552,0.619563890987667,0.542576076181249,0.699798436246388,-7.41186012819313,"CLYBL",0.285354458717454,0.265539359508313,""
"PLBD2",0.151543973254514,10.1225554572344,0.769194398074233,0.458129407172096,0.628856768981553,-6.95625632800729,"PLBD2",0.256426813249348,0.33901183011288,""
"IGHG4",0.151385033892124,12.2353888516834,0.581847789425694,0.566612501107833,0.720410918778595,-7.49480395484563,"IGHG4",0.293759541511509,0.24671384791961,""
"FERMT2",0.15102183873678,13.8536118911162,1.60386451520427,0.121881463092868,0.260901082551825,-6.44537735383138,"FERMT2",0.106386758435341,0.914062341048105,""
"EIF3C",0.150632515960462,11.6267241027024,1.99079146743702,0.0580585574039265,0.151809612057387,-5.80927662268708,"EIF3C",0.0619028957953977,1.23613375939821,""
"RPS11",0.150596141842616,12.7882589187283,0.958704081343792,0.347308596299987,0.529003301016797,-7.24656932149193,"RPS11",0.215709899883581,0.459284467252306,""
"FKBP1A",0.150264224962928,13.4495955202218,1.75094362448517,0.0927852585862818,0.21312312204971,-6.21596025942977,"FKBP1A",0.0869044998998206,1.0325210175654,""
"USP13",0.150236170571848,10.7340146235363,0.953731335559461,0.355442246371342,0.535690210171027,-6.98614987644185,"USP13",0.218436598377554,0.44923095504629,""
"XRCC5",0.150216814255357,12.1147924227818,1.40841193539645,0.171888389127409,0.330385876213999,-6.72479598657609,"XRCC5",0.134720339446063,0.764753458439193,""
"ITGA7",0.14892097642813,12.8395040971953,1.55529096021998,0.133023283207408,0.278298710920763,-6.51759919353317,"ITGA7",0.113480930941376,0.876072337352387,""
"SERPINA4",0.148701945206168,12.801909792221,1.19563080568784,0.243571725364721,0.421464496973296,-6.99364351454302,"SERPINA4",0.171859162829131,0.61337312749555,""
"SGCG",0.148524525279194,14.0072323629414,1.4897119708564,0.149382096542916,0.302784391151435,-6.61221696008355,"SGCG",0.123465374556355,0.825701449632665,""
"G3BP1",0.147499480438249,13.2831022094385,1.35028434283408,0.189576485385711,0.355782230277971,-6.80200387691586,"G3BP1",0.145076125472384,0.722215532507215,""
"RCSD1",0.146582282609439,10.8663167310182,0.665094244828547,0.512935734122204,0.67681976535627,-7.43618596699006,"RCSD1",0.275984523241366,0.28993704437059,""
"RPL22",0.146532486191141,12.7163184124678,1.53348813491429,0.13829052974286,0.2859736243671,-6.54942803012001,"RPL22",0.116610504628237,0.859207559740593,""
"EIF2A",0.146286142863445,10.7628267962168,1.22054951532552,0.2358523944794,0.410839654899601,-6.87976958987599,"EIF2A",0.16752670665052,0.62735971024333,""
"MAPKAPK3",0.145837364262034,11.5713457355991,0.675591731078921,0.5096534157452,0.673115818491048,-7.21688302867135,"MAPKAPK3",0.27447417726444,0.292725060759699,""
"ARF1",0.145754953990689,14.4259906667276,1.45400106872306,0.158955768409903,0.31439627449146,-6.66231869233025,"ARF1",0.128200313238064,0.79872370717586,""
"EPDR1",0.145240672966676,13.0877993100504,1.50695541158087,0.144929708473252,0.29585508248962,-6.5876635835961,"EPDR1",0.120639833629049,0.838842581378206,""
"AMBP",0.145016037951258,12.0538567211852,0.727957198198256,0.473713462130564,0.643972790375445,-7.44295175956487,"AMBP",0.262590622539852,0.324484273186454,""
"MAP3K20",0.144858720150761,14.4357078091243,1.1079955153619,0.278892452345247,0.463256064197386,-7.09306366401879,"MAP3K20",0.188900369877478,0.554563238868282,""
"STT3B",0.144751985319926,11.8476904436367,0.948669625858436,0.352285348445092,0.533642615923365,-7.25615452249828,"STT3B",0.217601657746151,0.453105418759622,""
"MYORG",0.144590856048671,10.1320737839983,0.739213375138941,0.470554000167706,0.64038304730384,-7.16454084116284,"MYORG",0.261126845060401,0.327390530304427,""
"SOD3",0.144425441409821,12.1063971046935,1.05948880763267,0.299970096224234,0.485036392877829,-7.14515866124859,"SOD3",0.197781661374259,0.52292203758739,""
"AGBL1",0.144370425138009,9.24045653843065,0.653324612798623,0.522339698018036,0.683555654196442,-7.30330019849413,"AGBL1",0.278731194017423,0.282046966360954,""
"ANXA4",0.14432898438786,12.6395263241148,1.32454284528609,0.197852300186296,0.366295080828298,-6.83530366718647,"ANXA4",0.149362915243532,0.703658896358738,""
"OSTF1",0.144313440906926,9.12080332109342,0.627761378908547,0.538553558672907,0.695550670091092,-7.30259767947331,"OSTF1",0.283622361374533,0.268771100017887,""
"RPL27A",0.144278860512696,13.5807304376006,0.912184147125413,0.370783585612121,0.550977477685301,-7.29021637806747,"RPL27A",0.224670236123593,0.430879500082742,""
"RPA1",0.14414200124021,11.6291119222743,1.3206180092571,0.199138473913492,0.367225716714185,-6.84033238356148,"RPA1",0.149742397514033,0.700844825386365,""
"DCAF7",0.143901003225583,11.2751320457606,1.52242906150704,0.141026900593239,0.290582425844384,-6.5654316996767,"DCAF7",0.118489820132199,0.850698038657389,""
"PSMC3",0.142896188524739,13.9873021647293,1.71435010796467,0.0994085184412166,0.224323826580214,-6.27451517426153,"PSMC3",0.0914717735789387,1.00257639876665,""
"SLC2A4",0.142817202939463,12.3636163129858,0.991877889108516,0.331195708553033,0.512426478347199,-7.21421766828684,"SLC2A4",0.208950424561642,0.479915299193353,""
"STAT5B",0.142799181602367,11.403938996125,1.08254557970851,0.289814023452514,0.475410547850061,-7.12065974699949,"STAT5B",0.193856562866852,0.537880603817593,""
"CSE1L",0.142796247715133,13.3123028428717,1.17132129024834,0.253017771718474,0.43283733571923,-7.02189905359298,"CSE1L",0.17649662709932,0.596848973337215,""
"TRAPPC3",0.142702792877515,11.0306174887647,0.948448675808667,0.354874909608668,0.535510095495966,-7.12702141188076,"TRAPPC3",0.218363153621254,0.44992470508662,""
"KCNJ11",0.142638254286313,10.9524909255036,1.23372426136309,0.229821396692683,0.404270951035315,-6.92474129043064,"KCNJ11",0.164848208330743,0.638609540343212,""
"HPRT1",0.142526668942384,12.2101495715901,1.21695604039254,0.235504461884671,0.410839654899601,-6.968433212746,"HPRT1",0.16752670665052,0.628000860282283,""
"EIF5A",0.14231406538735,15.3981103457357,1.86484354208413,0.0745317929806984,0.182628417389348,-6.02767493926251,"EIF5A",0.0744697765689409,1.1276584310003,""
"SAA1",0.141902880687745,12.0454087661713,0.296987706292499,0.774139415566751,0.867477208845948,-6.95298592446219,"SAA1",0.353728268825124,0.11118081973186,""
"ADPRS",0.14189360613133,12.7287016660256,1.71405062573618,0.0994643382006609,0.224323826580214,-6.27499041810936,"ADPRS",0.0914717735789387,1.00233260265939,""
"CYRIB",0.141863653051278,12.7332151518113,1.10263415446347,0.281168130870721,0.466237070230696,-7.09892531231555,"CYRIB",0.190115924698708,0.551033906167659,""
"XPO1",0.139945872204478,12.0654599710184,1.46752759714887,0.155272847843094,0.309680063084972,-6.64346047785357,"XPO1",0.126277199547908,0.808904481572645,""
"NLN",0.139314776352881,12.5587536253368,1.76764541782504,0.0898897432540705,0.207974490859458,-6.18891748217941,"NLN",0.0848050598463239,1.04628986001632,""
"HNRNPH1",0.139211391292211,13.3980984550166,1.53220358158165,0.138606119817795,0.286212637026357,-6.55129179950409,"HNRNPH1",0.116707966017797,0.858217594079021,""
"VPS26A",0.138929042642781,12.0602833419828,1.37643765167954,0.181999848612332,0.344956004455957,-6.74424433516042,"VPS26A",0.140661551718884,0.739928973261387,""
"DTNA",0.138761767639039,11.9739717563212,1.88941424514125,0.0710303642085228,0.17631301159132,-5.9858914808622,"DTNA",0.0718945647511728,1.14855595847526,""
"MAPK14",0.138651141562912,13.7414593008026,1.29520392512606,0.207624453424171,0.3770309207013,-6.8725815948432,"MAPK14",0.153740632622081,0.682721497828588,""
"MAT2B",0.138388620238958,13.4734042514615,1.01647328286668,0.319586396347485,0.50001902007982,-7.18957815202354,"MAT2B",0.203891076963014,0.495411715331013,""
"CCDC22",0.138187241527323,15.8999417509046,0.975644886336144,0.3394372252842,0.520098473034976,-7.206443605765,"CCDC22",0.212078808076125,0.469240531349518,""
"SNX12",0.138099998834958,10.8064933306559,1.10140650479155,0.286164274356386,0.472319580858117,-6.88975216433942,"SNX12",0.192596169634723,0.543384585874434,""
"ACTC1",0.137874335719651,14.1095779894037,0.531182714827913,0.60063991846487,0.745460297765159,-7.52162679325764,"ACTC1",0.303973842675512,0.221385808012963,""
"ANXA11",0.137608217994044,14.5105767313138,1.51024311857979,0.144093189373606,0.295074366837442,-6.58295561922419,"ANXA11",0.120321483828878,0.841356545815861,""
"ACTR1A",0.137212176138197,14.918590073753,1.64356848592119,0.11336052939052,0.246908550316338,-6.38501737459757,"ACTR1A",0.100681070546753,0.945538134612707,""
"SNRPD3",0.137188152744997,11.5733993981677,1.46537366407497,0.155854654415048,0.31019194779963,-6.64647317970897,"SNRPD3",0.126485929059309,0.807280223502069,""
"PSMC4",0.137152546825869,13.6966755090624,1.92327559145748,0.0664404407230847,0.167093621572468,-5.92764825724193,"PSMC4",0.0681352050380447,1.17756749538126,""
"LASP1",0.137055931307669,11.8858367170461,0.975095981138409,0.339281587347723,0.520098473034976,-7.23071065035993,"LASP1",0.212078808076125,0.469439708672774,""
"PHYHD1",0.136634264748828,11.4925661329629,0.810947815232537,0.425745928986637,0.601423913504322,-7.35446734322066,"PHYHD1",0.245240609879463,0.370849496100751,""
"HBA2",0.136023131524784,21.019766262631,0.803532868044547,0.429588188921592,0.604343778939121,-7.38422307329662,"HBA2",0.246431233604123,0.366947667617374,""
"SAR1B",0.135874065889295,15.8831267566163,1.29697851888914,0.207022975940188,0.376297081668413,-6.87034736988348,"SAR1B",0.153441397543566,0.683981452754146,""
"UBA1",0.135836722836366,15.4079795746604,1.49897781494887,0.146975969723131,0.298753711184376,-6.59905216341387,"UBA1",0.121821797719526,0.832753665726291,""
"CP",0.13574968860279,13.3976833642646,1.09689990481263,0.2836168902577,0.469197421917651,-7.10516622352608,"CP",0.191323057366474,0.547267909147323,""
"PGRMC2",0.135285138768293,14.1953406246647,1.54616829747564,0.135206755978745,0.281607829214413,-6.53096162241603,"PGRMC2",0.114830278997342,0.869001607129717,""
"TTC1",0.135087163400078,10.4035967469765,0.858690790732817,0.399043410503274,0.577434676844058,-7.33789848161633,"TTC1",0.23545859939234,0.398979856402176,""
"PSMC6",0.13494887671674,13.0939893468121,1.94177806975051,0.0640438324720239,0.162782813974185,-5.89550340148353,"PSMC6",0.0663774014975835,1.19352268718918,""
"FARSB",0.134925867119668,15.1506595909138,2.04094864890831,0.0524506701501017,0.141350111082478,-5.71945284422234,"FARSB",0.0576378602014925,1.28024895855466,""
"PRKN",0.134627745469503,10.7206242960659,0.551724907099918,0.586260198253071,0.734622017250565,-7.55818756597712,"PRKN",0.299554353420493,0.231909589468313,""
"RTN2",0.134359157160278,15.1763415803918,1.1372865175772,0.266694881672332,0.450313127637884,-7.06058769030158,"RTN2",0.183622672093582,0.573985319078751,""
"UBXN1",0.134198332718428,14.039023830822,1.04463236060162,0.306646396206438,0.487483363666202,-7.16068999764803,"UBXN1",0.198779454436729,0.513362134895792,""
"S100A7",0.134167497301341,15.7232844798007,0.424236565302164,0.675188432455439,0.796533097150646,-7.62222647674149,"S100A7",0.324799626599813,0.170575006790881,""
"PGAM1",0.133820380438525,14.3111046329553,1.2725867324229,0.215408775027688,0.387005595812456,-6.90082353201533,"PGAM1",0.157807972401366,0.666736608983814,""
"RNH1",0.133603243568079,15.6127870759788,1.44446307557084,0.161594743631486,0.318077136364039,-6.67552832782312,"RNH1",0.12970124592505,0.791572770102076,""
"GLRX3",0.133468729900702,13.4964063227491,1.34909947894776,0.189951368069632,0.356252172618143,-6.80354873610452,"GLRX3",0.145267752282566,0.721357574217962,""
"PPP6R2",0.133259632781138,9.65934770759019,0.47760109641683,0.637892269417134,0.772245293436097,-7.52544436707855,"PPP6R2",0.314895870427428,0.195252661009634,""
"DFFA",0.132258352616157,10.8597324218603,0.812091881919926,0.426852210591462,0.601772187078997,-7.23439502736244,"DFFA",0.245382624225651,0.369722465102826,""
"CST3",0.131691972625303,12.6903454077608,0.834040195072139,0.413265675773265,0.590497435877725,-7.30740409577309,"CST3",0.240785156784212,0.38377066401735,""
"RPS27L",0.13167047274305,12.0866349834974,1.33016430026712,0.196021413748023,0.363586057126923,-6.82807872747536,"RPS27L",0.148258265744591,0.707696482905682,""
"SH3GLB1",0.131472544128782,13.3566932894588,1.38996541017525,0.177353787207521,0.338200974255305,-6.74959753793551,"SH3GLB1",0.137907075734533,0.751159533181511,""
"LAMTOR1",0.131336111709134,11.2830313185253,1.00167376260152,0.326537594562707,0.507081169635631,-7.20447068272211,"LAMTOR1",0.20677078597564,0.48606681080171,""
"ILF3",0.130831616513186,11.0119895197422,0.608919916654112,0.550678207860637,0.706744856904548,-7.31462817281051,"ILF3",0.288186977346054,0.259102109633002,""
"ANO6",0.130603385991128,11.3041835717718,1.26399809380539,0.218422717059163,0.389243970251135,-6.91143439210293,"ANO6",0.1587207068307,0.660702194811758,""
"CLASP2",0.130364428429013,11.4840437009843,1.07210454351772,0.294382217828405,0.479552976397767,-7.13181317947562,"CLASP2",0.195545707047206,0.531088427120682,""
"GLRX2",0.130328693345135,9.93342740928222,0.569953267634221,0.575795768615134,0.728526741722597,-7.38314705786178,"GLRX2",0.297068903383842,0.239731530972091,""
"NUDCD3",0.130275924602691,10.4240935220766,0.795935664371242,0.434614652405449,0.606891218375723,-7.34426054677097,"NUDCD3",0.247469994429949,0.361895636157316,""
"STAM",0.129855724606918,11.3646174704592,1.08101372845159,0.290946836760957,0.476639866519667,-7.09859232782961,"STAM",0.194357838013219,0.536186360191585,""
"RNPEP",0.129759871309814,13.0116700036762,0.872491621668933,0.391623487390403,0.572726837461081,-7.32585532828524,"RNPEP",0.233538899534101,0.407131269529376,""
"NAPG",0.129284859829028,11.552131608901,0.875324126861799,0.390111691960675,0.571391843598491,-7.32336128547584,"NAPG",0.232994533569104,0.408811033338784,""
"KRT9",0.128026008136207,19.6250386366667,0.377768069906258,0.70893780419245,0.822991773010123,-7.6414722493627,"KRT9",0.335588592017854,0.149391864225743,""
"LYPLA2",0.126998819866783,13.0387790649771,1.07418647561778,0.293467248307174,0.479263112741624,-7.12959702557606,"LYPLA2",0.195427510317381,0.532440360082971,""
"CCT2",0.126877072670068,13.7016315853383,1.66544083960595,0.108883475097694,0.240451007507407,-6.35126379819899,"CCT2",0.0980478999972857,0.963038026749721,""
"APOE",0.126866218466013,11.9370221915835,0.961205832464927,0.346075256347796,0.527405422613095,-7.24416503298181,"APOE",0.215058338371911,0.460829450736975,""
"UBE2A",0.126452023929449,11.5047205839327,1.05401497409653,0.302417880642366,0.485952919848876,-7.15090440632634,"UBE2A",0.198155390499928,0.519392534484524,""
"RAB7A",0.126368293462034,14.5168825938361,1.00225687392146,0.326261749111513,0.506927864254697,-7.20388770374908,"RAB7A",0.206708273155191,0.486433839860801,""
"ECPAS",0.126193213546768,13.9584706106109,1.66719566150693,0.108530813287593,0.240042648863284,-6.34854041787238,"ECPAS",0.0978813849640693,0.964446942544257,""
"CD59",0.125898226825541,16.0189283635324,1.36928493652745,0.183643754847243,0.346923053711426,-6.77707175820657,"CD59",0.141463648789257,0.736023836071738,""
"RBM8A",0.125431682765727,10.9597634581032,0.760914502024924,0.454474318268801,0.626242416410837,-7.39434465275202,"RBM8A",0.255360767479491,0.342490653144483,""
"USP47",0.125337603544091,12.8304851235225,1.20103120803912,0.241509486592669,0.41865545162218,-6.98729657026213,"USP47",0.170713727837906,0.617065805310275,""
"SMIM11",0.125122032888102,10.6685699291272,0.47062687466781,0.642174962123908,0.773774131971996,-7.60082360860445,"SMIM11",0.31551927978401,0.192346631225765,""
"HYOU1",0.124873201420488,11.4022384419871,1.46322356294502,0.15643717934927,0.310918893956675,-6.64947683745063,"HYOU1",0.126782353452986,0.805660023224195,""
"SYPL2",0.124739139206349,12.7904530466378,0.573481663683261,0.571677168462156,0.723955777052518,-7.54562651157873,"SYPL2",0.295205016467714,0.2428491522127,""
"MYG1",0.124710942395927,11.8331939277628,1.13829872647862,0.267298445045759,0.450464481179433,-7.01335834098072,"MYG1",0.183684389019038,0.573003567655774,""
"CMYA5",0.124098729975643,13.3797565997863,1.26885706603716,0.216713660708007,0.38724492418934,-6.90543907022846,"CMYA5",0.157905562530044,0.664113711739185,""
"RAB14",0.123703644588085,13.0193985887835,1.27335104017049,0.215142114039202,0.386769303002636,-6.89987622565267,"RAB14",0.157711620075678,0.667274568205763,""
"ZBTB8OS",0.123598624152068,12.0033045160353,1.43333043476986,0.164719298237194,0.322265726505909,-6.6908541446544,"ZBTB8OS",0.131409213263665,0.783255516635067,""
"IGHM",0.123180060165144,13.4590749216669,0.610376607654329,0.547374366118533,0.704083341946625,-7.52324681195002,"IGHM",0.287101700327917,0.261715544729953,""
"SERPINF1",0.12315654554266,12.4786342127954,1.00388744770139,0.325491248471888,0.50600540636966,-7.2022558449962,"SERPINF1",0.206332125600638,0.487460683874475,""
"CDNF",0.121430527801779,13.0895691502352,0.64761778187783,0.523673769453599,0.684988266990951,-7.47567409031696,"CDNF",0.279315365726524,0.280939179138153,""
"EDF1",0.121373782805891,12.2161131570526,0.99502242812339,0.329695465448836,0.510876243700362,-7.21109842800256,"EDF1",0.208318290584742,0.481887025996341,""
"BSG",0.120748858519681,15.4765110091779,1.05041130025963,0.30403706476993,0.486996097342425,-7.15467229078863,"BSG",0.198580763483919,0.517073468878648,""
"MIPEP",0.120734558210398,10.8477500120571,0.529382111304695,0.60949606714605,0.754162448842194,-6.88973483130528,"MIPEP",0.307522289602008,0.215029092379117,""
"VARS1",0.120702072015696,12.162299430446,1.27060612095417,0.216100973298528,0.38724492418934,-6.90327605196531,"VARS1",0.157905562530044,0.665343277090716,""
"GPC1",0.120579397554534,10.6080948621663,0.6635241257609,0.513621367376053,0.677100116734346,-7.46501367045312,"GPC1",0.276098841181501,0.289356917298072,""
"PFDN1",0.120537512231857,12.4899869107002,1.35093289676279,0.189371533144366,0.355630792558514,-6.80115778115595,"PFDN1",0.145014374221985,0.722685304780964,""
"A1BG",0.119673802397852,12.5954189308424,0.734256715606667,0.469936776646494,0.639847314349318,-7.43826773378782,"A1BG",0.260908391032302,0.327960566320634,""
"IL18",0.11964584381438,12.3866980713371,0.631384761687811,0.534325790646902,0.692492321279147,-7.45855597167559,"IL18",0.282375268748143,0.272193862939847,""
"HOOK3",0.11913982087912,10.9070519158704,0.893086690686876,0.38071749548371,0.561077997978568,-7.30754859840953,"HOOK3",0.228788891370252,0.419397165167646,""
"SEPHS1",0.118804566584394,11.1758977041939,0.784311664646101,0.440563725324951,0.612381438504133,-7.39968220739976,"SEPHS1",0.249708723057846,0.355991264197853,""
"RPL23",0.118262954187692,10.424503030156,0.732225747641417,0.471152445640768,0.64089272786306,-7.43978208119124,"RPL23",0.261334675790739,0.326838550220156,""
"MDP1",0.118244084805886,13.2207712679066,0.706250171231912,0.48822167092585,0.656313021225825,-7.35296126239278,"MDP1",0.267622557040372,0.311382947256738,""
"SMAP",0.117930692807997,8.4284762443441,0.378217804049879,0.711421932177609,0.824582037430306,-7.01431253799199,"SMAP",0.336237048801029,0.147872750231362,""
"HBB",0.117504999745254,20.3545990629935,0.481339421614472,0.634653981967844,0.770029069601075,-7.5955714785354,"HBB",0.313992168275374,0.197462990739099,""
"RBP4",0.117438274941286,13.5893081771683,0.808031902115297,0.427043784751028,0.601772187078997,-7.38055338950443,"RBP4",0.245382624225651,0.369527594527898,""
"H2AZ1",0.117360077436475,12.0243940784416,0.93391237755236,0.360094952540094,0.540901643804843,-7.24635127400731,"H2AZ1",0.220561647172599,0.443582966102605,""
"FLAD1",0.117117824800193,10.7563966532378,0.73005373967688,0.473866770276271,0.643972790375445,-7.33729802163739,"FLAD1",0.262590622539852,0.32434374496517,""
"GNL1",0.116798436911418,9.9639717728831,0.405109736062664,0.690480287424451,0.807912748409149,-7.43727021718674,"GNL1",0.329439868785379,0.160848715615385,""
"KLHL40",0.116413196623462,16.4785504387896,0.870808287173228,0.392523724416406,0.573457324798241,-7.32733392471872,"KLHL40",0.233836767902903,0.406134089054389,""
"YBX3",0.116006207560281,13.6961179677511,0.904485659912862,0.374767344855699,0.554020733975728,-7.29724446694506,"YBX3",0.225911174523158,0.426238258143987,""
"MAP2K1",0.115935924634638,13.1929166473034,0.973648874633151,0.339985093057102,0.520619227570586,-7.23212068037914,"MAP2K1",0.212291154404634,0.468540124560597,""
"SH3BGR",0.115731422271793,17.0243023390336,1.12244084611644,0.272827415552023,0.456671310746155,-7.07714287952471,"SH3BGR",0.18621532707152,0.564111990963056,""
"TNPO1",0.115137115107263,11.7387654271507,0.851832036376784,0.402764246968233,0.581296659013154,-7.3438165623009,"TNPO1",0.23703338689451,0.394949088350698,""
"PRPF40A",0.1148947172193,10.8735573717152,0.521851625555069,0.61135340523187,0.754828923974811,-7.18294722171787,"PRPF40A",0.30779405592909,0.213707664435265,""
"SGCA",0.114642827433471,13.3822001348395,1.64158395506575,0.113774271285892,0.247621265718801,-6.38806235531702,"SGCA",0.100971692113415,0.943955937430266,""
"ARIH1",0.114578999275921,11.478848607212,1.50284447506372,0.145981251081473,0.297657011512994,-6.59353847675053,"ARIH1",0.121374600176786,0.835702918699978,""
"VWF",0.114230312421096,13.5417891790112,0.924295447903864,0.364573131149726,0.544860731775726,-7.27904738530624,"VWF",0.222176031181523,0.438215341779227,""
"HOMER1",0.114077754264404,13.6840714161481,1.38108425047762,0.180033784411448,0.341455726299247,-6.76143923615308,"HOMER1",0.139234255047394,0.744645989303916,""
"A2M",0.113777238186429,14.0137484176317,0.636473861282833,0.530517981694179,0.689215421268023,-7.50660067810867,"A2M",0.281039058233069,0.275299891275914,""
"SF3B6",0.113478584325739,10.8836809353973,0.822990097097625,0.418651656280167,0.594904600205638,-7.36821324697623,"SF3B6",0.242582251384789,0.378147186285583,""
"DNPEP",0.113072844372747,14.06175612366,1.52104066803583,0.141373540971439,0.291087103784359,-6.56743412484598,"DNPEP",0.118695610961286,0.849631864127125,""
"ARHGAP10",0.113047812219143,10.0127069996224,0.658402465282158,0.517469172009351,0.679717674311848,-7.41975214307747,"ARHGAP10",0.277166193846214,0.286115517996694,""
"MOB4",0.113034116669176,12.4876747363341,0.736880843408189,0.468368795390732,0.638319758289654,-7.43630517380787,"MOB4",0.260285504626748,0.329412047077576,""
"RPL6",0.11301659505874,12.0803790863923,0.997825366853815,0.328362150360838,0.509085847417508,-7.20831038140822,"RPL6",0.207588226703885,0.483646908911838,""
"TOM1L2",0.112807024527564,11.9454910752292,1.19500248322668,0.243812513556598,0.421542235178782,-6.99438031759484,"TOM1L2",0.171890861876169,0.612944008196251,""
"EMC8",0.112690763302686,11.1309089657062,0.447683965077664,0.663151979936794,0.788181464526206,-7.16134457720711,"EMC8",0.321394109405838,0.178386929387098,""
"PRKDC",0.112650663405642,11.5480766750876,1.33293149404872,0.195125012152956,0.362884022474511,-6.82451252336553,"PRKDC",0.147971999431516,0.709687056880395,""
"RO60",0.112367178850246,12.5294960780715,0.937487890347864,0.357887415664731,0.538524597072797,-7.26672541955754,"RO60",0.219592366807802,0.446253572365661,""
"EIF4G2",0.112067035389002,11.5779473156591,1.3157657471695,0.200737538716898,0.368985764809095,-6.84653154726805,"EIF4G2",0.150460086416189,0.697371405125062,""
"FAM120A",0.11194340250468,10.4277354431403,1.30366083905135,0.204770147473257,0.373519542427317,-6.86191047090125,"FAM120A",0.15230880969304,0.688733356937559,""
"USP7",0.111863795383684,11.2549600019694,1.18378348969612,0.248141876455875,0.425768615357742,-7.00747839232131,"USP7",0.173614238731325,0.605299937948566,""
"RPS21",0.111752262568281,13.7713774217506,1.29085464998731,0.209104289109949,0.379009800780667,-6.87804612072272,"RPS21",0.154547553907792,0.679637058919876,""
"MRPS34",0.11169669074963,11.1332984269645,0.824045089872735,0.418800513915393,0.594904600205638,-7.31578650565211,"MRPS34",0.242582251384789,0.377992794064632,""
"RPS28",0.111661107905078,13.9698089718154,0.669873580292406,0.509360638284604,0.673115818491048,-7.48431510410172,"RPS28",0.27447417726444,0.292974618925376,""
"SERPINA7",0.111606536381755,11.4168170128581,0.755556757323572,0.457618406902119,0.628456756503774,-7.39847200594941,"SERPINA7",0.256263701504358,0.339496515125775,""
"F13A1",0.11099541138325,11.6988253687644,0.804002762660537,0.43003879321678,0.604504433293922,-7.33230857584186,"F13A1",0.24649674309097,0.36649236553656,""
"ATP6V1B2",0.110624512335358,11.7799230806196,1.36317057534024,0.185536736211746,0.349806415703568,-6.7851274064288,"ATP6V1B2",0.142639387627668,0.731570087372566,""
"SRPRB",0.110513188098833,10.4884767425463,0.973159658434328,0.340223148598883,0.520705161117649,-7.23259692489891,"SRPRB",0.212326195238591,0.468236140556665,""
"GET3",0.110447007902556,13.5532105535995,1.59498970071675,0.123857272257843,0.263553541414086,-6.45870704754283,"GET3",0.107468342679757,0.907078488805792,""
"STRAP",0.110281532134342,13.8060203110755,1.12216835561096,0.272940929035265,0.456671310746155,-7.07744492037919,"STRAP",0.18621532707152,0.563931334534029,""
"PPP6R3",0.10972486823662,10.8091187260429,1.2226174452994,0.233396920075383,0.408052526118355,-6.96167425950013,"PPP6R3",0.166390208505405,0.631904879237912,""
"IST1",0.109690279711312,11.9126474403597,0.860978468484418,0.397807267133437,0.577257321116628,-7.33591463480407,"IST1",0.235386279642852,0.400327287458131,""
"PSMB4",0.109603889840109,13.5463245123847,1.03165922114009,0.312561441246145,0.492594077558627,-7.17408871752249,"PSMB4",0.200863433081001,0.505064599211591,""
"DYNC1LI1",0.109517044838745,12.0833389457919,1.06270935110887,0.298536518763493,0.48353792682576,-7.14176548233429,"DYNC1LI1",0.19717063690343,0.525002535799627,""
"PSMD1",0.109140013060683,12.5181375901335,1.44583719160016,0.16121239688576,0.317542931787368,-6.67362974107762,"PSMD1",0.129483415118456,0.792601564937455,""
"IGHV1-18",0.108980114350526,11.1761845785442,0.56365412279663,0.579288196705565,0.730394501220823,-7.44591413958832,"IGHV1-18",0.297830513403278,0.237105320383844,""
"LAMB1",0.10877313885295,13.8032534376063,1.14879985219115,0.262008785227208,0.445290465154555,-7.04761426119227,"LAMB1",0.181574597876757,0.581684146421732,""
"TBCEL",0.108710443371338,9.14482517624439,0.459685743374879,0.65403017125026,0.783522122276368,-7.21522246554366,"TBCEL",0.319494185060746,0.184402216652397,""
"CARD19",0.108501966437135,14.353806667287,1.04865991812289,0.304826194737957,0.487483363666202,-7.15649923159754,"CARD19",0.198779454436729,0.515947715346423,""
"ASPSCR1",0.108378810199481,10.2194077285143,0.544802051484112,0.593953492947314,0.740694944146063,-7.29790414025967,"ASPSCR1",0.30203069043032,0.226247559306821,""
"FAM136A",0.107701021714385,11.9985469551996,0.655624648085164,0.518328929161292,0.680485043697073,-7.49395699881779,"FAM136A",0.277479101483922,0.285394551483637,""
"RPL10A",0.10722955386434,12.9784838180405,0.880988192467354,0.387099941446781,0.567852400010604,-7.31835130394068,"RPL10A",0.231551266541244,0.412176894372963,""
"ADSS1",0.107032920177057,15.0767606491175,1.19088336552148,0.24539546380757,0.423340456550491,-6.99920209436503,"ADSS1",0.172624116567235,0.610133469569689,""
"HEBP2",0.106864074017496,15.9372966370238,1.59963378569468,0.122820062964259,0.261930715502019,-6.45173921419481,"HEBP2",0.106806608406364,0.91073068431077,""
"STEAP4",0.106723854791884,9.73456150889167,0.499582995483186,0.626481106960984,0.764999993910301,-7.17265494676932,"STEAP4",0.311941478966482,0.203092021663148,""
"OSBPL9",0.106416078716213,9.59391490687817,0.455037598051484,0.653562122678473,0.783289277682491,-7.55714279942499,"OSBPL9",0.319399238802495,0.184713125368539,""
"PRMT1",0.106215299246506,11.8850621422823,1.25884105183194,0.220247861334434,0.391764685605438,-6.91777548425697,"PRMT1",0.159748570467216,0.657088300010868,""
"KLHL31",0.105897850628963,12.1088865942401,0.849334360903722,0.404489199814764,0.582611016542454,-7.3222494427347,"KLHL31",0.237569338051169,0.393093069907013,""
"RPA3",0.105556069066523,10.6596381693828,1.0001915711536,0.327672308780619,0.508291678986521,-7.18222090316417,"RPA3",0.207264391309267,0.484560258806572,""
"EIF2B3",0.105453825292056,11.4809356291853,0.617233650980622,0.542918178512751,0.699808803841359,-7.51893839503209,"EIF2B3",0.285358686276845,0.265265616632026,""
"RPS29",0.105232115955166,10.088994972376,0.565408883741299,0.577817126350227,0.729793740341725,-7.47616728754227,"RPS29",0.297585543156712,0.238209589924897,""
"HNRNPH3",0.104884008795509,13.4025016092012,0.739023701107195,0.467090673370713,0.637184703139647,-7.43469758955128,"HNRNPH3",0.259822666999271,0.330598804397238,""
"DCTN2",0.104635631731343,13.7700876849167,1.37250283277738,0.182653635737165,0.345552322871966,-6.77281982366073,"DCTN2",0.140904710477192,0.738371678695025,""
"ABCF2",0.104437269518474,10.4257605204275,0.591488395227203,0.560854697099634,0.715075816327371,-7.43785249817717,"ABCF2",0.291584064698018,0.251149638603846,""
"LUC7L2",0.104419655622854,9.07680469807928,0.384914992633287,0.708444287766532,0.822991773010123,-6.98272843405325,"LUC7L2",0.335588592017854,0.149694297098829,""
"GRSF1",0.104252413187604,12.5352898507304,1.22729152917536,0.231667667666866,0.406768628750043,-6.95607318620227,"GRSF1",0.16586667798632,0.635134573606136,""
"UBL5",0.104195725039567,11.2415374268848,0.861397499154507,0.397581110814146,0.577257321116628,-7.33555071892604,"UBL5",0.235386279642852,0.40057425723261,""
"YWHAG",0.104158821289932,15.8454443186055,1.2387689123792,0.22746251093859,0.401107644058068,-6.94223972231016,"YWHAG",0.163558317265694,0.643090171024992,""
"PSMC2",0.103953977110731,12.9613069322151,1.56594142351132,0.130510954963313,0.273642749527473,-6.50191784337683,"PSMC2",0.111582385196807,0.884353032536942,""
"ERAP1",0.103893736080138,12.4310227822352,0.685082289957449,0.499884397683476,0.665299559992778,-7.47380358571418,"ERAP1",0.271286967780331,0.301130418169826,""
"PITPNA",0.103592156585028,11.9826250547229,1.13689842490004,0.266853903193496,0.450315961639024,-7.0610229587114,"PITPNA",0.183623827704712,0.573726440516381,""
"PCYOX1",0.103249003420363,14.3684217215107,1.05418371158193,0.302342214195255,0.485952919848876,-7.1507276917383,"PCYOX1",0.198155390499928,0.519501210704724,""
"MBNL1",0.103050066633585,13.177090044876,1.07206271434051,0.294400621778783,0.479552976397767,-7.13185766537014,"MBNL1",0.195545707047206,0.531061277096736,""
"TOLLIP",0.103049547537148,13.974863245196,0.859819593960796,0.398433156205527,0.577434676844058,-7.33692021693455,"TOLLIP",0.23545859939234,0.399644528285628,""
"APOA4",0.103002928389651,13.748815353691,0.656924963098103,0.517506922545603,0.679717674311848,-7.49308539557915,"APOA4",0.277166193846214,0.286083836396169,""
"MRPL47",0.102974292312171,9.96687480949049,0.43586316511322,0.673322146964587,0.795400109775964,-7.03474817097804,"MRPL47",0.324337632142137,0.17177710044914,""
"MRPS10",0.10288497030187,9.84959237534045,0.49714895024479,0.626857790674423,0.764999993910301,-7.27254573535877,"MRPS10",0.311941478966482,0.202830972295887,""
"PAFAH1B3",0.102749095641576,12.9901299500617,1.0392094644525,0.309109282060571,0.489579836888408,-7.16630939403951,"PAFAH1B3",0.199634326283467,0.509887953567684,""
"SPTB",0.102709203986871,14.853028834201,0.808155006764974,0.426974295127517,0.601772187078997,-7.38045270524004,"SPTB",0.245382624225651,0.369598269753207,""
"SF3B1",0.10201118559938,11.4111154853416,0.987273247083286,0.333401020856488,0.513733719553947,-7.21876885812826,"SF3B1",0.209483473919348,0.477033074718989,""
"LHPP",0.101982153078453,10.8499687236072,0.871452081870294,0.392962968734409,0.573538460141616,-7.27518893087399,"LHPP",0.233869852189453,0.405648373879165,""
"CIAPIN1",0.101892121094913,11.3634285718835,0.790266850300137,0.437481370203443,0.609280623611802,-7.3712418958861,"CIAPIN1",0.248444314180441,0.359040436333352,""
"SERPINA3",0.10176361754479,15.0935851031632,0.683035748934896,0.501153736772045,0.665878363343357,-7.47523127227556,"SERPINA3",0.271522984479217,0.300029027047325,""
"ALAD",0.101761328724043,13.0316352429019,0.657727349771572,0.517000044418228,0.679675758899847,-7.49254672352216,"ALAD",0.277149102139397,0.286509419593504,""
"CUTA",0.101657506850866,14.186995661953,1.07670127189741,0.292364751967663,0.478415048674357,-7.1269148975727,"CUTA",0.195081698080117,0.534074987899837,""
"ATRN",0.101150609571226,14.6967117759133,0.446260706033226,0.659791171278469,0.786071914054347,-7.56664708197137,"ATRN",0.320533905092917,0.18059350008303,""
"CKM",0.101123354066743,20.7329257335003,1.1931805931224,0.244511710833114,0.422324994812537,-6.9965148166093,"CKM",0.172210045143846,0.611700335606198,""
"HNRNPU",0.100452017812561,13.2751490878767,1.0055486343489,0.32470757774393,0.505061460599526,-7.20059084277291,"HNRNPU",0.205947216003326,0.488507576067645,""
"DDRGK1",0.100379052335375,10.4063543347397,0.677651179988119,0.504502102638599,0.669084808967409,-7.47896797418181,"DDRGK1",0.272830466045432,0.297137019392506,""
"GRPEL1",0.0997125654862199,13.374078701135,1.07115189993916,0.294801564221748,0.479932921958273,-7.13282593795693,"GRPEL1",0.195700636172715,0.530470216433503,""
"WDR77",0.0995806926966853,12.4109901977284,1.04621052209886,0.305932256180615,0.487483363666202,-7.15904963711477,"WDR77",0.198779454436729,0.514374730459862,""
"DYNC1I2",0.0995109396609966,11.9400274679896,1.05642196847696,0.301339786785993,0.485878574524795,-7.14838118326488,"DYNC1I2",0.198125074956749,0.520943523352039,""
"HSP90AB1",0.0990439380844812,16.8709351391533,0.96819353319451,0.342646125036659,0.523573523681217,-7.23741885535634,"HSP90AB1",0.213495817810374,0.465154175227623,""
"PSMD10",0.0989929557431442,13.4702105644704,1.22537265793532,0.232376410606543,0.407336151592586,-6.95837489795851,"PSMD10",0.166098094870319,0.63380796089179,""
"CPNE3",0.098934912606234,11.2435169152649,0.869550494428703,0.393197254815566,0.573538460141616,-7.32843698746292,"CPNE3",0.233869852189453,0.405389522942174,""
"PSMD2",0.0987814794877178,13.5040451844534,1.25671939743397,0.221002112411781,0.392618277915902,-6.92037767967279,"PSMD2",0.160096636937647,0.655603575163778,""
"SCRIB",0.0987650255327814,10.0423135011419,0.35540712227454,0.728030733880657,0.838400294306175,-7.30355856753108,"SCRIB",0.341871673011369,0.137850286520701,""
"S100A11",0.09860944838994,12.086084558134,0.514227294353763,0.611816453858509,0.754853761695937,-7.57872379369132,"S100A11",0.307804183923239,0.213378847515009,""
"SERPINC1",0.0984966314606002,14.0177661582244,0.914221610552542,0.369733949290105,0.549988858039646,-7.28834704320608,"SERPINC1",0.224267110010056,0.432110670302107,""
"THAP4",0.0984964423277237,12.1350774851882,0.872829774341192,0.391442806291991,0.572726837461081,-7.32555798081085,"THAP4",0.233538899534101,0.407331683737088,""
"LAMTOR3",0.0984678040493918,12.1163526216092,1.0474199937887,0.305838225530175,0.487483363666202,-7.13406954763738,"LAMTOR3",0.198779454436729,0.514508234753248,""
"ARPC5L",0.0984640330105631,10.5685228405279,0.694975438197748,0.494064226612173,0.661990550825861,-7.44320346018638,"ARPC5L",0.269937664222607,0.306216590650915,""
"HNRNPC",0.0983469811294917,11.6097110728281,0.948016378375435,0.352610994332073,0.533671425583497,-7.25677528229633,"HNRNPC",0.217613405364532,0.452704150620609,""
"DYRK1A",0.0979717935708049,10.4955232033563,0.704581713021372,0.488850169237988,0.656614746171833,-7.38756714816652,"DYRK1A",0.26774559040854,0.310824230128123,""
"SEPTIN2",0.0978766874079966,12.4019446143772,1.29802083755406,0.206670321933833,0.376026993880884,-6.86903384591,"SEPTIN2",0.153331264753287,0.68472188401985,""
"FN1",0.0960102033803985,12.6918313813353,0.79453405800038,0.434705449919718,0.606891218375723,-7.39150478455913,"FN1",0.247469994429949,0.361804915007637,""
"PSMA1",0.0959610415684935,15.3632455987226,1.05032751834307,0.304074781953499,0.486996097342425,-7.15475975054632,"PSMA1",0.198580763483919,0.517019596010339,""
"KSR2",0.0957381252674274,17.925145729479,0.563892740485833,0.578557893877143,0.73011302901323,-7.49996400768147,"KSR2",0.297715738426254,0.23765317649899,""
"SEC23IP",0.0955611038929529,11.7828522910198,1.02577928265021,0.315712144813383,0.49564901725502,-7.15638464183396,"SEC23IP",0.202109135583789,0.500708711348244,""
"MYOZ1",0.0951529278265753,17.092730711009,1.0888275880549,0.287090077829565,0.472757078681367,-7.11390191447954,"MYOZ1",0.192774566653174,0.541981816971735,""
"QARS1",0.0950290839636718,13.9232612538408,1.28913621254459,0.209691220502358,0.379833084226423,-6.8802007999157,"QARS1",0.154883261434226,0.678419752496979,""
"PPP1CB",0.0947784251115404,14.8333967537513,1.16881141076116,0.254008308135425,0.434272268747661,-7.02478691813566,"PPP1CB",0.177081744922418,0.595152078189665,""
"CAND1",0.0944085168614315,12.7480375879189,1.08759655042863,0.287622415902216,0.473361330829293,-7.1152289855642,"CAND1",0.193020960522708,0.541177270155372,""
"CASP7",0.0943134503027636,11.2114909855498,0.266155023092274,0.795583439297245,0.880494896855652,-6.73760614474589,"CASP7",0.359036447756884,0.0993142656389522,""
"RTCA",0.094013021064983,14.3245509324873,0.968385648110082,0.342552174328506,0.523573523681217,-7.23723274254601,"RTCA",0.213495817810374,0.465273271478783,""
"AKT2",0.0939626015676751,10.8846119494586,0.590950055089243,0.561208301075943,0.715075816327371,-7.41089404921221,"AKT2",0.291584064698018,0.250875913757695,""
"GCN1",0.0939264810307971,11.9468141532959,0.674827798193076,0.506543335870389,0.671169920028266,-7.45728671240197,"GCN1",0.273680704781785,0.295383393888524,""
"SNX5",0.0936160527727772,12.2234290510998,0.929576552146301,0.361886845340999,0.542261859353895,-7.27413423647184,"SNX5",0.2211162977,0.441427203295913,""
"MSRB3",0.0934424054450638,11.8047324965911,0.654959606426448,0.518749619003878,0.68067731822179,-7.49440213345524,"MSRB3",0.277557504621288,0.285042209247705,""
"STOML2",0.0932805272071224,12.3156228587952,0.561245673751982,0.579856084516653,0.730434909281101,-7.55274905449386,"STOML2",0.297846990462344,0.236679781360923,""
"LRRC2",0.0929636871199104,11.2890200642989,0.480915772080392,0.634950660878442,0.770029069601075,-7.59578138695234,"LRRC2",0.313992168275374,0.19726002044147,""
"IGHG2",0.0927784055739806,16.7801434367229,0.533497055596018,0.598617577547789,0.744241314918233,-7.56834658252942,"IGHG2",0.303476782132856,0.222850534873157,""
"CAPN3",0.0922272874979111,14.9106543100674,1.02946483827393,0.313569816296646,0.493911290171162,-7.17633995112905,"CAPN3",0.201400548445365,0.503665748432422,""
"MAPT",0.0920958870654616,13.2266820804667,0.608006426658366,0.548919141634722,0.705753182101785,-7.52472519518222,"MAPT",0.287782605441361,0.260491624453606,""
"FAM98B",0.0919801763956176,10.980669207419,0.578624191751166,0.568747799779359,0.721865057461461,-7.49672603764169,"FAM98B",0.294352490759831,0.245080270414886,""
"RAP1B",0.091857315774261,9.88942927004839,0.555909991825005,0.583664843241712,0.732652974279728,-7.53225153633328,"RAP1B",0.298751443379499,0.233836465411716,""
"YWHAH",0.0918067829430491,12.2914317738042,1.0524672198221,0.303112560640954,0.48599896277558,-7.15252412863129,"YWHAH",0.198174165269558,0.518396066588402,""
"PPIE",0.0918059500983546,11.1188431393214,0.640879160401009,0.527964660644929,0.687294680105029,-7.48011512663799,"PPIE",0.280255844058081,0.277395146027815,""
"JPT2",0.0917822039652503,10.5239546486791,0.641637932689259,0.528084960942066,0.687294680105029,-7.43091892588005,"JPT2",0.280255844058081,0.277296200382883,""
"NXN",0.0916473002135731,12.923822379113,0.878829757078742,0.388245862060837,0.568950157305743,-7.32026405588344,"NXN",0.231998895347673,0.410893164301842,""
"RPL23A",0.0916455760225556,11.4627421247796,0.867513502471869,0.39428961426067,0.573743203521259,-7.33022022020594,"RPL23A",0.233953339709927,0.404184662258973,""
"RPL3L",0.0916203247733911,10.7486853860911,0.708304747322773,0.485608899324867,0.654186676738819,-7.4573160792306,"RPL3L",0.266755504688282,0.313713362928953,""
"KTN1",0.0911842929680482,12.3417442182658,1.0564359506724,0.301333532116956,0.485878574524795,-7.14836651058657,"KTN1",0.198125074956749,0.520952537748938,""
"PRPSAP2",0.0910187603212655,12.0886517340009,0.661905631852508,0.514364996060306,0.6777682406651,-7.48973144086553,"PRPSAP2",0.276371279833464,0.288728594001236,""
"EEF2",0.0907792603490982,16.2572201048258,1.24719090907856,0.224413799823258,0.397199935123169,-6.93201686930631,"EEF2",0.161964883913764,0.648950440629692,""
"SCRN3",0.0907762687919185,12.4681326487661,1.00867394641169,0.323236744052126,0.503047069862525,-7.19745149893798,"SCRN3",0.205125814655981,0.490479276511172,""
"ACSF3",0.0904798146259171,11.7321283252472,0.667473231035857,0.51348460298945,0.677100116734346,-7.27411187585948,"ACSF3",0.276098841181501,0.289472574339288,""
"FGA",0.0904169799556609,14.8071074686675,0.438944480761821,0.664645338668542,0.788993167242665,-7.6156770822295,"FGA",0.32172509469717,0.177410036722726,""
"RPS25",0.0902635423016314,11.1221989388802,0.530194620481129,0.601313268240996,0.745649295366434,-7.5189385688549,"RPS25",0.304050909592809,0.220899213150552,""
"NEK9",0.0901690852622519,11.4973370446315,0.648267514199229,0.524612521817576,0.685589514813655,-7.37174933261436,"NEK9",0.279560534532449,0.280161347578346,""
"BCAP29",0.0900370454719042,9.15986780315349,0.452540819906761,0.655542933174709,0.784021677704145,-7.53750429499585,"BCAP29",0.319697887100232,0.183398859991779,""
"FKBP4",0.0898600772836229,12.092286916502,0.84145380191221,0.40843628757053,0.586819605937177,-7.35268647863765,"FKBP4",0.239285460417971,0.388875679926104,""
"SQSTM1",0.0898188268651108,11.3088982488821,0.690890579685504,0.496291791022319,0.663036446459978,-7.46972930803815,"SQSTM1",0.27036414557365,0.304262908246548,""
"HLA-DRB5",0.0897509003831463,10.0043410218009,0.322489039002276,0.750623312800465,0.854385517665023,-7.5355524913468,"HLA-DRB5",0.348389913868706,0.124577951429234,""
"TUBG1",0.0896510973009352,10.6147133690988,0.427492031421589,0.67339429279775,0.795400109775964,-7.54689897684387,"TUBG1",0.324337632142137,0.171730568697778,""
"KIAA1217",0.0894268162428347,12.0460779989234,0.632452334870685,0.533097137617859,0.691311285846086,-7.50920974776244,"KIAA1217",0.281893681895028,0.273193649345429,""
"MTHFD1",0.0890128105517949,14.4755856731287,1.1361775985023,0.267149446894042,0.450464481179433,-7.06183105357159,"MTHFD1",0.183684389019038,0.573245720643022,""
"DUSP3",0.0887536624000358,15.352476389723,1.01443735074635,0.320536502552624,0.500750802568564,-7.19163876973197,"DUSP3",0.204189473451429,0.49412250606876,""
"PLCB1",0.0887361655287542,9.43866412001708,0.523028346784283,0.609194465420421,0.754162448842194,-7.21077428943052,"PLCB1",0.307522289602008,0.21524405091756,""
"TBC1D15",0.0887111989146145,14.367749438969,0.707163992715961,0.486923709277987,0.655183665234415,-7.41211494595075,"TBC1D15",0.26716204333966,0.312539078282387,""
"HSPA2",0.0881044595802258,15.9726777258995,0.487615991350195,0.630265877206598,0.76660473462188,-7.59244035291092,"HSPA2",0.312595838698394,0.200476205078155,""
"IDE",0.0879749892924355,12.474843338112,0.869478627423137,0.393235761072434,0.573538460141616,-7.32849996840764,"IDE",0.233869852189453,0.40534699406927,""
"ALB",0.0879317442195848,20.1092832498995,0.739040165593803,0.467080860987539,0.637184703139647,-7.43468522053494,"ALB",0.259822666999271,0.330607927911946,""
"MAP2K2",0.0872781963489775,11.4350022060026,0.838942333061032,0.409816457128934,0.588507125089317,-7.35481754970581,"MAP2K2",0.239973574436655,0.387410605483933,""
"HNRNPR",0.0871921648364555,10.2723837482769,0.473004835660534,0.640891211319012,0.773610563810634,-7.55394354136419,"HNRNPR",0.315452582144045,0.193215683950068,""
"ABCC1",0.0870066690758176,10.4305933393572,0.414901807139167,0.683145560568914,0.801624679929574,-7.47095596156994,"ABCC1",0.326875804214169,0.165486749588564,""
"ILKAP",0.0869089734903348,10.1211276480351,0.61527844733902,0.545345336559115,0.702162493454776,-7.42308307550756,"ILKAP",0.286318442387802,0.263328396318309,""
"NEB",0.0857247854941008,18.1325708057405,0.602269644220253,0.552667564789821,0.708980085355655,-7.52828038389393,"NEB",0.289098428946599,0.257536022746156,""
"LMNB2",0.0855992282527378,15.3236353282561,0.978315578361773,0.337719957205525,0.518537831288741,-7.22756660785298,"LMNB2",0.211442430431245,0.471443274430812,""
"RPS3A",0.0855232484063997,13.184333168192,0.716901327668455,0.480384412153136,0.649562286679364,-7.45107901170953,"RPS3A",0.264869832680508,0.318411093329312,""
"GATD1",0.0854705491777459,11.0883903165887,0.546800786797514,0.590307978278215,0.737112318425939,-7.47674337822028,"GATD1",0.300569815169385,0.2289213470536,""
"PSMD13",0.0853940551204619,13.8628807247828,1.34022399501389,0.192778004159142,0.360608266603572,-6.81508380002425,"PSMD13",0.147044022101061,0.71494252031527,""
"PSMD14",0.0851654930582573,12.9096556799778,0.750322207302983,0.460385723288883,0.631632237469338,-7.42614769353191,"PSMD14",0.257558556715749,0.336878152446663,""
"PRPF6",0.0851619461126578,13.1884160095071,0.692193432529686,0.496091905196886,0.663036446459978,-7.41739312638544,"PRPF6",0.27036414557365,0.304437859351652,""
"FBLN2",0.0850329743658964,10.2942717281898,0.418686844692333,0.679523614672324,0.799464240737139,-7.57898437108436,"FBLN2",0.325994849178522,0.167795446151976,""
"WDR26",0.0846681354479415,9.8733359305977,0.469185338724905,0.644602917212586,0.774822994146334,-7.43858104783445,"WDR26",0.315946970791199,0.190707733377731,""
"FGG",0.0844474500322576,14.6721740722056,0.475004976988046,0.639096438787518,0.772413798306737,-7.5986911343277,"FGG",0.314964581092759,0.194433602447124,""
"ARHGAP1",0.0839405575702656,12.5063387780993,0.593687957361449,0.558299686238372,0.713154838890371,-7.53353756112958,"ARHGAP1",0.290800754178372,0.253132616220826,""
"AHCYL1",0.0838097456430837,11.1173777349066,0.581918006285003,0.567500811770278,0.721219948173417,-7.39706719047133,"AHCYL1",0.294089436711453,0.24603351290647,""
"RAB11B",0.0837574002927912,15.0937584461432,0.74298746688291,0.464731889597015,0.635177969449215,-7.4317121989798,"RAB11B",0.259004387940097,0.332797525496531,""
"DMD",0.0837385498018275,14.888800352753,1.04536855696803,0.306313111040764,0.487483363666202,-7.15992506719663,"DMD",0.198779454436729,0.51383441380135,""
"TNKS1BP1",0.0834996065791724,9.76010240453806,0.234360655490404,0.821511863511016,0.893832832473841,-6.92384960791325,"TNKS1BP1",0.364475212980698,0.085386160506256,""
"WDR1",0.0833651606428347,16.2546544562391,1.03463387448716,0.311198143023226,0.491799605374088,-7.17103000048102,"WDR1",0.200539473825817,0.506963003189971,""
"EIF3G",0.0830538679382968,11.6646427988201,0.693907129455562,0.494431756147565,0.662172993024956,-7.46760028350166,"EIF3G",0.270012058065567,0.305893643346533,""
"RPS7",0.0827231622788496,11.4722958182582,0.521387185436801,0.607104329394199,0.752178610703982,-7.55137667487813,"RPS7",0.306713346585289,0.216736670066754,""
"RPL27",0.0824658352737657,13.1008791125577,0.766145081525269,0.451092747550408,0.623684755308825,-7.41396622813551,"RPL27",0.25431783859948,0.345734155221415,""
"TPT1",0.0824225487053969,15.7617631821599,0.922168685537254,0.365658664651223,0.545628309818457,-7.28101860879236,"TPT1",0.222489023902801,0.436924131071596,""
"NARS1",0.0821337993594575,14.2875132310429,1.07251176247625,0.294203092996295,0.479552976397767,-7.13138001426271,"NARS1",0.195545707047206,0.531352765788765,""
"SEC31A",0.0819536521339259,12.8568545999021,0.549164979595054,0.587988061320144,0.735820652163643,-7.5596343929161,"SEC31A",0.300043116754484,0.230631491875257,""
"FN3K",0.0817652019284569,14.7860663142002,0.933989621536258,0.359652238529679,0.540611715689044,-7.27000867851908,"FN3K",0.220443424158277,0.444117232240544,""
"C4A",0.0816915050496743,12.6778528237455,0.514104467429886,0.611901022758411,0.754853761695937,-7.5787887418742,"C4A",0.307804183923239,0.213318820903755,""
"TWF2",0.0814499736258263,14.2176665211445,0.908401500442824,0.372737497326314,0.551589822827255,-7.29367657054233,"TWF2",0.224919930046129,0.428596915100336,""
"RPLP0",0.0812660690730667,14.5370394656284,0.919660028744683,0.366941879153002,0.547257768700309,-7.28333836139278,"RPLP0",0.223153462880011,0.435402719295776,""
"CCT6A",0.0804058721969376,12.1579759708454,0.955959540631736,0.34866504708813,0.530786896152249,-7.24920026780649,"CCT6A",0.216437190483397,0.457591587518201,""
"NUDT19",0.0793746162443831,12.2218365258279,0.504912836493057,0.618245201909405,0.759888532862184,-7.58360599891987,"NUDT19",0.309857195657042,0.208839245435497,""
"PTMS",0.0792752687764562,10.8774392404381,0.537253232170717,0.59809815999417,0.743918702261328,-7.37629106770123,"PTMS",0.303345231452949,0.223227533661472,""
"EIF4A1",0.0791152610382557,13.2013200749848,0.672284030493377,0.507852088008402,0.672592631133755,-7.48266426472494,"EIF4A1",0.274260838912401,0.294262757628326,""
"PRMT5",0.077823459411654,12.2113512550956,0.948428551686261,0.352405501081467,0.533642615923365,-7.25638365359293,"PRMT5",0.217601657746151,0.452957320831276,""
"TF",0.0777457392892167,17.1487515016832,0.515197888937563,0.611148372899181,0.754828923974811,-7.57821003084308,"TF",0.30779405592909,0.213853340152269,""
"RUVBL1",0.077389551123531,11.6919481170613,0.7164077445676,0.480683498226696,0.649562286679364,-7.45143907119519,"RUVBL1",0.264869832680508,0.318140786862617,""
"GDE1",0.0773881464667294,10.3136297661378,0.327003416485239,0.747681850781522,0.852875829787452,-7.47113785399775,"GDE1",0.34777431351177,0.126283161283373,""
"SELENOO",0.076995619063883,10.8207480878005,0.436119647379376,0.666664884762737,0.790387282597744,-7.61695201850562,"SELENOO",0.322293568434653,0.176092419863798,""
"PSMC5",0.0769446429896004,12.6961561195841,1.05533244424842,0.301827447503351,0.485952919848876,-7.1495239676868,"PSMC5",0.198155390499928,0.520241269009639,""
"TALDO1",0.0768039743220541,15.6384526757359,0.773238055221662,0.446963861196925,0.61827480461363,-7.40842704369515,"TALDO1",0.252111841168854,0.349727589882018,""
"NAP1L1",0.0767731459380894,13.6724795148649,0.649883242183005,0.521966982080632,0.683380376356253,-7.49778555127661,"NAP1L1",0.278659721561039,0.282356968173429,""
"YME1L1",0.0766432184160948,10.6364567034504,0.272514246675198,0.788735112123599,0.876708722660209,-7.44458686365625,"YME1L1",0.357492572217599,0.103068825254738,""
"IGBP1",0.0765549939552006,11.5808648124825,0.987554219813506,0.333693565566313,0.513733719553947,-7.19476046797785,"IGBP1",0.209483473919348,0.47665216753156,""
"BCAP31",0.0763305108023165,11.7251674665866,0.691767289297219,0.496354316985082,0.663036446459978,-7.41769421292575,"BCAP31",0.27036414557365,0.304208196541298,""
"AHSG",0.0752164052332436,14.0214064019774,0.450029243482357,0.65674566626059,0.784476668129302,-7.61059595856676,"AHSG",0.31988341701823,0.182602784358903,""
"TSSC4",0.074931956548653,11.5220755674902,0.406189530871541,0.688733279247617,0.806895952607577,-7.55812860734167,"TSSC4",0.329025253375347,0.161948931615499,""
"PICALM",0.0748364632694383,10.5136165340885,0.367817835155005,0.716387661401172,0.829409986622231,-7.62186290369559,"PICALM",0.338205725432784,0.144851902766517,""
"ACSL3",0.0748340455488439,12.5097945540866,0.813865247020136,0.423758711072189,0.599208216941011,-7.37576648852461,"ACSL3",0.244337122731225,0.372881361044441,""
"SH3BGRL",0.0746270873774417,10.69405374955,0.426731532763277,0.674664594498837,0.796296539794902,-7.4309888397572,"SH3BGRL",0.324703166401122,0.170912080443851,""
"CBR1",0.0742349882363147,15.1983890957597,0.577859536467234,0.568765095938363,0.721865057461461,-7.54304186229484,"CBR1",0.294352490759831,0.245067063309381,""
"MT-ND5",0.0740835584465422,10.9260460065702,0.290530402552947,0.774274477651192,0.867477208845948,-7.60000257371278,"MT-ND5",0.353728268825124,0.111105056115436,""
"DUSP22",0.0738944500663568,10.7236488568669,0.423363509297854,0.676571653275662,0.797239920540723,-7.51755755654699,"DUSP22",0.325087845600367,0.16968620206068,""
"PSMB5",0.0738124479572377,13.8720265811796,0.83283280076696,0.413186227463236,0.590497435877725,-7.35997662628978,"PSMB5",0.240785156784212,0.383854163039164,""
"ACTA1",0.0737328117588447,20.9523393180182,1.00125219934357,0.326737118778387,0.507115853548668,-7.20489195605842,"ACTA1",0.206784928918404,0.485801524952433,""
"VAMP2",0.0732531525706559,10.7503702447629,0.373262118756787,0.714586223346886,0.827659154681825,-7.28118695676276,"VAMP2",0.337491794571007,0.145945360904501,""
"PLCD4",0.0731268429565493,13.8633562150293,0.94044320459527,0.356401029701301,0.536852498423749,-7.2639428603053,"PLCD4",0.218910540755888,0.448061049885031,""
"EEF1A2",0.0726726802120368,17.9309323577874,0.793121454853926,0.435512128470832,0.607128938959339,-7.39264078184521,"EEF1A2",0.247566928954164,0.360999745927015,""
"SNX6",0.0726646923676793,10.3634613666438,0.445961770844128,0.660003776894688,0.786071914054347,-7.56136970538324,"SNX6",0.320533905092917,0.180453579185664,""
"SMARCC2",0.0722830830605581,9.7546033730417,0.485020810393793,0.63295924839698,0.768900411253038,-7.49521094794679,"SMARCC2",0.313531939050358,0.198624250118564,""
"PDK4",0.0722351060862749,11.6125144984196,0.211381332747397,0.834637801429243,0.900392571924303,-7.62070523450548,"PDK4",0.367150055911549,0.078501949626282,""
"APEH",0.071450752297828,14.8584369613209,1.02302767804175,0.3165409842316,0.496405642121008,-7.18291856793134,"APEH",0.202417661964962,0.499570051607765,""
"CDC37L1",0.0711138478218469,11.8323485257855,0.306949298654535,0.76207164095086,0.862177146568335,-7.56179177923543,"CDC37L1",0.351567080225576,0.118004199517171,""
"PPTC7",0.0710665126833412,10.6932735542038,0.337223041949943,0.741824575548231,0.849240774087615,-7.16893677174873,"PPTC7",0.346292059054046,0.129698783236859,""
"HDLBP",0.0709097158107586,11.1242281699622,0.414135872098577,0.682468566395029,0.801158751855034,-7.62659694080406,"HDLBP",0.326685814287606,0.165917346859461,""
"PDAP1",0.0706599932552336,13.3994456339165,0.765629377538712,0.451393836767383,0.6237277904553,-7.41436706726207,"PDAP1",0.254335386896664,0.345444374979545,""
"MOCS3",0.0704915645511583,9.96378073242786,0.412206518676209,0.686059428101845,0.804384302837968,-7.36580278799174,"MOCS3",0.328001086381864,0.163638263041299,""
"IQGAP1",0.0702439643617385,12.889555611521,0.622878502443726,0.539264235968612,0.69615437227883,-7.5153566422067,"IQGAP1",0.283868530988647,0.268198381188783,""
"APOA1",0.0700984574497774,16.6391444437336,0.40543447755801,0.688765482956083,0.806895952607577,-7.63027870106202,"APOA1",0.329025253375347,0.161928625400685,""
"SCFD2",0.0699250775034095,11.92737993801,0.723354060237808,0.476484326316687,0.646973242465846,-7.4463500242299,"SCFD2",0.26381410681449,0.321951380662861,""
"PSMA5",0.0696822109542108,15.2017362854024,0.979699658394298,0.337050136489762,0.517787166201664,-7.22621206862809,"PSMA5",0.211136334249108,0.472305492655917,""
"FAF1",0.0696149746291823,11.6802396470417,0.469982286872899,0.643478452645665,0.774447153688769,-7.49595778119958,"FAF1",0.315793715589733,0.191465991189686,""
"XIRP1",0.0690073244335601,16.1963845281329,0.321494672242721,0.750630938740007,0.854385517665023,-7.6618256465484,"XIRP1",0.348389913868706,0.124573539247274,""
"SRSF1",0.06900013194862,11.6364628310577,0.557000325477963,0.583444912114579,0.732652974279728,-7.47094318541148,"SRSF1",0.298751443379499,0.234000143036043,""
"RPS6KA3",0.0680463536137417,13.6667353428557,1.04095189351417,0.308316420786125,0.488594460847115,-7.16450673903285,"RPS6KA3",0.19923252280359,0.511003344339693,""
"OLA1",0.0680415308323017,14.2909158802269,0.787572561130126,0.438689749845368,0.610666373568795,-7.39708456432825,"OLA1",0.249009376787635,0.357842512934014,""
"UBE2F",0.0678627713769142,11.2858276631986,0.455616678458011,0.652779066417259,0.783006575057081,-7.60798751956085,"UBE2F",0.319283962102129,0.185233781161735,""
"MYPN",0.0678185743532609,14.8548794768393,0.716000599594874,0.480930288425427,0.649562286679364,-7.45173589692822,"MYPN",0.264869832680508,0.317917870707841,""
"MPI",0.0675154770451574,15.1318742015626,0.758959245968959,0.455299019541535,0.626621157709327,-7.41952836944806,"MPI",0.255515205547121,0.341703284917287,""
"RTN4",0.0674170983447659,15.6598980390954,0.55390405412031,0.584791325347347,0.733745187700178,-7.55695078164513,"RTN4",0.29919681157876,0.232999078221402,""
"AP1G1",0.0668593926816605,9.62478422426455,0.268818784573518,0.79114386300073,0.877190420373421,-7.51580598983297,"AP1G1",0.357688992476776,0.101744536443682,""
"KRT2",0.0666994813276567,17.9957275188385,0.202325495715633,0.841375040608967,0.904161017773479,-7.69418222536638,"KRT2",0.368686702422601,0.0750103754739738,""
"CUL3",0.0664792644147365,13.9262956415987,0.850323342527594,0.403585664428941,0.581895300551954,-7.34511234875842,"CUL3",0.237277492944798,0.394064268525259,""
"HARS1",0.0662167517665324,12.1685251592138,0.846941233635481,0.405430947981657,0.583673728935363,-7.34800931667332,"HARS1",0.238002676715481,0.392083103140138,""
"CBX3",0.0660752226809311,10.3344335788391,0.51607922735066,0.610542026979606,0.754593516221907,-7.57774269300916,"CBX3",0.307698064500089,0.214284435802434,""
"MFN1",0.0660361154143754,10.3808197216815,0.385263138368467,0.703759845064813,0.819764215130441,-7.59290042682916,"MFN1",0.334272501578047,0.152575516648711,""
"CENPV",0.0657042439657847,12.2089122843262,0.438535404738673,0.664937637801994,0.788993167242665,-7.61586221268485,"CENPV",0.32172509469717,0.177219083762264,""
"ARL1",0.0654199303133574,12.2896754564408,0.350566913146306,0.728984984828772,0.83848185831776,-7.65171543150153,"ARL1",0.341904932094516,0.137281416912706,""
"PHPT1",0.0652711368922265,15.6709674932357,0.810334063663945,0.425745430369858,0.601423913504322,-7.37866810527366,"PHPT1",0.245240609879463,0.370850004729555,""
"PPP2R2A",0.0651821954098004,13.3717030737326,0.639911322751184,0.528318761785837,0.687294680105029,-7.50435786543984,"PPP2R2A",0.280255844058081,0.277103966266726,""
"KRT1",0.0651636799926507,19.8182607701424,0.214680116083368,0.83183834326076,0.898724552062021,-7.69150855589457,"KRT1",0.36646989305282,0.0799610648766268,""
"APOA2",0.0648859726017079,13.7495383956385,0.441819428964154,0.662592619908471,0.787843821428353,-7.61437121177508,"APOA2",0.321256429813491,0.178753405687498,""
"KYAT1",0.0648242363863556,13.2878463041596,0.721546118629464,0.477575197359151,0.647782092342128,-7.4476790937179,"KYAT1",0.264143928812762,0.320958236170485,""
"SEC22B",0.0646779452770563,13.5117277710333,0.745918839198398,0.46299201187004,0.634011070800026,-7.4294945698433,"SEC22B",0.258528565595875,0.334426501920902,""
"PSMD7",0.0644454186614727,12.9563338961436,0.613425873486775,0.545390364412987,0.702162493454776,-7.5213366554864,"PSMD7",0.286318442387802,0.263292539146929,""
"COPS5",0.0644104581824223,14.0249782274876,0.892444437412323,0.381054573112004,0.561285737646194,-7.3081255292872,"COPS5",0.228873600677017,0.419012821951269,""
"VPS45",0.0639652148685119,10.6475612868899,0.40473457226547,0.689786054045944,0.807430546699179,-7.55874055588187,"VPS45",0.329243243013136,0.161285590357316,""
"BNIP3",0.0637028173535459,11.2716970471844,0.501459180909121,0.620835815552849,0.760955933238653,-7.56187156283307,"BNIP3",0.31029244592467,0.20702323690403,""
"EPB41",0.0634725254967545,12.9709393990506,0.31104440732374,0.758464168143144,0.860715483436034,-7.66524799706895,"EPB41",0.350971062757772,0.120064931614611,""
"EIF1",0.0633779181354868,14.1509511340435,0.641196657323222,0.527497700721955,0.687294680105029,-7.50351623523857,"EIF1",0.280255844058081,0.277779429046277,""
"DDX19B",0.0625087725623139,12.2334082794678,0.681194636538,0.502297212083331,0.667087991175171,-7.47651214007483,"DDX19B",0.272016230358771,0.299039232312649,""
"BZW2",0.0623724232561749,14.3180812484197,0.708113322267159,0.4857256072921,0.654186676738819,-7.4574541427556,"BZW2",0.266755504688282,0.313609000063097,""
"RPS9",0.0622690996918891,11.3154234255876,0.334021361046096,0.741277260841643,0.848953789727404,-7.65757558654625,"RPS9",0.346175036405056,0.13001932193743,""
"DAG1",0.0620831583665424,15.5772844846723,0.762092181349911,0.45346225491329,0.625169494826463,-7.41710948243639,"DAG1",0.254923265847453,0.34345885670773,""
"HSPG2",0.0615726851415594,15.2175164914308,0.676368876975065,0.505301342523601,0.669834387356436,-7.47985365251226,"HSPG2",0.273136119108354,0.296449547893143,""
"ALDH1A2",0.0607817196241172,11.8040318263041,0.275207536354627,0.786702161205332,0.876086219988194,-7.44477340573915,"ALDH1A2",0.357238736393135,0.104189656748041,""
"COPS6",0.0596019163174528,13.177683845584,0.451272084091548,0.655862460235951,0.784076174267039,-7.61001848676181,"COPS6",0.319720108980707,0.183187226208725,""
"CAMK2B",0.0595111778291617,15.7701738070753,0.758776983568855,0.455406012590985,0.626621157709327,-7.41966879898382,"CAMK2B",0.255515205547121,0.341601239821339,""
"ENSA",0.0594802134873529,13.2005829560498,0.825450759989655,0.417281078599971,0.593590147949131,-7.36616277130412,"ENSA",0.242046261601534,0.379571307706043,""
"KHSRP",0.059454343831348,11.5900399333076,0.65811539022351,0.516755012369966,0.679665829688806,-7.49228599003089,"KHSRP",0.277145053338349,0.286715302152904,""
"CCDC51",0.0590270318579815,12.0614977318714,0.57971173152341,0.568307754037083,0.721865057461461,-7.46975993408698,"CCDC51",0.294352490759831,0.245416418365715,""
"MAP2K4",0.0584667815380211,12.3079932399425,0.734545406328138,0.469764125880214,0.639847314349318,-7.43805215233805,"MAP2K4",0.260908391032302,0.328120151728574,""
"CLPB",0.0584103180014122,12.2067092277103,0.353033304016604,0.727158853156972,0.838150881085483,-7.65081786237061,"CLPB",0.341769970619793,0.138370703978133,""
"CPSF7",0.0581960662763219,9.33599737059596,0.37762393162086,0.709188113829105,0.822991773010123,-7.61807912552164,"CPSF7",0.335588592017854,0.149238551894709,""
"RAP1A",0.0579618258232344,13.0348733479234,0.719146781377023,0.479025144952084,0.649441006562228,-7.44943799814022,"RAP1A",0.264820378694351,0.319641689033623,""
"APRT",0.0566061301581371,13.1424859427304,0.476044508066448,0.63836644608023,0.772245293436097,-7.59818195574328,"APRT",0.314895870427428,0.194929948513798,""
"UBE2G2",0.0565542979342091,11.146401508433,0.43060901434804,0.670779374131842,0.793949780299972,-7.59593631578456,"UBE2G2",0.323746236161312,0.173420300029048,""
"F12",0.0559534850190566,10.4630730351722,0.297880668483929,0.768602512432071,0.86580091700873,-7.62387633788236,"F12",0.353044732930949,0.114298200233886,""
"C4BPA",0.0558727538725794,11.9912931301606,0.278674339458293,0.782892275334368,0.873945823587437,-7.67513652123776,"C4BPA",0.356365954139355,0.106297992024326,""
"SSU72",0.0555673597288848,10.6662083537013,0.26908802786752,0.790272067734922,0.876708722660209,-7.65446182032519,"SSU72",0.357492572217599,0.102223367982287,""
"RPL30",0.0549569572738555,11.2432208533404,0.502445834999949,0.619953152484752,0.760525470386352,-7.58488445551451,"RPL30",0.310116917532702,0.207641127253463,""
"CRADD",0.0547350210882964,11.6168736410954,0.421855365583132,0.676901819327029,0.797239920540723,-7.62326614413781,"CRADD",0.325087845600367,0.169474318636339,""
"MAT2A",0.0545067053710664,12.6144664035459,0.506752186864316,0.616973211553793,0.758907548104517,-7.58264881699062,"MAT2A",0.309457182796145,0.209733692250281,""
"WASHC5",0.0541407999678931,10.7182466800016,0.452921291691463,0.655061748155074,0.784021677704145,-7.55813590402802,"WASHC5",0.319697887100232,0.183717760131796,""
"CRKL",0.053980619612684,12.9997456904812,0.59351470715862,0.558413694602838,0.713154838890371,-7.53364294076954,"CRKL",0.290800754178372,0.253043939565563,""
"STIP1",0.0539713947656129,15.598265126483,0.658784664860363,0.516332542620299,0.679422407806573,-7.49183594024073,"STIP1",0.27704579401474,0.287070502039676,""
"JCHAIN",0.053953803441722,12.1458987377171,0.129304315892844,0.898297356796528,0.939621687893734,-7.65593926175012,"JCHAIN",0.383146380815424,0.0465798782109509,""
"COPS4",0.0536029868093593,13.9978454900524,0.688285658902488,0.49790120104894,0.664022943803386,-7.47156064173306,"COPS4",0.270766406283126,0.302856826107955,""
"MARS1",0.0529283917852652,12.2138451992244,0.272656733587038,0.787561201889343,0.876360870842652,-7.65345821759591,"MARS1",0.357350729849895,0.103715686922442,""
"MLIP",0.052904511399225,13.1702886234081,0.438595801615669,0.664894478708561,0.788993167242665,-7.61583489030762,"MLIP",0.32172509469717,0.177247273420035,""
"ATG4B",0.0523841487852348,11.1781937668681,0.306276277376873,0.762162187567396,0.862177146568335,-7.64335932217617,"ATG4B",0.351567080225576,0.117952601271249,""
"DCAF8",0.0519664047093524,12.1253811755986,0.355646385759013,0.725225907953441,0.836596754761285,-7.64986011597166,"DCAF8",0.341136249746682,0.139526689573444,""
"MAPK3",0.0519452352520453,11.4385461913753,0.395784214447622,0.695775979218201,0.812779939805098,-7.63427175381044,"MAPK3",0.33142454707891,0.1575305687949,""
"SCFD1",0.051810542710987,12.9025051371648,0.601097004583755,0.553435410946859,0.709647018875408,-7.52900306599312,"SCFD1",0.289370382188664,0.256933056458507,""
"APPL1",0.0514057670583252,13.2893910958476,0.628564588662942,0.535596894045177,0.692574419144488,-7.51171681979644,"APPL1",0.282408745519043,0.271161950149483,""
"PPP6R1",0.0512217558641872,10.1520450090181,0.255203305552552,0.802304774928245,0.884556335568757,-7.36669849247552,"PPP6R1",0.360692566984312,0.0956606230800458,""
"SARS1",0.0503705816760487,11.8666146700866,0.645772727643799,0.52458017395415,0.685589514813655,-7.50050660710468,"SARS1",0.279560534532449,0.280188127213105,""
"THRAP3",0.0503567339047954,11.0433917486273,0.342671205091103,0.73607218988989,0.844620523370679,-7.44595257871485,"THRAP3",0.344408074932072,0.133079590372584,""
"LTN1",0.0503031931771645,10.1117706920168,0.233634461736828,0.818076186422824,0.89310799974223,-7.49864956952697,"LTN1",0.364179650371414,0.0872062491376149,""
"COPS2",0.0497156465852928,13.9774723291476,0.633870341108516,0.532186947518436,0.690756935962705,-7.50829160434208,"COPS2",0.281667636504357,0.273935781213101,""
"ACTR3",0.0494903642778759,11.2056584156891,0.444831102863369,0.660445166810414,0.786270410736858,-7.61299424329729,"ACTR3",0.320614845418675,0.180163233674281,""
"MRPL39",0.0487692985535126,11.8566900756196,0.399902650012905,0.692780685807421,0.810273119240228,-7.63257925030376,"MRPL39",0.330402349274029,0.159404228617997,""
"TSG101",0.0484312024154061,11.8441279991249,0.332409429523186,0.742478647768,0.849310107878503,-7.65813150667812,"TSG101",0.346320331061163,0.129316031290038,""
"ATP1A1",0.0480341075320219,11.7802910711979,0.55203145400198,0.586053457674596,0.734622017250565,-7.55801387118106,"ATP1A1",0.299554353420493,0.232062767404771,""
"ARMC1",0.0479110861082201,12.1727751328551,0.436237127037495,0.666580844156425,0.790387282597744,-7.61689915767588,"ARMC1",0.322293568434653,0.176147171018569,""
"H1-2",0.047846655874153,12.8437592938784,0.414937998760827,0.681889266740184,0.801050365463138,-7.62625366270619,"H1-2",0.326641617932499,0.166286145502276,""
"STBD1",0.0477447689419268,15.1939694526352,0.471646527074963,0.641457392178656,0.77364140599044,-7.60032869024664,"STBD1",0.315465158556149,0.192832185674467,""
"H4C16",0.0472581008075146,17.4600153102172,0.440314161740509,0.663667048741052,0.788466207346156,-7.61505598638375,"H4C16",0.321510218029481,0.17804974466802,""
"EIF3D",0.0471987380727033,11.816954751927,0.447623134836519,0.658456981080156,0.785537257128556,-7.61170947946933,"EIF3D",0.320315889833442,0.18147259350371,""
"UBE2L3",0.0470998712835282,14.8714047799142,0.499687683603279,0.621865256973969,0.761891423569991,-7.58630653356288,"UBE2L3",0.310673907676094,0.206303706132252,""
"CSPG4",0.0470128961272014,10.9510380701551,0.241426088218318,0.812311767919646,0.889719203898211,-7.4182865629934,"CSPG4",0.36279781246826,0.0902772551178086,""
"ACY1",0.0468377746991422,13.989681068662,0.51092929728148,0.614089100826969,0.756249142240441,-7.58046243489035,"ACY1",0.308373173562767,0.21176861063397,""
"CDC34",0.0467670000943183,11.6958677469911,0.347210865696939,0.731472451793318,0.840415157379557,-7.65292676074155,"CDC34",0.342693266961734,0.135802025327373,""
"ABLIM2",0.046680174293753,13.7855278361304,0.596153391335158,0.556678597880215,0.711891933482206,-7.53203472245572,"ABLIM2",0.290285783480393,0.254395475300204,""
"PML",0.0464182087348295,10.5385241401091,0.320106369539225,0.752595086781877,0.855831455267681,-7.49998017739354,"PML",0.348979518990088,0.123438621241353,""
"HNRNPDL",0.046086992202115,15.7104487101605,0.642208513083726,0.526851822975927,0.687260673362399,-7.50285252974251,"HNRNPDL",0.280241977242819,0.278311512894879,""
"ZYG11B",0.0460029767583432,10.4521415735502,0.267057011083489,0.791816083923174,0.877343256751112,-7.65502712270359,"ZYG11B",0.357751314053346,0.101375680800362,""
"BAX",0.0454265026334237,12.4965346282671,0.434993353342248,0.66747081963615,0.791015107991164,-7.61745809158205,"BAX",0.322549574687353,0.175567715952917,""
"EIF3M",0.0446271770285662,13.0881366172488,0.374083229443097,0.711641381010781,0.824582037430306,-7.64290414936801,"EIF3M",0.336237048801029,0.147738806200652,""
"HS1BP3",0.0444973919672549,10.5727219750536,0.343928684754402,0.734180972558193,0.843162804418737,-7.6031138295692,"HS1BP3",0.34381366576945,0.134196875103159,""
"PFDN5",0.0443388933214326,12.2509047233124,0.363612326617306,0.719344885152185,0.831824267194163,-7.64689732446368,"PFDN5",0.339190188515455,0.143062840066607,""
"IGHA1",0.0443289638819575,15.3724278914932,0.107028847008076,0.915659650220765,0.949843392146368,-7.70949257790318,"IGHA1",0.387314450838309,0.0382659231644946,""
"ARHGDIA",0.0440240949020172,15.5691340259919,0.49218725198634,0.627078694279916,0.764999993910301,-7.59013491206996,"ARHGDIA",0.311941478966482,0.202677954628658,""
"KPNB1",0.0440017620460669,14.100674642142,0.704972006457902,0.487643108517542,0.655843316060717,-7.45971467504211,"KPNB1",0.26743102694227,0.311897908952451,""
"POR",0.0439230882387012,11.4210802494912,0.242058282716044,0.811094915703976,0.889719203898211,-7.6013381068091,"POR",0.36279781246826,0.0909283209374363,""
"COASY",0.0438987381841454,13.1937471524753,0.429927791056572,0.671100586002853,0.794001602786344,-7.61971825360603,"COASY",0.323767367642582,0.173212381959011,""
"CAMK2D",0.0438138294929917,15.3020208726456,0.339800193325614,0.736975777183434,0.844703513936319,-7.65556069941141,"CAMK2D",0.344441915716376,0.13254678623654,""
"ECM1",0.043690939227,11.0911634475677,0.222695991047249,0.825746890297237,0.895863381361142,-7.66631155922012,"ECM1",0.365303203082738,0.0831530531549174,""
"UCHL1",0.043500559990008,13.5072978083942,0.248916760286978,0.805552252864319,0.886727133729877,-7.68327519641514,"UCHL1",0.361577746061839,0.0939062834327008,""
"HNRNPL",0.0434013295132925,12.7218774201387,0.507788641127164,0.616256996471175,0.758592483398066,-7.5821079546717,"HNRNPL",0.309328709918651,0.210238137067126,""
"RPA2",0.042754453460395,10.5039278968288,0.383706139694352,0.705717015315813,0.821375395621739,-7.48203990991086,"RPA2",0.334929487237313,0.151369411305161,""
"YWHAQ",0.0424060148621486,12.3152349618301,0.324883958905904,0.748096238103806,0.853008539224339,-7.66069161451573,"YWHAQ",0.347828427993267,0.12604252915568,""
"IFITM3",0.0422238995874231,9.93987897310867,0.216667093134039,0.831616643421791,0.898724552062021,-7.37894625372778,"IFITM3",0.36646989305282,0.0800768275729956,""
"GPS1",0.0421455878234038,13.3143579708022,0.364907920469648,0.718390043371604,0.831391954763256,-7.64640931420437,"GPS1",0.339013905927029,0.143639695464828,""
"PPP2R1A",0.0417632271153732,15.2151677873101,0.607171486669927,0.549463861986594,0.705819377471109,-7.52524465480217,"PPP2R1A",0.287809597704854,0.260060865671628,""
"SKIC8",0.0413822234885455,11.7204893579417,0.491103469499119,0.627833664905491,0.764999993910301,-7.59068340675752,"SKIC8",0.311941478966482,0.202155400820269,""
"TACC2",0.0412476545832305,12.8246100108095,0.471254183022782,0.641733458169161,0.773648339208146,-7.60051925044132,"TACC2",0.315467985691055,0.192645317231422,""
"FGB",0.0411658038639029,14.4505523381197,0.246388577580164,0.807485771290225,0.88797147948926,-7.68392456913282,"FGB",0.36208514875415,0.0928651216341149,""
"VAT1",0.0409671361082964,11.8957670008945,0.332793505074519,0.742192332132164,0.849310107878503,-7.65799928916059,"VAT1",0.346320331061163,0.129483536823522,""
"ORM1",0.0409643677576099,16.2041224093989,0.268887338995027,0.790324425039601,0.876708722660209,-7.67791397876231,"ORM1",0.357492572217599,0.102194595947651,""
"ACE",0.040591630483366,11.6998969753243,0.300492838842712,0.767467473536483,0.86580091700873,-7.47834018758291,"ACE",0.353044732930949,0.114940021535413,""
"NSFL1C",0.0402699940328652,13.6461111335353,0.488927985873673,0.629350372989432,0.765816652846834,-7.59178082712377,"NSFL1C",0.312274485239033,0.201107506078954,""
"PACSIN2",0.0398522916569117,12.1713224101846,0.392274347926656,0.698332660637511,0.815157349565779,-7.6357005124532,"PACSIN2",0.332393975474674,0.155937645768027,""
"GLUL",0.0395796902416858,11.4873735996291,0.253115516712971,0.802343901864603,0.884556335568757,-7.68218216063231,"GLUL",0.360692566984312,0.0956394438489744,""
"PSMD3",0.038404997547941,12.6722707171809,0.466082237060371,0.645377520056846,0.775428405710619,-7.6030166940958,"PSMD3",0.316193837432048,0.190186166117263,""
"ERP29",0.0383934300359261,13.0823961419125,0.321273427742801,0.750796497878243,0.854385517665023,-7.661899263525,"ERP29",0.348389913868706,0.124477761830794,""
"DDX1",0.0383620944271872,14.4109794011033,0.490657215611998,0.628144649087774,0.764999993910301,-7.59090890832237,"DDX1",0.311941478966482,0.201940335455557,""
"PSMD11",0.0380266776051936,13.4534208491487,0.577201123651787,0.569202576751302,0.7221000774212,-7.54343180344494,"PSMD11",0.294448324059715,0.244733142554129,""
"SLC35E2B",0.0372436012305073,15.7574009012326,0.0984238077743652,0.922416779190185,0.954093473033111,-7.71041133394963,"SLC35E2B",0.389047492051501,0.0350728056229088,""
"HNRNPM",0.0370488973284644,13.7001198008364,0.392208322928987,0.698380790054259,0.815157349565779,-7.63572726881244,"HNRNPM",0.332393975474674,0.155907715018655,""
"PITPNB",0.036954876100932,12.1357242422422,0.277076457636897,0.784104272784895,0.874213645777316,-7.6755967237012,"PITPNB",0.356475163094487,0.105626179555513,""
"FAM114A2",0.0359450823075385,12.0219388828626,0.272722164063572,0.787409836013698,0.876360870842652,-7.67683744812391,"FAM114A2",0.357350729849895,0.103799164476203,""
"COPS3",0.0357142854240067,13.906771351141,0.350379873418695,0.729123537163525,0.83848185831776,-7.65178324495423,"COPS3",0.341904932094516,0.137198881883644,""
"POTEE",0.0356431650107112,13.5720507818452,0.1103230356472,0.913205965126415,0.948329271477431,-7.62556233476432,"POTEE",0.386697042936921,0.039431260330045,""
"ACSS2",0.0355331904863689,12.2239633146116,0.378338731405901,0.708519455892178,0.822991773010123,-7.64124925453929,"ACSS2",0.335588592017854,0.149648219558229,""
"TXNRD1",0.035432827632599,13.0303940709431,0.512606982841521,0.612932514392787,0.755641022133568,-7.57957935847802,"TXNRD1",0.3081252024686,0.212587339902862,""
"TDRD7",0.0354204723299389,12.7080976260578,0.0911782199715852,0.928144036012024,0.956897777761676,-7.68778190518614,"TDRD7",0.390190993974984,0.0323846216354755,""
"NEDD8",0.0354029290851745,12.7084585561285,0.264976118516218,0.793300294011252,0.878307714297951,-7.67899634656202,"NEDD8",0.358144587668975,0.100562384756504,""
"PRKAA2",0.0348118084196791,14.4362767111669,0.541601725588915,0.593107578218031,0.739962462449871,-7.56387067751951,"PRKAA2",0.301732008828431,0.226866526890207,""
"PDCD5",0.0347039301527285,13.262154327743,0.292518162442475,0.772415469649348,0.867262877260273,-7.67103936139809,"PDCD5",0.353640871554069,0.112149036917408,""
"ARPC4",0.0346622407526525,13.5544765281919,0.185437475525188,0.854862025923978,0.910876812432771,-7.57044422283498,"ARPC4",0.371425179461988,0.0681039744124525,""
"HPX",0.0343399586770783,14.771089245635,0.26751047308036,0.791371651084617,0.877190420373421,-7.67829680241772,"HPX",0.357688992476776,0.101619511307842,""
"OTUB1",0.0343180313376781,14.7055110738099,0.379612530346068,0.70758597959958,0.822991773010123,-7.6407502981561,"OTUB1",0.335588592017854,0.150220780967036,""
"VASP",0.0343016836269214,10.5733386056225,0.230950241265436,0.81959984922025,0.89341121543711,-7.61619093717219,"VASP",0.364303291617244,0.0863981301669129,""
"ANKRD1",0.0343011383080398,11.6324350471228,0.0499553005719933,0.960869008171871,0.974143500314522,-7.26330715825998,"ANKRD1",0.397223224356428,0.0173358141063695,""
"RTN3",0.0342181947092257,12.0781280536896,0.210944999508041,0.834718825565409,0.900392571924303,-7.69233352074495,"RTN3",0.367150055911549,0.0784597916659078,""
"PSMB1",0.03385053898843,15.3177306459509,0.327254201685183,0.746325353898587,0.851667927774224,-7.65989154338025,"PSMB1",0.347281771363467,0.12707180443184,""
"PARK7",0.0337172601559956,16.150584801312,0.359487971197035,0.722387597676717,0.833994878802245,-7.64843941057497,"PARK7",0.340075291522876,0.141229718822459,""
"NME1",0.0335608582687588,12.5746686110527,0.340691456080693,0.736313139695962,0.844620523370679,-7.65524689899905,"NME1",0.344408074932072,0.132937449358239,""
"RPS10",0.0334385998887008,12.9370253541229,0.364321041069823,0.718822510709375,0.831556194684814,-7.64663058624945,"RPS10",0.339080877488394,0.143378330945665,""
"RPL7A",0.0331057205808243,12.5551905989333,0.327748783407016,0.745956015358248,0.851586005566536,-7.65972387137858,"RPL7A",0.347248366219898,0.127286779565354,""
"SYNCRIP",0.0328768604288499,13.9194555544229,0.418071146928869,0.679628405909664,0.799464240737139,-7.62490652804022,"SYNCRIP",0.325994849178522,0.167728477548715,""
"AS3MT",0.0327704124131376,12.2172424036817,0.352203795186819,0.727772843483287,0.838400294306175,-7.65112043231277,"AS3MT",0.341871673011369,0.138004153950932,""
"SEC24C",0.032583109271771,12.6958900744856,0.213981550127227,0.832376888597259,0.89896703968504,-7.69166394278466,"SEC24C",0.366568771416686,0.0796799867184859,""
"CLTC",0.0320686907475896,14.1046325733523,0.44643921644664,0.659299728208113,0.785887472774519,-7.61225522927321,"CLTC",0.320458696091518,0.180917103291245,""
"HSPA5",0.0320385391483899,15.9338136284356,0.298435690724,0.767950468840559,0.86580091700873,-7.66922787614212,"HSPA5",0.353044732930949,0.114666790128544,""
"PSMA4",0.0314494622429606,13.8983993246108,0.266044916339676,0.792486774448238,0.877746574485626,-7.67870213925177,"PSMA4",0.357915773571776,0.101007976847849,""
"MT-CYB",0.0313425220735137,11.4826013618724,0.195182617630003,0.847135448224057,0.905862417995829,-7.61202702254079,"MT-CYB",0.369380476678678,0.0720471449073896,""
"SYNE2",0.0312112785223491,11.9499861443937,0.356154044483863,0.724850598847302,0.836500973347168,-7.6496732382201,"SYNE2",0.341097193281041,0.13975149795656,""
"F2",0.0307275012492632,13.1257517247885,0.212530170988595,0.83349606743358,0.899836192001096,-7.69198517012682,"F2",0.366923182738354,0.0790964449012726,""
"ERLIN2",0.030683694014396,11.7004211859969,0.240466665749354,0.812019645964265,0.889719203898211,-7.68541981262791,"ERLIN2",0.36279781246826,0.0904334633319057,""
"PSMA7",0.0305735423970006,13.4008678418473,0.289858419975318,0.774424971558839,0.867477208845948,-7.67184183390739,"PSMA7",0.353728268825124,0.111020651521775,""
"MAP2K3",0.0303269324251669,12.0579140862933,0.338351590474836,0.738053230584186,0.845599818227359,-7.65606899412549,"MAP2K3",0.344807398707718,0.131912314443489,""
"CFH",0.0302472140369279,13.1598319337992,0.257745669509925,0.79881002010207,0.882659054163401,-7.68095573938125,"CFH",0.359918918915928,0.0975564960700582,""
"AGT",0.0301086154987491,10.4227155065537,0.142861169061675,0.887836806897977,0.933157892523691,-7.60704170553171,"AGT",0.380510660680106,0.0516668544657112,""
"PSMB3",0.0300402159404793,13.3006137876877,0.29624721107246,0.769600815118871,0.86580091700873,-7.66990201434496,"PSMB3",0.353044732930949,0.113734480989162,""
"CAPZA2",0.0299441177842112,17.0728293783655,0.362191825401872,0.720392318319901,0.832362864364779,-7.64743041060017,"CAPZA2",0.339409810475333,0.142430926792351,""
"SNRPE",0.0299378877751035,12.3689076421088,0.203977441224591,0.840098412252364,0.904159628104749,-7.69383386974999,"SNRPE",0.368686135762049,0.0756698360872845,""
"CDH13",0.029726981790402,14.2254757143092,0.339953315965232,0.736861918494807,0.844703513936319,-7.65550684511335,"CDH13",0.344441915716376,0.132613887519715,""
"CLEC3B",0.0293193070999713,11.9805035694615,0.190836399714216,0.850265936040752,0.90733076396295,-7.69652689457092,"CLEC3B",0.369979219183599,0.0704452195896488,""
"PSMB6",0.0292156867787146,14.0099199008272,0.220159754902134,0.827616859598382,0.896466465922181,-7.6902721837056,"PSMB6",0.365549120849287,0.0821706707902997,""
"MAPRE3",0.028467303758374,10.4355922119966,0.202269547916011,0.841492609127486,0.904161017773479,-7.6708232154221,"MAPRE3",0.368686702422601,0.0749496941019958,""
"SHMT1",0.0281496101757934,11.828610130356,0.155424960918101,0.8777918269983,0.925659620069688,-7.70289374237363,"SHMT1",0.377453115297603,0.0566084671297597,""
"KLHL41",0.0278831035339202,18.9555339819532,0.294942273892514,0.770585405689451,0.866227584871645,-7.67030164250699,"KLHL41",0.353218713852837,0.113179220457405,""
"SSBP1",0.0274999408546552,13.3371697618824,0.202224532275143,0.841453079881298,0.904161017773479,-7.6942034245915,"SSBP1",0.368686702422601,0.0749700956320138,""
"UROD",0.027411075646306,11.849388979957,0.203680136841336,0.840328137047905,0.904159628104749,-7.69389677240413,"UROD",0.368686135762049,0.0755510945549959,""
"MRPL50",0.0272813501214291,10.0514465263462,0.1485857787648,0.883639571122541,0.930454912638967,-7.51424563767045,"MRPL50",0.379408475647989,0.0537248438017843,""
"MRPL49",0.0269960412138044,10.384187827369,0.139581058612705,0.890211625660085,0.934624237945401,-7.68196871187844,"MRPL49",0.381108587429342,0.0505067383762833,""
"TUBA4A",0.0265745168882177,16.8602906039491,0.298497312893525,0.767904015329624,0.86580091700873,-7.6692088227893,"TUBA4A",0.353044732930949,0.114693061502138,""
"PFDN6",0.0264515451506231,14.3935955801856,0.276602684698828,0.784463738036925,0.874273838886947,-7.67573266863988,"PFDN6",0.356499707836698,0.105427126945682,""
"TMED2",0.0263989478725328,9.46167733151482,0.119977725110135,0.905837542707841,0.944103076194407,-7.54620131321447,"TMED2",0.38497374147616,0.0429496838153799,""
"ESYT2",0.0263202202398762,14.2913752137355,0.153672239680904,0.879158640954779,0.926418273347782,-7.70317512755484,"ESYT2",0.377762468797571,0.0559327510072353,""
"HNRNPUL2",0.0257735456298711,11.8236202923797,0.261553494793822,0.795907043386192,0.880512546645258,-7.67993056760658,"HNRNPUL2",0.359043644752331,0.0991376519882681,""
"ST13",0.0256822018354086,14.5263694741445,0.279276664796309,0.782435555282733,0.873945823587437,-7.67496236450214,"ST13",0.356365954139355,0.106551422647546,""
"SLMAP",0.0255269132860025,13.7367404002388,0.223518901786075,0.825031599682758,0.895863381361142,-7.68949891528941,"SLMAP",0.365303203082738,0.083529417140943,""
"LYPLA1",0.0254108511802684,13.6757646237792,0.221192559786447,0.826821781312899,0.896349976559665,-7.69003567570729,"LYPLA1",0.365501620373057,0.0825880910924011,""
"RRAS",0.0253107297597683,12.6332603830473,0.240351524393951,0.812107866386039,0.889719203898211,-7.68544852632072,"RRAS",0.36279781246826,0.0903862827477288,""
"PARP1",0.0251789320000047,12.7199077295882,0.249556532817428,0.805063163801956,0.886529732512965,-7.68310982296432,"PARP1",0.36149725243041,0.09417004433462,""
"ESD",0.0251157892887939,16.3756777551313,0.246221657655134,0.807613473483768,0.88797147948926,-7.68396721100907,"ESD",0.36208514875415,0.0927964442964491,""
"PPP1R2",0.0249400590958953,13.3431851958697,0.22478351335492,0.824058852996993,0.895389687652769,-7.68920478328975,"PPP1R2",0.36511004658974,0.0840417705612522,""
"HRG",0.0247094730421935,13.0293744325282,0.116277024939877,0.908404730896257,0.944966660694118,-7.70841943629579,"HRG",0.385325882428052,0.0417206126768855,""
"ELOC",0.0246399440050382,14.3261894780737,0.281011099074579,0.78112084687714,0.873268696782177,-7.67445878250528,"ELOC",0.356089844415483,0.107281771408403,""
"GNPDA1",0.0246330549415461,12.3802456218685,0.28117363295485,0.78099767955146,0.873268696782177,-7.67441143310188,"GNPDA1",0.356089844415483,0.107350256467762,""
"NID1",0.0245793409768815,14.6915814323301,0.300916529554559,0.766081005594086,0.865583828665722,-7.66845772431692,"NID1",0.352956211546212,0.115725305533893,""
"CD34",0.0244306014676887,10.7050054190855,0.118357316747497,0.906914991857989,0.944652621109662,-7.62460254826825,"CD34",0.385197827561112,0.0424334188904979,""
"RPSA",0.0243878687000336,13.4302066176425,0.243390015174766,0.809780651644411,0.888988195245994,-7.68468620989006,"RPSA",0.362499731524566,0.0916326041846117,""
"MRPL30",0.0241450683127926,9.47016349126315,0.0814588090262306,0.936880534108407,0.961061826349544,-7.03534464785322,"MRPL30",0.391888954086524,0.0283157844433814,""
"STUB1",0.0240706422324983,12.676046924069,0.273665460600989,0.78669338396532,0.876086219988194,-7.67657031968662,"STUB1",0.357238736393135,0.104194502200814,""
"GSN",0.0240141168089707,14.3610955844775,0.247939037605822,0.806299852124348,0.887208833825407,-7.68352711004459,"GSN",0.361774167292446,0.0935034198503875,""
"FHOD1",0.0239558168701812,13.2208851672832,0.251253299679194,0.803766424185036,0.885442458051414,-7.68266918418841,"FHOD1",0.361053898173836,0.0948701395917611,""
"CTSC",0.023825763045906,10.3909112756881,0.117270139376959,0.907765912452362,0.944736742341331,-7.63685120284253,"CTSC",0.385232129393306,0.0420261294933575,""
"QKI",0.0237828110339144,11.1581495649772,0.195265790950382,0.847071169727644,0.905862417995829,-7.62412421248545,"QKI",0.369380476678678,0.0720800993251271,""
"FHL1",0.0235699968434311,19.2949234388514,0.281160346046731,0.781007748081713,0.873268696782177,-7.67441530486749,"FHL1",0.356089844415483,0.107344657630456,""
"AP2M1",0.0232906927634335,11.6074440381039,0.200996546928732,0.842556755556209,0.904161017773479,-7.64901852387161,"AP2M1",0.368686702422601,0.074400834913976,""
"CAMK2G",0.0230748988163381,15.7848808187386,0.243991681160336,0.80932004021866,0.888823467039833,-7.68453412970372,"CAMK2G",0.362432560857029,0.091879705562441,""
"CTSB",0.0223862046675567,13.5987910797038,0.219534356321143,0.828098398053581,0.896466465922181,-7.69041486147868,"CTSB",0.365549120849287,0.0819180554944665,""
"COPB1",0.0223062858458256,10.6599884684426,0.168441931938007,0.867714829772877,0.920405680331728,-7.67734397663283,"COPB1",0.375310733931189,0.0616229801285877,""
"C3",0.0220046678997541,14.4049148144872,0.176884060562538,0.861090208672,0.915320154013803,-7.69919054257089,"C3",0.373237025939601,0.0649513490384702,""
"AHCYL2",0.0219326722874769,11.9458636565879,0.181641716394407,0.857395969654005,0.912897048046787,-7.69830490392316,"AHCYL2",0.372248964155208,0.0668185623009397,""
"PRKAR1A",0.0216838277307421,15.611600363463,0.232348647582367,0.818245762863982,0.89310799974223,-7.6874107277255,"PRKAR1A",0.364179650371414,0.0871162349286735,""
"DDOST",0.021591831040185,13.7279095398493,0.128813906590917,0.898583004809626,0.939621687893734,-7.70682292966144,"DDOST",0.383146380815424,0.046441799617016,""
"PRKCSH",0.0215811803404264,13.5293715804127,0.201045218126092,0.842364748381357,0.904161017773479,-7.69445026341034,"PRKCSH",0.368686702422601,0.0744998159723695,""
"PRSS3",0.0215671706466054,13.8505568880003,0.120976774194036,0.904720989330714,0.943282867564482,-7.70784006145026,"PRSS3",0.384639287757054,0.0434853340286459,""
"GLOD4",0.021488186312471,12.9220773111258,0.30372486461872,0.763966501836986,0.8638767792404,-7.6675782693872,"GLOD4",0.352260133733607,0.11692568381475,""
"ITIH4",0.0213794564885426,13.2575325614768,0.126691796765813,0.900244405149203,0.940671590922606,-7.70710463779603,"ITIH4",0.383574496248372,0.0456395690073615,""
"SPARC",0.021327000587581,11.5742294019191,0.190158002441025,0.850861286215841,0.907627656037919,-7.67329423406361,"SPARC",0.370100281868169,0.0701412360862228,""
"NME2",0.0213159009750576,15.9933423535598,0.219774881401149,0.827913192692934,0.896466465922181,-7.69036003617782,"NME2",0.365549120849287,0.0820151969238294,""
"RALA",0.0212951578362883,13.3361004523622,0.122088809808525,0.903849673186911,0.942717844264191,-7.7076996180507,"RALA",0.384408890103006,0.0439037946731382,""
"LMOD2",0.0210805876150744,11.8458986485585,0.194656566339746,0.847307370012171,0.905862417995829,-7.69576244165703,"LMOD2",0.369380476678678,0.0719590160152849,""
"APOH",0.02102753331679,14.1536691068207,0.144289485419867,0.886481948952252,0.932076171161406,-7.70462728759996,"APOH",0.380069570792175,0.0523301033233508,""
"ACTA2",0.021018515648894,19.5300353694819,0.25429904434331,0.801440182882799,0.88424125035103,-7.68187077484266,"ACTA2",0.360564085743004,0.0961288865517192,""
"NCK1",0.0207624216502058,11.0657454829951,0.124644051437601,0.902056176843795,0.941876971224714,-7.58409855358184,"NCK1",0.384066010126999,0.0447664153033276,""
"IMPDH2",0.0203408394209514,14.3792076884713,0.227396398964679,0.822049918158477,0.893832832473841,-7.68859182655291,"IMPDH2",0.364475212980698,0.0851018095614865,""
"PRDX2",0.0201709497448341,17.6984153065421,0.2295890823145,0.820365015432818,0.89341121543711,-7.68807200217471,"PRDX2",0.364303291617244,0.0859928684504789,""
"CMPK1",0.0200478563705389,12.82970465181,0.229929192682118,0.820103746443555,0.89341121543711,-7.68799092652149,"CMPK1",0.364303291617244,0.0861312041310178,""
"LCMT1",0.0200467188134628,13.5695130823887,0.201037644967996,0.842370603537204,0.904161017773479,-7.69445184387665,"LCMT1",0.368686702422601,0.0744967972645683,""
"RPL7",0.0199878605379844,12.7892590419919,0.19219475238177,0.849213686918975,0.907017258658201,-7.69625680533826,"RPL7",0.369851382178101,0.0709830148528554,""
"PURB",0.0199391394804973,12.6219179177464,0.168014753416653,0.867985650319823,0.920405680331728,-7.70077897182608,"PURB",0.375310733931189,0.0614874545912867,""
"MLF2",0.0198701190072743,9.87192755298294,0.0739698631411999,0.94208869492317,0.963073762657453,-7.39847606692726,"MLF2",0.392709354599559,0.0259082077141407,""
"FBLN5",0.0197983479160193,12.6893931336194,0.117670448840517,0.907355015873676,0.944652621109662,-7.68490193160887,"FBLN5",0.385197827561112,0.0422227556431858,""
"CHCHD10",0.0183432171530971,12.7431828775876,0.067907704530532,0.946612119873361,0.965503879927854,-7.55021841028483,"CHCHD10",0.393700275359592,0.0238279393773996,""
"GHITM",0.0182429305620282,10.6549932593939,0.0996403090329312,0.921875770047224,0.954093473033111,-7.47662135726987,"GHITM",0.389047492051501,0.0353275995733412,""
"HSPA12A",0.0180988922893697,10.8601095427313,0.184489682198571,0.855186155712251,0.910883058298646,-7.69776353925806,"HSPA12A",0.371427726317745,0.0679393383727605,""
"SNTA1",0.0177714718832149,14.2955041740231,0.16334667460601,0.87161918049238,0.923227108581303,-7.70158225468748,"SNTA1",0.376461218255341,0.0596732214152874,""
"GSPT2",0.0172588426906302,11.6242525697535,0.0638952679272098,0.949963732380369,0.967887576387546,-7.417173215251,"GSPT2",0.394672267261504,0.0222929748456159,""
"SYNPO2L",0.0172129969690555,13.718796630325,0.146579173871889,0.884693852746793,0.931114678845118,-7.70428133519208,"SYNPO2L",0.379677506298652,0.0532069903926311,""
"H2BC12",0.0171560264083457,15.5281996830834,0.158907030517948,0.875077579510148,0.924159421608134,-7.70232527643295,"H2BC12",0.376841384407975,0.0579534431381053,""
"CEFIP",0.0169576157402176,10.6189026104934,0.13894457964665,0.890658346163275,0.934681470768036,-7.70541369647291,"CEFIP",0.381131925065263,0.0502888580631473,""
"IMPACT",0.0169518390257544,10.81387869632,0.111919696194195,0.912008584588988,0.94742960765651,-7.58567420970967,"IMPACT",0.38633019004136,0.0400010737087764,""
"PPIA",0.0169394478886389,17.3141928975857,0.135239813957077,0.893555074972716,0.936416925877668,-7.70594139922344,"PPIA",0.381839585768385,0.0488786742499984,""
"PAK2",0.0165298255136381,12.2864127648667,0.15697414506122,0.876584058597115,0.925067690156689,-7.70264238200957,"PAK2",0.377211746024433,0.0572064316129964,""
"HOMER3",0.0163729405695001,10.8542082696561,0.0509751724853893,0.960022627072032,0.973800457464836,-7.45427162827345,"HOMER3",0.397083342925406,0.0177185308180163,""
"DCTN1",0.0157197492955046,12.2673960613153,0.201184703793012,0.84225690727359,0.904161017773479,-7.69442114309491,"DCTN1",0.368686702422601,0.074555418722022,""
"PRKCQ",0.0156875517218289,10.7959209338655,0.149877376940262,0.882173878569911,0.929253456189579,-7.68041804486527,"PRKCQ",0.378918561785611,0.0544458059555947,""
"SVIL",0.0154603942905958,12.5842919379291,0.160258039188946,0.87402489717417,0.923820951684036,-7.70210133315474,"SVIL",0.376703367663466,0.0584761960253773,""
"HUWE1",0.0152744329161756,11.1388734822422,0.157620280818944,0.876080411121117,0.924877217494886,-7.70253680909302,"HUWE1",0.377134077626657,0.0574560302434818,""
"SNU13",0.0147127900747819,11.1365031203877,0.0852970082490336,0.932735943339617,0.959213176370099,-7.71166473731925,"SNU13",0.3911351362914,0.0302412872091791,""
"NAPA",0.013854278659533,14.2013551195371,0.198297128915974,0.844490028305416,0.905800652115147,-7.69501987497201,"NAPA",0.369355290612896,0.0734054741894806,""
"HLA-B",0.0138371942794642,13.0300288999739,0.0711037074940254,0.943932681371845,0.963114201100257,-7.68947794861578,"HLA-B",0.392725844047605,0.0250589772604383,""
"GUF1",0.0137924928285518,10.3037034959621,0.0861627092865908,0.932086179475155,0.95905909140979,-7.68824495044628,"GUF1",0.391072305584488,0.0305439314869827,""
"TKFC",0.0136505059807117,11.9877333478569,0.132009826859006,0.896081812552818,0.93803443581791,-7.70638985631297,"TKFC",0.382499152365795,0.0476523373041626,""
"RPL10",0.0134999266480342,11.8208891702847,0.100282596803584,0.92103257483187,0.954033742008256,-7.65941328105198,"RPL10",0.389023135732048,0.0357250095213355,""
"SURF4",0.0133490327911261,11.6227177472567,0.107654151182011,0.915250454063624,0.94976516465293,-7.66184435633134,"SURF4",0.387282552275965,0.0384600469891491,""
"NACA",0.0130556739819578,13.7640772089524,0.122642716864929,0.903415714840131,0.942631807965431,-7.70762918406086,"NACA",0.384373807370335,0.0441123591930511,""
"CAPG",0.0128923003726982,11.2086040985854,0.0965109072237773,0.924131124093127,0.954093473033111,-7.58512671769188,"CAPG",0.389047492051501,0.0342664027735535,""
"TPMT",0.0128461352918734,11.4688184060694,0.122733413365531,0.903437822938217,0.942631807965431,-7.65680264340023,"TPMT",0.384373807370335,0.0441017314085586,""
"TIMMDC1",0.0127678905611504,9.82093501605129,0.0445367995977016,0.964998685103841,0.976255297549378,-7.39723094880578,"TIMMDC1",0.398084344824353,0.0154732784204928,""
"CCT7",0.0126397367402884,13.7866069464738,0.162938910002161,0.871936713660119,0.923227108581303,-7.70165135039331,"CCT7",0.376461218255341,0.0595150356013911,""
"KARS1",0.0123029027167778,13.3896881547281,0.137473459720429,0.891808420414579,0.935271417818441,-7.70562494553946,"KARS1",0.381372485793211,0.04972843137829,""
"CRBN",0.0115213366182569,10.382717452325,0.0517929096454253,0.95930115376357,0.973800457464836,-7.52448048564458,"CRBN",0.397083342925406,0.0180450331982737,""
"CSK",0.0110097492382657,11.0672267017785,0.0477288317636921,0.962461003372347,0.975066687310321,-7.5525779671036,"CSK",0.397599669218029,0.0166168580410736,""
"HYCC1",0.0107963098798916,9.73811955944933,0.0833751236096371,0.934386477238269,0.959875842733642,-7.60739200967993,"HYCC1",0.391405349529505,0.0294734554449641,""
"RPS12",0.0106986543009615,15.5217630143196,0.10754774728554,0.915252384386017,0.94976516465293,-7.7094347170617,"RPS12",0.387282552275965,0.0384591310349686,""
"GAMT",0.010343820790208,14.7020361382706,0.0895986856679208,0.929352917479897,0.95745430159376,-7.71127371126168,"GAMT",0.390417925829419,0.0318193333598643,""
"PRKAG1",0.0100439186000809,12.3538130423178,0.096068979796097,0.924266974725711,0.954093473033111,-7.71064935674161,"PRKAG1",0.389047492051501,0.0342025645990408,""
"RPIA",0.00927405284377336,12.7355033311937,0.0801246841360425,0.936805389939345,0.961061826349544,-7.71210945210614,"RPIA",0.391888954086524,0.0283506192015117,""
"DENR",0.00856936504894534,11.3082867984847,0.0746519412969424,0.941169514479276,0.962988913960081,-7.66175162274676,"DENR",0.392674756131118,0.026332148546431,""
"VAPB",0.00854144712078408,15.4514214057581,0.113113784801898,0.910885316744163,0.946606309557659,-7.70879648434645,"VAPB",0.385994476539882,0.0405362985927851,""
"ITIH1",0.00843868929971414,11.934201174227,0.0452764031093833,0.964279593396231,0.975872770968887,-7.69104303807068,"ITIH1",0.39792836324499,0.0157970239148981,""
"APOB",0.00836118449945999,14.5066406024858,0.0718797904999597,0.94329583870549,0.963114201100257,-7.71276087648294,"APOB",0.392725844047605,0.025352081421799,""
"H2AC8",0.00755432008404355,13.9445970958722,0.0504408246093021,0.960190388178115,0.973800457464836,-7.71412408204141,"H2AC8",0.397083342925406,0.0176426457758291,""
"CUL5",0.00747231563049588,13.2826706873679,0.0941892700037371,0.925744181855489,0.955111697357754,-7.71083522172702,"CUL5",0.389462689965589,0.033509008736793,""
"HP",0.00732384730226698,15.4644283152639,0.0195070299517151,0.984598605376212,0.988744283714638,-7.71524896938352,"HP",0.403176936780164,0.00674078371443557,""
"MAP2K6",0.00721347996497812,13.7526981780134,0.0786395370074243,0.937974193689615,0.961537059489416,-7.71223200834688,"MAP2K6",0.392082738308336,0.0278091101202668,""
"GFM1",0.00690642613013814,12.9645936381905,0.0637533522218482,0.949696962439552,0.967887576387546,-7.71333381772429,"GFM1",0.394672267261504,0.0224149510641183,""
"RPL19",0.0068619754258421,9.73687515942698,0.0212618318335103,0.983272075648796,0.987758750616656,-7.56092408389238,"RPL19",0.402775069257808,0.0073262943717299,""
"CLUH",0.00664656039536027,12.4434772269318,0.0785821224013136,0.938019381584364,0.961537059489416,-7.71223670026374,"CLUH",0.392082738308336,0.0277881880301262,""
"RPS26",0.00659631389195425,11.7172299609646,0.0553952686427707,0.956304146575706,0.972491321156906,-7.69051259435788,"RPS26",0.396549520808654,0.0194039611002372,""
"HSPA1A",0.00618460492270145,18.2347733652466,0.0542328049389115,0.957200577113558,0.972491321156906,-7.71391774296672,"HSPA1A",0.396549520808654,0.0189970482145153,""
"DYNC1H1",0.00589990872883916,13.7959187445729,0.0833932025274045,0.934233595426628,0.959875842733642,-7.7118316583365,"DYNC1H1",0.391405349529505,0.0295445193581678,""
"BAG3",0.00576515992963955,15.4216648508179,0.0504818148155517,0.960158065922883,0.973800457464836,-7.71412193148718,"BAG3",0.397083342925406,0.01765726539037,""
"NPTN",0.00573435422088053,11.4316222520155,0.0269491993530624,0.97878284840522,0.986090249671104,-7.58963550176536,"NPTN",0.402094710229369,0.00931364956568462,""
"HCCS",0.00430302963711426,11.4225290808934,0.029537732975021,0.976681051522614,0.984940510732108,-7.71499320464668,"HCCS",0.401625885042558,0.0102472378970666,""
"SMU1",0.00374945807029725,10.2299709194427,0.021485536268573,0.983083614380605,0.987758750616656,-7.5897744667452,"SMU1",0.402775069257808,0.0074095424732749,""
"MYO18A",0.00367912020708516,12.5829011782863,0.0252625132223723,0.980055368249825,0.986605157907492,-7.71511500688269,"MYO18A",0.402304672632074,0.00874938813799944,""
"KMT2A",0.00351728384779015,10.6423530554668,0.00781003502272839,0.99386574070169,0.995256735440251,-7.48184739295608,"KMT2A",0.405832497354225,0.00267227959723626,""
"REEP5",0.00336901463068351,13.2012766931483,0.02788656760125,0.977984223138852,0.985907307722224,-7.71504249924423,"REEP5",0.402020112605117,0.0096681512032008,""
"FILIP1",0.00318949520487166,11.4354570771771,0.0264893583400925,0.979087010512407,0.986090249671104,-7.71508199793627,"FILIP1",0.402094710229369,0.0091787111526778,""
"GYS1",0.00298920453311347,15.9512735633655,0.0371694378046495,0.970658696006162,0.980248831323089,-7.71472853653039,"GYS1",0.399712774682641,0.0129334503163898,""
"VIM",0.00297747704244955,16.8453948408053,0.0221939824509366,0.982477515394976,0.987758750616656,-7.71519071525613,"VIM",0.402775069257808,0.00767737993638027,""
"HMBS",0.00265918592686454,11.2182004384719,0.0218020925446742,0.982786866869757,0.987758750616656,-7.71519967916147,"HMBS",0.402775069257808,0.00754065569633564,""
"EPB42",0.00251171147023044,10.142531520772,0.00540732551607585,0.99573456590136,0.996430883779613,-7.67006112285343,"EPB42",0.406311275880267,0.00185641652377701,""
"PPIB",0.00225743122434174,14.2064237313973,0.0179997635736823,0.985788498618076,0.98924498002978,-7.71527836087316,"PPIB",0.40338110403546,0.00621625314806543,""
"FITM1",0.00218743314852787,11.8074822202093,0.0166582704339159,0.986853557188671,0.989619790004897,-7.69196603843206,"FITM1",0.403533939040558,0.00574728909683547,""
"LMAN1",0.00175648166936071,14.1975308967059,0.0183063188898846,0.985546489409247,0.98924498002978,-7.71527257444849,"LMAN1",0.40338110403546,0.00632288471005824,""
"TMED10",0.00162468750667877,13.316439101072,0.0220761450399469,0.982570534025154,0.987758750616656,-7.71519342740239,"TMED10",0.402775069257808,0.00763626391599296,""
"MRPL13",0.00152745187637926,11.7316838820614,0.0110369375857821,0.991289588040379,0.993372129191724,-7.6920471138101,"MRPL13",0.405064017791984,0.00379945538765615,""
"KIF5B",0.000950928416690644,13.2517372660415,0.00929279149299866,0.992662683153195,0.994399929711041,-7.71540190886025,"KIF5B",0.405483120558821,0.00319830410544309,""
"SH3BGRL3",0.000734246584375597,11.696263631245,0.00493292446808707,0.996105064917189,0.996453231664801,-7.715434154755,"SH3BGRL3",0.406320388602376,0.00169485162920273,""
"IGHG3",-0.00026202928669683,11.7782287021422,-0.0019997780093905,0.998421011089976,0.998421011089976,-7.71544472692448,"IGHG3",0.407122783411598,0.000686288133986979,""
"DARS1",-0.00139749304381453,12.4027017966712,-0.0173078764613628,0.986334711977268,0.989446177945651,-7.71529106153395,"DARS1",0.403463145834076,0.00597568252587461,""
"AGRN",-0.00147708843315719,10.2961629132046,-0.00694812132823707,0.994519165672696,0.995562732478229,-7.67005119075754,"AGRN",0.405957272738991,0.00238684304161647,""
"COX17",-0.00273524254760105,11.2991224818609,-0.0124284106352616,0.990201722185949,0.992629537266615,-7.64395711525882,"COX17",0.404761213575996,0.00427632266702309,""
"PFDN2",-0.00335460229188023,12.8128686435931,-0.0401633286950664,0.968296612959952,0.978553992334528,-7.71460817150477,"PFDN2",0.399021675878837,0.0139915872785941,""
"EML1",-0.0036407571816568,12.0959370626112,-0.048549273532088,0.961682019197197,0.974622499625488,-7.71422142247255,"EML1",0.397418544297181,0.0169685039876301,""
"METAP2",-0.0036988748851563,12.3164582625429,-0.0332718442607552,0.973734178212566,0.982661219338633,-7.71487127111108,"METAP2",0.400696466043949,0.0115595859261063,""
"NIBAN2",-0.00394475181003351,11.0790322614607,-0.0231950661887619,0.981725743305506,0.987758750616656,-7.59195173542545,"NIBAN2",0.402775069257808,0.00800982056807321,""
"DAZAP1",-0.00419952748053198,11.6411976489821,-0.0342846214910841,0.972934982065053,0.982201029513291,-7.71483570076167,"DAZAP1",0.400508815983994,0.0119161811847214,""
"EIF4E3",-0.00460075380616054,11.3869105460976,-0.0396468416534761,0.968704084020655,0.978620221838021,-7.71462960123638,"EIF4E3",0.399048682061105,0.0138088692898142,""
"EEF1B2",-0.00481276842290868,14.5674649403946,-0.041465688355065,0.967269184379608,0.97786096986734,-7.71455290357163,"EEF1B2",0.398739084434271,0.0144526479209291,""
"TIMM8B",-0.00617487203933464,11.5665396707576,-0.0328636475719279,0.974095230821578,0.982679080229594,-7.63135809036367,"TIMM8B",0.400703749119486,0.0113985829585575,""
"ANK3",-0.00657734750207162,13.2611136274042,-0.0543383908045531,0.957117336222327,0.972491321156906,-7.71391178367278,"ANK3",0.396549520808654,0.0190348173431448,""
"LANCL2",-0.0065928583582906,11.6517161347187,-0.0712256600500949,0.943810953234817,0.963114201100257,-7.7128095346089,"LANCL2",0.392725844047605,0.0251149868343101,""
"MAN2C1",-0.00662950831109299,12.8225908636613,-0.060643719066507,0.952147331021402,0.969422149193615,-7.71353490143381,"MAN2C1",0.39529801486218,0.0212958456292099,""
"ABRAXAS2",-0.00705228144565417,12.8052209181236,-0.0467490765427844,0.963101743229973,0.975370555245642,-7.71431060753424,"ABRAXAS2",0.397723576425753,0.0163278310589468,""
"RABGGTA",-0.0071954081063339,11.9939004405873,-0.0621834506224712,0.950933971918553,0.968531326559039,-7.71343659117729,"RABGGTA",0.394934767107489,0.0218496372444431,""
"MYH8",-0.00750628672691178,16.4466116458506,-0.0815580733250723,0.935677456785112,0.960857151531752,-7.71198899376171,"MYH8",0.391805494523285,0.0288738338252871,""
"FAH",-0.0075884913510027,12.8575531461918,-0.0732581014483486,0.942210529504147,0.963073762657453,-7.71265689400073,"FAH",0.392709354599559,0.0258520466908692,""
"ASPA",-0.00765017360107478,15.0774286887541,-0.0874899765426186,0.931011132233826,0.958472611673816,-7.71146779659966,"ASPA",0.390833158711703,0.0310451260661147,""
"TXNL1",-0.00766228354678589,14.7822592961456,-0.0906145189452526,0.928554217863919,0.956975935011356,-7.71117856553807,"TXNL1",0.390222863894267,0.0321927329240159,""
"PA2G4",-0.00785238916749442,12.4056606837591,-0.0969314206645217,0.923589301146734,0.954093473033111,-7.71056285077784,"PA2G4",0.389047492051501,0.0345211065905567,""
"POLG",-0.00793939720611192,13.1798026736044,-0.0263470517501238,0.979199332482626,0.986090249671104,-7.71508590700826,"POLG",0.402094710229369,0.00912889125571451,""
"LMCD1",-0.00843218467139906,16.0678318078324,-0.0800245756237339,0.93688417034075,0.961061826349544,-7.71211778521886,"LMCD1",0.391888954086524,0.0283140988575254,""
"RPLP1",-0.0088340178587103,14.6470617729907,-0.0453463252804277,0.964208108512486,0.975872770968887,-7.71437776712758,"RPLP1",0.39792836324499,0.015829220636229,""
"RALY",-0.00884353298611806,10.3259854242055,-0.0768310170839554,0.939397682036917,0.961916338457838,-7.71237815519841,"RALY",0.392237395619829,0.0271505157727593,""
"PRKAB2",-0.00899594934377568,14.1555418126261,-0.0885922458808417,0.930144306129217,0.957924794581439,-7.71136692006289,"PRKAB2",0.390609777175285,0.0314496681193598,""
"RPL8",-0.00903225013968445,11.3427614034223,-0.0720703361168399,0.943171833808202,0.963114201100257,-7.6894058917474,"RPL8",0.392725844047605,0.0254091771711545,""
"AHCY",-0.0092282343625758,14.5767880775041,-0.115967791848103,0.908647187362059,0.944966660694118,-7.70845675396973,"AHCY",0.385325882428052,0.0416047133954545,""
"SERPIND1",-0.00937009886332163,11.4513477448151,-0.0544857501782814,0.957020829046229,0.972491321156906,-7.69056463296554,"SERPIND1",0.396549520808654,0.0190786099332923,""
"UBE2B",-0.00998575173292515,13.7390144902196,-0.0859135203207324,0.932251010587713,0.95905909140979,-7.71160987594493,"UBE2B",0.391072305584488,0.0304671371783157,""
"HNRNPD",-0.0104609124278028,12.9897468323929,-0.117856934192726,0.907166133671177,0.944652621109662,-7.70822722668262,"HNRNPD",0.385197827561112,0.0423131712314438,""
"MRPL12",-0.0105369073973467,12.7296717018738,-0.0757401207016452,0.940256427907481,0.962451322128473,-7.71246466752285,"MRPL12",0.392455544114952,0.0267536889130538,""
"TPD52L2",-0.0106154207734974,12.9111532010814,-0.0976574030334395,0.923018897233631,0.954093473033111,-7.71048943326359,"TPD52L2",0.389047492051501,0.0347894074461607,""
"SYNC",-0.010642279082349,11.9829370098923,-0.104909136024237,0.917323577220597,0.951224665943966,-7.70972603605522,"SYNC",0.387877688217016,0.0374774440316876,""
"GDI1",-0.010721176956185,12.7825742375159,-0.0843693072386849,0.933465699408595,0.959618833228232,-7.71174654624349,"GDI1",0.391300549626415,0.0299016357558886,""
"TNS1",-0.0121975741225739,13.2974918874122,-0.145495458843498,0.885540085698222,0.931428050447744,-7.70444575297616,"TNS1",0.379805288784884,0.0527917748426146,""
"BUB3",-0.012380176134787,11.1863161164038,-0.0964591742689624,0.924120968655683,0.954093473033111,-7.61467067163798,"BUB3",0.389047492051501,0.0342711753372753,""
"SYNJ2BP",-0.0131629935969162,13.038964359096,-0.0659426896528138,0.947972082340753,0.966546526419392,-7.71318621618306,"SYNJ2BP",0.394125431818675,0.0232044523917748,""
"RAB1A",-0.0136953412089245,10.5101976660897,-0.0743303163908398,0.941454570670966,0.962988913960081,-7.62903496816246,"RAB1A",0.392674756131118,0.0262006317630157,""
"NIT2",-0.0138683988039539,13.2813702045454,-0.135770963514935,0.893139679318227,0.936324455021526,-7.70586661720224,"NIT2",0.381801879237855,0.0490806159004881,""
"GMPR2",-0.0138843701365232,10.5581309915504,-0.0603417921317431,0.952591464602909,0.969529435168395,-7.50636791865136,"GMPR2",0.395341762503895,0.0210933141665074,""
"ANXA7",-0.0139313612017666,16.4237079558753,-0.161823345891403,0.872805534274431,0.923648186776612,-7.70183950213173,"ANXA7",0.376632919897238,0.0590825086419574,""
"USP14",-0.0142903485401273,13.8604595694477,-0.218772258020076,0.828685284170582,0.896466465922181,-7.6905881793449,"USP14",0.365549120849287,0.0816103733081742,""
"RPS2",-0.0146724110067016,11.8028329067302,-0.156066014381176,0.877292014721865,0.925473551837073,-7.70279003102629,"RPS2",0.377377242879129,0.0568558236541047,""
"EIF6",-0.0147801576670918,14.2159400496859,-0.0958692800564808,0.924423899622927,0.954093473033111,-7.71066927720451,"EIF6",0.389047492051501,0.0341288350014715,""
"C11orf68",-0.015000245582419,12.5392762677671,-0.176966055175644,0.861091255117291,0.915320154013803,-7.67581266343178,"C11orf68",0.373237025939601,0.064950821259691,""
"HNRNPA3",-0.0152403761927644,13.643468423208,-0.222992524043743,0.82543657690898,0.895863381361142,-7.68962085675963,"HNRNPA3",0.365303203082738,0.0833162904891614,""
"ITGB1",-0.0152866677523136,14.935691552488,-0.17556613440672,0.86211413194255,0.915876260437854,-7.69943172836228,"ITGB1",0.373463787588963,0.0644352358090104,""
"HNRNPA2B1",-0.0154956867637317,15.5365728717841,-0.195825792841732,0.84640230616275,0.905862417995829,-7.69552544920911,"HNRNPA2B1",0.369380476678678,0.0724231620002972,""
"SF3B3",-0.0155346790443147,11.7159576002542,-0.153885247686331,0.878992511674143,0.926418273347782,-7.70314110085238,"SF3B3",0.377762468797571,0.0560148247583684,""
"RPL18A",-0.0157928597167807,11.98080612018,-0.113903838592602,0.910265675721487,0.946305980354122,-7.70870328567366,"RPL18A",0.385872012308936,0.0408318333270347,""
"CNN1",-0.0162789782052215,10.7944215214862,-0.0723828119381814,0.943057977522424,0.963114201100257,-7.58354407693083,"CNN1",0.392725844047605,0.0254616067917728,""
"TBCB",-0.0169516100184204,12.6080761490363,-0.130977574763836,0.896889555224625,0.938536711902332,-7.70653089362342,"TBCB",0.382703963798307,0.047261033555313,""
"IGKV3-7",-0.0170109645158387,14.2582478729974,-0.0531317119537274,0.958068676891827,0.973027875537406,-7.71397919840949,"IGKV3-7",0.396768309786865,0.0186033584307184,""
"HNRNPK",-0.0171451072723272,14.9389343980615,-0.227476456139785,0.821988385174003,0.893832832473841,-7.68857293457727,"HNRNPK",0.364475212980698,0.085134319066369,""
"NCL",-0.0182479735289878,13.3727351988063,-0.171436130992464,0.865324403073928,0.918604763203851,-7.70017588243717,"NCL",0.374576380000682,0.0628210485432501,""
"NFIX",-0.0183893289331607,10.2820643927222,-0.134159188304108,0.894400294666251,0.936959605905861,-7.70609264004473,"NFIX",0.382060872581388,0.0484680663763617,""
"CFHR1",-0.0183956628536226,11.0118463300273,-0.0963216572432182,0.924182986595149,0.954093473033111,-7.6391889238912,"CFHR1",0.389047492051501,0.0342420307273502,""
"TBCE",-0.0188057093734706,11.6506598294959,-0.100592134964981,0.920713512532191,0.954033742008256,-7.71018706949471,"TBCE",0.389023135732048,0.0358754830295685,""
"HNRNPAB",-0.0189066029146279,13.6276878357871,-0.186367004840263,0.853730149409824,0.910009567080415,-7.69740208996296,"HNRNPAB",0.371071545736506,0.0686793812336924,""
"NQO2",-0.0189920139906281,14.2704983860074,-0.0563778122291177,0.955509613182117,0.972153755039893,-7.71379440467367,"NQO2",0.396411872606526,0.0197649392411555,""
"OPTN",-0.0190162457271281,11.897867170165,-0.219010146171408,0.828502077371785,0.896466465922181,-7.69053414280677,"OPTN",0.365549120849287,0.0817063983008036,""
"TMSB4X",-0.0191845827417545,11.0894078920998,-0.125547852879563,0.90118578881855,0.94131157941558,-7.68390481279148,"TMSB4X",0.383835462207338,0.0451856654683445,""
"CA4",-0.0200771346032536,12.7455037026614,-0.0937512505419216,0.92612238189075,0.955157570079758,-7.68753419868517,"CA4",0.389481395331419,0.033331619940139,""
"LARP1",-0.020233146126289,10.6891801689049,-0.101693140240524,0.919848797276407,0.95349773915432,-7.71007132629695,"LARP1",0.388804571647972,0.0362835551601705,""
"AHNAK",-0.0205838947467853,13.4989248303253,-0.252280909635401,0.802981361037038,0.884918234612246,-7.6824008768445,"AHNAK",0.36084013734217,0.0952945355341598,""
"NPM1",-0.0206701219906407,14.0380529195654,-0.236289985355087,0.815221401524266,0.891541326389931,-7.68645262733174,"NPM1",0.363540813238782,0.0887244275763481,""
"RPL15",-0.0211825257610538,12.2622776887475,-0.189301547867062,0.851455251806106,0.90792285047283,-7.69682977998223,"RPL15",0.370220652311753,0.0698381714293287,""
"LYZ",-0.0212269901214608,14.9443018770654,-0.041466145540951,0.967268823716743,0.97786096986734,-7.71455288386053,"LYZ",0.398739084434271,0.0144528098550875,""
"TUBB4B",-0.0214416379955651,17.453438659802,-0.269986752241459,0.789488514848698,0.876708722660209,-7.67760689538703,"TUBB4B",0.357492572217599,0.102654183545636,""
"EIF4G1",-0.0219331412681463,12.9889897680948,-0.324032307931612,0.748732879833453,0.853202783350631,-7.66097768001741,"EIF4G1",0.347907634268455,0.125673094858211,""
"PALMD",-0.0220565800174164,12.5209533622885,-0.196366765594088,0.845983627918864,0.905800652115147,-7.69541531985337,"PALMD",0.369355290612896,0.0726380416575438,""
"METAP1",-0.0222125988842627,11.1465547151077,-0.191152589249972,0.850091073679471,0.90733076396295,-7.67309704626916,"METAP1",0.369979219183599,0.0705345440767187,""
"DSC1",-0.0222599465640556,16.0779944759387,-0.0780679244157395,0.938424088130902,0.961607497397293,-7.7122785677858,"DSC1",0.392111460537529,0.0276008529725952,""
"PRRC2A",-0.0222920378297928,10.1767024424955,-0.0995773123974566,0.921924990074167,0.954093473033111,-7.47955369011488,"PRRC2A",0.389047492051501,0.0353044127013451,""
"PCYT1A",-0.0226446464075316,12.2767861030085,-0.245230029760991,0.808372231361273,0.888123349771963,-7.68421994254209,"PCYT1A",0.36214707638941,0.0923886134814506,""
"ANXA6",-0.0226681762556069,18.1921085465809,-0.235093322436241,0.816139346220571,0.89220428146802,-7.68674522014442,"ANXA6",0.363811144205048,0.0882356842264513,""
"TKT",-0.022741735382878,11.9712248018214,-0.207160765200633,0.837715784935694,0.902689223074532,-7.66978221758942,"TKT",0.368086553639883,0.0769033011436315,""
"COL15A1",-0.0233984253627639,14.4213318970571,-0.309688373487584,0.759482570293978,0.861529574388175,-7.66568386268008,"COL15A1",0.351303021891949,0.119482188505612,""
"CDV3",-0.0237786060301222,10.795339567656,-0.16143369325093,0.873302583304511,0.923648186776612,-7.63042302551991,"CDV3",0.376632919897238,0.0588352551590179,""
"EIF3A",-0.0242784850556426,12.8365132103291,-0.257014174976852,0.799368030907053,0.882659054163401,-7.68115096604056,"EIF3A",0.359918918915928,0.0972532244500517,""
"QRSL1",-0.0243340337883211,11.4673793047311,-0.146361881370534,0.884916815673907,0.931114678845118,-7.68095987247673,"QRSL1",0.379677506298652,0.0530975521176987,""
"ZRANB2",-0.0243519072389251,11.1308832985769,-0.231875322809374,0.818609160353806,0.89310799974223,-7.68752470935161,"ZRANB2",0.364179650371414,0.0869233998460736,""
"NUCB1",-0.0243554086080735,11.8752497831817,-0.245674349170083,0.808032230428023,0.888090723304532,-7.68410682642146,"NUCB1",0.362133772404332,0.0925713159359669,""
"SYNM",-0.0247912452753276,16.6541868001081,-0.29579709655026,0.769940387312059,0.865842588796508,-7.67004005672326,"SYNM",0.353061725295935,0.113542898806278,""
"LNPK",-0.025014768078325,12.2331199133552,-0.218612118382897,0.828808619437488,0.896466465922181,-7.69062452228794,"LNPK",0.365549120849287,0.0815457410029531,""
"NDUFAF7",-0.0251788924653926,12.6467801670838,-0.159732580867582,0.87443429703426,0.923820951684036,-7.70218865796878,"NDUFAF7",0.376703367663466,0.0582728168399008,""
"TBC1D4",-0.0252620154422036,11.5061838924767,-0.22327174100451,0.825221750663784,0.895863381361142,-7.6895562085884,"TBC1D4",0.365303203082738,0.0834293336935905,""
"DDX3Y",-0.0253075351734324,13.7463714537883,-0.384207385006433,0.704222631545269,0.819969557153198,-7.63893669328199,"DDX3Y",0.334356233205214,0.152290022155223,""
"MAVS",-0.0254513662581157,11.508083264742,-0.236448834471439,0.815099570667716,0.891541326389931,-7.68641367639702,"MAVS",0.363540813238782,0.0887893356155946,""
"RPS6KB2",-0.0258636653640085,8.92292012900941,-0.129086736072476,0.899280727295333,0.940007831088109,-7.32422986556688,"RPS6KB2",0.383303837129287,0.0461047139578044,""
"CFB",-0.0260026137959546,12.18252004251,-0.176651526936781,0.861270850719487,0.915320154013803,-7.69923322786824,"CFB",0.373237025939601,0.0648602510142981,""
"DST",-0.0263554902514223,11.2022556338905,-0.20553590018619,0.839241956463844,0.903993405871103,-7.59743570102713,"DST",0.36861835587994,0.0761128124631584,""
"CALU",-0.0264836920033265,15.2820122544147,-0.278198249309104,0.783253332460439,0.873945823587437,-7.67527391391044,"CALU",0.356365954139355,0.10609774867594,""
"APMAP",-0.0265327826577426,11.8882245437985,-0.198021690698855,0.844941959192799,0.905800652115147,-7.61144456847824,"APMAP",0.369355290612896,0.0731731226101023,""
"PEPD",-0.0266576373734075,13.5822046260269,-0.239621825882018,0.812667014729631,0.889767787358915,-7.68563017870072,"PEPD",0.362817623182908,0.0900873674301717,""
"TMEM38A",-0.0272490799939025,11.1751364847454,-0.194519071169322,0.847648293166965,0.905888504497331,-7.62427608789556,"TMEM38A",0.369391113883808,0.0717843081452291,""
"FLOT2",-0.0282145932695119,11.4473452131822,-0.26940613291341,0.789929941566307,0.876708722660209,-7.67776922666363,"FLOT2",0.357492572217599,0.102411424330262,""
"PMPCB",-0.0283661051746122,13.4273068858799,-0.278599876181957,0.782948743495288,0.873945823587437,-7.67515802565095,"PMPCB",0.356365954139355,0.106266668524166,""
"FKBP3",-0.0284448723468973,15.8799922409529,-0.240856319765771,0.811721114890088,0.889719203898211,-7.68532254006123,"FKBP3",0.36279781246826,0.0905931568036451,""
"TMED9",-0.0285625916024621,12.8308739039766,-0.24259072335325,0.810392665911228,0.889318945490005,-7.6848876651348,"TMED9",0.362634600441046,0.0913044980138871,""
"CSNK2A1",-0.0292457753333739,13.3742994709398,-0.36147410375492,0.720921756327214,0.832638444959034,-7.6476989725871,"CSNK2A1",0.339522183048968,0.142111867928676,""
"CLPP",-0.0296599467194341,11.9480323216579,-0.343194708479919,0.734453134666636,0.843162804418737,-7.65436118725615,"CLPP",0.34381366576945,0.134035911248852,""
"FDPS",-0.0296963173088685,13.3548983633626,-0.27082651074783,0.788850199895893,0.876708722660209,-7.67737149873511,"FDPS",0.357492572217599,0.103005460079936,""
"AP2A2",-0.030147388318694,11.8541036905453,-0.269153506468652,0.790122027953693,0.876708722660209,-7.67783974826953,"AP2A2",0.357492572217599,0.102305830261066,""
"TINAGL1",-0.030154073662132,13.2262916762421,-0.306766543796693,0.761678415448549,0.862177146568335,-7.66661659620365,"TINAGL1",0.351567080225576,0.118228351331139,""
"PITRM1",-0.0303975293063701,14.3646675089826,-0.196545619466501,0.845845216652256,0.905800652115147,-7.6953788427909,"PITRM1",0.369355290612896,0.0727091023320894,""
"ARL3",-0.030600468899598,13.073738828713,-0.296627631192611,0.769425088385729,0.86580091700873,-7.64637676467102,"ARL3",0.353044732930949,0.113833656903855,""
"MRPS28",-0.031823910074527,12.0409320239697,-0.175251200025802,0.862492854930424,0.915938608835204,-7.64864671236109,"MRPS28",0.373489211185611,0.0642444940252886,""
"MRPS18B",-0.0318993231123308,11.9416408959063,-0.133443333494619,0.896073804506951,0.93803443581791,-7.22037149718799,"MRPS18B",0.382499152365795,0.0476562184962845,""
"LMAN2",-0.031947491753586,10.5055412967216,-0.308109271759037,0.7609112935229,0.862177146568335,-7.62065602345448,"LMAN2",0.351567080225576,0.11866597000869,""
"HSBP1",-0.0320072636491826,10.3949640410037,-0.179249090771708,0.860329649230695,0.915320154013803,-7.3862330504748,"HSBP1",0.373237025939601,0.0653351099071446,""
"ARF6",-0.0329429899349822,11.8266155367644,-0.227162318661227,0.822313713453398,0.893832832473841,-7.66526752563134,"ARF6",0.364475212980698,0.0849624670952381,""
"CLNS1A",-0.0339526810563093,12.5735366306192,-0.22131862671872,0.826724744840782,0.896349976559665,-7.69000673141532,"CLNS1A",0.365501620373057,0.0826390632347214,""
"ARHGDIB",-0.0341959523596103,11.0124371041431,-0.255763869284868,0.800322062093478,0.883348145665845,-7.68148337923032,"ARHGDIB",0.360199907444199,0.0967352109538585,""
"CDK4",-0.0349920230550449,10.8942043953087,-0.178792898462554,0.860681071531595,0.915320154013803,-7.33699862518666,"CDK4",0.373237025939601,0.0651577481204009,""
"EMC4",-0.0350931542501858,11.6557934406471,-0.417370749916865,0.680471483891318,0.80012711047533,-7.57955388147115,"EMC4",0.326265145346025,0.167190069796627,""
"CCT4",-0.0352458270081648,12.5140835389415,-0.374687036180399,0.711198100994173,0.824582037430306,-7.64267046504608,"CCT4",0.336237048801029,0.148009411667838,""
"NANS",-0.0352500277622418,12.2510747827147,-0.347689056410822,0.731117837623653,0.840345080834898,-7.65275486758815,"NANS",0.342664692084406,0.136012620162061,""
"CYFIP1",-0.0356437162684173,12.3826742503594,-0.16578212080755,0.869783659853396,0.9219706794446,-7.67780636491052,"CYFIP1",0.375948888364832,0.0605887554452994,""
"PECAM1",-0.035957142493416,9.82504651809734,-0.077588669164863,0.939346256047066,0.961916338457838,-7.09411910683477,"PECAM1",0.392237395619829,0.02717429125719,""
"FAHD1",-0.0365940910040408,13.1257202629813,-0.398570195278166,0.693749209521086,0.811074443484211,-7.6331287250158,"FAHD1",0.330729102570486,0.158797498717305,""
"MAP4",-0.0368947358263245,14.5490559474703,-0.386999434283065,0.702181899774954,0.818259200796384,-7.63782413541181,"MAP4",0.333658806936258,0.153550369586094,""
"PDIA3",-0.0370951216021886,13.765742719774,-0.530136224091894,0.600909680656358,0.745471827498265,-7.57018331699065,"PDIA3",0.303978544116069,0.221190799445287,""
"PPP4R1",-0.037656902655403,9.84299225235945,-0.197040734142649,0.845699708652322,0.905800652115147,-7.62173758384998,"PPP4R1",0.369355290612896,0.0727838190252783,""
"BAG6",-0.038068090153951,12.3149418211898,-0.411983113818494,0.684024281900889,0.802326842131288,-7.62751499829121,"BAG6",0.327162122537595,0.164928481162356,""
"NDUFAF5",-0.0386457305025854,11.8890879867096,-0.290667742864308,0.773813336959041,0.867477208845948,-7.67159842297284,"NDUFAF5",0.353728268825124,0.111363789324257,""
"KRT10",-0.0388308798668042,18.5473019960415,-0.139590259895826,0.890153651225174,0.934624237945401,-7.70532026955338,"KRT10",0.381108587429342,0.0505350224340655,""
"SLC25A12",-0.0389217672145499,15.7069086542366,-0.296415740569031,0.769473686385453,0.86580091700873,-7.66985027563718,"SLC25A12",0.353044732930949,0.113806227103449,""
"EPRS1",-0.0394723474615741,12.7704272836687,-0.495588092616535,0.624712343387051,0.764397916534305,-7.58840607951265,"EPRS1",0.311695971896397,0.204319912955972,""
"DUSP13",-0.0396193350209479,10.8843867952673,-0.233061257307359,0.817784884135258,0.89310799974223,-7.66385698339776,"DUSP13",0.364179650371414,0.0873609211689627,""
"GBP2",-0.0399611433559937,11.0868594379716,-0.218852829349649,0.829550077718869,0.89692947579577,-7.42377168287008,"GBP2",0.365737920830847,0.0811573916522676,""
"GOLPH3",-0.0400532638800382,11.3561238405997,-0.318666474454929,0.753300728822667,0.855874031715154,-7.55976606080587,"GOLPH3",0.34899688024512,0.123031612384872,""
"RPS27",-0.0402663064620956,11.9201287197439,-0.329130222141146,0.744924728237587,0.850748033605736,-7.65925420977539,"RPS27",0.346906669207003,0.127887608812255,""
"ILK",-0.0402871624527403,12.3811153520508,-0.47818234993035,0.636866355792454,0.771681418407283,-7.59713137500792,"ILK",0.314665941000185,0.195951693302476,""
"PIP4K2B",-0.0406932438410461,10.738173465543,-0.377326263741099,0.70940625577078,0.822991773010123,-7.6181954307211,"PIP4K2B",0.335588592017854,0.149104986099837,""
"LDB3",-0.0409028780691543,17.674190203673,-0.504436765310626,0.618574624333441,0.759888532862184,-7.58385318721052,"LDB3",0.309857195657042,0.20860789994552,""
"SIGLEC1",-0.0409673745556791,15.4357557437372,-0.296485421773407,0.771580745435381,0.866867221607987,-7.28616297550324,"SIGLEC1",0.353479536377183,0.112618618580644,""
"MPP1",-0.0412840676753614,11.8286325082952,-0.330761525231936,0.743707535783822,0.850036328839177,-7.6586970786539,"MPP1",0.34661645974395,0.128597817903736,""
"DHRS7B",-0.0413759193631105,12.3888163000748,-0.306275395727732,0.762047729467143,0.862177146568335,-7.66677252382749,"DHRS7B",0.351567080225576,0.118017826567171,""
"GNAI2",-0.041400226098947,14.0465570274239,-0.543748568488071,0.591652187161916,0.738468626104407,-7.56267402515928,"GNAI2",0.301122872197519,0.22793352568792,""
"MLH3",-0.0415310764058265,15.1396940012619,-0.279025837095329,0.782625738561094,0.873945823587437,-7.67503493437656,"MLH3",0.356365954139355,0.106445873364493,""
"ANP32A",-0.0418724377280366,9.90858267350281,-0.232253208225012,0.818838361748292,0.89310799974223,-7.54501785051159,"ANP32A",0.364179650371414,0.0868018192760999,""
"CRK",-0.0418893213608751,11.5066470226547,-0.318937911501278,0.752665189695581,0.855831455267681,-7.6392543225428,"CRK",0.348979518990088,0.123398169355277,""
"PPP2CB",-0.041979322165723,14.5904030374189,-0.496080394181123,0.624370133305945,0.764305954457491,-7.58815484949986,"PPP2CB",0.311658472829104,0.204557879553643,""
"PSMD12",-0.0421694770559249,12.7407585101402,-0.515943445591523,0.610635424028629,0.754593516221907,-7.57781474344422,"PSMD12",0.307698064500089,0.214218005124301,""
"CNN3",-0.0428255224950203,12.0954701511697,-0.387758038856591,0.701627823079695,0.817946570123864,-7.63752047715256,"CNN3",0.333531326576608,0.153893197335297,""
"NAE1",-0.0435323178499125,13.3764428337883,-0.490793837632282,0.628049432847077,0.764999993910301,-7.59083989165247,"NAE1",0.311941478966482,0.202006172237621,""
"MVP",-0.0435998855109379,9.71520415395813,-0.229655279180984,0.821483519220457,0.893832832473841,-7.42619556964471,"MVP",0.364475212980698,0.0854011450510866,""
"ACTR2",-0.0437359133263087,11.8218002128356,-0.427534993289524,0.672984073270162,0.795400109775964,-7.59729911037133,"ACTR2",0.324337632142137,0.17199521359583,""
"ADIRF",-0.0438046029549941,9.44818372646028,-0.170067762935962,0.86667436686414,0.919696714113893,-7.60440248594236,"ADIRF",0.375021641156955,0.0621440481275949,""
"AK6",-0.0439280038701089,10.0916889585578,-0.192452976870341,0.849338313488462,0.907017258658201,-7.57285020924314,"AK6",0.369851382178101,0.0709192845325461,""
"VCAN",-0.0442625433219472,10.9396259755315,-0.163927900742179,0.873087896238507,0.923648186776612,-7.04843657624116,"VCAN",0.376632919897238,0.0589420324343908,""
"TXNDC9",-0.0442687758023581,9.47934420219148,-0.233797412559277,0.817531215346256,0.89310799974223,-7.58423279398294,"TXNDC9",0.364179650371414,0.0874956559229504,""
"PAFAH1B1",-0.0445589082606475,13.4166312481308,-0.482811495152643,0.633623584321486,0.769380864797663,-7.59484069137973,"PAFAH1B1",0.313727851979088,0.198168666093346,""
"UBE2O",-0.044694125652283,11.1457349823315,-0.351931781334054,0.728254064166719,0.838400294306175,-7.60022442622039,"UBE2O",0.341871673011369,0.137717083026756,""
"SPAG9",-0.044703446884462,11.6732983132198,-0.568894209998838,0.574966811706342,0.72779965285429,-7.52474966186633,"SPAG9",0.296772420797274,0.240357222977813,""
"SGCD",-0.0453494220314337,12.4145803446066,-0.48536632876482,0.631837088235021,0.767863162007911,-7.59356719114228,"SGCD",0.313108983408322,0.199394885010381,""
"ORAI1",-0.04547393112062,10.217586751663,-0.292379587289926,0.773556564631386,0.867477208845948,-7.46326516624597,"ORAI1",0.353728268825124,0.111507923969652,""
"PPA1",-0.0454843681375863,14.6436282601649,-0.564383833062958,0.5777528821987,0.729793740341725,-7.55093659667094,"PPA1",0.297585543156712,0.238257879306457,""
"NT5DC1",-0.0457845404848243,12.2276996900431,-0.404860925888051,0.689181357048379,0.807052800275148,-7.63051867551805,"NT5DC1",0.329089210622124,0.16166647910637,""
"JUP",-0.0459437080991609,14.7825836399807,-0.138610745655437,0.890919305470022,0.934681470768036,-7.7054618310988,"JUP",0.381131925065263,0.0501616301675483,""
"AMPD3",-0.0462655317034564,10.7601494293048,-0.204779039012157,0.840344028916364,0.904159628104749,-7.47280768701092,"AMPD3",0.368686135762049,0.075542881471066,""
"SKIC3",-0.046617221402645,10.5642033079275,-0.323858513377042,0.748862820327319,0.853202783350631,-7.66103596533954,"SKIC3",0.347907634268455,0.125597730806889,""
"EEF1D",-0.0466594843201413,13.5971334840919,-0.463913766964777,0.6469080920301,0.776615335314658,-7.60405575902495,"EEF1D",0.316677827731474,0.189157416332012,""
"DNAJC11",-0.0467117445024279,11.5928591191581,-0.378850750787384,0.708289324326959,0.822991773010123,-7.61759882515685,"DNAJC11",0.335588592017854,0.149789304044944,""
"DIAPH1",-0.0468112084489967,11.0826942218862,-0.284666384530656,0.778458747170569,0.87131362315298,-7.64998435924802,"DIAPH1",0.355292630606026,0.108764397034055,""
"LGALS1",-0.0470242261615574,18.7132160955877,-0.293385935347159,0.771760195896978,0.866867221607987,-7.67077597058281,"LGALS1",0.353479536377183,0.112517624246196,""
"RPS27A",-0.0476361623538644,16.855709231447,-0.531441630975126,0.600018885991782,0.745335959942917,-7.56947124293294,"RPS27A",0.303923141859211,0.221835079694803,""
"MSN",-0.0478770707242901,16.5244359394248,-0.743560420022337,0.464391516818496,0.635016015831121,-7.43127940636968,"MSN",0.258938348657019,0.333115722250789,""
"OBSCN",-0.048259990555291,15.6395458040107,-0.422555556898691,0.676397813052768,0.797239920540723,-7.62296102849346,"OBSCN",0.325087845600367,0.169797805244388,""
"SRP9",-0.0485974242675358,10.9033152927844,-0.55135029952976,0.586734793869665,0.73465330421446,-7.53484599400448,"SRP9",0.299567111200713,0.231558156989822,""
"RPS14",-0.0486112980714601,11.9791313556379,-0.462314556724599,0.648037882562117,0.77764545907454,-7.60481900294177,"RPS14",0.317097877838316,0.188399605692983,""
"HNRNPA1",-0.0486947791607726,14.306872380864,-0.491352256498783,0.627660321418288,0.764999993910301,-7.59055760218417,"HNRNPA1",0.311941478966482,0.202275325122997,""
"PSMA3",-0.0495673592543771,14.3277846242936,-0.669804823096622,0.509403705713019,0.673115818491048,-7.48436210991671,"PSMA3",0.27447417726444,0.292937900038164,""
"RFTN1",-0.0505010686376188,10.4514881895426,-0.29229663191348,0.772942463009664,0.867477208845948,-7.59946663309304,"RFTN1",0.353728268825124,0.111852833284036,""
"FAM98A",-0.0513953271439327,10.737936045723,-0.259330807302733,0.797802745855661,0.881927948489341,-7.63504325947122,"FAM98A",0.359620798409964,0.0981044732807422,""
"VPS13A",-0.0516795013882927,10.0744164220477,-0.331067728207421,0.744664104252687,0.850748033605736,-7.46820302554561,"VPS13A",0.346906669207003,0.128039580359275,""
"RTCB",-0.0521924803045231,13.4597182247283,-0.793413833791781,0.435345087739384,0.607128938959339,-7.39240581182679,"RTCB",0.247566928954164,0.361166351582823,""
"CHP1",-0.0523179337122457,12.2784026963178,-0.490971476985141,0.627925640167551,0.764999993910301,-7.59075012630054,"CHP1",0.311941478966482,0.202091782977751,""
"SH3GLB2",-0.0524513976310494,11.6261550906794,-0.29778155112368,0.76844364277579,0.86580091700873,-7.66942989303076,"SH3GLB2",0.353044732930949,0.114387977909171,""
"CSTB",-0.0529734206936112,16.199880089536,-0.524862920984879,0.60451457490948,0.749294375656531,-7.57304238707962,"CSTB",0.305537251744046,0.218593223791705,""
"MCTS1",-0.0530416400164615,13.7446968619141,-0.452944629147704,0.654674698856402,0.783966103818838,-7.60923888658802,"MCTS1",0.319675225923614,0.18397444288643,""
"PALLD",-0.054127617070181,11.6916705868189,-0.443100298241907,0.661678942955409,0.787411698435917,-7.61378670958964,"PALLD",0.321080224471753,0.179352685975692,""
"NUP54",-0.0544185808666384,10.2213101085359,-0.454832166309307,0.653513431845467,0.783289277682491,-7.58486174869816,"NUP54",0.319399238802495,0.184745481815005,""
"ARPC3",-0.0544802561490716,12.5582240945506,-0.596376249167664,0.556532183292444,0.711891933482206,-7.53189857851774,"ARPC3",0.290285783480393,0.254509716105236,""
"KNG1",-0.0549415278962897,14.145170421992,-0.414651235774839,0.682096345434545,0.801050365463138,-7.626376460978,"KNG1",0.326641617932499,0.166154277344475,""
"ATP6V1A",-0.055113034435097,12.9662444073445,-0.70623485013426,0.486871729814743,0.655183665234415,-7.45880707460721,"ATP6V1A",0.26716204333966,0.312585442011718,""
"DCTPP1",-0.0555607409393328,13.5166501563187,-0.468000623893827,0.64402479503658,0.774778883310085,-7.60209349496149,"DCTPP1",0.315928983863608,0.191097411925481,""
"UBAP2L",-0.0563437756729996,11.5354229290543,-0.530606088811508,0.600588977162354,0.745460297765159,-7.56992721194733,"UBAP2L",0.303973842675512,0.221422642835497,""
"PSMC1",-0.0564680638838269,12.3451352079208,-0.68026303185427,0.502876370635628,0.667547389962508,-7.4771589934613,"PSMC1",0.272203557859814,0.298538770709663,""
"USP5",-0.0568279426898215,13.2626811107768,-0.809200075537451,0.426384661270095,0.601772187078997,-7.3795973843799,"USP5",0.245382624225651,0.370198426977676,""
"EMC2",-0.0568556258039941,11.5992837307963,-0.475113552207001,0.639020176305003,0.772413798306737,-7.59863800356803,"EMC2",0.314964581092759,0.194485429291374,""
"LGALS3",-0.0579277609019613,13.362241828367,-0.42490235911544,0.674709681692047,0.796296539794902,-7.6219347500034,"LGALS3",0.324703166401122,0.170883057926425,""
"DYNLRB1",-0.0579666869835052,12.6864690402357,-0.561673987868064,0.579568802331408,0.730394501220823,-7.55250225972588,"DYNLRB1",0.297830513403278,0.236895000253961,""
"DDX17",-0.058136702672158,12.9438701626567,-0.747192696270743,0.462237136299347,0.633280365767703,-7.42852827924104,"DDX17",0.258230608458246,0.335135166078894,""
"SFPQ",-0.0589824755573645,12.2020900724957,-0.587092865640073,0.562648100923975,0.716325117813352,-7.53752795962746,"SFPQ",0.292093488170324,0.249763142642046,""
"PPIH",-0.0591455913821122,11.9645697693911,-0.350271494934602,0.729203824372084,0.83848185831776,-7.65182252245706,"PPIH",0.341904932094516,0.137151062316379,""
"METAP1D",-0.059150524790164,11.1055345752618,-0.210686257985279,0.835387560841556,0.900519472364796,-7.5667338430382,"METAP1D",0.36720180167809,0.0781119957911419,""
"IDH3A",-0.0591644553866573,15.0862864605312,-0.502843831759674,0.619677464046248,0.760513251329486,-7.58467861920489,"IDH3A",0.31011193500891,0.20783429765107,""
"SYNPO2",-0.0596013481147644,16.5162320875424,-0.67098264524531,0.508666233855874,0.673115818491048,-7.48355625057881,"SYNPO2",0.27447417726444,0.293567090630458,""
"PNP",-0.0599672532621156,13.5150062926928,-0.315442574102879,0.755164153097248,0.857650716731875,-7.66382131066463,"PNP",0.349721353129022,0.121958633754418,""
"LAMA4",-0.0600125052101763,12.4058512527415,-0.480895909959858,0.634964571718566,0.770029069601075,-7.59579122371891,"LAMA4",0.313992168275374,0.197250505788917,""
"PLAA",-0.0602277713813191,13.261018293231,-0.688581629682828,0.497718191402485,0.664022943803386,-7.47135290057141,"PLAA",0.270766406283126,0.30301648567483,""
"PPP2R5D",-0.06035731878268,12.7380729215372,-0.628314174657459,0.535758121224721,0.692574419144488,-7.51187779045617,"PPP2R5D",0.282408745519043,0.271031237035829,""
"FLG",-0.060450151152569,13.8324222024836,-0.210638582872314,0.834955236159014,0.900392571924303,-7.69240055791748,"FLG",0.367150055911549,0.0783368074029239,""
"DHODH",-0.0608885446578089,11.2503160114745,-0.231005006801459,0.820085228926226,0.89341121543711,-7.47816861744659,"DHODH",0.364303291617244,0.0861410103859262,""
"HMGB1",-0.0612393374907736,13.826700654841,-0.450777756845419,0.656213685262522,0.784168504059014,-7.61024835784041,"HMGB1",0.319757757989975,0.182954716693005,""
"PDLIM5",-0.0613210888574081,18.2043389241982,-0.566469074261365,0.576357463431172,0.728915183535137,-7.54972681517657,"PDLIM5",0.297227296997516,0.239308078654014,""
"ACHE",-0.0618411957624581,12.5628496116314,-0.14243535045695,0.888780879688002,0.933807223813166,-7.34322154672123,"ACHE",0.380775436319832,0.0512052969287013,""
"PRKACA",-0.0619392097062121,15.1052775835417,-0.684201532810481,0.500430452678997,0.665302275647777,-7.474418513711,"PRKACA",0.271288075133851,0.300656270065676,""
"RPS3",-0.0625490534422308,13.5112606978983,-0.576287782430575,0.569809727016986,0.722550039309975,-7.54397200865901,"RPS3",0.294631803508317,0.244270141348305,""
"AMPD1",-0.0627132864010491,17.5743080618766,-0.441833040165231,0.662582907877295,0.787843821428353,-7.61436500929288,"AMPD1",0.321256429813491,0.178759771457857,""
"MRI1",-0.0627385179160562,11.6385401389655,-0.261073098972682,0.799389332072514,0.882659054163401,-7.01282410916362,"MRI1",0.359918918915928,0.0972416517388543,""
"UBA3",-0.0627938529773395,12.2290396739183,-0.607224837399111,0.549429047140842,0.705819377471109,-7.52521148323537,"UBA3",0.287809597704854,0.260088384086348,""
"CTNNB1",-0.0632850315301745,13.4603979636679,-0.23639675660615,0.815139511763142,0.891541326389931,-7.68642644913118,"CTNNB1",0.363540813238782,0.088768055059221,""
"TRIM55",-0.0633237281601495,11.8102615905804,-0.468025082412604,0.644392067182897,0.774822994146334,-7.55094882267508,"TRIM55",0.315946970791199,0.190849814621379,""
"MYCBP",-0.0638196160970654,12.3494078642018,-0.690627118663435,0.496742579899167,0.663095738652713,-7.44627658211009,"MYCBP",0.270388322952003,0.303868611450991,""
"CLIC5",-0.0641448165750091,13.4803284863998,-0.597876396717296,0.555547126614183,0.711717044033031,-7.53098085268818,"CLIC5",0.290214469396909,0.2552790943102,""
"TUBB",-0.0641691710699117,15.4827922098279,-0.718297115998392,0.479539220135171,0.6495225972678,-7.45005952520728,"TUBB",0.264853648662414,0.319175867342699,""
"AKT1S1",-0.0642052920563572,11.4647894321161,-0.493586867909676,0.626299730675034,0.764999993910301,-7.56590722049711,"AKT1S1",0.311941478966482,0.203217775056431,""
"DDAH2",-0.0646648556427465,10.3367604887707,-0.378435857736462,0.709325262271569,0.822991773010123,-7.51509340063387,"DDAH2",0.335588592017854,0.149154572690913,""
"MAIP1",-0.0646808324128276,11.5427550383863,-0.469819833050758,0.64274316150322,0.773887643341277,-7.6012145846222,"MAIP1",0.315565565933938,0.191962535357549,""
"IDH3G",-0.0647958882370787,14.177715344119,-0.64348200469963,0.526039551204918,0.687140664330659,-7.50201577290039,"IDH3G",0.280193041562886,0.278981601427448,""
"UBE3A",-0.0648995630209672,12.6262356893427,-0.745171354643896,0.463435304285039,0.634314605865032,-7.4300608453565,"UBE3A",0.258652337070189,0.334010884935004,""
"NID2",-0.0651828285529881,14.128849451049,-0.886988564607754,0.383925867823701,0.564353278742389,-7.31301083311682,"NID2",0.230124441610291,0.415752625380335,""
"NDRG3",-0.0652566380071242,10.3028916108743,-0.315227783394482,0.756448929686529,0.858769074479511,-7.45542522755914,"NDRG3",0.350177382112798,0.121220387275982,""
"NBAS",-0.0654884803312719,11.2267779292018,-0.197739329480466,0.84592229898735,0.905800652115147,-7.434886136805,"NBAS",0.369355290612896,0.0726695266427618,""
"ELAVL1",-0.0655822278952112,12.2505734498244,-0.640967563516288,0.527643993232225,0.687294680105029,-7.50366636412993,"ELAVL1",0.280255844058081,0.277659001561086,""
"SUGT1",-0.0657434353782982,11.6503304396866,-0.560741162514474,0.580194565325499,0.730531816098475,-7.55303951887919,"SUGT1",0.297886505829892,0.236426343544731,""
"STRN",-0.0660638356336634,9.84138108426407,-0.356753507549706,0.726279876689143,0.837475022999326,-7.38825550278727,"STRN",0.34149437823725,0.138895988833146,""
"SORBS1",-0.0661316511554411,14.0570726534303,-0.918471273321772,0.367550986387164,0.547880689083367,-7.28443554692753,"SORBS1",0.223407469033105,0.434682407407842,""
"GIT2",-0.0661370916443733,11.098672360656,-0.597953560598584,0.55697078553476,0.711947471282037,-7.40401136707971,"GIT2",0.290308429942558,0.254167584025175,""
"IGLC2",-0.0662425792602388,15.7803066051405,-0.391659761648847,0.698780717783478,0.815291648714356,-7.63594939909068,"IGLC2",0.332448738187569,0.155659087483858,""
"GALM",-0.0663255803437224,12.1818818212362,-0.516085504703052,0.610537709285897,0.754593516221907,-7.57773936158338,"GALM",0.307698064500089,0.214287507101542,""
"COPS7A",-0.0666383023559458,14.210772588322,-0.868834020439101,0.393581249377405,0.573538460141616,-7.32906465393445,"COPS7A",0.233869852189453,0.404965599991457,""
"EIF3I",-0.0668636094764814,11.9419141022964,-0.710325136677962,0.484378093886072,0.653294111546624,-7.45585671091113,"EIF3I",0.266391546376722,0.314815506155587,""
"ALDH3A2",-0.0672821663892833,17.1533462999544,-0.803311994049457,0.429713343864819,0.604343778939121,-7.38440273170793,"ALDH3A2",0.246431233604123,0.366821159984054,""
"DSP",-0.06827931745058,12.4599850180918,-0.163116732879721,0.871798237286245,0.923227108581303,-7.70162123949696,"DSP",0.376461218255341,0.0595840134298636,""
"RPRD1B",-0.068367310845467,11.902760720325,-0.630111706649646,0.534601370651106,0.692492321279147,-7.51072092847606,"RPRD1B",0.282375268748143,0.271969932101276,""
"PTPN11",-0.0683879783719519,12.4395984279885,-0.922882235444508,0.365294218364686,0.545628309818457,-7.28035771498229,"PTPN11",0.222489023902801,0.437357201459542,""
"USO1",-0.0684067123818917,12.8080121925139,-0.954987059130317,0.349146540467848,0.531237319946295,-7.25013082293356,"USO1",0.21662085828156,0.456992256825505,""
"RTRAF",-0.0686590535812606,13.1508985358444,-0.686021251205101,0.49930262775834,0.664962364190027,-7.47314718315226,"RTRAF",0.271149470580005,0.301636148309113,""
"CLIP1",-0.0686908095651706,12.4608716988697,-0.783199331453165,0.44120407742883,0.612718037765597,-7.40056595526728,"CLIP1",0.249845977008533,0.355360482640146,""
"FYCO1",-0.0687131408854071,14.144278826754,-0.63247426184271,0.533083056756472,0.691311285846086,-7.5091955654248,"FYCO1",0.281893681895028,0.273205120652875,""
"ARPC2",-0.0687942289390655,12.5241992239598,-0.63817809217276,0.529427030721441,0.688423517457866,-7.5054901915949,"ARPC2",0.280716146275283,0.276193888887571,""
"IDH3B",-0.0689923945663971,13.906026129054,-0.596186987270498,0.556656524525699,0.711891933482206,-7.5320142018471,"IDH3B",0.290285783480393,0.254412696235521,""
"ENOPH1",-0.0690304975019718,13.506011415597,-0.697409305151245,0.492277262625269,0.660833736225854,-7.46511733962479,"ENOPH1",0.269465953817262,0.307790223021521,""
"NIF3L1",-0.0693644777622922,13.5178500742701,-0.716827051486447,0.480429412817026,0.649562286679364,-7.45113320995423,"NIF3L1",0.264869832680508,0.318370412107798,""
"THOP1",-0.0693812182491662,11.4588204915173,-0.641278455229494,0.527445472336819,0.687294680105029,-7.50346261918556,"THOP1",0.280255844058081,0.277822431361588,""
"ACACB",-0.0694017024924545,13.4208984721367,-0.888095230910882,0.383342319694855,0.563785055995208,-7.31202216734043,"ACACB",0.229892739328528,0.41641323345785,""
"EIF2B5",-0.0696149368311847,12.1047610288459,-0.506650820537308,0.617043278979459,0.758907548104517,-7.58270165583999,"EIF2B5",0.309457182796145,0.209684373790449,""
"NDUFAF6",-0.0697856235290342,12.6269228046429,-0.560370187424331,0.580443518451408,0.730531816098475,-7.5532529396124,"NDUFAF6",0.297886505829892,0.236240034010339,""
"NADK2",-0.0704322853147534,11.6629568264384,-0.69679701557275,0.492944677122495,0.661419440189677,-7.44191058725998,"NADK2",0.269704784356041,0.30720181859013,""
"COPS8",-0.070647820154047,12.820013048289,-0.69503209460262,0.493739107759321,0.661864789886266,-7.46680402348125,"COPS8",0.269886383106521,0.306502472109181,""
"PSMB2",-0.0712119675806999,13.8790556791938,-0.711921984741542,0.483406580576741,0.652291199250651,-7.45470045601142,"PSMB2",0.265982592197153,0.315687441870624,""
"RAD23A",-0.0714449771465393,13.5055126564309,-0.814352790684002,0.423484862507547,0.599116992830747,-7.37536493015462,"RAD23A",0.244299924582075,0.373162108938792,""
"RAB12",-0.0716413678069081,16.468409241368,-1.09151788500313,0.285929174963085,0.472319580858117,-7.11099701755799,"RAB12",0.192596169634723,0.543741528870647,""
"EEA1",-0.0718007718574807,11.6149298216776,-0.867933800217554,0.394064065139611,0.573743203521259,-7.32985260270072,"EEA1",0.233953339709927,0.404433166817032,""
"RIC8A",-0.0720091918265737,11.6012962518751,-0.470337708410569,0.642378524655997,0.773774131971996,-7.60096377260874,"RIC8A",0.31551927978401,0.192208986377095,""
"RAB1B",-0.072084802999024,15.6903721305556,-0.642887839151142,0.526418443354689,0.68720511459663,-7.50240637290498,"RAB1B",0.280219322231444,0.278668903385642,""
"SNX17",-0.0724591273283508,11.3752756496203,-0.160378634478526,0.874379352721256,0.923820951684036,-7.54024430581688,"SNX17",0.376703367663466,0.0583001062105672,""
"RPL21",-0.0728228092254799,12.8645120396232,-0.47739860599829,0.637416113321872,0.77202070094253,-7.59751705956678,"RPL21",0.314804289100413,0.195576962138843,""
"DDB1",-0.0730713177734099,14.9374267476287,-0.900367671348921,0.376909806121975,0.556612933499015,-7.30098102262613,"DDB1",0.226968187019246,0.423762563295256,""
"SMS",-0.0739811573328311,12.2228014328465,-0.664673519196314,0.512623516309322,0.676719789519041,-7.48785700525169,"SMS",0.275943756429896,0.290201474684916,""
"ANXA1",-0.0740631317411005,13.0897125974798,-0.511684668200776,0.613568225963857,0.755932958548669,-7.58006518392052,"ANXA1",0.308244244400386,0.212137138703569,""
"VCP",-0.0749638190956574,15.1496102426567,-1.14424539521235,0.2638552343438,0.447252646735292,-7.05276030116523,"VCP",0.182374710071748,0.578634285894361,""
"PHYH",-0.0751021527791718,10.293612303603,-0.264273732413209,0.796501323185296,0.880829515825471,-7.03483967618575,"PHYH",0.359172894210696,0.0988134983919201,""
"RMND5A",-0.0755678012651231,9.36616363141422,-0.423709719101991,0.677455646859171,0.797563990666783,-7.39022282559915,"RMND5A",0.325219990587578,0.16911913285925,""
"CAPN1",-0.0766759457125232,14.7831697695114,-0.952483571865445,0.350388128352663,0.532560182339523,-7.25252234086154,"CAPN1",0.217160277438027,0.45545061676843,""
"YWHAE",-0.0771181660134026,17.7462569016655,-0.985036517148939,0.334475892833838,0.514661293166906,-7.22097258168549,"YWHAE",0.2098617074971,0.475635178304305,""
"ATP1A2",-0.0775194191979089,14.5975156273846,-0.81471849895034,0.423279520037673,0.599116992830747,-7.37506357046521,"ATP1A2",0.244299924582075,0.373372743928061,""
"PDXK",-0.0778072282347342,11.6806087122271,-0.990561140831674,0.331825315224161,0.512783300531726,-7.21552112265415,"PDXK",0.209095924745767,0.479090484367204,""
"SOD1",-0.0781267971846411,17.236576313115,-0.885253951783806,0.384841696904799,0.565409105000788,-7.31455816715108,"SOD1",0.230554972338655,0.414717879059882,""
"COPE",-0.0784705750498169,12.029849462337,-0.651593797401574,0.520881626329904,0.682271494076057,-7.4966482969522,"COPE",0.278207556356807,0.283260961677055,""
"EEFSEC",-0.0786625727982901,10.9808203409951,-0.424573635080326,0.676838630107304,0.797239920540723,-7.3549026728305,"EEFSEC",0.325087845600367,0.16951486219766,""
"MFF",-0.0789028844277944,10.8779906079114,-0.684569178196612,0.500487700723153,0.665302275647777,-7.45052711149633,"MFF",0.271288075133851,0.300606590659584,""
"GARS1",-0.0797911356772172,13.8320963913351,-1.04746144948682,0.305367028021405,0.487483363666202,-7.15774780292483,"GARS1",0.198779454436729,0.515177857657494,""
"SPTAN1",-0.0805429607981374,13.3414231187231,-1.19138025440276,0.245204106873042,0.423265472780848,-6.99862122746958,"SPTAN1",0.172593540687252,0.610472260183952,""
"DCAF6",-0.0805777898542246,11.9753537323919,-0.943325639708668,0.354955291101127,0.535510095495966,-7.26122108770646,"DCAF6",0.218363153621254,0.449826345679718,""
"AP2B1",-0.0807206659912545,11.6095990117468,-0.757192824290594,0.45633659164233,0.62699727569868,-7.42088800833494,"AP2B1",0.255668573916792,0.340714705649443,""
"AK4",-0.0807385838718897,11.7450186560553,-0.296437134532815,0.769568702388477,0.86580091700873,-7.64643537445876,"AK4",0.353044732930949,0.113752602945779,""
"MCM2",-0.080817809471128,14.3345969415641,-0.489960444788884,0.628630353265658,0.76526587454118,-7.59126059967257,"MCM2",0.31204989621862,0.201604653007387,""
"AARSD1",-0.0808488263848144,12.4746387288741,-0.893094959955414,0.380713156744674,0.561077997978568,-7.30754116766186,"AARSD1",0.228788891370252,0.419402114509826,""
"GNB2",-0.0813529993847801,13.3584418910081,-0.930724652571364,0.361304602915254,0.541673008666033,-7.2730626832239,"GNB2",0.220876184032125,0.442126505611712,""
"HOMER2",-0.081374382780913,11.804376557706,-0.56629793760796,0.576700797478089,0.729027244868503,-7.52626317922946,"HOMER2",0.297272991871168,0.239049448034058,""
"PLOD1",-0.0818895256544341,15.8865129036572,-0.573656628863697,0.571560640586265,0.723955777052518,-7.54552358078778,"PLOD1",0.295205016467714,0.242937685697618,""
"HSPBP1",-0.0821957733191532,13.1839677966479,-0.535235347566111,0.597433711693589,0.743415340376979,-7.56739213834952,"HSPBP1",0.303139977267447,0.223710274886524,""
"CMA1",-0.0823118698701091,11.9169119122981,-0.330944998729334,0.743570680067781,0.850036328839177,-7.65863424707674,"CMA1",0.34661645974395,0.128677743343143,""
"SERPINH1",-0.0824881604361032,11.373555194986,-0.987129757044334,0.333469904478706,0.513733719553947,-7.21891036902236,"SERPINH1",0.209483473919348,0.476943354876684,""
"HYI",-0.0828217266258591,12.8605511920545,-0.669842427866804,0.509658273469637,0.673115818491048,-7.46071007843871,"HYI",0.27447417726444,0.292720921333183,""
"CAP1",-0.0837326971629047,11.9114600156813,-0.868987138106877,0.39349916560264,0.573538460141616,-7.32893055612361,"CAP1",0.233869852189453,0.405056184205941,""
"PPIL3",-0.0840908340834687,11.1878088675249,-0.690607582183789,0.496466493628138,0.663036446459978,-7.46992858519935,"PPIL3",0.27036414557365,0.304110056581369,""
"ACTB",-0.0842387012884735,17.2676095761373,-1.27423249750291,0.214834894713325,0.386459754034906,-6.89878310426264,"ACTB",0.157585396332443,0.667895176647384,""
"C12orf57",-0.0847649230169711,9.52358342396675,-0.289213037771785,0.775139148843838,0.867937497649086,-7.62652079226734,"C12orf57",0.353915959244922,0.110620328267186,""
"TIMM9",-0.0850533636902551,12.5545350064454,-0.924857921466589,0.364286394194237,0.54484368490309,-7.27852534095721,"TIMM9",0.222169080035504,0.438557049007083,""
"AGMAT",-0.0850836243497533,10.9295450870683,-0.280276011352129,0.783711687892609,0.874116465607423,-7.32816839009695,"AGMAT",0.3564355362629,0.105843676328397,""
"NES",-0.0858862607336821,12.2741843440606,-0.389043192686249,0.700689545585901,0.817185606954706,-7.63700470898295,"NES",0.333221031180116,0.154474362209901,""
"CAPN2",-0.0871683478669869,14.2544235686858,-1.02512958548444,0.315568663644171,0.49564901725502,-7.18077462481064,"CAPN2",0.202109135583789,0.50090612929691,""
"NHLRC2",-0.0876621185606137,12.3042188991953,-0.836514474362139,0.411153479669678,0.589071436564123,-7.35687196583648,"NHLRC2",0.240203681832014,0.385996029872909,""
"HLA-A",-0.0876901961300174,12.1768059914476,-0.606134685340757,0.550140672448132,0.706371738244304,-7.52588873952073,"HLA-A",0.288034832002743,0.25952624603947,""
"OVCA2",-0.0880844435848438,12.0414372639328,-0.800105101637905,0.431533018714614,0.605238646344454,-7.38700593845268,"OVCA2",0.246796130681405,0.364985968669661,""
"RAB24",-0.0881483706897246,11.1192730558027,-0.697968545682687,0.493274625746167,0.661552005100999,-7.36740644689105,"RAB24",0.269758839904833,0.306911224253754,""
"TPM4",-0.0883474403757045,12.5063146488573,-0.765345304284781,0.451559742076653,0.6237277904553,-7.41458775796369,"TPM4",0.254335386896664,0.34528478369416,""
"ALDH9A1",-0.0884075046873498,15.4023187760266,-0.949285642948257,0.351978447595426,0.533560549268067,-7.25556877829524,"ALDH9A1",0.217568193701666,0.453483928501817,""
"FHL3",-0.0885396128284945,15.8278249941927,-0.94962342974704,0.351810238056537,0.533560549268067,-7.25524744167634,"FHL3",0.217568193701666,0.453691526257858,""
"CAMK2A",-0.0892218394781192,15.2964185549511,-0.625678644708203,0.537456563199518,0.694447261344027,-7.51356819305336,"CAMK2A",0.283172428094528,0.269656629319411,""
"FN3KRP",-0.0893990594011562,12.491067460168,-0.491941049413798,0.62725016432413,0.764999993910301,-7.59025961746464,"FN3KRP",0.311941478966482,0.202559216238854,""
"CTSA",-0.0895027576913616,11.4172059900864,-0.446867392328228,0.658994887123084,0.785851402894277,-7.61205801748715,"CTSA",0.32044398799756,0.181117954909549,""
"C1QBP",-0.0896744491109445,16.7577278562723,-0.946678389856973,0.353278618051011,0.534116959779182,-7.2580454912298,"C1QBP",0.217795079347589,0.45188264714899,""
"RASA3",-0.0897440802587148,11.8027773445757,-0.651776548365147,0.520765743085215,0.682271494076057,-7.49652662528754,"RASA3",0.278207556356807,0.283357592178698,""
"ATP6V1E1",-0.0910745207607153,11.2672827866572,-0.799210608981362,0.432041423648399,0.605238646344454,-7.38773028605534,"ATP6V1E1",0.246796130681405,0.364474611519673,""
"THTPA",-0.0914726060138893,10.7017095196945,-0.434128277187198,0.669688519037727,0.792986570743059,-7.36742422130789,"THTPA",0.323353471434345,0.174127146429361,""
"SSB",-0.0918632044896572,11.8234155862584,-1.25244040975375,0.222529287461384,0.394176449878959,-6.92561413229606,"SSB",0.160732007487333,0.652612822679357,""
"ARHGAP17",-0.0921627529473934,12.6149021839625,-0.809360461464935,0.426639678080977,0.601772187078997,-7.35576936906429,"ARHGAP17",0.245382624225651,0.369938757019976,""
"COG2",-0.0929716768375481,9.52548044584779,-0.454320524341452,0.655380747794795,0.784021677704145,-7.39941370037974,"COG2",0.319697887100232,0.183506320428911,""
"FXR1",-0.0935189309644215,13.2292458586232,-1.11304492201002,0.276761399358941,0.461054205451274,-7.08751963182894,"FXR1",0.188002525329497,0.557894482186445,""
"STARD7",-0.0938002884351157,11.1828611353424,-0.783147276262273,0.441234058642521,0.612718037765597,-7.40060728389667,"STARD7",0.249845977008533,0.355330971958004,""
"NOMO3",-0.0938149235950547,12.1667369359808,-0.802777858575568,0.431589452784749,0.605238646344454,-7.28547327623587,"NOMO3",0.246796130681405,0.364929177180399,""
"ASAH1",-0.0941699404495715,11.4485886081479,-0.690879124957863,0.496298861682116,0.663036446459978,-7.46973737558879,"ASAH1",0.27036414557365,0.304256720905321,""
"THEM6",-0.0945033486793161,12.5449495436043,-1.0095365726112,0.322831589810949,0.503047069862525,-7.19658342453162,"THEM6",0.205125814655981,0.491023975160233,""
"ZW10",-0.0960223103811533,13.4421589843823,-0.713397209233932,0.48251006305891,0.651388585129528,-7.45363005582683,"ZW10",0.265614536267584,0.316493624733904,""
"DSG1",-0.0960723039740543,16.4232465379663,-0.300061847727807,0.766724897488002,0.86580091700873,-7.66872376629436,"DSG1",0.353044732930949,0.115360433879424,""
"MYL6",-0.0962058164193813,14.3604517351785,-1.4159599363259,0.169691041194437,0.327481968913336,-6.71456781031618,"MYL6",0.133536222916179,0.770341085569919,""
"MAPK12",-0.0963414340123219,13.0550595187018,-0.928375273891415,0.362496725374672,0.542607546036773,-7.27525410505492,"MAPK12",0.221257257198006,0.440695912287839,""
"TRIM72",-0.0966164631967352,18.3025346087811,-1.2338873203375,0.22924393671064,0.403503165354152,-6.94813725784781,"TRIM72",0.164535130941438,0.639702142192007,""
"CASP3",-0.0970191092883521,12.2875550595482,-0.487542093663506,0.631203368464257,0.767418878736068,-7.48725004231748,"CASP3",0.312927819510281,0.19983069214728,""
"ERI3",-0.0977146711329251,11.9429503107442,-0.414898765650155,0.682078169036046,0.801050365463138,-7.60280011299304,"ERI3",0.326641617932499,0.16616585051123,""
"CLINT1",-0.097789899005555,11.4595388401146,-0.793712432440611,0.43517453418265,0.607128938959339,-7.392165758556,"CLINT1",0.247566928954164,0.361336526884197,""
"PSMD5",-0.0980354090849804,13.2063328632431,-0.762066584605368,0.453477243626742,0.625169494826463,-7.41712928371209,"PSMD5",0.254923265847453,0.343444501801908,""
"FGGY",-0.0984618020755104,10.8174001098929,-0.692850936456915,0.495687180778162,0.663036446459978,-7.41692822651639,"FGGY",0.27036414557365,0.304792312463208,""
"GYG1",-0.0991765179119497,15.5158788246767,-1.21305971779728,0.236963226920303,0.412272799663166,-6.97306880174636,"GYG1",0.168111095278858,0.625319044642672,""
"PNPLA6",-0.0994429700469688,9.45209786968103,-0.482530674363506,0.636443584143449,0.771495780524588,-7.30637367888211,"PNPLA6",0.314590244064053,0.196240087188766,""
"LNPEP",-0.0997090436636352,9.74030786394636,-0.538094717142652,0.595704561768509,0.741908814526316,-7.54227017065979,"LNPEP",0.302525666279606,0.224969074161176,""
"PEA15",-0.0998065537240258,12.7012891850636,-0.799422423097801,0.431921001008934,0.605238646344454,-7.38755883134892,"PEA15",0.246796130681405,0.364595679025996,""
"RHOA",-0.100608818315713,13.9097311668248,-1.04656777849537,0.305770755623087,0.487483363666202,-7.15867798683546,"RHOA",0.198779454436729,0.514604053517735,""
"SNX3",-0.100621354396162,12.4808104518383,-0.97472201572003,0.339463294070347,0.520098473034976,-7.23107521965412,"SNX3",0.212078808076125,0.46920717880476,""
"PRKAR1B",-0.101160309264289,12.2080189643265,-0.826108183831817,0.419052297000198,0.594904600205638,-7.23425115624099,"PRKAR1B",0.242582251384789,0.37773177445299,""
"RPS15A",-0.101427838319331,13.0089456471306,-0.781241898974714,0.44233231586524,0.613647643241065,-7.40211824074909,"RPS15A",0.250225039112038,0.354251330833267,""
"DHX15",-0.101489472137777,9.9536174127804,-0.847586154652126,0.4062729424252,0.584446973806501,-7.27481778692483,"DHX15",0.238317980180352,0.391182100505792,""
"RAN",-0.101707397030486,14.4009739747894,-0.818206653696491,0.42132406459063,0.597070162493274,-7.37218274745286,"RAN",0.243465295447765,0.375383734748186,""
"RBM20",-0.101773406184273,10.4876367868824,-0.860052935872152,0.399079591473636,0.577434676844058,-7.28514465984743,"RBM20",0.23545859939234,0.398940481028329,""
"HSPB2",-0.101976896830219,16.6263658465724,-0.896737799250592,0.378804965662425,0.558834954497866,-7.30426146340804,"HSPB2",0.227874253061329,0.421584336570414,""
"LTA4H",-0.102117897492571,15.125602413246,-1.08083051636609,0.290560899778212,0.476280237780781,-7.12249855857209,"LTA4H",0.194211193409846,0.536762828279784,""
"MIF",-0.102754077355819,16.9395634725187,-0.757702482658895,0.456037080162985,0.626886706737014,-7.42049602720878,"MIF",0.255623487582538,0.340999843617446,""
"EMC1",-0.103384959193688,11.3628074005331,-0.636588867277632,0.530444323259292,0.689215421268023,-7.50652582985688,"EMC1",0.281039058233069,0.275360193987366,""
"WDR82",-0.104150601153364,9.39097202230751,-0.48197513957854,0.639359988884927,0.772413798306737,-7.14436362340046,"WDR82",0.314964581092759,0.194254545340204,""
"SDCBP",-0.104184400535452,10.2706510829159,-0.689693785520116,0.49877056501382,0.664828210255712,-7.3417888997274,"SDCBP",0.271094767080643,0.302099184362047,""
"DENND10",-0.104384054720347,10.3640303522182,-0.315274971670102,0.759823757150076,0.861575116071124,-6.69680892899412,"DENND10",0.351321592271095,0.119287131631675,""
"DYNC1LI2",-0.104385868422751,11.2417651993794,-0.758959609830887,0.455298805959619,0.626621157709327,-7.41952808906757,"DYNC1LI2",0.255515205547121,0.341703488645969,""
"CDSN",-0.104411487503574,10.9009252515073,-0.39849323130624,0.69451104546515,0.811633569669767,-7.53668258761781,"CDSN",0.330957095577858,0.158320842876086,""
"EIF3E",-0.105124993522848,10.5635993128736,-0.966475527062222,0.343905272498105,0.524793067066902,-7.21534993318127,"EIF3E",0.213993106922038,0.46356116584917,""
"PPP1R12A",-0.105146909972083,11.0671364480898,-0.658722874576796,0.518951051139045,0.68067731822179,-7.30118296853928,"PPP1R12A",0.277557504621288,0.284873604045074,""
"SLC9A3R2",-0.105817628945257,10.6569698905787,-0.726385646402376,0.477546285900401,0.647782092342128,-7.23196995965588,"SLC9A3R2",0.264143928812762,0.32098452829609,""
"HINT3",-0.106269935404935,13.217813850449,-1.41948032648221,0.168673884991608,0.326050938235818,-6.70978159034615,"HINT3",0.13295269634161,0.772952152040269,""
"RSU1",-0.106529879172433,12.3955174338557,-0.628331924248104,0.535746692427636,0.692574419144488,-7.511866382741,"RSU1",0.282408745519043,0.271040501508459,""
"PSMF1",-0.106589620595763,13.3176636592433,-1.08420198520424,0.28909399758572,0.475236657719892,-7.11888131749212,"PSMF1",0.193785656272323,0.538960925425371,""
"GANAB",-0.106705703603543,13.4381747568446,-1.2365615131322,0.228266747095083,0.402277974252542,-6.94490905598719,"GANAB",0.164035538879615,0.641557350029487,""
"MYO1B",-0.107030534018735,9.05530928612914,-0.542958473428158,0.594691031819355,0.74129169558667,-7.34126388232806,"MYO1B",0.302274025761614,0.225708610787312,""
"VPS25",-0.107396733627535,13.0503645016825,-0.849130029190506,0.404236126351088,0.582539674530118,-7.34613573007547,"VPS25",0.237540247158336,0.393364876437171,""
"AK2",-0.10766749891661,14.1718457312041,-1.02613407839525,0.315104733230849,0.49551084972895,-7.17974862044362,"AK2",0.202052795475592,0.501545073180808,""
"LEMD2",-0.107797584234529,11.9707229698674,-0.549606113620943,0.589383601605727,0.736760107928873,-7.3686785854717,"LEMD2",0.300426195477572,0.229601951674451,""
"AKAP7",-0.108554949113179,9.94648740511008,-0.466697818476948,0.646052260641649,0.77591337388015,-7.4747626084329,"AKAP7",0.316391591274218,0.189732349512226,""
"TXN",-0.108797039627358,16.2859395813276,-0.833604278938385,0.41275975062906,0.590497435877725,-7.35932712846484,"TXN",0.240785156784212,0.384302658599686,""
"SIPA1",-0.109032625671349,10.0356911357469,-0.309373958141688,0.761627704785,0.862177146568335,-7.35243404189562,"SIPA1",0.351567080225576,0.118257266545315,""
"RAB5B",-0.10906134725089,12.9074733086064,-1.14392351741574,0.263986089052748,0.447252646735292,-7.05312329523665,"RAB5B",0.182374710071748,0.578418958004435,""
"HAX1",-0.10959933763316,12.1528605390758,-0.660290117641113,0.515382944307994,0.678797048600773,-7.49082199548007,"HAX1",0.276790793391086,0.287869957759281,""
"RAB18",-0.109681472927102,10.8319136238817,-0.798959684365895,0.432524582268778,0.605521310088097,-7.3642409583729,"RAB18",0.246911391527083,0.363989204637787,""
"BCAM",-0.109911138220182,12.1455078062193,-1.05452523951765,0.302189104845478,0.485952919848876,-7.15036993913365,"BCAM",0.198155390499928,0.519721197808993,""
"MAPRE1",-0.110200219512688,11.8951255891947,-0.944592853184261,0.354320944569271,0.535127463513062,-7.26002206050375,"MAPRE1",0.218207129062304,0.450603174954402,""
"EEF1G",-0.110290401920155,15.5468877345851,-1.40623232035699,0.172527108309072,0.330760860038364,-6.7277409403255,"EEF1G",0.134873245341085,0.763142656740966,""
"ACTBL2",-0.110825302507926,16.4108337699172,-0.796696010273186,0.433472628149373,0.605761065314211,-7.38976245817293,"ACTBL2",0.247009155710638,0.363038321068967,""
"UBQLN4",-0.111084614071192,9.42878009448205,-0.600870143684355,0.554389235260653,0.710551720248988,-7.45691672751483,"UBQLN4",0.28973928923016,0.256185211138468,""
"CAPZB",-0.111310343080891,16.0592017350542,-1.5159875266873,0.142641042597592,0.292854134802231,-6.57470936868183,"CAPZB",0.119416147266491,0.845755495458568,""
"TRIM54",-0.111529521578289,13.3118567768455,-1.03719559108214,0.310027443714065,0.490491179607327,-7.16838943906443,"TRIM54",0.200005941444052,0.508599860597842,""
"SHOC2",-0.112991355534703,10.5814733287246,-0.503077241487727,0.620434043677284,0.760789302915333,-7.46049920014467,"SHOC2",0.310224499637205,0.207304380143492,""
"UBE2V2",-0.11338256059523,14.2562950098724,-1.71306395530163,0.0996484294508531,0.224562051250663,-6.27655569206958,"UBE2V2",0.0915689136529487,1.00152954178239,""
"LRRC40",-0.11361924483246,11.8969696928981,-0.911000309528179,0.371787616315458,0.551038921747717,-7.26757419744104,"LRRC40",0.224695290962621,0.429705080017134,""
"CARS1",-0.113959269820731,11.1576316625041,-0.636954668716832,0.530758486539037,0.689215421268023,-7.45493696607065,"CARS1",0.281039058233069,0.275103052974289,""
"ARPC1A",-0.114214564564728,10.4602616171913,-0.557791708663729,0.583535628284513,0.732652974279728,-7.42796202924321,"ARPC1A",0.298751443379499,0.233932622574926,""
"PPP1R14B",-0.11442091101649,10.3514831600511,-0.43184494013766,0.671654858528259,0.794329010375156,-7.35089838999537,"PPP1R14B",0.323900873535774,0.172853839360793,""
"LPP",-0.114488294117461,12.0423096651819,-1.3216609416651,0.198796071215899,0.367193535095708,-6.83899737799996,"LPP",0.149729274923519,0.701592202766249,""
"RNF123",-0.11468915563149,12.1448248499166,-1.58743132670387,0.125560895607971,0.266189098688898,-6.4700123992002,"RNF123",0.108543035020607,0.901145595200313,""
"SEC23A",-0.115303324409435,11.8045474518274,-1.03859418140042,0.309838482957469,0.490463350787763,-7.14322158704947,"SEC23A",0.199994593779736,0.50886464242532,""
"TFRC",-0.115320416994107,12.1753816598783,-0.749971874171061,0.460592760167194,0.631632237469338,-7.42641466003367,"TFRC",0.257558556715749,0.336682892781142,""
"TYMP",-0.115517353916212,10.6817516057148,-0.821408231901639,0.419534234355465,0.595293494658077,-7.36952836453935,"TYMP",0.242740829569915,0.377232594584885,""
"CTSD",-0.116721335503227,15.9196291243573,-1.11449007642561,0.276153664184157,0.460577964391059,-7.08592873233686,"CTSD",0.187808330111392,0.558849189903992,""
"LMNA",-0.117020632368583,15.5534382122048,-1.16638758289345,0.254967605861914,0.435652112224954,-7.02757052873162,"LMNA",0.177644399064215,0.593514994033105,""
"PRKRA",-0.117136328859431,11.4901442482575,-1.30275826632331,0.205073322211823,0.373834298197603,-6.86305222901776,"PRKRA",0.152437156596671,0.688090832902081,""
"LMOD3",-0.117216840570963,13.4451841972623,-1.1613198031972,0.256981974513162,0.438570310707615,-7.03337388642269,"LMOD3",0.178834343061399,0.590097338318563,""
"FNTB",-0.118376953903073,10.3554088880248,-0.55275518215304,0.585565505583739,0.734394599903883,-7.55760342114011,"FNTB",0.299461620212609,0.232424514558735,""
"AKAP2",-0.118660886163712,9.74783726064788,-0.876834630446227,0.394498887702527,0.573743203521259,-7.05731398476768,"AKAP2",0.233953339709927,0.403954216954779,""
"FMC1",-0.119599639554256,11.8521956360647,-0.560698684891265,0.581263328214076,0.73124204191151,-7.45431776909162,"FMC1",0.298176112225032,0.23562707573044,""
"PRKG1",-0.119681433814891,13.3688550499351,-1.144995538748,0.263550459166726,0.447114056985874,-7.05191398015643,"PRKG1",0.182318197794955,0.579136222805496,""
"XPNPEP1",-0.119854102278472,13.6843776717447,-1.48787465503657,0.149862983575028,0.303115094693801,-6.61481935260016,"XPNPEP1",0.123600224429461,0.824305625419538,""
"RCC1L",-0.12001833692468,10.143907029047,-0.831202967645156,0.41681242097994,0.593590147949131,-7.19574202492282,"RCC1L",0.242046261601534,0.380059347571605,""
"MTOR",-0.120282977840469,10.1966954019991,-0.837722067075715,0.411238550054199,0.589071436564123,-7.30970154840576,"MTOR",0.240203681832014,0.385906180756266,""
"UBE2V1",-0.12035913547386,8.68731754711783,-0.511095699942963,0.618637414943707,0.759888532862184,-7.09063779801108,"UBE2V1",0.309857195657042,0.208563817581768,""
"TBC1D17",-0.120374127772378,11.905458638925,-1.42247127648286,0.167813530000896,0.325005791444524,-6.70570730014633,"TBC1D17",0.132526520343691,0.775173027012408,""
"HAGH",-0.12110646562329,15.944698730444,-1.42496661900073,0.167098422979248,0.324227584112954,-6.702302594807,"HAGH",0.132209193352992,0.777027648817814,""
"NUBP1",-0.121177235185828,9.57474295565068,-0.553458695721605,0.586798551165009,0.73465330421446,-7.36747794740949,"NUBP1",0.299567111200713,0.231510967122243,""
"RUSF1",-0.121314181545337,11.325460878991,-0.723108159870589,0.480119743435065,0.649562286679364,-7.11346597015517,"RUSF1",0.264869832680508,0.318650434650286,""
"TATDN1",-0.121323044367227,12.3265674976026,-1.48690994523388,0.150115982809826,0.303198265915117,-6.6161847098844,"TATDN1",0.123634138879123,0.823573066073964,""
"UCHL3",-0.121343033153858,14.234394159214,-1.1436410312302,0.264100968896801,0.447252646735292,-7.05344179047277,"UCHL3",0.182374710071748,0.578230005511129,""
"ATAD3A",-0.121525246780578,12.6602576562181,-1.00933865961016,0.322924513511837,0.503047069862525,-7.19678264774052,"ATAD3A",0.205125814655981,0.490898986017724,""
"RPS20",-0.121649400492622,12.8514059065549,-1.22610758711907,0.232104768350285,0.407286233610371,-6.95749371561108,"RPS20",0.166077739982315,0.63431593732545,""
"CLIC4",-0.121661817537749,10.557906149266,-0.762245019142631,0.453372763710681,0.625169494826463,-7.41699123612126,"CLIC4",0.254923265847453,0.343544573590735,""
"AGO2",-0.121857707669481,11.1067221722704,-1.27076117648621,0.216574688988601,0.38724492418934,-6.87953855418613,"AGO2",0.157905562530044,0.66439230059573,""
"CSRP3",-0.122551781582118,16.9330836821351,-0.684862328781446,0.500020738485138,0.665299559992778,-7.47395722970444,"CSRP3",0.271286967780331,0.301011982818221,""
"PSMD6",-0.122751529369081,12.8527389380786,-1.47033319076698,0.154517650146715,0.308819493519482,-6.63953076463313,"PSMD6",0.125926287985621,0.811021905083746,""
"HSPA4",-0.122824085439486,13.2172208207627,-1.8000277154189,0.0844957554466116,0.199691867950621,-6.13592555301692,"HSPA4",0.0814276825123743,1.07316510681852,""
"RAB2A",-0.122946510133319,12.4775729365294,-1.3823113586471,0.179661594732597,0.341202046532642,-6.75980691810596,"RAB2A",0.139130812900716,0.745544749704004,""
"SUN2",-0.122954681848489,14.044799235373,-1.27057521715039,0.21611178726247,0.38724492418934,-6.90331429260892,"SUN2",0.157905562530044,0.665321544993484,""
"EHBP1L1",-0.123430087522792,12.0541501607146,-1.04712167490247,0.305520481312283,0.487483363666202,-7.15810154507893,"EHBP1L1",0.198779454436729,0.514959670453329,""
"NOS1",-0.123625692725838,12.0642344732227,-1.57448573235439,0.128523861589158,0.270467126373655,-6.48927460668456,"NOS1",0.110287472005791,0.891016234243549,""
"UBE3C",-0.125629451273097,10.9106960800406,-0.540749955675796,0.594997933259781,0.741351364819108,-7.39076801141946,"UBE3C",0.302298356884181,0.225484542801588,""
"NOP14",-0.125723048613443,12.140068751347,-0.876787591123823,0.394523628417134,0.573743203521259,-7.05559260553236,"NOP14",0.233953339709927,0.403926981342065,""
"HNRNPH2",-0.125859283782072,11.6412871357839,-0.880869711399406,0.387542101453852,0.568209781947195,-7.29473624170692,"HNRNPH2",0.231696994973589,0.411681110097365,""
"CPA3",-0.126154660928977,13.5487168323506,-0.757723398740517,0.456024790899954,0.626886706737014,-7.42047993516308,"CPA3",0.255623487582538,0.341011547119787,""
"EPHX1",-0.126215068081789,15.1342165850439,-0.686559027146685,0.49896960014999,0.664828210255712,-7.47277084921664,"EPHX1",0.271094767080643,0.301925913072571,""
"KPNA4",-0.126252963833023,15.5120101213686,-1.40620100996314,0.172536297312978,0.330760860038364,-6.72778321675207,"KPNA4",0.134873245341085,0.763119526303914,""
"RANBP1",-0.126498221259483,11.9257432012106,-1.01618960868986,0.31971866063804,0.50001902007982,-7.18986549290623,"RANBP1",0.203891076963014,0.495232015040103,""
"DES",-0.126600558080163,19.206196877276,-1.34652088816949,0.190769223506494,0.357551747004313,-6.80690675271963,"DES",0.145797675366587,0.719491688014558,""
"GSTM2",-0.126658453288901,17.0425871652257,-1.36982673793021,0.183476751761065,0.346836501677786,-6.77635645113137,"GSTM2",0.141428355757105,0.73641895714226,""
"NAA10",-0.126699583540814,10.7899355372449,-0.718573898474897,0.479371722579119,0.6495225972678,-7.44985713712431,"NAA10",0.264853648662414,0.319327587928679,""
"PPP2R3A",-0.126800709812745,11.2924667760694,-0.70921622253875,0.485053412912283,0.653896781796963,-7.45665819552085,"PPP2R3A",0.266637295201188,0.314210435303252,""
"RCC1",-0.126874203497072,15.2647372091825,-0.779608649070394,0.443967312769154,0.615617465671181,-7.35512625371296,"RCC1",0.251028266990526,0.35264900377403,""
"LAMA5",-0.126999511528641,10.8600380227835,-0.858878446847605,0.398941918283214,0.577434676844058,-7.33773593526243,"LAMA5",0.23545859939234,0.399090328386499,""
"PPP1R7",-0.127446385226992,12.5051233916109,-1.43648127304822,0.163830092814926,0.321151866874191,-6.68652663518215,"PPP1R7",0.130955018461514,0.785606322703172,""
"UGP2",-0.127742662118944,16.7194673277891,-1.65810236879956,0.110368727574234,0.242735681277719,-6.36262805450074,"UGP2",0.0989795137496258,0.957153964341249,""
"ZYX",-0.128018348040438,10.7773180300544,-1.02874266247021,0.314347002518267,0.494591050691193,-7.15335398814314,"ZYX",0.201677732110266,0.502590676544851,""
"PIP",-0.128250814320083,16.6696546622847,-0.317946457075314,0.753287566172017,0.855874031715154,-7.66300022215091,"PIP",0.34899688024512,0.123039201009533,""
"COMMD3",-0.128561396019203,12.6823109596307,-1.30483527582895,0.204376172597955,0.373318080035097,-6.86042377740395,"COMMD3",0.152226660049791,0.689569738245862,""
"DDX39B",-0.129324360642707,14.5058354628649,-1.48905755360297,0.149553235652076,0.302916744823951,-6.61314418880829,"DDX39B",0.123519343969008,0.825204186372946,""
"VPS4A",-0.12963760909366,12.767679934275,-1.34213007093292,0.192168206581665,0.359938093741313,-6.81261207583142,"VPS4A",0.146770747963178,0.716318462912499,""
"ERP44",-0.130063365247949,12.2213401677937,-1.1026161037571,0.281175815240454,0.466237070230696,-7.09894500404356,"ERP44",0.190115924698708,0.551022036992591,""
"PGM3",-0.130063616092905,12.9740447772058,-0.845212021974422,0.406376477244911,0.584446973806501,-7.34948628442392,"PGM3",0.238317980180352,0.391071438761526,""
"GCLM",-0.131220640089495,12.926992200889,-1.04162083555695,0.308012411065363,0.488521326112663,-7.16381394291235,"GCLM",0.199202700898478,0.511431783666418,""
"HTRA2",-0.131540423941887,11.6661272480401,-1.06720073355498,0.296545381706656,0.48202572993843,-7.13701770475613,"HTRA2",0.196554013456009,0.527908835127301,""
"SPR",-0.132059354685763,13.3169204100691,-1.21669238250603,0.235602960470804,0.410839654899601,-6.96874730977778,"SPR",0.16752670665052,0.627819256720013,""
"PPM1A",-0.13252334896992,12.8979016377212,-1.86965726560569,0.073834230540034,0.181385036742985,-6.0195210293941,"PPM1A",0.0739627674175259,1.13174224674001,""
"ITGA8",-0.132552962394131,11.3394942231107,-0.451126133093981,0.657033302246479,0.784492828965132,-7.4821849775502,"ITGA8",0.319890006867996,0.182412617327067,""
"PPP5C",-0.133631535854949,13.76587387027,-1.78761697097147,0.0865292367904046,0.202656854086856,-6.1563219475357,"PPP5C",0.0826367049539622,1.06283712685445,""
"UGGT1",-0.134442874865753,12.9752077238095,-1.58038799357935,0.127165866664787,0.268920210658862,-6.48050827451678,"UGGT1",0.109656691378666,0.895629444571579,""
"UBR4",-0.134819852901543,11.3646033758596,-0.865297155003505,0.395480371798043,0.574550672124872,-7.33215600464724,"UBR4",0.23428259847128,0.402875066227835,""
"CCDC47",-0.135370999421783,10.7974256371111,-1.06692207389236,0.298783605134192,0.483664410573561,-7.03966095774127,"CCDC47",0.197222212756591,0.524643236826848,""
"HSCB",-0.13557515654186,10.3416320787944,-0.579732435521528,0.570760709552996,0.723435407768234,-7.09564223939247,"HSCB",0.294992827231844,0.243545930812526,""
"TBRG4",-0.135681511378857,11.3721149858982,-1.16465580606631,0.256691657694192,0.438336231694975,-6.97810141851263,"TBRG4",0.178738893448354,0.590588245377061,""
"LIMS1",-0.136197370500783,13.7000659866498,-1.12733997494969,0.270792406015229,0.455083890790126,-7.07170121164201,"LIMS1",0.185568030165943,0.567363518982187,""
"HRC",-0.136801989691223,15.9370924858167,-1.42506774860494,0.167069493017911,0.324227584112954,-6.70216450505667,"HRC",0.132209193352992,0.777102845280431,""
"PPID",-0.137613361749761,12.143949949309,-0.950346598721906,0.351450299750441,0.533422060577949,-7.25455913460889,"PPID",0.217511722633483,0.454136081939312,""
"SHMT2",-0.138566921762417,11.9009734586141,-1.11126801065221,0.277509977586608,0.461763695263298,-7.08947319603916,"SHMT2",0.188291831607976,0.556721397647944,""
"MTARC2",-0.138752676254335,12.9411168021675,-0.818049212759427,0.421412204135714,0.597070162493274,-7.37231302670681,"MTARC2",0.243465295447765,0.375292891338148,""
"CPTP",-0.139225455413436,11.9232160145616,-1.3355657844917,0.194274636906382,0.362224111287338,-6.82111166767235,"CPTP",0.147702909662429,0.711583894050727,""
"STOM",-0.13948642364044,13.3642372065901,-0.833747305529349,0.412680715342909,0.590497435877725,-7.35920665382799,"STOM",0.240785156784212,0.384385825321384,""
"VAMP3",-0.139791836456345,13.1488359505969,-0.909148923868926,0.372350881575985,0.551464200622624,-7.29299392510751,"VAMP3",0.224868705501533,0.429047613586068,""
"XPO7",-0.139908260084349,9.72210784863003,-0.712404462638932,0.48890496998329,0.656614746171833,-7.1042850315643,"XPO7",0.26774559040854,0.310775547875565,""
"GSTM4",-0.140942375225428,11.266534493665,-0.621514217369335,0.543073149312249,0.699808803841359,-7.27968170126517,"GSTM4",0.285358686276845,0.265141669116405,""
"MAGOH",-0.141782862255811,10.6529726720916,-1.13633434748779,0.267571494760669,0.450464481179433,-7.03797487232442,"MAGOH",0.183684389019038,0.57256015520745,""
"TMED7",-0.141995475582215,12.3370291304518,-1.019669366909,0.318098839853907,0.498030021696872,-7.18633567564378,"TMED7",0.203080029770624,0.497437914815822,""
"NEDD4",-0.142814667289249,10.4509385607648,-0.916226198559871,0.371731149334244,0.551038921747717,-7.12073242867405,"NEDD4",0.224695290962621,0.429771045530127,""
"HSPA8",-0.143040525054637,18.5466297275564,-2.11501311259615,0.045049692459062,0.126280332828438,-5.58396595627712,"HSPA8",0.0514929073208614,1.34630816947489,""
"ORM2",-0.143666758741949,15.0537145055691,-0.908938068060427,0.372459923062031,0.551464200622624,-7.29318655942663,"ORM2",0.224868705501533,0.428920450779804,""
"EHD1",-0.143805233756421,12.5811607985989,-1.657398490423,0.110512077815581,0.242735681277719,-6.36371597980677,"EHD1",0.0989795137496258,0.956590255535249,""
"RWDD1",-0.144214724844053,12.0129124581578,-1.65470661640123,0.111061742023091,0.242735681277719,-6.36787320021383,"RWDD1",0.0989795137496258,0.954435518824174,""
"GFER",-0.144480723960779,12.1092166934777,-1.18823966704675,0.24641545240438,0.424395059489755,-7.00228898041732,"GFER",0.173054148466863,0.608332061590673,""
"IDH1",-0.144556914621367,15.2231139375157,-1.58755694921348,0.125532422938354,0.266189098688898,-6.46982485551009,"IDH1",0.108543035020607,0.901244088648281,""
"EIF3B",-0.144812395672561,12.0940431091125,-1.7439296966994,0.094024771412483,0.215451477808268,-6.2272578085376,"EIF3B",0.0878539257098421,1.02675771373559,""
"ATP6V1D",-0.144925858160942,9.67796506382536,-0.748438883278515,0.463919590576394,0.634673933188164,-7.23700930029754,"ATP6V1D",0.258798858766271,0.333557287538189,""
"NIPSNAP3A",-0.145012220298041,11.6228228824084,-1.04537102750918,0.306763640098823,0.487483363666202,-7.13620052317221,"NIPSNAP3A",0.198779454436729,0.513196117474799,""
"TMEM223",-0.145183353131381,11.7298016821625,-1.11311001023622,0.278303226514122,0.462545780652391,-7.01485933369819,"TMEM223",0.188610739941171,0.555481758634853,""
"LACTB2",-0.145280623456488,12.2450503559813,-1.05762988811012,0.300799786087001,0.485704677466806,-7.14711296076761,"LACTB2",0.198054165537286,0.521722476927696,""
"PURA",-0.145905304043257,15.2356194481354,-1.26814029842258,0.216965125464995,0.38724492418934,-6.90632472938358,"PURA",0.157905562530044,0.663610068157464,""
"SRP54",-0.145932437466923,14.6834168541855,-0.955311031935581,0.362176490989447,0.542411887604289,-6.70465969893067,"SRP54",0.221177474215931,0.441079743323212,""
"CDC5L",-0.145947720342708,13.1914392127476,-0.628303310380254,0.53576511669668,0.692574419144488,-7.51188477280592,"CDC5L",0.282408745519043,0.271025566426434,""
"ECHDC3",-0.145977324062887,13.9868618286248,-0.588957412117667,0.56141696690692,0.715075816327371,-7.53640419476624,"ECHDC3",0.291584064698018,0.250714466438482,""
"PRKAR2A",-0.146386887288878,14.7913938510879,-1.9370233581678,0.0646523494638896,0.163892846913775,-5.90378529642584,"PRKAR2A",0.0668300359023334,1.18941568825207,""
"NUDC",-0.146513953067739,12.460976673745,-1.35740928295628,0.187334420498471,0.352499087091798,-6.79268966114313,"NUDC",0.143737369198781,0.727382418785208,""
"MRPL53",-0.146795885309306,10.1885493402539,-1.06813679555327,0.296592351649747,0.48202572993843,-7.11231104177637,"MRPL53",0.196554013456009,0.527840052495561,""
"IVD",-0.146811990377575,13.0392757351153,-1.4427664290513,0.162067838503627,0.318570160575124,-6.67787045809357,"IVD",0.129902284752235,0.790303160020126,""
"EIF3K",-0.147042241554155,13.7842573165025,-1.46698647965677,0.155418845838905,0.309755387737428,-6.64421768510462,"EIF3K",0.126307914428532,0.808496320492666,""
"NAXE",-0.147263198630775,13.5076715284295,-1.48791079670376,0.149853511995985,0.303115094693801,-6.6147681868816,"NAXE",0.123600224429461,0.824333074389316,""
"PGD",-0.147284836081482,12.971074196403,-1.86845178296227,0.0740083837157743,0.18165694184781,-6.021564451403,"PGD",0.0740736412491766,1.13071908033303,""
"RARS1",-0.148068163571711,13.139247256882,-1.78696786679138,0.0866367385759652,0.202742719382185,-6.15738575306424,"RARS1",0.0826717179571387,1.06229790501064,""
"DAP3",-0.148222132716597,11.1853563825347,-0.99269916132862,0.331233048547281,0.512426478347199,-7.18967298691356,"DAP3",0.208950424561642,0.479866338295144,""
"SYAP1",-0.14824431144444,10.6670004547804,-0.827742098536765,0.417170689429174,0.593590147949131,-7.29163083136253,"SYAP1",0.242046261601534,0.379686212868583,""
"VWA1",-0.148419904050495,9.93962602066998,-0.918063609403308,0.368156507544987,0.548497618216426,-7.26108381060597,"VWA1",0.223659032154302,0.433967518517714,""
"GSTM1",-0.148924552462971,12.788304728269,-0.270106857626854,0.789397211446423,0.876708722660209,-7.67757327260928,"GSTM1",0.357492572217599,0.102704412087413,""
"DDX3X",-0.1491734898265,13.3450132982679,-1.73237738236904,0.0960970889725372,0.218451047370454,-6.24578891143106,"DDX3X",0.0890770501189135,1.01728976802669,""
"COPG1",-0.150427313715086,11.3112452909141,-0.967048066162585,0.343206660929275,0.524150194012585,-7.23852782687768,"COPG1",0.213730964735179,0.464444291986629,""
"HMOX2",-0.15094001827887,11.6870505069215,-1.77216120078697,0.0891202708732279,0.207031018862969,-6.18157184015174,"HMOX2",0.0844203434381004,1.05002350216845,""
"SELENBP1",-0.15127859923121,15.7530620837132,-1.07628781254022,0.292545810615142,0.478437777131735,-7.12735625897337,"SELENBP1",0.195090965986869,0.533806116796995,""
"TTLL12",-0.151709243774064,11.7785589895242,-1.72284536802662,0.0983990381674357,0.222622962241266,-6.23884350645899,"TTLL12",0.0907782178382375,1.00700914669688,""
"UBR3",-0.152059147963534,10.8338318376446,-1.14690925792757,0.262774106313977,0.446061383315897,-7.04975264884394,"UBR3",0.181888952586987,0.580417432259141,""
"EFHD1",-0.152189321159304,11.2216371946808,-0.564714850333907,0.578580136199163,0.73011302901323,-7.44709168351254,"EFHD1",0.297715738426254,0.237636480620939,""
"POLR2H",-0.15300165984041,9.94966464518616,-0.840506629584762,0.410612516575161,0.58876403929765,-7.24737819386452,"POLR2H",0.240078335480776,0.386567816298418,""
"CAVIN1",-0.153817174290131,13.9899713022528,-1.54387113664421,0.135761190427266,0.281937348039158,-6.53431626329274,"CAVIN1",0.114964645782121,0.867224362545669,""
"CAT",-0.153828562529224,15.4041969256115,-0.84466869975851,0.406673853551725,0.584580898475659,-7.34994976406896,"CAT",0.238372590193032,0.390753748970464,""
"UBE2H",-0.15417721336201,10.8293968420048,-1.07171163189792,0.295017284788093,0.480011068256693,-7.10851741590691,"UBE2H",0.195732501626439,0.530152538366988,""
"FLNA",-0.154290537961183,13.2496903682197,-1.95268478699477,0.06266693683514,0.160558645750933,-5.87645008610923,"FLNA",0.0654704598890155,1.20296153313006,""
"MATR3",-0.154299828184147,11.2545933631651,-1.55973927774003,0.131969170910094,0.276497633341646,-6.51106025740584,"MATR3",0.112746511584206,0.879527511728892,""
"DPP3",-0.154697499908959,12.6361872511165,-1.47940924124229,0.152094910337862,0.306349172544226,-6.62677538032033,"DPP3",0.124918973495847,0.817885318814623,""
"SRSF3",-0.15478834860609,13.474897487392,-1.57834821606721,0.127633830928486,0.269386448464106,-6.48354086120286,"SRSF3",0.109846807603079,0.894034195221743,""
"ACTN1",-0.155700162113961,14.9726203742273,-1.85572728797962,0.0758685387495647,0.184796389703195,-6.0430738820045,"ACTN1",0.0753538033602131,1.11993828049521,""
"YAP1",-0.155937669019787,10.1289920229853,-1.09269540713786,0.28986422292046,0.475410547850061,-6.89917136590888,"YAP1",0.193856562866852,0.537805385014354,""
"C9",-0.156490211978277,11.9609278135525,-0.547211032549035,0.589768486116369,0.736760107928873,-7.50949919875062,"C9",0.300426195477572,0.229318437398695,""
"PABPC4",-0.156534414275864,12.688866094718,-1.50269181025148,0.146020420742223,0.297657011512994,-6.59375639281762,"PABPC4",0.121374600176786,0.835586404520333,""
"GCLC",-0.156540883364791,10.843419267543,-1.05580320768763,0.305922835391319,0.487483363666202,-6.95588657180424,"GCLC",0.198779454436729,0.514388104204277,""
"FKBP5",-0.156882270001278,11.4574909918092,-1.18684655825418,0.2469542098171,0.424930685982446,-7.0039131774648,"FKBP5",0.173272559083377,0.607383566041195,""
"COA6",-0.157109450376666,11.5643951247021,-1.5445560359813,0.135595690547612,0.281937348039158,-6.53331650277975,"COA6",0.114964645782121,0.86775411283719,""
"ERGIC1",-0.157117990014372,10.06598293662,-0.661456768442844,0.51590773213608,0.679175680484572,-7.38860640215516,"ERGIC1",0.276945186843055,0.28742796311551,""
"SLC16A1",-0.157264409185432,11.7952693289044,-1.33885459278389,0.193217040317739,0.36095768236904,-6.81685772223533,"SLC16A1",0.147186502194554,0.713954574661628,""
"DNM2",-0.157470065901551,12.9912888197024,-2.24551001017898,0.034257305769753,0.102674803061416,-5.33733221556115,"DNM2",0.041867359705268,1.46524679593385,"+"
"UFD1",-0.157870038601633,11.8822898217294,-1.52619192485696,0.140090918676127,0.289070085977703,-6.55999711537568,"UFD1",0.117873138382568,0.853590016724766,""
"PTPA",-0.158313725407787,13.5668932747171,-1.43279127723987,0.164871841740868,0.322310936518007,-6.69159384801261,"PTPA",0.131427648398502,0.782853510642854,""
"PCBP1",-0.158525909846025,14.9550017313543,-1.75111395526693,0.0927553317471135,0.21312312204971,-6.21568546673916,"PCBP1",0.0869044998998206,1.0326611169496,""
"CORO1B",-0.159012950941396,11.2194375592512,-1.08255142295566,0.289811481185556,0.475410547850061,-7.12065347762327,"CORO1B",0.193856562866852,0.537884413492986,""
"AZGP1",-0.159616480874975,14.9697834287355,-0.73851563197839,0.467393528432134,0.637294082121376,-7.43507914927664,"AZGP1",0.259867268099401,0.330317305178005,""
"CLASP1",-0.159664101156068,10.7183521367483,-0.99276712651422,0.331669055696545,0.512783300531726,-7.1617308811312,"CLASP1",0.209095924745767,0.479295045716379,""
"VCL",-0.160170406495126,14.1096976220287,-1.71786193847677,0.0987559379731751,0.223077738341931,-6.26893747022404,"VCL",0.0909636603618579,1.00543678176274,""
"DERA",-0.160387488400088,11.7169073190151,-1.4277743116576,0.166296717739193,0.323769528006511,-6.6984656978313,"DERA",0.132022413352428,0.779116322529272,""
"PLG",-0.16063008194325,12.6178629717796,-1.20719835201394,0.239170474582836,0.415355520786455,-6.98001751438606,"PLG",0.169368126120812,0.621292434705347,""
"PPIC",-0.161415896388396,11.9614684022975,-0.300496394874119,0.768985798706852,0.86580091700873,-7.25739652527027,"PPIC",0.353044732930949,0.114081680484914,""
"SAE1",-0.161572621005348,10.5338843541588,-0.839858783443054,0.410065039625694,0.588568778038484,-7.30788978020958,"SAE1",0.239998714452732,0.387147255206177,""
"RBMX",-0.161689487275066,10.8419399308931,-1.07660634734039,0.293376331201284,0.479263112741624,-7.07545197641833,"RBMX",0.195427510317381,0.532574926768518,""
"HINT2",-0.162376640387405,13.1125179577106,-1.66748272271105,0.10847321494104,0.240042648863284,-6.34809469980939,"HINT2",0.0978813849640693,0.964677487984969,""
"HIBCH",-0.163024715510979,15.108047079078,-1.04446536797598,0.306722031371934,0.487483363666202,-7.16086343965523,"HIBCH",0.198779454436729,0.513255028192211,""
"NDUFB5",-0.16326012673848,13.0066267490278,-1.07399151631122,0.293552842989541,0.479263112741624,-7.12980471950432,"NDUFB5",0.195427510317381,0.532313709227074,""
"TMEM11",-0.16331872613471,14.2656778105433,-1.12576794796799,0.271444188649444,0.455377062083651,-7.07344964974304,"TMEM11",0.185687575639957,0.566319451722411,""
"TMPO",-0.163544858527617,10.619833662308,-0.992070331790706,0.332001207507089,0.512783300531726,-7.1624212902903,"TMPO",0.209095924745767,0.478860336739603,""
"MEMO1",-0.163577179679409,11.9551961847099,-1.57557230483095,0.128272965976549,0.270137769407566,-6.48766277337094,"MEMO1",0.110153171221572,0.891864863222293,""
"ACTN2",-0.163739725718411,20.4754259506427,-1.85613463646766,0.0758083668132386,0.184796389703195,-6.0423870023464,"ACTN2",0.0753538033602131,1.12028285953558,""
"TXLNB",-0.163902351795787,14.4104808649473,-1.42625483939023,0.166730203333488,0.323952370631665,-6.70054294700659,"TXLNB",0.132096970475778,0.777985720190555,""
"HMGCL",-0.164507537473751,11.5757879691249,-1.24628856681147,0.224738949208455,0.397444768846718,-6.93311506620396,"HMGCL",0.162064718939166,0.648321654058723,""
"POLDIP2",-0.164525479440782,11.9923398402271,-1.47055800619203,0.154457263937488,0.308819493519482,-6.63921560137781,"POLDIP2",0.125926287985621,0.811191662540348,""
"COX6C",-0.164812662992766,16.1647918579169,-0.741624312095735,0.465542288582504,0.635981875858294,-7.43274060709929,"COX6C",0.259332194157345,0.332040862773167,""
"IGFBP7",-0.165778005413655,11.2924476164387,-1.03459118527754,0.31215252200812,0.492492016531002,-7.12488670425062,"IGFBP7",0.200821815998445,0.50563315187546,""
"HDHD2",-0.165792882099895,13.2419580083512,-1.72830748940826,0.0968363714808239,0.219782470402948,-6.25229466944495,"HDHD2",0.0896199600185116,1.01396149221026,""
"BLMH",-0.165812693178838,15.5646630195685,-2.03450258886439,0.0531433649201564,0.142453394153586,-5.73108516456572,"BLMH",0.0580877422350347,1.27455095049048,""
"CPPED1",-0.166149824632731,12.9062224508153,-1.05280945130563,0.302958859471883,0.48599896277558,-7.15216617069295,"CPPED1",0.198174165269558,0.51861634284234,""
"GAA",-0.166305113310043,12.1390631299178,-1.45912688250941,0.157551949372496,0.312917195769662,-6.6551896371412,"GAA",0.127597194273806,0.802576218980107,""
"KRT14",-0.167473710060168,17.3281185546508,-0.434297434269692,0.667968998013542,0.791277844501142,-7.61777014223635,"KRT14",0.322656709871867,0.175243693668301,""
"SORD",-0.167525703218324,11.6299830137767,-1.21940470153081,0.234591159624913,0.40963996268853,-6.96551323961007,"SORD",0.167037512185677,0.629688357942818,""
"PSAP",-0.167528925989018,14.9042570695612,-1.67139183879897,0.107691414410874,0.238924672902265,-6.34201900176324,"PSAP",0.0974255116601404,0.967818919010373,""
"DCTN4",-0.167550199580289,12.4110099755847,-1.42125361552764,0.168721676983664,0.326050938235818,-6.68410190564403,"DCTN4",0.13295269634161,0.77282911664261,""
"UQCR11",-0.168019230350088,15.835682589908,-0.98735571199088,0.333361437291081,0.513733719553947,-7.21868752207527,"UQCR11",0.209483473919348,0.477084640081857,""
"CHCHD2",-0.168053330576237,11.1304220632971,-1.14191313057173,0.265825113909013,0.449640352250352,-7.00711913560361,"CHCHD2",0.183348336732707,0.575403991350871,""
"MTAP",-0.168559678053205,13.5049065440408,-1.25763938284723,0.220674814801278,0.392280322957303,-6.91924979544219,"MTAP",0.159958830178891,0.656247229216966,""
"RDH14",-0.168568536852572,11.2797406333182,-1.18509089879542,0.247634425842655,0.425407999256711,-7.00595765376892,"RDH14",0.173467191514606,0.606188980353777,""
"SMTN",-0.168944505668364,16.2382294031566,-0.829886779016619,0.414817355204315,0.592123326979924,-7.36245162412505,"SMTN",0.241448140939893,0.382143081810983,""
"RPL38",-0.168948922915805,11.8739829207095,-0.891560718919429,0.381518698883806,0.561680306690048,-7.30891873179247,"RPL38",0.229034492771231,0.418484171672289,""
"SPRYD4",-0.16917603517291,10.7692128121935,-0.798946730839211,0.432903191676637,0.605521310088097,-7.34182595408011,"SPRYD4",0.246911391527083,0.363609212240802,""
"AIMP1",-0.169281805004601,13.4630892102509,-2.58262852582936,0.0163639479288337,0.0571762505276356,-4.65782383150815,"AIMP1",0.023314567703696,1.78611191112528,"+"
"LYPLAL1",-0.169607201227636,13.5334397147817,-1.74433487902203,0.0939527845152732,0.215451477808268,-6.22660612317389,"LYPLAL1",0.0878539257098421,1.02709034401798,""
"EPN1",-0.169888607909638,10.7705550102617,-0.825643100838142,0.417174064327741,0.593590147949131,-7.3660022496244,"EPN1",0.242046261601534,0.379682699453252,""
"PYURF",-0.170165856145923,12.2736205187891,-0.832807289845903,0.413200334763331,0.590497435877725,-7.35999809392438,"PYURF",0.240785156784212,0.383839335299057,""
"NAXD",-0.170205850134511,13.0748678570423,-1.74053119420441,0.0946304214666766,0.216336412325235,-6.23271926351364,"NAXD",0.0882147724865856,1.02396922563598,""
"SULT1A3",-0.170773371481449,11.7276534920646,-1.42076533002623,0.168303819768816,0.325683253670284,-6.70803203741253,"SULT1A3",0.132802766840854,0.773906027305854,""
"SMYD2",-0.172188874978218,13.1526953511503,-1.64822400766658,0.112394875286604,0.244991723587404,-6.37786264440108,"SMYD2",0.0998994525473987,0.94925349023927,""
"PREPL",-0.172981469197605,11.8098368714461,-0.821511101490288,0.420630391573927,0.596553112331307,-7.29683318221427,"PREPL",0.243254459639258,0.376099351678193,""
"ACTL6A",-0.173052249857754,11.0387111134621,-1.42071314561208,0.171692996774901,0.330385876213999,-6.5679065618637,"ACTL6A",0.134720339446063,0.765247419015231,""
"SARS2",-0.173183406290521,12.7095324094765,-1.96176791662176,0.0615401892368092,0.158359470659762,-5.86052350636556,"SARS2",0.0645737096459996,1.21084117262584,""
"AP2A1",-0.173513924246487,11.2593184420895,-1.1756129227554,0.251330693811429,0.430465856186899,-7.01694831957154,"AP2A1",0.175529616852859,0.59975446986773,""
"WASHC2A",-0.174646505061178,10.4482774327418,-1.22155648879114,0.237724615453885,0.41334620256927,-6.79622471460912,"WASHC2A",0.168548793177841,0.623925846448932,""
"CA2",-0.17522601292162,17.8347462753843,-1.88322729587205,0.0718982555258701,0.177850308828902,-5.99645084705979,"CA2",0.0725214232841399,1.14328164681711,""
"RAB35",-0.175234333409033,10.4921349952252,-1.09094108995973,0.286647391384874,0.472571909068842,-7.08791473259776,"RAB35",0.192699060661997,0.542652006138772,""
"SRI",-0.175308880951606,12.9531957734587,-1.43720127089528,0.163627441484838,0.320974460267037,-6.68553663484369,"SRI",0.130882677964972,0.786143860285452,""
"SARNP",-0.176148098092149,11.4334473084209,-1.02743960854414,0.315431154131056,0.49564901725502,-7.13222340559884,"SARNP",0.202109135583789,0.50109541500514,""
"ATP2B1",-0.176302073657704,11.6407822858164,-1.30622929891514,0.204446048469604,0.373318080035097,-6.83516469220483,"ATP2B1",0.152226660049791,0.689421279066264,""
"EMD",-0.176444118548638,12.3443978150489,-1.85037519140243,0.0766629864080279,0.186185380900494,-6.05208822511074,"EMD",0.0759201876370836,1.11541426680271,""
"PLEC",-0.176802018996723,16.0532644532885,-2.12724828262742,0.04392141157569,0.123567133035558,-5.56126453673582,"PLEC",0.0503865549511099,1.35732371068725,""
"PTGR2",-0.177084662417275,13.490407601735,-1.77362430580837,0.0888721765054145,0.206622395742077,-6.17918878188124,"PTGR2",0.0842537205600796,1.05123418370349,""
"YARS1",-0.177194452852058,12.9783174800508,-1.78515502300275,0.0869375813754487,0.203114577874722,-6.16035522806792,"YARS1",0.082823349446095,1.0607924461547,""
"MAOA",-0.177260942398849,12.6437012698012,-0.829366129637033,0.416271926683606,0.593590147949131,-7.27817348664537,"MAOA",0.242046261601534,0.380622876880471,""
"CRYAB",-0.177765820782529,19.2800667572704,-1.86094689860971,0.0751006466266592,0.18365577359521,-6.03426394136998,"CRYAB",0.0748886981595722,1.12435632364589,""
"ITGA6",-0.178242930968535,10.8107448517202,-1.26353550921905,0.227185771659291,0.400866632853817,-6.54879222888036,"ITGA6",0.163460040936151,0.643618871391269,""
"RBX1",-0.17825159994317,13.6116692997672,-1.03255682878404,0.312149623051946,0.492492016531002,-7.17316659180397,"RBX1",0.200821815998445,0.505637185181061,""
"TLN1",-0.180460151506319,13.1454250381509,-2.52068977550525,0.0188016357366422,0.063831887874579,-4.78690141317148,"TLN1",0.02602851459781,1.72580436560362,"+"
"GRHPR",-0.180750067057522,15.0906934122851,-1.99961055935562,0.05703566640576,0.149779846807314,-5.79359805140827,"GRHPR",0.0610752252344789,1.24385347978247,""
"STYXL2",-0.181511643978814,11.1469691194606,-1.24906804805259,0.224829867492256,0.397444768846718,-6.88385456224517,"STYXL2",0.162064718939166,0.648145995480857,""
"CTSZ",-0.181523487725016,10.4065879625121,-1.22296621595659,0.234343208160167,0.409456814257874,-6.90991827435656,"CTSZ",0.166962830365044,0.630147628878592,""
"ATAD1",-0.182035929382561,12.8081649845276,-1.54732342034958,0.134928663472095,0.281379477775863,-6.52927320665213,"ATAD1",0.114737164897953,0.869895781496093,""
"EIPR1",-0.182565479984762,10.0471434488419,-0.79720927517707,0.43707694303773,0.609013734651404,-7.15461680734715,"EIPR1",0.248335485765161,0.359442103086184,""
"COA3",-0.182820494783408,12.6273583064055,-1.6228034024151,0.117752650151599,0.254053898686398,-6.41673295703009,"COA3",0.103594705260518,0.929029309818906,""
"SIRT3",-0.185328202513995,12.3507241739935,-1.47739553015373,0.152629774311386,0.307191571082409,-6.6296110692839,"SIRT3",0.12526247551934,0.816360737955103,""
"TSNAX",-0.185385328480502,12.4012106315091,-1.22636008058812,0.232527123989699,0.407336151592586,-6.9335898540813,"TSNAX",0.166098094870319,0.633526379926812,""
"TUBA1B",-0.185721947150524,14.6152950024341,-1.06524337558719,0.297411960662627,0.482928077774135,-7.1390890385638,"TUBA1B",0.196921960803267,0.526641569958894,""
"DNAJA2",-0.186062954194737,14.8411520276244,-2.16577260381636,0.0405327272445847,0.116470547564258,-5.48920652885387,"DNAJA2",0.0474928041208466,1.39219417377062,"+"
"FUBP1",-0.186148484711268,12.4525264259771,-1.76423084483016,0.0904753432066253,0.208991470748476,-6.19446226977449,"FUBP1",0.0852197503210751,1.04346976077615,""
"LTBP4",-0.18631066076717,10.1796105157274,-1.0256834498567,0.317351028950831,0.49740341996565,-7.08069562808625,"LTBP4",0.202824522486551,0.498460089229831,""
"IAH1",-0.186484022464402,12.8298761989111,-1.18616529128489,0.247217995725435,0.424947689949666,-7.00470683637577,"IAH1",0.173279492733999,0.606919918859142,""
"CUL2",-0.186503594713782,11.6106151137999,-2.20837649413842,0.0370611398572698,0.108608782542979,-5.40851095982049,"CUL2",0.0442870385946415,1.43108122759376,"+"
"OPLAH",-0.186552633788239,13.0811750553248,-2.63946922011663,0.0143897051599167,0.0514149015826236,-4.53782596639161,"OPLAH",0.0209652817885908,1.841948104516,"+"
"SRPRA",-0.186779779023714,10.0548823669128,-1.08595914285233,0.288799274334668,0.475025013302194,-7.09328417993448,"SRPRA",0.193699354738732,0.539403902351864,""
"EIF3J",-0.187282272922962,11.8648507379118,-2.36967092913315,0.0262269243050679,0.082666803261128,-5.09383348452653,"EIF3J",0.0337087648052075,1.5812526371892,"+"
"MRPL43",-0.187749852739316,10.5387704286117,-1.29483683232481,0.20774904330746,0.3770309207013,-6.87304343541264,"MRPL43",0.153740632622081,0.682460967482469,""
"PCBP2",-0.188159236596254,13.0255458033124,-2.14547323616735,0.0422877865912521,0.120067108357305,-5.5272845568592,"PCBP2",0.0489593616396789,1.37378504590919,"+"
"MYBPC1",-0.188220093990704,19.6460079101096,-2.36338466312075,0.0265879128578555,0.0832544929969174,-5.1063595808566,"MYBPC1",0.0339484050755537,1.57531575329998,"+"
"MRPS27",-0.188374799544311,12.0929885558223,-1.81112938851799,0.0827117372068577,0.196768291059864,-6.11758965061782,"MRPS27",0.0802355453797796,1.08243285752749,""
"ARF5",-0.18870988350611,10.5687886626865,-1.2318449044674,0.231073499929801,0.406223806387648,-6.9046802381214,"ARF5",0.165644517600892,0.636249857611166,""
"HSPB3",-0.189354486159271,14.819028000874,-1.50182144752208,0.146243895715528,0.29790037689526,-6.5949984120372,"HSPB3",0.121473836461593,0.834922252509985,""
"HDGF",-0.189660582943397,13.984001514872,-1.80111306020252,0.0843198940265044,0.199605902980857,-6.13413673863207,"HDGF",0.0813926288652878,1.07406994795379,""
"RHOT1",-0.189840142703247,10.159224065016,-0.857468668860692,0.400474754732251,0.57857584454503,-7.28738466478505,"RHOT1",0.235923929514201,0.397424855924419,""
"MME",-0.189940706991361,12.271993899117,-1.80313134808625,0.0839937026470595,0.198998325311162,-6.13080811163297,"MME",0.0811448789589085,1.075753273559,""
"RAB10",-0.190999310691272,14.8148944289764,-2.2360750722323,0.0349508472959994,0.10441474421832,-5.35549101174635,"RAB10",0.0425768496688232,1.45654229140566,"+"
"ENDOD1",-0.191106359555636,14.5332086609496,-2.00888563430283,0.0559771174518161,0.148065166494545,-5.77705558726607,"ENDOD1",0.0603760358005211,1.25198946933899,""
"RPS13",-0.191192623130796,11.9334719819221,-1.12594285472508,0.271371613592239,0.455377062083651,-7.07325522358604,"RPS13",0.185687575639957,0.566435583002766,""
"ARID4A",-0.191342408550602,11.3350159665708,-0.906423541020974,0.373761901736556,0.552819929080115,-7.29548057543865,"ARID4A",0.225421526342675,0.427404969165937,""
"LONP1",-0.191425074685245,14.177472393422,-2.2097460482257,0.0369541433614642,0.108585994148368,-5.40589961366433,"LONP1",0.0442777462474848,1.43233686070248,"+"
"FASTKD2",-0.191666927578142,11.8271728793435,-1.43015190962563,0.165620229300004,0.323332262112286,-6.69521157872023,"FASTKD2",0.131844110906896,0.780886618415862,""
"PSMD9",-0.191794651187186,12.6302540450568,-1.50957312704916,0.144263340884771,0.295074366837442,-6.58391572779162,"PSMD9",0.120321483828878,0.840844014534557,""
"ATP1B1",-0.192175251663544,14.0209013768952,-1.96096091018559,0.0616395703406619,0.158359470659762,-5.86194069287167,"ATP1B1",0.0645737096459996,1.21014039719778,""
"BRCC3",-0.192646288299242,12.338040875153,-1.29878207410179,0.20641306137305,0.375797825476888,-6.86807396129847,"BRCC3",0.153237817522641,0.685262824957779,""
"PDCD6",-0.192660719720799,12.3863342825196,-1.62260597379356,0.117795081606167,0.254053898686398,-6.41703295204391,"PDCD6",0.103594705260518,0.928872842621027,""
"MFN2",-0.19323597915476,11.7662924127407,-1.79379111095526,0.0855124176460667,0.201429250455179,-6.14618852164519,"MFN2",0.0821361291428535,1.06797081482058,""
"PFAS",-0.193324368782378,11.073169240081,-1.68762771843083,0.104494942024033,0.233279659963169,-6.31666449890472,"PFAS",0.0951236636875599,0.98090473064589,""
"ARCN1",-0.193646340108566,11.8044092372257,-1.40841502312627,0.171887485628965,0.330385876213999,-6.72479181189824,"ARCN1",0.134720339446063,0.764755741231077,""
"RPL3",-0.194429985180324,10.7516659642017,-1.28265631485932,0.21597846419973,0.38724492418934,-6.69889740348826,"RPL3",0.157905562530044,0.665589551374559,""
"PCYT2",-0.194430896006038,13.9002625345129,-1.58333837600054,0.126491505113566,0.267765301505196,-6.47611625552986,"PCYT2",0.109185757950778,0.897938639754424,""
"ETF1",-0.19459590112619,9.96892655266564,-1.12733695245344,0.273013491504776,0.456671310746155,-6.97418485919658,"ETF1",0.18621532707152,0.563815890903198,""
"PRDX6",-0.194665350467442,18.2824762397142,-1.73768812243033,0.0951396388334137,0.217081447466858,-6.23728179207713,"PRDX6",0.0885185729647684,1.02163850157024,""
"NCSTN",-0.195358159731132,11.3149967573066,-0.596942171784294,0.556160469550132,0.711891933482206,-7.53155263422055,"NCSTN",0.290285783480393,0.254799882905074,""
"DDX6",-0.195636721220334,12.154045450499,-1.98088532180556,0.0592268299231106,0.153817774264921,-5.82682863490856,"DDX6",0.0627217573561941,1.22748151206181,""
"TIMM50",-0.196427742443808,13.3143751289057,-2.09695448834995,0.0467624842350038,0.129810116276024,-5.61730839912805,"TIMM50",0.0529322352657455,1.33010242520704,""
"MICOS10",-0.196867268783929,13.330684441083,-0.749476643235126,0.460885521978421,0.63173101719456,-7.42679184100146,"MICOS10",0.257598835792641,0.336406934365476,""
"SYNPO",-0.198136787870212,14.4732810660102,-2.26058697403099,0.0331749535317777,0.100579149372826,-5.3082115007991,"SYNPO",0.041012822037001,1.47918967678023,"+"
"CDC42",-0.198508024699679,13.8862508345485,-2.47222759098249,0.0209399894988032,0.0691237023593711,-4.88662665882345,"CDC42",0.0281863400225718,1.67902354045149,"+"
"TPPP3",-0.19854790951222,10.9401725676213,-1.69493760753703,0.103082159147685,0.230665472619762,-6.30518617630432,"TPPP3",0.0940576852918876,0.986816493340916,""
"CIRBP",-0.198966169203292,14.8340989775472,-1.80714905470921,0.0833476019471741,0.197959200641338,-6.12417354811598,"CIRBP",0.0807211585812407,1.07910689105003,""
"COPA",-0.199269810970588,11.4865032636588,-1.69294946791015,0.103464799070692,0.231340824172126,-6.30831190239824,"COPA",0.0943330711268468,0.985207381314694,""
"AGFG1",-0.200150130042182,9.97048578648188,-1.39683295978287,0.177851930087089,0.338664154297571,-6.644537037866,"AGFG1",0.138095945105203,0.749941417396255,""
"PPP2CA",-0.200539013216513,11.9972995315754,-0.718004667971796,0.480706065999373,0.649562286679364,-7.37782158016007,"PPP2CA",0.264869832680508,0.318120397502239,""
"SLC25A11",-0.200817891404887,15.7825564460254,-1.32450125255325,0.197865896212631,0.366295080828298,-6.83535702561433,"SLC25A11",0.149362915243532,0.703629053509614,""
"TTR",-0.201428724882383,13.8221931984192,-1.433270981158,0.164736113863782,0.322265726505909,-6.6909357242055,"TTR",0.131409213263665,0.783211183268093,""
"CAPNS1",-0.201510412875985,13.0494063816731,-1.79193017263938,0.0858178089306776,0.201884617055666,-6.14924562793549,"CAPNS1",0.082321812452603,1.06642257791176,""
"KRT5",-0.202566316792392,17.0129700462404,-0.583669003896726,0.564912433518295,0.718568615435271,-7.53958251003022,"KRT5",0.293008311662886,0.248018866494047,""
"ATP6V1F",-0.202570004099288,10.2135825746207,-0.824692972623999,0.422556926040917,0.598395805209848,-7.01881233149387,"ATP6V1F",0.244005848327348,0.374114775471502,""
"AIMP2",-0.203079467757162,14.2170384407918,-1.55019630940823,0.13423906194347,0.280432259330081,-6.52506950426382,"AIMP2",0.11435092081268,0.872121091335087,""
"PKIA",-0.203769690905817,12.2465926567398,-1.71030738179268,0.10016427845867,0.225369626532008,-6.28092504565771,"PKIA",0.0918982159139226,0.999287133102227,""
"OXSR1",-0.203775486027894,15.0432004181124,-2.00459065953283,0.0564651142880897,0.148943001928583,-5.78472261623452,"OXSR1",0.0607339878080543,1.24821978848974,""
"EIF2S2",-0.20437078645544,11.4239712412467,-2.05119751825351,0.0513658439638556,0.138949948416403,-5.70090495622724,"EIF2S2",0.0566591539298908,1.28932557183808,""
"SNX9",-0.205183173752587,11.1023433266711,-1.52555075237849,0.140250044998344,0.289189934283328,-6.5609239201438,"SNX9",0.117922008523753,0.853096990731129,""
"VPS13C",-0.205254449429395,12.7849965506084,-1.29930066598077,0.206237944478381,0.375718012156032,-6.86741976087244,"VPS13C",0.153205272312776,0.685631428472757,""
"CRIP2",-0.205482291127987,12.2489274881497,-1.65709218672188,0.111142633498027,0.242735681277719,-6.34171490287485,"CRIP2",0.0989795137496258,0.9541193169252,""
"ATG7",-0.205618675977663,10.6965798048107,-0.836238168813312,0.414048418063851,0.591320644959451,-7.19148718158326,"ATG7",0.241120833987475,0.382948870307998,""
"SUPV3L1",-0.206499796345295,10.9105908670823,-1.46791664940385,0.155731873576408,0.310163272216895,-6.61977064291453,"SUPV3L1",0.126474236113218,0.807622491467303,""
"COX7C",-0.206758706675734,15.138109880608,-0.860716807889387,0.397948530595076,0.577257321116628,-7.33614179498277,"COX7C",0.235386279642852,0.40017309456955,""
"RAB21",-0.207400172624199,13.4289116696852,-2.83843363900058,0.00910240394374015,0.0361820556763671,-4.10692318855884,"RAB21",0.0147538353589281,2.04084389541228,"+"
"ROCK1",-0.207739609634912,12.0611648493922,-0.974468671354428,0.340467923789781,0.520801281606816,-7.17971449874654,"ROCK1",0.212365389967727,0.467923797634573,""
"TRIM28",-0.208342206520543,11.4274499524447,-2.20423852540449,0.0373861247395251,0.109294268646089,-5.41639438008487,"TRIM28",0.0445665569613304,1.42728954932728,"+"
"ACTN4",-0.208566111243751,12.9741554951706,-3.12339442971329,0.00463597054452994,0.0214694946576775,-3.46380269523349,"ACTN4",0.0087545437509692,2.33385933206753,"+"
"MYOM1",-0.20889839907754,19.1273454195458,-2.93135141177233,0.00732125397679827,0.030323341362658,-3.90034417636616,"MYOM1",0.0123648470943415,2.1354145270615,"+"
"RPL35",-0.20890982692679,10.1314905047623,-1.04620038317174,0.308013730595422,0.488521326112663,-7.05289139618834,"RPL35",0.199202700898478,0.511429923145948,""
"ITGAV",-0.209062194809873,10.7774223473452,-1.05384271052321,0.302495142104381,0.485952919848876,-7.15108478711598,"ITGAV",0.198155390499928,0.519281595471683,""
"TAGLN2",-0.209317994876388,13.4115206496767,-2.5250420602999,0.0186198734830855,0.0634405689387984,-4.77789018238719,"TAGLN2",0.0258689477892522,1.7300232742561,"+"
"MYH9",-0.209414684162459,14.0887190053519,-3.04264260481857,0.00562401752519266,0.0250715547618402,-3.64885608592165,"MYH9",0.0102233437054309,2.24995333466629,"+"
"BCCIP",-0.209425312938217,11.4631716032221,-1.36898083655599,0.184886868965338,0.349041041542743,-6.72660620357478,"BCCIP",0.142327293575915,0.733093932206972,""
"GNAS",-0.209845818283686,12.7330476523362,-1.97766924153983,0.0596105518167879,0.154394026515518,-5.83251348563303,"GNAS",0.0629567338016057,1.22467685787398,""
"MDH2",-0.20991894553422,19.9461152712093,-1.6790415988158,0.106175231554419,0.236109955484652,-6.33009695113477,"MDH2",0.0962777637894055,0.973976783196272,""
"TOM1",-0.211101608261583,13.3685592009894,-1.73740096425468,0.0951912007585279,0.217081447466858,-6.23774229877721,"TOM1",0.0885185729647684,1.02140319487849,""
"TMX4",-0.21147480430427,13.7903983612388,-1.77449801383839,0.0887243068170099,0.206446313910799,-6.17776499526092,"TMX4",0.0841819202629487,1.05195738501191,""
"SPCS2",-0.211492773844581,13.14852459718,-1.4938284981841,0.14830920973196,0.300822791107632,-6.60637660030605,"SPCS2",0.122665499492727,0.828831879237436,""
"ERN1",-0.211809767024194,13.0555546392727,-1.09129812720121,0.286023876970018,0.472319580858117,-7.11123454834411,"ERN1",0.192596169634723,0.543597710914704,""
"PEF1",-0.211835737374807,11.6100793108155,-0.801610356953139,0.432744456783273,0.605521310088097,-7.25819557686834,"PEF1",0.246911391527083,0.363768486488629,""
"BORCS7",-0.211854124486397,11.0542146480738,-1.59202045441445,0.127971809986979,0.26970200308007,-6.33972022403298,"BORCS7",0.10997548024933,0.892885687503986,""
"GLUD1",-0.212063983376192,12.8912151464709,-2.27278622246841,0.0323220620770998,0.0982014242724626,-5.28455681686815,"GLUD1",0.0400432650562332,1.49050093997239,"+"
"SDR39U1",-0.212434240988967,11.6635838479987,-1.7706899385224,0.089370346460708,0.207431221084421,-6.18396666315129,"SDR39U1",0.0845835325542297,1.048806558439,""
"BTF3",-0.213334995693195,10.5662476413467,-0.860879596780685,0.398633964950221,0.577434676844058,-7.28983547524502,"BTF3",0.23545859939234,0.399425700713221,""
"AIFM1",-0.213851580164715,15.0487661465776,-2.03176766385309,0.0534397077056577,0.14307244476482,-5.73601268226552,"AIFM1",0.0583401704242644,1.27213592594731,""
"RTN4IP1",-0.214575778578192,11.8701056803224,-2.58328941330966,0.016339604883652,0.0571686420256871,-4.65643699449332,"RTN4IP1",0.0233114652104027,1.78675844957376,"+"
"CBX1",-0.215003117012282,11.2989467462128,-0.7993348948908,0.433089490478803,0.605521310088097,-7.31302864186708,"CBX1",0.246911391527083,0.363422354904287,""
"ITPA",-0.215231222829335,11.8615387139071,-1.22736041571109,0.231642254534125,0.406768628750043,-6.9559904968653,"ITPA",0.16586667798632,0.63518221680478,""
"PMPCA",-0.216576119256073,12.7431695342787,-2.30519191220068,0.0301526088209477,0.0927922219844649,-5.22132520772313,"PMPCA",0.0378375728010974,1.52067510649144,"+"
"GPT",-0.217545609729703,14.239737240588,-1.58836612636467,0.125349149040723,0.266189098688898,-6.46861653542276,"GPT",0.108543035020607,0.901878609995935,""
"FKBP7",-0.217615837789214,10.9716105832931,-1.68719643779271,0.104578804145779,0.233284908390662,-6.31734049709187,"FKBP7",0.095125803821217,0.980556328617079,""
"MT-ND4",-0.217737802748953,9.81395119462664,-0.900212972210811,0.378265513151248,0.558326920391373,-7.22843519795742,"MT-ND4",0.227667093699491,0.422203251968807,""
"HEBP1",-0.218109020337527,11.3101672471291,-1.75838698883856,0.0914851388686918,0.210983454828522,-6.20393273162828,"HEBP1",0.0860320149811453,1.03864944835439,""
"KRT71",-0.218372923165914,11.7163154405396,-0.494960456570533,0.62514875242851,0.764605012585639,-7.58872601870148,"KRT71",0.311780418757907,0.204016631180269,""
"TUBB2B",-0.218639637207962,15.2392193925824,-1.30595717626042,0.20400036944938,0.373066490328514,-6.85900250499079,"TUBB2B",0.152124070159871,0.690369046056054,""
"ATPAF2",-0.219411682202628,11.2386583261691,-1.29004673460866,0.210493865911224,0.380564399392245,-6.82790315425186,"ATPAF2",0.155181467363943,0.676760555598967,""
"HSPE1",-0.220049365691025,16.0395277572894,-1.68314822231514,0.105368749759001,0.234759673002101,-6.32367912499125,"HSPE1",0.09572716363518,0.97728817299052,""
"NUDT16",-0.220738644604038,11.1298534963965,-1.11680537509748,0.281769588294882,0.466951106948438,-6.81873725850007,"NUDT16",0.190407085053665,0.55010588258383,""
"GOT1",-0.220959530645409,18.9321839318065,-1.96104981453453,0.061628615041695,0.158359470659762,-5.86178458830586,"GOT1",0.0645737096459996,1.21021759190762,""
"OXCT1",-0.221427402769235,11.4521139023942,-0.476373087738341,0.641212623196056,0.77364140599044,-6.66817888188568,"OXCT1",0.315465158556149,0.19299793651997,""
"PREB",-0.222418750561994,12.5268290539413,-1.81134274746817,0.0826777711440294,0.196768291059864,-6.1172364219455,"PREB",0.0802355453797796,1.0826112397479,""
"RER1",-0.22353457905448,11.1549381397575,-1.442897163523,0.162592486044767,0.319382083088623,-6.65447854296648,"RER1",0.130233359669468,0.788899528512536,""
"EEF1A1",-0.223623618618358,14.6850209841584,-1.68926376681346,0.104177330128254,0.232752161457505,-6.31409888754008,"EEF1A1",0.094908567393025,0.982226776922754,""
"EZR",-0.224005193483102,11.6935662671035,-1.28717483747542,0.210362676649221,0.380564399392245,-6.88265703790308,"EZR",0.155181467363943,0.677031311871744,""
"CAV1",-0.22433076726149,14.516428177864,-2.30187173056542,0.0303686074407177,0.0933415159994847,-5.22782997033512,"CAV1",0.0380615565773023,1.5175751222957,"+"
"STAU2",-0.225028033256333,10.1312033853348,-0.650853715234754,0.52656911820769,0.68720511459663,-7.14774292731036,"STAU2",0.280219322231444,0.27854461462848,""
"SLC27A1",-0.225204316986117,12.6577318043498,-2.51153095698607,0.0191895315879697,0.0648574123980547,-4.8058349458125,"SLC27A1",0.0264466892894649,1.71693562616306,"+"
"CANX",-0.226082393663688,14.1876262272122,-2.77199087655871,0.0106205093911336,0.0410755376721952,-4.25262043356373,"CANX",0.0167492340820991,1.97385465270341,"+"
"BABAM2",-0.22616183852379,11.2623704778495,-1.1983338222946,0.242537891360594,0.42018368345885,-6.99046990268322,"BABAM2",0.171336889802782,0.615220402532641,""
"SPG7",-0.226279412862416,12.1405499268659,-2.10329580838981,0.0461545044242021,0.128616790777677,-5.60562249713946,"SPG7",0.0524456369339729,1.33578590783173,""
"IMPA1",-0.226688514592755,14.826009250273,-2.42513069213524,0.0232320116156874,0.075471075191938,-4.98244087731796,"IMPA1",0.030774586930682,1.63391318383866,"+"
"HNRNPF",-0.227435201824457,11.6418347880927,-1.81190287685084,0.082588657542004,0.196768291059864,-6.11630894372595,"HNRNPF",0.0802355453797796,1.08307959317794,""
"CASTOR2",-0.228124487563536,10.7840071761826,-1.11497850887026,0.2868800929163,0.47268326190354,-6.69021013673453,"CASTOR2",0.192744466633526,0.542299587120188,""
"ANXA2",-0.228158544880104,15.9523337671852,-2.05967540471277,0.0504836131333235,0.137472978865435,-5.68551298553442,"ANXA2",0.0560568950151389,1.29684957001371,""
"ALDH16A1",-0.228922600039203,10.8500676767522,-1.2057030390419,0.245574335280132,0.423393823838395,-6.74695730123478,"ALDH16A1",0.172645877967039,0.609817022826591,""
"H6PD",-0.229486478925065,12.6657627380829,-2.73181175958219,0.0116515652225181,0.0442264982318923,-4.33986884833,"H6PD",0.0180340906899179,1.93361572941548,"+"
"NUCB2",-0.229806468010478,10.2944545464735,-1.01786644786791,0.320383120643197,0.500750802568564,-7.11546847993636,"NUCB2",0.204189473451429,0.494330372752033,""
"VBP1",-0.230135595875318,12.5300972281257,-1.47462622635262,0.153367817143212,0.30798270123945,-6.63350552566742,"VBP1",0.125585072007191,0.814265763616953,""
"RMDN1",-0.230144030613108,12.8704571547192,-1.9897460452188,0.0581808801249188,0.151897570839758,-5.81113189093208,"RMDN1",0.0619387624527562,1.23521971329686,""
"TIMM23",-0.230339721022055,9.50853852508426,-1.33561411229265,0.20048680640585,0.368761722322329,-6.58916760166102,"TIMM23",0.150368729363601,0.697914202064586,""
"AARS1",-0.230369387131628,12.3518749880146,-3.08906855003481,0.00503367907702876,0.0228310451956518,-3.54271880812183,"AARS1",0.00930973864232122,2.29811447641546,"+"
"LARP4",-0.230969676249973,10.5690725669069,-1.33003661654113,0.198553757610349,0.367093575116808,-6.723310412272,"LARP4",0.149688514578547,0.702121889541938,""
"PDK1",-0.23123080391442,10.6476991825593,-1.36372861825507,0.186510622330879,0.35141106063922,-6.73889968069121,"PDK1",0.143293708305351,0.729296428797305,""
"MIX23",-0.232065647096553,12.4886557799433,-2.23331178701949,0.0351563700788784,0.1047057441984,-5.36079987312677,"MIX23",0.0426955097536443,1.45399597250882,"+"
"MYH11",-0.232276180542607,10.7240101601378,-1.23132185844044,0.232560192768094,0.407336151592586,-6.84743244587624,"MYH11",0.166098094870319,0.633464621252743,""
"MYH14",-0.232419218784523,13.2368105473141,-3.47210047374337,0.00198285814937885,0.0113046614014388,-2.64320898010832,"MYH14",0.00460966382333541,2.70270835344247,"+"
"ETHE1",-0.232845303433681,12.8834087496127,-2.91430852223545,0.00762089958080511,0.0313827548205241,-3.93847316509802,"ETHE1",0.0127968405629878,2.11799376095431,"+"
"ASB14",-0.233421700775819,10.6448806304172,-1.48485435515454,0.154075073930198,0.308594140392423,-6.49353651201294,"ASB14",0.125834396497642,0.812267615208715,""
"NCLN",-0.234065220185778,11.9851135429557,-1.64075965318469,0.113946495973069,0.24769416545599,-6.38932626777515,"NCLN",0.101001418194481,0.943299025489827,""
"SCO1",-0.234255064175088,14.4598514017646,-2.12689671471765,0.0439534746457525,0.123567133035558,-5.56191808963335,"SCO1",0.0503865549511099,1.35700678703323,""
"CCS",-0.236372290817394,13.2177728964739,-1.87592515288025,0.0729344552354803,0.179791912906068,-6.00888049604556,"CCS",0.0733131446595904,1.13706725654413,""
"HBG2",-0.236562923448323,12.2373923500554,-0.30387029969795,0.764381958013023,0.864005198986284,-7.56946626160765,"HBG2",0.352312499022207,0.116689572307577,""
"MRPL44",-0.236612304601403,11.8480812303211,-2.22591279410528,0.0357120899736063,0.106134996370157,-5.37499376504969,"MRPL44",0.0432783111128901,1.44718473290874,"+"
"RHOG",-0.236653221732221,11.0036268988492,-2.06760517451266,0.0501608266905849,0.136854419436086,-5.65131769705704,"RHOG",0.0558046671134974,1.29963531459758,""
"DBI",-0.236841313561463,17.7658390370522,-1.97475487168123,0.0599601679045232,0.154879061861684,-5.83765929340457,"DBI",0.0631545150361658,1.22213715968123,""
"YIPF3",-0.237629521408257,12.0643060779664,-1.10097535069872,0.286346580544591,0.472348076955977,-6.90995893211725,"YIPF3",0.192607789392869,0.543107998719613,""
"GNB1",-0.237727511462355,11.9872326637458,-2.38315955943775,0.0254674913933199,0.0808339724180066,-5.06688653779797,"GNB1",0.0329613975261879,1.59401383193841,"+"
"SF3A1",-0.237913349209133,10.8710599856046,-1.31460606354432,0.202247143823324,0.370096755513013,-6.80233158507786,"SF3A1",0.150913111365283,0.694117602870343,""
"UACA",-0.237952427807114,11.0522389430063,-1.690706063878,0.109256404950104,0.241088535826676,-6.13378822418711,"UACA",0.09830786277948,0.961553093918625,""
"MYO1C",-0.238777559913215,12.7430801965118,-3.32602460781327,0.0028377634719264,0.0147398893950152,-2.99087070587335,"MYO1C",0.00601043520821587,2.54702380588984,"+"
"RHOC",-0.239963448940291,11.346268746365,-1.94997052861133,0.063007138264254,0.16114962440777,-5.88119894962439,"RHOC",0.0657114412716547,1.20061024525818,""
"PGPEP1",-0.239995979214171,10.3053847263556,-0.992323405747391,0.330982869775335,0.512426478347199,-7.21377628861424,"PGPEP1",0.208950424561642,0.480194482824167,""
"L2HGDH",-0.240124805999079,13.6067516509213,-2.62584438385214,0.0148415027132022,0.052634920402955,-4.56672138630914,"L2HGDH",0.0214627647666439,1.828522124191,"+"
"VPS36",-0.240300235329396,11.866976428348,-0.930747700537691,0.364371353216112,0.54484368490309,-7.03545070081302,"VPS36",0.222169080035504,0.438455774479537,""
"DCUN1D2",-0.241985822948438,12.364620768723,-2.19534809852394,0.0380930917938518,0.111133974224265,-5.43329880319246,"DCUN1D2",0.0453167275279808,1.41915377676105,"+"
"BABAM1",-0.242024367026252,11.5906609828327,-1.84546525399152,0.0779430250884978,0.188724989681287,-6.03887604712507,"BABAM1",0.0769557553826824,1.10822274258045,""
"IARS2",-0.242356147699226,14.7534929293035,-2.80304339029634,0.00988338271083908,0.0387471412869622,-4.18474402758745,"IARS2",0.0157997917058748,2.00509438727321,"+"
"HSPB7",-0.242884991101967,16.6515217168748,-2.30638664600034,0.0300752279234209,0.0926537161645109,-5.21898307721323,"HSPB7",0.0377810947479394,1.52179107269938,"+"
"THEM4",-0.242980732488183,10.9313571522334,-1.04933760150021,0.306603394408301,0.487483363666202,-7.05811549521823,"THEM4",0.198779454436729,0.513423041377813,""
"MCEE",-0.24361218577601,12.5150377286817,-1.18422135777887,0.247971838607584,0.425732094837976,-7.00696924364701,"MCEE",0.173599346881601,0.605597637850329,""
"SAR1A",-0.244582981074968,13.9055622680984,-2.73936482424542,0.0114508024893874,0.0438070052202913,-4.32351792525579,"SAR1A",0.0178630354330596,1.94116407624984,"+"
"NGLY1",-0.245167658476134,11.1121253780776,-1.83052242714076,0.079673161158832,0.192101589921295,-6.08535480907813,"NGLY1",0.0783326203253379,1.09868795117131,""
"TPR",-0.24574825721416,10.9516686930958,-1.97614519925729,0.0597931553332898,0.154726953493558,-5.83520511740155,"TPR",0.0630924903176117,1.22334852790317,""
"FABP5",-0.245836616126478,14.8898312083841,-1.47226378770372,0.153999706084397,0.308594140392423,-6.63682299948421,"FABP5",0.125834396497642,0.812480108033967,""
"FLOT1",-0.245899186327675,11.6070571205019,-2.36492302867969,0.026499153004689,0.0830674434823877,-5.10329611845199,"FLOT1",0.033872132523048,1.57676800724313,"+"
"PON1",-0.246016944466049,10.8637143479894,-1.04087737064425,0.310417251447487,0.490836560023596,-7.06689655612533,"PON1",0.200146776056751,0.50805415081509,""
"ACOT9",-0.246227669209468,13.0431058037342,-3.27991978418239,0.00317528367202774,0.0157965042917343,-3.0994854985828,"ACOT9",0.00644128751697971,2.49821746983875,"+"
"G3BP2",-0.246446705103326,13.028042673029,-2.82425495210293,0.00940799620627099,0.0372931927179329,-4.13815965226702,"G3BP2",0.0152069199796335,2.02650286639505,"+"
"HARS2",-0.24933056168592,12.3688365383913,-1.66334267933307,0.110493500759024,0.242735681277719,-6.30560036499815,"HARS2",0.0989795137496258,0.956663266481163,""
"MB",-0.249523594615393,21.2363642698481,-2.43827113571123,0.0225702413598142,0.0735717890339275,-4.9558189244916,"MB",0.0300001213910393,1.64646379667434,"+"
"TAF15",-0.249792284808876,13.4159646544014,-1.9296507720455,0.065605939759344,0.165723035826339,-5.91659783142677,"TAF15",0.0675763258902001,1.18305683916201,""
"SNF8",-0.249811044278438,10.848519105737,-1.6094942452835,0.121833049750077,0.260901082551825,-6.387501314459,"SNF8",0.106386758435341,0.914234884305019,""
"SPTBN1",-0.252527203409358,12.5117910758556,-3.20375697505148,0.00381966805017093,0.0183420972476329,-3.2776415893821,"SPTBN1",0.00747929540956903,2.41797437798964,"+"
"GSTO1",-0.252659765391311,17.2455150745908,-2.6649112615342,0.0135803747509708,0.049261131225955,-4.4836504129447,"GSTO1",0.020087046081713,1.867088245517,"+"
"MTX1",-0.252936523431559,12.232707461437,-3.08713577731115,0.00505702151337209,0.0229006259039097,-3.54715127354796,"MTX1",0.00933811133410458,2.29610519880588,"+"
"SNX21",-0.253105037805669,10.0464429014527,-1.76923426728631,0.0960346542707504,0.218451047370454,-5.93684339068534,"SNX21",0.0890770501189135,1.01757202276463,""
"KRT6A",-0.2538512343341,15.4836958457272,-0.589635646124396,0.560969482487738,0.715075816327371,-7.53599456365832,"KRT6A",0.291584064698018,0.25106076431902,""
"DHTKD1",-0.254660041970867,12.7899742597726,-1.47643063534383,0.152886599997971,0.307492234149116,-6.63096868591561,"DHTKD1",0.12538507588855,0.815630577386655,""
"MRRF",-0.255162257235112,11.5946322406071,-1.57350395006101,0.135293768403151,0.281607829214413,-6.26597667852152,"MRRF",0.114830278997342,0.868722206436012,""
"COA4",-0.255365841738927,10.2058831664733,-1.11992173773493,0.276085613336866,0.460577964391059,-6.95516956788015,"COA4",0.187808330111392,0.558956223607751,""
"PDP1",-0.255722057168924,12.9794637162657,-2.35200982222393,0.0272527310952881,0.0851499087278543,-5.12897271018495,"PDP1",0.0347212923841439,1.56458996897708,"+"
"NUDT2",-0.256930666263129,11.4123384111322,-2.16872890724583,0.0407412371315525,0.116868248157534,-5.46486538577349,"NUDT2",0.0476549731564542,1.38996578752905,"+"
"NIT1",-0.257254924748302,12.8758371266237,-2.30144718049169,0.0303963287601397,0.0933415159994847,-5.22866130133477,"NIT1",0.0380615565773023,1.51717886690092,"+"
"TRIAP1",-0.25787087913849,11.5925059728758,-1.54351992222221,0.135846122622641,0.281937348039158,-6.53482879690001,"TRIAP1",0.114964645782121,0.866952752885566,""
"CARHSP1",-0.259427107021507,11.500679309806,-1.88027636881761,0.0747934922669996,0.18311289552451,-5.91325414318902,"CARHSP1",0.0746673305914409,1.12613618817142,""
"MYH10",-0.259752953011976,10.8904722303775,-2.75776220644866,0.0115144041961363,0.0439389664124562,-4.26026933846672,"MYH10",0.0179168448053181,1.93875852934757,"+"
"CD2AP",-0.259885900956112,10.503679104752,-0.936545018311823,0.360223107299801,0.540901643804843,-7.16140139742241,"CD2AP",0.220561647172599,0.443428431852638,""
"BCAT2",-0.259905128173283,13.2665962462789,-2.67516521961556,0.01326643396822,0.0485659639611663,-4.46173639918289,"BCAT2",0.0198035800602313,1.87724580027444,"+"
"CCDC43",-0.260690986755211,10.9597752102109,-0.963289964004001,0.345466868587965,0.526758752210313,-7.21842598023485,"CCDC43",0.214794647753017,0.461593596565813,""
"GCDH",-0.261311684461571,12.5980163202277,-2.06473435170517,0.0499636203282211,0.136576773046197,-5.6763071449838,"GCDH",0.0556914521773132,1.30134610048997,""
"SNTB2",-0.261760574721842,13.8146295935673,-1.57235598803759,0.129016808057974,0.270906899972062,-6.49243127378686,"SNTB2",0.110466797009437,0.889353706977363,""
"THNSL1",-0.262546065409284,12.0184805580705,-2.45462975912454,0.0217707432074677,0.0712904657434468,-4.92255656333908,"THNSL1",0.0290698738526103,1.66212674480398,"+"
"GBE1",-0.262649362149306,14.4534909086453,-3.04570774463698,0.00558307729004087,0.0249278739533494,-3.64187029058819,"GBE1",0.0101647554645728,2.25312635989703,"+"
"APEX1",-0.2641770126786,11.5460998102369,-2.69316062259631,0.0127319031897096,0.0474462329804022,-4.42316878469409,"APEX1",0.0193469911177939,1.89510667230793,"+"
"COPS7B",-0.264492178597836,8.78285872608588,-1.20897665267978,0.243319875738142,0.4212834146174,-6.78722633407566,"COPS7B",0.171785323484866,0.61382241400039,""
"DCAF11",-0.264728869216812,11.4245368245863,-1.67049304971687,0.108438072113475,0.240042648863284,-6.32100240095023,"DCAF11",0.0978813849640693,0.964818212208505,""
"WBP2",-0.265556792025038,11.0232310744778,-1.68667267977742,0.111190243939584,0.242735681277719,-6.09765359506818,"WBP2",0.0989795137496258,0.953933316972307,""
"YARS2",-0.265563709287724,10.3319957613806,-2.07909746901497,0.0531587089294303,0.142453394153586,-5.49554497701478,"YARS2",0.0580877422350347,1.2744255753522,""
"ADD1",-0.265733199008555,10.9841760041012,-1.51615406696446,0.150413642270838,0.303371278491288,-6.31936171133985,"ADD1",0.123704687636404,0.822712772160239,""
"PSPH",-0.266818976680536,11.2400125891899,-1.47372185128561,0.166522278538825,0.323952370631665,-6.22987441531378,"PSPH",0.132096970475778,0.778527655255422,""
"CALD1",-0.267444356804157,12.8716253118159,-1.65449317023621,0.111105424469902,0.242735681277719,-6.36820260823124,"CALD1",0.0989795137496258,0.954264737100211,""
"DARS2",-0.268284990730276,12.8989174559087,-2.49591235172123,0.0198682081421558,0.066273673313345,-4.83802984484894,"DARS2",0.0270241932476804,1.70184129892262,"+"
"AKR7A2",-0.268497277450228,14.0460662302583,-2.64120984729976,0.0143329238772394,0.0513226123980328,-4.53412855600189,"AKR7A2",0.0209276493376588,1.8436652056793,"+"
"COA5",-0.269566388263385,11.1539701640382,-1.45803839220674,0.158412108319538,0.313860045831684,-6.63353326714001,"COA5",0.1279816570779,0.800211625932232,""
"NIPSNAP2",-0.269805354273515,18.5918861123251,-3.27419055204761,0.00321984942250635,0.0158939536960882,-3.11294289015936,"NIPSNAP2",0.00648102413339872,2.49216443777736,"+"
"NFIC",-0.269910384375404,10.8607070422519,-1.92392549319075,0.0695606486680613,0.17341687847386,-5.81531570869195,"NFIC",0.070713618273871,1.15763637676067,""
"AFG3L2",-0.270008629613487,14.3087662816283,-3.40453398753788,0.00234148791004977,0.0128624537400431,-2.8046598704015,"AFG3L2",0.00524487957483233,2.63050808029584,"+"
"CUL4A",-0.270692928389185,13.482629028971,-3.00451975509477,0.00615786949894824,0.0267027613727119,-3.73548121964602,"CUL4A",0.0108884953482359,2.21056951914948,"+"
"PSMB7",-0.271745846536149,12.7059380404612,-1.50926731343541,0.144341059948434,0.295074366837442,-6.5843538466887,"PSMB7",0.120321483828878,0.840610109845603,""
"ME1",-0.272334928609055,13.8736550670296,-2.38268805812412,0.0254936929841494,0.0808339724180066,-5.06783006996074,"ME1",0.0329613975261879,1.59356724862383,"+"
"TRAP1",-0.272408101315074,13.5633983182675,-2.65421358752271,0.0139153275080709,0.0501582711940792,-4.50646416338315,"TRAP1",0.0204528698342938,1.85650656775077,"+"
"UGDH",-0.272991988411636,16.9708065616457,-1.81780834398205,0.0816541567061732,0.195233246861377,-6.10651728923021,"UGDH",0.0796096055609995,1.08802170206504,""
"GSS",-0.274589299028573,13.2613139395361,-3.24509915743528,0.00345564697772701,0.0168484866273504,-3.18113709689104,"GSS",0.00687025082185679,2.4614706306191,"+"
"SERPINB9",-0.276024420797929,11.1824540203929,-1.69821129949638,0.102454707835145,0.229620496338437,-6.30003305006041,"SERPINB9",0.0936315788222455,0.989468080797686,""
"HSPA9",-0.276769852090069,15.7392116339896,-3.20526004298948,0.00380580760743683,0.0183062544075365,-3.27414154033149,"HSPA9",0.00746467989500819,2.41955317010587,"+"
"MSI2",-0.277605894310479,12.4849108046306,-2.51141828394891,0.0191943495112342,0.0648574123980547,-4.80606761954491,"MSI2",0.0264466892894649,1.71682660136207,"+"
"SSPN",-0.277899197045738,10.8277130139413,-1.55804923257366,0.134987429415185,0.281379477775863,-6.41308428919841,"SSPN",0.114737164897953,0.869706672910989,""
"PGLS",-0.278208796080966,13.1583371293305,-3.30019508639772,0.00302231690799942,0.0153366506927205,-3.05178988724363,"PGLS",0.00625377455890608,2.5196599992361,"+"
"NCKAP1",-0.279264177849003,10.7512921806675,-1.79385729042194,0.0855015744157123,0.201429250455179,-6.1460797590162,"NCKAP1",0.0821361291428535,1.06802588815182,""
"TMX2",-0.279683808224668,11.4479983935389,-2.59862718495215,0.0194696439227839,0.0654015503603376,-4.50401847057262,"TMX2",0.026668570599357,1.71064199114993,"+"
"PANK4",-0.280148498552471,13.4208716471824,-3.93863214249498,0.00061916618229984,0.00470040746350701,-1.50376272331159,"PANK4",0.00191666936939007,3.20819277203067,"+"
"CALCOCO2",-0.280447862047408,11.0932699479203,-2.05483471779279,0.0539880100205273,0.143749877700986,-5.58931173283114,"CALCOCO2",0.0586164049781081,1.26770268017891,""
"PLIN4",-0.281092020768856,13.593091200441,-2.61581959692442,0.0151823709499008,0.0536443773563162,-4.58792921969833,"PLIN4",0.0218743876391814,1.81866040169126,"+"
"CNIH4",-0.281148584565779,10.4116343535748,-1.44040888081346,0.164568722438997,0.322265726505909,-6.61008720403118,"CNIH4",0.131409213263665,0.783652702312754,""
"ILVBL",-0.281551534589521,13.6226695204172,-2.37816876178016,0.0257460934107364,0.0814202423663287,-5.07686790786881,"ILVBL",0.0332004588545658,1.5892886593945,"+"
"UQCRQ",-0.283023004404978,15.6027029211432,-1.87118410529929,0.0736141631695667,0.181155404119776,-6.01693146516205,"UQCRQ",0.0738691308937706,1.13303862051801,""
"HTATSF1",-0.283335657566601,10.9737271088911,-1.41792101769844,0.170289860087763,0.328150870283249,-6.661259894564,"HTATSF1",0.133808978581897,0.768811211338858,""
"GSTM3",-0.283381867052331,16.4244587981729,-1.79122599881606,0.0859336123130714,0.201884617055666,-6.15040179734187,"GSTM3",0.082321812452603,1.06583693178183,""
"PAM16",-0.284071974572553,11.6099842888917,-2.27445779416442,0.0341640996795694,0.102599846047143,-5.20459629922499,"PAM16",0.0418367947352324,1.46643001967558,"+"
"APOO",-0.284690629087283,10.8005532490424,-1.4521661046755,0.162044689173052,0.318570160575124,-6.54244911515596,"APOO",0.129902284752235,0.790365197897017,""
"KBTBD12",-0.285563820411214,9.42699519924726,-1.78074353208952,0.0953541493719243,0.217279916801312,-5.89983783234624,"KBTBD12",0.0885995021389014,1.02066040371791,""
"PFN2",-0.28589497320214,14.8112400802658,-2.20206338995843,0.0375579860729612,0.109684649123281,-5.42053440289228,"PFN2",0.0447257410977806,1.42529770343599,"+"
"ARHGEF6",-0.286887295561437,9.8743368907695,-2.09239773045382,0.0528105944010419,0.141919174812941,-5.44785333329267,"ARHGEF6",0.0578699054081854,1.27727894435321,""
"PCNP",-0.287118048040631,10.4400681433792,-1.88077528782205,0.072244765304327,0.178553124612249,-6.00062862943635,"PCNP",0.0728080081163532,1.14119361544762,""
"NT5C3A",-0.287709385915662,16.6930724618361,-3.2538445278839,0.00338305988169048,0.0165509698827319,-3.16066127752941,"NT5C3A",0.0067489334178406,2.47069031493517,"+"
"TGFB1I1",-0.287710702228656,10.7029146245791,-1.67677318617232,0.108485515722724,0.240042648863284,-6.26531134660563,"TGFB1I1",0.0978813849640693,0.964628242106752,""
"MMRN2",-0.288446361252154,11.9427506092468,-1.15581993744974,0.268721729966742,0.452134974229757,-6.41729996549635,"MMRN2",0.184365560361351,0.570697213272556,""
"RBP1",-0.290177710589269,11.3523371559183,-1.13014975330578,0.272555882209114,0.456671310746155,-6.92437708381912,"RBP1",0.18621532707152,0.564544440738127,""
"EPHX2",-0.290638806351978,13.2577180778738,-1.95613614516469,0.0622366816755551,0.159606973974408,-5.87040468739314,"EPHX2",0.0650823998840179,1.20595357103787,""
"MRPS11",-0.290760303514283,10.8284420977161,-1.16630736382775,0.261825656007983,0.445243628933361,-6.7620330590496,"MRPS11",0.181555499628097,0.581987799661628,""
"HBS1L",-0.290889313196686,9.4340292352825,-1.40887253471019,0.173581040142469,0.332078166368815,-6.6528911275785,"HBS1L",0.135410398920489,0.760497713555761,""
"MRPS17",-0.291674823074761,11.8843989149699,-2.08136197808614,0.0482880020096149,0.133012763957187,-5.6459390526292,"MRPS17",0.0542381681575409,1.31616076383035,""
"GNA11",-0.29231093982157,11.8465864352016,-1.43762944433204,0.166082849578894,0.323769528006511,-6.58105841433309,"GNA11",0.132022413352428,0.779675212327707,""
"YTHDF3",-0.293539447215062,11.4065687199397,-2.09010215333168,0.0490194212377235,0.134638755837202,-5.55878939346086,"YTHDF3",0.0549011934070532,1.30963182067976,""
"B3GLCT",-0.293888254536144,10.2863526142109,-1.8621957519481,0.0766990091130965,0.186185380900494,-5.96717211814422,"B3GLCT",0.0759201876370836,1.11521024673543,""
"SUN1",-0.294136960962327,12.0505537883581,-4.05459778400595,0.000462156739889292,0.00370502125928054,-1.2153063544032,"SUN1",0.00151078407898359,3.33521070902274,"+"
"TOMM22",-0.295008484894236,11.3536499765254,-2.79762689075702,0.0100083728108588,0.0390777121209794,-4.19661131977003,"TOMM22",0.0159345874649432,1.9996365255885,"+"
"RRAGA",-0.295251811504542,11.5470927172052,-1.51699631451962,0.142387265302609,0.292618043614516,-6.57325856294616,"RRAGA",0.119319877155572,0.846528850980896,""
"CYB5A",-0.296228874547349,13.4645087802627,-2.63244473520518,0.0146210014637516,0.0519817468189529,-4.55273368198908,"CYB5A",0.0211964223673794,1.83502287941061,"+"
"PEBP1",-0.296329402296195,17.6719564878764,-3.82215099467409,0.000829749695599651,0.00582045007060343,-1.79170793218051,"PEBP1",0.00237338538265072,3.08105289824375,"+"
"CNDP2",-0.29637484274779,12.978347505921,-3.554553096091,0.0016172607242308,0.00986908356662805,-2.44479611060602,"CNDP2",0.00402428306970514,2.79121996032424,"+"
"DLAT",-0.296798156980181,17.1665282991504,-2.09834875001645,0.0466281968449616,0.129563009097359,-5.61474110949712,"DLAT",0.052831473201184,1.3313513787858,""
"MRPL3",-0.297317947523934,10.3190200630869,-1.47048628245599,0.155040710212718,0.309432714524965,-6.61617795984465,"MRPL3",0.126176339056087,0.809554250866335,""
"SBSN",-0.297370371890823,11.899557805474,-1.33194960548691,0.195442717367218,0.362983164896157,-6.8257786570994,"SBSN",0.148012426403912,0.708980507713989,""
"RPL32",-0.298097926347227,10.8435913221656,-1.20085220672476,0.243911230417911,0.421542235178782,-6.88177299253125,"RPL32",0.171890861876169,0.612768202981704,""
"KRT16",-0.298409639789703,16.3277890086048,-0.592769697884171,0.5589040896953,0.713462758567328,-7.53409575323368,"KRT16",0.290926313551179,0.252662712488938,""
"S100A10",-0.298489080967334,14.0107023152468,-2.23328981787581,0.0351580084467724,0.1047057441984,-5.36084206335409,"S100A10",0.0426955097536443,1.45397573385634,"+"
"MOGS",-0.298937966517435,11.9047649337688,-1.8602161430576,0.0752077451619796,0.18365577359521,-6.03549846233791,"MOGS",0.0748886981595722,1.12373743190967,""
"LRPPRC",-0.299612028461349,15.5827779198708,-3.97272506060288,0.000568206529738096,0.00438802894351155,-1.41913132178553,"LRPPRC",0.00178929182912807,3.24549377974204,"+"
"RAB6A",-0.300995353539202,10.6407819093795,-2.58675672329983,0.0168694324608936,0.0585598724339256,-4.62483844847236,"RAB6A",0.0238787625627997,1.7728995281547,"+"
"PAICS",-0.301021804813924,12.4763351908608,-3.07367530743839,0.00522249331369928,0.023464326316809,-3.57798738008056,"PAICS",0.0095679695588021,2.28212210736974,"+"
"MT-CO2",-0.301023755295173,17.5423544386914,-1.93019280997087,0.0655354134545436,0.16569112482942,-5.91565705792644,"MT-CO2",0.0675633136501303,1.18352395631775,""
"ACAD8",-0.304430277319945,12.6601650723663,-2.84417873359364,0.00898128128910782,0.0358499679908321,-4.09424438192525,"ACAD8",0.0146184210784091,2.04666170151814,"+"
"YWHAB",-0.305014152288363,13.7522508502291,-3.94260876318657,0.000612996960028315,0.00466595026489637,-1.49389904905172,"YWHAB",0.00190261887320549,3.21254167922743,"+"
"TPP1",-0.305199230865089,14.6592984100478,-2.5312168300289,0.0183648025189848,0.0627957763552382,-4.76509017209905,"TPP1",0.0256060228823979,1.73601373736368,"+"
"PPP2R5A",-0.305302553853886,11.9761851276146,-2.60806883293821,0.0154509248982072,0.0545259519835624,-4.6042954696116,"PPP2R5A",0.0222338643649744,1.8110455184291,"+"
"LRRC47",-0.305512063142514,12.5962766944387,-3.72651654437677,0.00105421329657849,0.00692008819910006,-2.0265708885833,"LRRC47",0.00282178113018245,2.9770715104183,"+"
"ATP5MJ",-0.305512546012187,13.3771267983639,-1.83471699730008,0.0790287772323537,0.191030709830233,-6.07834859220474,"ATP5MJ",0.0778959511461735,1.10221473760208,""
"HERC4",-0.305920331278863,11.9020178156255,-2.03481744699215,0.053609013730599,0.143333334056155,-5.71046920754963,"HERC4",0.0584465523746348,1.27076218261425,""
"FUS",-0.306275495133052,12.2517380330186,-1.77599770301333,0.0884709852211722,0.206024377301053,-6.17531986244652,"FUS",0.0840098685882797,1.05319913635761,""
"MTX2",-0.307654915819784,13.5861419173166,-2.80246617073407,0.0098966318241682,0.0387471412869622,-4.18600923917365,"MTX2",0.0157997917058748,2.00451258611636,"+"
"SMPX",-0.308329907821452,16.5615295414246,-1.21307891547291,0.236956022783522,0.412272799663166,-6.97304599380981,"SMPX",0.168111095278858,0.62533224822895,""
"STAT1",-0.310082073370438,11.7470340770215,-2.11582438836262,0.0449740828252167,0.12619198533899,-5.5824634647807,"STAT1",0.0514568821617231,1.34703768463631,""
"PDHB",-0.310229564635005,17.6110967088583,-2.224273940506,0.0358362528507421,0.106173246023627,-5.37813349117349,"PDHB",0.0432939080456593,1.44567740780801,"+"
"THY1",-0.310420949624673,11.1912296500053,-1.22902206400879,0.232725418698703,0.40737623750195,-6.86964930496262,"THY1",0.166114440566988,0.633156179679746,""
"HMOX1",-0.310517160347441,10.5692997014289,-1.39035125031929,0.198224777881863,0.366722245829276,-6.06611415490491,"HMOX1",0.149537098881739,0.70284206011922,""
"HGS",-0.311381016708324,11.0014477609485,-2.17310672225591,0.0403720759644829,0.116125508955126,-5.45665989802038,"HGS",0.0473521088856961,1.39391891824539,"+"
"ACO1",-0.311753951551696,14.2676843981319,-2.9376819447131,0.0072128393386418,0.0299610249451275,-3.88615464783601,"ACO1",0.0122171065452722,2.14189374133252,"+"
"HLA-DRB1",-0.312009987567288,12.7318631853613,-1.64197031341436,0.114262482629913,0.247929662840645,-6.36492990770526,"HLA-DRB1",0.10109744617232,0.942096344070686,""
"PNPT1",-0.312099435220405,12.5249519307708,-3.91186749685507,0.000662313967446074,0.00497517736176027,-1.57009517252717,"PNPT1",0.0020287113682383,3.17893608608131,"+"
"PCBD2",-0.312460351882176,16.3491876570018,-3.39136049880228,0.0024184205492932,0.0130882520664868,-2.83601196820674,"PCBD2",0.00533695260026988,2.61646817561906,"+"
"GUSB",-0.312639557950586,11.504547666482,-3.10617455794675,0.00483155089915395,0.0220892950053971,-3.5034377662439,"GUSB",0.00900727765772826,2.31591344091915,"+"
"AGPAT3",-0.312711788593013,9.97189760158739,-1.82171402672153,0.082189662447978,0.196349594262198,-6.05285050973479,"AGPAT3",0.0800648147924043,1.08518280319143,""
"ABCB10",-0.313078594610902,10.8725148910982,-1.25379655635068,0.222567834732494,0.394176449878959,-6.90038809530201,"ABCB10",0.160732007487333,0.652537599244549,""
"CHCHD3",-0.313797602388986,15.0455930623027,-3.84353170277369,0.000786407754830778,0.0055946003066462,-1.73900183046531,"CHCHD3",0.00228129138271102,3.10435221254163,"+"
"BCKDHB",-0.314895245863086,11.5342744646013,-1.7678011456534,0.0904205966556676,0.208991470748476,-6.16673834599288,"BCKDHB",0.0852197503210751,1.04373263152635,""
"ACSM5",-0.31495026182497,11.362738964213,-0.949271143783403,0.356693742680364,0.537010779353605,-6.92271426826151,"ACSM5",0.218975082439214,0.447704509229701,""
"SURF1",-0.315051475877631,13.1645388812756,-2.54667420634311,0.0177404691338149,0.0610255080059835,-4.73296897164969,"SURF1",0.0248841665014437,1.75103489975045,"+"
"L3HYPDH",-0.315168319018159,11.3389638948198,-1.61815032318763,0.120627352376457,0.259380527799715,-6.35263703709922,"L3HYPDH",0.105766726929461,0.91855420430802,""
"WARS1",-0.315197237295921,14.740707150111,-3.44215233550887,0.00213467682291552,0.0119120682693134,-2.71490181407809,"WARS1",0.0048573440824302,2.67066786520491,"+"
"SPPL2A",-0.315785945778014,12.8419581173578,-3.30745322252944,0.00296931335378333,0.0151768963934557,-3.03468921930755,"SPPL2A",0.00618863208468307,2.52734396857505,"+"
"TOMM70",-0.318084373021502,13.7606263710033,-3.33786711977825,0.00275684827941883,0.014371766440249,-2.96288191621238,"TOMM70",0.00586032694695393,2.55958713422948,"+"
"UBQLN1",-0.318249921359309,13.3481676500626,-3.58152371021694,0.00151264759444691,0.0093101019684023,-2.37958149150677,"UBQLN1",0.00379634902022326,2.82026223893893,"+"
"HDDC2",-0.319161948982959,12.3562078022563,-1.83401698802364,0.0791360006417665,0.191128467372773,-6.07951866133727,"HDDC2",0.0779358134110658,1.10162590179681,""
"ADAL",-0.319796830986597,11.3202535952939,-2.42627279646319,0.0243943423442146,0.0785338670294063,-4.9316655140785,"ADAL",0.0320234912746712,1.6127108856939,"+"
"NASP",-0.320352080037322,9.26732644546024,-2.21231414753539,0.0371983608368318,0.108856552878336,-5.38269058215709,"NASP",0.0443880710723806,1.42947619708593,"+"
"EGLN1",-0.321613956159128,10.4115860705116,-1.15923949180321,0.271134847413966,0.455377062083651,-6.52409405122983,"EGLN1",0.185687575639957,0.566814661441991,""
"PDHX",-0.322285722992431,14.2149577719131,-2.65979911055831,0.0137394847239445,0.0497751965568722,-4.49455873896136,"PDHX",0.0202966647756845,1.86202955444851,"+"
"NDUFAF3",-0.322890941240921,13.5032158927635,-2.98332914364967,0.00647524321850373,0.0277153008186009,-3.78341944801418,"NDUFAF3",0.0113013751584017,2.18874391427833,"+"
"CYCS",-0.323446369927479,15.5045737517461,-1.57873455820865,0.127545087399255,0.269386448464106,-6.48296672069291,"CYCS",0.109846807603079,0.894336264270833,""
"PPP6C",-0.323949222381687,9.45116131576633,-1.69189730726132,0.105526704095927,0.234850254372117,-6.22983654194059,"PPP6C",0.0957640996962971,0.97663762592094,""
"TAGLN",-0.324211628288744,12.6895791097625,-1.82734043763834,0.0801650139164355,0.192962380007433,-6.09066164533482,"TAGLN",0.0786836218085891,1.09601512770259,""
"HMGB2",-0.324656147236604,10.5653167414113,-2.25388338326879,0.0345529246658931,0.10333382486289,-5.28720030792403,"HMGB2",0.0421360868125353,1.4615151867123,"+"
"GOLGA4",-0.324748942061094,13.728411723614,-0.972025621876362,0.343994337462442,0.524793067066902,-6.99611132038198,"GOLGA4",0.213993106922038,0.463448706350143,""
"NLRX1",-0.325091251409367,14.2385098441293,-2.41605402356121,0.0236995335752106,0.0768154757556657,-5.00077904992938,"NLRX1",0.0313227886346178,1.62526020115047,"+"
"FNBP1L",-0.32550802004395,10.3544971266095,-1.20839382573667,0.24705963014493,0.424930685982446,-6.52174152318043,"FNBP1L",0.173272559083377,0.607198213066648,""
"SYPL1",-0.326465838146794,11.2745710939767,-1.47681198260357,0.158123145179147,0.313833870667627,-6.42481693906344,"SYPL1",0.127970983719137,0.801004555824366,""
"IGKV2-30",-0.326895626645051,11.5722077496483,-1.60725569000567,0.121703292730572,0.260901082551825,-6.41758616745524,"IGKV2-30",0.106386758435341,0.914697671602535,""
"PLIN2",-0.327001051160975,12.1667874174962,-1.85105636388847,0.0771053115476469,0.187013052245225,-6.02951316081298,"PLIN2",0.07625768440235,1.11291570370808,""
"DPYSL2",-0.327309149409896,13.9674604653431,-4.44856445998494,0.000170312538663447,0.0016721897273168,-0.225581398270575,"DPYSL2",0.000681863190593599,3.76875337745203,"+"
"CAVIN2",-0.328110094451098,11.9095741835764,-3.51051836137492,0.00180344795667084,0.0105363049872383,-2.55094439824684,"CAVIN2",0.00429635370813666,2.74389638589721,"+"
"PCBD1",-0.328162431016278,14.6583298277744,-2.87095175259742,0.00843673391328488,0.0340563222282388,-4.03499349216,"PCBD1",0.0138870321681095,2.07382564791951,"+"
"MIEF1",-0.328498184346769,10.2227325878916,-1.38120536258775,0.182533747083918,0.345552322871966,-6.65858290208002,"MIEF1",0.140904710477192,0.738656830838104,""
"ISCA2",-0.328546087643897,13.1411322484022,-3.37092609624606,0.00254264278811713,0.0135859794244335,-2.88456054042877,"ISCA2",0.00553990921385929,2.59471464888699,"+"
"PERM1",-0.329312379550391,14.2524563058272,-2.63484412119368,0.0145416075159868,0.0518282449698058,-4.54764403432376,"PERM1",0.0211338294337477,1.83738758132202,"+"
"APOD",-0.329599069960151,13.1624895483908,-1.37242777538514,0.182676682217081,0.345552322871966,-6.77291909703708,"APOD",0.140904710477192,0.738316884671227,""
"HSD17B4",-0.332511963942521,13.2625202640424,-4.05591120850541,0.000460626104964326,0.00370312334946039,-1.21203016525501,"HSD17B4",0.00151001017466862,3.33665145299642,"+"
"FSCN1",-0.33299041462287,14.0364266545836,-1.63094556121609,0.116583094815313,0.252009680786576,-6.3817491842044,"FSCN1",0.102761141391137,0.933364420080452,""
"GSTZ1",-0.333590589902762,13.0890240542557,-2.91324161138965,0.00764004139690896,0.0314163771234963,-3.94085660012385,"GSTZ1",0.0128105506165812,2.11690428823054,"+"
"MECR",-0.333814646036878,14.3308573145517,-3.50558867848373,0.00182555124112604,0.0106193651465503,-2.56280176871824,"MECR",0.00433022287041798,2.738605972396,"+"
"PTGES2",-0.333941724046312,13.7232110934708,-2.70489725311964,0.0123942678651736,0.0463086091777113,-4.39794066881456,"PTGES2",0.0188831060794359,1.90677912210358,"+"
"OCIAD1",-0.335117250642506,14.2172177104176,-3.37469841590661,0.00251925315682339,0.0135528243135875,-2.87560593261097,"OCIAD1",0.00552638966563063,2.59872818856097,"+"
"PIN1",-0.335426866267232,13.2145520063885,-3.18015825795859,0.00404377568714727,0.0192247276023513,-3.33250756714562,"PIN1",0.00783920262580863,2.39321294322348,"+"
"MRPL15",-0.335656296619714,10.2486696174663,-2.1041446386062,0.0527687247335801,0.141919174812941,-5.39369022297076,"MRPL15",0.0578699054081854,1.27762340132906,""
"CD9",-0.335676049465828,17.2046322780797,-2.31963497402581,0.029229238146141,0.0905347181539561,-5.19295981242875,"CD9",0.0369170380438854,1.5341825042881,"+"
"MRPS23",-0.335690528776288,12.5664560311826,-2.65813801850563,0.0137915599204818,0.0498497096002062,-4.49810074031446,"MRPS23",0.0203270487091811,1.86038660934677,"+"
"PNPO",-0.336317126988504,13.5235728023795,-2.68118316057693,0.0130853740753522,0.0481366845805372,-4.44885421249043,"PNPO",0.0196285342485329,1.88321385754538,"+"
"MT-CO3",-0.336347492239449,11.4746507295291,-1.47430618890243,0.153453295586113,0.30798270123945,-6.63395520033048,"MT-CO3",0.125585072007191,0.814023780158229,""
"HECTD1",-0.336529142861986,11.211189906802,-3.58954834176375,0.00196822455083918,0.0112436300688657,-2.43493546269747,"HECTD1",0.0045847772817698,2.70592535528113,"+"
"RBKS",-0.336769322672486,13.8468354727943,-1.21615434361217,0.235804059832983,0.410839654899601,-6.96938809188224,"RBKS",0.16752670665052,0.627448721938623,""
"SSR1",-0.336845815890999,12.73828818819,-1.13937240654891,0.266328785405764,0.450026998966178,-7.03456748822087,"SSR1",0.183505998365821,0.574581891513474,""
"PPM1B",-0.337489125612919,11.5648308210029,-3.29774318821051,0.00304042857302658,0.0153740398869294,-3.05756357203727,"PPM1B",0.00626902062509138,2.51706519475247,"+"
"UQCRH",-0.338262975999271,17.0174952652975,-3.44191617165125,0.00213591791551502,0.0119120682693134,-2.71546634508762,"UQCRH",0.0048573440824302,2.67041544149548,"+"
"DHRS11",-0.338337524468647,12.3953967144172,-3.48556260549253,0.00191809289695524,0.0110454363603338,-2.61091558665524,"DHRS11",0.00450396049869338,2.7171303629328,"+"
"PRDX3",-0.338377536399133,17.8824563046706,-3.53149678680636,0.00171227352920881,0.0102307449699282,-2.50042616397671,"PRDX3",0.00417175652582097,2.7664268572189,"+"
"PDHA1",-0.3390320342276,17.6094008246429,-2.77363853896482,0.0105801251956332,0.0410302416123335,-4.24902855701031,"PDHA1",0.0167307638598545,1.97550919322229,"+"
"COQ6",-0.339294222562931,14.16431115265,-4.04693025041253,0.000471193413620742,0.00376574134842127,-1.23442828072455,"COQ6",0.00153554370585982,3.32680078878156,"+"
"AQP1",-0.339407516210702,13.1608846201948,-1.89815345440711,0.0698200163143571,0.173760771036252,-5.97093253066669,"AQP1",0.0708538461893901,1.15602005404326,""
"SRL",-0.339551064863901,17.897149536123,-2.82238242065325,0.00944907452952863,0.0374042203368063,-4.14227913137189,"SRL",0.0152521933389971,2.02461072550144,"+"
"FECH",-0.340247592602525,13.9768061654886,-3.85205673954454,0.00076975543420434,0.00553875691253166,-1.71796734899509,"FECH",0.00225852030939172,3.11364723644668,"+"
"EMC10",-0.340380857169865,9.61848142418255,-2.08695221929942,0.0493310572786848,0.135235139781222,-5.5744633593577,"EMC10",0.0551443788854981,1.30687957650263,""
"KCTD12",-0.340886869174742,12.9714151737922,-2.92071261883273,0.00750695822645707,0.0310027625456279,-3.92415799205465,"KCTD12",0.0126418923889087,2.12453600082066,"+"
"TATDN3",-0.342106177108953,10.3884818829967,-2.10330337385965,0.0471572283268957,0.130526100069222,-5.56298110742589,"TATDN3",0.0532241895731234,1.32645172854957,""
"HSD17B12",-0.342893812697751,13.6487416542689,-3.29821999396673,0.00303689828918742,0.0153740398869294,-3.05644092378427,"HSD17B12",0.00626902062509138,2.51756975308811,"+"
"REXO2",-0.34300604048431,10.8753332523348,-1.28139113440314,0.216412473026511,0.38724492418934,-6.72373886865917,"REXO2",0.157905562530044,0.664717712093754,""
"ATG3",-0.343177559644674,11.0901854354846,-1.74355940936826,0.0983904544507632,0.222622962241266,-6.07278163844123,"ATG3",0.0907782178382375,1.0070470334838,""
"NAGK",-0.344332704475979,12.974282454069,-2.66578027104217,0.0135535004530501,0.0492562129053809,-4.48179499074079,"NAGK",0.0200850405546461,1.86794852537165,"+"
"RPS6KA6",-0.344537358779185,16.7665003902237,-1.46671040443791,0.158901679862921,0.31439627449146,-6.51874539458848,"RPS6KA6",0.128200313238064,0.798871511531825,""
"LSM14A",-0.344926450513199,10.34313228535,-1.80286592339525,0.0882758790976816,0.205737431577822,-5.98051137791598,"LSM14A",0.0838928616941612,1.05415794881022,""
"MICOS13",-0.347593639647634,10.3772038430662,-1.89593236273367,0.0742357697446475,0.182058931456025,-5.80342684259394,"MICOS13",0.0742375592020055,1.12938678394572,""
"ADH1B",-0.34774881744325,12.7031868672513,-2.06296875950203,0.0501445549986409,0.136854419436086,-5.67952180745656,"ADH1B",0.0558046671134974,1.29977621842478,""
"NOL3",-0.348003918820986,14.6883205106305,-2.78181835148943,0.0103817782958465,0.040370447666729,-4.23118056064622,"NOL3",0.0164617218979678,1.98372824977027,"+"
"COQ9",-0.348406192226186,17.0221310948575,-3.54551117998763,0.00165389099946316,0.00997581891039402,-2.46662569060114,"COQ9",0.0040678061824599,2.78149311624149,"+"
"SAMM50",-0.348793678944535,16.3516575913214,-2.45355926828476,0.0218222498270415,0.0713774617199917,-4.92473728077194,"SAMM50",0.0291053479098699,1.66110047661203,"+"
"CTTN",-0.349542229003116,10.3966102107364,-3.82520171905789,0.000823424397286309,0.00579669507158998,-1.78419177765178,"CTTN",0.00236369888646237,3.08437626941304,"+"
"TRMT10C",-0.349786205041783,12.1504829499615,-2.9831153078776,0.00647852419554298,0.0277153008186009,-3.78390241020848,"TRMT10C",0.0113013751584017,2.18852391492087,"+"
"PRDX5",-0.351106754244345,17.1270155472486,-2.74128937617987,0.011400171468277,0.0437188520306394,-4.31934788180694,"PRDX5",0.0178270895028968,1.94308861645594,"+"
"MRPL45",-0.351340219363479,11.2362151919995,-2.29379505982967,0.0313160876807269,0.0954490340172955,-5.22626103820274,"MRPL45",0.0389209321232601,1.50423249964096,"+"
"COX4I1",-0.351703545994567,18.2762848391328,-3.07743175481424,0.0051757988990364,0.0233277739354995,-3.56938770274527,"COX4I1",0.00951228805276135,2.28602260612905,"+"
"RBFOX1",-0.352987848548395,10.2280816795553,-1.61710925839286,0.122427723944288,0.261288699424721,-6.30252278950281,"RBFOX1",0.106544815666146,0.912120224407457,""
"RASA4",-0.353144796255457,10.3547390180708,-2.20500536037138,0.0387977650906925,0.112274220110781,-5.35956273633129,"RASA4",0.0457816817646561,1.41119329081648,"+"
"DHRS7C",-0.353359263877159,13.5003602953969,-2.84898503646737,0.00888112769353995,0.0355493530893865,-4.08362768393539,"DHRS7C",0.0144958403493859,2.05153188557422,"+"
"PLIN3",-0.353407687985857,14.5843312050462,-3.7046562459599,0.00111336804454005,0.00717671023304868,-2.08004095134961,"PLIN3",0.00292642303533611,2.95336124780282,"+"
"IMMT",-0.354319509651337,16.1959704672626,-3.64091323776734,0.00130509256349207,0.00819117306296994,-2.23546538086566,"IMMT",0.00334008713735082,2.88435868496308,"+"
"TIMM44",-0.354518144309685,13.4009931567727,-2.50076001966691,0.019655213652792,0.0658702827567806,-4.8280498095788,"TIMM44",0.0268597040348471,1.70652223102353,"+"
"GSR",-0.355005504903472,12.4865498757939,-4.93726810286227,4.92964966051887e-05,0.000632675216520404,1.01259287409344,"GSR",0.000257983848781514,4.30718394399048,"+"
"BRAWNIN",-0.35504646259959,11.59710802621,-2.76993972010275,0.0122381718605812,0.0459654171456474,-4.20858151397633,"BRAWNIN",0.0187431638168167,1.91228345230149,"+"
"IGHV4-61",-0.355324977939478,8.22859357633697,-1.28622474323266,0.214758011630462,0.386459754034906,-6.71775699655767,"IGHV4-61",0.157585396332443,0.668050625671345,""
"CS",-0.355352973559029,18.1068048978138,-2.66551145047321,0.0135618084449476,0.0492562129053809,-4.48236898446596,"CS",0.0200850405546461,1.86768239414938,"+"
"RDH13",-0.355678747280834,12.3839066350214,-2.6833720824851,0.0130200946745871,0.0480199883487993,-4.44416468852128,"RDH13",0.0195809494179343,1.88538585781842,"+"
"PSMB8",-0.356005493302503,10.176180849973,-1.14686266020782,0.26742147502022,0.450464481179433,-6.85709175679802,"PSMB8",0.183684389019038,0.572803720079669,""
"CBR4",-0.356356163059949,12.1447124077412,-2.57726452639964,0.0168790350612135,0.0585598724339256,-4.65573874622772,"CBR4",0.0238787625627997,1.77265238469903,"+"
"TUBB2A",-0.356993381685712,10.2121761392748,-3.3515292832745,0.00266628034615421,0.0140532124322161,-2.93054784653118,"TUBB2A",0.00573043124866961,2.57409418861056,"+"
"MTCH2",-0.359424707303029,13.2228204188112,-3.11170584758656,0.00476787818517912,0.0218680566762542,-3.49071642949254,"MTCH2",0.00891706404707951,2.32167484894323,"+"
"MYLK2",-0.359647776023568,15.4999777343985,-3.19046980205172,0.00394433272938665,0.0188144671191743,-3.30855367299626,"MYLK2",0.00767191208606682,2.40402645670203,"+"
"CYB5B",-0.35987147906644,15.8286276145036,-4.28770988821666,0.000256162375439318,0.00231273412778337,-0.631155377106031,"CYB5B",0.000943055830091408,3.59148465811604,"+"
"C11orf54",-0.360180381709187,13.8675364909787,-3.5450897202749,0.00165561803941319,0.00997581891039402,-2.46764278843581,"C11orf54",0.0040678061824599,2.78103985022554,"+"
"COX6A2",-0.360356224583203,15.9955645146846,-2.25589851189368,0.0335081517154064,0.101374556246821,-5.31728066503985,"COX6A2",0.0413371624273662,1.47484952686296,"+"
"PLS3",-0.360581713224471,13.4751169313208,-4.61135765096017,0.000112650906583898,0.00120751645933751,0.186240212931322,"PLS3",0.000492384932288351,3.94826530884206,"+"
"S100A1",-0.36097619668881,16.7272580080847,-2.15236199569222,0.0416846712016695,0.118944694894495,-5.51438955355353,"S100A1",0.0485016788705442,1.38002361976042,"+"
"TIMM21",-0.361435147593818,10.8702180415117,-3.13416530253012,0.00467142381497549,0.0215333539621914,-3.43723672527708,"TIMM21",0.00878058344515798,2.33055072955326,"+"
"BCL2L13",-0.361483927246676,14.3755982202833,-4.06018213987087,0.000455683498743575,0.00370101626896267,-1.2013754774247,"BCL2L13",0.00150915097752876,3.34133669784802,"+"
"FIS1",-0.361614720261212,13.8996376865279,-3.27870407291495,0.00318469006859912,0.0157965042917343,-3.10234182558409,"FIS1",0.00644128751697971,2.49693282645159,"+"
"ISOC2",-0.362123667949865,13.7229268874839,-3.55946716265354,0.00159768695917787,0.00977047025035699,-2.4329251085501,"ISOC2",0.0039840718488316,2.79650830964003,"+"
"VDAC2",-0.362243536433297,17.1005759296845,-3.37355367641362,0.00252632873423457,0.013565389938798,-2.87832365105819,"VDAC2",0.00553151350843261,2.59751013827198,"+"
"MRPL48",-0.363274644306514,11.1834607715334,-2.52903591186159,0.0187875369174701,0.063831887874579,-4.75550739671265,"MRPL48",0.02602851459781,1.72613015301646,"+"
"OPA1",-0.363610896883623,13.6599397977835,-4.85359306637873,6.09325774219243e-05,0.000754930894292413,0.800354835970559,"OPA1",0.000307835636023125,4.21515045101643,"+"
"APOOL",-0.363673147691678,12.721303541936,-3.7601087759929,0.000969281808007645,0.00651833801934166,-1.94424467847417,"APOOL",0.00265796080829159,3.01354993825417,"+"
"LACTB",-0.36417271239927,14.2025536230513,-3.74282718422845,0.00101209878684685,0.00672071166579046,-1.98662141414248,"LACTB",0.00274048203061788,2.99477709570904,"+"
"BCS1L",-0.364801241348301,13.1842989908094,-3.04140654801442,0.00564060849929008,0.0251064098366535,-3.65167232165398,"BCS1L",0.0102375564422588,2.24867404253633,"+"
"TMEM186",-0.366220874391086,9.85754215182753,-1.26784656664401,0.222047741631178,0.3939867554547,-6.69761014046491,"TMEM186",0.160654656428867,0.653553639522979,""
"PHB2",-0.366265491038106,15.4281354909607,-3.6777119766979,0.00119077940556005,0.0075902241842157,-2.14582982583285,"PHB2",0.00309504023079643,2.92416868505065,"+"
"PHIP",-0.366390527653056,14.908394450659,-1.20633341891376,0.239497489404321,0.415558513424295,-6.98104038107339,"PHIP",0.169450899747179,0.620699034832151,""
"CD36",-0.366901726446853,15.139021059595,-3.30833249930206,0.00296295383172137,0.0151768963934557,-3.03261663728092,"CD36",0.00618863208468307,2.52827511557525,"+"
"GADD45GIP1",-0.367873349474625,11.1415757778593,-2.43316881240784,0.0231919728322665,0.0754266207340305,-4.95063168101153,"GADD45GIP1",0.0307564598856405,1.63466230639761,"+"
"NDUFAF4",-0.371164986579732,11.5178854815447,-2.7123179011544,0.012185161694447,0.0458867536440885,-4.38195984178078,"NDUFAF4",0.0187110874649052,1.91416870344765,"+"
"TUBB4A",-0.371733088016354,10.6990006822486,-1.79873522552771,0.085258535822628,0.201162349154461,-6.11630455145714,"TUBB4A",0.0820272956956026,1.06926212992972,""
"COMTD1",-0.371775565199922,11.8632626066247,-1.82091217828423,0.0811666630005439,0.19439245983896,-6.10136126363829,"COMTD1",0.07926676065988,1.09062230878515,""
"CYB5R3",-0.372254091160791,15.5263157914444,-4.84558174422977,6.21822560968256e-05,0.00076582473598055,0.780034104880793,"CYB5R3",0.000312277781271328,4.20633352493311,"+"
"KHDRBS1",-0.372374283579763,10.4057939904288,-2.44681299184041,0.0283309205798836,0.0879426189800725,-4.74674236007009,"KHDRBS1",0.0358600664669368,1.5477393133628,"+"
"NFU1",-0.372405589331825,12.1732112218649,-3.01177845380259,0.00605261908746094,0.0263823312639221,-3.71902513092982,"NFU1",0.0107578346386451,2.21805665690178,"+"
"SCLY",-0.372811652283623,9.5939975462556,-1.96340042986011,0.0685494643500774,0.171643540656099,-5.63315307667327,"SCLY",0.06999051026605,1.16399593446622,""
"CISD1",-0.372974919903273,16.1704136054124,-3.68206059060152,0.00117793758335553,0.00752512804366857,-2.1352208221011,"CISD1",0.00306849619613117,2.92887772136763,"+"
"MPST",-0.372985508488354,13.652498153152,-3.62626184880355,0.00135354239350632,0.00845816229304602,-2.27108271605009,"MPST",0.00344895643926067,2.86852813739807,"+"
"ISOC1",-0.373321223889686,11.6282194707742,-3.42782576696085,0.00221125167107927,0.012217378923994,-2.74912474350523,"ISOC1",0.00498183958298367,2.65536182587861,"+"
"ANP32B",-0.37344245057662,12.4386773912087,-4.07696706552413,0.000545168806142702,0.00423987261733808,-1.25629830431233,"ANP32B",0.00172887862145135,3.26346900189765,"+"
"BPNT1",-0.373595038984,11.2978871206228,-3.31929920164257,0.00288473634654181,0.0149027354220265,-3.00674947116232,"BPNT1",0.00607683838588135,2.53989387348726,"+"
"NPLOC4",-0.373869010966247,11.9159016572126,-4.84284772534251,6.26146010550135e-05,0.00076582473598055,0.773099296911647,"NPLOC4",0.000312277781271328,4.20332438215347,"+"
"ALDH2",-0.374973822408665,15.3346646051943,-2.70268070081215,0.0124573803475326,0.0464837321442482,-4.40270965388661,"ALDH2",0.018954515383511,1.90457327551198,"+"
"FLNB",-0.375421130795825,13.3132512662893,-4.73222735667264,8.28898564782788e-05,0.00096828885404422,0.492555206238942,"FLNB",0.000394835894904243,4.08149861233325,"+"
"MRPS31",-0.375949355660774,10.6737124936374,-2.70069811840748,0.0142139177941746,0.0511058200087032,-4.35093150742189,"MRPS31",0.0208392486329601,1.84728620061721,"+"
"NUDT9",-0.378156098142064,12.5019356017749,-3.50175007413129,0.00184294536472805,0.0106988025027417,-2.57203108873394,"NUDT9",0.00436261477443472,2.73448753952256,"+"
"TIMM10",-0.378292287694819,11.710229382968,-2.92352890886392,0.00745736651974044,0.0308424609530305,-3.9178579955455,"TIMM10",0.012576526746721,2.12741451138313,"+"
"OSBPL11",-0.378364730994603,11.3410727241612,-0.933274260915417,0.365561469534492,0.545628309818457,-7.00551785830157,"OSBPL11",0.222489023902801,0.437039585504919,""
"ATP5F1C",-0.378923717802326,17.4673478943382,-2.55835615494656,0.0172818065031267,0.0595192902670863,-4.708619123912,"ATP5F1C",0.0242699811513034,1.76241086178001,"+"
"OTUD4",-0.379487986449455,9.66802968412641,-1.99764278369908,0.0577724407024214,0.151276052415672,-5.77673993353572,"OTUD4",0.061685327971766,1.23827928450631,""
"KCMF1",-0.380265359824985,9.85778697884485,-1.95333467973108,0.0712180574738318,0.176625719662137,-5.60382351512044,"KCMF1",0.0720220766712669,1.14740987620938,""
"COQ3",-0.381533799602879,15.4611530970056,-3.43314610142651,0.00218250751686157,0.0120818888070751,-2.73642128601182,"COQ3",0.00492659123292685,2.66104425184879,"+"
"EHD4",-0.381962591002099,11.5453619214755,-4.05948685160622,0.000456484536318596,0.00370101626896267,-1.2031101507672,"EHD4",0.00150915097752876,3.3405739298608,"+"
"FBL",-0.38223881798478,11.4515300179668,-3.42724945661334,0.00254440425279398,0.0135859794244335,-2.77461715892777,"FBL",0.00553990921385929,2.59441388720201,"+"
"ALDH6A1",-0.382640349684156,12.9607543028807,-2.14140005311558,0.0426480780493948,0.120730761006298,-5.53489595888712,"ALDH6A1",0.0492299770520907,1.37010053568872,"+"
"PET117",-0.382773052733723,11.987263801141,-3.45800191773681,0.00224994364346604,0.0124072036755295,-2.69501634929595,"PET117",0.00505924378456512,2.64782835995008,"+"
"NUBPL",-0.383548093769317,9.79377164588985,-1.92331379671591,0.0669639566984561,0.168192967967214,-5.9066479418126,"NUBPL",0.0685834818262845,1.17415889310413,""
"ITIH5",-0.384160092738659,13.2146117026769,-3.02630234728216,0.00584717152661415,0.0257455460141072,-3.68604492937448,"ITIH5",0.0104981748553869,2.2330541659593,"+"
"NUP133",-0.385216183940214,9.87451261339056,-2.64186053063466,0.0146059938584823,0.0519817468189529,-4.5205030242618,"NUP133",0.0211964223673794,1.83546888630636,"+"
"KRT17",-0.388009550780607,13.9946774871507,-1.17222416868777,0.252662147094648,0.432487479057945,-7.02085885246415,"KRT17",0.17635396722322,0.597459817594509,""
"MRPL37",-0.388584302194063,11.5927135828892,-2.68802912711713,0.0134681306322159,0.0491029170310852,-4.40815975715904,"MRPL37",0.0200225316106881,1.87069267988601,"+"
"SDHA",-0.38871361061385,15.8710482442545,-3.522671968401,0.00175006495334355,0.0103271874154005,-2.52168878485605,"SDHA",0.00421108253799777,2.75694583225359,"+"
"RRAS2",-0.388875545461973,12.8346316455866,-2.29646622914434,0.0307232941770706,0.0940618515164904,-5.23840743746356,"RRAS2",0.038355285372486,1.51253222072959,"+"
"MFAP4",-0.389366975525682,12.9981519354095,-1.64059531397349,0.113980858108155,0.24769416545599,-6.38957819066625,"MFAP4",0.101001418194481,0.943168077751436,""
"API5",-0.390372366700861,9.13583010255997,-1.8237087933666,0.0807295752253475,0.193994999408014,-6.09670989189896,"API5",0.0791046895544594,1.09296733263702,""
"COX7A2L",-0.391251045889614,10.0483630328576,-1.43354522540874,0.169949865623103,0.32776045513027,-6.50344305010825,"COX7A2L",0.133649780305818,0.769679174471143,""
"LGALSL",-0.392054203681049,13.1351214504354,-2.70975466667376,0.0122570125218281,0.0459758451343013,-4.38748254426485,"LGALSL",0.0187474160027373,1.91161537022456,"+"
"PTMA",-0.392437871491783,9.02110214190882,-1.10644193583954,0.285000317442771,0.471213696430509,-6.87018927490155,"PTMA",0.192145226854774,0.545154656259676,""
"GGA1",-0.393917914085687,10.5346430633548,-1.81595054459614,0.0824972925320133,0.196768291059864,-6.08795246636051,"GGA1",0.0802355453797796,1.0835603042707,""
"PHAX",-0.394242759852906,13.8943052190426,-1.79135534667174,0.0864664155461424,0.202656854086856,-6.12839639752042,"PHAX",0.0826367049539622,1.06315254427171,""
"ECHDC1",-0.395397294717911,11.9884215250624,-3.38677916637603,0.00255002888488324,0.013590656738428,-2.8521125604666,"ECHDC1",0.00554181646648236,2.59345490016434,"+"
"FXN",-0.395418366653727,12.5345536806726,-4.3971135133847,0.000194074773498431,0.00185147333917503,-0.355481469535542,"FXN",0.000754969067041574,3.71203091202241,"+"
"ALDH5A1",-0.396069062069937,14.5795219836743,-3.17543425526715,0.00409013688091539,0.0193317259465064,-3.3434710598253,"ALDH5A1",0.00788283298134904,2.38826215760843,"+"
"SLC25A6",-0.396249641871757,13.7505316585007,-1.26095658007719,0.220023113664793,0.391608303052635,-6.89161813899814,"SLC25A6",0.159684802878726,0.657531693678707,""
"MTIF2",-0.396628558584872,11.5429816552579,-1.42438028176204,0.17254575962169,0.330760860038364,-6.38752649293307,"MTIF2",0.134873245341085,0.763095709195036,""
"TXNDC5",-0.397359210658895,12.3079402786962,-4.18060658794882,0.000336035560638334,0.00287944243876321,-0.900167020903253,"TXNDC5",0.00117414057528995,3.47361476138453,"+"
"AKAP1",-0.397379672524171,11.3277508882716,-3.54507820208491,0.00165566526290607,0.00997581891039402,-2.46767058446233,"AKAP1",0.0040678061824599,2.78102746294212,"+"
"SCP2",-0.397883847558406,12.840474630971,-5.46890760172303,1.29305322430196e-05,0.000216416276488433,2.35758087560106,"SCP2",8.82473384282623e-05,4.88838359844141,"+"
"SRCIN1",-0.39874427348197,11.8301522579414,-1.59199562929524,0.128895756770762,0.270851436033716,-6.30487673450046,"SRCIN1",0.110444180665522,0.889761379321351,""
"VAC14",-0.399506176412014,10.7816266440663,-2.92159630714168,0.00878839530864546,0.035227433295999,-3.88953345587123,"VAC14",0.0143645721961084,2.05609041641901,"+"
"CCDC28B",-0.400514165143585,10.4402508437237,-1.99830289493911,0.063088608089302,0.161213925313913,-5.6091653139484,"CCDC28B",0.0657376610362569,1.20004905423618,""
"CAV2",-0.400777575184737,11.7861566421794,-3.47014086236589,0.00199246175258154,0.0113368300912293,-2.64790635621412,"CAV2",0.00462278114196228,2.70061000659545,"+"
"RPS17",-0.400812772345391,11.2757091895468,-3.09172395944039,0.00500177797275293,0.0227584873736389,-3.53662717179499,"RPS17",0.00928015198285786,2.30087559036408,"+"
"HSPD1",-0.400952629007786,17.5544632560651,-4.28792373110868,0.000256023505569042,0.00231273412778337,-0.630617347498475,"HSPD1",0.000943055830091408,3.59172016019479,"+"
"MRPL19",-0.401321501211132,10.9886118464309,-1.79181973870159,0.0876569947654879,0.204628318938684,-6.07101454185671,"MRPL19",0.0834406025572368,1.05721342278927,""
"RBM3",-0.401490954944736,12.9174223188717,-2.62350602500417,0.0149203658863171,0.0527837913061056,-4.57167228134898,"RBM3",0.0215234693549754,1.82622052669846,"+"
"TMEM143",-0.40154654931167,13.4955658321881,-3.21288074259837,0.00373627781459811,0.0180268760398276,-3.25638594396999,"TMEM143",0.00735075871604337,2.42756083884955,"+"
"CPOX",-0.40282132148173,10.4630189057728,-1.59190268554829,0.129942555323581,0.272650728252264,-6.28143013861053,"CPOX",0.111177872012208,0.886248597074892,""
"NDUFC2",-0.403061114845567,15.143862940106,-3.03312490332913,0.00575298511872896,0.0254090176077196,-3.67052822389076,"NDUFC2",0.0103609497970359,2.24010674936443,"+"
"DLD",-0.403221642417989,16.637093819179,-3.90740681223549,0.000669788319774676,0.0050181522806155,-1.58114089786929,"DLD",0.00204623510660808,3.17406243025336,"+"
"PHB1",-0.403242295198915,15.5727534841816,-3.90065601594216,0.000681258670660924,0.00506868847382682,-1.59785226113077,"PHB1",0.00206684208043444,3.1666879572346,"+"
"COX6B1",-0.408587284199111,18.5995387667256,-3.7459019620416,0.00100434700384767,0.00668474680235357,-1.97908532280325,"COX6B1",0.0027258167590092,2.99811621167372,"+"
"IRGQ",-0.408726347967706,10.5402507822686,-2.20114544534735,0.0419217532572873,0.119264470996378,-5.25930758741689,"IRGQ",0.0486320728979346,1.3775605625214,"+"
"NDUFB4",-0.408773699442161,16.6175492791987,-2.95736029834045,0.0068855287030616,0.0291071457758844,-3.84195563411097,"NDUFB4",0.0118689231033994,2.16206270696746,"+"
"UQCRFS1",-0.412013738219233,17.0839481221758,-3.87145120967848,0.000733155792568493,0.00533916508481177,-1.67007391874937,"UQCRFS1",0.00217713341994833,3.13480372977417,"+"
"CAPRIN1",-0.412298119540063,15.2884862683022,-2.84657023444013,0.00893131400833054,0.0357003082288296,-4.08896287092972,"CAPRIN1",0.0145573948197523,2.0490846413818,"+"
"SRSF7",-0.412946922468549,12.4003131449295,-3.43744790831276,0.00215953249895048,0.0119778721162718,-2.72614492516406,"SRSF7",0.0048841766961626,2.6656402558403,"+"
"GGCT",-0.413796116463741,13.9787353785266,-2.87404678730708,0.00837584529012046,0.0339046931108176,-4.02812648100258,"GGCT",0.0138252028720058,2.0769713530899,"+"
"SLIRP",-0.415227220293785,13.4126598290147,-4.54382491692311,0.000133721980041103,0.00140187658196937,0.0152724763580823,"SLIRP",0.000571638506913867,3.87379720136934,"+"
"INPP4B",-0.415711975627215,11.2855469360288,-2.98778639211351,0.00985308612067764,0.0386824862515493,-3.72538152329318,"INPP4B",0.015773427539169,2.00642772125253,"+"
"DNM1L",-0.416190146423457,14.7445405936981,-5.3469924174774,1.75478982483086e-05,0.000271470728576537,2.0500539314024,"DNM1L",0.000110696707506383,4.75577489252138,"+"
"ARIH2",-0.417625515333546,12.2838039867169,-3.21231168671787,0.00374142710260573,0.0180268760398276,-3.25771237313586,"ARIH2",0.00735075871604337,2.42696271208587,"+"
"LAP3",-0.418105260275544,14.7959249792923,-4.46497975673142,0.000163360441676162,0.00164257534242408,-0.184107493616199,"LAP3",0.000669787432298624,3.78685310105748,"+"
"NDUFB11",-0.4183313623047,13.2650657570265,-3.30766656864496,0.00296776907620471,0.0151768963934557,-3.0341863505093,"NDUFB11",0.00618863208468307,2.52756989477835,"+"
"PTCD3",-0.421998631132185,12.692994648517,-3.07957711684893,0.00514931116133696,0.0232817196583671,-3.56447427114383,"PTCD3",0.0094935086548061,2.28825086393727,"+"
"ATP5PO",-0.422896475440959,15.7931574878687,-2.03484954404959,0.0531058751182693,0.142453394153586,-5.73045972136962,"ATP5PO",0.0580877422350347,1.27485743013696,""
"BCKDK",-0.423256522379303,12.3728469230927,-3.00080400619626,0.00621242303811133,0.0268985699471628,-3.74389822398389,"BCKDK",0.0109683395531964,2.20673897843255,"+"
"PPM1F",-0.42406028045685,10.3454855154887,-2.35357847507231,0.0309686059509614,0.0945949261373098,-4.99696032165218,"PPM1F",0.0385726554207757,1.50907834393063,"+"
"TCERG1",-0.426148815355733,11.2983794862413,-1.86827460555153,0.0815217373982593,0.195079609058376,-5.78853393402316,"TCERG1",0.0795469571899216,1.08872657318175,""
"ANXA3",-0.428017805318758,14.2059713825513,-3.51546356185434,0.00178153769143918,0.0104697348519485,-2.53904439095682,"ANXA3",0.00426920862758425,2.74920498498241,"+"
"ARMT1",-0.428190526245787,12.9381680095893,-2.99855480475761,0.00624566950307022,0.0269609443707194,-3.74899088661304,"ARMT1",0.0109937737624628,2.20442100069987,"+"
"MMAA",-0.428226649990707,9.21713313906166,-2.44296961090744,0.0240253446129049,0.0776955212227501,-4.87943596466971,"MMAA",0.0316816418199059,1.61933037421469,"+"
"CNP",-0.428341125875004,11.2121633594183,-3.4276865880497,0.00241886589344805,0.0130882520664868,-2.76345957872776,"CNP",0.00533695260026988,2.61638820908747,"+"
"AGK",-0.429783727696599,11.7305110798432,-3.71558964962534,0.00108338529515611,0.00704426618524228,-2.05330839484049,"AGK",0.00287241677065387,2.96521706340997,"+"
"CRYZ",-0.430434060163746,15.1075824042571,-3.63475977521007,0.0013252304719106,0.00829936457463486,-2.25042936971554,"CRYZ",0.00338420402680054,2.87770858665178,"+"
"PPP1R12B",-0.430566563285,12.3106287713404,-3.97948216843975,0.000558610366087803,0.0043326364979493,-1.40233999797544,"PPP1R12B",0.00176670463758584,3.25289100939233,"+"
"DBT",-0.431216649113749,13.295785602372,-4.38712401899671,0.000199058291519734,0.00188643983552808,-0.380684882768724,"DBT",0.000769227237856572,3.70101972771932,"+"
"PRKAA1",-0.431500514446267,11.2294834378175,-3.48696764216372,0.0020000475131468,0.0113574126639407,-2.61578866499699,"PRKAA1",0.00463117402852912,2.69895968710983,"+"
"DIABLO",-0.4321442826762,14.196072373058,-4.95662798486469,4.69394667731278e-05,0.000610639790475872,1.06169345667212,"DIABLO",0.000248998537089088,4.32846184824411,"+"
"FABP4",-0.432202297616543,15.6825885985352,-3.75424828484079,0.000983598301679779,0.00659264248104807,-1.95862097581617,"FABP4",0.00268825968915828,3.00718222980292,"+"
"CYC1",-0.433309000276832,16.9165280026715,-2.56415565782895,0.017058232297764,0.0589473412697419,-4.69650708729287,"CYC1",0.024036759429022,1.76806597569505,"+"
"THNSL2",-0.433343142188598,10.981922177241,-2.37914030298277,0.0274820445552274,0.0857727497459769,-5.00235843913931,"THNSL2",0.0349752661748638,1.56095096062185,"+"
"RILP",-0.433346861774069,10.1583513478516,-1.06749749732295,0.302744254399212,0.485952919848876,-6.84551731782542,"RILP",0.198155390499928,0.51892409031999,""
"PRMT7",-0.433819694605978,10.7496905208262,-2.22678034063764,0.0360857308424357,0.106801652105623,-5.35518203050837,"PRMT7",0.0435501510837897,1.44266449453351,"+"
"MYL12B",-0.433861211150424,13.9312241974234,-2.77235855431964,0.0106114850021959,0.0410755376721952,-4.25181899688774,"MYL12B",0.0167492340820991,1.97422383540774,"+"
"ADHFE1",-0.434089905414158,15.0346387801096,-2.38467243398177,0.0253835872672911,0.0808339724180066,-5.06385831457927,"ADHFE1",0.0329613975261879,1.59544700240289,"+"
"UFM1",-0.435425308942571,11.9417184545667,-3.30407134459856,0.00299389691741155,0.015246499960199,-3.0426588907626,"UFM1",0.00621701409739429,2.52376315688877,"+"
"GPX1",-0.436136792253343,15.0703075541008,-5.38960190575492,1.57697727556107e-05,0.000248471756327325,2.15761722087648,"GPX1",0.00010131849381326,4.80217456486358,"+"
"VDAC1",-0.436161733150715,17.8196180317592,-4.33803931307716,0.000225462317582503,0.00210873579385988,-0.504435275682264,"VDAC1",0.000859872114408591,3.64692603309202,"+"
"NDUFS4",-0.437133615288641,15.6144317499651,-2.336681948961,0.0281727155760549,0.0875464842330826,-5.15933674463535,"NDUFS4",0.0356985359312116,1.55017128922812,"+"
"PROB1",-0.438892462003414,13.1757255751794,-3.33829515202971,0.0027539660293178,0.014371766440249,-2.96186962141938,"PROB1",0.00586032694695393,2.56004142114911,"+"
"SELENOW",-0.439022179446383,11.3478053352907,-2.33501392572004,0.0296004876545335,0.0912894349862877,-5.10026109820905,"SELENOW",0.0372247863925815,1.52870113407861,"+"
"SCCPDH",-0.440948033821932,12.1780489449608,-5.33409472477324,1.81251171381766e-05,0.00027740152539819,2.01747883701807,"SCCPDH",0.000113115088613211,4.74171917800942,"+"
"GPHN",-0.441181920788992,11.8476519589087,-3.38070047978802,0.00248246876740103,0.0133800858988734,-2.86135116004315,"GPHN",0.00545595270224607,2.60511620677245,"+"
"FABP3",-0.441896396538024,19.9605813268449,-4.21798325355696,0.000305683072845878,0.00265916399539484,-0.806397093757353,"FABP3",0.0010843183740406,3.51472860959961,"+"
"PPIF",-0.442779039319083,15.0815127654438,-3.35749818273698,0.00262762482950745,0.0139006696156198,-2.916406444403,"PPIF",0.00566822937652116,2.58043664295776,"+"
"NDUFA13",-0.443390486366674,17.8583378400252,-4.07422288568334,0.000439802090302716,0.0036066291760641,-1.16633383112335,"NDUFA13",0.00147066306956993,3.35674271084431,"+"
"TFB2M",-0.444062862145653,13.1532424330138,-1.01387165307397,0.320800844362249,0.50089035273582,-7.19221065372665,"TFB2M",0.20424637735458,0.493764497303762,""
"MRPS22",-0.444797236945538,12.114983358837,-3.33325520745204,0.00278808990242625,0.0145082060013526,-2.97378608667224,"MRPS22",0.00591596244867809,2.55469322644988,"+"
"PXN",-0.444899410858451,10.5026290827854,-2.78744090313283,0.012206545377583,0.0459068763083345,-4.15694080647718,"PXN",0.0187192928161413,1.91340723005503,"+"
"SDHB",-0.444931560525045,17.0406853550922,-4.10455849860492,0.000407338842961005,0.00341877937992491,-1.09055232304911,"SDHB",0.00139406418891937,3.39004417454624,"+"
"UQCRB",-0.444994729326961,17.3618083140006,-3.59413751624851,0.00146602254630008,0.00910142413776754,-2.3490307028577,"UQCRB",0.00371125716187828,2.83385935052817,"+"
"TMX3",-0.445216143632262,12.4577972576788,-4.60477642830642,0.000114548996755917,0.00122328070416207,0.169572343881504,"TMX3",0.000498813065470716,3.94100871009987,"+"
"FUNDC2",-0.445845391495668,12.5154991789385,-3.52346426321827,0.00174663900549133,0.0103271874154005,-2.51978050212778,"FUNDC2",0.00421108253799777,2.75779684551701,"+"
"COQ7",-0.445895159689661,13.4540242000689,-5.12108294911047,3.09798240114576e-05,0.000445549026737646,1.47857344180763,"COQ7",0.000181680030665353,4.50892105368688,"+"
"CYTH1",-0.446298421750614,10.6101216085629,-1.27675779859681,0.218958044412676,0.389955148169931,-6.70572965887347,"CYTH1",0.159010701462809,0.65963909440948,""
"SGTA",-0.446335119121679,12.1466490008039,-4.95851468176134,4.67159172702471e-05,0.000610639790475872,1.06647833068994,"SGTA",0.000248998537089088,4.3305351193306,"+"
"NDUFA4",-0.446477054658601,16.0762819743752,-2.09412109127103,0.0470364475400355,0.130340484628943,-5.62252198486724,"NDUFA4",0.0531485017882602,1.32756548608199,""
"FAM162A",-0.446772173912651,14.5037259007259,-3.4836465579178,0.00192718329629458,0.0110754991847291,-2.61551434281401,"FAM162A",0.00451621911565867,2.71507697720571,"+"
"TMEM14C",-0.447376413496656,11.7427371256725,-2.7246706679774,0.0118444261764254,0.0447803800752041,-4.35530621076014,"TMEM14C",0.0182599452294613,1.92648597457385,"+"
"NDUFAB1",-0.448434454829076,17.6248444873095,-4.58855837491842,0.000119364242168398,0.001269964539353,0.12850364113841,"NDUFAB1",0.000517849176201707,3.92312575490502,"+"
"ANKRD2",-0.448583778455227,17.5996615460698,-2.03875854337499,0.052685113915315,0.141848349977076,-5.72340792914187,"ANKRD2",0.0578410254026648,1.27831207658402,""
"ACSL1",-0.448883884694819,16.8821511030905,-4.01928354971743,0.000505254124386333,0.00397262995602661,-1.30332000154537,"ACSL1",0.00161990597873756,3.29649013265498,"+"
"COX11",-0.449069338026133,10.7470136820586,-1.95020202360845,0.0669951025445926,0.168192967967214,-5.73554842604712,"COX11",0.0685834818262845,1.17395694380064,""
"NDUFB9",-0.449746228357332,15.638989559784,-4.02518718912927,0.000497781897599373,0.00392466058107274,-1.28861641282298,"NDUFB9",0.00160034566777373,3.30296090104934,"+"
"COX5A",-0.451355892596055,16.8685873501105,-2.85651309759677,0.00872638634339702,0.0350402987462121,-4.06698117228082,"COX5A",0.0142882649690614,2.05916556339926,"+"
"PON2",-0.451686512803521,11.7415177720071,-1.76360992016308,0.092416251031725,0.212787860380368,-6.11653865657208,"PON2",0.0867677913745816,1.03425165309992,""
"MRPL4",-0.451889899921811,11.5155205496844,-2.25793458604573,0.0342608095470483,0.102674803061416,-5.27411071747832,"MRPL4",0.041867359705268,1.4652023793255,"+"
"ATP5F1D",-0.452092440810201,13.5698168387684,-2.9726213955008,0.00664150377802675,0.0282017563986833,-3.80758416314645,"ATP5F1D",0.0114997355169773,2.1777335759697,"+"
"ABHD11",-0.456158492380638,12.0915581230319,-4.39185487208178,0.000196682468037915,0.00187011702167612,-0.368749718360824,"ABHD11",0.00076257133885735,3.70623435067411,"+"
"PCCB",-0.456626363919458,13.7771898276735,-4.5177585394374,0.000142872118166294,0.00147086331723717,-0.0506727983393107,"PCCB",0.000599768996325387,3.84505251654136,"+"
"UQCC1",-0.459277488173033,12.2070065436319,-2.83871534400316,0.00958360414136465,0.0378843578074387,-4.0863104108029,"UQCC1",0.0154479773832959,2.01847113347433,"+"
"NDUFV2",-0.459348119870391,16.4637221240077,-3.50934843772768,0.00180866979363649,0.0105425925649442,-2.55375889608165,"NDUFV2",0.00429891757258674,2.74264071445116,"+"
"NDUFS8",-0.460215864543859,17.5512836144357,-5.06681402631265,3.55277417283185e-05,0.000491209646504578,1.34106056297953,"NDUFS8",0.000200298908278432,4.44943239696042,"+"
"ITGB1BP2",-0.460270174032409,11.4731187103751,-3.57224437948491,0.00154787055644865,0.00950644964067818,-2.40203561662262,"ITGB1BP2",0.00387641305129375,2.81026536081761,"+"
"CA3",-0.460554289193269,20.5112299137304,-5.2780177910666,2.08664570997258e-05,0.000314314737996922,1.87576624492816,"CA3",0.000128167065375452,4.68055128321321,"+"
"DHRS4",-0.462083521359176,10.1090427226981,-2.55716520265614,0.0193174008221668,0.0650448106663663,-4.64230533742921,"DHRS4",0.0265231040521292,1.71405130879673,"+"
"DYNLT3",-0.463159006911845,10.1989235259966,-2.52243194031419,0.0187286814613471,0.0637354177673905,-4.78329541006171,"DYNLT3",0.025989177306108,1.7274927967955,"+"
"TMLHE",-0.463756381687285,12.7950956645541,-3.71220313459519,0.00109258635584524,0.00707462024983953,-2.06159078778306,"TMLHE",0.00288479414565842,2.96154422723176,"+"
"NT5C",-0.464771588756381,12.5170580725614,-3.84742664679426,0.000778755984885813,0.00557199907185799,-1.72939287862097,"NT5C",0.00227207535308693,3.1085986026854,"+"
"PTRHD1",-0.465532033475496,12.4263063712685,-4.4490181418756,0.000170116484945089,0.0016721897273168,-0.224435336592347,"PTRHD1",0.000681863190593599,3.76925359953386,"+"
"UBAP2",-0.465991887440342,13.5187289930159,-2.45517189820403,0.0217447011327165,0.07128675216705,-4.92145194505082,"UBAP2",0.0290683595800317,1.66264655706298,"+"
"CARS2",-0.46719904204382,11.6759518035672,-4.52224539496795,0.000141253629949658,0.00145945086251235,-0.0393234884567786,"CARS2",0.000595115377980501,3.85000038282286,"+"
"PAFAH1B2",-0.467568598274053,14.3202908816352,-4.25830432348337,0.0002759902295317,0.00246069793432936,-0.70510671919544,"PAFAH1B2",0.00100339053468603,3.55910629233904,"+"
"ATPAF1",-0.468639622219873,11.5837115495265,-3.1328485171634,0.0046860441560008,0.0215618301840423,-3.44024178286373,"ATPAF1",0.00879219509853084,2.32919362341786,"+"
"ETFDH",-0.468907835897367,14.6261637198108,-3.84195174230823,0.000789532736786489,0.0055946003066462,-1.74289899608193,"ETFDH",0.00228129138271102,3.10262985791538,"+"
"UQCRC1",-0.470029704693836,17.6254079744718,-3.81710014720498,0.000840327399225841,0.00584460898670593,-1.80414869401193,"UQCRC1",0.00238323658275429,3.07555147587293,"+"
"FDX2",-0.47019913135623,10.2287588020196,-0.988485316562739,0.338701609664098,0.519766223516701,-6.95239720700591,"FDX2",0.211943327805613,0.470182739385561,""
"NDUFA12",-0.470707185927166,13.2196109560967,-3.96963364576418,0.000572651010334945,0.00439390667983543,-1.42681152808517,"NDUFA12",0.00179168857393387,3.24210996871353,"+"
"ABHD10",-0.471197176906015,12.0741080208624,-5.90083278896088,4.42627382833073e-06,9.11366596883637e-05,3.4398394953016,"ABHD10",3.71624897223026e-05,5.35396172225367,"+"
"DNAJB2",-0.471881292314379,11.4448872019556,-3.91701055862279,0.000653798406580442,0.00492413431482427,-1.55735633043133,"DNAJB2",0.00200789771637043,3.18455614220497,"+"
"TACO1",-0.472036225885001,13.3196595146573,-3.99276133329422,0.000540216526288625,0.00421280571726988,-1.3693248614211,"TACO1",0.00171784164248988,3.26743213402089,"+"
"NDUFB1",-0.472700396472215,14.0164046467696,-1.11977784793459,0.273938234503948,0.457683144862989,-7.08009183883541,"NDUFB1",0.186627919272025,0.562347347537137,""
"HLA-DRA",-0.474847756021031,12.7887691078741,-3.88109932906262,0.000715593499374775,0.00525135537233489,-1.64622814267769,"HLA-DRA",0.00214132754831996,3.14533361332334,"+"
"ABHD16A",-0.476799411068274,11.2469786978956,-3.75050245963995,0.000992857644088884,0.00663915555463174,-1.9678068098446,"ABHD16A",0.00270722616900203,3.00311301617596,"+"
"SDHC",-0.477999586729897,12.4865986066097,-2.12939809654324,0.0437258044360699,0.123172492417354,-5.55726650584206,"SDHC",0.0502256336712632,1.35926219193659,""
"LMLN",-0.478126748093567,13.8963677429645,-3.56908042267062,0.0016373199475854,0.00994906515921322,-2.42054453141897,"LMLN",0.00405689689516883,2.78586644710379,"+"
"KRT6B",-0.478241164646564,15.8978069039372,-1.06424982358575,0.297852523159919,0.483250522269665,-7.14013912177462,"KRT6B",0.197053442912576,0.52599871656635,""
"NDUFB8",-0.479205371204809,15.2577156739019,-3.95947712050575,0.000587496277485488,0.00448377158976924,-1.45203549596669,"NDUFB8",0.00182833248652877,3.23099488083943,"+"
"MRPL46",-0.480405700040929,11.4726681839207,-4.15706964998642,0.000383642961335157,0.00324847974953023,-0.991752466709803,"MRPL46",0.00132462168042833,3.41607276535415,"+"
"LYRM7",-0.480750552665588,14.0163069886611,-3.38481983252166,0.00245752547418668,0.0132706375606081,-2.85156264035303,"LYRM7",0.00541132332083341,2.60950197166821,"+"
"SIRT2",-0.482498645778628,11.7654980004028,-4.1197243448841,0.000392012016554732,0.0033095527769311,-1.05263040400373,"SIRT2",0.00134952522375388,3.40670062011366,"+"
"IGKV4-1",-0.482720615692628,13.3787325599843,-1.31315725144763,0.202139631822588,0.370096755513013,-6.82637425571949,"IGKV4-1",0.150913111365283,0.694348529659101,""
"C6orf136",-0.483003990976986,10.285109514957,-2.21483165883054,0.0365592729835235,0.107646748229264,-5.39619347415056,"C6orf136",0.0438947530926469,1.43700244921784,"+"
"SLC25A3",-0.484856655997351,17.5119063814619,-3.12454230517329,0.00462320756693132,0.0214694946576775,-3.4611573541937,"SLC25A3",0.0087545437509692,2.33505660771934,"+"
"MRPL40",-0.4865978694479,11.3648655894248,-1.66412716292608,0.116977063531487,0.252670457228013,-6.07919395356297,"MRPL40",0.103030583982051,0.931899284905317,""
"ACOT13",-0.488203290399994,12.8472605359773,-3.28151803495713,0.0031629583568716,0.0157707087410567,-3.09572978297833,"ACOT13",0.00643076895189058,2.49990652591543,"+"
"FH",-0.488620211964854,14.9288722426551,-4.30804321566817,0.000243287678419512,0.00223016948540167,-0.579981566457679,"FH",0.000909388723084994,3.61387988584896,"+"
"COX5B",-0.488802233391159,18.6917365663091,-3.30538547229394,0.00298432090692352,0.0152248243059093,-3.03956240052287,"COX5B",0.00620817548862236,2.5251544785812,"+"
"DNAJA3",-0.489380949706437,12.1756554894715,-3.81920752003737,0.00083589799350296,0.00584460898670593,-1.79895849480695,"DNAJA3",0.00238323658275429,3.07784671725206,"+"
"PPA2",-0.49032666144535,14.4462652839339,-4.92113203891811,5.13517853440467e-05,0.000653194709576274,0.971666464129186,"PPA2",0.000266351013569022,4.28944445271735,"+"
"FLG2",-0.490597245696227,10.934591172061,-1.5889198903724,0.134566731181182,0.280911732049994,-6.16492672681106,"FLG2",0.11454643379381,0.871062297098118,""
"MGLL",-0.490861025874366,11.5490284561606,-3.84185022944293,0.000789733935669136,0.0055946003066462,-1.74314937716519,"MGLL",0.00228129138271102,3.10251919951108,"+"
"HLA-DPA1",-0.491305204420089,9.92318467701343,-1.68565650324505,0.115892126201801,0.251057925216951,-5.95686130247999,"HLA-DPA1",0.102373047218109,0.935946069327778,""
"TPD52L1",-0.491637758415495,10.1332486544207,-3.09184194621144,0.00516407023751754,0.0233116230595823,-3.53356900039018,"TPD52L1",0.0095057022643165,2.28700785944225,"+"
"TSFM",-0.496236029849268,12.4273172390617,-3.66065991087154,0.0012424744102523,0.00786717204013737,-2.1873971115015,"TSFM",0.00320797032813043,2.90571254714245,"+"
"PCCA",-0.496644686734051,13.8628634174072,-4.61362753685203,0.000112003579114276,0.00120578313891724,0.191989321262189,"PCCA",0.000491678142040344,3.95076809907317,"+"
"RBM38",-0.49789360264192,12.4568670393678,-3.46108879759478,0.00212986044553864,0.0119120682693134,-2.6770391433211,"RBM38",0.0048573440824302,2.67164885182795,"+"
"MESD",-0.497946634996403,9.5016201285727,-1.88219508611802,0.0825694810921519,0.196768291059864,-5.69201778128101,"MESD",0.0802355453797796,1.08318044471889,""
"MYH3",-0.497998226141,17.6681819964626,-1.82103071031916,0.0811480960528138,0.19439245983896,-6.10116422885054,"MYH3",0.07926676065988,1.09072166540592,""
"TSN",-0.498524571085198,11.1769236379264,-4.06827658096,0.000446459823771294,0.00364641235667554,-1.1811767342624,"TSN",0.00148688532355256,3.35021761650551,"+"
"PPP1R1A",-0.499566391662508,13.1521074185715,-4.7243874636716,8.45551643702192e-05,0.000978614417609046,0.472677797815731,"PPP1R1A",0.000399046315290144,4.07285986188062,"+"
"MRPS7",-0.500729954699604,11.7424677315316,-3.8842474622814,0.00086297738051709,0.00593711842076902,-1.71161544843748,"MRPS7",0.00242095884407417,3.06400058741961,"+"
"HIBADH",-0.501606763173497,15.2447739682585,-4.85586960750999,6.05820885169941e-05,0.000753851901459292,0.806129308598287,"HIBADH",0.00030739565873837,4.21765575880489,"+"
"VWA8",-0.501804547379409,12.0767053475543,-3.86839618961647,0.000738804922557096,0.00536664895522439,-1.6776217443602,"VWA8",0.00218834042550713,3.13147021957687,"+"
"ATP5MK",-0.502042529102878,16.1806230884727,-2.88447361006584,0.00817377832200594,0.0331820617838028,-4.00496594732301,"ATP5MK",0.0135305379220831,2.08757714480342,"+"
"SLC25A4",-0.502067958817783,19.8766119619709,-3.58894424513497,0.0014850458297338,0.00917970013973682,-2.36161273809949,"SLC25A4",0.00374317550438319,2.82826014345561,"+"
"VPS37C",-0.502399282296683,10.786071169662,-3.35038303803093,0.00304624690784641,0.0153762939157962,-2.93835149096036,"VPS37C",0.00626993974287427,2.51623489864626,"+"
"TXNRD2",-0.502906370228061,12.0790162806988,-4.74919726398816,8.79448442055285e-05,0.00100278145066224,0.476176998213067,"TXNRD2",0.000408900825215447,4.0557896161124,"+"
"CELF1",-0.503199903458542,12.0957152793355,-2.34633401987255,0.0275901339416912,0.0860162999358608,-5.1402307592874,"CELF1",0.035074577818053,1.55924619114835,"+"
"NDUFV3",-0.504117967547199,14.8075644546722,-2.71439316380823,0.012127280148057,0.0457289536017644,-4.37748649585383,"NDUFV3",0.0186467418714733,1.91623658982918,"+"
"CKAP4",-0.504692663478817,11.1716537516972,-2.41046507077988,0.0252305648515961,0.0805913801398082,-4.96486898727171,"CKAP4",0.0328624764874305,1.59807302656585,"+"
"ACSF2",-0.504889771757433,12.3934938962809,-4.80799373948511,6.83982998994135e-05,0.000819062486661595,0.684695219863816,"ACSF2",0.000333986360116417,4.1649546929214,"+"
"P4HA1",-0.505949360257242,10.8621059950197,-3.52066239853291,0.00175878396079147,0.0103572833246609,-2.52652833169631,"P4HA1",0.0042233546458674,2.75478750357742,"+"
"MCCC1",-0.506589095068971,12.1737369628323,-3.53141839911775,0.00179489961431459,0.0105266448691975,-2.51026095947103,"MCCC1",0.00429241463423777,2.74595983575885,"+"
"SUCLA2",-0.507161581772053,17.2612183938003,-4.69399953244248,9.13333108493049e-05,0.00102911785689256,0.395641686989874,"SUCLA2",0.000419639933157337,4.03937079881195,"+"
"ACADM",-0.507486541482137,18.0723448538236,-3.81564261820475,0.00084340444147783,0.00584460898670593,-1.80773800581213,"ACADM",0.00238323658275429,3.07396411626373,"+"
"COQ10A",-0.508960243020526,13.4087665417876,-4.41862718377477,0.000183760817323622,0.00177676844317637,-0.301182935837391,"COQ10A",0.000724506902428026,3.73574708617203,"+"
"SMYD1",-0.509233867966962,15.8663904301601,-6.35119329210367,1.4756115130848e-06,3.60957277816128e-05,4.55228156211424,"SMYD1",1.47186337231371e-05,5.8310279649594,"+"
"SERPINB6",-0.509458619065327,14.761190397558,-5.40826324121567,1.50494870525777e-05,0.000239286844135986,2.20469888939104,"SERPINB6",9.75731930080953e-05,4.82247830233136,"+"
"NDUFS3",-0.510801120979,16.6906872277441,-3.81454406466852,0.000845730970527433,0.00584657497016791,-1.81044308661849,"NDUFS3",0.00238403824522963,3.07276776532586,"+"
"BCO2",-0.513215011548372,11.0260320709468,-3.06435659991754,0.00569924347715318,0.0252495895226198,-3.58975280364236,"BCO2",0.0102959403420677,2.24418278915261,"+"
"NNT",-0.513391484361415,16.1357012011609,-3.7719294618901,0.0009410261097517,0.00635192624082398,-1.91523020724745,"NNT",0.00259010363610665,3.02639832645183,"+"
"ATP5PB",-0.516016774974393,17.9621422100563,-3.72885391161642,0.00104807407965257,0.00689560463440381,-2.02084879727978,"ATP5PB",0.00281179754921183,2.97960801959723,"+"
"AASDHPPT",-0.516043343567862,12.2395055623848,-4.65458976033686,0.000100941661235794,0.00110687752665457,0.295762346879863,"AASDHPPT",0.000451347732611711,3.99592955219197,"+"
"CPT2",-0.516084687302769,15.1820597390764,-4.90216441524668,5.387823018916e-05,0.000676313573690245,0.923556486011821,"CPT2",0.000275778115165291,4.26858667857091,"+"
"NDUFA10",-0.516512919131966,16.5359226987586,-4.76936082288283,7.54382820724036e-05,0.000895868727349457,0.586716003940952,"NDUFA10",0.000365305382998444,4.12240821018285,"+"
"ITGA1",-0.518783389985632,10.9117421719415,-3.75211438536029,0.00110896952155752,0.00716449383904655,-2.00185602402137,"ITGA1",0.00292144159737141,2.95508038965001,"+"
"OGDH",-0.519112190379008,18.192490989145,-5.06300937268111,3.58707622246644e-05,0.000493567891764373,1.33141750281658,"OGDH",0.000201260522030017,4.44525939481975,"+"
"CMC1",-0.520546599215949,13.1292471184917,-3.47956805755981,0.00194667328047681,0.0111650880335163,-2.62530052498705,"CMC1",0.00455275045972669,2.710706932092,"+"
"GSTK1",-0.523063998848791,14.8195633565764,-4.00739672046933,0.000520637761198883,0.00408237060972932,-1.33291278161561,"GSTK1",0.00166465455663465,3.28346433625449,"+"
"TMUB1",-0.523406558145666,10.5531485812858,-2.14894966132377,0.0512188262364068,0.138814659742989,-5.25198307140059,"TMUB1",0.0566039877217754,1.29057037832547,""
"MRPS25",-0.523671479413485,10.4300030045917,-3.57529857291181,0.00203290605340833,0.0114983737645349,-2.45208927804223,"MRPS25",0.00468865326322992,2.69188269092866,"+"
"TCEA3",-0.523877528617177,11.711583901449,-2.25371672905914,0.0336642413000527,0.101631918355222,-5.32149685446604,"TCEA3",0.0414421061101945,1.47283116889583,"+"
"LETM1",-0.525851665112915,13.0953784030923,-6.50491922358533,1.01940747939426e-06,2.60495018395211e-05,4.92749399721661,"LETM1",1.06221179017592e-05,5.99165218431633,"+"
"NDUFS5",-0.525930572915129,15.4494841281773,-3.89122919589788,0.000697600984784873,0.00517236792345675,-1.62117739860125,"NDUFS5",0.00210911910149777,3.15639291499301,"+"
"NDUFB6",-0.528805994944188,13.1768122083995,-3.88204163568675,0.000713900651030751,0.00525135537233489,-1.64389847254976,"NDUFB6",0.00214132754831996,3.14636222199303,"+"
"ACADSB",-0.528991038162721,13.5411151455484,-4.0459490480813,0.000472362384375694,0.00376574134842127,-1.23687480445114,"ACADSB",0.00153554370585982,3.32572469384537,"+"
"DYNLT1",-0.5294987774425,11.1946264495349,-2.69870790095289,0.0128466510460184,0.0476877567138695,-4.40002330742604,"DYNLT1",0.019445476439654,1.89121007247227,"+"
"PTGR3",-0.529558739716595,9.55946275835667,-3.03554940016971,0.00714795645814186,0.0297736354015795,-3.64160465869545,"PTGR3",0.0121406953402754,2.14581810166812,"+"
"TIMM8A",-0.530188496375256,14.0547283779761,-4.10133438939314,0.000410673009961315,0.00343668466230785,-1.09861109474204,"TIMM8A",0.00140136536579821,3.38650383868528,"+"
"RANBP2",-0.530216479408745,11.9351008019945,-5.43899296368076,3.7005495299402e-05,0.000504332035937564,1.61576600666645,"RANBP2",0.000205649780958021,4.43173377860882,"+"
"LDHD",-0.53069732787972,12.5610558879196,-3.01173126360913,0.00605329774629647,0.0263823312639221,-3.71913217266825,"LDHD",0.0107578346386451,2.21800796372278,"+"
"RNF170",-0.532456381942294,10.7272920348785,-2.08134102014017,0.0493074504481006,0.135235139781222,-5.60292172885108,"RNF170",0.0551443788854981,1.3070874530549,""
"PDF",-0.53324993563499,11.1060642754375,-4.95133164740796,0.000123506466836215,0.00130916854846388,0.475627997296754,"PDF",0.000533835263366173,3.90831030201763,"+"
"CMC2",-0.534288296706501,12.1134857213064,-2.8257094164116,0.00937620603847545,0.0372187263274851,-4.13495896164262,"CMC2",0.0151765550696276,2.02797285776905,"+"
"NDUFS1",-0.534497754128136,17.647447134819,-3.96745150539539,0.000575808921079636,0.00440632388270032,-1.43223203436672,"NDUFS1",0.00179675189505431,3.23972161082708,"+"
"DLST",-0.535446682179153,16.8447371376144,-3.64169094754185,0.0013025688688589,0.00819117306296994,-2.23357363368077,"DLST",0.00334008713735082,2.88519930559104,"+"
"COQ5",-0.535782103576132,14.222147397296,-4.4965043498697,0.000150794398593082,0.00153040272614681,-0.104422624527271,"COQ5",0.000624047181188017,3.82161479046423,"+"
"NDUFA3",-0.536239233153461,12.6974918942808,-3.3469501841446,0.00269630903771403,0.0141593329650231,-2.94139044248839,"NDUFA3",0.00577370366202389,2.56923033258102,"+"
"HSD17B10",-0.53883151804998,12.716564940238,-5.45346989632032,1.34394672407148e-05,0.000219792887102432,2.31868113985883,"HSD17B10",8.96242076010853e-05,4.87161794698187,"+"
"CYGB",-0.539004555063837,11.8637372770159,-4.38566206251103,0.000237455404927552,0.00219224957710534,-0.469188762796741,"CYGB",0.000893926249398203,3.62441794061767,"+"
"EHD2",-0.541213065665966,15.226651401421,-6.58999157089548,8.31710537115761e-07,2.28880342040895e-05,5.13406271022263,"EHD2",9.33297685894657e-06,6.0800277963136,"+"
"NDUFA2",-0.54520560519634,14.6494754612939,-3.39660984423066,0.00238747438873036,0.0130399841613479,-2.82352389747332,"NDUFA2",0.00531727055865482,2.62206127854746,"+"
"MMUT",-0.545454438521777,12.7939276246095,-5.07466506454026,3.48303178560074e-05,0.000483904707300452,1.36095843863248,"MMUT",0.0001973201977461,4.45804256222048,"+"
"PRXL2A",-0.546629581231898,13.5089582695922,-2.9807550609774,0.00651484424576038,0.0277876069021851,-3.78923213457116,"PRXL2A",0.0113308591673312,2.18609596276266,"+"
"EIF2B2",-0.546810436871672,14.4667538104144,-2.98971518365798,0.00637798828288747,0.0274081118102462,-3.76898889544821,"EIF2B2",0.0111761137278772,2.19531628294223,"+"
"NDUFS2",-0.547351494426305,15.2270569257696,-4.4045806105568,0.00019043108925621,0.00183506322374166,-0.336638208499516,"NDUFS2",0.000748277569369618,3.7202621484399,"+"
"MT-ATP8",-0.547821062292421,16.5731711001177,-4.73439645899293,8.24349455767572e-05,0.000966921369838849,0.498054957817882,"MT-ATP8",0.000394278280461259,4.0838886444452,"+"
"FAM185A",-0.549612711103405,12.0691142262808,-4.54012350404639,0.000134984694548296,0.00140994961969789,0.00590662200790515,"FAM185A",0.00057493042240254,3.86971547187572,"+"
"LYRM4",-0.551777774572479,10.2279429314102,-3.28833608327172,0.0050162040709001,0.0227878984935176,-3.1369288552594,"LYRM4",0.00929214485646055,2.29962480370385,"+"
"RGN",-0.551784463932201,10.4608711515484,-3.13575782112676,0.00482431043319351,0.0220892950053971,-3.4346999395987,"RGN",0.00900727765772826,2.31656475412554,"+"
"MSRB2",-0.552756805948439,12.1783921680968,-5.45854080205771,1.32700967240758e-05,0.000218801558946692,2.33146014011188,"MSRB2",8.92199770474848e-05,4.87712591160585,"+"
"ACAA1",-0.553521609957826,12.2514212656104,-5.84498228429573,5.07960266133364e-06,0.000102379033920682,3.30064739761853,"ACAA1",4.17467549158201e-05,5.29417025794033,"+"
"UQCRC2",-0.555558189756283,17.4309899461272,-4.17460037365484,0.00034118482967103,0.00290616363844788,-0.91522362572526,"UQCRC2",0.00118503658916675,3.46701028740085,"+"
"ATP5F1B",-0.556317742128908,19.9401797400101,-4.15187547692851,0.000361386590835318,0.00306910511267264,-0.972160840033192,"ATP5F1B",0.00125147868702199,3.44202796587101,"+"
"MRPS5",-0.557241288670983,9.43654514629,-2.16085179055867,0.0538559282982454,0.143749877700986,-5.10427507615401,"MRPS5",0.0586164049781081,1.2687664839072,""
"SLC25A42",-0.557734593930045,11.0789903124991,-2.9618664660618,0.00838732450120854,0.0339046931108176,-3.72618393537825,"SLC25A42",0.0138252028720058,2.0763765540306,"+"
"IBA57",-0.55862939083865,13.6611199856057,-4.11734511511467,0.000394378099624048,0.00331973565036478,-1.05858117775591,"IBA57",0.0013536774598641,3.40408721005057,"+"
"ECHS1",-0.55880322939516,16.0006120668996,-4.70563688158351,8.86754497511824e-05,0.00100709975074557,0.425141408849134,"ECHS1",0.000410661683941379,4.05219660016122,"+"
"PFKFB2",-0.561197062626801,11.0107537520361,-1.49420280850169,0.159185607488529,0.314633431375808,-5.69124379830656,"PFKFB2",0.128297017904521,0.798096200862624,""
"ARFIP1",-0.562459795128426,9.60696047601534,-1.85884652417822,0.0879552768698388,0.205157296170724,-5.68999623984146,"ARFIP1",0.0836563018270614,1.055738099962,""
"NDUFA5",-0.562846245128886,15.7791179208744,-4.46074150950147,0.000165127778526241,0.00165243252497239,-0.194816890974121,"NDUFA5",0.000673806862530046,3.78217986165017,"+"
"MCU",-0.566896962348347,13.0286521908194,-6.87709529757521,4.21228385063805e-07,1.26900593479222e-05,5.82525362003068,"MCU",5.17458289238554e-06,6.37548237095944,"+"
"ACADVL",-0.566997468561251,17.2688237717646,-4.44788228735151,0.000170607756944971,0.0016721897273168,-0.227304638429572,"ACADVL",0.000681863190593599,3.76800122685072,"+"
"SOD2",-0.568000812207409,17.3232589518456,-4.660593665494,9.94149623486504e-05,0.00109432931631476,0.310976230053924,"SOD2",0.000446230991013095,4.00254824763047,"+"
"MICU2",-0.569609831011004,10.2877549594456,-3.20630816027257,0.00467233152009813,0.0215333539621914,-3.26725800673382,"MICU2",0.00878058344515798,2.33046634991936,"+"
"NDUFA8",-0.569714216056003,17.7989135487639,-4.31071943503876,0.000241641854263741,0.00222372664598979,-0.573243969382588,"NDUFA8",0.000906761548090373,3.6168278403262,"+"
"NT5C2",-0.570143580733935,10.0083830007939,-3.36985921782324,0.00265643958842067,0.0140271773100737,-2.89180251443017,"NT5C2",0.00571981499432867,2.5757000561758,"+"
"ATP5PF",-0.570813951149614,17.5026928980317,-3.32415480297302,0.00285074793566908,0.0147576766561021,-2.99528651831268,"ATP5PF",0.0060176882599471,2.54504118149361,"+"
"DGLUCY",-0.571203106300883,15.2714659041642,-3.39728875495419,0.00238350027928681,0.0130399841613479,-2.82190829486801,"DGLUCY",0.00531727055865482,2.62278479284845,"+"
"DMAC2L",-0.571799344175449,13.1481596043825,-6.55627497001238,9.01474651851884e-07,2.43398156000009e-05,5.05228719254944,"DMAC2L",9.92496488428205e-06,6.04504648049524,"+"
"NDUFS7",-0.573766121891378,15.6191324202191,-3.82475973794742,0.000824337838622334,0.00579669507158998,-1.78528078733203,"NDUFS7",0.00236369888646237,3.08389476478359,"+"
"NDUFB10",-0.573919398677763,16.5287014405516,-4.24429842109812,0.000285964051360471,0.00251824343074975,-0.740305988122176,"NDUFB10",0.00102685566854764,3.54368855874876,"+"
"ATP5MF",-0.574581147758582,18.1781338982255,-3.90031300542797,0.00068184663257279,0.00506868847382682,-1.59870120288784,"ATP5MF",0.00206684208043444,3.16631330000287,"+"
"TOMM40",-0.574782186139405,11.4691743317815,-4.57338312955674,0.000124053193783713,0.00131011158896305,0.0900834676803193,"TOMM40",0.000534219803824184,3.90639205021654,"+"
"BPHL",-0.574913204789194,12.2283552678086,-4.94042659842398,4.89039802714224e-05,0.000630464826742391,1.02060366176895,"BPHL",0.000257082525563299,4.31065579241896,"+"
"HSPA12B",-0.574950888704391,11.4293400411924,-4.95251506280527,6.79791226336479e-05,0.000817463230997901,0.827794327135559,"HSPA12B",0.000333334237004064,4.16762444489895,"+"
"ACAD9",-0.576014997732786,10.9035845184943,-3.34586824082973,0.00270345198741414,0.0141708417362258,-2.94395153774792,"ACAD9",0.00577839655501558,2.56808133897397,"+"
"TIMM13",-0.57632261588908,12.55405405981,-6.06179910272331,2.98169364654381e-06,6.72949915056059e-05,3.83956062128004,"TIMM13",2.74406527377789e-05,5.52553698008164,"+"
"CSRP1",-0.57748933624001,12.8078261901769,-5.19245077568803,2.58791916539428e-05,0.000383762935303545,1.65929865348561,"CSRP1",0.000156485723613147,4.58704929313915,"+"
"ECI1",-0.578212517568138,15.5648509384808,-5.78717339881111,5.8594028546038e-06,0.000114466233947888,3.15631895965562,"ECI1",4.6675511887147e-05,5.23214664168922,"+"
"FAHD2A",-0.579228970473732,13.3123266586564,-5.31594367735295,1.89701094480879e-05,0.000288789644895891,1.97162339664255,"FAHD2A",0.000117758783864242,4.72193016344115,"+"
"RABGAP1",-0.579628819282915,14.9917539869238,-1.70094703640956,0.101932844926956,0.228809256612509,-6.29572074049503,"RABGAP1",0.0933007823230079,0.991685854539724,""
"NDUFV1",-0.579749551397814,16.0477968661533,-3.78393478980605,0.000913158865475017,0.00622252541187976,-1.88573912949774,"NDUFV1",0.00253733829456198,3.03945366014673,"+"
"NDUFS6",-0.580924766556119,14.4333982317681,-4.05756294168562,0.000458708341296397,0.00370312334946039,-1.2079098294745,"NDUFS6",0.00151001017466862,3.33846336244909,"+"
"PTER",-0.58206877245949,10.5504289957873,-1.80863738675065,0.0907356870874407,0.209423819713109,-5.88206731464465,"PTER",0.0853960478067365,1.04222186777047,""
"MAOB",-0.582358458790551,13.9322930972652,-6.33980028201911,1.51678154232078e-06,3.64792333959837e-05,4.52437681049782,"MAOB",1.48750145198575e-05,5.81907696489328,"+"
"ATP5F1A",-0.582489049915221,18.6086528093009,-4.00053634513126,0.000529726339078635,0.00414228629082801,-1.34998427596024,"ATP5F1A",0.00168908617274445,3.27594843251632,"+"
"C8orf82",-0.583584011323588,11.6747815184041,-5.76010802696638,7.3557292882665e-06,0.00013854864709651,2.97456725128158,"C8orf82",5.64955166380802e-05,5.1333742624105,"+"
"TOMM20",-0.584270169946082,10.752593489578,-3.08239316074754,0.00567002434478776,0.0251719967936841,-3.55203420824211,"TOMM20",0.0102643006155136,2.24641507641851,"+"
"NDUFA1",-0.585677405841377,13.5990041626408,-5.42108652884996,1.45739123137616e-05,0.000233019760011093,2.23704153463596,"NDUFA1",9.50176851567376e-05,4.8364238478045,"+"
"PITHD1",-0.588455337076809,12.5824707073999,-2.41219992632152,0.0242749785238862,0.0783258044367107,-4.99272446587212,"PITHD1",0.031938650289835,1.61484114564084,"+"
"MYL9",-0.589418733667609,12.5136290644362,-3.78905250483189,0.000901527824444643,0.00615792991303238,-1.87316038230406,"MYL9",0.00251099840488168,3.04502086481924,"+"
"MYO18B",-0.589564278496509,10.338125237139,-2.93612298716425,0.00973827194827439,0.0383181582703908,-3.84944737086671,"MYO18B",0.0156248667415532,2.01151810163385,"+"
"MLYCD",-0.591288993030647,11.5644729319232,-4.08890767024158,0.000423779059203973,0.00350536320069876,-1.12966192274187,"MLYCD",0.00142937018280403,3.37286050750455,"+"
"MYH15",-0.591744970834853,14.1950039467444,-5.56145214457567,1.02631158921024e-05,0.000181315047427142,2.59049573723698,"MYH15",7.39342281091995e-05,4.98872076697208,"+"
"CTNND1",-0.592408599467452,9.54455828017021,-1.81217923401708,0.0916186535689025,0.211121245180514,-5.78238116231551,"CTNND1",0.0860882012903349,1.03801609492069,""
"ATP5PD",-0.593113857848209,17.3497586195357,-4.83317284455807,6.41689400070814e-05,0.000778184348729945,0.748559259829182,"ATP5PD",0.000317317619063734,4.1926751346667,"+"
"IDI1",-0.594951741927927,13.5975803626127,-4.73016360492425,8.33250105135208e-05,0.000969415366218279,0.487322638011824,"IDI1",0.000395295248991102,4.07922462287039,"+"
"MT-ND2",-0.596400649457415,13.8317537129222,-3.52765451003709,0.00172862869012794,0.0102656584456775,-2.5096858383783,"MT-ND2",0.0041859930766024,2.76229828327112,"+"
"HDHD5",-0.59908334049218,13.0689145075173,-5.60044559602827,9.31304448672404e-06,0.000168713296272939,2.68848254114618,"HDHD5",6.87956543524652e-05,5.03090832249417,"+"
"MCCC2",-0.603523148864108,13.2309825349574,-4.95784541218046,4.67950942972291e-05,0.000610639790475872,1.0647809920676,"MCCC2",0.000248998537089088,4.32979967323601,"+"
"MRPS36",-0.605842194629306,14.759972897783,-5.99776626633085,3.48802918479762e-06,7.62041185258839e-05,3.68081531179694,"MRPS36",3.10734975497119e-05,5.45741988992538,"+"
"IDH2",-0.611659177387551,18.6370081798169,-5.93039856064652,4.11566014966189e-06,8.54932244353301e-05,3.51342253286864,"IDH2",3.48612850774706e-05,5.38556049426436,"+"
"GATD3B",-0.614730106787983,15.8273920332711,-4.32897249139352,0.00023070855093322,0.0021368539571873,-0.527276966745658,"GATD3B",0.00087133776345957,3.63693630858124,"+"
"MRPL38",-0.616144131056512,12.3775170538511,-2.65671981894798,0.0138361669901384,0.0499358258837025,-4.50112386410409,"MRPL38",0.0203621640569599,1.85898420508078,"+"
"NTMT1",-0.616402155863529,14.4404253269921,-1.87228636384862,0.0734556464934121,0.180920878024221,-6.01506102556539,"NTMT1",0.0737734989752269,1.13397481462284,""
"TFAM",-0.617117027327643,12.9629153813933,-5.68988055309382,7.45659592287978e-06,0.00013948220608681,2.91285639721224,"TFAM",5.68761908530536e-05,5.12745939093354,"+"
"UBE2D3",-0.617419075012918,12.5036882013014,-1.33983629084309,0.194039645528727,0.362021815843036,-6.76460245042066,"UBE2D3",0.147620420328329,0.712109527413622,""
"PDK2",-0.620800315339153,13.3147303461676,-3.52702464047223,0.00173132433319679,0.0102656584456775,-2.51120348831879,"PDK2",0.0041859930766024,2.76162156706199,"+"
"POFUT1",-0.621475677002136,11.1877588148014,-5.55757240990893,1.20175847252686e-05,0.000204728139784041,2.47834010535423,"POFUT1",8.34813061681914e-05,4.92018280736558,"+"
"HADH",-0.621863108505977,16.233077811347,-4.71701434603119,8.61519323779018e-05,0.000990228234801426,0.453984775612625,"HADH",0.000403782042532336,4.06473497693159,"+"
"MGST3",-0.622528078266692,14.1046166209584,-4.52374630729752,0.000140716326233814,0.00145916712203324,-0.0355268072310198,"MGST3",0.000594999678078017,3.85165551179114,"+"
"UFC1",-0.622790940702822,11.6096528713774,-2.85048315466955,0.0116268964174605,0.0441914708456468,-3.91504700731399,"UFC1",0.0180198076902359,1.93453619659134,"+"
"NONO",-0.623535234095067,11.4197516576079,-3.70244403669846,0.00111953299242595,0.00718408839534323,-2.08544731731381,"NONO",0.00292943160380218,2.95096310331996,"+"
"ACO2",-0.625160937301111,17.746472547467,-4.75692681785367,7.78554009899516e-05,0.000920752717492733,0.555184606167783,"ACO2",0.000375452244109127,4.10871125414569,"+"
"ATP5ME",-0.626270413248358,16.230878182578,-2.10284192010816,0.0461977850871599,0.128616790777677,-5.60645973669903,"ATP5ME",0.0524456369339729,1.33537884581797,""
"ACSS3",-0.626691737036833,11.1548073406508,-3.5730044596844,0.00162170316414812,0.00987513713998281,-2.4111812870754,"ACSS3",0.00402675151498664,2.79002863592633,"+"
"DTYMK",-0.626745751136735,11.5279810003353,-4.53861546626048,0.00016356882340701,0.00164257534242408,-0.0969719568411618,"DTYMK",0.000669787432298624,3.78629947030148,"+"
"TUFM",-0.627630860782503,16.3191720197716,-5.6718290310627,7.79837956978334e-06,0.00014492832680987,2.86761163980733,"TUFM",5.9096937214498e-05,5.10799563025978,"+"
"NIPSNAP3B",-0.628354192608287,15.15200379888,-3.88347555254802,0.000711332206942426,0.00524699169141552,-1.64035314856885,"NIPSNAP3B",0.00213954818480288,3.14792752733376,"+"
"OXSM",-0.629042831864455,11.05897989236,-4.30259412237222,0.00024667335661843,0.00224834123134378,-0.593698506362747,"OXSM",0.000916798554914676,3.60787775646273,"+"
"YWHAZ",-0.629169091751985,15.4202884280536,-6.73708010486727,5.8621806138917e-07,1.69470312292506e-05,5.48933998816578,"YWHAZ",6.91043402330201e-06,6.23194080507054,"+"
"NDUFA9",-0.63041319750802,16.7270081483776,-4.84337462184242,6.25310458083671e-05,0.00076582473598055,0.774435762311739,"NDUFA9",0.000312277781271328,4.20390430784572,"+"
"PLN",-0.630896737959617,12.8435478952789,-3.2960931113585,0.00305267651151981,0.0153816200281156,-3.06144824240674,"PLN",0.00627211155381193,2.51531921493009,"+"
"ALDH7A1",-0.631470018249304,13.2989472038684,-7.07741752811795,2.63633310371473e-07,8.7734713288739e-06,6.30185073650669,"ALDH7A1",3.57752894612422e-06,6.57899971700461,"+"
"GOT2",-0.63182876294146,17.5758213131273,-3.31207276487605,0.00293604895213218,0.0151132591744646,-3.02379801740078,"GOT2",0.00616268294956224,2.53223670779423,"+"
"TXN2",-0.636350234077911,15.3167873310747,-5.11894379303335,3.11474576179038e-05,0.000445720118512203,1.47315430339168,"TXN2",0.000181749796183809,4.50657739643904,"+"
"KCNC1",-0.637287764963617,14.0963161215426,-3.17511378497772,0.00409330046246782,0.0193317259465064,-3.34421457032565,"KCNC1",0.00788283298134904,2.38792637546162,"+"
"NDUFB3",-0.63749505708272,16.2221620284276,-5.03187273917095,3.88063726445275e-05,0.000526368902884538,1.25249012820381,"NDUFB3",0.000214635680202398,4.41109695025379,"+"
"NDUFA11",-0.639502058898344,13.6567801903864,-3.26704842658188,0.00327625411728207,0.0161110640612737,-3.12970653271926,"NDUFA11",0.00656955449804452,2.48462242026533,"+"
"GLRX5",-0.641892521793523,12.9789273635065,-4.44170096198095,0.000173306198975725,0.00168708279411063,-0.242918218986614,"GLRX5",0.000687936086435421,3.76118590276328,"+"
"TM9SF3",-0.646065841300139,9.97822319813111,-3.3790914754735,0.00623307262910752,0.0269472112756884,-3.03463600898108,"TM9SF3",0.010988173864412,2.20529781258548,"+"
"PDIA4",-0.648543821682971,13.5568661068316,-4.22376118425442,0.000301240715240509,0.0026285089238364,-0.791890666492237,"PDIA4",0.00107181825843813,3.52108632991734,"+"
"TIMM17A",-0.650547482947911,10.0668536881203,-2.2065860862096,0.0477592645797884,0.131810043613649,-5.10553645720872,"TIMM17A",0.0537477389212886,1.32094236930329,""
"SKIC2",-0.65112100333838,9.38442270407965,-2.00355960244,0.0636570521103503,0.162360653732978,-5.3887092177008,"SKIC2",0.0662052586334644,1.19615347695993,""
"ISCU",-0.652710722021432,10.0440444072681,-3.12976781493173,0.00693376880506356,0.0291563560433258,-3.45616747215586,"ISCU",0.0118889894089265,2.15903064326212,"+"
"UQCR10",-0.653416882493655,16.7965469906886,-2.94910395115905,0.00702109255222374,0.0294207421441645,-3.86051670265615,"UQCR10",0.0119967972415674,2.15359530204649,"+"
"MSRA",-0.65355821444286,11.5036892051228,-3.22581704565171,0.0044726217858267,0.020890137215163,-3.22473585977916,"MSRA",0.00851830111187526,2.34943782511667,"+"
"CD93",-0.653945176451703,10.9745219373486,-3.08614876491562,0.00640202140715366,0.0274701428294959,-3.53581088038559,"CD93",0.0112014079083224,2.19368287799052,"+"
"MDH1",-0.654217941473139,19.469106632072,-6.74582119687229,5.74205401014128e-07,1.67691414051269e-05,5.51037677713911,"MDH1",6.8378964869988e-06,6.24093272681757,"+"
"SIRT5",-0.657027811969282,13.8655829904185,-4.81663868871017,6.69155334386356e-05,0.000808068593676688,0.706621793585853,"SIRT5",0.00032950341728686,4.17447305557115,"+"
"IGKV2-28",-0.659154954242727,11.8085020212893,-1.89984835756398,0.0728250296426866,0.179676926583939,-5.80936609677894,"IGKV2-28",0.0732662570730919,1.13771932992511,""
"JAGN1",-0.666374766735892,11.6367312470707,-4.34886170916072,0.000259746024549626,0.00233771422094664,-0.563831586031826,"JAGN1",0.000953241878807879,3.58545109065961,"+"
"MYOT",-0.66641501022179,17.709947341713,-8.81499602158892,5.64230810003478e-09,2.73699759022026e-07,10.2219946203783,"MYOT",1.11605631766987e-07,8.24854320274434,"+"
"TGM2",-0.666816695633656,12.3232380256009,-4.61652296035717,0.0001111832632512,0.00120532764933688,0.199322997768962,"TGM2",0.000491492408583502,3.95396058347976,"+"
"ABHD5",-0.668094108101229,10.8762610289681,-3.14354797941115,0.0045685138279371,0.0212603033748878,-3.41580985787833,"ABHD5",0.00866924252396294,2.34022505623154,"+"
"MRPS30",-0.668717115425769,11.2748485732913,-3.87590833051935,0.000770239430883159,0.00553875691253166,-1.68061175536016,"MRPS30",0.00225852030939172,3.11337425229777,"+"
"FBXO40",-0.669919837425526,9.62666118783093,-2.65005356254529,0.0169009275438234,0.0585598724339256,-4.42778762319859,"FBXO40",0.0238787625627997,1.77208946011353,"+"
"HADHA",-0.673175947701143,17.3003330226924,-6.44402543479586,1.17986563962744e-06,2.96208373738047e-05,4.77915961300756,"HADHA",1.20783894015216e-05,5.92816744633011,"+"
"DDI2",-0.673890770999089,11.2295851777152,-2.50098142231596,0.0212397293345345,0.0698713854660205,-4.77118690976999,"DDI2",0.0284912202525628,1.67285102192518,"+"
"GPD1L",-0.673903617824543,15.4070122612801,-6.8491783328859,4.49835383022271e-07,1.34107173563515e-05,5.75845828977961,"GPD1L",5.46844318881427e-06,6.34694638694628,"+"
"NDUFA7",-0.675301501876064,15.4546214221095,-3.74121319336372,0.00101619131023113,0.00673226743028126,-1.99057656632366,"NDUFA7",0.00274519408590486,2.99302452319743,"+"
"MT-ATP6",-0.678764530696267,15.4596919660988,-3.44403976719808,0.00212478316783273,0.0119120682693134,-2.71038959188729,"MT-ATP6",0.0048573440824302,2.67268538270473,"+"
"AOC3",-0.685572218708572,14.5727883678765,-1.95226078395075,0.0627199741263253,0.160558645750933,-5.87719223672506,"AOC3",0.0654704598890155,1.20259412948173,""
"ACOT2",-0.686186995460726,16.4071606033503,-6.06382972836974,2.96692025696645e-06,6.72949915056059e-05,3.84458888909865,"ACOT2",2.74406527377789e-05,5.52769412622271,"+"
"TMEM126A",-0.686903637776634,14.402194908438,-5.74662762676823,6.47791944359947e-06,0.000125268955726903,3.05494112608023,"TMEM126A",5.10805014759501e-05,5.18856445697693,"+"
"GORASP2",-0.686916415337345,12.7229875506962,-3.3927189495544,0.00241037494643087,0.0130882520664868,-2.83278088958124,"GORASP2",0.00533695260026988,2.61791539539186,"+"
"CKMT2",-0.686924675983217,19.4533369525213,-4.08987422132251,0.000422744962814098,0.00350536320069876,-1.12724737166372,"CKMT2",0.00142937018280403,3.37392155850272,"+"
"CTNNA1",-0.686985919073624,10.4310681690759,-2.93902473432665,0.00845798763701763,0.0340940290382317,-3.81054451471012,"CTNNA1",0.0139024077474165,2.07273295399391,"+"
"SUCLG1",-0.687623913905242,16.7962297711346,-6.35323006739958,1.46837227903939e-06,3.60957277816128e-05,4.55726882657161,"SUCLG1",1.47186337231371e-05,5.83316382300615,"+"
"MRPS35",-0.689814446850775,10.7035347214605,-5.13071885975988,3.41996425249616e-05,0.000477460375153367,1.42408876728484,"MRPS35",0.000194692414063857,4.4659784334248,"+"
"MMAB",-0.692151929739875,11.6869150175419,-4.7378621207624,0.000166734292282738,0.00166269527704946,0.0914169998786765,"MMAB",0.000677991670486482,3.77797506953287,"+"
"RRAD",-0.692339496041429,11.3900445815697,-3.60607024412893,0.00142321148874274,0.00885485061039508,-2.32010025018172,"RRAD",0.00361071270251248,2.84673055910806,"+"
"PLGRKT",-0.693426638868567,12.8370965413985,-4.22970592419982,0.000296737104552781,0.00259713025452618,-0.776962493082903,"PLGRKT",0.00105902308380996,3.52762814530768,"+"
"C19orf12",-0.697126813910723,11.2733373193525,-4.87561106228493,0.000250530702098018,0.00227625037906199,-0.0224270918380984,"C19orf12",0.000928178974372475,3.60113904450849,"+"
"HADHB",-0.702604335385129,17.3998720064011,-5.81282304762395,5.49941957351819e-06,0.000108547164271787,3.22038851445314,"HADHB",4.42619127190856e-05,5.25968314492761,"+"
"COX7A1",-0.704952647649279,17.0903281639413,-2.93612160860809,0.00723941806940522,0.0300278471226634,-3.8896533842088,"COX7A1",0.0122443544002451,2.14029634256025,"+"
"COX7A2",-0.705180942362691,14.9047604405108,-2.40404260174542,0.0243315608712802,0.0784199630783829,-5.02498230641001,"COX7A2",0.0319770450430043,1.61383003015506,"+"
"AK3",-0.707855681166164,14.7211628644553,-3.50009540908947,0.00185049305738348,0.0107208727332622,-2.57600847359742,"AK3",0.00437161427823143,2.73271253993699,"+"
"HSD17B8",-0.712798203320133,12.0958913456254,-4.66741692601424,9.77079837929477e-05,0.00107969208345721,0.328267406313223,"HSD17B8",0.000440262415716482,4.01006994830211,"+"
"AGPS",-0.715205500573539,10.7433956681259,-3.35355663602453,0.00317951214096038,0.0157965042917343,-2.95228950808086,"AGPS",0.00644128751697971,2.49763951232464,"+"
"VDAC3",-0.718448337632644,17.3944049821199,-5.94539061497154,3.96671367622e-06,8.40943299358639e-05,3.55070716867488,"VDAC3",3.42908625643264e-05,5.40156914646949,"+"
"SZRD1",-0.720232873775121,10.1434057492488,-3.10608069569245,0.00683527213335707,0.028981553845434,-3.45905051563711,"SZRD1",0.0118177109036048,2.16524419014333,"+"
"MTRF1L",-0.721445503222546,10.428470255745,-4.32223773426155,0.000415366123318779,0.0034658246208115,-0.831545079485069,"MTRF1L",0.00141324766883744,3.3815689268083,"+"
"DNAJA4",-0.72274678239663,11.8251016309955,-5.52681507946982,1.11891874470522e-05,0.000195264966301606,2.50337912681987,"DNAJA4",7.96225396906413e-05,4.95120145056498,"+"
"SFXN1",-0.725295820497619,11.6218445981528,-4.40062998778695,0.000228946587633654,0.00212741926560882,-0.432791159803056,"SFXN1",0.000867490610952366,3.64026582509072,"+"
"DCXR",-0.726072540683134,12.874292898933,-6.67166372010675,6.84669663750622e-07,1.94012334421216e-05,5.33163133451473,"DCXR",7.9111758194589e-06,6.16451891436662,"+"
"PXDN",-0.740429965847479,9.38168177299989,-2.35085395165657,0.0408344682590965,0.116868248157534,-4.78034918017994,"PXDN",0.0476549731564542,1.38897309536246,"+"
"ACAT1",-0.742268399565006,16.8263460442359,-6.34006226523114,1.51582180254059e-06,3.64792333959837e-05,4.52501862975763,"ACAT1",1.48750145198575e-05,5.81935185063145,"+"
"TMEM65",-0.74337969500893,11.4059993323226,-3.93026333108691,0.00077341867834658,0.00554767984317773,-1.5915072542116,"TMEM65",0.00226215878286179,3.11158534376425,"+"
"SUCLG2",-0.752042769663147,14.0832841125111,-4.50037810130508,0.000149318471272677,0.00152081660064912,-0.0946277526929826,"SUCLG2",0.000620138278980025,3.82588646504388,"+"
"HSDL2",-0.752602287159689,16.1765301219868,-6.92568256387154,3.75797377562001e-07,1.15648612320693e-05,5.9412879516062,"HSDL2",4.71576463462931e-06,6.425046254875,"+"
"NDUFC1",-0.755597699392329,13.7855091176258,-2.16277797050841,0.0407874435315053,0.116868248157534,-5.49483910161323,"NDUFC1",0.0476549731564542,1.38947351446604,"+"
"GGT5",-0.759554737597723,10.8157065053555,-3.62403645372122,0.00689540350665605,0.0291071457758844,-2.70463943098855,"GGT5",0.0118689231033994,2.16144031460972,"+"
"DNAJC21",-0.761258540781194,12.8436603227594,-4.61547449738138,0.000135655184754705,0.00141180050461079,0.0902205109139649,"DNAJC21",0.000575685151528973,3.86756360280671,"+"
"ALDH4A1",-0.761578348223532,16.2927033246185,-6.9016530697075,3.97603510676943e-07,1.21057579527384e-05,5.88393626404911,"ALDH4A1",4.93632427431137e-06,6.40054978961453,"+"
"MTFMT",-0.762254586461436,9.00104558492495,-3.47604834215922,0.00291244846591506,0.0150187883053133,-2.71890349544792,"MTFMT",0.00612416088044214,2.53574175048669,"+"
"AFG1L",-0.767641385624385,10.6301912831731,-1.86947337244288,0.0827774362110677,0.196768291059864,-5.43803329106131,"AFG1L",0.0802355453797796,1.08208802872807,""
"RAB9A",-0.767775533435584,11.3157083306905,-5.10038995257242,4.80035643881222e-05,0.000621657019361112,1.18996258141551,"RAB9A",0.000253490995520371,4.31872651394483,"+"
"ABLIM1",-0.768222825288706,10.9449546662866,-2.97498348153281,0.0101054296300156,0.039402914987881,-3.61459748091816,"ABLIM1",0.0160671943460844,1.9954452178262,"+"
"PPFIA4",-0.783670355122105,14.0303238108058,-2.68211042910256,0.0130576830201792,0.0480966393870694,-4.44686789229007,"PPFIA4",0.0196122051544476,1.88413387825399,"+"
"TMED1",-0.784064541212318,11.5260965529216,-3.18510497517545,0.00447437250625259,0.020890137215163,-3.31153809635008,"TMED1",0.00851830111187526,2.34926786228777,"+"
"NDUFA6",-0.788000734792421,14.4048879655856,-5.1097534368986,3.18781227633277e-05,0.000453906404719621,1.44987102677541,"NDUFA6",0.000185087890624479,4.49650726122613,"+"
"AUH",-0.788175258865419,11.3627897212921,-5.56835880180348,1.00879490175774e-05,0.000179327391852835,2.60785829919602,"AUH",7.31237284693813e-05,4.99619712126455,"+"
"ACADS",-0.78875165645348,15.6976529774691,-4.20344723350505,0.000317149218057563,0.00273397910265285,-0.842879438647275,"ACADS",0.00111482547912933,3.49873635503336,"+"
"MT-CO1",-0.791242723638659,15.2967233619905,-2.68413054085646,0.0129975469629161,0.0479986831069237,-4.44253929672728,"MT-CO1",0.0195722618509888,1.88613860469273,"+"
"ECH1",-0.801737251831362,15.9259985281585,-5.71732322287917,6.96586176356265e-06,0.000132908642448775,2.98159634929602,"ECH1",5.41957108796522e-05,5.15702514829834,"+"
"CRAT",-0.807153208026627,17.1290092387734,-6.93447741473786,3.68125448936627e-07,1.14519025527894e-05,5.96226177976781,"CRAT",4.66970385324739e-06,6.43400415823736,"+"
"LARS2",-0.80742658736648,10.3688613540209,-5.26844259123739,3.23936153164581e-05,0.000456702103624153,1.57584128957951,"LARS2",0.000186227883379992,4.48954057948695,"+"
"PDLIM2",-0.813734184407599,10.3704631897774,-3.79713178872657,0.00106164743133838,0.00695294038556166,-1.90463784137372,"PDLIM2",0.00283517715595198,2.97401968668811,"+"
"SLC25A20",-0.821704249662814,12.2220960999155,-4.96142897807124,4.63727139793696e-05,0.000610639790475872,1.07386924594208,"SLC25A20",0.000248998537089088,4.33373748612333,"+"
"UQCC2",-0.822020932895153,10.9081896072093,-4.27606246957078,0.000285376154478813,0.00251824343074975,-0.698073191651534,"UQCC2",0.00102685566854764,3.54458231857568,"+"
"NDUFB7",-0.828853581457496,14.1728505633659,-6.51777202861948,9.88489763003601e-07,2.57187063792391e-05,4.9587525471781,"NDUFB7",1.0487230547593e-05,6.00502782396697,"+"
"COX20",-0.831429117538372,11.0677239908095,-2.88853216057557,0.00809638612745569,0.0329613898958438,-3.99593997056654,"COX20",0.013440555287254,2.09170878792714,"+"
"NARS2",-0.832242308180492,11.4818122424261,-5.07926238282033,9.4615940580704e-05,0.00105504288498222,0.728545589231443,"NARS2",0.000430211294816048,4.02403568893614,"+"
"MARCKS",-0.840951823145712,10.5141426804181,-4.68522885606818,0.000216135880860474,0.00202813406892681,-0.0539120590812461,"MARCKS",0.000827005419659546,3.66527312961755,"+"
"ASB10",-0.842823338157714,9.59940240138755,-3.52481829346948,0.0042400264278271,0.0199588086125677,-2.65777185609341,"ASB10",0.00813853637460727,2.37263143646771,"+"
"COQ8A",-0.846184260208553,16.3932640622417,-6.14927769897972,2.40826423884882e-06,5.64955102588961e-05,4.05583867496156,"COQ8A",2.30369845299535e-05,5.61829586327052,"+"
"DECR1",-0.848451459676216,16.5686109823782,-4.92856490611163,5.03945476965774e-05,0.00064388033708752,0.99051888452637,"DECR1",0.000262552923173054,4.29761644834376,"+"
"SH3KBP1",-0.864712664296851,9.56499212892301,-1.68276529859117,0.118460725291341,0.255297135379381,-5.42578447825707,"SH3KBP1",0.104101655712546,0.92642561266196,""
"DMAC1",-0.869180057950473,10.9815616818336,-2.76143843922267,0.0129031304330098,0.0477115753220596,-4.20815058602977,"DMAC1",0.0194551888735428,1.88930491258053,"+"
"MPC2",-0.870792006861155,13.9326056178926,-5.16996864301175,2.73872954148936e-05,0.000399910405497068,1.60238280134427,"MPC2",0.000163070123317502,4.56245085363077,"+"
"PEX14",-0.875566531964626,9.9060139130085,-3.93570832518303,0.0017324643708114,0.0102656584456775,-1.809101416297,"PEX14",0.0041859930766024,2.76133568815576,"+"
"HNRNPA0",-0.886694683060606,12.3071970190315,-7.70611775534988,8.3558182398058e-08,3.02713313953471e-06,7.52801681725051,"HNRNPA0",1.23436391645988e-06,7.07801101559311,"+"
"LSS",-0.890184201172051,13.2693297067152,-7.13962787339332,2.28164436911601e-07,7.73504305269543e-06,6.44887688447452,"LSS",3.15409253455516e-06,6.6417520464062,"+"
"COL3A1",-0.892187403941907,11.2717908726141,-1.71414744338746,0.110419801390907,0.242735681277719,-5.68179814065422,"COL3A1",0.0989795137496258,0.956953038348847,""
"ACTG1",-0.897694285695218,8.45146682927066,-3.56584152107153,0.00239835063070348,0.0130744371525207,-2.50766847354902,"ACTG1",0.00533131933918661,2.62008732421967,"+"
"CPT1B",-0.899821410137175,13.3595142050687,-8.42951764593806,1.27887055427994e-08,5.71894925992062e-07,9.38642852767757,"CPT1B",2.3319967378759e-07,7.89317341205533,"+"
"CHCHD7",-0.906119812743114,12.03347030014,-3.22739205442303,0.00360725670304063,0.017498252006953,-3.22252986850683,"CHCHD7",0.00713520346905672,2.44282295090394,"+"
"BST2",-0.91046716789586,11.9563197040148,-4.44828329181518,0.00017043415567095,0.0016721897273168,-0.226291661686824,"BST2",0.000681863190593599,3.7684433665355,"+"
"AKR1C2",-0.921371113574503,13.5188212041536,-8.14392544283555,2.3748377584192e-08,9.70969380656537e-07,8.75471319473294,"AKR1C2",3.95928924240859e-07,7.62436605468334,"+"
"YBX1",-0.932857127115935,8.49180830904705,-1.7007479045905,0.109767515969388,0.2418434416508,-6.02408149144578,"YBX1",0.0986156881927249,0.959526163733915,""
"TST",-0.939580752090066,14.9349440765749,-7.5984432431575,7.98297997959242e-08,2.92913957712737e-06,7.51837061542515,"TST",1.19440541053848e-06,7.09783495988884,"+"
"ATP5MG",-0.944104704945843,15.0875716747568,-5.06059558462217,3.60901131116011e-05,0.000494210065671782,1.32529950403184,"ATP5MG",0.000201522379128089,4.44261175679704,"+"
"BCKDHA",-0.947646992476688,12.1426608164019,-5.34379732096846,1.76891358518298e-05,0.000272184445203962,2.04198490915628,"BCKDHA",0.000110987737339186,4.75229338268941,"+"
"ETFA",-0.957881054197617,16.7537648005794,-6.98502595951874,3.27033391559414e-07,1.05165119847533e-05,6.0826313942025,"ETFA",4.28828278196997e-06,6.48540790168337,"+"
"LSMEM1",-0.985694458275264,8.89048997363412,-1.44941232969197,0.173070670161759,0.331545018743611,-5.74902802275718,"LSMEM1",0.135192999103447,0.761776524650095,""
"UQCC3",-0.989135734421458,11.2201246486712,-3.34048908984975,0.00285150076548724,0.0147576766561021,-2.96053848849195,"UQCC3",0.0060176882599471,2.54492650749222,"+"
"DBN1",-0.990470471539858,11.6732258506503,-2.46215845142473,0.0337872395548675,0.101895763546924,-4.19714797852333,"DBN1",0.0415496933781327,1.47124728899044,"+"
"GPT2",-0.991040528223651,11.764656750269,-5.81378573254688,1.36561473885808e-05,0.00022206757855749,2.61046361962579,"GPT2",9.05517508982506e-05,4.86467180459822,"+"
"ATP5IF1",-0.991287173450321,10.2881591371582,-3.85461877761823,0.000926017721397292,0.00628409577758145,-1.77937769636713,"ATP5IF1",0.0025624446358566,3.03338070205304,"+"
"LRRC39",-0.994786799076525,13.1496227313833,-8.32176607242308,1.61321225088553e-08,7.10309763389904e-07,9.14935316715547,"LRRC39",2.89640627294121e-07,7.79230848857876,"+"
"PLIN5",-1.00538715984618,12.2871845957112,-5.56291293849881,1.18624600625675e-05,0.000203295573048312,2.49146293815081,"PLIN5",8.28971532403236e-05,4.92582523670465,"+"
"POLR1B",-1.00621533615959,11.7218504086536,-4.4798912949162,0.000631955982591714,0.00477218475508571,-0.892379243304425,"POLR1B",0.00194593775457897,3.19931317042532,"+"
"ALDH1A1",-1.01199740151125,15.95817835216,-6.65532919929327,7.11789439370265e-07,1.99719742693892e-05,5.2921764888314,"ALDH1A1",8.1439048902846e-06,6.14764845979557,"+"
"ECI2",-1.0326581478859,14.6130560239092,-9.82649980483575,7.22554948430636e-10,4.52285830284397e-08,12.3220707383935,"ECI2",1.8442707442824e-08,9.14112912034608,"+"
"LIPE",-1.03832215014587,9.81423314808227,-2.47639411639468,0.0293064112676699,0.0905776987560166,-4.12511307310481,"LIPE",0.0369345640996767,1.53303736006964,"+"
"ETFB",-1.06064945016991,15.4114122213499,-6.05797764400971,3.00969913092857e-06,6.72949915056059e-05,3.83009686891075,"ETFB",2.74406527377789e-05,5.52147691713319,"+"
"ACAA2",-1.06620875882802,15.4600373372283,-8.10382903031338,2.59269555663962e-08,1.03059648376425e-06,8.66516040870642,"ACAA2",4.20242867872194e-07,7.58624847661048,"+"
"MPDZ",-1.07199253846686,12.6457714555082,-1.99261399465866,0.0595283009481255,0.154320649740521,-5.74415635739241,"MPDZ",0.0629268132004339,1.22527651286877,""
"CAVIN3",-1.07881926182349,9.36441161782286,-2.47536934012753,0.0355513005845436,0.105766967019713,-4.4718630818396,"CAVIN3",0.0431282410203482,1.44914450671034,"+"
"SMTNL1",-1.07945601183404,15.4456337881003,-4.61340142372935,0.000112067894812015,0.00120578313891724,0.191416620877374,"SMTNL1",0.000491678142040344,3.95051878618291,"+"
"PUF60",-1.10291988000164,13.1154554155938,-8.28467171611107,1.74811617155556e-08,7.46732609401792e-07,9.06738299628308,"PUF60",3.04492648919692e-07,7.75742970957972,"+"
"ACSS1",-1.10407183864369,12.1632665120272,-7.15614013650654,2.19597812666432e-07,7.57215590182323e-06,6.48782220179472,"ACSS1",3.087672587951e-06,6.65837199004904,"+"
"EML2",-1.11860223121833,11.8913707230059,-7.3603197917152,1.78784582737791e-07,6.31705525673529e-06,6.75200921165795,"EML2",2.575884412007e-06,6.7476699347604,"+"
"BDH1",-1.11882770123988,14.120417821127,-6.25822180708008,1.84791331950138e-06,4.37084952100243e-05,4.32418887727985,"BDH1",1.78228663369285e-05,5.73331840419012,"+"
"SUOX",-1.13681583820626,12.1882429777807,-9.06797673740935,3.33310661607014e-09,1.76654650651717e-07,10.7597125066975,"SUOX",7.20338737637498e-08,8.47715079434115,"+"
"AKR1C3",-1.1555703626038,13.0207671381353,-7.89761163831218,4.08565493693585e-08,1.58015465263654e-06,8.2012492159848,"AKR1C3",6.44334357206552e-07,7.38873831546001,"+"
"COA1",-1.19002430630315,12.3374169623576,-6.66952853004842,1.07650777245582e-06,2.72651791572438e-05,4.98171384136773,"COA1",1.11178305598705e-05,5.9679828301949,"+"
"HTD2",-1.20585033331023,9.96543744826304,-2.60350566162476,0.024711286968675,0.0792313621657372,-4.40915535882115,"HTD2",0.0323079065245156,1.60710463586707,"+"
"ATP1B4",-1.20938909691625,11.746785275737,-6.17094951110102,4.11019542120417e-06,8.54932244353301e-05,3.68149797147658,"ATP1B4",3.48612850774706e-05,5.38613752889449,"+"
"DBNL",-1.21113882808228,13.0223615466393,-3.71878848437659,0.00188531861916668,0.01087859251624,-2.23039232795763,"DBNL",0.00443592714457917,2.72461524341437,"+"
"ACOT1",-1.21676100276336,10.1981892696295,-4.58009592546487,0.000147854271747521,0.00151128187764787,-0.00111525602443496,"ACOT1",0.000616250336995423,3.83016612349108,"+"
"ABCB7",-1.21863065394787,11.5844782955303,-4.51598413167971,0.000191351170813504,0.00183774178143707,-0.200285093981301,"ABCB7",0.0007493697958476,3.71816887612938,"+"
"MT-ND3",-1.22574597405683,10.2549231636621,-3.33201200288432,0.00604322135052619,0.0263823312639221,-3.01451907181734,"MT-ND3",0.0107578346386451,2.218731498164,"+"
"CALML5",-1.2493952743896,9.2710736831247,-3.15885522258898,0.0103083442582581,0.0401394302954215,-3.0467850313618,"CALML5",0.0163675207201295,1.986811086147,"+"
"HSPB6",-1.27831270106635,17.8223501982198,-10.761304036429,1.21103552981246e-10,9.62773246200906e-09,14.1477294008787,"HSPB6",3.92586814013081e-09,9.9168431151764,"+"
"PTPN23",-1.33704531175274,11.5798862319452,-10.5160930730564,2.46577332705298e-09,1.41140865240513e-07,11.4117990308663,"PTPN23",5.75525367270747e-08,8.60804684961164,"+"
"ASS1",-1.34770269268734,12.8437178073808,-7.20684340100138,1.95294185204302e-07,6.81624339091113e-06,6.60720019616798,"ASS1",2.77943668141472e-06,6.70931068744067,"+"
"PGM5",-1.41923765073401,14.2764672978656,-11.5574623904495,2.8664572849831e-11,2.48600022715807e-09,15.6202416059756,"PGM5",1.01370796567827e-09,10.5426545255566,"+"
"ME2",-1.4430135796891,13.2080457776957,-13.1760752096493,1.88327612539726e-12,1.99627269292109e-10,18.3997591821629,"ME2",8.14013413342881e-11,11.7250859991843,"+"
"MYH13",-1.44820897346125,16.1545344718735,-11.7517013987471,2.03834245481423e-11,1.82304253302447e-09,15.9685354087244,"MYH13",7.43375932676329e-10,10.6907228498968,"+"
"GIGYF2",-1.49941007967739,13.3747935967424,-3.93528421694432,0.000624407602373981,0.00472765756083157,-1.51206534972909,"GIGYF2",0.00192778105008167,3.20453181789506,"+"
"MYOM3",-1.50650662576998,16.0305870603891,-8.46941311253122,1.17395354798052e-08,5.41912105535525e-07,9.47381728128428,"MYOM3",2.20973679759811e-07,7.93034908729186,"+"
"CASQ2",-1.52592964993363,17.859568160836,-9.379157886512,1.76440572134899e-09,1.05202691135433e-07,11.4096537162942,"CASQ2",4.28981481376182e-08,8.75340154262665,"+"
"CYB5R1",-1.53226842026283,15.594174421353,-15.310664236066,7.51424869839027e-14,1.07528898873965e-11,21.6800386353833,"CYB5R1",4.38466980567255e-12,13.1241144352307,"+"
"KRT6C",-1.55419737875847,14.3011970293095,-2.04161536618378,0.0640137023000934,0.162782813974185,-4.87477323205155,"KRT6C",0.0663774014975835,1.19372705419769,""
"PPP1R9B",-1.55500169390159,12.2684204670072,-5.01169294837146,0.000243900436383901,0.00223016948540167,0.323151352148548,"PPP1R9B",0.000909388723084994,3.6127874226508,"+"
"NEU3",-1.65989266734912,11.4095195530427,-3.99776382660742,0.000569707473241095,0.00438802894351155,-1.38308060254303,"NEU3",0.00178929182912807,3.24434808356933,"+"
"LDAF1",-1.75465262083787,10.8645366809725,-6.0028894157892,7.35827895131711e-06,0.00013854864709651,3.15949999467591,"LDAF1",5.64955166380802e-05,5.13322375215026,"+"
"CES2",-1.79791375184409,13.6355989959309,-9.00650344399746,3.78500169464997e-09,1.94737168724576e-07,10.6298221943644,"CES2",7.94073214447796e-08,8.42193392171821,"+"
"CKB",-1.82172984641677,16.3235374222892,-8.26299774915372,1.83225761099627e-08,7.71164894510487e-07,9.01940428543019,"CKB",3.1445531978506e-07,7.73701346561968,"+"
"KTI12",-2.04677863079906,12.0608895853073,-10.2334899974904,3.2773362693395e-10,2.40506061611529e-08,13.1301558454312,"KTI12",9.80703492244748e-09,9.48447899577779,"+"
"IDI2",-2.09139957727693,15.0722347290731,-12.9828811644326,2.5711684097483e-12,2.62810142453558e-10,18.0821652191273,"IDI2",1.07165209381645e-10,11.589869476438,"+"
"LDHB",-2.22366269991479,17.2256494842033,-14.0076819102241,5.12657048797244e-13,6.11343530690714e-11,19.7260794862142,"LDHB",2.49285498873628e-11,12.2901730669008,"+"
"MACF1",-2.30802718836018,11.8131765078683,-5.90695778785604,3.9415524937186e-05,0.000532109586652011,2.12693452158983,"MACF1",0.000216976539547443,4.40433268511518,"+"
"DPYSL3",-2.37496126183356,13.9312416486981,-18.1426685799441,1.77544109768594e-15,2.82295134532064e-13,25.4752152180988,"DPYSL3",1.15110539179036e-13,14.7506937313456,"+"
"RHAG",-2.50915709410673,11.826148178998,-10.1368083685811,2.42005975649734e-08,9.75522679309211e-07,9.39126367785331,"RHAG",3.97785607544386e-07,7.6161739102193,"+"
"CHD2",-2.5898222977146,13.480026337029,-4.5506641653987,0.000158838858525478,0.00160634916289724,-0.0676311341696927,"CHD2",0.000655015604705338,3.79904324259699,"+"
"NDUFAF2",-2.7670712971779,14.5441447353611,-7.86426770185173,5.93217863835109e-08,2.23393358723168e-06,7.87772558484686,"NDUFAF2",9.10923598249936e-07,7.22678577934258,"+"
"PDLIM1",-3.40397239205292,14.477368222524,-25.8274327665745,5.73253460751782e-19,2.34378772095943e-16,33.5035173073475,"PDLIM1",9.5571844951582e-17,18.2416533147387,"+"
"MYL2",-3.80569604114481,19.0612770869614,-14.6902751849056,1.84283041953708e-13,2.39735484577961e-11,20.7677533167751,"MYL2",9.77561336147722e-12,12.7345146274764,"+"
"SPECC1",-3.82953680577544,9.92523500352068,-4.4396809986034,0.000570351770435463,0.00438802894351155,-0.340516729905468,"SPECC1",0.00178929182912807,3.24385720601615,"+"
"MYL6B",-3.8484251519014,14.7019482694828,-14.7524552187947,1.68205123390927e-13,2.29239553878492e-11,20.8606360659806,"MYL6B",9.34762431943995e-12,12.7741607800808,"+"
"MYH6",-3.85454354077913,16.3047541795391,-11.9286080519226,8.66696537473501e-11,7.08710140071189e-09,14.6990206215878,"MYH6",2.88988354264316e-09,10.0621329384761,"+"
"MYH7",-3.975256925154,20.5361442999561,-29.9708187949247,1.81519176161163e-20,2.11865784784876e-17,36.8756663923716,"MYH7",8.63917997049526e-18,19.7410774881978,"+"
"SRPK2",-4.0879069433337,13.5526345749409,-9.80737987779182,1.26881534456908e-07,4.53918689519587e-06,7.97626868408774,"SRPK2",1.85092899956114e-06,6.89660157780281,"+"
"TPM3",-4.24950620578485,19.283873384427,-22.4902393012729,1.37856246069737e-17,3.28787146876323e-15,30.3518406426782,"TPM3",1.34068430951904e-15,16.8605735518493,"+"
"ATP2A2",-4.37745569301233,16.67512213939,-29.7124530541773,2.22081535413916e-20,2.11865784784876e-17,36.6803524617771,"ATP2A2",8.63917997049526e-18,19.6534875486159,"+"
"TNNC1",-4.45788873615028,18.0516452139646,-25.1379900082558,1.07039609015563e-18,3.82934201253178e-16,32.8877219881558,"TNNC1",1.56147793511971e-16,17.9704554859243,"+"
"MYOZ2",-4.47270118301393,13.8835046447815,-20.8843234756227,7.45419427080479e-17,1.52385028593167e-14,28.6650023015306,"MYOZ2",6.21375314641842e-15,16.1275992928756,"+"
"MPO",-4.51128869866611,14.5695809377371,-24.3305110739742,1.0052278295876e-15,1.79810128017482e-13,26.2119176121122,"MPO",7.33205721744131e-14,14.9977354965329,"+"
"MYL3",-4.53859741685714,19.2058782741613,-18.278140628695,1.50347061109502e-15,2.53113699350232e-13,25.6430916235268,"MYL3",1.03211323334006e-13,14.8229050567979,"+"
"TNNT1",-5.31398329309364,17.2475633748323,-20.5138489262482,1.11868255699566e-16,2.13444631874771e-14,28.2580010103075,"TNNT1",8.70356008816902e-15,15.9512931335822,"+"
"TNNI1",-5.36106714740054,17.3377106066672,-24.184908507521,2.60651196623705e-18,7.45983724737044e-16,32.0073552624854,"TNNI1",3.04187278734389e-16,17.5839402769296,"+"
"MAST4",NA,11.2123143301855,NA,NA,NA,NA,"MAST4",NA,NA,NA
"COBL",NA,10.9460711102699,NA,NA,NA,NA,"COBL",NA,NA,NA
"FKBP9",NA,10.7426779492582,NA,NA,NA,NA,"FKBP9",NA,NA,NA
"SNRPB",NA,11.2421907168478,NA,NA,NA,NA,"SNRPB",NA,NA,NA
"ARSB",NA,13.7476205752646,NA,NA,NA,NA,"ARSB",NA,NA,NA
"MYLK3",NA,10.6408650091856,NA,NA,NA,NA,"MYLK3",NA,NA,NA
"SLC22A25",NA,13.0838173533804,NA,NA,NA,NA,"SLC22A25",NA,NA,NA
"MICAL3",NA,13.1778683303483,NA,NA,NA,NA,"MICAL3",NA,NA,NA
"USP48",NA,14.4212295913802,NA,NA,NA,NA,"USP48",NA,NA,NA
"GDPD1",NA,12.5754616416262,NA,NA,NA,NA,"GDPD1",NA,NA,NA
"COLGALT1",NA,9.78642456445805,NA,NA,NA,NA,"COLGALT1",NA,NA,NA
"MUL1",NA,11.6043458381883,NA,NA,NA,NA,"MUL1",NA,NA,NA
"EVI5L",NA,13.0812894381127,NA,NA,NA,NA,"EVI5L",NA,NA,NA
"HOOK2",NA,10.1276559547936,NA,NA,NA,NA,"HOOK2",NA,NA,NA
"PNN",NA,10.4675156254584,NA,NA,NA,NA,"PNN",NA,NA,NA
"ACBD3",NA,12.5530973753487,NA,NA,NA,NA,"ACBD3",NA,NA,NA
"ZNFX1",NA,11.219002346093,NA,NA,NA,NA,"ZNFX1",NA,NA,NA
"NISCH",NA,12.7321691709911,NA,NA,NA,NA,"NISCH",NA,NA,NA
"RBM19",NA,12.8668852546843,NA,NA,NA,NA,"RBM19",NA,NA,NA
"UCHL5",NA,8.79399652590711,NA,NA,NA,NA,"UCHL5",NA,NA,NA
"PUS1",NA,11.8757989378472,NA,NA,NA,NA,"PUS1",NA,NA,NA
