"","logFC","AveExpr","t","P.Value","adj.P.Val","B","protein","q","-log10p","regulated_q"
"KRT16",1.93697489821202,17.147071637816,3.57669810934635,0.00156217387429149,0.0486097077896297,-1.17225508217153,"KRT16",0.0286299964433065,2.80627062958625,"+"
"KRT6B",1.70960953877527,16.5134910910015,3.34682457648096,0.00274284588335209,0.0645762196601702,-1.69208969927786,"KRT6B",0.0380339035814422,2.56179859410532,"+"
"KRT71",1.62043567469359,12.4173468163034,4.27988979310267,0.000270004422340113,0.0171842814573796,0.461603129378327,"KRT71",0.0101211453303679,3.56862912257368,"+"
"KRT6A",1.60566615897498,16.1596033080477,3.28472461300256,0.00318878119612973,0.0684712298098079,-1.8306952591653,"KRT6A",0.0403279747001861,2.49637527961987,"+"
"KRT14",1.58233210128148,18.0355477502615,3.71551966403922,0.00110821676594139,0.0417622739165281,-0.853973294890177,"KRT14",0.0245970158650012,2.95537528379103,"+"
"MMRN2",1.38295416442983,12.5634082871805,2.16610475253704,0.064574847833733,0.281924335664347,-3.87964942717297,"MMRN2",0.166046929602687,1.18993660853905,""
"KRT17",1.38207206605123,14.4917087447861,3.42531339903928,0.00226523063084754,0.058978368424976,-1.5157298737893,"KRT17",0.0347368983485089,2.64488757439933,"+"
"KRT5",1.37986189799338,17.6016178368409,3.5224431800298,0.00178536125813605,0.0514012661700624,-1.29582246382446,"KRT5",0.0302741599270484,2.74827389353453,"+"
"SBSN",1.3689578546524,12.4353515468548,3.91302705538622,0.000677700053740165,0.0298928299426664,-0.396775652256552,"SBSN",0.0176061871970662,3.16896247992135,"+"
"JUP",1.31132466607306,15.4152741189677,3.27103250454773,0.00329617148861168,0.0684712298098079,-1.86113900653878,"JUP",0.0403279747001861,2.48199020151972,"+"
"S100A13",1.28181916579031,14.471528634215,6.68846649039001,7.21311027806769e-07,0.000774984165426444,5.98358771068374,"S100A13",0.000456447794251327,6.14187742802203,"+"
"THY1",1.26702664469099,11.7925813397725,6.7590511909491,1.25590269111472e-06,0.000899226326838137,5.450494776933,"THY1",0.000529623561008031,5.90104400896593,"+"
"FLG2",1.26206690172001,11.5114480995398,5.8239797496276,2.96112634882361e-05,0.00648175093912252,2.54445520602437,"FLG2",0.0038176017666386,4.52854306122732,"+"
"POSTN",1.22756266775561,10.5925887661865,3.17078925409847,0.00771715764851645,0.103764974203526,-2.30541697393769,"POSTN",0.0611151759077338,2.11254262775556,""
"CALML5",1.21407419334995,9.32911198638403,2.74124072114426,0.024089726922008,0.176002494654671,-3.16668100762654,"CALML5",0.103661408905883,1.61816812307917,""
"DSC1",1.19179976666222,16.6627643859878,3.30840667037797,0.00301099265711364,0.0663344843844113,-1.77793847450372,"DSC1",0.0390694809401721,2.52129030359681,"+"
"MYBPH",1.16256788524539,15.8398729399085,3.31973550212773,0.00292938127521845,0.0661670039642721,-1.75265667002908,"MYBPH",0.0389708388365482,2.53322409880422,"+"
"DSP",1.13596153881991,12.9938261287765,2.93202171047566,0.00739414699969159,0.102858966158004,-2.59944972670204,"DSP",0.0605815580708779,2.13111191966495,""
"KRT9",1.10946341431087,20.2437833478902,3.11222176323958,0.00482744963295072,0.0822939172819001,-2.2109093142279,"KRT9",0.0484692187264949,2.31628224872323,"+"
"DSG1",1.1068379695956,16.9286293707771,2.93990359484081,0.00725870255328307,0.102408493165531,-2.58265975332414,"DSG1",0.0603162398708972,2.13914099972765,""
"ALDH1B1",1.09724785880041,15.2526125531757,5.1833258717971,2.79143339965585e-05,0.00648175093912252,2.58419114195231,"ALDH1B1",0.0038176017666386,4.55417272944959,"+"
"NES",1.08970942106661,12.7760959242271,4.3112690415582,0.000249506829455199,0.0166183153385974,0.535368476887918,"NES",0.00978780434346273,3.60291756244895,"+"
"FLG",1.07863495280709,14.3415146033108,2.88479388780943,0.00825760848196054,0.107012627567127,-2.69963602403286,"FLG",0.0630279688142734,2.08314571218001,""
"CDSN",1.07599402703314,11.4039637241296,3.37958654626992,0.00276692230678394,0.0645762196601702,-1.65194564077968,"CDSN",0.0380339035814422,2.55800303536889,"+"
"KRT2",1.05613598386224,18.5571452514334,3.19835366421948,0.0039274744546185,0.0754918579733381,-2.02199405062664,"KRT2",0.0444629627198945,2.40588663105038,"+"
"IGKV2-28",1.01631975612199,12.0455251463044,2.92482494432198,0.0101911041797504,0.120112437739939,-2.66276096777625,"IGKV2-28",0.0707434547883658,1.99177875876165,""
"YBX1",1.00173243495591,8.45819931677119,1.876879439636,0.0783653732321677,0.307412852437045,-4.43735801609787,"YBX1",0.181059077951852,1.10587579364366,""
"CTNNB1",0.986205459164099,13.9218581774849,3.53161047256786,0.00174557472098284,0.0510135306213762,-1.27497886359749,"CTNNB1",0.0300457926340815,2.75806155606437,"+"
"KRT1",0.982430106211886,20.3420576632447,3.1377185227547,0.00454215850387128,0.0813046372192959,-2.15518888455682,"KRT1",0.0478865555926952,2.3427377146439,"+"
"SERPINB9",0.978435213592997,11.5043760044228,4.72829529785974,9.68670864760646e-05,0.0103825896402895,1.4379177822496,"SERPINB9",0.00611510576776629,4.01382376257759,"+"
"MPO",0.966092784030772,12.1341379023938,1.42501566904751,0.176909052735932,0.455636265319884,-5.03156339864551,"MPO",0.268359248568302,0.752249942937265,""
"S100A16",0.951948863664091,13.0801271401433,3.97505598601733,0.000580335963535493,0.0268077774123492,-0.252334396137668,"S100A16",0.0157891624300661,3.2363205152858,"+"
"HSPB6",0.945495572260601,17.6559416338169,7.65801247653912,7.86504425950453e-08,0.00022525486759221,8.01281377042464,"HSPB6",0.000132669920294775,7.10429882909861,"+"
"S100A6",0.934334442481656,12.6328542002751,4.89653913121115,5.72239492903495e-05,0.00862575740881899,1.91271100269377,"S100A6",0.00508037211423019,4.24242217281843,"+"
"KRT10",0.92149255020038,18.9886328312083,3.32383662655973,0.00290036992300719,0.0661670039642721,-1.74349746890164,"KRT10",0.0389708388365482,2.53754660717862,"+"
"CSTA",0.886151123061861,13.7870046618916,2.77159785978699,0.0107342143328511,0.122713660222224,-2.93670619481857,"CSTA",0.0722755148192214,1.96922973729147,""
"PXDN",0.881739766495548,9.64778923994667,3.77704626524087,0.00157845769009621,0.0486097077896297,-0.997930113118875,"PXDN",0.0286299964433065,2.80176705469923,"+"
"RPL3",0.87319288068918,10.986611091395,4.3088119431247,0.000931855723008377,0.0375892224041689,-0.448546625543842,"RPL3",0.0221391847981363,3.03065132321654,"+"
"NDUFAF2",0.864812320214876,13.5430783629268,1.86564716262762,0.07581380375618,0.305817935151689,-4.59892434835038,"NDUFAF2",0.180119708466137,1.120251713242,""
"RBP1",0.837198339382821,11.6192216372522,2.76498395711972,0.0125487275019391,0.127445232501963,-2.93964742261225,"RBP1",0.0750623017327827,1.90140031138654,""
"SSR1",0.824522515279302,12.9986541337321,2.73149702517313,0.0117693156782701,0.124157601236393,-3.01959905546108,"SSR1",0.0731259627642884,1.92924878828581,""
"OSBPL11",0.820393837358802,11.6526458151852,2.29269353322472,0.0353353236852835,0.208660550586911,-3.79023318277709,"OSBPL11",0.122896250415974,1.45179092602497,""
"UCHL1",0.808024051110619,13.9330601139445,4.94730427500108,5.03811582320235e-05,0.00812652113867163,2.03187232989079,"UCHL1",0.00478633346868751,4.29773185255854,"+"
"UBE2D3",0.804579583702395,12.6600514883449,2.66370998841554,0.014364035502403,0.133446314114663,-3.14838913529438,"UBE2D3",0.0785968003553856,1.84272353013475,""
"GIGYF2",0.799570243282782,13.0248736785451,2.57068513098983,0.0169413414981077,0.143976267212405,-3.34579927019751,"GIGYF2",0.0847986997998598,1.77105220308688,""
"CASP14",0.77906312998984,14.9246819262172,3.29175959910599,0.00313493100482492,0.0680185030137771,-1.81503659182659,"CASP14",0.0400613290619065,2.50377201290457,"+"
"CASP3",0.775768272396506,12.6663049356453,4.74852141449293,0.000115873775371172,0.0110986202056045,1.30695148488777,"CASP3",0.00653683125163439,3.93601484272751,"+"
"APOL2",0.743397954036594,10.4915866539466,4.68102646554462,0.000174486476543626,0.0128135709954088,0.962995532923224,"APOL2",0.00754689770225021,3.75823822710063,"+"
"CSRP3",0.738747075576349,17.2411813291322,4.70882913326169,9.17138088814564e-05,0.0103825896402895,1.4713317007032,"CSRP3",0.00611510576776629,4.03756526989686,"+"
"CES2",0.702277821997036,13.0877810310074,3.29187001069293,0.00313409291320904,0.0680185030137771,-1.81479074487745,"CES2",0.0400613290619065,2.50388813259754,"+"
"FABP5",0.685131723283495,15.1094787619626,3.12808633092709,0.0046479736381451,0.0817422618699046,-2.17625944389257,"FABP5",0.0481443064157336,2.33273634379341,"+"
"MYOZ2",0.684683544864448,11.9894958257068,2.419047260476,0.0236981320851152,0.175380559529406,-3.64346611561618,"MYOZ2",0.103295103465386,1.62528588424716,""
"PSME2",0.677572606653543,14.1932885922809,4.94185393267054,5.10745043631597e-05,0.00812652113867163,2.0190839373152,"PSME2",0.00478633346868751,4.29179583915247,"+"
"PPIC",0.668505682137617,12.1611700757652,1.32826152765669,0.215210134633905,0.495467705459407,-4.98453268038672,"PPIC",0.291819047883731,0.6671372808126,""
"HMOX1",0.668228860835528,10.7464489491884,2.61282528003359,0.0270276463448976,0.18518463907126,-3.27327195575608,"HMOX1",0.109069480131626,1.56819177242667,""
"SLC25A6",0.659654927452252,13.8659407974835,2.71959259741016,0.01268264060747,0.127655321968478,-3.04050935859687,"SLC25A6",0.0751860395817145,1.89679031413101,""
"MMGT1",0.646342180498051,13.0804172538206,1.78120623866001,0.141885652938922,0.405386715271348,-4.27207912283201,"MMGT1",0.238763422866295,0.848061516906653,""
"NCSTN",0.645836483757357,11.525463035184,2.45874656294185,0.0220935572900816,0.167840711084334,-3.55814953600873,"NCSTN",0.0988543066784629,1.65573435261779,""
"TUBB4A",0.636787409350976,10.8221635746212,3.61586997890946,0.00149323804635906,0.0486097077896297,-1.10809296859063,"TUBB4A",0.0286299964433065,2.82587095317294,"+"
"NTMT1",0.636399258731146,14.4504238784259,2.05787851511481,0.0508734660289899,0.251392579153902,-4.30740054382783,"NTMT1",0.148064429397482,1.29350867270901,""
"PROB1",0.623735106255648,13.2681468973055,5.13258476811638,3.16845367135877e-05,0.00648175093912252,2.46572108446172,"PROB1",0.0038176017666386,4.49915263867929,"+"
"AKR1C2",0.615846466330368,13.3660588805315,4.20744860603172,0.000323956385307894,0.0193293976567043,0.291460323145883,"AKR1C2",0.0113845692831086,3.48951345551907,"+"
"CAMK2D",0.615649863557303,15.6317527191707,5.36328748002285,1.78347707665163e-05,0.00638484793441282,3.00292185968502,"CAMK2D",0.00376052813245444,4.74873246835405,"+"
"SMIM11",0.612933981834983,11.0249499248738,2.74126508433926,0.0117813267097056,0.124157601236393,-2.99710675620874,"SMIM11",0.0731259627642884,1.9288058003587,""
"MYO18B",0.61248725069029,10.277182510819,3.30905479342629,0.00594385043168939,0.0921332671254555,-2.07637823603059,"MYO18B",0.0542643687867373,2.22593212749601,""
"ARG1",0.611966574507075,13.0883744933912,2.20720532958565,0.037800213535172,0.215698038881474,-4.02857465258388,"ARG1",0.127041168663891,1.42250574680603,""
"STAU2",0.610374651731307,10.2953335833059,1.92134695769261,0.0761032200964373,0.306553617941204,-4.35114745113258,"STAU2",0.180553008656675,1.11859696687559,""
"MESD",0.609940968115849,9.60947981877026,2.09968607531097,0.0567262463715121,0.266798408086954,-4.05724646889507,"MESD",0.15713810722061,1.24621595315438,""
"SERPINH1",0.608074407794577,11.6363483186652,4.72412738244021,8.82515978917482e-05,0.0103825896402895,1.50733842327598,"SERPINH1",0.00611510576776629,4.05427742249213,"+"
"HTD2",0.602396928532688,9.63288943178459,1.24671086019443,0.242455825334797,0.525657444177789,-5.06634419371359,"HTD2",0.309600107499892,0.615367376900632,""
"RHOT1",0.602268066714453,10.3732928972448,2.8137092225003,0.00974024120667435,0.117704855763356,-2.84903114120739,"RHOT1",0.0693254445480068,2.01143028814904,""
"ARPC1A",0.599732858991786,10.6856938237108,2.85526192838356,0.0107376487338247,0.122713660222224,-2.77742690248856,"ARPC1A",0.0722755148192214,1.96909080743712,""
"GSN",0.597969109132494,14.6720871974483,4.47518581579461,0.000165145089015424,0.0125613650697475,0.921128603162405,"GSN",0.00739835423052411,3.78213433656666,"+"
"TRPT1",0.596293852326946,9.99756200795621,2.67914471086662,0.0168184516036869,0.143782376480873,-3.11190949333842,"TRPT1",0.0846845026321214,1.77421399016288,""
"EEF1A1",0.591089120832375,14.8687537352654,4.60157466951256,0.000120131713119322,0.0110986202056045,1.21879344763287,"EEF1A1",0.00653683125163439,3.92034232969413,"+"
"COX7A2",0.584419483838641,14.8443797112488,2.37703913860707,0.0259694538596879,0.181811800798536,-3.72408203407391,"COX7A2",0.107082956201678,1.58553718353273,""
"LNPEP",0.578659294706735,9.98228650185152,3.57722921673865,0.00156013009665202,0.0486097077896297,-1.17104303607404,"LNPEP",0.0286299964433065,2.80683918504151,"+"
"TUBB2A",0.577209477409706,10.3222841871368,4.30049834154203,0.000256361463190278,0.0166868006949308,0.510045149834679,"TUBB2A",0.00982814063835939,3.5911472583329,"+"
"RAB35",0.576511926154136,10.6876217869881,3.47205541473335,0.00202038227230832,0.0551083316942003,-1.41012184484295,"RAB35",0.0324575359973282,2.69456645082711,"+"
"ACTG1",0.574704663493804,8.32997294475448,1.76990535926947,0.0932488316312687,0.328570210459297,-4.68860030072584,"ACTG1",0.193520273718515,1.03035660101281,""
"MYL6B",0.569262866227717,13.062367126646,2.54636146687189,0.0178879979119193,0.147216166723382,-3.39422367016836,"MYL6B",0.0867069258660885,1.74743826448922,""
"SPARC",0.564437988843901,11.8768101829813,4.47730851673515,0.000179823623425899,0.0128753714372944,0.860666241967048,"SPARC",0.00758329673676066,3.74515325559731,"+"
"COX20",0.560700036467059,10.9184046099181,2.19452239350943,0.0388128525580573,0.217109393996633,-4.05147412798274,"COX20",0.12787242426621,1.41102443753059,""
"GBE1",0.552988805130145,14.5986606301357,6.63819332357472,8.11785089483007e-07,0.000774984165426444,5.87456638170069,"GBE1",0.000456447794251327,6.09055892987845,"+"
"ANKRD2",0.55180268683954,17.651271000262,2.41461745320095,0.023928697059383,0.175380559529406,-3.65200625100249,"ANKRD2",0.103295103465386,1.62108094849587,""
"CTSC",0.546477912288976,10.7132754998193,2.92824719752495,0.008473573394697,0.108916540170731,-2.62379231783462,"CTSC",0.0641493294137955,2.07193340450694,""
"COMTD1",0.531415975387338,11.9430828117184,3.66788570179022,0.00124708005063688,0.0449303950888042,-0.963506008403414,"COMTD1",0.0264629661456894,2.90410566806593,"+"
"DNAJA4",0.531082540696566,11.7292695101455,3.4125313210489,0.00233707488171932,0.0597623434039654,-1.54453576310416,"DNAJA4",0.0351986415245272,2.6313273722477,"+"
"EZR",0.530215609729629,11.8466714752268,3.89434326360032,0.000710073454223517,0.0308128844378205,-0.440211140336815,"EZR",0.0181480780686984,3.14869672295151,"+"
"DNAJC21",0.526197659255386,12.7480091320511,3.39341094737754,0.00255680902535725,0.0639953756055331,-1.60456742688859,"DNAJC21",0.0376917998335582,2.59230170933421,"+"
"PSPH",0.519070224300924,11.4804841282951,2.82545792100096,0.0139073968333805,0.131890015002655,-2.84829254506417,"PSPH",0.0776801760828365,1.85675415302005,""
"ATP1A1",0.519041525316483,12.0638288876222,5.21934269023134,2.55161100222495e-05,0.00648175093912252,2.66818063636452,"ATP1A1",0.0038176017666386,4.59318553389449,"+"
"ANKRD1",0.517918219930895,11.81425215416,1.08088772735245,0.294442570168332,0.579945282784991,-5.53746681633995,"ANKRD1",0.341574391998072,0.530999399998092,""
"HSPB7",0.512006448617136,16.7860824456324,4.95923467371364,4.88963695456511e-05,0.00812652113867163,2.05986057433642,"HSPB7",0.00478633346868751,4.31072338514677,"+"
"TUBA1B",0.507717529703545,14.770510815049,3.148566260591,0.0045832025994699,0.0815297654961602,-2.14026205640433,"TUBA1B",0.0480191509539717,2.33883094443816,"+"
"COX11",0.505126375877859,10.7281957164132,2.32931314484233,0.0307411676980088,0.195216639217511,-3.77479916394718,"COX11",0.114978096775639,1.51227963992118,""
"LTBP4",0.504871476275719,10.3502540630189,3.27137550476387,0.00373463448586291,0.073765470120768,-1.90294746489809,"LTBP4",0.0434461601031672,2.42775189680458,"+"
"S100A4",0.503671006529322,13.5516216169851,3.31226150993426,0.00298297831631526,0.0662267433947821,-1.7693390809387,"S100A4",0.0390060239829068,2.52534990357353,"+"
"SYNC",0.501400165356539,12.2283159530294,5.24623171107263,2.38622863885873e-05,0.00648175093912252,2.73082642121199,"SYNC",0.0038176017666386,4.62228794631637,"+"
"CARNS1",0.496181370877478,11.775690989449,2.56095118810554,0.0173144231326032,0.144469191717537,-3.36520798325912,"CARNS1",0.0850890209614232,1.761591973332,""
"MTFMT",0.495346646877493,8.87457405032483,1.6975356847407,0.10961554039891,0.361680769242486,-4.72717974099301,"MTFMT",0.213021628968398,0.960127870750795,""
"BCO2",0.492480551515806,11.0028054850609,2.94601222524959,0.00759719737765244,0.102858966158004,-2.57445811022898,"BCO2",0.0605815580708779,2.11934659033762,""
"TIMM10B",0.492386668601728,13.2325759962207,1.87685694260807,0.114348194803925,0.366733740110237,-4.1707801505918,"TIMM10B",0.215997712235509,0.941770687138408,""
"CBR1",0.490665032515679,15.4808391061357,3.91259399529983,0.00067843364045856,0.0298928299426664,-0.397782807641788,"CBR1",0.0176061871970662,3.16849262551653,"+"
"KLHL41",0.488006894388331,19.2134789809143,5.05978210580472,3.80102708648787e-05,0.00725742771713416,2.29546794838208,"KLHL41",0.00427445749372377,4.42009903556125,"+"
"MLF2",0.487971782830401,10.1545831797165,2.03882650384065,0.0589343017892748,0.270927512559363,-4.21043822417983,"MLF2",0.159570054494819,1.22963185730705,""
"PITHD1",0.487936134368084,12.5376117242728,2.85497622695853,0.00885132604568109,0.111185078047503,-2.76251141921543,"PITHD1",0.0654854458871664,2.05299166137205,""
"TBCEL",0.485914411272192,9.45319858030561,2.33214511329616,0.0346005155166399,0.207465930706378,-3.69780876570132,"TBCEL",0.122192646866683,1.46091743056086,""
"LGALSL",0.483117254468695,13.1806529758293,3.56527534053858,0.00160677024602719,0.0489552126023602,-1.19831190581256,"LGALSL",0.028833490807075,2.79404621907744,"+"
"RRAS2",0.478764104998199,12.8671891545943,3.7770801751557,0.00100789127774787,0.0400916752704152,-0.743910442234549,"RRAS2",0.0236130718037985,2.99658631314919,"+"
"PPP4R1",0.478202854277104,10.0353895315793,2.68110555523209,0.0141769626276156,0.133233438533399,-3.11443177202209,"PPP4R1",0.0784714215491432,1.84841680549739,""
"IGHV3-7",0.476454269027702,12.5191424502054,1.32225816673186,0.199996130059251,0.476926658192919,-5.37207208986327,"IGHV3-7",0.28089879879291,0.698978407886885,""
"ACSS3",0.476132807943804,11.0471280460035,2.50052397258051,0.0205562886054281,0.161106434505528,-3.47154224665204,"ACSS3",0.094887973135915,1.6870552935523,""
"NDUFB1",0.4718539117706,14.0159814044187,1.28136825001174,0.212579943191704,0.492549677018527,-5.46130603671669,"NDUFB1",0.290100396452098,0.672477713340818,""
"SAE1",0.463360355764555,10.6813220952264,3.26240373748421,0.00364648647480335,0.0725245643321999,-1.90823109937662,"SAE1",0.0427152952218777,2.43812539294129,"+"
"PPP1R12B",0.459019373402956,12.3248551763994,4.53793269322696,0.000141008843814751,0.0122378584450136,1.06890270554342,"PPP1R12B",0.00720781629197893,3.85075364834108,"+"
"MYOM3",0.458427281558981,15.5065473882836,2.74742208642051,0.0113474450661135,0.122968512445785,-2.98675102520193,"MYOM3",0.0724256168993595,1.94510191103425,""
"LAP3",0.458116605112899,14.815930651711,5.44185042180805,1.46772260156567e-05,0.00600508218697724,3.18493126807752,"LAP3",0.00353685486855776,4.83335601798481,"+"
"CAVIN3",0.454843429903812,8.96602522797235,1.12155220461894,0.29680510911902,0.581032011289728,-5.04073937572344,"CAVIN3",0.342214450016115,0.527528627506554,""
"MRPL19",0.454340287209266,10.9923402234881,2.15070326695689,0.0449696065398282,0.236667945579485,-4.0757424088438,"MRPL19",0.13939195992515,1.34708091226148,""
"PELO",0.452555881407767,11.9564312412551,3.34227454787179,0.00277335021585228,0.0645762196601702,-1.70227396409928,"PELO",0.0380339035814422,2.55699528469246,"+"
"ZNF512",0.451153831266167,12.7780070781758,2.0203558463218,0.0566244040971493,0.266798408086954,-4.32729196055325,"ZNF512",0.15713810722061,1.24699635537525,""
"SERPINB3",0.450437939569325,13.4659101530764,1.49609383426063,0.148543353950898,0.414209326761646,-5.16572110215816,"SERPINB3",0.243959737493017,0.828146774402357,""
"CALU",0.447706357554489,15.4926235871903,4.12245140896851,0.000401068202475401,0.0225227319978343,0.0921575889037491,"CALU",0.0132653695385741,3.39678176842693,"+"
"MEMO1",0.447284841607312,12.0970500156739,5.16461623840523,2.92487242045191e-05,0.00648175093912252,2.54052715810513,"MEMO1",0.0038176017666386,4.53389307259107,"+"
"HSPB1",0.444991350206717,19.509093108112,4.23598801629304,0.000301526426511644,0.0187732975115076,0.358463622909977,"HSPB1",0.0110570391270334,3.52067461922785,"+"
"RASA4",0.444759273465822,10.3713568772164,3.18309285966144,0.00502651192717166,0.0836972683687189,-2.11433685959347,"RASA4",0.049295760140778,2.29873328259105,"+"
"FAM98A",0.444531040578449,10.9348424513007,1.67846577771354,0.107753472194861,0.359208967051211,-4.88818949346059,"FAM98A",0.211565794503171,0.96756872645009,""
"ECM1",0.444317074587921,11.3622635951539,1.78814291177178,0.0872470252287144,0.317907735693433,-4.73751695803879,"ECM1",0.187240322068843,1.05924937180464,""
"PGM5",0.442293287611669,13.7879951163044,4.01588395268959,0.00052394359264144,0.025433465242798,-0.157077010962425,"PGM5",0.0149797242681145,3.28071546630482,"+"
"MOGS",0.441768654045937,11.976180277533,4.41776821010767,0.000190833792900575,0.0130130472111249,0.785940277798995,"MOGS",0.00766438459131345,3.71934471783554,"+"
"LGALS3",0.440964061027366,13.5537599784297,2.86107536950688,0.00872667339208272,0.111080855977444,-2.74967465277542,"LGALS3",0.0654240614923454,2.05915127780554,""
"TUBB2B",0.440869900057988,15.3324695149926,3.46784410702417,0.00213721640730735,0.0565797076432903,-1.43935336156277,"TUBB2B",0.0333241424861293,2.67015150041853,"+"
"RILP",0.439341246912328,10.0648678167844,1.03041389303434,0.32238695540882,0.606248352127945,-5.42412826194573,"RILP",0.357066293019075,0.491622539164033,""
"CTNND1",0.439248146369676,9.32501624070145,0.86228592704658,0.415350168124222,0.678586926131073,-5.24732557821076,"CTNND1",0.399672044227998,0.381585609406263,""
"EIF6",0.438194795921749,14.4276473688132,2.99528352450265,0.00637173227992008,0.0927514916152321,-2.46414372895338,"EIF6",0.0546284887485374,2.19574248017097,""
"DHRS4",0.437577579283792,10.0796488012417,3.17004430745948,0.0049308324079752,0.0830700236261234,-2.1285767639814,"DHRS4",0.0489263274581685,2.30707975827367,"+"
"TXNDC5",0.437176010999172,12.314791353629,4.7240668667119,9.7880558759712e-05,0.0103825896402895,1.4282052484018,"TXNDC5",0.00611510576776629,4.00930356010522,"+"
"ABLIM1",0.434307935746279,10.6581476153302,1.72970743238616,0.113002714635497,0.365694660696118,-4.49435994237723,"ABLIM1",0.215385718432557,0.946911123445289,""
"MSRA",0.432904470192954,11.3606979659875,2.48769436322417,0.0220628975144627,0.167840711084334,-3.46389101624505,"MSRA",0.0988543066784629,1.65633745237145,""
"IGKV4-1",0.431712360788246,13.3550773960979,1.36015800176619,0.187891156057011,0.466713157803364,-5.32505965411357,"IGKV4-1",0.274883282692872,0.726093661443014,""
"PON2",0.428355798317984,11.7487763932704,2.72504846074581,0.012222195405769,0.125914991518426,-3.0301345932386,"PON2",0.0741610250967314,1.91285077715614,""
"AKR1C3",0.428148046025465,12.6570559798461,3.14382891961762,0.00447623965978699,0.0813046372192959,-2.14180956407869,"AKR1C3",0.0478865555926952,2.34908666920878,"+"
"LDAF1",0.426930844672082,10.0053333672837,1.33233190118657,0.204852521028936,0.484201314669275,-5.13022982578104,"LDAF1",0.285183403628341,0.688558687008772,""
"MIEF1",0.42176491027257,10.2651772602144,1.85997503605199,0.0780648202049388,0.307412852437045,-4.5673778933937,"MIEF1",0.181059077951852,1.10754463619881,""
"PURB",0.419240121442046,12.8415075482077,3.52031199599529,0.00179473694727872,0.0514012661700624,-1.30066602045874,"PURB",0.0302741599270484,2.74599919651022,"+"
"SSPN",0.419029762312206,10.8394407082283,2.04413729787314,0.0572691214506249,0.266798408086954,-4.17512846725876,"SSPN",0.15713810722061,1.24207947922423,""
"DYNLT3",0.418401352911866,10.1765446989966,2.72353793510164,0.0119856664638001,0.124542866722981,-3.03598056954496,"DYNLT3",0.0733528752476648,1.92133781198465,""
"AGBL1",0.417109976971529,9.50332286575116,1.49683650827807,0.154558077022778,0.424812219379305,-5.00324372613336,"AGBL1",0.250204596631979,0.810908294290329,""
"COG2",0.415615674438458,9.6966151875943,2.22470517950444,0.0374946943913411,0.215200009492587,-3.97304755482523,"COG2",0.126747840843567,1.42603018186112,""
"CSPG4",0.41553957138421,11.174474889264,2.82038374195996,0.010414530438174,0.122242685143157,-2.83732125062857,"CSPG4",0.0719981213632285,1.98236030638903,""
"S100A11",0.415461929280074,12.3355838423053,1.96137746067118,0.0623420906008087,0.278980855438619,-4.4569042289818,"S100A11",0.164313287656962,1.20521863803654,""
"TSNAX",0.414413283847034,12.5154385887332,2.71522438380079,0.0124968131892816,0.127369654712108,-3.05009732847957,"TSNAX",0.0750177881581671,1.90320072225303,""
"NUCB2",0.412687474018627,10.3759920712753,1.40058478143236,0.178849072792178,0.456934651629614,-5.1728972875293,"NUCB2",0.269123968150458,0.747513307023452,""
"DES",0.410858822389027,19.3483260094304,3.87563567862205,0.000744017809821781,0.0318039851840236,-0.483666558003195,"DES",0.018731813543134,3.12841666846656,"+"
"SLC2A4",0.410541681588873,12.64029575525,3.46720852265913,0.00204452065315627,0.0552406334965996,-1.42109207839265,"SLC2A4",0.0325354587066876,2.68940849797025,"+"
"ANXA2",0.409934643047977,16.0432218162691,3.18575066406261,0.00404823126087115,0.0767823465638077,-2.04975591577061,"ANXA2",0.0452230307276096,2.39273468578006,"+"
"VWA1",0.40821908801059,10.0727182844434,2.27275785989261,0.0324991396902696,0.202342469723765,-3.92051152582847,"VWA1",0.119175046548154,1.48812813541232,""
"CASQ2",0.406970639228859,17.3000886554836,2.89206890521229,0.00811861192071306,0.107012627567127,-2.6842505738697,"CASQ2",0.0630279688142734,2.09051821789019,""
"GPT2",0.40599530345564,11.2967185431392,2.0963136204408,0.0570705562409694,0.266798408086954,-4.06280874146992,"GPT2",0.15713810722061,1.24358789455799,""
"DYNC1LI2",0.405878979632528,11.3925117549843,3.27239109588034,0.00328536107426921,0.0684712298098079,-1.85812017716316,"DYNC1LI2",0.0403279747001861,2.48341689278755,"+"
"PFN2",0.40580976303016,14.8711974751798,3.08064383640434,0.00520474253128678,0.086136530472188,-2.27967482403719,"PFN2",0.0507324292449999,2.28360074934404,""
"DYNLT1",0.403734912885621,11.1474173334739,2.30553930614734,0.0303004700423517,0.193275158577495,-3.85934355130099,"DYNLT1",0.11383460946938,1.51855063436185,""
"GSTT2",0.403166135465618,10.4879463597689,0.892791735539769,0.381866500605422,0.652090610866946,-5.82266184978054,"GSTT2",0.384066325817683,0.4180884386163,""
"SARNP",0.401110641175826,11.5394895070187,3.16903989452758,0.00453677074349488,0.0813046372192959,-2.10823785541007,"SARNP",0.0478865555926952,2.34325316637003,"+"
"OTUD4",0.398091194742266,9.68632678580764,2.02929826714769,0.0539159452684956,0.260583983844747,-4.35692096338123,"OTUD4",0.153477954711124,1.26828277622296,""
"POLR1B",0.39759591333773,11.3928978630045,2.21551191074719,0.0477937740736508,0.242267909640595,-3.8690944913512,"POLR1B",0.142690209563804,1.32062867371347,""
"LSM14B",0.397046936898439,11.2113038945055,3.29225095670626,0.00325793633304741,0.0684712298098079,-1.82743837606232,"LSM14B",0.0403279747001861,2.48705740697544,"+"
"EGLN1",0.394351764444679,10.545416187773,2.20658198862072,0.0452570894384961,0.236667945579485,-3.90988217367065,"EGLN1",0.13939195992515,1.34431337971063,""
"COPA",0.393830669685912,11.5837836930164,3.50398062616055,0.00186819816060074,0.0524560738427501,-1.33775584686606,"COPA",0.03089541731144,2.7285770598559,"+"
"AUH",0.391675220242769,11.1645397019808,2.74959970157708,0.0112908803641101,0.122968512445785,-2.98225204615999,"AUH",0.0724256168993595,1.94727219426909,""
"ME2",0.391129396217847,12.68210368596,3.7415916905443,0.00103876924945818,0.0403048927947239,-0.793890413858488,"ME2",0.0237386520066055,2.98348091521167,"+"
"FNTB",0.389632229694495,10.4910365259205,2.08970629836082,0.0476662353945806,0.242267909640595,-4.25169933851709,"FNTB",0.142690209563804,1.32178914662386,""
"HSPB3",0.388986874496466,14.9188441950426,3.57999094213874,0.00154954471268802,0.0486097077896297,-1.16473973026238,"HSPB3",0.0286299964433065,2.80979588751536,"+"
"MRPL4",0.388791487224918,11.4484043875075,1.94970701725634,0.0665584418723354,0.286651695522359,-4.40773453993665,"MRPL4",0.168831235497033,1.17679685339653,""
"MAPT",0.38721194334582,13.4663359956723,3.16944073566668,0.0042098367461557,0.0785499366657705,-2.08562375675487,"MAPT",0.0462641005186774,2.37573474540386,"+"
"GSTK1",0.387146259186089,14.7516044867451,3.07390360686654,0.00528886868417678,0.0865561137798988,-2.29431689331976,"GSTK1",0.0509795541332922,2.27663721582189,""
"REEP5",0.385538946025767,13.3957306734765,3.24808897288612,0.00348402410417938,0.0702693312279559,-1.91205505225749,"REEP5",0.0413870149525791,2.45791884899277,"+"
"AKT2",0.383614053493664,11.0990682567862,2.63811699873138,0.0148635385118001,0.135070752285504,-3.20555264530479,"AKT2",0.0795535569615938,1.82787778726392,""
"NUDT16",0.383297565519502,11.2257600753868,2.59141556525574,0.018729775283088,0.151531289295943,-3.27297455590017,"NUDT16",0.0892484335097783,1.72746743319072,""
"PPP6C",0.383138925286437,9.48103314136487,2.37189015789304,0.0281396845989717,0.187001988322358,-3.69005071454991,"PPP6C",0.110139856913572,1.55068077462316,""
"PSMB8",0.381369296555274,10.2315565479331,1.46346376230041,0.160151137103633,0.431489046721359,-5.10885850455325,"PSMB8",0.254137093899456,0.79546997341552,""
"UBE2V1",0.380051638044808,8.88618535125172,2.21011679516099,0.0503905176370359,0.250552851584151,-3.82981132131243,"UBE2V1",0.147569849231739,1.29765118032743,""
"SMTN",0.380014079487008,16.3437641900659,1.97673390142476,0.0599358662292194,0.272903530811581,-4.4467443763424,"SMTN",0.160733883657869,1.22231321360506,""
"DNAH7",0.37788666585034,16.4168244798304,1.85354309298095,0.0769804745336468,0.307412852437045,-4.63377439261543,"DNAH7",0.181059077951852,1.1136194160953,""
"ATP6V1D",0.376561684446898,9.73036052287993,1.63300803980428,0.124030331705199,0.380731907828177,-4.6475710109674,"ATP6V1D",0.224242310078224,0.906472094826933,""
"PRRC1",0.375183822784448,10.8903120237747,2.58680045329163,0.0231898820677018,0.17309959694068,-3.2853116007031,"PRRC1",0.101951669123318,1.63470145996385,""
"VIM",0.373061703816088,17.0334144312346,2.60622647723368,0.0156419415906035,0.139023004090113,-3.27459698333535,"VIM",0.0818813420945282,1.80570934016686,""
"PDCL3",0.372683615221787,10.8087980770277,2.26155845596583,0.033283014788302,0.204994740545585,-3.94128389100808,"PDCL3",0.12073717287329,1.47777734203807,""
"PPM1F",0.369648593707524,10.2820670978767,1.76343212049208,0.102293193872796,0.345888674441191,-4.52266728381843,"PPM1F",0.203720449460179,0.990153261320297,""
"MT-ND3",0.369610147690368,9.74858175539805,1.01490450192102,0.33826128929581,0.615489410764422,-5.23727530484622,"MT-ND3",0.362509063361158,0.470747700134453,""
"ATP5ME",0.369459577034812,16.1024727644712,1.68575232631335,0.10509444396756,0.352861063919218,-4.91266028232143,"ATP5ME",0.207827026007011,0.978420243229718,""
"ITPA",0.368569887929906,11.9204156186011,2.09067554894005,0.04807307804398,0.243253172293213,-4.23577909555008,"ITPA",0.143270506535805,1.31809806978484,""
"ABHD5",0.367130373010626,10.7128968203889,1.72126333868974,0.0995826095068288,0.340698751482861,-4.82404508143688,"ABHD5",0.200663704571255,1.00181649746639,""
"COL3A1",0.365868587287354,11.2919103367415,0.790028766993301,0.439536525303451,0.698575254422354,-5.83279485208108,"COL3A1",0.411444708453088,0.357005029398795,""
"TXN",0.36457356442823,16.413827843728,3.0109525701529,0.00614023050106497,0.0921332671254555,-2.43044156839246,"TXN",0.0542643687867373,2.21181532536346,""
"CLPB",0.362988559926094,12.417408666674,2.46136613020019,0.0215966904927526,0.165382143238619,-3.56142427863519,"CLPB",0.0974062669374492,1.66561279564799,""
"SMPX",0.362947408428209,16.5666357787831,1.57153225721677,0.130034780802376,0.388989585902138,-5.06084258091478,"SMPX",0.229105891955956,0.885940470075758,""
"PAFAH1B2",0.362602173075977,14.2678076690362,3.53587858830128,0.00172734791185023,0.0510135306213762,-1.26526951463661,"PAFAH1B2",0.0300457926340815,2.76262018068426,"+"
"METAP1",0.362199400227189,11.3004621279559,3.34221434529152,0.00289099094144032,0.0661670039642721,-1.71761358826263,"METAP1",0.0389708388365482,2.53895326913482,"+"
"SYNJ2BP",0.361950634308945,13.213358179452,2.6021492462317,0.0157861255377564,0.139023004090113,-3.28279166585665,"SYNJ2BP",0.0818813420945282,1.80172444782876,""
"EML2",0.360933331792614,11.4875807192591,2.57536656337955,0.017094277359461,0.144181063501097,-3.33039091103756,"EML2",0.0849193200891698,1.76714925376952,""
"TIMM44",0.358822548388728,13.4031453588122,2.64261347788775,0.0144087094559665,0.133446314114663,-3.20116503317744,"TIMM44",0.0785968003553856,1.84137491587246,""
"BRAWNIN",0.35683741855974,11.5935446138093,2.80094057181774,0.0112226611929924,0.122968512445785,-2.87722431630612,"BRAWNIN",0.0724256168993595,1.94990414803597,""
"HPRT1",0.356823834990601,12.4598248235566,3.98908184589592,0.000560316296204066,0.0263073093824335,-0.219625817270594,"HPRT1",0.015494398306437,3.25156674635524,"+"
"FBL",0.356449659553881,11.4431234393828,2.75598380582674,0.0116898005860511,0.124157601236393,-2.96360105668823,"FBL",0.0731259627642884,1.93219289731689,""
"MICU2",0.356216294259578,10.1219588912534,1.70527915736861,0.108135093442112,0.359696756815573,-4.71767890409295,"MICU2",0.211853091420882,0.96603334013638,""
"VPS37C",0.355076702116401,10.6906028551447,2.5367054963192,0.0204000613267081,0.160952549971604,-3.38227576912035,"VPS37C",0.0947973386956095,1.69036852699514,""
"CLPP",0.354535140470706,12.1104699185335,4.50677139022259,0.000152518866116959,0.0125613650697475,0.995512199995334,"CLPP",0.00739835423052411,3.8166764320961,"+"
"RPS28",0.353915617293953,14.2025973344149,2.42555648530874,0.0233630561356434,0.173796864344111,-3.63090056748333,"RPS28",0.102362343537709,1.63147034751717,""
"ETF1",0.353030150051676,10.0023202752617,1.85349503941599,0.0818114134366144,0.309931068892148,-4.50224598746639,"ETF1",0.182542249347679,1.08718610406992,""
"HDDC2",0.351477013790005,12.3723653346598,2.11594632088049,0.0451594282555144,0.236667945579485,-4.20534512324946,"HDDC2",0.13939195992515,1.34525156513164,""
"CLIC4",0.349869192748519,10.6720098368714,2.11393658502116,0.0453471588975258,0.236667945579485,-4.20890908050378,"CLIC4",0.13939195992515,1.34344991728699,""
"PSME1",0.347734520001731,14.8066072910085,3.64281949084011,0.00132687553967426,0.0457851993449047,-1.02101459291966,"PSME1",0.0269664261318673,2.8771698118512,"+"
"SYNPO2",0.347147051555119,16.6600049392626,4.42528274254447,0.000187257022066199,0.0130130472111249,0.803630220481842,"SYNPO2",0.00766438459131345,3.72756188744734,"+"
"PFN1",0.346746302068926,15.7646899130506,3.00280941924165,0.00625951699121351,0.0921332671254555,-2.44796563405845,"PFN1",0.0542643687867373,2.20345917735566,""
"NBAS",0.345669696753028,11.4049962281871,1.76486448139012,0.097314505593857,0.337419786950129,-4.62111533929016,"NBAS",0.198732470108458,1.0118224194456,""
"FUCA1",0.345115089857135,11.1072862539104,2.41849660229044,0.0255272761618691,0.181076297892285,-3.60447211200564,"FUCA1",0.106649761958232,1.59299552326781,""
"ACTR1B",0.344040051470953,11.1106403775492,1.87682933133878,0.0735873296186456,0.302807632223852,-4.59618385240876,"ACTR1B",0.178346709490496,1.13319695672783,""
"HOMER2",0.343838966980908,11.9289308842282,2.59098606646933,0.016868323497756,0.143782376480873,-3.29572903952681,"HOMER2",0.0846845026321214,1.77292807875374,""
"FTL",0.342637308431065,12.5115593171606,1.55775194804037,0.132675080449594,0.393375801905362,-5.09950428068445,"FTL",0.231689271990153,0.877210640357297,""
"NUBP1",0.34041680961551,9.68739606373552,1.74471766334569,0.100862013285567,0.342261618542492,-4.65186454228602,"NUBP1",0.201584197213429,0.996272367228981,""
"CAPNS1",0.339641936577074,13.1184721435236,3.26766076625175,0.00332314977079724,0.0684712298098079,-1.8686292557981,"CAPNS1",0.0403279747001861,2.47845008509354,"+"
"LGALS3BP",0.33860546030585,11.5782281795231,1.07842691965635,0.296384407616999,0.580605296453547,-5.51488282606137,"LGALS3BP",0.341963124822081,0.528144647737306,""
"MRPS30",0.338068287925926,11.0949809356068,1.93258100341525,0.0659894732391688,0.284629294212318,-4.50482725301796,"MRPS30",0.167640087783001,1.18052533837883,""
"MYO1B",0.338012920602138,9.13027367668333,1.6568361909372,0.117689123841991,0.373700838362009,-4.78633267956456,"MYO1B",0.220101172372147,0.929263670322735,""
"CLIC1",0.337523034824059,11.2651405093401,2.30602133769359,0.0302691790949431,0.193275158577495,-3.85844008135116,"CLIC1",0.11383460946938,1.51899935702065,""
"TM9SF3",0.337454098517005,9.76555270712937,1.27182795346553,0.237240061927213,0.520762205396374,-4.98718023184061,"TM9SF3",0.306716924792694,0.624811971273994,""
"MUSTN1",0.337031703914983,15.0273628495539,1.44133789308602,0.162699294983069,0.435894088710487,-5.25905682383721,"MUSTN1",0.256731562005028,0.78861432896619,""
"MYH10",0.336752239145582,10.9396164629404,3.5568635259788,0.00164040574169903,0.0494539162550109,-1.21748654059364,"MYH10",0.0291272157531998,2.78504871927736,"+"
"FBXO40",0.336052886849576,9.45929632900591,1.227635744053,0.236840629974308,0.520762205396374,-5.35792067732211,"FBXO40",0.306716924792694,0.625543792405095,""
"SCLY",0.334776159968595,9.51354778981497,1.27618398944246,0.227125143815842,0.510185421089075,-5.11438722880638,"SCLY",0.300487442846205,0.643734784688173,""
"RTN3",0.33261370902782,12.2615440055581,2.72653813295825,0.0119036756150459,0.124423821027341,-3.02980830456192,"RTN3",0.073282760079363,1.92431891651889,""
"SIL1",0.331670287464647,9.38220513034342,1.58421862298076,0.130115929921176,0.388989585902138,-4.95851652684459,"SIL1",0.229105891955956,0.885669530084464,""
"GGCT",0.330193176470592,13.93693390853,2.37070084049024,0.026329058907599,0.182582142158265,-3.73617294260791,"GGCT",0.107536669490484,1.57956466381611,""
"ADIRF",0.329157674180326,9.58639423632511,1.27632138801434,0.217657448868282,0.497213673979198,-5.35495307032877,"ADIRF",0.292847383061717,0.662226465437274,""
"ISOC2",0.329010696185497,13.7012686593949,2.93880603736204,0.00748904014794505,0.102858966158004,-2.58769479195111,"ISOC2",0.0605815580708779,2.12557384120089,""
"NAMPT",0.328378915658158,13.8817437289223,3.73230836686728,0.00106299183077259,0.0405921147111026,-0.815294100025811,"NAMPT",0.0239078190890317,2.97347007307221,"+"
"TAGLN2",0.328326382669687,13.4710248435733,4.0247227990439,0.000512469206065496,0.0253053759684755,-0.136436826139994,"TAGLN2",0.0149042826406077,3.29033222595539,"+"
"IL18",0.327184876731765,12.6217579928967,1.8129769050252,0.0845270130048255,0.315176400203464,-4.66364362812503,"IL18",0.185631628478219,1.07300447774672,""
"MRPS14",0.327118116453777,10.0089525900231,0.781905228253233,0.455569094189794,0.712546933559943,-5.34654370151223,"MRPS14",0.419673705133078,0.341445746133988,""
"SHMT2",0.325931949798095,11.9946559726319,2.8199464665983,0.00960065691533367,0.116509666972524,-2.83599201525713,"SHMT2",0.0686215059236751,2.01769904977879,""
"SMS",0.325055305096111,12.3483385067282,3.16806940068613,0.00422370469501699,0.0785499366657705,-2.08863641979125,"SMS",0.0462641005186774,2.37430645359163,"+"
"ARHGEF6",0.323783618566669,9.86204862714956,1.13864245932579,0.270225785333629,0.555851377887576,-5.47936102032512,"ARHGEF6",0.327383637869212,0.568273212331726,""
"ACTR3",0.323251361010835,11.3920292783334,3.68978337360121,0.00118124088906259,0.0433727423881442,-0.913192460366175,"ACTR3",0.0255455446406517,2.92766152819282,"+"
"NPEPL1",0.322110794079203,14.6557844144959,4.4785671466976,0.000163744917371647,0.0125613650697475,0.929091172183633,"NPEPL1",0.00739835423052411,3.78583217159087,"+"
"TIMM8B",0.320817269167755,11.7142646928319,1.91547647995459,0.0695065971661462,0.294042679887508,-4.49060672003648,"TIMM8B",0.173184354775234,1.15797397272098,""
"MARCKS",0.320627641716833,10.1699946474595,1.6887272601159,0.112696108581715,0.365528488083842,-4.69072546214375,"MARCKS",0.215287846597593,0.948091079966901,""
"DTYMK",0.320406509703481,11.3287563134517,2.50195758519674,0.0214058455038068,0.164801993341136,-3.45609997446568,"DTYMK",0.0970645720321149,1.66946761340848,""
"RUSF1",0.319618758166067,11.4227267981228,1.35952942926189,0.18951685437025,0.467124930598184,-5.27644346164682,"RUSF1",0.275125807369263,0.722352160711738,""
"BORCS7",0.319201054126312,11.1169283840948,2.75027085258328,0.0129523457509146,0.127655321968478,-2.97908554720144,"BORCS7",0.0751860395817145,1.88765157100961,""
"MRPS7",0.31908595830585,11.6571773981385,3.48537004720676,0.0021533478118431,0.0565797076432903,-1.42128737445326,"MRPS7",0.0333241424861293,2.66688581663986,"+"
"PDPR",0.3186191149465,12.9959340268758,1.36071925428025,0.187095510193596,0.46594916625605,-5.34329583146306,"PDPR",0.274433309297085,0.727936634314754,""
"CYB5R1",0.318113578547303,14.9870970004952,3.94985146744291,0.000618106274469976,0.0280993074616192,-0.311068579277503,"CYB5R1",0.0165498438329877,3.20893684781109,"+"
"ECH1",0.318017876928783,15.6841388407072,2.48180977372581,0.020644574533355,0.161106434505528,-3.52149951886593,"ECH1",0.094887973135915,1.6851940631269,""
"TBCE",0.316902603855061,11.7997082767367,1.7527614784884,0.0926978816283538,0.328570210459297,-4.81028370284613,"TBCE",0.193520273718515,1.03293019042539,""
"LMCD1",0.316521579126313,16.2218765050598,2.8646104501232,0.00865519023618885,0.110662789448415,-2.74222868094067,"LMCD1",0.0651778299517037,2.06272338213647,""
"ACSM5",0.31646251042241,11.43615581848,1.44938109634007,0.161044973142302,0.432676175496767,-5.22856358288727,"ACSM5",0.254836285360651,0.79305282670043,""
"HLA-DPA1",0.316367000503909,9.82800237159911,1.46828971539074,0.168906664750976,0.445440780706073,-4.8902667788688,"HLA-DPA1",0.262354343344546,0.772353213617468,""
"RAB4A",0.316131234085802,11.1580301800078,2.26035019413816,0.0354307857033273,0.20879376595541,-3.89367108673498,"RAB4A",0.12297471119469,1.45061921676544,""
"NEU3",0.315210090789449,10.7138578823461,2.63576582449508,0.0149419415951486,0.135070752285504,-3.2102577746942,"NEU3",0.0795535569615938,1.82559296548773,""
"RHOC",0.314905544642839,11.3783912082466,2.318686707034,0.0298807963562989,0.191451008421566,-3.8238040118079,"RHOC",0.112760227111389,1.52460783227372,""
"MRPL38",0.313894072692312,12.226392024669,1.38881747806433,0.177927509121127,0.456934651629614,-5.32767343818876,"MRPL38",0.269123968150458,0.749756901067841,""
"FAM114A1",0.313779377115978,8.75753018153855,1.22746422708618,0.236903370566516,0.520762205396374,-5.35811392468268,"FAM114A1",0.306716924792694,0.625428760264886,""
"MVP",0.313236857580607,9.83756576350674,2.50187751071006,0.027167293292046,0.185255066639095,-3.42349753455971,"MVP",0.10911096034429,1.56595362867395,""
"EIF2S2",0.313118263750354,11.4783449798941,3.35022412294088,0.00272026764377169,0.0645762196601702,-1.6844776475849,"EIF2S2",0.0380339035814422,2.56538836416624,"+"
"SPRYD4",0.312660323819827,10.843017024362,1.83728624640844,0.079429298464879,0.307412852437045,-4.65981618069388,"SPRYD4",0.181059077951852,1.10001927320759,""
"SMTNL1",0.310076084268159,15.0609438243174,1.04421727432337,0.307021237476067,0.591609667326721,-5.72269421356407,"SMTNL1",0.348444445391282,0.512831582178652,""
"CAPN2",0.30994887639676,14.3658138329507,4.03355877201497,0.000501247485030399,0.0253053759684755,-0.115797238458713,"CAPN2",0.0149042826406077,3.2999477934045,"+"
"ABCB10",0.309781285264954,10.855658817576,1.68612905977121,0.106953904171617,0.357428216508179,-4.85345671585027,"ABCB10",0.21051697351593,0.970803357616602,""
"AFG1L",0.309762675945468,10.3289948962488,0.743734046361859,0.475084051325047,0.725252630657195,-5.38480354525225,"AFG1L",0.427157067598007,0.323229548696318,""
"SDHC",0.309405394813133,12.4023015106513,1.74950107589031,0.093270803457894,0.328570210459297,-4.81533548481907,"SDHC",0.193520273718515,1.03025428210037,""
"ACY1",0.308982979822527,14.1675914459229,3.63423299883424,0.00135534528439573,0.0462108201727305,-1.04069284130062,"ACY1",0.0272171069802194,2.86795005091132,"+"
"EPHX1",0.308838939779795,15.2255285208929,1.62805514685526,0.116864342803826,0.372301977519641,-4.99832351755709,"EPHX1",0.219277275608254,0.932317978878967,""
"CST3",0.308014803465259,12.8937453485004,1.52286123138427,0.141154395466051,0.405076341297364,-5.14838462936318,"CST3",0.238580619756067,0.850305593628082,""
"IDH3A",0.30719693373284,15.2103026997043,2.80690755549656,0.00989464949187108,0.118570193074137,-2.86323467775987,"IDH3A",0.0698351082603901,2.0045995856357,""
"VCL",0.307154236154068,14.1831895368582,3.37363004076178,0.0025696467160043,0.0639953756055331,-1.6320021326968,"VCL",0.0376917998335582,2.5901265808852,"+"
"SNX21",0.307146486325324,9.95050621469826,1.10987319496638,0.297565681446186,0.581725673489336,-5.07228523295324,"SNX21",0.342623001048628,0.526417157864004,""
"NARS2",0.30617670490934,11.2018202800164,1.95649562851127,0.0675816158047313,0.290185528732759,-4.35972696939209,"NARS2",0.170912581731058,1.17017142891671,""
"GORASP2",0.305726521119031,12.5181671534166,1.86196852105512,0.0757373564126662,0.305817935151689,-4.62021243140621,"GORASP2",0.180119708466137,1.12068985785565,""
"STRIP2",0.305446763294118,10.7491864020022,1.68200417285679,0.106414999398881,0.356196277057776,-4.89994395311795,"STRIP2",0.209791389600963,0.972997153083708,""
"ANXA1",0.305437934417647,13.2053999988181,2.10419389061822,0.0462671888526325,0.237898076972962,-4.22615420357592,"ANXA1",0.1401164789363,1.33472688698979,""
"KIAA1217",0.304575302838533,12.2339127215788,1.96837277653167,0.061483378178453,0.276433901260737,-4.44518815295474,"KIAA1217",0.162813190405409,1.21124227838838,""
"GLUD1",0.304238288000374,12.937302298783,3.53199609707397,0.0017439202294918,0.0510135306213762,-1.27410175255146,"GLUD1",0.0300457926340815,2.75847338447447,"+"
"DCAF11",0.302910295980498,11.4416242556539,2.06246065115161,0.0509105083482064,0.251392579153902,-4.28484216327074,"DCAF11",0.148064429397482,1.29319256645277,""
"TUBB",0.302707025100187,15.5927949416705,3.67101888047275,0.00130570938522305,0.0456042887716929,-0.983869515933531,"TUBB",0.0268598739779225,2.88415347423908,"+"
"COL1A1",0.299748749283912,11.9070266101062,0.696729140204981,0.492815794239612,0.737012758111263,-6.01650893590457,"COL1A1",0.434083511357758,0.307315381928878,""
"TRIM55",0.297777107537975,11.9249648129608,2.19936047937443,0.0379580347752315,0.215698038881474,-4.05546390234956,"TRIM55",0.127041168663891,1.42069628065903,""
"GOT2",0.296874975960584,17.4083444196368,1.65383904321581,0.111474658688164,0.363717637646003,-4.96033056151307,"GOT2",0.214221297466726,0.952823848694202,""
"PTCD3",0.296502182969954,12.6302464244359,2.23002282771775,0.0355836241661899,0.208923432232448,-3.99942820253966,"PTCD3",0.123051081640414,1.44874982142292,""
"AP1M1",0.296137306759169,10.4683580082732,2.02770213328546,0.0551810739280269,0.265165429076962,-4.3311737492235,"AP1M1",0.156176320257183,1.25820985158287,""
"ARIH2",0.293670673301946,12.2218265657011,2.57304216989927,0.0168521369888061,0.143782376480873,-3.34109352997441,"ARIH2",0.0846845026321214,1.77334501920809,""
"EEF1B2",0.292707826700632,14.7114124695335,3.00392520835835,0.00624304189705644,0.0921332671254555,-2.44556562485298,"EEF1B2",0.0542643687867373,2.2046037505085,""
"AASDHPPT",0.292455561260057,12.1277116712309,2.85538579950314,0.00884290257813278,0.111185078047503,-2.76164979258336,"AASDHPPT",0.0654854458871664,2.05340515956164,""
"CD36",0.290918895609035,15.1010296441761,2.72716489807108,0.0118866140246184,0.124423821027341,-3.02851844339444,"CD36",0.073282760079363,1.92494183922876,""
"BLMH",0.29086899234645,15.6271911691523,2.23894074700863,0.0349188059402857,0.207484357288337,-3.98303795765725,"BLMH",0.122203499698349,1.45694061555098,""
"AGPS",0.29072956987803,10.5572459621607,1.37860252151442,0.183652165873874,0.464447390981004,-5.25559560616321,"AGPS",0.27354879830662,0.736003945502596,""
"STAT1",0.289439363388535,11.7274405840001,2.18915986643655,0.03924836223286,0.218266620261963,-4.0611313163604,"STAT1",0.128554003838832,1.40617846090781,""
"TOMM40",0.288246894071932,11.3250072591774,1.98341269547699,0.0596724676423452,0.272320458018792,-4.41990091900208,"TOMM40",0.160390467234632,1.22422600235542,""
"NASP",0.287710062664191,9.26175759199313,1.83372829211065,0.0794066917258128,0.307412852437045,-4.6825683095701,"NASP",0.181059077951852,1.10014289735707,""
"DPP3",0.287518783278058,12.702597892801,3.09557115196246,0.00502298604031785,0.0836972683687189,-2.24720261420509,"DPP3",0.049295760140778,2.29903802881265,"+"
"SYNPO2L",0.28746236401839,13.8711343108187,2.29719353725282,0.0308469430564205,0.195454966622983,-3.87496756313375,"SYNPO2L",0.115118466119157,1.51078786824369,""
"NUDT19",0.286972581879009,12.4050101248896,2.62128503204085,0.015120040409981,0.135748575969234,-3.24427251008621,"NUDT19",0.0799527794736554,1.8204470481332,""
"RPL12",0.286629476906915,12.935105048018,1.5623964049489,0.13216945791639,0.392917160382055,-5.07376319010006,"RPL12",0.231419142713963,0.878868891225798,""
"UFC1",0.286206831330965,11.3881436383117,1.47986571148488,0.158984187090253,0.430369292841668,-4.93537716075677,"UFC1",0.253477584697474,0.798646069396283,""
"GCC2",0.286086429794757,15.7077009553966,1.73850068525021,0.0958082211788891,0.333813558949317,-4.81441757368389,"GCC2",0.196608485013056,1.01859722307766,""
"TYMP",0.28548862209928,10.7585813346167,1.88072495553057,0.0730326077282012,0.302459514037402,-4.58986229961827,"TYMP",0.178141675909898,1.13648319200885,""
"NDUFA4",0.285049540247588,15.9955682171697,1.51152068147711,0.144004167306278,0.407393843037103,-5.16407856797066,"NDUFA4",0.23994557481511,0.841624939766322,""
"CTSA",0.283930123112661,11.5144196727971,1.06972805009625,0.295620165197784,0.579945282784991,-5.69686772971066,"CTSA",0.341574391998072,0.529265944649931,""
"ERO1A",0.282896068273388,12.5713983473651,3.36276002671671,0.00275205921420764,0.0645762196601702,-1.67230748179042,"ERO1A",0.0380339035814422,2.56034222591365,"+"
"EIPR1",0.282553132513536,10.0994929988387,1.02654006561602,0.324137756463183,0.60685926496567,-5.42579272477367,"EIPR1",0.357426106586499,0.489270378197748,""
"DBN1",0.282389602198172,11.0486124185085,0.755682524343866,0.470330085145317,0.724207184868918,-5.12785482950953,"DBN1",0.426541324147551,0.327597240274321,""
"VPS25",0.282381910254323,13.1289503816523,2.22947105896495,0.0360803187138949,0.210028521944299,-3.98817343002569,"VPS25",0.123701953985846,1.44272963479211,""
"ECI2",0.281937400368681,14.2376956501506,3.01290373038624,0.00611197365513002,0.0921332671254555,-2.42623974012461,"ECI2",0.0542643687867373,2.21381852639839,""
"TSTD1",0.28132253118733,11.4479657160481,2.80858202152296,0.00985642265246887,0.118570193074137,-2.85973949301271,"TSTD1",0.0698351082603901,2.00628068183352,""
"MSN",0.280654771523324,16.6408247898243,4.12654658035245,0.000396965972327627,0.0225227319978343,0.101750507421355,"MSN",0.0132653695385741,3.40124671909005,"+"
"UBAP2",0.280616797436656,13.426041448014,2.63794985169487,0.0145615120459506,0.133667213139751,-3.21060640061365,"UBAP2",0.0787269047849369,1.83679352618249,""
"NT5C1A",0.280511709109582,14.931428764971,2.36525272440595,0.0266418129901819,0.183418635586252,-3.74655034762603,"NT5C1A",0.108029344821341,1.57443622451523,""
"PTER",0.280450271104838,10.3807132283135,1.12312091154035,0.279674869916585,0.564409846818116,-5.40708549885188,"PTER",0.332424378622107,0.55334655524761,""
"MT-CO1",0.280125516027272,15.0411647581848,1.10842478631361,0.278907995247556,0.563720888065632,-5.65661957399208,"MT-CO1",0.33201859781144,0.554539035959386,""
"MRPL40",0.277264467530561,11.1480318473448,1.77423480888231,0.105060425274995,0.352861063919218,-4.47393402095654,"MRPL40",0.207827026007011,0.978560845545001,""
"TAF15",0.277042291867003,13.4295896579304,1.97859709692125,0.0597127261298188,0.272320458018792,-4.44358865658871,"TAF15",0.160390467234632,1.22393310104882,""
"NAP1L1",0.274507580090702,13.8481198778793,2.3129472117559,0.0298228387012678,0.191451008421566,-3.84544614666639,"NAP1L1",0.112760227111389,1.52545102038602,""
"VPS45",0.274255289293073,10.8116999030483,2.08325728584984,0.04935681861912,0.24756204645387,-4.23595309893424,"VPS45",0.145808334009036,1.30665284129022,""
"IGFN1",0.27420333903833,12.9236945293113,0.728167356025992,0.474759008176293,0.725252630657195,-5.91709963068588,"IGFN1",0.427157067598007,0.323526786118822,""
"MRPL3",0.273945259606416,10.2989625226516,1.83589066159546,0.0802626368120518,0.308044654520835,-4.64639150357253,"MRPL3",0.181431194803286,1.09548657679613,""
"ARPC4",0.273395432031865,13.7060864891107,1.83483272780371,0.0804249045921729,0.308044654520835,-4.64352979314974,"ARPC4",0.181431194803286,1.09460944562795,""
"COX7A1",0.272651131716049,16.8651940038625,1.19158677609812,0.245857264394381,0.528233462284702,-5.54500750911078,"COX7A1",0.311117322735129,0.609316954997229,""
"PGPEP1",0.272464427605248,10.3016707225158,1.55212450160794,0.135956490943948,0.397731756959618,-5.03849251779156,"PGPEP1",0.23425482902354,0.866600053145663,""
"TNKS1BP1",0.270530562194601,9.95137565740658,1.13839872763999,0.274796064050574,0.559357446653052,-5.22396813510109,"TNKS1BP1",0.329448631485713,0.560989492039556,""
"ATP2B1",0.270264901838964,11.6928126722862,2.53755510459619,0.0182427309287355,0.148178307130087,-3.41169363491302,"ATP2B1",0.0872736043686858,1.73891014744938,""
"PPP1R7",0.270042856483627,12.5764216272392,4.21793768082501,0.000315526018837565,0.0192269471904422,0.316081591100829,"PPP1R7",0.0113242283220522,3.50096482224658,"+"
"PTGES3L",0.26988963586677,10.9946120199216,1.87321584193409,0.0747171644249699,0.305263850090034,-4.58676450820698,"PTGES3L",0.179793365147779,1.12657961828166,""
"ANK2",0.26987337275416,12.0390497142098,2.60339976918763,0.0157417713161829,0.139023004090113,-3.28027900853355,"ANK2",0.0818813420945282,1.80294640097557,""
"PRMT7",0.268877052429112,10.6422178594596,1.429290917913,0.167310068526059,0.443681515054291,-5.23164367362273,"PRMT7",0.261318176462586,0.776477922912479,""
"EHBP1L1",0.267957622048373,12.1264139279774,2.41652063331716,0.0238293867852318,0.175380559529406,-3.64833826832524,"EHBP1L1",0.103295103465386,1.62288713344946,""
"NIPSNAP3A",0.26783728762209,11.6816770252564,1.87870917655944,0.0733191893170238,0.302459514037402,-4.59313454097254,"NIPSNAP3A",0.178141675909898,1.13478234563412,""
"YBX3",0.267202500459891,13.8877223217612,2.68347075936931,0.0131329431505716,0.127999393350354,-3.1180831949911,"YBX3",0.0753886896877797,1.88163793569137,""
"GATC",0.266568013431156,10.7180807872881,1.71283409401746,0.100509655327169,0.341975729074283,-4.8535385805638,"GATC",0.201415814912235,0.997792216314198,""
"CDK5",0.264154921208458,12.0738568961463,2.44311492042146,0.0224809063206822,0.170137743979548,-3.59690779364182,"CDK5",0.100207206060305,1.64818618411113,""
"RPL27A",0.263932905391163,13.7848363205525,1.95341764196485,0.0627911125673513,0.279580751559008,-4.48605811709861,"RPL27A",0.164666612632035,1.20210182180579,""
"DIAPH1",0.263665991664189,11.1726496336318,1.72862276311454,0.0975948862482643,0.337574582385301,-4.82952554850298,"DIAPH1",0.198823641048583,1.01057293778765,""
"GATD3B",0.262930066187819,15.651492012971,2.25436400860951,0.0337956165579863,0.206455825968178,-3.95459404325262,"GATD3B",0.121597718479391,1.47113962599845,""
"ENAH",0.262243331934402,12.7804044623413,1.76264675286247,0.0936510264822689,0.329100048889838,-4.71797704229475,"ENAH",0.193832336330526,1.02848745808434,""
"ARHGAP1",0.262161372360364,12.6793897430646,3.01239795564228,0.00611928633715044,0.0921332671254555,-2.4273290357123,"ARHGAP1",0.0542643687867373,2.21329922457179,""
"THNSL1",0.26190331654764,12.0181591836396,2.19568762876735,0.0382518712445084,0.215751325616212,-4.06214267661998,"THNSL1",0.127072553321306,1.4173473147251,""
"USP5",0.261438707712397,13.3649864932881,4.72085196124247,8.89816637800281e-05,0.0103825896402895,1.49962961600508,"USP5",0.00611510576776629,4.05069947806954,"+"
"RBMX",0.260894682563215,10.8881275302898,1.79414913999226,0.0856829522615107,0.315618773843517,-4.74553935966036,"RBMX",0.185892176346479,1.06710557802127,""
"AK3",0.259088402278019,14.4967792250112,1.3860550194672,0.178758792291479,0.456934651629614,-5.33122332648118,"AK3",0.269123968150458,0.747732588129591,""
"CAMK2A",0.258879756168383,15.3812475132962,2.24291820506561,0.0346259479321398,0.207465930706378,-3.97571443607888,"CAMK2A",0.122192646866683,1.46059832836613,""
"HSD17B10",0.258761225444431,12.5765297939352,2.79492675134448,0.0101722901395137,0.120112437739939,-2.88821384616268,"HSD17B10",0.0707434547883658,1.99258126113959,""
"MYOT",0.258307446764007,17.5058935599841,3.85114080839975,0.000790895313582758,0.0333106496779561,-0.540509606753448,"MYOT",0.0196192041707268,3.10188099784513,"+"
"CDV3",0.257636975827326,10.9230482893352,1.46030980932955,0.15804648818569,0.429047528117362,-5.21400734991785,"CDV3",0.252699095768481,0.801215149799224,""
"EEF1A2",0.256607014897796,18.0955722053423,3.04610057942512,0.00564989566130141,0.0913975040558534,-2.35457884729529,"EEF1A2",0.0538310213130807,2.24795957238224,""
"CTNNA1",0.256318766555111,10.1548704355231,0.776417982067181,0.44733141294321,0.705163659609213,-5.79918768260565,"CTNNA1",0.415325127111088,0.349370603305372,""
"CALR",0.254583489413955,14.866188398931,3.11795993547345,0.00476177670813011,0.0817422618699046,-2.1983843676674,"CALR",0.0481443064157336,2.32223097363097,"+"
"UAP1L1",0.254553431778984,10.7740883698457,0.870741885989822,0.407894089853822,0.671586287353458,-5.36054622019283,"UAP1L1",0.395548829495431,0.389452587309696,""
"BCKDK",0.254448094758613,12.2884427092823,1.91172775489204,0.0681955735380294,0.291946371618709,-4.5555237696154,"BCKDK",0.171949677567555,1.16624381376576,""
"PNP",0.254344794614076,13.6121950633688,1.32471926065648,0.198018622292396,0.473788917498264,-5.4084970907073,"PNP",0.279050741912652,0.703293965402477,""
"SHOC2",0.253889164328237,10.6496045734452,1.34069879896231,0.193415758980956,0.468956919188374,-5.36836272099754,"SHOC2",0.276204806384199,0.713508143698492,""
"ATPAF2",0.252936647908042,11.2695780094478,1.31788902080922,0.202099620654226,0.480741954778823,-5.3514424810002,"ATPAF2",0.283145920461638,0.694434501664959,""
"CRYAB",0.252129966460579,19.3172488301094,2.69794231197182,0.0127071294520181,0.127655321968478,-3.08849988300466,"CRYAB",0.0751860395817145,1.8959525457441,""
"PPFIA4",0.251743745776444,13.7543388688781,0.971113067266823,0.341830010609827,0.61883764246937,-5.77226495752829,"PPFIA4",0.36448109459037,0.466189811509662,""
"CAPRIN1",0.251741909939364,15.2082081635018,1.9686760864344,0.0609093828690453,0.274715704782592,-4.46036792570509,"CAPRIN1",0.161801212319239,1.21531580072721,""
"LACTB2",0.251676286963908,12.2982481877351,2.93414273913437,0.00735746332413375,0.102858966158004,-2.59493345277447,"LACTB2",0.0605815580708779,2.1332718941167,""
"RALA",0.25156714089937,13.47253160173,1.6467414905817,0.112937050518654,0.365694660696118,-4.9708356736532,"RALA",0.215385718432557,0.947163558552384,""
"RTRAF",0.251247709672727,13.2421928638901,2.60423637049027,0.0157121634394867,0.139023004090113,-3.27859767979672,"RTRAF",0.0818813420945282,1.80376401195924,""
"DNM1L",0.25034497102263,14.6616180059977,3.58756137230197,0.00152088745168561,0.0486097077896297,-1.14745478649819,"DNM1L",0.0286299964433065,2.81790292330427,"+"
"NAA10",0.250069651999912,10.8516205714745,1.43705398022657,0.163900920674134,0.438703025056748,-5.26473324390611,"NAA10",0.258385960709726,0.7854186068775,""
"PLIN3",0.250030650771309,14.5326426864389,3.01624627290263,0.00606385601277409,0.0921332671254555,-2.41903894457885,"PLIN3",0.0542643687867373,2.21725111964515,""
"NDRG3",0.248798090236521,10.3648651208857,1.42245913692146,0.176090896760086,0.454346241730528,-5.06414890753735,"NDRG3",0.267599454435515,0.754263094850728,""
"AIMP2",0.248408058533604,14.23970273618,2.14191301944038,0.0427958441116349,0.22921688141696,-4.15909528586793,"AIMP2",0.135003455032359,1.3685984031134,""
"USP48",0.247840414538508,14.526934703238,0.895019321817317,0.380264264706578,0.651751558419892,-5.84087465402704,"USP48",0.383866631748439,0.419914485448127,""
"ATP5IF1",0.246628325923085,9.92002310812845,1.09766199072359,0.285741798314355,0.570686548376787,-5.57856951434488,"ATP5IF1",0.336121211034229,0.544026226367281,""
"PPP2R2A",0.246309288084738,13.5274488154798,2.61902662427882,0.0151972587553971,0.136015465860804,-3.24882630170683,"PPP2R2A",0.0801099714625371,1.81823474197421,""
"BCKDHA",0.246086902043512,11.7918807711853,1.38220067886753,0.179923782748462,0.458045967814751,-5.33616637711327,"BCKDHA",0.269778507745009,0.74491142679478,""
"FUNDC2",0.245931273751783,12.4155421200665,1.96919889057992,0.0608457990080674,0.274715704782592,-4.45948519630979,"FUNDC2",0.161801212319239,1.21576940150289,""
"LMAN2",0.245710189165051,10.6232620292504,2.35967329802297,0.0273739634896318,0.185359409170405,-3.74699887746643,"LMAN2",0.109172415688009,1.56266231632555,""
"ATP5MG",0.245530598157627,14.7382846213627,1.32629293117848,0.197505006419124,0.4733509107819,-5.40655175007002,"ATP5MG",0.278792766061698,0.704421891264648,""
"HRAS",0.245099361966812,10.9942806355468,1.43318645425067,0.173055916680008,0.448626640793328,-4.9827536306133,"HRAS",0.264230741436913,0.761813547843116,""
"HSD17B8",0.244748627255913,11.8618665575933,1.60829957878675,0.121139864136018,0.377113664006037,-5.02711469088168,"HSD17B8",0.222111247941271,0.916712917753871,""
"KRT6C",0.244580620616349,13.2212471879891,0.233935269887867,0.825364215571148,0.918894676382321,-5.28415129595119,"KRT6C",0.541207765133114,0.0833543642893279,""
"DYNC1LI1",0.244048626979403,12.260121781701,2.71925256837392,0.0121037032846412,0.125144426740838,-3.04479093074378,"DYNC1LI1",0.0737071802199603,1.91708173133504,""
"RGN",0.243710268970309,10.290476619166,1.22446165846632,0.236166492510027,0.520310861079296,-5.40126707400475,"RGN",0.306451093402623,0.626781720398549,""
"HMGCL",0.243387178710538,11.6152277897433,1.9557626160946,0.0624986331525044,0.279075560890773,-4.48211914875989,"HMGCL",0.164369066983389,1.20412948058898,""
"IDH3B",0.243277316235785,13.9931685898887,2.14812786680642,0.0422469127022931,0.227533076635648,-4.14797066072417,"IDH3B",0.134011732862195,1.37420502269886,""
"RAB7A",0.242902362907715,14.7015179220209,2.34179871291834,0.0280275765875677,0.187001988322358,-3.79106108713475,"RAB7A",0.110139856913572,1.55241445201305,""
"STARD10",0.242300850918546,9.82078528231463,0.711348725480399,0.495988377046192,0.737468494353573,-5.15441539540974,"STARD10",0.434351929490467,0.304528500614332,""
"CASTOR2",0.242152747229003,10.8080839948381,0.888999384463206,0.386803304609758,0.653572073393715,-5.63796649709606,"CASTOR2",0.384938873068036,0.412509824227991,""
"PIP",0.240078086294812,16.7255682982721,0.580988261642321,0.566786172920985,0.781332276857981,-6.08950338360385,"PIP",0.460186685431112,0.246580753162341,""
"MTARC2",0.240038628427817,12.9839377151525,1.50225279724248,0.146955656530063,0.41303336634161,-5.15731448236849,"MTARC2",0.243267123935478,0.83281369266375,""
"FAHD2A",0.239496267739975,13.1424603072896,2.40628755426373,0.0243678718647505,0.177267755712341,-3.66804049249722,"FAHD2A",0.104406618478789,1.61318239768245,""
"MYL2",0.239477913589742,17.2781680231839,0.651441106023272,0.521089946056149,0.754500306119722,-6.04658892161063,"MYL2",0.444383273690235,0.283087306058835,""
"HSPA2",0.239109870798519,16.1362848910889,1.46826882172069,0.155306544202235,0.425549638588226,-5.22305126535187,"HSPA2",0.250638919533487,0.808810243878404,""
"COX7C",0.238820722036564,15.1541408882884,1.0443163269125,0.306976377565643,0.591609667326721,-5.72259502821574,"COX7C",0.348444445391282,0.512895043049227,""
"CD9",0.238596129487338,17.1485359156545,1.64371939461394,0.114154467086608,0.366733740110237,-4.95666767587327,"CD9",0.215997712235509,0.942507089052371,""
"EIF2B5",0.237875427515242,12.188891274188,2.38612572284639,0.0254618032855969,0.181076297892285,-3.70671505028377,"EIF2B5",0.106649761958232,1.59411084148164,""
"KLHL40",0.236623907818128,16.6550689910104,1.9991522674115,0.0572992773841706,0.266798408086954,-4.40863599530725,"KLHL40",0.15713810722061,1.24185085499677,""
"LGALS1",0.235936331620739,18.8076721483173,1.74310398935009,0.0944036996904474,0.330528356862398,-4.8252265695012,"LGALS1",0.194673576774745,1.02501098532416,""
"TKT",0.235699492299926,12.0936266734238,1.62611253007227,0.117869632615356,0.373700838362009,-4.98241427043692,"TKT",0.220101172372147,0.928598070107051,""
"POR",0.235692987679693,11.5609819351407,1.53125043924629,0.141794145864093,0.405386715271348,-5.0521499331753,"POR",0.238763422866295,0.848341699134641,""
"ARFIP1",0.235492963143688,9.48887671109671,0.931858981600226,0.367810992170379,0.640760755216524,-5.54362832872028,"ARFIP1",0.377393302223742,0.434375295849423,""
"IGKV2-30",0.235356121038347,11.5134030582258,0.850373679890483,0.404501166830215,0.668874908661511,-5.85852080571246,"IGKV2-30",0.39395188999843,0.393080221277437,""
"HIBCH",0.235252888325446,15.1441611654853,1.55388619041671,0.133593391572857,0.394673752976858,-5.10496408833844,"HIBCH",0.23245373522703,0.874215024453481,""
"MAPRE1",0.234889107355466,11.9574700331161,2.28267787003657,0.0318189084552539,0.199164939792842,-3.90205874686724,"MAPRE1",0.117303554725686,1.4973147228664,""
"CANX",0.233501438144648,14.1913357494527,3.21211164789894,0.00379962441460828,0.0745350981057405,-1.99164275665795,"CANX",0.0438994532307002,2.42025933041599,"+"
"PRKAB2",0.23330691480032,14.2676972953543,3.02536828279982,0.00593438013083114,0.0921332671254555,-2.39937073976965,"PRKAB2",0.0542643687867373,2.2266246380942,""
"HOMER1",0.233085549879648,13.8576530682201,2.92497552991241,0.0075172693502513,0.102858966158004,-2.61444276950483,"HOMER1",0.0605815580708779,2.12393988832885,""
"UBTF",0.233003006881438,13.7873229651266,1.41542266571823,0.170077529701258,0.445651833209884,-5.29318071143243,"UBTF",0.262478648400228,0.769353060704736,""
"PANX1",0.23265996098635,10.3505253484991,1.10365294780528,0.284713905597822,0.569428334924582,-5.51413686904522,"PANX1",0.335380152338352,0.545591321132209,""
"TUBB4B",0.231117459546216,17.5582765705773,2.99395491732772,0.00639174152664086,0.0927514916152321,-2.46699801108771,"TUBB4B",0.0546284887485374,2.19438079561885,""
"CPTP",0.231066194425967,11.9691363840678,2.54885821647743,0.0177886013890312,0.146820041435693,-3.3892646135196,"CPTP",0.0864736172104035,1.74985819654249,""
"LYRM4",0.229670395859438,10.0555670132912,1.26195352893692,0.230057688913328,0.513348947101332,-5.18395731891521,"LYRM4",0.302350686683654,0.638163247307562,""
"TMEM11",0.229615169834132,14.298826032393,1.76536799429206,0.0905108701239001,0.325132560661397,-4.79068365748382,"TMEM11",0.191495577295464,1.04329926000655,""
"CORO6",0.228507686729371,14.0977282779599,4.00680232153745,0.000535998268057007,0.0255849839952545,-0.178277645436831,"CORO6",0.015068965317715,3.27083661361786,"+"
"FARSA",0.22823596438745,12.6298180686023,2.53881673614278,0.018191511406261,0.148178307130087,-3.40919286342408,"FARSA",0.0872736043686858,1.74013121692714,""
"FH",0.227072561588781,14.798098417467,2.15785218686373,0.0414007187067936,0.224700462900453,-4.13052158868592,"FH",0.132343388721661,1.38299211956303,""
"CCT6A",0.226550596477281,12.3114542051825,3.11755385413165,0.00476639585624095,0.0817422618699046,-2.19927103061583,"CCT6A",0.0481443064157336,2.32180989169123,"+"
"ALPK3",0.226396739569676,12.2783247120891,2.11812972633282,0.0449562657001712,0.236667945579485,-4.20147063396497,"ALPK3",0.13939195992515,1.34720977068554,""
"EIF3E",0.226039339185164,10.6216441682805,1.83795987334216,0.0793265002016729,0.307412852437045,-4.65874040937966,"EIF3E",0.181059077951852,1.10058170588816,""
"SIRT2",0.225284435296631,11.6254156688329,1.85483839510076,0.0767882134919826,0.307412852437045,-4.63169230527387,"SIRT2",0.181059077951852,1.11470543632559,""
"PDP1",0.225247523416289,12.9642264493894,2.19942888966743,0.0379525812291287,0.215698038881474,-4.05533943573102,"PDP1",0.127041168663891,1.4207586815486,""
"PPP2R5A",0.22487570873545,11.9359717050554,2.1738580204095,0.0400411428052121,0.220330404100058,-4.10168898520702,"PPP2R5A",0.129769524907177,1.39749353591513,""
"NDUFV1",0.224636112487193,15.870240146698,1.5199194361432,0.141889172194613,0.405386715271348,-5.15246488823481,"NDUFV1",0.238763422866295,0.848050745032676,""
"RMDN1",0.224560092368126,12.8676651855967,2.02894343068902,0.0539547145321003,0.260583983844747,-4.35753279122738,"RMDN1",0.153477954711124,1.26797060091955,""
"ACYP2",0.224541436048574,15.8333916426193,1.53446382619006,0.138286705649766,0.400053661596899,-5.13222941368815,"ACYP2",0.235622377287659,0.859219569279461,""
"ATP5MK",0.224493914166656,16.0418487810046,1.45893650220291,0.157837012465543,0.428885392505991,-5.23559065913096,"ATP5MK",0.252603601633915,0.8017911479916,""
"NCKAP1",0.224458059144567,10.7138958173784,1.49352493533572,0.149209701982464,0.415293086956052,-5.16921921643537,"NCKAP1",0.244598047244755,0.826202937047947,""
"YWHAB",0.224323529176003,13.7119055386729,3.0018956496514,0.00627304018486865,0.0921332671254555,-2.4499308315164,"YWHAB",0.0542643687867373,2.202521930379,""
"NIPSNAP3B",0.224161840798523,14.9499076229752,1.53180350128148,0.138939972653678,0.400409846161834,-5.13594238691137,"NIPSNAP3B",0.23583216177909,0.857172790939985,""
"APMAP",0.223577057454271,11.9732737555241,1.49601278148924,0.148564341144733,0.414209326761646,-5.16583154766136,"APMAP",0.243959737493017,0.828085418721313,""
"DYNLRB1",0.223461543091851,12.7585093917999,2.24512654425998,0.0349139843531772,0.207484357288337,-3.95961574812238,"DYNLRB1",0.122203499698349,1.45700058705348,""
"TMUB1",0.223383398646266,10.4430864749356,1.12998830063449,0.274669164856285,0.559357446653052,-5.40991916445839,"TMUB1",0.329448631485713,0.561190092979954,""
"GGT5",0.223334424644827,10.4721094225869,0.998096417937376,0.34945800856911,0.624748899214688,-5.1488310961177,"GGT5",0.36796268843838,0.456605002299848,""
"ADPRHL1",0.223174480155478,16.5451959067807,2.46415808765128,0.0214643044822765,0.164809029590456,-3.55598290021774,"ADPRHL1",0.097068716220635,1.66828317960025,""
"MRPS11",0.222596662290956,10.7713821080444,1.30177499867626,0.212044247792458,0.492549677018527,-5.23563325884084,"MRPS11",0.290100396452098,0.673573504321358,""
"MAPKAPK2",0.221968490524608,12.023962345196,1.6712511052987,0.109890701082914,0.362171424512618,-4.87856705034988,"MAPKAPK2",0.213310613602899,0.959039055886249,""
"CKMT2",0.221812855467956,19.2207810422636,1.38447088306376,0.179236879024505,0.456935802480134,-5.33325632819884,"CKMT2",0.269124645974864,0.746572626878142,""
"CREG1",0.221227851953568,12.5652095059799,0.732147464757512,0.471646576782081,0.724287290028891,-5.9700935958718,"CREG1",0.426588504238718,0.326383313329675,""
"IDH3G",0.220950244360546,14.2557925221807,2.47245335641626,0.0210753917521086,0.163216491516365,-3.53979512618733,"IDH3G",0.0961307480354656,1.67622434390617,""
"BAG6",0.220875341312048,12.4063454467688,2.55293843111645,0.0176272743453867,0.145908999205744,-3.38115475494196,"BAG6",0.0859370343550607,1.75381483621301,""
"MRPS34",0.220644052621843,11.3040994967079,1.2100345760942,0.240751848241477,0.523946271552881,-5.45686693570973,"MRPS34",0.308592266301237,0.618430370130765,""
"SIRT5",0.220589704447949,13.6473639366579,1.76050143794678,0.091349841926047,0.325810644179575,-4.79826256932651,"SIRT5",0.191894952844021,1.03929219982436,""
"COX5A",0.220258229782129,16.7530385187035,1.64482695483424,0.11333427042732,0.365831454502793,-4.97366331575142,"COX5A",0.215466286828802,0.945638746738601,""
"DECR1",0.219842869623111,16.2543066873517,1.41594592851505,0.16992595361829,0.445651833209884,-5.29249681924344,"DECR1",0.262478648400228,0.769740284153977,""
"MRRF",0.219027004128568,11.589516725494,1.3164575763636,0.208491610222402,0.487149308895293,-5.19093435367877,"MRRF",0.286919704216098,0.680911416505211,""
"NAGK",0.218629314610926,12.9033206859014,2.16539075028851,0.0412325179044361,0.224505572772443,-4.10375560325267,"NAGK",0.132228602932454,1.38476014376731,""
"TPD52",0.217214072773304,10.899919385681,1.51790184699704,0.142394914651877,0.405386715271348,-5.15525956505998,"TPD52",0.238763422866295,0.846505520376583,""
"IDE",0.216360037491128,12.6270108515038,2.14166258794638,0.0428180976110592,0.22921688141696,-4.15954311525499,"IDE",0.135003455032359,1.36837263212269,""
"EEF1G",0.216182846132071,15.599833956691,3.17393974692606,0.00416464726634965,0.0784707221764829,-2.07573656777903,"EEF1G",0.046217445011996,2.3804217761936,"+"
"GADD45GIP1",0.215977306478251,11.0546185358132,1.37020446131815,0.184781353486621,0.464447390981004,-5.3124114731698,"GADD45GIP1",0.27354879830662,0.733341856094522,""
"NDRG2",0.215241268336865,16.4096555449676,2.19156741859428,0.0385839458668938,0.216251313038716,-4.06962637140894,"NDRG2",0.127367034378257,1.41359336039899,""
"LYPLA1",0.214586629694928,13.7957633642168,2.31830398353821,0.0294817587030829,0.190170623706372,-3.83537970855654,"LYPLA1",0.112006110053111,1.53044661266298,""
"OSTF1",0.214166525961694,9.28066587737429,0.99720854961439,0.333089138479695,0.610136112281484,-5.57883357512138,"OSTF1",0.359356094057377,0.477439528747555,""
"DDOST",0.213868888941787,13.8419416920899,1.30564181820004,0.204884533520098,0.484201314669275,-5.4114970468425,"DDOST",0.285183403628341,0.688490824714466,""
"HSPE1",0.21359000530693,16.0362980770973,1.62196655783046,0.11816839292698,0.373700838362009,-5.00722647947194,"HSPE1",0.220101172372147,0.927498670773054,""
"RSU1",0.212854306059672,12.441548364796,1.46296292083703,0.157325410129249,0.428230289760505,-5.21046007864436,"RSU1",0.252217761230298,0.803201127423239,""
"ARL1",0.212829686681514,12.4288002649382,1.74310758607988,0.0944030594401085,0.330528356862398,-4.82522101603657,"ARL1",0.194673576774745,1.02501393073979,""
"NDUFC1",0.212712914862855,13.5434957185968,0.641691893265333,0.527865182468517,0.755902941294916,-6.00572329068313,"NDUFC1",0.445209393449087,0.277476982743258,""
"PHAX",0.212415238242949,13.8107907053066,1.04636123876956,0.307031836598966,0.591609667326721,-5.67948631899307,"PHAX",0.348444445391282,0.51281658953133,""
"JPT1",0.212324943164099,12.6602122042398,1.56115917509366,0.131870014037243,0.392594303744972,-5.09468302425669,"JPT1",0.231228987603149,0.879853947582293,""
"ADA",0.212296112486801,12.3967590359875,0.608198001034433,0.580580576685469,0.785996523251704,-5.05438076048247,"ADA",0.462933818951044,0.236137497576724,""
"ARHGAP17",0.21218022518838,12.6732187733894,1.85505795028437,0.0773716777878677,0.307412852437045,-4.61587838024361,"ARHGAP17",0.181059077951852,1.11141798545968,""
"TPM4",0.212172680291484,12.5682272688152,1.88751254553366,0.0715182033518597,0.298583286296977,-4.59537727802694,"TPM4",0.175858667196863,1.14558340422576,""
"CNDP2",0.212055377768101,12.9361877734312,3.06092786824643,0.00545451423777371,0.0887598225964995,-2.32246863047378,"CNDP2",0.0522774877858541,2.26324392028151,""
"RBM8A",0.209556060585729,11.1155587314894,1.60219317632176,0.122487496563672,0.379247773144169,-5.03595758051502,"RBM8A",0.223368188988906,0.911908241507994,""
"PSMB2",0.209553844283128,13.948226617545,2.00479558631084,0.0566519633942409,0.266798408086954,-4.39899583028309,"PSMB2",0.15713810722061,1.24678503414112,""
"PNPLA6",0.20933358044649,9.51680483564192,0.909239369354766,0.374935991538815,0.649616866162834,-5.73226958276017,"PNPLA6",0.382609347257209,0.42604286799018,""
"BPHL",0.209155394694829,12.0454763627614,2.21554205227507,0.0366876582898433,0.211823036603575,-4.02595374529621,"BPHL",0.124758881720012,1.43548000762958,""
"ATP5PO",0.208807418757578,15.686112959527,1.27101213534003,0.216177576101733,0.496099822079618,-5.4736971833799,"ATP5PO",0.292191349989859,0.665189357007821,""
"ORAI1",0.208554554101807,10.2705609076813,1.09357445594941,0.2933123148187,0.578544400579034,-5.40510584929175,"ORAI1",0.340749304697659,0.532669702633047,""
"PRDX5",0.207986387304949,17.0554553637789,1.79530033120206,0.0854945400274078,0.315618773843517,-4.74372227451537,"PRDX5",0.185892176346479,1.06806161991141,""
"BSG",0.20777241181043,15.6407716443429,1.8954207999708,0.0704178765104274,0.295280817461001,-4.58240222430546,"BSG",0.173913589241708,1.15231707545596,""
"NACA",0.207743259821294,13.874476675854,1.84482610882828,0.0777198678880298,0.307412852437045,-4.66472888843466,"NACA",0.181059077951852,1.10946794630628,""
"KCTD12",0.207649533053083,12.9047965057314,1.83794893051053,0.0787614722274989,0.307412852437045,-4.67579311414141,"KCTD12",0.181059077951852,1.10368617452601,""
"MPC2",0.207630552436713,13.6010248906803,1.36759845545678,0.184391921578341,0.464447390981004,-5.35478770348151,"MPC2",0.27354879830662,0.734258109805175,""
"FLNC",0.20698980202453,18.7212652904895,1.85832539843461,0.0757099840705355,0.305817935151689,-4.64292245288909,"FLNC",0.180119708466137,1.12084684519178,""
"GSTM1",0.206349448356653,12.8170171762158,0.428897540302692,0.671908820610818,0.842902699180632,-6.16581549410705,"GSTM1",0.496450243725664,0.172689657589443,""
"PDK2",0.206092597408965,13.1073764872025,1.1911179296776,0.245514141911263,0.527951374017016,-5.56633892033892,"PDK2",0.310951179253347,0.609923486933535,""
"ACADVL",0.20603307968765,17.0883415773277,1.7946616074466,0.0855990340769702,0.315618773843517,-4.74473056881195,"ACADVL",0.185892176346479,1.06753113599351,""
"HTRA2",0.20555813421686,11.697005853903,1.61447105874431,0.120381273087728,0.37604457919746,-4.99931873972527,"HTRA2",0.221481581653219,0.919441068121615,""
"PDIA4",0.205457778943018,13.3353230854616,1.1780443967234,0.250585845863831,0.532270468931465,-5.58099522947682,"PDIA4",0.313495026514765,0.601043463417037,""
"SRSF7",0.205259084160316,12.2964692257754,1.87613041301431,0.0731281888303646,0.302459514037402,-4.61398274149032,"SRSF7",0.178141675909898,1.13591518263645,""
"TAPT1",0.205254280097394,13.0869232309319,1.17037969882822,0.254111668808578,0.536351647588063,-5.56865852507984,"TAPT1",0.31589874658913,0.594975391687845,""
"LTN1",0.205212685271182,10.2135573298042,1.21370611203907,0.24197797695318,0.525018883328717,-5.37354258534817,"LTN1",0.309224009891635,0.616224158494528,""
"TMEM43",0.205053980668094,13.6594364643011,1.97464290878409,0.0601871640747244,0.273179140903345,-4.45028343103398,"TMEM43",0.160896211643487,1.22049611947159,""
"IBA57",0.204800445370363,13.4842055128715,1.58032091379025,0.127417210831561,0.386165507939535,-5.06741153935802,"IBA57",0.227442575188555,0.894771905875542,""
"FAM185A",0.204752181408168,11.8966839614332,1.78153012361491,0.0877717944677395,0.318200530829881,-4.76540036934602,"FAM185A",0.187412771649314,1.05664502253357,""
"MANF",0.204696312167146,11.5883915732337,1.4889046090647,0.154342377376946,0.424812219379305,-5.06074763322509,"MANF",0.250204596631979,0.811514814480408,""
"HMOX2",0.203980422638066,11.7135707091011,3.26957979387752,0.00330776894293996,0.0684712298098079,-1.86436649813322,"HMOX2",0.0403279747001861,2.48046483476364,"+"
"CTTN",0.203692288507426,10.3236852404885,2.04387445785955,0.0523446041501923,0.257143990199229,-4.33172438040751,"CTTN",0.1514518778159,1.28112808014702,""
"PTGES2",0.203673475510003,13.6580769692026,1.71137835845734,0.100197094036673,0.341818449530112,-4.87387080932898,"PTGES2",0.201323180889218,0.999144873899296,""
"SF3A1",0.203398728543805,10.8545996641498,1.53991697721083,0.138190034986308,0.400053661596899,-5.08729545698046,"SF3A1",0.235622377287659,0.859523273217202,""
"COX5B",0.203289173950395,18.5489800365887,1.51115964851731,0.144095657470875,0.407393843037103,-5.16457662331058,"COX5B",0.23994557481511,0.841349107075351,""
"GLUL",0.203187594738907,11.6141835195299,1.38940722615338,0.178324275611735,0.456934651629614,-5.30683283171302,"GLUL",0.269123968150458,0.748789531493262,""
"LAMP2",0.202721121436912,13.4207164972095,1.61191020764025,0.1209397375319,0.376900335463941,-5.00302456622322,"LAMP2",0.221985602351548,0.91743097825175,""
"PAM16",0.202668794340383,11.5568837684749,1.50072201801768,0.149470170744334,0.415614144671623,-5.09356384290547,"PAM16",0.2447871428323,0.825445469371057,""
"PDAP1",0.202631204680973,13.5360912328846,2.75591633018524,0.0111283059312578,0.122968512445785,-2.96919195034022,"PDAP1",0.0724256168993595,1.95357094354523,""
"NME2",0.202438420730303,16.1052195144125,2.32529538711532,0.0290419694418588,0.189522076523056,-3.82222008532672,"NME2",0.111624130724372,1.53697393588069,""
"PTGR3",0.201946039595036,9.34695268336423,1.19063558743531,0.251745823743472,0.533284052663686,-5.37146294532714,"PTGR3",0.314092003949274,0.599037725303477,""
"COA5",0.201698140353606,11.1207129977691,1.16902408276363,0.254130302296439,0.536351647588063,-5.59102421449915,"COA5",0.31589874658913,0.594943546931133,""
"COMMD3",0.201167706419946,12.7108855876709,2.38608213938256,0.0258628590145279,0.181547127984333,-3.69709464312967,"COMMD3",0.106927070020216,1.5873234676381,""
"NOL3",0.200690594641403,14.6146638485407,1.62360337345747,0.117816631850221,0.373700838362009,-5.00483565604492,"NOL3",0.220101172372147,0.928793397062358,""
"TSFM",0.200583012132311,12.2794907302032,1.93026521536257,0.0657440718247652,0.283998524443631,-4.52476794893065,"TSFM",0.167268578941347,1.18214340161941,""
"TRMT10C",0.200459557194403,12.0758196260378,2.34499214689494,0.0278350817125199,0.187001988322358,-3.78501634031113,"TRMT10C",0.110139856913572,1.55540749944257,""
"UBE2G2",0.199935433080135,11.2732395307429,1.81029898272079,0.0830721612486647,0.312645125274704,-4.71996824903779,"UBE2G2",0.184140765942672,1.08054449055608,""
"CYGB",0.19967579092593,11.6619075990072,1.52619871030264,0.14226365872271,0.405386715271348,-5.08482276048957,"CYGB",0.238763422866295,0.846906026351993,""
"PARVB",0.199495101944638,11.6197957358822,1.60249237900267,0.123012198805624,0.380048546494517,-5.01661345537474,"PARVB",0.223839826018109,0.910051818550266,""
"MRPL50",0.199467178264635,10.1734074548818,1.23430417926653,0.234411268922897,0.51762056607184,-5.35153112274494,"MRPL50",0.304866571709379,0.63002151418384,""
"GSR",0.199223296109029,12.4086587713966,2.632102078823,0.0147552613641071,0.135012998552085,-3.22243273743627,"GSR",0.079519541345011,1.83105309331521,""
"CMC2",0.199163414648629,11.9459232802774,1.19637006955967,0.243498364385193,0.526721537461626,-5.56041075748673,"CMC2",0.310226833895028,0.613503951660315,""
"IDI1",0.198884284628903,13.3995466339631,1.61106404579238,0.120533842075164,0.37604457919746,-5.02310259315318,"IDI1",0.221481581653219,0.91889099986902,""
"ATRN",0.198829766707158,14.8693196480903,0.949555987959515,0.353414714816207,0.628088589431666,-5.74835764919375,"ATRN",0.369929688928234,0.451715372117201,""
"MSI2",0.19872736422081,12.4454715395858,1.82956211082264,0.0800480681653477,0.308044654520835,-4.68924479323968,"MSI2",0.181431194803286,1.09664914463479,""
"PICALM",0.198131271786789,10.6495900360257,1.19104653041247,0.245541630653165,0.527951374017016,-5.56641935129038,"PICALM",0.310951179253347,0.609874864314266,""
"PRKRA",0.197231328831272,11.5301917482435,1.95281380535674,0.0628666215097769,0.279580751559008,-4.48707186897717,"PRKRA",0.164666612632035,1.20157987827055,""
"RPS11",0.197205530751773,12.9621597550255,1.50176963636396,0.146491908236664,0.412134405883895,-5.17749628716027,"RPS11",0.24273765696525,0.834186363741415,""
"PABPC4",0.196677895991677,12.7089378355759,2.23415055984553,0.0352744915355485,0.208660550586911,-3.99184699892621,"PABPC4",0.122896250415974,1.45253923766992,""
"ENDOG",0.196413505276141,13.2706774710465,1.37322162141653,0.182661035363713,0.462547484776016,-5.34763661589701,"ENDOG",0.272429797383454,0.738354085002612,""
"GANAB",0.195907781128829,13.4827757956072,2.56902752274945,0.0170043392442219,0.144084105311986,-3.34910722691564,"GANAB",0.0848622139526464,1.76944023924809,""
"ALDH7A1",0.195503139341366,13.0809637644144,2.1218547008566,0.0446115555098075,0.236169121959498,-4.19485447004094,"ALDH7A1",0.139098164321032,1.35055263357192,""
"CALD1",0.195490297051629,12.8356482819396,1.54174210394945,0.136512328357331,0.397732765427665,-5.12204457302258,"CALD1",0.234255422987954,0.864828125943462,""
"RPS15A",0.194005070459857,13.0552342632008,1.97521637139285,0.060118152315585,0.273179140903345,-4.4493130939963,"RPS15A",0.160896211643487,1.22099437558142,""
"AIP",0.192979349325675,10.5116456962236,1.22712432180687,0.231942956091683,0.514152187497354,-5.52523832087895,"AIP",0.302823776745844,0.634618812095271,""
"ILVBL",0.192442695721718,13.5732326841282,1.95407813659767,0.0632493942754905,0.279726383804544,-4.46909855238597,"ILVBL",0.164752386664864,1.1989436292679,""
"NPLOC4",0.192280262614174,11.8251072830365,2.264286457107,0.0330905042272205,0.204248284712844,-3.93622997725517,"NPLOC4",0.120297527608831,1.48029661508762,""
"NHLRC2",0.192050332115528,12.3564130059727,1.98874029777497,0.0585107777107622,0.270675741214201,-4.42637241857469,"NHLRC2",0.159421766980981,1.23276412931625,""
"AMPD3",0.191879519607381,10.8482687976779,1.24880732261281,0.22919433257761,0.513241691179906,-5.33139582774567,"AMPD3",0.30228751542037,0.639796125625684,""
"THRAP3",0.19144042808554,11.1903922532777,1.28611017080346,0.218603072077913,0.498470699387852,-5.22859282632956,"THRAP3",0.293587742027351,0.660343739105847,""
"MAPK1",0.19138611144411,13.5787037773499,2.467642109727,0.0213001575599977,0.164430326824349,-3.54918779028924,"MAPK1",0.0968456690282173,1.67161718401739,""
"PNPT1",0.191269563635064,12.4645369949781,2.40152199404294,0.0246224565940278,0.177629006763969,-3.6771991127951,"PNPT1",0.104619387013996,1.60866861947916,""
"MRPL30",0.191027997486334,9.59697731517294,0.760075284985316,0.467835697223471,0.723087661547772,-5.34444534291204,"MRPL30",0.425881950739233,0.329906643331287,""
"ARCN1",0.190844448376527,11.7975181575996,1.71724657300917,0.099687693345893,0.340698751482861,-4.84684443777709,"ARCN1",0.200663704571255,1.00135845294074,""
"DCAF8",0.190642444992788,12.2466856004497,1.4346503284365,0.164578250580212,0.438989336269616,-5.26791205828232,"DCAF8",0.258554591408795,0.783627558413567,""
"TUBA8",0.190394298983138,14.5966719763407,1.41152807065755,0.17120908848435,0.44698525926999,-5.29826420833136,"TUBA8",0.263264005586975,0.766473184905146,""
"RPL18A",0.190242337543646,12.0680308590934,1.27785577779681,0.213794955064667,0.493797380084845,-5.46551847681676,"RPL18A",0.290835264773166,0.67000254708527,""
"TRIM54",0.190080544970785,13.3511322885418,1.84881939473905,0.0771205494968042,0.307412852437045,-4.65829039847612,"TRIM54",0.181059077951852,1.11282988467343,""
"LDHD",0.18997036018688,12.3906924040732,1.16087183529313,0.257365499935263,0.54162405916801,-5.60002930163423,"LDHD",0.319004075373141,0.589449671075573,""
"STUB1",0.189968670081873,12.7830665802262,2.50884939619381,0.0194450422363009,0.155560337890407,-3.46840741034051,"STUB1",0.0916214501802059,1.7111911091906,""
"PDCD5",0.18912633309175,13.3740694593652,2.06147345263333,0.0505018092406751,0.250671025416453,-4.30113817816935,"PDCD5",0.147639450892649,1.29669306288794,""
"IPO7",0.188529888546048,12.2323394895657,1.93809934226859,0.0647315021745749,0.282178116024326,-4.5117064266938,"IPO7",0.166196400379903,1.18888431452449,""
"RPS13",0.188415017211806,11.9199743742296,1.32085951512962,0.199842769849375,0.476926658192919,-5.3928923923043,"RPS13",0.28089879879291,0.699311559544586,""
"SNTA1",0.18826807780971,14.3985239488695,2.00681324372946,0.0564221058851216,0.266798408086954,-4.39554459278204,"SNTA1",0.15713810722061,1.24855070837527,""
"KLC1",0.188109759202248,12.1626691446441,2.2180224691116,0.0364963700185642,0.211454075406287,-4.02141799848786,"KLC1",0.124541572086887,1.43775032894911,""
"ETFB",0.187065341436391,14.9746201669831,1.12483690250645,0.272030417304647,0.557691564180751,-5.63916202748798,"ETFB",0.328467465142082,0.565382532256287,""
"NDUFAF4",0.186379813136066,11.4254928948228,1.48269694383574,0.151458990681029,0.419921151317006,-5.20353519138136,"NDUFAF4",0.247323870382119,0.819704941629458,""
"NDUFS4",0.185638595669612,15.4886842401556,1.14727329930971,0.262829578826162,0.54681797946222,-5.61492589426854,"NDUFS4",0.322063174600678,0.580325760885024,""
"SMARCC2",0.185599212255815,9.8728228781513,1.25233660814518,0.225281640025206,0.506441614624952,-5.40842533085569,"SMARCC2",0.298282427209902,0.647274200911098,""
"SYNM",0.185280919561432,16.7344316372511,2.75671223756287,0.0111079788778334,0.122968512445785,-2.96754531471924,"SYNM",0.0724256168993595,1.95436495474543,""
"HSP90B1",0.185274801849298,14.4266829710955,2.48931294552668,0.0203050092564521,0.160817676714428,-3.50679953554097,"HSP90B1",0.0947179014587111,1.69239680819191,""
"LARP4",0.185053580398979,10.5542612142606,1.27575466757092,0.21567229744559,0.496099822079618,-5.42822151451735,"LARP4",0.292191349989859,0.666205635329359,""
"EMC1",0.18404908463949,11.3938087434328,1.25068334578533,0.22391690832274,0.504959075146716,-5.47714707160298,"EMC1",0.29740924565998,0.649913110914005,""
"RTCB",0.183952863000258,13.5255984160761,2.84073555948273,0.00914899344720467,0.112458013874653,-2.79243434566025,"RTCB",0.0662351757222354,2.03862668346038,""
"CAST",0.18365926780916,13.481685609353,1.65878370841898,0.110465280362533,0.362812572199878,-4.95299104343071,"CAST",0.21368823479917,0.956774200859761,""
"UBXN6",0.183543344018034,10.1343699982078,0.59217192853899,0.569201712152403,0.781444259196931,-5.54016797914223,"UBXN6",0.460252640445278,0.24473380223283,""
"MICOS10",0.183391350976592,13.3239464821793,1.2506250016708,0.223396000428456,0.504443319854461,-5.49783555276847,"MICOS10",0.297105477691517,0.650924606544495,""
"C8orf82",0.183072254156826,11.4551173601227,1.61834723174223,0.120185429486364,0.37604457919746,-4.97621514614334,"C8orf82",0.221481581653219,0.920148180230384,""
"CELF1",0.18306067386351,11.935645664538,0.820893588914798,0.419966942242515,0.683595045031339,-5.92417291548309,"CELF1",0.402621710721012,0.376784893808513,""
"POFUT1",0.183054006665113,10.9771274183008,1.90815466483147,0.0692291527554908,0.294042679887508,-4.54508661935987,"POFUT1",0.173184354775234,1.15971098336569,""
"TOMM70",0.18297961588914,13.6930739924371,2.32027437470383,0.0293571995668868,0.190170623706372,-3.83167337184566,"TOMM70",0.112006110053111,1.53228537486818,""
"PGRMC2",0.182740053288551,14.3543532206931,1.47355107369651,0.153888850801657,0.424812219379305,-5.21592451545955,"PGRMC2",0.250204596631979,0.812792843525998,""
"FLNB",0.182068735790306,13.2165750687866,1.99841770226436,0.0573840151471941,0.266798408086954,-4.40988941953164,"FLNB",0.15713810722061,1.2412090675354,""
"KPNB1",0.181954016689186,14.2136525315097,2.74948547242434,0.0112938408946027,0.122968512445785,-2.98248808836838,"KPNB1",0.0724256168993595,1.94715833481083,""
"PMPCA",0.181462667595804,12.7256128084485,2.03578035209762,0.0532120591932218,0.259617374353614,-4.34573125094527,"PMPCA",0.152908644020902,1.27398993447972,""
"TMEM70",0.18142866869921,12.9240320924226,1.46251706165873,0.15744640192661,0.428230289760505,-5.21105657135658,"TMEM70",0.252217761230298,0.802867259710026,""
"PTRHD1",0.181092171462803,12.2840864402621,1.71491758376874,0.0995361781620257,0.340698751482861,-4.86847814111159,"PTRHD1",0.200663704571255,1.00201903864733,""
"RPS26",0.180477337859481,11.8092004859738,1.3979953994885,0.176391188071235,0.454711397512167,-5.27702115156089,"RPS26",0.267814522766615,0.753523114598913,""
"GAPDH",0.180158155710238,20.4327595534937,1.56334496473649,0.131355676466636,0.391820485372073,-5.09158565117732,"GAPDH",0.230773226433801,0.881551154664219,""
"WASHC2A",0.180002158701408,10.4706096189325,1.78338182948887,0.0893591250735743,0.321917653095241,-4.70957019578469,"WASHC2A",0.189602070908161,1.04886109210349,""
"NME1",0.179564952045352,12.6812315162097,2.12444663778791,0.0443730991182847,0.235778396799197,-4.19024620957743,"NME1",0.138868036215796,1.35288023810861,""
"TUFM",0.179346998366324,16.0950300885635,1.76141026861582,0.0911926601810275,0.325810644179575,-4.79684840795537,"TUFM",0.191894952844021,1.04004011530268,""
"ERP44",0.1793222114378,12.2459695908886,2.22982255397166,0.0355986853803892,0.208923432232448,-3.9997958091056,"ERP44",0.123051081640414,1.44856603974017,""
"CALM1",0.179215187156601,15.770508270009,1.38660850561989,0.17859199042727,0.456934651629614,-5.33051254801566,"CALM1",0.269123968150458,0.748138022442103,""
"LSM8",0.179035837390316,12.0397622372706,1.40706161002428,0.173090935082621,0.448626640793328,-5.28407798004936,"LSM8",0.264230741436913,0.761725675895158,""
"ATP5PF",0.178781181840165,17.3066765133769,1.18679650372434,0.247182035148254,0.529291272729022,-5.5711993264809,"ATP5PF",0.311740348682737,0.606983096364352,""
"DPYSL3",0.178221193118071,12.8328716143403,1.34159041203744,0.192566167561393,0.468956919188374,-5.38753855839981,"DPYSL3",0.276204806384199,0.715420012808926,""
"TIPRL",0.178164934364935,12.743910143399,2.56477889166956,0.0171668095858499,0.144181063501097,-3.35758060630092,"TIPRL",0.0849193200891698,1.76531041002288,""
"IGHV1-18",0.177516953492379,11.3156356348428,0.703352081739559,0.489393984478815,0.734284827471095,-5.97009158700862,"IGHV1-18",0.432476823145115,0.310341373201869,""
"LMOD3",0.177259534193418,13.4752055440735,1.65155426291351,0.11194367300573,0.364167955210196,-4.96371613672864,"LMOD3",0.214486524123036,0.951000447474396,""
"CHMP4B",0.176897717030057,9.31593804649576,0.724601784783899,0.476897553746028,0.725997959415399,-5.9311208032805,"CHMP4B",0.427596049041566,0.321574905281222,""
"TPPP3",0.17671510593488,10.9292561658327,1.18748270976143,0.246916624798512,0.529291272729022,-5.57042857580999,"TPPP3",0.311740348682737,0.607449668208249,""
"HSPB2",0.176682940443829,16.6637188683792,1.95896128820041,0.0621016095203522,0.278775877219888,-4.4767407884745,"HSPB2",0.164192560215056,1.20689714383712,""
"UFD1",0.176674291438591,11.8916919481478,1.52289576268506,0.141145789053373,0.405076341297364,-5.14833669648031,"UFD1",0.238580619756067,0.850332074075076,""
"CYB5R3",0.176566207778579,15.4284718497533,2.21367352769057,0.0368323576217109,0.211823036603575,-4.02936842964141,"CYB5R3",0.124758881720012,1.43377048127191,""
"ETFA",0.176407765424795,16.3630281561929,1.34532110774487,0.191376478463367,0.468763397079309,-5.38287349504296,"ETFA",0.276090826326589,0.718111441174144,""
"ASS1",0.176228826216121,12.2579808741452,0.967694296293821,0.343063731835269,0.62028694947993,-5.79674996397571,"ASS1",0.365334702983516,0.464625192454964,""
"CD2AP",0.176178219068023,10.4827113735742,0.879947460219529,0.390193280672827,0.65697445963961,-5.76012126855933,"CD2AP",0.386942800072499,0.408720213649444,""
"PSMD9",0.175744565541676,12.622229002234,1.79372059555288,0.0857531821190678,0.315618773843517,-4.74621556797066,"PSMD9",0.185892176346479,1.06674975523726,""
"HADH",0.175725413525702,16.0100089638569,1.54991710723472,0.134541689032781,0.396019935652502,-5.11055844756851,"HADH",0.233246605766029,0.871143124497634,""
"CRIP1",0.175649014345668,11.7920739301043,0.968111428317266,0.343768474943388,0.621103265429401,-5.74996571768418,"CRIP1",0.365815494245029,0.463733952506087,""
"FCGRT",0.175584270803324,10.2921217513907,0.635531243756565,0.532481109312416,0.75796515758984,-5.96157063917954,"FCGRT",0.446423991270669,0.273695794963221,""
"IGKV3-7",0.175551382897828,14.3375180821884,0.507233611571944,0.616723952305732,0.809963767511776,-6.1293167879194,"IGKV3-7",0.477049972886619,0.209909184130526,""
"ATP1B1",0.175548129143648,14.0125878156352,1.90373737023581,0.0692767146989725,0.294042679887508,-4.56871493066866,"ATP1B1",0.173184354775234,1.15941271599559,""
"MME",0.175467557318209,12.2647573242804,1.83537061536578,0.0791550838540947,0.307412852437045,-4.67993333153546,"MME",0.181059077951852,1.10152118669075,""
"RABEP1",0.175408846299453,10.9180721178277,1.59046457113896,0.125110884751007,0.382817920862057,-5.05286707564851,"RABEP1",0.225470923630051,0.902704904681809,""
"CUL2",0.17465491039983,11.6046907716429,2.36720826230392,0.0265291627187287,0.183418635586252,-3.74282713978646,"CUL2",0.108029344821341,1.5762764564773,""
"CCDC28B",0.174633569328998,10.3507596546871,0.89487583674749,0.381782998359005,0.652090610866946,-5.74905072707315,"CCDC28B",0.384066325817683,0.41818341560519,""
"AZGP1",0.174505159188113,14.977227767892,0.744845353215418,0.463758877378462,0.719115010726537,-5.9824326231614,"AZGP1",0.423542151056118,0.333707763933062,""
"ETHE1",0.174156199879777,12.8540641978358,2.06006273200983,0.0506473646806402,0.250958568244557,-4.30359653462261,"ETHE1",0.147808806984678,1.29544314723226,""
"CHCHD10",0.174109055989597,12.8362956424911,0.720466859619897,0.479798696804127,0.72860205071422,-5.90827126075038,"CHCHD10",0.429129798739177,0.318940935967073,""
"MFN2",0.173793383518083,11.7565711149224,1.94159170299523,0.0642845420330231,0.281515181013117,-4.50587160381383,"MFN2",0.165805946952468,1.19189344568918,""
"ARMT1",0.173769303095529,12.8109573980142,1.31027439513107,0.202781854360499,0.481876289900219,-5.42626109951753,"ARMT1",0.28381401767859,0.692970909810522,""
"PPIB",0.173550744596117,14.2943278193075,1.36491175104415,0.185223477028018,0.4645184222489,-5.35819566629284,"PPIB",0.273590634084692,0.732303967451462,""
"AHNAK",0.173407881626177,13.575336823765,1.87425044354062,0.0733971236927356,0.302459514037402,-4.61704789522502,"AHNAK",0.178141675909898,1.13432095900558,""
"HIKESHI",0.173186013601457,13.0756249003185,2.1964216048541,0.0381929874209111,0.215751325616212,-4.06080857686838,"HIKESHI",0.127072553321306,1.41801637017672,""
"GLS",0.172888197990021,11.5152266760458,1.04183981543634,0.309075913023827,0.594089540201503,-5.68399546660236,"GLS",0.349905033302901,0.509934839156836,""
"HDHD2",0.172798439336811,13.2408929834744,1.88305123746558,0.0727030986032636,0.302101036028669,-4.58608289131688,"HDHD2",0.17793054063298,1.13844707913241,""
"MRPS22",0.172714178963519,11.978941829846,1.30050218371741,0.20605434760801,0.485711647365713,-5.43818393467615,"MRPS22",0.286072954742583,0.686018217721539,""
"TXNDC17",0.171103127947884,15.3318216613806,1.59642360265814,0.123772229691115,0.380446965399753,-5.04428811810233,"TXNDC17",0.224074485561615,0.907376785403074,""
"NDUFA2",0.170788934407746,14.4622671258996,1.0824201026551,0.290061708946398,0.575408959874745,-5.68380879125511,"NDUFA2",0.338902602458663,0.537509598639162,""
"TUBA4A",0.170358791119767,16.9587572579531,2.37399396457703,0.0261416549105207,0.181944604865767,-3.72989339411001,"TUBA4A",0.107161174733435,1.58266692265611,""
"RCN2",0.170085976053215,12.6356719155573,1.34119168691557,0.192693659456241,0.468956919188374,-5.38803649304698,"RCN2",0.276204806384199,0.715132575476724,""
"ACTL6A",0.169693559424049,11.0495140494729,1.72716677369566,0.0984981227855195,0.339194660959233,-4.8151021640673,"ACTL6A",0.199777829952789,1.00657204637202,""
"RCC1",0.169226606265372,15.2850145506938,1.35481485514329,0.188942316916265,0.467124930598184,-5.35072109345877,"RCC1",0.275125807369263,0.723670763385553,""
"S100A7",0.168198014663165,15.874467235783,0.61912953736491,0.54179458741981,0.764226168618362,-6.06685957864761,"S100A7",0.450111582322519,0.266165337924945,""
"IGHV4-61",0.168150405435872,8.18838070615792,0.448152384114135,0.659551220450815,0.834712636045574,-6.00151358590963,"IGHV4-61",0.491626485487044,0.18075147169401,""
"EEF1D",0.167495805716156,13.6575516447899,2.25121540719564,0.0340222054006759,0.207318289930927,-3.96041075747837,"EEF1D",0.122105689856073,1.46823753780458,""
"NUDT3",0.166630600471485,11.7155167688282,1.18199136359719,0.24956689447567,0.531815167989822,-5.55575492253189,"NUDT3",0.313226864764106,0.602813025159883,""
"DUSP13",0.165977559195101,10.9542519754953,1.00450993398879,0.325828104971391,0.607929441458023,-5.74053299116917,"DUSP13",0.358056415851109,0.487011457450608,""
"NDUFA11",0.165505969356365,13.4197821456154,0.928638410422473,0.362529230072192,0.635897753714608,-5.8325481223295,"NDUFA11",0.374529106530442,0.440656971307389,""
"TFAM",0.164862896387882,12.7367883159234,1.87855423158609,0.0727827216689181,0.302101036028669,-4.61002757850624,"TFAM",0.17793054063298,1.13797170824838,""
"PAIP1",0.164769538349628,12.8095443641266,1.47418735998074,0.155644562211514,0.425549638588226,-5.15520957645563,"PAIP1",0.250638919533487,0.807866047758765,""
"ATG3",0.164700867632538,11.0218118476582,1.03194252029151,0.314137793504771,0.599661965002538,-5.67017599592347,"ATG3",0.353187062952712,0.502879811060297,""
"ATP6V0D1",0.164575355969106,9.66078788527631,0.634893562348156,0.532205927462947,0.757950162234649,-6.01000082293098,"ATP6V0D1",0.44641515935241,0.273920292787047,""
"FSCN1",0.16456099581973,13.9709339903022,0.961532540271747,0.34651803870213,0.622992883140553,-5.78118655015639,"FSCN1",0.366928435482685,0.460274152380076,""
"RAN",0.164486029534817,14.4323632910415,1.82566530575688,0.08065202574568,0.308044654520835,-4.69547941388767,"RAN",0.181431194803286,1.09338471991641,""
"NEXN",0.164482634348037,13.8263795609571,1.23102716574256,0.230506647496188,0.513348947101332,-5.52071887735587,"NEXN",0.302350686683654,0.637316545635355,""
"MMUT",0.164162031981126,12.6032814213391,1.42598165214839,0.167039673199566,0.443527515809614,-5.27933949712333,"MMUT",0.261227474460294,0.777180368341171,""
"FAM162A",0.164033026013174,14.3623563267762,1.40042135556582,0.174469080205702,0.451789733914224,-5.31269697241028,"FAM162A",0.266093730311337,0.758281528509219,""
"DHRS7",0.163938628307546,14.8446687874406,1.28042402181634,0.212906041565011,0.492549677018527,-5.46243941375049,"DHRS7",0.290100396452098,0.671812014554546,""
"PMPCB",0.163022537976667,13.4946351022809,1.78776860853504,0.0867337249730511,0.317653949261916,-4.75559479771155,"PMPCB",0.187090847715631,1.06181200146507,""
"MMAB",0.162959089517935,11.4256603287373,1.19595598254115,0.247694015958565,0.529399747541291,-5.41976840124535,"MMAB",0.311804237844607,0.606084485410801,""
"VAPA",0.162361339779148,15.1369004085,2.24587741342614,0.0344095135860988,0.207465930706378,-3.97026044725449,"VAPA",0.122192646866683,1.46332146653531,""
"TMED1",0.162064820615608,11.1522148924583,0.715167609697904,0.482993733555354,0.730355888544105,-5.90566655547433,"TMED1",0.430162768759261,0.316058503824027,""
"DYNC1I2",0.161913936785163,12.0707399062127,1.94047424199605,0.0644272612693979,0.281709429428329,-4.50773940319833,"DYNC1I2",0.165920354787642,1.19093032963251,""
"SLC25A5",0.161798355581332,10.6296815918266,0.513321337412333,0.614156882639065,0.808966678838218,-5.97374706539562,"SLC25A5",0.476462710661115,0.211720676804114,""
"ACTN4",0.161635978894251,12.9506904289959,2.3846632785035,0.0255428855965374,0.181076297892285,-3.70951284089053,"ACTN4",0.106649761958232,1.59273004176864,""
"UBL4A",0.161370490895168,10.3006876017832,0.954794337041939,0.363416491717928,0.636405673592587,-5.35764503815302,"UBL4A",0.374828259620663,0.439595368443559,""
"RDH13",0.161288906120006,12.2867117144409,1.33832076080535,0.19361358545014,0.468956919188374,-5.39161802931788,"RDH13",0.276204806384199,0.713064172445874,""
"CMC1",0.161190434412573,12.94956903609,1.30454028028081,0.20469715981758,0.484201314669275,-5.43326645271002,"CMC1",0.285183403628341,0.688888183151415,""
"CNP",0.160846448811467,11.0807219481197,1.2948032212747,0.208535283765932,0.487149308895293,-5.42463575017288,"CNP",0.286919704216098,0.680820452688234,""
"ADRM1",0.160791791765616,11.0241561271031,1.19712832713972,0.243733761824712,0.526832825559226,-5.53876596497176,"ADRM1",0.310292380017055,0.613084308490287,""
"COQ8A",0.160771907944874,16.0505578861098,1.22117406869848,0.234145748777587,0.51762056607184,-5.53210446670116,"COQ8A",0.304866571709379,0.630513722994847,""
"PRDX3",0.160638367338443,17.7935867201402,1.77853940373792,0.088273215050128,0.319210211999453,-4.77009200412082,"PRDX3",0.188007450564456,1.05417105543258,""
"SLC25A42",0.160567822221862,10.8163470597183,0.870410334383492,0.398285747742918,0.662037365952244,-5.61684442903858,"SLC25A42",0.389924735087431,0.399805234106238,""
"UBE3A",0.160358844228822,12.6739653299466,1.94937149327137,0.0632986059709643,0.279726383804544,-4.49284675362477,"UBE3A",0.164752386664864,1.19860585437102,""
"SLIRP",0.159791828715276,13.2849421332254,2.09133206663974,0.0475073729002235,0.242101629868754,-4.24883862067029,"SLIRP",0.142592274614329,1.32323898487193,""
"TBCC",0.159728194539111,12.6427756465096,2.11191141982107,0.0455370387358256,0.236667945579485,-4.21249811562465,"TBCC",0.13939195992515,1.34163521488262,""
"PPIL1",0.159470595740494,12.432413049469,1.4933205434663,0.148675694102993,0.414209326761646,-5.18906503241389,"PPIL1",0.243959737493017,0.827760025289448,""
"MRPS23",0.159299632218856,12.4782605829039,1.3683066393635,0.184173223980721,0.464447390981004,-5.35388845927122,"MRPS23",0.27354879830662,0.73477350944154,""
"CAMK2B",0.159258028336547,15.8795584101582,2.65118492059949,0.014131785246138,0.133233438533399,-3.18378981750793,"CAMK2B",0.0784714215491432,1.8498029709489,""
"MCEE",0.159071471093965,12.4727673713407,0.764221538831361,0.45235044560959,0.709316464706962,-5.96809833127995,"MCEE",0.41777103350684,0.344524977524379,""
"GUSB",0.158731868136893,11.4275938215751,1.58531000283366,0.126278494910938,0.384900378107489,-5.06026723385735,"GUSB",0.226697442904515,0.898670603021265,""
"SLC25A3",0.158535217395539,17.348745662161,1.16571022950437,0.255441743541304,0.538722498897124,-5.59469148195973,"SLC25A3",0.317295123313708,0.592708130141243,""
"CRYZ",0.158503289747131,14.9716170190488,1.35321719299954,0.188877478069958,0.467124930598184,-5.3729634574937,"CRYZ",0.275125807369263,0.72381982467781,""
"ABHD11",0.157943258994782,11.942450506339,1.90755614007683,0.0687581590182018,0.293040725339479,-4.56241556822433,"ABHD11",0.172594226661924,1.16267575995095,""
"CAPG",0.157783280458865,11.2938350222721,1.24134838488736,0.229224704370015,0.513241691179906,-5.42415144314136,"CAPG",0.30228751542037,0.639738578705496,""
"NGLY1",0.157529987533872,11.0639660820633,1.09647838007497,0.284481916905386,0.569428334924582,-5.64813467425595,"NGLY1",0.335380152338352,0.545945334322694,""
"RPA3",0.157210459768059,10.8019601319519,1.84200936204301,0.0793297153720671,0.307412852437045,-4.6366755130083,"RPA3",0.181059077951852,1.10056410392084,""
"EIF3J",0.157077081070845,11.8497481419858,1.93439795725136,0.0652081910313569,0.282481212750803,-4.51788230073039,"EIF3J",0.16637491735924,1.18569784757657,""
"ACOT9",0.156827627783068,12.998405783021,2.23543877506103,0.0351785156019,0.208594759179796,-3.98947917657911,"ACOT9",0.122857500795017,1.45372249004925,""
"BOLA2B",0.156730096156348,13.1175311978355,1.76769486859767,0.090112065162715,0.324222304806553,-4.78705431925062,"BOLA2B",0.190959457596916,1.04521705715865,""
"FRMD8",0.156628592912231,16.5141227112275,1.57722785637185,0.128127435746084,0.387021589423927,-5.07183170676432,"FRMD8",0.227946787432731,0.892357865436044,""
"SLMAP",0.156259719901319,13.8276337168324,1.46071562613597,0.157352051525922,0.428230289760505,-5.23320523305421,"SLMAP",0.252217761230298,0.80312759046554,""
"MRPL13",0.156197816794849,11.8209085188655,1.47397714185338,0.154360323038924,0.424812219379305,-5.19567749858152,"MRPL13",0.250204596631979,0.811464321226091,""
"ATIC",0.156056255022129,14.9915689703659,2.0114775467549,0.055893895436988,0.266798408086954,-4.38755699483049,"ATIC",0.15713810722061,1.25263562185959,""
"PDIA3",0.155393904858901,13.8248921114024,2.40438406075603,0.0244692673057469,0.177379679761788,-3.6716999717578,"PDIA3",0.104472539161782,1.61137903472811,""
"RPS7",0.155286362860748,11.5938110556496,1.45459120579794,0.159609811076795,0.431247640494284,-5.22163529927262,"RPS7",0.253994911201044,0.796940416459261,""
"TIMMDC1",0.155191495791616,9.90479475319302,0.584695244767585,0.568417120035666,0.781444259196931,-5.75086899590926,"TIMMDC1",0.460252640445278,0.245332850123439,""
"MAPRE3",0.155018166826146,10.5124883824897,1.28200466364051,0.212910789158148,0.492549677018527,-5.44002959270841,"MAPRE3",0.290100396452098,0.671802330327183,""
"ACTN1",0.154831323034637,14.9721859546876,1.87114580383609,0.0738431364632532,0.302989602909394,-4.62210487918235,"ACTN1",0.178453886026146,1.13168986507322,""
"GLRX5",0.154715055461658,12.7353386303406,1.13386085784672,0.268301956420821,0.554013556733404,-5.62946554308717,"GLRX5",0.326301203608651,0.571376160501117,""
"ERGIC1",0.153766283541076,10.0779645946105,0.635296145176909,0.533468669591358,0.758875181143777,-5.9046836045319,"ERGIC1",0.446959974149342,0.272891081437519,""
"KPNA4",0.153339726673233,15.5255535027887,1.87152260423201,0.0737888798126216,0.302989602909394,-4.62149145495259,"KPNA4",0.178453886026146,1.13200908262008,""
"NDUFA7",0.153005471481249,15.1934734069121,0.849962388695975,0.403933387626527,0.668651403577032,-5.90049406399617,"NDUFA7",0.393820250660021,0.393690248185081,""
"APRT",0.152621806562729,13.2470999110909,1.66077761357127,0.110060434731815,0.362308488178094,-4.95002658228462,"APRT",0.213391340939752,0.958368776085506,""
"MIPEP",0.15228160325492,10.9883878154894,1.01285316171009,0.325779127475744,0.607929441458023,-5.52672361640691,"MIPEP",0.358056415851109,0.487076744191079,""
"PLXDC2",0.151595032085735,10.8139667482433,0.739299303221613,0.467378695547156,0.723087661547772,-5.96493308722169,"PLXDC2",0.425881950739233,0.330331087872723,""
"DLST",0.151563911033016,16.6527957520413,1.1940432291751,0.244389875896398,0.527454864029604,-5.56303992983264,"DLST",0.310658746325439,0.611916789155339,""
"ENDOD1",0.151518057087625,14.5134145097156,2.06647029298463,0.0499892415652699,0.250295782942191,-4.29242135675377,"ENDOD1",0.147418441732298,1.30112345229556,""
"PCBP2",0.1512113047471,13.0070718373879,1.49462875016892,0.148335847841517,0.414209326761646,-5.18727729531038,"PCBP2",0.243959737493017,0.828753881753744,""
"HDHD5",0.150944710195835,12.8448451923692,1.58189146558829,0.127057832240933,0.386165507939535,-5.06516447310433,"HDHD5",0.227442575188555,0.895998558522495,""
"RAB6A",0.150794939723662,10.5632620554176,1.29591345508098,0.208159025709274,0.487149308895293,-5.4232942128597,"RAB6A",0.286919704216098,0.681604753498075,""
"CLTC",0.150681688176778,14.1960077628145,2.03626096497179,0.0531601965087016,0.259617374353614,-4.34490061484277,"CLTC",0.152908644020902,1.27441342234016,""
"PPP2R5D",0.150569597477967,12.7831790608849,1.40748541185831,0.172390006887417,0.448321864046535,-5.30352855844909,"PPP2R5D",0.26405123496437,0.763487912986008,""
"UGDH",0.150557195682257,16.909589165281,1.17852328983357,0.250398701100266,0.532270468931465,-5.58046087948246,"UGDH",0.313495026514765,0.601367928282895,""
"KPNA3",0.150366462429995,14.4538581566154,1.71574092247627,0.0993829595948085,0.340698751482861,-4.86722240394249,"KPNA3",0.200663704571255,1.00268807423815,""
"ARF5",0.149705561028442,10.5374289587934,1.13006719917198,0.271515776471708,0.557434540369155,-5.56949533444855,"ARF5",0.328316084046691,0.566204930585097,""
"DNAJA2",0.149683719094002,14.822962410074,2.06408450516709,0.0502333898753175,0.250552851584151,-4.29658507361847,"DNAJA2",0.147569849231739,1.29900751356911,""
"ITGB1BP2",0.149529449047359,11.3177483478825,1.51700285127105,0.14262073707493,0.40539347889422,-5.15650384150443,"ITGB1BP2",0.238767406484128,0.845817323415118,""
"TMSB4X",0.149519830577383,11.154439252887,1.22469226328927,0.23284140789219,0.515744618873343,-5.52804826406929,"TMSB4X",0.303761682088293,0.632939783386638,""
"PPM1A",0.149076814469968,12.9061783704712,2.66306727991174,0.0137561506840115,0.131572328801381,-3.1596549146152,"PPM1A",0.0774930662394295,1.86150307558946,""
"VWA8",0.148971742028492,11.9002889448788,1.00834706212139,0.323571014912738,0.60685926496567,-5.75804906865413,"VWA8",0.357426106586499,0.490030388874506,""
"ACAA2",0.148956333296919,15.0014111244628,1.29327363697635,0.20850119772453,0.487149308895293,-5.44695388299285,"ACAA2",0.286919704216098,0.680891445900486,""
"HSPD1",0.148757650030895,17.4283657665767,1.62584791251332,0.117335690076301,0.373388240420586,-5.0015540613485,"HSPD1",0.219917059396405,0.930569868143344,""
"GET3",0.148383397146725,13.6772509822794,2.34352501497684,0.0283375918058322,0.187001988322358,-3.77735402477712,"GET3",0.110139856913572,1.5476370598711,""
"RRAGA",0.148330752185128,11.4736321875455,0.77191551675594,0.447867561742024,0.705163659609213,-5.9623094324611,"RRAGA",0.415325127111088,0.348850391599976,""
"RAD23B",0.148077499313155,12.8634820996665,1.65060450908615,0.112139123268393,0.364167955210196,-4.96512239796815,"RAD23B",0.214486524123036,0.950242843646724,""
"CBR4",0.14805767605244,12.0271447743091,1.08844618569963,0.287934907184125,0.573068501859161,-5.65649438161991,"CBR4",0.337524126682758,0.540705681150185,""
"DCTN2",0.14779951142795,13.8963052564963,1.98190399334874,0.059318491304386,0.271386835616233,-4.43798258212838,"DCTN2",0.159840585178555,1.22680990326928,""
"MMAA",0.147477513438789,9.09971134973231,0.8127083794333,0.425305589913211,0.688003620353258,-5.88899648523467,"MMAA",0.405218259878083,0.371298909191672,""
"FARSB",0.147382464015394,15.2918137564813,1.85791418696854,0.0757705355344692,0.305817935151689,-4.64358843720427,"FARSB",0.180119708466137,1.12049964321325,""
"TATDN3",0.147233117949011,10.2863542266961,1.17969705906934,0.251027404426075,0.53254998983428,-5.53376342039517,"TATDN3",0.313659657877868,0.600278864409968,""
"LSM14A",0.146924922481608,10.2537165617403,0.689440751762758,0.5014527859628,0.739907665634962,-5.70256673460735,"LSM14A",0.435788545102579,0.299769951499203,""
"PPP2CB",0.14683901414878,14.6428328834104,1.98996901535207,0.0583666392168983,0.270488761678312,-4.42428270898537,"PPP2CB",0.159311640348033,1.2338353128844,""
"DNM2",0.146490036461032,12.9857988049821,2.24699440400842,0.0343281380308007,0.207417272827454,-3.96820059071645,"DNM2",0.122163988498553,1.46434975220719,""
"SYNCRIP",0.146336455305997,14.0090622122904,1.81520287713323,0.0822930966512226,0.310933283389316,-4.71216978101594,"SYNCRIP",0.183132530565034,1.08463659506753,""
"BIN1",0.146085724087385,16.6429541933611,1.86704302101587,0.0744361594769085,0.304985923808106,-4.62877829810461,"BIN1",0.17962967297959,1.12821604232544,""
"PGP",0.145714339401236,14.3804139811322,1.21078169147296,0.2380308180333,0.520767886984498,-5.54402631755765,"PGP",0.306720271117022,0.623366810862215,""
"OPTN",0.145152425824755,11.9609352602138,1.45508628402592,0.158890648013819,0.430369292841668,-5.24074474470631,"OPTN",0.253477584697474,0.798901663746158,""
"AKAP1",0.144844066861593,11.2014830854403,1.0750291363826,0.293289392669103,0.578544400579034,-5.69143031167094,"AKAP1",0.340749304697659,0.532703643765373,""
"TNNT3",0.144837944041644,21.1856752241712,0.999865996991339,0.327572953085497,0.607955672044186,-5.76624336703321,"TNNT3",0.358071865061209,0.484691964086957,""
"REXO2",0.144763479797023,10.82317592704,1.32186760619319,0.201533363352526,0.479793476842589,-5.32874739489907,"REXO2",0.282587288838949,0.695653047187976,""
"DYRK1A",0.144671479158502,10.6123268060478,1.35536030263232,0.190818421170179,0.46828428413363,-5.28760029700285,"DYRK1A",0.275808639854906,0.719379701820678,""
"MRPS10",0.144470134583063,9.94805473742236,0.719192988454822,0.484312606092558,0.731577691903526,-5.70649137911724,"MRPS10",0.430882382750483,0.314874226627248,""
"CMAS",0.14438803595897,10.5485526498254,1.08252962138243,0.291604620504191,0.577099387321412,-5.61928375602642,"CMAS",0.339898225225935,0.535205598860318,""
"CTF1",0.14355823255231,10.5303324156705,0.774734401839284,0.4478034980536,0.705163659609213,-5.87179485318257,"CTF1",0.415325127111088,0.348912518216921,""
"SYPL1",0.14355097191979,11.1400211423644,0.96150936821574,0.348715495480972,0.624591106352411,-5.64477784280175,"SYPL1",0.367869752082841,0.457528753936439,""
"PDLIM3",0.142962360937641,18.6375501956101,1.29563741647597,0.207698606381058,0.487149308895293,-5.44409068807808,"PDLIM3",0.286919704216098,0.682566417490163,""
"HRC",0.142918605844077,15.9401507938931,1.54405011558998,0.135953578014686,0.397731756959618,-5.11880672014198,"HRC",0.23425482902354,0.866609358200891,""
"ERP29",0.142177481994885,13.1726815979279,1.13828656673397,0.266487089527913,0.552656788130299,-5.62468473339828,"ERP29",0.325502098202599,0.574323826346991,""
"NUCB1",0.140980146979528,11.9335621523674,1.36135444888994,0.186329029921393,0.46542758875216,-5.36269920492995,"NUCB1",0.274126112180289,0.729719477081761,""
"MAP4",0.140673090022849,14.6009451245685,1.54292381274958,0.136226011230588,0.397732765427665,-5.12038727200013,"MAP4",0.234255422987954,0.865739959564546,""
"PCBP1",0.140671830319349,14.946074691591,2.05065718077528,0.0516274078157975,0.254493796875119,-4.3199575490934,"PCBP1",0.149890975088985,1.28711968009624,""
"OBSCN",0.140668420556494,15.6857500190113,1.06584394790063,0.297336283995075,0.581674260493097,-5.70083630459236,"OBSCN",0.342592719979961,0.52675209053495,""
"FNTA",0.140090114638829,11.9712879265846,1.43373680567852,0.164836261894909,0.439154468899553,-5.26911902469904,"FNTA",0.258651850718154,0.782947242829939,""
"RPL38",0.139801608642955,11.8498811659938,0.833116444021013,0.413547110250285,0.676799385003895,-5.89284968229614,"RPL38",0.398619223743357,0.383475009554396,""
"OVCA2",0.139795023923856,12.0672925541023,1.36552637407681,0.185032986420854,0.464447390981004,-5.35741654558043,"OVCA2",0.27354879830662,0.732750841631992,""
"RAB10",0.139447755556976,14.7891186514093,2.13696153764899,0.0432377725814973,0.231031680360836,-4.16794326948844,"RAB10",0.136072329742188,1.36413668707028,""
"ACSS1",0.138610333485248,11.680535759448,1.02573524068147,0.315472550177942,0.599942485862965,-5.74105128609415,"ACSS1",0.353352283267779,0.501038423503463,""
"LYZ",0.138208251700197,15.0050391194628,0.232186498494617,0.818494770480606,0.916406967418474,-6.2091845697821,"LYZ",0.539742561945817,0.0869840910335561,""
"NPTN",0.13765649872779,11.4827238057743,0.625323960244689,0.539019241949555,0.760843326241265,-5.97431215011507,"NPTN",0.448119166205893,0.26839573105936,""
"NDUFV3",0.137566447716718,14.624288694757,0.989188729654408,0.332659671378979,0.610136112281484,-5.77646948438312,"NDUFV3",0.359356094057377,0.477999845837454,""
"DYNC1H1",0.137511303483697,13.8676243506791,2.01276304712765,0.0557490912647134,0.266553251055324,-4.38535331982479,"DYNC1H1",0.156993715384847,1.25376220741769,""
"UBE2A",0.137281985424046,11.6365875886094,1.10306273176267,0.281182069805229,0.565640440237486,-5.66227333106553,"UBE2A",0.333149169755849,0.551012376514661,""
"EEA1",0.137091653583948,11.6475752625409,1.79184849398982,0.0860605630874451,0.31599673420826,-4.74916817287829,"EEA1",0.186114786281621,1.06519581668978,""
"PTRH2",0.137081608539722,11.5160140078624,1.13086863907285,0.269534099226424,0.555356590060776,-5.6326884295772,"PTRH2",0.327092219254174,0.569386283653232,""
"CUTC",0.136877818723132,14.2194875965633,1.47808469205,0.152680450163736,0.42289826815178,-5.2097909990449,"CUTC",0.249077323514563,0.816216568245219,""
"RNPEP",0.136567252328737,13.1448335654955,1.57323507030378,0.129049097611734,0.387824360503678,-5.07752738469074,"RNPEP",0.228419601078464,0.889245027955562,""
"MT-ATP8",0.136003560546722,16.3672623492448,1.3195426976078,0.19971549414938,0.476926658192919,-5.41488230978208,"MT-ATP8",0.28089879879291,0.699588240775024,""
"SRI",0.135103503641718,12.9330930848038,1.15162058957833,0.261073574940461,0.545130327450541,-5.61018059478437,"SRI",0.321069186500584,0.583237083896389,""
"TXNL1",0.135028922726177,14.8459426157353,2.14523473622591,0.0425016572981638,0.22837663508807,-4.15315202609141,"TXNL1",0.134508569329451,1.37159413485759,""
"ACADSB",0.134898204445845,13.34406872869,1.28637251604951,0.210858080856249,0.490574771382858,-5.45528726282984,"ACADSB",0.288937222594527,0.676009750570249,""
"HOOK3",0.134726802446686,11.0339852275333,0.996123806258463,0.32934960604432,0.608492488088915,-5.76983888404799,"HOOK3",0.358388037327,0.482342851708972,""
"NEK9",0.134648985153264,11.6020159719976,0.86775885683426,0.39799358988574,0.661935912562578,-5.71186364791888,"NEK9",0.389864981381487,0.400123922649101,""
"THEM4",0.134627069693057,10.8859853154378,0.595509519402803,0.558362095314271,0.773828268928817,-5.99226551154933,"THEM4",0.455766997881204,0.253084071678944,""
"SIRT3",0.134626203745871,12.3253731746094,1.01667323993969,0.319675290589738,0.603917614418855,-5.74994291474153,"SIRT3",0.355693542279442,0.495290931370638,""
"KIFBP",0.13450896631171,11.608484174185,0.999333038333375,0.327825576779297,0.607955672044186,-5.76675619027956,"KIFBP",0.358071865061209,0.484357166016319,""
"WDR82",0.134416087887024,9.40038180572806,0.620014138419259,0.547368060744858,0.768085314048639,-5.70509735845327,"WDR82",0.452384529948973,0.261720547530477,""
"RPS17",0.133420014776588,11.1420128107624,1.00991235069922,0.322836129722187,0.606354049025486,-5.75652979084396,"RPS17",0.357128546053258,0.491017867813252,""
"SYNGR1",0.132838531897546,11.6564660458839,1.21434594500406,0.239913649539392,0.522519157628,-5.42885066359059,"SYNGR1",0.307751729123553,0.619945042774124,""
"ERAP1",0.132669503941159,12.5493044022458,0.897441130985616,0.378597509202919,0.651491478126928,-5.86016080352777,"ERAP1",0.383713450456036,0.421822247590886,""
"GYS1",0.13250652559138,16.0190214284278,1.43449888530529,0.164621001101106,0.438989336269616,-5.26811219254535,"GYS1",0.258554591408795,0.783514761587133,""
"SVIL",0.132327604075511,12.6581859371122,1.55356078971516,0.133670928906268,0.394673752976858,-5.10542316957332,"SVIL",0.23245373522703,0.873963033937678,""
"HNRNPUL2",0.132122730820965,11.9025684306051,1.08236671720495,0.290084931096847,0.575408959874745,-5.68386401083084,"HNRNPUL2",0.338902602458663,0.537474830699104,""
"STX12",0.132048240988459,11.0687872896905,1.06965537325013,0.297856377547699,0.581896770325109,-5.61035211956946,"STX12",0.342723773137628,0.525993096575305,""
"PRKCSH",0.131384082846402,13.6058542120061,1.47271899641583,0.154111473042918,0.424812219379305,-5.21704854398974,"PRKCSH",0.250204596631979,0.812165028421399,""
"FILIP1",0.131184477637804,11.5026440635985,1.32396243048867,0.198266007341223,0.473984845597048,-5.4094319657029,"FILIP1",0.279166139042698,0.702751739095761,""
"PSMD7",0.130556522021042,13.0538348664849,1.47160448218471,0.15441006948361,0.424812219379305,-5.21855328831016,"PSMD7",0.250204596631979,0.811324381600197,""
"LRRC40",0.130521706247789,11.9037726614404,1.11513626957594,0.277712901258944,0.563258164324246,-5.58533634980183,"LRRC40",0.331746064202979,0.556403944464998,""
"CCT2",0.130491574317967,13.8303159088323,1.75858684949039,0.0916817276975281,0.326587646922538,-4.80123990395559,"CCT2",0.192352589533872,1.03771721123147,""
"HTATSF1",0.130280976334907,10.9110073895942,0.684113879277465,0.500602814486883,0.739415400046638,-6.02508285484728,"HTATSF1",0.435498612027814,0.300506713032457,""
"PPME1",0.130240977212335,13.2314432960401,1.63211772437152,0.116000931785716,0.371117970861202,-4.99236842786335,"PPME1",0.218579923001926,0.935538522257827,""
"MDH2",0.129911070908143,19.9061113338962,1.10439811621801,0.280614476879949,0.565175711521923,-5.66086760058331,"MDH2",0.332875455263854,0.551889927509742,""
"SCRN2",0.129577539963437,13.0384399275803,0.854744678374634,0.401333436562204,0.665943778861039,-5.89652441750493,"SCRN2",0.392225522168252,0.396494656090905,""
"AIMP1",0.129377183113954,13.4431368993056,2.51006507398974,0.0193926648331842,0.155560337890407,-3.46601286891205,"AIMP1",0.0916214501802059,1.71236250846503,""
"AGFG1",0.129083943591958,9.93836249174159,0.881665625479073,0.388712396492709,0.65525150297535,-5.78274066021296,"AGFG1",0.385928018346528,0.410371608989184,""
"AHCYL2",0.129026025266004,12.0213430053647,1.65055417758556,0.112149488999788,0.364167955210196,-4.96519690405452,"AHCYL2",0.214486524123036,0.950202700904713,""
"EMC8",0.128938541404278,11.2654303285029,0.584302344542834,0.571390836544472,0.781535959462108,-5.67182124062395,"EMC8",0.460306649785907,0.243066728724157,""
"KTI12",0.128797307365515,11.1005401127586,0.666719030732032,0.511740014905205,0.746624249968674,-6.01507931542337,"KTI12",0.439744458320933,0.290950622556765,""
"VCP",0.128286846486759,15.1762717563522,1.98207268814268,0.0592984419666642,0.271386835616233,-4.4376964232464,"VCP",0.159840585178555,1.22695671733,""
"RWDD1",0.127726109578182,12.0046681505249,1.51833096308793,0.142287226322702,0.405386715271348,-5.15466542509857,"RWDD1",0.238763422866295,0.846834086469254,""
"KHDRBS1",0.127675477226392,10.3218092856497,0.789831192773185,0.4408498761717,0.700249886453879,-5.77148982196431,"KHDRBS1",0.412431028085246,0.355709276858674,""
"IARS1",0.127629258825609,11.8328072061756,1.28663564354348,0.210767842312469,0.490574771382858,-5.45497023131343,"IARS1",0.288937222594527,0.676195650440555,""
"TXN2",0.126832660111319,15.0562502733993,0.959618844875873,0.347459680389022,0.623902523281605,-5.78295889869879,"TXN2",0.367464192540015,0.459095584168816,""
"MRPS5",0.12663848089136,9.2901483400863,0.683361113957999,0.505963350614593,0.741530031169053,-5.7485102460547,"MRPS5",0.436744080973557,0.295880940081728,""
"ALYREF",0.126627686121314,11.1677431669377,0.896319547167477,0.379584516488062,0.651491478126928,-5.83974579182161,"ALYREF",0.383713450456036,0.420691511052278,""
"ATP5F1B",0.126407250184013,19.7252244940377,0.982787887377299,0.335734987998585,0.612449048170668,-5.78255160099154,"ATP5F1B",0.360718359935779,0.474003397200225,""
"PADI2",0.125813764790106,17.8225657624685,1.20916611425209,0.238639112099139,0.520767886984498,-5.54587163273526,"PADI2",0.306720271117022,0.622258375515763,""
"NCK2",0.125560750992099,11.5708890863729,0.753942646385427,0.459468889651053,0.715562207700172,-5.90989482252475,"NCK2",0.421449632038131,0.337743889088054,""
"ITGA1",0.125404573966316,10.7152566814805,1.11142240700941,0.279922802497789,0.564409846818116,-5.56111680397587,"ITGA1",0.332424378622107,0.552961722485593,""
"MTPN",0.125313687983329,14.8652939837501,0.998144431895723,0.328389463914929,0.607955672044186,-5.76789898910146,"MTPN",0.358071865061209,0.483610785282838,""
"HNRNPA1",0.125218134368858,14.3451340584681,1.72981012788105,0.0967955746060614,0.336435103970582,-4.8456929719112,"HNRNPA1",0.198152514550522,1.01414449773398,""
"VPS29",0.125170761201785,12.4809755674867,1.10575841160795,0.280037148159407,0.564409846818116,-5.65943407763031,"VPS29",0.332424378622107,0.552784353763054,""
"CARD19",0.125166412995474,14.4706408570033,1.63322080716716,0.115767419352469,0.370870121952428,-4.99074946546516,"CARD19",0.218433945712628,0.936413647744393,""
"SEPTIN7",0.124312096714446,11.3062954153417,0.870981033839798,0.392586418534292,0.657993524701799,-5.88289146091762,"SEPTIN7",0.387543005883903,0.406064728825769,""
"PRKACA",0.124298285648234,15.1364571215127,1.61739267655251,0.119155998320598,0.37542659976919,-5.01389723343822,"PRKACA",0.221117606026993,0.923884090355154,""
"NDUFAF7",0.12401124520833,12.6961963434553,0.809851154615306,0.426160706827089,0.688003620353258,-5.93296447464932,"NDUFAF7",0.405218259878083,0.37042659590492,""
"EEF2",0.123643293796476,16.3644313818986,1.98394012102696,0.0590768976016857,0.271147812069276,-4.43452753507044,"EEF2",0.159699805823763,1.22858231955247,""
"ARL6IP5",0.12351235541624,14.7955356607002,1.19794477423057,0.242896410019444,0.525816567116923,-5.55862889017707,"ARL6IP5",0.309693827240015,0.614578903969127,""
"EMC2",0.122967322842626,11.6254452117061,1.11335094459656,0.277326189548073,0.563258164324246,-5.63039532942279,"EMC2",0.331746064202979,0.557009115495564,""
"TFRC",0.122886607803284,12.1791647552829,0.790294131869691,0.437268695586743,0.697344285438454,-5.94825905156592,"TFRC",0.410719696120501,0.359251613029201,""
"NDUFB10",0.122851628224812,16.3031675553251,0.993127033009961,0.330777148214441,0.609225564299781,-5.77270929594226,"NDUFB10",0.358819802302848,0.480464501378186,""
"CTSB",0.122793763261621,13.6713810636684,1.29364916677036,0.208373531648301,0.487149308895293,-5.44649931290427,"CTSB",0.286919704216098,0.681157447508447,""
"ME1",0.122593325350397,13.7987842654002,1.12992021691998,0.269925504349441,0.555763223908555,-5.63370837808643,"ME1",0.327331717209315,0.56875607848563,""
"ARF1",0.12227271831696,14.5600045028815,1.59627856780482,0.12380466890802,0.380446965399753,-5.04449722193109,"ARF1",0.224074485561615,0.907262976941464,""
"EPS15L1",0.121384498998902,10.2438881751632,1.03356879400717,0.311870804539017,0.597456845618559,-5.73330710248906,"EPS15L1",0.351888298508507,0.506025279366193,""
"CYC1",0.121260622259427,16.7605038136628,0.868758923374426,0.393776219626223,0.659132140858856,-5.88477144901021,"CYC1",0.388213624532093,0.404750514701075,""
"LETM1",0.121109687304257,12.893007414188,1.55953682111605,0.132252843089491,0.392917160382055,-5.0969797267799,"LETM1",0.231419142713963,0.878594982999352,""
"NUBPL",0.12081303870999,9.675906063991,0.810064828735289,0.426398891804132,0.688003620353258,-5.91131265106336,"NUBPL",0.405218259878083,0.370183932696249,""
"RPS9",0.120701312340392,11.4069086316037,0.852215652793923,0.402707037425412,0.667173374722483,-5.89862629377603,"RPS9",0.39294972576339,0.395010780900843,""
"RPS29",0.120372463134441,10.2100457032783,0.6942583391007,0.495324574012522,0.73745988251997,-5.94871355621774,"RPS29",0.434346857319153,0.305110125291733,""
"CDK4",0.119994639451228,10.8999946417324,0.384982463339364,0.710977846698313,0.863961328207959,-5.53441630345331,"CDK4",0.508853290392032,0.148143931206335,""
"UGP2",0.119986154619092,16.7155890740391,1.76423485172185,0.0907056270839581,0.325132560661397,-4.79244976606352,"UGP2",0.191495577295464,1.04236576987808,""
"CTSZ",0.119841391687769,10.377781697411,0.803023580603646,0.430018580101337,0.690730910493678,-5.93834411130944,"CTSZ",0.40682457085115,0.366512779161914,""
"L3HYPDH",0.119740938732974,11.2352923625175,0.709229437116718,0.485813058972431,0.732485249839193,-5.96601549751101,"L3HYPDH",0.431416913436878,0.313530815254561,""
"UBA6",0.119640450835805,10.7386371208175,0.804516447545274,0.429529020717063,0.690331714553124,-5.91568381812222,"UBA6",0.406589453651769,0.367007488150553,""
"SH3BGRL",0.119056155826184,10.8373786682742,0.730265535094079,0.476141825512326,0.725356483120905,-5.77844053845648,"SH3BGRL",0.427218234303216,0.322263667314881,""
"SOD2",0.118964889646449,17.0987409905652,1.1449315450888,0.26377907638181,0.548231694308783,-5.61747542626375,"SOD2",0.322895820030354,0.578759656751421,""
"ATP5F1A",0.118791671759073,18.3768041202228,0.89978225486626,0.377375719328036,0.651491478126928,-5.85811912391398,"ATP5F1A",0.383713450456036,0.423226046145331,""
"PTBP1",0.118776606513233,14.25215559071,0.558049262989651,0.582863253063871,0.78778686020525,-6.03631683753307,"PTBP1",0.463988286112916,0.234433324153276,""
"RMND5A",0.118468709077165,9.42006541969125,0.54745420752911,0.592410782606511,0.79413235175103,-5.84014449822806,"RMND5A",0.467725634240433,0.227377045383963,""
"EMC10",0.118241255655581,9.493665383154,0.53253162142054,0.600091329731904,0.798634557784467,-6.05010341735548,"EMC10",0.47037732972649,0.221782647982767,""
"OXSR1",0.118197478718768,15.0004114144578,1.06175064221698,0.299152497606437,0.582471884034393,-5.70500450382874,"OXSR1",0.3430625018443,0.524107366907961,""
"RPLP2",0.117772972746717,15.382736562697,1.49481253364564,0.148288155171469,0.414209326761646,-5.18702604222191,"RPLP2",0.243959737493017,0.82889353777212,""
"ITGAV",0.117741871076563,10.7331273930192,0.677450093391702,0.505036266738417,0.741530031169053,-6.00797723359602,"ITGAV",0.436744080973557,0.296677434002455,""
"NDUFS6",0.117648321882236,14.2017600094312,0.833278878262019,0.413087364412929,0.676799385003895,-5.91417883020171,"NDUFS6",0.398619223743357,0.383958089094261,""
"TUBA3C",0.117594546329512,13.3076250378404,1.15773222053009,0.25861953203965,0.543005424750199,-5.60348245250243,"TUBA3C",0.319817667832412,0.587338678462937,""
"ARHGDIB",0.117233989873037,11.0539561228998,1.12493720036253,0.271988770280679,0.557691564180751,-5.63905463512805,"ARHGDIB",0.328467465142082,0.565449026501877,""
"ABCE1",0.117016079152172,12.7501897401761,1.57556024865517,0.128511707940696,0.387021589423927,-5.07421194264453,"ABCE1",0.227946787432731,0.891057304531802,""
"LAMP1",0.116956636926679,11.1673995938304,0.678684964513596,0.504938650985435,0.741530031169053,-5.95121214020411,"LAMP1",0.436744080973557,0.296761384568463,""
"WDR1",0.116754892907622,16.3547144830144,1.80734210760405,0.0835449774478765,0.312845065955135,-4.72466285438918,"WDR1",0.184258526390737,1.07807965387637,""
"ACO2",0.116393054362401,17.4920886059977,0.960919193473453,0.346388559581966,0.622992883140553,-5.80305745998954,"ACO2",0.366928435482685,0.460436460166443,""
"GSTZ1",0.116365331707941,12.9810739462212,1.0002552404176,0.327837352109986,0.607955672044186,-5.74462999287414,"GSTZ1",0.358071865061209,0.484341566655989,""
"PALLD",0.115580254649391,11.7223969056085,1.15144375318438,0.261144835636223,0.545130327450541,-5.61037393252316,"PALLD",0.321069186500584,0.583118558289052,""
"ZYX",0.115358632686103,10.7749024479037,1.04658585573924,0.305949797342021,0.591310015191491,-5.72032011821881,"ZYX",0.348267957196722,0.514349830139407,""
"TPD52L1",0.115328270806634,9.93148488931716,0.755958817625732,0.457526215600748,0.714089962659696,-5.95272741443596,"TPD52L1",0.420582513674554,0.339584016429101,""
"OLA1",0.114238586246575,14.3820559387664,1.36584397059482,0.184934613971027,0.464447390981004,-5.35701383110711,"OLA1",0.27354879830662,0.732981794899752,""
"PRKAR1A",0.114059958306553,15.6794722564816,1.43575386987342,0.164267003212369,0.438989336269616,-5.26645318154208,"PRKAR1A",0.258554591408795,0.784449665791835,""
"ATP5F1D",0.113811148686096,13.4006761927063,0.841498681249348,0.408561032699339,0.672095805658189,-5.90746832181083,"ATP5F1D",0.395848924022133,0.388743057406634,""
"DNPEP",0.11377355741233,14.1751793245525,1.50239794143671,0.146330562975349,0.412085282557916,-5.17663386014155,"DNPEP",0.242708724459542,0.834664956545248,""
"TACO1",0.113703354263995,13.1404930788468,1.12719240637586,0.271053560345879,0.556884789691964,-5.63663764932683,"TACO1",0.327992293580786,0.566944883795991,""
"SRL",0.113546889306374,17.7841474483443,1.12117728000675,0.273553195264612,0.558479840432117,-5.6430746554796,"SRL",0.328931741668298,0.562958208038094,""
"RRAS",0.113516982225155,12.7026742390398,1.25547862595744,0.221661041293065,0.501840894767418,-5.49211961604321,"RRAS",0.295572709354203,0.654310630919026,""
"SULT1A3",0.113130138569655,11.6988318756087,0.812089938364355,0.424900392281538,0.687911092987182,-5.93119111658454,"SULT1A3",0.405163763394106,0.37171286795584,""
"SCP2",0.113117246928821,12.6980913306562,1.42974953368374,0.165966207551927,0.441343749701689,-5.274379598493,"SCP2",0.259941286603056,0.779980329837698,""
"RANBP1",0.113094926669151,11.9190415539155,1.33926574834907,0.193310406285494,0.468956919188374,-5.39043986128416,"RANBP1",0.276204806384199,0.713744766402274,""
"TST",0.11301605061316,14.5216617258365,0.949542747762293,0.35202046093552,0.62698171649212,-5.81355680665209,"TST",0.369277766302828,0.453432092734546,""
"USP14",0.112850066104254,13.9097394282298,1.98721185856958,0.0586905151166267,0.270675741214201,-4.42897061166205,"USP14",0.159421766980981,1.23143207874121,""
"CCDC25",0.1124870539364,11.4516207134132,0.922697185986121,0.365967051220768,0.638500422551943,-5.81651682317164,"CCDC25",0.376062018431054,0.436558013286306,""
"NARS1",0.112446865491835,14.3848035634685,1.42393387445363,0.167625409043288,0.444106541628101,-5.28203053509871,"NARS1",0.261568507309033,0.775660149363902,""
"PSMB7",0.111981945073284,12.6260560897298,0.644229968796338,0.525672848870822,0.755216356469641,-6.05119902342038,"PSMB7",0.444805010826778,0.27928445381683,""
"UBE2L3",0.111935788373328,14.9509226097426,1.59923765384115,0.123144221769173,0.380048546494517,-5.04022796986667,"UBE2L3",0.223839826018109,0.909585961515802,""
"CAPN1",0.111771678943741,14.8007176361271,1.52780146315496,0.139927473798639,0.402766115536988,-5.14151812126282,"CAPN1",0.237219950081008,0.854097006396566,""
"CD44",0.111676260998729,12.2029438877099,0.735256896103117,0.469467020119555,0.723854238020908,-5.98939643123606,"CD44",0.426333446596694,0.328394911349247,""
"PCNA",0.111593003403007,11.8265179664735,0.906143792295494,0.375402610991635,0.649639321981899,-5.78716852234941,"PCNA",0.382622573216574,0.425502711109143,""
"HLA-DRA",0.11128906109931,12.6069897604133,1.01980473691653,0.318218586433867,0.602763248377377,-5.74687842750914,"HLA-DRA",0.355013647312684,0.497274457782056,""
"PRR33",0.110985602703911,13.0586766320781,0.992642621421666,0.331453738230645,0.610079374224015,-5.75192089666073,"PRR33",0.359322676650497,0.479577078520682,""
"PAFAH1B1",0.110828732103494,13.4497661600522,1.3763798521036,0.181694528361016,0.460746682244842,-5.34360935374193,"PAFAH1B1",0.271369166237805,0.740658151054089,""
"GLG1",0.110364112328392,12.1907920997508,1.02459365736141,0.31599985227539,0.600546500940091,-5.74217536599011,"GLG1",0.353708034213344,0.500313120406906,""
"RBKS",0.110324796635089,13.7308242970541,0.553190161916263,0.585595562129415,0.789070373101016,-6.08350682009839,"RBKS",0.464744245597383,0.232402223189435,""
"GAMT",0.109066155014439,14.7617411261729,1.0167908231362,0.319620509640718,0.603917614418855,-5.7498280030304,"GAMT",0.355693542279442,0.495365360340522,""
"DDX17",0.108844956289198,12.9692242894652,1.49672685202238,0.147792121745971,0.414165006536656,-5.18440744491646,"DDX17",0.243933633902983,0.83034871596449,""
"GSS",0.10880385062371,13.1784212153337,1.38416881431289,0.1793281571186,0.456935802480134,-5.33364376566991,"GSS",0.269124645974864,0.74635151455851,""
"HSPA4",0.108769957926656,13.2101937570063,1.48788679456068,0.150094054865059,0.416944105852113,-5.19647681041861,"HSPA4",0.24557045928489,0.823636509558415,""
"FLOT2",0.108406869079785,11.4874413510874,0.960953755173462,0.346371543421805,0.622992883140553,-5.80302538727793,"FLOT2",0.366928435482685,0.460457795183951,""
"PTGR1",0.108027180706125,11.7308338319579,1.02248609372304,0.316974962837159,0.602000194672163,-5.74424761833555,"PTGR1",0.354564226284257,0.498975040403985,""
"HK1",0.107953905004528,14.5836706192246,1.0379440834664,0.309871722951803,0.594422380799708,-5.72895840252242,"HK1",0.350101068736482,0.508818053080837,""
"SNF8",0.107933226312799,10.7661988951663,0.693565236078052,0.495750210523243,0.737468494353573,-5.9527033777867,"SNF8",0.434351929490467,0.304737092696914,""
"NDUFB11",0.107823777867832,13.109811964808,0.843328903380181,0.407557494826569,0.671586287353458,-5.90596573631045,"NDUFB11",0.395548829495431,0.389811115943449,""
"LSM1",0.107564970824066,12.0009342685812,1.09180140791855,0.286488863119155,0.571779863396,-5.65300904173753,"LSM1",0.336765148357344,0.542892255999926,""
"JPT2",0.106941537765701,10.6327783659459,0.917851080100653,0.368893029690669,0.642255098500958,-5.79563697085867,"JPT2",0.378273435943195,0.433099550778832,""
"NDUFS1",0.106684950566912,17.4335407330384,0.864303535174672,0.396168796531165,0.661007658047567,-5.88852733674465,"NDUFS1",0.389318260887336,0.402119733815129,""
"DLD",0.106479405699783,16.4887227008199,1.20913756071934,0.23864987351707,0.520767886984498,-5.54590422717254,"DLD",0.306720271117022,0.622238791471017,""
"SEC31A",0.106376480874482,12.9510196664063,0.876357849013177,0.389717085155198,0.656558665814404,-5.87832390237628,"SEC31A",0.386697907101977,0.409250554366466,""
"SARS2",0.106056300605536,12.6759688566341,1.21067014258801,0.23807278070605,0.520767886984498,-5.54415379842184,"SARS2",0.306720271117022,0.623290255434712,""
"KIAA1671",0.105508060411724,10.7819738044099,0.658021643763488,0.518229380194733,0.752468060309856,-5.95365696135921,"KIAA1671",0.443186327792922,0.285477969013743,""
"COA1",0.105221835250303,11.7434259072164,0.595951504431061,0.557740334977778,0.773828268928817,-6.01468714143585,"COA1",0.455766997881204,0.253567946821241,""
"SF3B2",0.104702473084711,11.7767612104403,0.929697743768737,0.361991709719262,0.635897753714608,-5.83159514395505,"SF3B2",0.374529106530442,0.441301375501105,""
"APEX1",0.104682478563147,11.4663525431792,1.17107834802364,0.253319845683946,0.535703935450412,-5.5887462371868,"APEX1",0.315517259083023,0.596330785205871,""
"YWHAH",0.104568904460491,12.389619617506,1.11995674139148,0.274062441812365,0.558658244377662,-5.64437703919247,"YWHAH",0.329036817476376,0.562150477161195,""
"TOLLIP",0.103561319163981,14.0781686785466,0.944707923544349,0.354432534741367,0.628152710086186,-5.81798392231176,"TOLLIP",0.369967454514457,0.450466419374948,""
"WARS1",0.103115292625574,14.6346661777758,1.36724798861828,0.184500226574366,0.464447390981004,-5.35523257665958,"WARS1",0.27354879830662,0.734003096171931,""
"NDUFA5",0.102958688938376,15.5491741427792,0.846463553104373,0.405842358819684,0.670318636481877,-5.90338511502326,"NDUFA5",0.394802212377266,0.391642626495414,""
"CASP7",0.102868087259539,11.25103844605,0.575485600528851,0.572742118098711,0.781855779902149,-5.91704676693238,"CASP7",0.460495016646709,0.242040878724842,""
"PSMB5",0.102867864725583,13.960366737521,1.31721811229792,0.200481160989268,0.477685561625012,-5.41774268681014,"PSMB5",0.281345775406217,0.697926431337092,""
"FUS",0.102801559382042,12.1500010651431,0.5521187915823,0.58608658309797,0.789164068637793,-6.10571334001128,"FUS",0.464799430106952,0.232038220527972,""
"CSNK1A1",0.102745709725404,11.1655430380759,0.794062955198351,0.435464980887872,0.695966353383295,-5.92384244870196,"CSNK1A1",0.409908125929439,0.361046764235337,""
"LRRC39",0.102040538601567,12.7032496011458,1.08286441126657,0.289868490724171,0.575408959874745,-5.68334912262328,"LRRC39",0.338902602458663,0.537798990744864,""
"EIF4B",0.10187191227778,10.9644404420421,0.489465182897593,0.629055823235065,0.81836487042945,-6.13812045437634,"EIF4B",0.481998028688431,0.201310812985241,""
"ZYG11B",0.10157020558508,10.5215150048761,0.642387512165428,0.527122030929753,0.755216356469641,-6.03077891876676,"ZYG11B",0.444805010826778,0.278088832179511,""
"IARS2",0.101531606647301,14.6830806587775,1.32656409102831,0.197416609982641,0.4733509107819,-5.40621634808345,"IARS2",0.278792766061698,0.704616310023364,""
"GAA",0.101312296305696,12.1065667214156,1.2282973257389,0.231510562526828,0.513989341920028,-5.52388131644384,"GAA",0.302727864457709,0.635429189775749,""
"CDC34",0.101235367146911,11.7698689306117,0.72983813167808,0.472711103450721,0.724924067181909,-5.99329387525603,"CDC34",0.42696355129115,0.325404196489673,""
"PXN",0.100867402004091,10.3581217275822,0.653016762822835,0.522757052439441,0.755216356469641,-5.85168605581877,"PXN",0.444805010826778,0.281700099467014,""
"LHPP",0.100647318380865,10.9445952521502,1.06971872267611,0.295624277870291,0.579945282784991,-5.69687727561289,"LHPP",0.341574391998072,0.52925990278012,""
"ARF6",0.100598363649757,11.8554538482311,0.972682352365561,0.340629805722578,0.618527692139374,-5.79208010967557,"ARF6",0.364298540996677,0.467717353159982,""
"DERA",0.100580693776189,11.6914207487566,0.938829170739434,0.357801233830812,0.631388005971315,-5.80200374764072,"DERA",0.371872969151269,0.446358166158279,""
"SMYD2",0.100240178919393,13.1148049896863,1.12246929187563,0.273513974993636,0.558479840432117,-5.62070805665463,"SMYD2",0.328931741668298,0.563020478809285,""
"PPP1CB",0.100009584761029,14.9307907586876,1.54436692855701,0.135877027186731,0.397731756959618,-5.1183619653861,"PPP1CB",0.23425482902354,0.866853963498521,""
"DNAJB4",0.0999889643182978,14.0368991492547,0.985865855254587,0.334253737661938,0.611304409108422,-5.77963142009736,"DNAJB4",0.360044193935383,0.475923727710319,""
"HYPK",0.0998571242869559,12.1754411045284,0.631255213556154,0.534536950295781,0.759126010282125,-6.01744971203372,"HYPK",0.447107706725104,0.272022268462859,""
"DDB1",0.0997944603131273,14.9507883188985,1.33496963277589,0.194691721050573,0.469753234278721,-5.39579034708124,"DDB1",0.276673817601116,0.71065251575525,""
"BRCC3",0.0996747333307191,12.2915550976687,0.763565190579728,0.452734112250114,0.709316464706962,-5.9685896147002,"BRCC3",0.41777103350684,0.344156781396397,""
"RACK1",0.0996087820783185,13.9840892755385,1.19177911673596,0.245259693844418,0.527951374017016,-5.56559389415222,"RACK1",0.310951179253347,0.610373818199028,""
"IGKV3-20",0.0995291833812111,13.8353968447986,0.408889289259913,0.686327973496301,0.849456921388681,-6.17417494667173,"IGKV3-20",0.50031052939776,0.163468299685025,""
"LAMTOR1",0.0994326686435691,11.3984157087017,0.890477053479159,0.38224724416003,0.652090610866946,-5.86620483811344,"LAMTOR1",0.384066325817683,0.417655636982761,""
"CPNE3",0.0990010812648254,11.3424849122004,0.791809677206741,0.436401598151501,0.696704455091568,-5.94708645374246,"CPNE3",0.41034285080732,0.360113667645778,""
"NEDD4",0.0986241404649011,10.4317964827631,0.606792212315277,0.550999509681228,0.7720462797099,-5.98557052559149,"NEDD4",0.454717447342444,0.258848787614334,""
"LRPPRC",0.0984977775927316,15.4822207944364,1.34778270780366,0.190594652011031,0.46828428413363,-5.37978933884167,"LRPPRC",0.275808639854906,0.71988928960894,""
"PSMD12",0.0984603105896564,12.7689039269071,1.30089841649766,0.205920868170368,0.485711647365713,-5.43770199361893,"PSMD12",0.286072954742583,0.686299639433447,""
"PLN",0.0981822158050321,12.5771906342016,0.529567255892144,0.601385836827064,0.798872465989198,-6.11781625308064,"PLN",0.470517452170442,0.220846804137534,""
"PGLS",0.0981511580184957,13.0683083102993,1.25626145826471,0.221382177999799,0.501840894767418,-5.49119590006165,"PGLS",0.295572709354203,0.654857344197509,""
"DARS1",0.0978639558589922,12.4509350280788,1.29904637681694,0.20654534176578,0.486468633895718,-5.439953559293,"DARS1",0.286518802344784,0.68498459525641,""
"PCCB",0.097649876551003,13.5977015839893,1.20180378732588,0.24142595598488,0.52435120962956,-5.55425347720596,"PCCB",0.308830765486323,0.617216040224495,""
"ACAA1",0.0973239229488492,12.0233224221059,1.13264303963615,0.268802934395856,0.554648129762054,-5.63077815909287,"ACAA1",0.32667495248268,0.570565994602692,""
"COPB1",0.0970260817773987,10.7314560790186,0.67587036119727,0.506020022967588,0.741530031169053,-6.0090295644293,"COPB1",0.436744080973557,0.295832297997578,""
"PCNP",0.0970137883826201,10.3450160135502,0.642630097551773,0.526692585094166,0.755216356469641,-6.05221512185943,"PCNP",0.444805010826778,0.27844279570243,""
"CTBP1",0.0966573979492633,12.1128917979916,1.09433304112547,0.284912990204932,0.569428334924582,-5.67142524511822,"CTBP1",0.335380152338352,0.545287749266282,""
"PPP1R14B",0.0961857015390848,10.3334368115183,0.549548183123673,0.589212823461715,0.791851835717202,-5.99074046481805,"PPP1R14B",0.466382462908896,0.229727809863931,""
"CKAP4",0.0961749917037835,10.9589116539602,0.728160393182199,0.474382719391179,0.725252630657195,-5.94751791036709,"CKAP4",0.427157067598007,0.323871139647473,""
"TIGAR",0.0956841458542996,10.8571470515294,0.714869508122806,0.4820513894559,0.730087350291749,-5.98236359499456,"TIGAR",0.430004605923905,0.316906660998783,""
"DPYSL2",0.0955202050552124,13.8515659931658,1.34298970903151,0.192119266280464,0.468956919188374,-5.38579009499192,"DPYSL2",0.276204806384199,0.716429080636834,""
"TIMM10",0.0952057944010569,11.5686861363211,0.753996879456157,0.458349429389938,0.71498516654291,-5.97570604375475,"TIMM10",0.421109768109067,0.338803304977047,""
"MTOR",0.0951948180734767,10.1537705573444,0.641930746131722,0.528404179195572,0.756136724731844,-5.957548164846,"MTOR",0.445347086499963,0.277033756170307,""
"INPP1",0.0951011254023015,11.7185176469117,0.467517937452048,0.644631584857525,0.828960433157085,-6.12693508403815,"INPP1",0.488238570691272,0.190688419280895,""
"LAMA4",0.0949067672873838,12.4232983837801,0.888074663938321,0.383511602109021,0.652982069891475,-5.86827966007694,"LAMA4",0.384591374616825,0.416221493108198,""
"MT-ATP6",0.0948522710861521,15.1595509354866,0.490704638455495,0.628393247020312,0.81836487042945,-6.11588455994945,"MT-ATP6",0.481998028688431,0.201768490719227,""
"SMTNL2",0.0943972873037016,14.6818756992056,1.00248502425389,0.326333483427172,0.607955672044186,-5.76371965209807,"SMTNL2",0.358071865061209,0.486338363167053,""
"GPC1",0.0943281652604089,10.7305581885321,0.726608144455533,0.475313962200962,0.725252630657195,-5.94997836603061,"GPC1",0.427157067598007,0.323019428251481,""
"MYH11",0.0937621634498189,10.6336475889287,0.385411452129996,0.704864720026745,0.860396073358834,-6.00880824082888,"MYH11",0.506753437537708,0.151894226247484,""
"IGLC2",0.093618839741664,15.7939947353812,0.392035265978275,0.698569359156815,0.856794755824015,-6.18091120016539,"IGLC2",0.50463234459349,0.15579046742576,""
"MAP2K1",0.0935419478552291,13.2976555835483,0.951188006056282,0.351202177950084,0.626461208396529,-5.81204553036563,"MAP2K1",0.368971199042848,0.454442799517728,""
"ETFDH",0.093507432540493,14.4384635181324,0.93235608564784,0.360645173367803,0.63484190321167,-5.82919926342005,"ETFDH",0.373907234943091,0.44291987573998,""
"CAB39",0.0932918141592918,14.5583500471054,1.10913205162239,0.278609037558943,0.56363340228282,-5.65587199683943,"CAB39",0.331967070703694,0.555004799978391,""
"TRAP1",0.0931989766187549,13.4737937559194,1.02895842095072,0.313987073178345,0.599661965002538,-5.73787137212762,"TRAP1",0.353187062952712,0.503088231426392,""
"RHOG",0.0931694638398088,10.934762758642,0.957410091366596,0.348119187083151,0.62433844104451,-5.80630831686992,"RHOG",0.367720938045574,0.458272039299182,""
"FSD2",0.0931595661006757,13.3445702499743,1.15856254100795,0.25879972234079,0.543005424750199,-5.58167525026782,"FSD2",0.319817667832412,0.58703619394587,""
"ADGRE5",0.0931085361059676,10.6031924774846,0.456608763841485,0.655803369584038,0.833876275149912,-5.71733853190799,"ADGRE5",0.491133888214669,0.18322635621195,""
"PHB1",0.092597766074114,15.4174312196192,0.980810528109366,0.336688948950711,0.613407856103586,-5.78442317169878,"PHB1",0.361283075688198,0.472771138106979,""
"EPHX2",0.0925960173097824,13.1549758963475,0.713537611649993,0.482858960384852,0.730355888544105,-5.98329784875542,"EPHX2",0.430162768759261,0.316179705007198,""
"LDHB",0.0925500448056731,16.1600931566488,0.533548227421661,0.598671170351529,0.797856785428934,-6.11571550963006,"LDHB",0.469919239752591,0.222811655264557,""
"DSTN",0.0924661118500474,12.2123413134855,0.845857524619341,0.406173591274936,0.670479057874015,-5.90388473284398,"DSTN",0.394896696876252,0.391288317111454,""
"TBCB",0.0919969713742521,12.6455988297142,0.863048748408779,0.396844310249241,0.661176326092977,-5.88958185871307,"TBCB",0.389417602474846,0.401379842005875,""
"LDB3",0.0918023949282336,17.6996399621026,1.25410911416722,0.222149537981191,0.502159650180057,-5.49373439030303,"LDB3",0.295760448938436,0.653354585652585,""
"USP7",0.0917194387222207,11.3526342270503,0.997840678490253,0.328981422002744,0.608492488088915,-5.74694801409113,"USP7",0.358388037327,0.482828626516601,""
"MCU",0.0917080154892211,12.7910577173899,0.795233404178845,0.434446650440505,0.695503189972949,-5.94442964772113,"MCU",0.409635333366105,0.362063546814467,""
"SUCLG2",0.091336711364125,13.7529310833616,0.596069248342884,0.556834440834704,0.773717736642682,-6.0807167529797,"SUCLG2",0.455701896914693,0.254273910965945,""
"EIF3K",0.0908494191152744,13.7561609052831,1.04389758549888,0.307166052833392,0.591609667326721,-5.72301427259362,"EIF3K",0.348444445391282,0.512626783047382,""
"FBLN5",0.0907019955085211,12.7395161987195,0.522581613228593,0.606163668545205,0.803356199312108,-6.12146544589403,"FBLN5",0.473158267656172,0.217410097369889,""
"TIMM13",0.0906897056995959,12.3112376047153,0.906142345140223,0.374069587766841,0.648900847585846,-5.85254754248127,"TIMM13",0.382187628834189,0.427047598944097,""
"RCN3",0.0904240566684145,9.97472077805157,0.25378966933584,0.80414982156435,0.91219182671988,-5.34650806443328,"RCN3",0.537259941319274,0.0946630300861413,""
"BGN",0.0901360966219578,13.5368215197512,0.366742445248314,0.717096793022208,0.866933396038668,-6.19049519204906,"BGN",0.510603769777564,0.144422219732103,""
"MYL9",0.0900779746299918,12.2623395905251,0.658817869664282,0.516707448318457,0.75195636787808,-6.02023892340766,"MYL9",0.442884952755548,0.286755278070574,""
"ACSL1",0.0898280608352451,16.7026231911607,0.908456227415619,0.372871522004279,0.647393010214634,-5.85051147589393,"ACSL1",0.381299547408938,0.428440784535397,""
"LONP1",0.0898222648888165,14.1266709885238,1.03807989697433,0.309809813915184,0.594422380799708,-5.72882314713717,"LONP1",0.350101068736482,0.508904829114891,""
"UBQLN1",0.0896201611156275,13.2338527699407,0.955611226466153,0.349008621424238,0.624725432349386,-5.80797054642569,"UBQLN1",0.367948866996107,0.457163844700631,""
"SNRPC",0.0895423676655103,10.620313337633,0.63925979481752,0.52884428537609,0.756136724731844,-6.05434767167563,"SNRPC",0.445347086499963,0.276672184216135,""
"BABAM1",0.0895305477130925,11.5161518899932,0.630205731502704,0.534916865588779,0.759126010282125,-6.03842803502523,"BABAM1",0.447107706725104,0.271713708860135,""
"UNC45B",0.0893967965655946,14.6452568176628,1.42068683064614,0.168557542681883,0.444929771650612,-5.28629094035803,"UNC45B",0.262053370800057,0.773251808721013,""
"TMX1",0.0891461780754383,12.8265802735175,1.26625654482064,0.218391385711179,0.498384803726548,-5.45879083031053,"TMX1",0.293537151464489,0.660764496058338,""
"ACTB",0.0889236959955859,17.2699520734909,1.32498377082603,0.197932218581112,0.473788917498264,-5.40817024654789,"ACTB",0.279050741912652,0.703483507394808,""
"TOMM20",0.0888727874780457,10.5153140397013,0.487148738829353,0.631884020640393,0.820360759344553,-6.02009486177991,"TOMM20",0.483173561213497,0.19936262712604,""
"MTRF1L",0.0885844045946698,10.0984718379116,0.393306656536156,0.699137340908074,0.856794755824015,-6.00180253266149,"MTRF1L",0.50463234459349,0.155437501594001,""
"ACTR2",0.0885642145927665,11.84540651791,0.886982254022584,0.384087429490551,0.652982069891475,-5.86922139026316,"ACTR2",0.384591374616825,0.415569906300651,""
"MRPL43",0.088558623112629,10.4891748137984,0.566900360313703,0.576163938734757,0.784377709090722,-6.09751392095069,"MRPL43",0.461980374756896,0.239453927066716,""
"MGST3",0.0883442162214205,13.8375246899357,0.634072163750742,0.532165510586743,0.757950162234649,-6.05760899054016,"MGST3",0.44641515935241,0.273953275307418,""
"COQ5",0.0883352845317198,13.9984239877738,0.845329029890206,0.406462586952376,0.670569613497469,-5.90432015664753,"COQ5",0.394950032049313,0.390979423078281,""
"MIF",0.0881879904122833,16.9322804290469,0.773268876407888,0.447081817543676,0.705163659609213,-5.96128548318938,"MIF",0.415325127111088,0.349612992178534,""
"NFU1",0.0881504738501206,12.0310836641241,0.767187179442657,0.450619329193004,0.707939527596688,-5.96587352200001,"NFU1",0.416960049315361,0.346190183269495,""
"PTMA",0.0880801483983564,8.87886935079956,0.249961275964937,0.806131029245946,0.91219182671988,-5.9828466289146,"PTMA",0.537259941319274,0.0935943618505985,""
"SEPTIN11",0.0877445983457648,11.6350895917095,0.924259371373406,0.364756859812999,0.637378673889219,-5.83647683023159,"SEPTIN11",0.375401334347885,0.437996531782919,""
"RBX1",0.087723566467476,13.5664052830294,0.595627462433927,0.557124675698661,0.773717736642682,-6.0809772542038,"RBX1",0.455701896914693,0.254047605707783,""
"RABGGTB",0.0874275861032441,11.4008674182511,0.714531549450428,0.482967959233679,0.730355888544105,-5.93822188580741,"RABGGTB",0.430162768759261,0.316081679992946,""
"RTN2",0.0873881596139601,15.2872152387789,0.808273869606798,0.427050026249046,0.68866625854576,-5.93421108052094,"RTN2",0.405608538486146,0.369521247103029,""
"FAU",0.0873298134788847,12.1772829846172,0.425336158808658,0.674824441200953,0.845036163310873,-6.12533826840677,"FAU",0.497706804878532,0.170809196257071,""
"PPP5C",0.0868474844041387,13.7424818445446,1.107429338359,0.279329159927946,0.564173987329787,-5.65767103473606,"PPP5C",0.332285462824852,0.553883724754554,""
"CLTB",0.0867610292879473,12.6402887605649,1.12224855878306,0.273106792456739,0.558479840432117,-5.64193049487523,"CLTB",0.328931741668298,0.563667498359731,""
"PRKAG1",0.086743070843486,12.4022065370396,0.898495637255261,0.37804686094757,0.651491478126928,-5.85924178809027,"PRKAG1",0.383713450456036,0.422454363682462,""
"SF3B1",0.0867204076933543,11.5054812819879,0.858484026710996,0.399307963636469,0.663351512676826,-5.89340594451245,"SF3B1",0.390698737190336,0.398692028325857,""
"PEA15",0.0864876617744716,12.6843977976552,0.662517028956867,0.514378481847518,0.748947621764765,-6.01783065510022,"PEA15",0.441112870707744,0.28871720767783,""
"GTPBP3",0.0864006115807889,19.9956707673647,0.883684935325323,0.386223591897271,0.653345371497353,-5.85065072585361,"GTPBP3",0.384805350881179,0.413161201509834,""
"CCT8",0.086388346957488,14.4769871698571,1.19288521413866,0.244834469109537,0.527951374017016,-5.56434672778899,"CCT8",0.310951179253347,0.611127439915946,""
"PSMC1",0.0862785867412832,12.3600404693495,1.13482272854087,0.267906751443268,0.553996343778715,-5.62842790861665,"PSMC1",0.326291065575448,0.572016341719861,""
"DYSF",0.0861068046104734,15.6817149846181,1.16103080169782,0.257302124905317,0.54162405916801,-5.59985423939168,"DYSF",0.319004075373141,0.589556627194849,""
"MRPS17",0.0858839333187102,11.7815034700918,0.596153760196046,0.556778929024049,0.773717736642682,-6.08066689882386,"MRPS17",0.455701896914693,0.254317208709526,""
"TMEM65",0.0856460653333091,11.0204335693557,0.501921444279796,0.621351334536119,0.812209138343882,-6.03351062427417,"TMEM65",0.478372444505155,0.206662764550748,""
"NLRX1",0.0856113156152212,14.1187698762323,0.700633230371564,0.490419992448638,0.735373224279004,-6.01382512005432,"NLRX1",0.433117863755238,0.309431833691226,""
"FKBP7",0.085421522782859,10.90551342579,0.654902082188679,0.518898191030714,0.752468060309856,-6.04435875519105,"FKBP7",0.443186327792922,0.284917843328484,""
"COQ10A",0.085251420745081,13.1969121306499,0.826191466518899,0.417015426790194,0.680143611803596,-5.91991513090044,"COQ10A",0.400588896175773,0.379847878729049,""
"MEAK7",0.0850709033829204,10.7003523016239,0.686898053302998,0.505796914664974,0.741530031169053,-5.66281016816324,"MEAK7",0.436744080973557,0.296023824157417,""
"KIF5B",0.0847298603665383,13.2945776604332,1.00111968714974,0.326979231558858,0.607955672044186,-5.76503605523727,"KIF5B",0.358071865061209,0.485479831149576,""
"MRPS35",0.0842948138029662,10.3877482907766,0.645308388960156,0.525262268263179,0.755216356469641,-6.02892390301733,"MRPS35",0.444805010826778,0.279623795225144,""
"BCS1L",0.0841534050613539,13.043975072666,0.738637560514293,0.467449754489957,0.723087661547772,-5.9869509681693,"BCS1L",0.425881950739233,0.330265063979662,""
"PDIA6",0.0839253401656936,13.5847857016323,1.16034902079598,0.257574011378083,0.54162405916801,-5.60060490270024,"PDIA6",0.319004075373141,0.589097958410336,""
"BCL2L13",0.0838191109539022,14.2367658121369,1.18898856365976,0.246334936719092,0.528466860496989,-5.5687358141491,"BCL2L13",0.311254788897578,0.608473989507565,""
"AARS1",0.083793122703284,12.2785868558004,1.09454994517873,0.284819859090368,0.569428334924582,-5.6711986420198,"AARS1",0.335380152338352,0.545429732757525,""
"PAK2",0.0836842708873302,12.3365198130672,0.987640194749462,0.333401890963869,0.610136112281484,-5.77794423241294,"PAK2",0.359356094057377,0.47703194130212,""
"SUCLG1",0.0835937341809583,16.4942146812725,0.805415931230178,0.428664346775497,0.68971611750844,-5.93646400535234,"SUCLG1",0.406226881194512,0.367882636486031,""
"NDUFS7",0.0834932747612189,15.373995996654,0.566797363078352,0.576232786287318,0.784377709090722,-6.09757178282164,"NDUFS7",0.461980374756896,0.239402035020242,""
"SNAP29",0.0830942727129109,12.1218153579858,0.732357190704293,0.471521096406741,0.724287290028891,-5.96994294443093,"SNAP29",0.426588504238718,0.326498871647603,""
"PRDX4",0.0820905066587159,13.5125853116696,0.926159157208385,0.363789316953947,0.636405673592587,-5.83477452809268,"PRDX4",0.374828259620663,0.439150058587745,""
"VAT1",0.0820406585474309,11.9570984273033,0.553983688192833,0.585061449617772,0.789070373101016,-6.08307137586976,"VAT1",0.464744245597383,0.232798517117186,""
"PRKDC",0.0820200702611142,11.645412041921,1.00656951353384,0.32440696042683,0.60685926496567,-5.75977175557599,"PRKDC",0.357426106586499,0.488909836203993,""
"MRC2",0.0819655132308164,10.2384991518741,0.479617024915384,0.636349190660219,0.822407203382098,-6.10088190264039,"MRC2",0.484378869539354,0.196304503910452,""
"PPP2R1A",0.0818380529220235,15.2769684273288,1.29670908589125,0.207335521613631,0.487149308895293,-5.44279111433937,"PPP2R1A",0.286919704216098,0.683326286332496,""
"SELENOW",0.0817292958293585,11.1986768799421,0.513673777999424,0.612282286557533,0.808099755161647,-6.12605012967725,"SELENOW",0.47595211261588,0.21304830460411,""
"DUSP3",0.0817270735956406,15.4377167577209,1.0812802493257,0.290557823571428,0.575887617099356,-5.68498727230995,"DUSP3",0.339184520521152,0.536767426237406,""
"PHYKPL",0.0816466843720196,12.820975156307,0.610941497443107,0.547110010420216,0.768085314048639,-6.07183813310005,"PHYKPL",0.452384529948973,0.261925338904694,""
"VAMP5",0.0815939372764216,11.2003030407948,0.649942165593607,0.522623440795966,0.755216356469641,-6.00047341173716,"VAMP5",0.444805010826778,0.281811115121449,""
"SSR4",0.0810307619325652,12.3998316075439,0.793981201976597,0.435161032219421,0.695966353383295,-5.94540261188695,"SSR4",0.409908125929439,0.361350001751482,""
"SKIC3",0.0809518061035472,10.5813706002779,0.629422223494896,0.53515203029316,0.759126010282125,-6.06051047937784,"SKIC3",0.447107706725104,0.271522822580778,""
"STAM",0.0808174653597771,11.4678883818073,1.02833592578304,0.315238113985117,0.599942485862965,-5.69735797447278,"STAM",0.353352283267779,0.501361279466986,""
"TTLL12",0.0807408376008389,11.7483771141208,0.883615442330387,0.385865673612957,0.653300851452965,-5.8721170041343,"TTLL12",0.384779129602129,0.413563854296055,""
"PRDX1",0.0806470041088012,17.0958262069022,0.989517329217648,0.332502318409782,0.610136112281484,-5.77615626992078,"PRDX1",0.359356094057377,0.478205322183237,""
"SND1",0.0797414705347457,12.129876182423,1.01187361122463,0.322866593842132,0.606354049025486,-5.71343497785364,"SND1",0.357128546053258,0.490976887966907,""
"PSMA7",0.0796758463268734,13.4559925362092,0.928996955517618,0.36234723978045,0.635897753714608,-5.83222568713616,"PSMA7",0.374529106530442,0.440875042618602,""
"OPA1",0.0796699533423926,13.5179693260129,1.22309176248177,0.233434098065804,0.516657849196648,-5.5298947828733,"OPA1",0.304299553680142,0.631835705616217,""
"TMEM38A",0.0796631926076827,11.1962639346978,0.483227866894611,0.634062109962208,0.821379724843508,-6.07496211852483,"TMEM38A",0.483773708384452,0.197868198438951,""
"COL6A2",0.0795317964716045,14.8471152556335,0.645135890384441,0.525095903880441,0.755216356469641,-6.0506225811848,"COL6A2",0.444805010826778,0.279761369503954,""
"MRPL48",0.0795203687056016,11.0333793906999,0.565870462279155,0.577089688351279,0.78517095840288,-6.07647598580615,"MRPL48",0.462447580301188,0.238756685753975,""
"EIF4A1",0.0793468327176399,13.2805511218628,0.64213120920926,0.527010789645982,0.755216356469641,-6.05253147392515,"EIF4A1",0.444805010826778,0.278180493258528,""
"RAB11B",0.0790728042072022,15.1751735483932,0.747590331150806,0.462132361771395,0.717758722404162,-5.980423209167,"RAB11B",0.422743328524336,0.335233618049936,""
"ATAD3A",0.0790144055178086,12.6390022355867,0.787618614209662,0.438802030215957,0.698134872493677,-5.95032394592609,"ATAD3A",0.411185333656879,0.357731371731904,""
"UQCRB",0.0789104564925651,17.1787661775834,0.724422786318939,0.475966233400722,0.725356483120905,-5.99716137802851,"UQCRB",0.427218234303216,0.32242385645578,""
"CCDC124",0.0788465835557464,11.70167863182,0.753481561766453,0.458653028211822,0.715069282960619,-5.97608689007707,"CCDC124",0.421159310738499,0.33851573476002,""
"ARMC1",0.0782808226150706,12.2358710872168,1.08229665077399,0.290115411333496,0.575408959874745,-5.68393648075866,"ARMC1",0.338902602458663,0.537429200258623,""
"ACSL3",0.0782480283028768,12.5863355910124,1.10899272667063,0.278667911184523,0.56363340228282,-5.65601929668398,"ACSL3",0.331967070703694,0.554913037737474,""
"TIMM50",0.0781372296338336,13.2537059277558,0.899398700623947,0.377977942262682,0.651491478126928,-5.83706638954976,"TIMM50",0.383713450456036,0.422533543636619,""
"CAV1",0.0780168944085577,14.4432712414375,1.01998374826263,0.318135454386542,0.602763248377377,-5.74670298702482,"CAV1",0.355013647312684,0.497387928546165,""
"CPSF7",0.0779827721627626,9.40226906798146,0.507755623567985,0.616363370073427,0.809963767511776,-6.12905350692684,"CPSF7",0.477049972886619,0.210163178921299,""
"PYGL",0.0779121505914162,12.0468790833397,0.502800389072602,0.620223248262706,0.811780641828928,-6.08435284856688,"PYGL",0.478120069943427,0.207451958829141,""
"TRIAP1",0.0776830862712323,11.5091774252767,0.46596818370393,0.645930845841804,0.828960433157085,-6.10208509616405,"TRIAP1",0.488238570691272,0.189813975622482,""
"S100A1",0.0776287939889535,16.6001046824516,0.488019792941698,0.630263932678872,0.818628527524848,-6.11719091957202,"S100A1",0.482153316634949,0.200477544987223,""
"PEX14",0.0770927634424314,9.28909068978556,0.312287019620684,0.766379117475415,0.894421268316865,-5.3176958411266,"PEX14",0.526793492393563,0.115556337552626,""
"SLC16A1",0.0770598063107926,11.7551670274671,0.698351081643994,0.491819655837501,0.735930770281402,-6.01539569750389,"SLC16A1",0.433446245487848,0.30819411843752,""
"ERI3",0.0769527189818966,11.9429125432364,0.354319894648389,0.726262733403455,0.870721434771123,-6.19497115472226,"ERI3",0.51283483719946,0.138906240146016,""
"NT5DC1",0.0769500700965136,12.2432824548489,0.720016250953377,0.478624604906578,0.727590694507665,-6.00028812124985,"NT5DC1",0.428534133265895,0.320004979144049,""
"NANS",0.0768987090759463,12.2718991233716,0.692561067215108,0.495380949876172,0.73745988251997,-6.01935836462966,"NANS",0.434346857319153,0.305060698442015,""
"CLEC3B",0.0766931818341892,12.0335098139285,0.643495136836719,0.526141087244774,0.755216356469641,-6.05166602692756,"CLEC3B",0.444805010826778,0.278897782090065,""
"INTU",0.0764393535390884,13.8079211561945,0.188442727276022,0.852299375401779,0.934969846511012,-6.19281242179854,"INTU",0.550675669478511,0.0694078298252185,""
"MAP2K2",0.0762206604370288,11.5167516343956,1.05810791711001,0.300775404706505,0.583630552698013,-5.70870167196949,"MAP2K2",0.343744930956238,0.521757680171375,""
"CLIC5",0.0760517424445393,13.4862819493346,0.865626810947288,0.395457213329896,0.661007658047567,-5.8874137031574,"CLIC5",0.389318260887336,0.402900498310258,""
"YWHAZ",0.075953052715839,15.1436804085355,1.00165080514267,0.326727929705764,0.607955672044186,-5.76452416769553,"YWHAZ",0.358071865061209,0.485813739113063,""
"PSMD6",0.0758246094992874,12.8292754781437,0.960837882189771,0.346428594739308,0.622992883140553,-5.80313291138412,"PSMD6",0.366928435482685,0.460386267852853,""
"DUSP22",0.0757006852574698,10.8227160306938,0.579001041951016,0.569226997198409,0.781444259196931,-5.99542124916013,"DUSP22",0.460252640445278,0.2447145104566,""
"PRKN",0.0754479235818621,10.8256621305916,0.623976462496026,0.538661090605834,0.760843326241265,-6.06388232596861,"PRKN",0.448119166205893,0.268684393946289,""
"UCHL3",0.0754352196619017,14.211440252468,0.818777479724315,0.421149498960278,0.683595045031339,-5.92586637286726,"UCHL3",0.402621710721012,0.375563711650386,""
"NDUFV2",0.0752941794093367,16.2716951537771,0.593557353009052,0.558485695487383,0.773828268928817,-6.08219541061486,"NDUFV2",0.455766997881204,0.25298794600487,""
"RAB2A",0.0752757398213664,12.4537375513735,0.887453797537996,0.383838802002754,0.652982069891475,-5.86881502091915,"RAB2A",0.384591374616825,0.41585112484833,""
"RPL24",0.0746699287541777,13.5103041351367,0.448788711557155,0.65770035177095,0.833876275149912,-6.15711569324148,"RPL24",0.491133888214669,0.181971925858333,""
"MRPL12",0.0744516888676205,12.7616290926089,0.629608436506261,0.535032258391407,0.759126010282125,-6.0603946817309,"MRPL12",0.447107706725104,0.271620032522627,""
"PPM1B",0.0743389468341,11.4332557316135,0.889887933572499,0.382557041004536,0.652168669902971,-5.86671411471871,"PPM1B",0.384112300789049,0.41730380038862,""
"DDAH1",0.0741291960064761,15.5410814060749,0.520516235690052,0.607579740977512,0.80486048943552,-6.12253530804834,"DDAH1",0.474044259834306,0.216396715599836,""
"AOC3",0.074033609252707,14.2670190631486,0.23579496406858,0.815637199752434,0.915900016271622,-6.22998197294704,"AOC3",0.53944397941588,0.0885029750483977,""
"SAR1A",0.074008142569058,13.8202748488454,0.798352031737079,0.43267061074381,0.693435159020857,-5.9420001657134,"SAR1A",0.408417310845598,0.363842603357471,""
"GPHN",0.0739766677601832,11.6640493323943,0.59419839773079,0.558064048581233,0.773828268928817,-6.08181862706718,"GPHN",0.455766997881204,0.253315954558595,""
"EHD4",0.0736147568102172,11.3924278184931,0.8884308600798,0.383720931609876,0.652982069891475,-5.84657138962128,"EHD4",0.384591374616825,0.415984509806835,""
"ALDH4A1",0.0734352476143272,15.9486317743139,0.750580059829302,0.460364684305628,0.716178411651992,-5.97822662635827,"ALDH4A1",0.421812561949689,0.336897999550197,""
"TBC1D17",0.0734023654838758,11.8811020270819,0.800294433381275,0.431920404480543,0.69300842489203,-5.91899107732611,"TBC1D17",0.40816597428864,0.364596278832828,""
"CLUH",0.0731536466437763,12.4833773304514,1.06352424905993,0.298364576434821,0.582095467921885,-5.70320022722767,"CLUH",0.342840801438098,0.525252740087119,""
"SUCLA2",0.0731117539644188,17.0441934798964,0.70524857807243,0.487596338910408,0.733443232478681,-6.01063384044937,"SUCLA2",0.431981143110506,0.31193956391702,""
"GNL1",0.0730137895577254,10.0645729903411,0.31327311011991,0.757583153670455,0.88850047179041,-6.09216606166214,"GNL1",0.52330627983455,0.120569691276835,""
"TIMM23",0.0729156920918896,9.43795121017465,0.337876592513181,0.741076095869898,0.879222012664204,-5.87750443604956,"TIMM23",0.51784148146686,0.130137195098134,""
"NFIX",0.0728791942778386,10.2995909823938,0.480049391049386,0.635832261903428,0.822132549928405,-6.12102774732596,"NFIX",0.484217104991491,0.196657439914219,""
"PSMA1",0.0728631074773318,15.4476576732455,1.02960457956868,0.313689866565228,0.599661965002538,-5.7372327941359,"PSMA1",0.353187062952712,0.503499510520893,""
"WASHC2C",0.0728375791114306,10.0656570992548,0.389462423988512,0.702242929290254,0.85921758572738,-5.93261824437592,"WASHC2C",0.506059335510948,0.153512624907709,""
"SERPINB1",0.0726428394364405,14.570355529811,0.872108186079526,0.391983787162918,0.657993524701799,-5.88193613157587,"SERPINB1",0.387543005883903,0.406731895457331,""
"UBR3",0.0724612343956927,10.7940328808606,0.63134604657577,0.533915324722315,0.758875181143777,-6.05931254468157,"UBR3",0.446959974149342,0.272527613611424,""
"HYOU1",0.0722411658799196,11.5007956256373,0.80654261123983,0.428027485137095,0.68907853706163,-5.93557673833002,"HYOU1",0.405851361020569,0.368528342528604,""
"FHOD1",0.0714243589119921,13.2685752551743,0.987832094429767,0.333309850877293,0.610136112281484,-5.77776159167818,"FHOD1",0.359356094057377,0.477151850700618,""
"MYPN",0.07140434498133,14.9244909365066,0.838802791399772,0.410042079987638,0.673627109794855,-5.90967602246513,"MYPN",0.39675082683085,0.387171572137169,""
"PPP1R3D",0.0712483025306518,11.0569586750513,0.403251160372158,0.691157344828628,0.852315095329995,-6.08755147792573,"PPP1R3D",0.501993927910014,0.160423072434802,""
"ATP1A2",0.0711773822974955,14.5943446089344,0.861533994449888,0.397660762526459,0.661935912562578,-5.8908529459734,"ATP1A2",0.389864981381487,0.400487259049021,""
"RAB24",0.0709395199307483,11.1129277300751,0.781933600141833,0.443204580464069,0.701679335792755,-5.88890516215493,"RAB24",0.413272940767895,0.353395759877121,""
"HNRNPA3",0.0708485450891914,13.6712725076562,1.03659071041017,0.310489117949596,0.595208054757458,-5.73030533504534,"HNRNPA3",0.350563812571794,0.507953616412555,""
"CHORDC1",0.0706345294433763,11.6233679961339,0.840117836544694,0.409319206411816,0.672956490908978,-5.90859994561288,"CHORDC1",0.396355847778506,0.387937876554417,""
"HINT3",0.0704487499581514,13.1999032577256,0.998376407880275,0.328279359539734,0.607955672044186,-5.76767605100655,"HINT3",0.358071865061209,0.483756422539612,""
"PITRM1",0.0704461444502762,14.3846918165545,0.587956835270103,0.56217643234129,0.777062404548964,-6.08547042562204,"PITRM1",0.457671829148709,0.250127364916179,""
"RBM38",0.0703176904120948,12.2363215837803,0.550722494255057,0.587258061261518,0.789648922828428,-6.08485706468042,"RBM38",0.465084998039462,0.23117101297119,""
"CISD1",0.0702609518979713,16.0190566214097,0.855337336227105,0.401011977362823,0.665796117778044,-5.89603101440089,"CISD1",0.392138553196967,0.396842655746652,""
"CLIP1",0.0699699607296793,12.461511274452,0.928106740489729,0.36279920725198,0.635897753714608,-5.83302603427233,"CLIP1",0.374529106530442,0.440333670582358,""
"MRPL37",0.0699137423739913,11.4416110049151,0.358849309743118,0.723569676371493,0.870350085312035,-6.1044439522545,"MRPL37",0.512616120935232,0.140519642006367,""
"DCTN4",0.0691594989771556,12.3589201931527,0.618890315079375,0.541949493178734,0.764226168618362,-6.06700594124424,"DCTN4",0.450111582322519,0.266041185520373,""
"SPTBN1",0.0691559967855007,12.4201054725437,0.874454370417121,0.390731318717482,0.657196536235937,-5.87994389523962,"SPTBN1",0.387073598064343,0.408121776896387,""
"HSPA12B",0.069146763628412,11.1701634090991,0.508329448886609,0.616933435694367,0.809963767511776,-6.0398980448048,"HSPA12B",0.477049972886619,0.209761691834052,""
"ACAT2",0.0690981460625473,10.730563969294,0.448744452067385,0.657731823570271,0.833876275149912,-6.15713548119778,"ACAT2",0.491133888214669,0.181951144811557,""
"MAP2K4",0.0688634757475999,12.3716583685853,1.06370086668017,0.298286195291116,0.582095467921885,-5.7030204063284,"MAP2K4",0.342840801438098,0.52536684535608,""
"QARS1",0.0686776771402897,14.0051146343928,0.990048372452396,0.332248131628005,0.610136112281484,-5.7756498886126,"QARS1",0.359356094057377,0.478537452600216,""
"HADHB",0.0684253355899678,17.0827825065035,0.599151757474531,0.554811547540102,0.77290136930346,-6.0788939279519,"HADHB",0.455221075385802,0.255854508340001,""
"AGRN",0.0683868989687539,10.3363659653186,0.452976690170441,0.654909114306425,0.833876275149912,-6.13359784189965,"AGRN",0.491133888214669,0.183818965495091,""
"COPS8",0.0682219375077455,12.8188001069658,0.948597003370727,0.35249141624275,0.62704063112996,-5.81442444078031,"COPS8",0.369312465665332,0.45285145434293,""
"CIAPIN1",0.0679873240061113,11.4539626554455,0.49779995106167,0.623461814058825,0.81422463997468,-6.11239847818256,"CIAPIN1",0.479559528467292,0.205190141145177,""
"PPA1",0.0677220691689513,14.6547471106806,0.923321103537002,0.3652353417516,0.637825621205234,-5.8373163691307,"PPA1",0.375664576005771,0.437427204891648,""
"TRIM72",0.0676615021965254,18.288057128281,1.02824471066222,0.314315580002638,0.599661965002538,-5.73857628506213,"TRIM72",0.353187062952712,0.502634091328985,""
"CAP1",0.0675680467160849,11.9033776904579,0.598167211726128,0.555457238587537,0.773020112595139,-6.07947712389215,"CAP1",0.455291012445147,0.255349369234888,""
"CD93",0.0674003399702165,10.6439547718162,0.401754506219104,0.692736792244939,0.852965680562985,-6.02443500606816,"CD93",0.502377107602993,0.159431745747568,""
"MYG1",0.0673324526381958,11.9304208552894,0.541684549388035,0.593366882432809,0.794215987936302,-6.08975225901954,"MYG1",0.467774894024039,0.226676696607061,""
"RPS3",0.067321372552648,13.5136468574535,0.735042068762518,0.469595382068033,0.723854238020908,-5.98955146901573,"RPS3",0.426333446596694,0.328276182527546,""
"ATP6V1F",0.0672512716131592,10.076570386988,0.314580967300534,0.757569916060774,0.88850047179041,-5.88537603639892,"ATP6V1F",0.52330627983455,0.120577279976556,""
"C11orf68",0.0669274560504221,12.5644053480195,0.681236720573499,0.502388483003247,0.740332643705423,-6.02701726039272,"C11orf68",0.436038847381672,0.298960325133657,""
"ANXA5",0.0668505434604949,16.0298926849549,0.627474762483377,0.536405495995714,0.759399575151619,-6.06171953744072,"ANXA5",0.447268830121988,0.270506781028524,""
"MYH14",0.0661864923744186,13.1536941841091,1.08833331585017,0.287497762938684,0.572596379037824,-5.67767723599841,"MYH14",0.337246057233046,0.541365530268838,""
"CPT2",0.066150687440043,14.9570927391451,0.649146496145096,0.52254586258722,0.755216356469641,-6.04806123597035,"CPT2",0.444805010826778,0.281875586567227,""
"ECHS1",0.066148972921857,15.754284938663,0.618285333297961,0.542341347456537,0.764402371611969,-6.06737584128394,"ECHS1",0.450215361820682,0.265727284209781,""
"NDUFB7",0.0659744321316573,13.791410988703,0.583446930997405,0.565157550849445,0.780053602714607,-6.0880857921958,"NDUFB7",0.459433575860173,0.24783046558529,""
"PPIA",0.0658009106678925,17.3555630768639,0.636692365040654,0.53048660011491,0.756681488783856,-6.05596494757761,"PPIA",0.445667939958681,0.275325581733708,""
"CRIP2",0.0653173225046828,12.1773533367241,0.443910316756022,0.661352781845374,0.835143000275533,-6.13764748059699,"CRIP2",0.49187996008982,0.179566815343135,""
"PGM3",0.0652480114450658,12.9416369748819,0.423610259520158,0.675706959795106,0.84526744890681,-6.16806273327887,"PGM3",0.497843026758692,0.170241607810198,""
"PPP3R1",0.0650180991702261,13.0804111710978,0.458804701115468,0.650594951010807,0.83195103767691,-6.15258836004717,"PPP3R1",0.489999967759045,0.186689311414839,""
"PRKAA2",0.0646034850857387,14.4859843579196,1.23012016995932,0.23083983449726,0.513348947101332,-5.52177028609637,"PRKAA2",0.302350686683654,0.636689245734682,""
"MRPL46",0.0645188322603722,11.254557563991,0.569066681202886,0.574955528869075,0.783756608605917,-6.0746793676768,"MRPL46",0.461614560900374,0.240365745421099,""
"PSMC6",0.0642362528609848,13.193581911601,1.01396966645485,0.320936665204433,0.603917614418855,-5.75258171757025,"PSMC6",0.355693542279442,0.493580664374288,""
"TMEM14C",0.0639304356720256,11.5465374170789,0.362377516098436,0.720455916558362,0.868113850889725,-6.17044210148085,"TMEM14C",0.511299030451286,0.142392587759312,""
"SPTAN1",0.0638202224042868,13.3330617495262,0.945873607419295,0.353849965129665,0.628088589431666,-5.81691844743703,"SPTAN1",0.369929688928234,0.451180842856505,""
"RAB9A",0.0634731035009626,11.0151108124677,0.373770669343532,0.71207838693326,0.864515684687095,-6.166252619005,"RAB9A",0.509179793569025,0.147472195775026,""
"TXNRD2",0.063456471515531,11.8697380935341,0.453321030362409,0.654480965091376,0.833876275149912,-6.1550791922861,"TXNRD2",0.491133888214669,0.1841029799398,""
"POLDIP2",0.0634014332735955,11.9417778171435,0.73632552622456,0.468828807690195,0.723841350525455,-5.98862457461481,"POLDIP2",0.426325856159191,0.328985710478652,""
"MCCC2",0.0631442820204651,12.9607931015356,0.546201539033098,0.590082287659302,0.792309269505974,-6.10893657684161,"MCCC2",0.466651880857308,0.229087421265551,""
"TMEM186",0.0630755031653791,9.66600242110029,0.234236170589212,0.818083361005784,0.916304554525055,-5.98666213649722,"TMEM186",0.539682243114298,0.0872024403626156,""
"ACOT2",0.0627952903965543,16.0954647508182,0.544603901705848,0.591163401075018,0.793017321161055,-6.10980104024335,"ACOT2",0.467068906947125,0.228292460951481,""
"ATE1",0.0625447163521233,11.2322924110798,0.443719558942099,0.661488648076255,0.835143000275533,-6.13773182217235,"ATE1",0.49187996008982,0.179477604416985,""
"USP24",0.0624391713101033,11.9030690754671,0.515519745782674,0.611011938984582,0.808099755161647,-6.12510637076544,"USP24",0.47595211261588,0.213950303694489,""
"UBE2G1",0.0624095896983246,14.1928864077172,0.677851921787422,0.504493796355665,0.741530031169053,-6.02928294980841,"UBE2G1",0.436744080973557,0.297144169813725,""
"CACYBP",0.0624047581750649,11.1375806903033,0.692503412741567,0.49541648532417,0.73745988251997,-6.01939766418915,"CACYBP",0.434346857319153,0.305029546062254,""
"FAH",0.0623571701201779,12.8849374855764,0.607854774924147,0.549120927980744,0.770167648255069,-6.07369830207737,"FAH",0.453610976756303,0.260332004235706,""
"STK38L",0.0623439266996666,11.873589655844,0.564589967076774,0.57794580978379,0.78549783080114,-6.07719300529966,"STK38L",0.46264010060269,0.238112880636872,""
"HMGB1",0.062325032032188,13.8272435021117,0.690485798995996,0.496660958128342,0.737468494353573,-6.02077097385934,"HMGB1",0.434351929490467,0.303939977987137,""
"BUB3",0.0623095537761564,11.206369122961,0.413897067798996,0.683253867991147,0.847991802079017,-6.10592300869662,"BUB3",0.499447607925238,0.165417901029438,""
"NID2",0.0616326612653157,14.1270743674051,0.945230820772081,0.354171128545796,0.628088589431666,-5.81750612652224,"NID2",0.369929688928234,0.450786844682644,""
"FLNA",0.0614218785303642,13.2032560385043,0.705251968314429,0.487594268212074,0.733443232478681,-6.01063148889738,"FLNA",0.431981143110506,0.311941408259765,""
"HSDL2",0.0614129862425639,15.8309354715282,0.688405010165079,0.497946254563152,0.738134378640269,-6.02218326014802,"HSDL2",0.434744119973123,0.302817529943636,""
"MLEC",0.0613872899534673,11.3816269894284,0.589046199153914,0.561457560236573,0.776647508570652,-6.08483575683591,"MLEC",0.457427464989294,0.250683065852482,""
"NIT1",0.0613218585448969,12.777870593522,0.778618124174016,0.443984292367057,0.702525421734394,-5.95722160663731,"NIT1",0.413771265867989,0.352632394432636,""
"PDHA1",0.0612859808561765,17.4705277979572,0.573608022415785,0.571689188223854,0.781535959462108,-6.09372368865163,"PDHA1",0.460306649785907,0.242840021077874,""
"PPIF",0.0611684063712747,14.8907074489699,0.488897964821955,0.629451338179298,0.81836487042945,-6.13839643212618,"PPIF",0.481998028688431,0.201037838831876,""
"KBTBD12",0.0611299460580916,9.27408095953033,0.412724734800561,0.688132851819233,0.85095530553121,-5.75554132443161,"KBTBD12",0.501193043089408,0.162327708214874,""
"VARS1",0.0611122839913136,12.2532066084495,0.820833098299027,0.420000717665169,0.683595045031339,-5.92422138145142,"VARS1",0.402621710721012,0.376749967512203,""
"GIT2",0.0610837768326888,11.097146818487,0.563791780629045,0.579677456118499,0.785996523251704,-5.98020533101622,"GIT2",0.462933818951044,0.236813589181955,""
"PDHB",0.061074346904249,17.4865190999929,0.475839777632044,0.638587777299822,0.823978582594635,-6.14466316150233,"PDHB",0.485304375643211,0.1947793982019,""
"PLIN4",0.0608958908214596,13.4829931354673,0.574401671908803,0.571160902782847,0.781535959462108,-6.09327236353847,"PLIN4",0.460306649785907,0.243241528624745,""
"RAP1A",0.0605982104795846,13.0941533660749,0.870887414041682,0.392636499202296,0.657993524701799,-5.88297075736859,"RAP1A",0.387543005883903,0.406009331161482,""
"OSBPL1A",0.0604529468932,12.6977818577881,0.716478926144291,0.480764836269196,0.729295810950729,-6.00278491268388,"OSBPL1A",0.429538407513163,0.318067304675706,""
"GMPR2",0.0603142374518733,10.5780536854238,0.276646106889745,0.784825896905661,0.905252262882728,-6.15328842001896,"GMPR2",0.533172698317616,0.105226674973587,""
"FKBP3",0.0602849309785043,15.8959122702687,0.586641483537425,0.563045064645556,0.77788763393385,-6.08623523741824,"FKBP3",0.458157870218046,0.249456843969872,""
"ACOT13",0.0601868263860954,12.6332523039704,0.438585493230126,0.664972596904231,0.837502866109814,-6.16162670247257,"ACOT13",0.493269866623193,0.177196251326208,""
"HSPA5",0.060113005073557,15.9798894005465,0.728198334016105,0.473695395646706,0.725252630657195,-5.99446787862621,"HSPA5",0.427157067598007,0.324500836625108,""
"RPS27A",0.0599183579428306,16.8618503292415,0.752169851601357,0.459426362267065,0.715562207700172,-5.97705519401628,"RPS27A",0.421449632038131,0.337784088247144,""
"PRKAR1B",0.0599141519341071,12.1848196775881,0.458307611129889,0.652380991751376,0.833695441126029,-6.00839430747096,"PRKAR1B",0.491027381146513,0.185498701368352,""
"MAGOH",0.0598581705828405,10.613880607354,0.465382121717249,0.646136674702252,0.828960433157085,-6.12792663905905,"MAGOH",0.488238570691272,0.189675607715783,""
"MECR",0.0598047995464199,14.1938523913064,0.561073522968165,0.580065319053461,0.785996523251704,-6.10077125758788,"MECR",0.462933818951044,0.236523099355633,""
"LARS2",0.0595483819056444,9.95591218640019,0.372786521215275,0.713139335403458,0.865070333162009,-6.12206000545369,"LARS2",0.509506468724794,0.146825608037476,""
"BCCIP",0.0594626088874843,11.3714210067498,0.394803686377293,0.697279287362129,0.856794755824015,-6.08770498301634,"BCCIP",0.50463234459349,0.156593235294057,""
"ACADS",0.0592668990604022,15.3329105987725,0.296880610105403,0.769169142710899,0.895124105942306,-6.21368094451201,"ACADS",0.527207447540211,0.113978146975408,""
"EMC4",0.059164446279917,11.6701778531561,0.643606656891022,0.526345348516438,0.755216356469641,-6.03000563851351,"EMC4",0.444805010826778,0.278729210712326,""
"MT-CO2",0.0591515600856596,17.4214183410866,0.419773715049667,0.678468478868485,0.847290166361333,-6.16967619182015,"MT-CO2",0.49903436067453,0.168470324528159,""
"TCP1",0.0591334035680404,12.7610129937405,0.879538577260075,0.388026101476983,0.65447983193762,-5.87560953801498,"TCP1",0.385473521908054,0.411139059596121,""
"ARID4A",0.059093917380304,11.2635807824028,0.3160453289303,0.755019979502761,0.88850047179041,-6.16056313572927,"ARID4A",0.52330627983455,0.122041555823801,""
"PREB",0.0588392323041891,12.4450392948124,0.552630780133599,0.585741485060321,0.789070373101016,-6.105432861043,"PREB",0.464744245597383,0.232294016035643,""
"AS3MT",0.0586800220529184,12.2584147772592,0.748272535988355,0.462056361193266,0.717758722404162,-5.95839089518567,"AS3MT",0.422743328524336,0.335305046386935,""
"DCXR",0.0585158716859482,12.5405145644344,0.515074294812907,0.611318372979339,0.808099755161647,-6.12533441220765,"DCXR",0.47595211261588,0.213732551431495,""
"CAPZA1",0.0582686306014661,13.2542737529123,0.507069820277783,0.616837112210319,0.809963767511776,-6.12939934282723,"CAPZA1",0.477049972886619,0.20982950469886,""
"NDUFS8",0.0580341902345332,17.3501927772811,0.671659882053626,0.508357977074066,0.743583884749808,-6.03339967657221,"NDUFS8",0.437953753349424,0.293830357172217,""
"HGS",0.057930061314126,10.8677206871681,0.36424561901812,0.719079784202361,0.868025984635287,-6.16976394285764,"HGS",0.51124727925453,0.143222920581649,""
"YWHAG",0.0579161864939035,15.9264818224974,0.925922651621577,0.363909673770768,0.636405673592587,-5.83498662537789,"YWHAG",0.374828259620663,0.439006399457946,""
"SERBP1",0.0576759431785927,12.5816411449432,0.533665045858083,0.5985916000867,0.797856785428934,-6.11565363325941,"SERBP1",0.469919239752591,0.222869381818565,""
"CA3",0.057620524257711,20.3097630312626,0.582608054219446,0.565712953322358,0.780444074332963,-6.08857011509963,"CA3",0.459663554635053,0.247403876956928,""
"HSPA8",0.0576112555000243,18.5039150927791,0.998342455374594,0.32829547306065,0.607955672044186,-5.76770868367004,"HSPA8",0.358071865061209,0.483735105812648,""
"HSD17B12",0.0574676924114108,13.5060285941257,0.514682784513339,0.61158776004389,0.808099755161647,-6.12553468059293,"HSD17B12",0.47595211261588,0.213541214885928,""
"FBP2",0.0571711639626038,17.3417898064794,0.648144344767585,0.523182419419038,0.755216356469641,-6.04870268643167,"FBP2",0.444805010826778,0.281346858104243,""
"AFG3L2",0.0570815266743683,14.2023027301588,0.777632856904789,0.444553837180869,0.703038205237996,-5.95797211941528,"AFG3L2",0.414073283521497,0.352075636775343,""
"IQGAP1",0.056916976951598,12.9531360821777,0.559695732467674,0.580989748506934,0.785996523251704,-6.1015366900782,"IQGAP1",0.462933818951044,0.235831530615089,""
"GARS1",0.0568191326492808,13.8206103898211,1.02174409323626,0.317318765354518,0.602253773343498,-5.74497626125732,"GARS1",0.354713578271515,0.498504244165147,""
"MOB4",0.0564472862034755,12.5740584077909,0.416177462392099,0.681228314389434,0.847290166361333,-6.14953525014712,"MOB4",0.49903436067453,0.166707309435896,""
"SARS1",0.0563369742591,11.9199684480542,0.718086523128374,0.479791484341044,0.72860205071422,-6.00165166002161,"SARS1",0.429129798739177,0.318947464447626,""
"NOS1",0.0562774714107679,12.0305603625651,0.67466882660604,0.506478164213951,0.741530031169053,-6.03140373688008,"NOS1",0.436744080973557,0.295439273632052,""
"VPS26A",0.0561612996412109,12.1641683171604,0.537509960403955,0.596198979360896,0.796415054519406,-6.09198671377035,"VPS26A",0.469070093508169,0.224608771775898,""
"SIAE",0.0558735854084631,12.3254222399456,0.424947126541702,0.674745780208642,0.845036163310873,-6.16749711937358,"SIAE",0.497706804878532,0.170859822796392,""
"HSPA9",0.0557646386713273,15.6287090272803,0.729655639062388,0.472820585717809,0.724924067181909,-5.99342465434565,"HSPA9",0.42696355129115,0.325303623351364,""
"NISCH",0.055731325874838,12.7600348339285,0.245234594296934,0.808406364773926,0.912963654855096,-6.22770578897853,"NISCH",0.537714530284542,0.0923702758404137,""
"HEBP1",0.0556871128069218,11.2289562933638,0.483964671461065,0.632896033545933,0.820745920272536,-6.1407834914383,"HEBP1",0.483400412114267,0.198667626105374,""
"ATP5PD",0.0554130580388126,17.080908219631,0.480540185311152,0.635292199342809,0.821805265997202,-6.14242654412799,"ATP5PD",0.484024342306579,0.197026477268504,""
"CCT5",0.0552226107522831,14.3856620327971,0.782949637850551,0.441485680137803,0.700506918512281,-5.95391145919776,"CCT5",0.412582414037816,0.35508337846918,""
"PSMA6",0.0548562060144846,15.1208675476275,0.85421391529626,0.401621463666424,0.666035826253989,-5.89696601948284,"PSMA6",0.392279735959131,0.396183085447695,""
"NUP133",0.0548329198393525,9.70102653544598,0.308178067770506,0.761219552648635,0.890577123686965,-6.09500163520042,"NUP133",0.524529379892457,0.118490064974678,""
"PDLIM5",0.0546546451495971,18.2010057023443,0.638107683230575,0.529580918709014,0.756136724731844,-6.05507418660174,"PDLIM5",0.445347086499963,0.276067671318873,""
"DCTN1",0.0545332659438849,12.302522568935,0.68191302357993,0.501968422655016,0.740287107355286,-6.02656326370736,"DCTN1",0.436012027521982,0.299323602173746,""
"BNIP1",0.0545160321258447,11.4438659231796,0.314494689044227,0.756870106551231,0.88850047179041,-6.0556178547862,"BNIP1",0.52330627983455,0.120978647380312,""
"CCT4",0.0537661961794829,12.5233437235271,0.688262397629122,0.498034414837546,0.738134378640269,-6.02227990537475,"CCT4",0.434744119973123,0.30274064587958,""
"RAB5B",0.0532268612568902,12.8795560656094,0.730917060142133,0.472064128802675,0.724540013339155,-5.99252004879209,"RAB5B",0.426737352438039,0.325998999473295,""
"ACTN2",0.0530373768577839,20.4200747762124,0.695482165394762,0.493582423920846,0.737012758111263,-6.01736312542581,"ACTN2",0.434083511357758,0.306640313581975,""
"GNA11",0.052746037287914,11.7141021997679,0.354532353795459,0.7271832991813,0.870721434771123,-6.04703923429804,"GNA11",0.51283483719946,0.13835610387395,""
"IST1",0.052506624478422,11.9937458924545,0.573110702067469,0.572020350978639,0.781615594085316,-6.09400619118257,"IST1",0.460353552741774,0.24258851987743,""
"GPX7",0.052391964571644,10.9677292913871,0.313113954760618,0.757215401400515,0.88850047179041,-6.16148567798606,"GPX7",0.52330627983455,0.12078056127555,""
"TIMM8A",0.0522831077777219,13.8157756836774,0.478646510282764,0.636618983902972,0.822407203382098,-6.14333021203542,"TIMM8A",0.484378869539354,0.19612041491172,""
"TPMT",0.0522550656536236,11.5073756756654,0.464855881213255,0.647191176165936,0.828960433157085,-6.06091602518399,"TPMT",0.488238570691272,0.188967412546227,""
"OSBPL6",0.0521726563038918,11.2202771581469,0.352775437590036,0.727544436391302,0.870721434771123,-6.17387347079992,"OSBPL6",0.51283483719946,0.138140476032533,""
"NDUFA8",0.0521695119876391,17.5401411967297,0.415183377628817,0.681778622700136,0.847290166361333,-6.17158766521644,"NDUFA8",0.49903436067453,0.166356620280667,""
"PON1",0.0518555627251711,10.7711689128186,0.244318967997866,0.809539924421498,0.913163585483723,-6.13902430748182,"PON1",0.537832284812326,0.0917617280985177,""
"GNG12",0.0518083739218032,11.3134893963181,0.404897830165784,0.689219288191556,0.851666667241449,-6.17579551786327,"GNG12",0.501612018725348,0.161642577077254,""
"CUL1",0.0516821660008233,12.9879535857862,0.576990636066612,0.569439304798881,0.781444259196931,-6.0917958828849,"CUL1",0.460252640445278,0.244552559549196,""
"LAMTOR3",0.051546384017227,12.1786541322442,0.559342962197953,0.581460534783245,0.786262026260252,-6.08011461474479,"LAMTOR3",0.463090194097822,0.235479756614815,""
"RPSA",0.0514999643272684,13.4681505341562,0.631456279313333,0.533844509580217,0.758875181143777,-6.05924379755936,"RPSA",0.446959974149342,0.27258521949714,""
"SEC23IP",0.0512627998844106,11.8507784256851,0.598142803210457,0.55547325129916,0.773020112595139,-6.07949157047878,"SEC23IP",0.455291012445147,0.255336849581567,""
"NFIC",0.0511027390891474,10.7630125608871,0.315871421907549,0.756321486897046,0.88850047179041,-5.95839012029467,"NFIC",0.52330627983455,0.12129356123517,""
"AHCY",0.0508440989787697,14.5975960098122,0.789515447049396,0.437714619357193,0.69753795596292,-5.94886070378985,"AHCY",0.410833763591358,0.358808948017617,""
"ANP32B",0.0506178546573786,12.2686035773741,0.676477463556364,0.506694927024384,0.741530031169053,-5.94155483910144,"ANP32B",0.436744080973557,0.295253443797637,""
"CRAT",0.0504234352203881,16.7506443523702,0.47486256329669,0.639273886356592,0.823978582594635,-6.14512544841435,"CRAT",0.485304375643211,0.194313035661342,""
"SAR1B",0.0501042452449969,15.9761159121834,0.505378126235532,0.618006434118842,0.81068439610187,-6.13025047406755,"SAR1B",0.477474406501004,0.209007003409949,""
"GYG1",0.0497957154787976,15.4911884234601,0.686022633932804,0.499420152445668,0.738811630477476,-6.02379522231432,"GYG1",0.435143005680775,0.301533937116094,""
"MAPK14",0.0497232449159242,13.835646494042,0.588822570462534,0.561605094360971,0.776647508570652,-6.08496613695891,"MAPK14",0.457427464989294,0.250568961343308,""
"HSPA12A",0.0496204912639975,10.8870087400649,0.429626844101168,0.671747937851303,0.842902699180632,-6.11828599025021,"HSPA12A",0.496450243725664,0.17279365810086,""
"ARPC5L",0.0495711106050809,10.6358863131139,0.402229625043629,0.691315630744266,0.852315095329995,-6.15522889278735,"ARPC5L",0.501993927910014,0.160323623546846,""
"TNPO1",0.0495146895914846,11.8210913295001,0.536301924156585,0.596796865149358,0.796842061439515,-6.1142534181025,"TNPO1",0.469321590732899,0.22417346678859,""
"PSMD11",0.0493352364392834,13.4971018061709,0.819301350068931,0.420856548006005,0.683595045031339,-5.92544751909206,"PSMD11",0.402621710721012,0.375865911351924,""
"COA6",0.0493151698875831,11.5104979844575,0.464992575682893,0.646222022749962,0.828960433157085,-6.14974236110494,"COA6",0.488238570691272,0.189618245643955,""
"CAND2",0.0489920349857211,15.0230038660397,0.636636296580832,0.530522496326111,0.756681488783856,-6.05600019617544,"CAND2",0.445667939958681,0.275296195507889,""
"EIF4E3",0.0488993363013019,11.4090598373452,0.579520210343078,0.567759751152445,0.781444259196931,-6.0903470453101,"EIF4E3",0.460252640445278,0.245835398129218,""
"RPN2",0.048842313003318,12.0194509595406,0.353767036007066,0.726811244179905,0.870721434771123,-6.17352333310913,"RPN2",0.51283483719946,0.138578362531432,""
"CS",0.0488174883761125,17.9535371552223,0.382296938175584,0.705680997318402,0.860396073358834,-6.18467594286292,"CS",0.506753437537708,0.15139157715404,""
"VPS35",0.0485467908855544,12.387162027633,0.638058270662203,0.529612524375726,0.756136724731844,-6.05510531761033,"VPS35",0.445347086499963,0.276041753170033,""
"TMED9",0.0482246213587025,12.8407049188548,0.453399194954803,0.654425503143937,0.833876275149912,-6.15504389440547,"TMED9",0.491133888214669,0.184139784430155,""
"PRKAA1",0.0481776603152309,11.0453929129864,0.403775151594995,0.690194949255378,0.851666667241449,-6.15460740976296,"PRKAA1",0.501612018725348,0.16102822313573,""
"AKAP12",0.0479678884956556,12.5536560897505,0.144380676742272,0.886951792141927,0.95080629385467,-6.07149297693567,"AKAP12",0.560002971610953,0.0520999844249881,""
"OTUB1",0.0476799060521778,14.7465100425048,0.52749280119144,0.602802770677031,0.800012574244215,-6.11890485224758,"OTUB1",0.471188949629909,0.219824760194532,""
"CLYBL",0.0476204486680913,11.257189946839,0.23352386271614,0.817566750656424,0.916084183834115,-6.18852426083559,"CLYBL",0.539552449861372,0.0874767790245117,""
"ABHD16A",0.0475735094338301,11.0323657470783,0.376144467452963,0.710188185912149,0.863961328207959,-6.18700624091016,"ABHD16A",0.508853290392032,0.148626556528684,""
"TBCA",0.0474874327463457,12.0076151338316,0.78724627231186,0.439015679246199,0.698134872493677,-5.95061078424834,"TBCA",0.411185333656879,0.357519968850121,""
"MARS1",0.0474246874184736,12.2558493255787,0.273976179331697,0.786721481137127,0.905520687336502,-6.17823374201626,"MARS1",0.533330794128233,0.104178991419843,""
"MYORG",0.0474047199191538,10.2053638007386,0.253834588459294,0.802284535407752,0.911760967191004,-6.13342450566993,"MYORG",0.537006174996862,0.095671579044928,""
"PDCD6IP",0.0470048449706191,13.8426172282444,0.665518625396478,0.51220673899749,0.746924694749905,-6.0374467786588,"PDCD6IP",0.439921413365701,0.290554711907865,""
"COA7",0.046783103400081,11.8045778861428,0.60104176699387,0.553573125610608,0.77290136930346,-6.07777177659041,"COA7",0.455221075385802,0.256825001792482,""
"MYH9",0.0467583447589934,14.0073908356502,0.674774644993144,0.506412125984001,0.741530031169053,-6.03133338778776,"MYH9",0.436744080973557,0.295495903731442,""
"EIF3G",0.0466539267593173,11.7294966961689,0.432850235196304,0.669075195332615,0.84119023680097,-6.1641175759813,"EIF3G",0.495441642891214,0.17452507044915,""
"MRPS25",0.0466355393620201,10.1715057341127,0.298395696111449,0.768732054114811,0.894979106904397,-6.07939307177219,"MRPS25",0.527122046452067,0.11422500960987,""
"MRPS28",0.046563653501126,12.0593563938882,0.214702442113503,0.832232051344714,0.923157568540627,-6.14261891797562,"MRPS28",0.543718510267783,0.0797555624506639,""
"THOP1",0.0459615663578106,11.4471106655716,0.421447793878497,0.677262919688751,0.846283159680883,-6.16897393512362,"THOP1",0.498441256971779,0.16924270147233,""
"AKAP7",0.0458565116656739,9.92234791375955,0.234737741709324,0.816863219152601,0.915900016271622,-6.13810220626889,"AKAP7",0.53944397941588,0.0878506584497176,""
"EPDR1",0.0457788442722293,13.1833090686698,0.516217615208012,0.610532007502167,0.808099755161647,-6.12474872063011,"EPDR1",0.47595211261588,0.214291562976775,""
"COL15A1",0.0456428476817106,14.4324541082166,0.642042756347268,0.527067218190576,0.755216356469641,-6.05258753839659,"COL15A1",0.444805010826778,0.27813399460211,""
"CMPK1",0.0453610042732695,12.8624090821319,0.555958154842093,0.583501170310503,0.788277052721359,-6.10360388425727,"CMPK1",0.464276998195973,0.233958268566539,""
"PSMB4",0.0451743641125546,13.6237136393611,0.580812937306562,0.566902399200727,0.781332276857981,-6.08960424817174,"PSMB4",0.460186685431112,0.24649170501744,""
"GART",0.0451187788208252,12.6958891621911,0.560014872886399,0.580775555692358,0.785996523251704,-6.10135955428355,"GART",0.462933818951044,0.235991670977606,""
"ANXA4",0.0447899155574962,12.7340857740875,0.450762216394745,0.656297700133006,0.833876275149912,-6.15623141134515,"ANXA4",0.491133888214669,0.182899117640524,""
"PANK4",0.0446955530098982,13.3031451744111,0.523852975721581,0.60529277442808,0.802945116239935,-6.12080482580274,"PANK4",0.472916149210508,0.218034510367546,""
"ISOC1",0.044557297662319,11.4638375076605,0.562027813161268,0.579425468132888,0.785996523251704,-6.10024002812924,"ISOC1",0.462933818951044,0.237002419683702,""
"PERM1",0.0444365877018171,14.1100184099029,0.392224454290111,0.698431476098866,0.856794755824015,-6.18083713660963,"PERM1",0.50463234459349,0.155876196581961,""
"ACAD9",0.0443851070843717,10.6377695731701,0.22862758285892,0.821138700812988,0.917637974128274,-6.23165087044912,"ACAD9",0.540467596498087,0.085583478800132,""
"ATPAF1",0.0441775637553352,11.3635505180828,0.298392584728047,0.768272220971953,0.894979106904397,-6.17123445183143,"ATPAF1",0.527122046452067,0.114484869658061,""
"LMAN1",0.0437373449741401,14.2202778100276,0.480887788885936,0.63504878959428,0.821805265997202,-6.14226028678697,"LMAN1",0.484024342306579,0.19719290740473,""
"RAP1B",0.0433499031626212,9.96694541403646,0.33241551453255,0.742955440287915,0.87999354052299,-6.13628721209433,"RAP1B",0.518295893576238,0.129037232830802,""
"COL6A1",0.0431327538353194,15.9332910581711,0.384404829919357,0.704139309873117,0.859980803188318,-6.18386897769012,"COL6A1",0.506508852987718,0.152341409716072,""
"CYRIB",0.0430027613585597,12.8256483590162,0.411723800533176,0.684277684870627,0.847991802079017,-6.17301459619045,"CYRIB",0.499447607925238,0.164767622645178,""
"AGT",0.0429711674258915,10.449108048487,0.186992699595861,0.853507232239044,0.935031379126275,-6.17413334601784,"AGT",0.55071191076932,0.0687927945162057,""
"PLAA",0.0427953471419578,13.2523020811114,0.669198936083364,0.509898324832884,0.745456254375385,-6.03502573603699,"PLAA",0.439056535862597,0.292516414816268,""
"AKR7A2",0.0427223545310316,13.9331787687987,0.47093490462085,0.642034835206142,0.826793061164744,-6.14697409202195,"AKR7A2",0.486962038589895,0.192441407558293,""
"PEPD",0.0426544705815424,13.5902030426309,0.380298635763724,0.707143721617645,0.860713820107495,-6.18543690917773,"PEPD",0.506940583042129,0.150492310160526,""
"FBN1",0.0426468163629963,13.0442784945367,0.104544325872686,0.917664951269782,0.964084933795641,-6.23075646139337,"FBN1",0.567823784192818,0.0373158551549893,""
"ACAT1",0.0424781112547912,16.4764509000808,0.353962832067496,0.726526816952973,0.870721434771123,-6.19509755314888,"ACAT1",0.51283483719946,0.138748350753774,""
"ADSS1",0.0418131882437702,15.1511837033279,0.542558137129226,0.592549174473447,0.79413235175103,-6.11090437833619,"ADSS1",0.467725634240433,0.227275602589944,""
"RPS25",0.0413413058499987,11.1769846311157,0.20237785420066,0.841442480081961,0.929553447877508,-6.21568147925537,"RPS25",0.547485535641792,0.0749755664817456,""
"LASP1",0.0410929858439424,11.9749111756219,0.396857550211702,0.695058129631565,0.855456159546542,-6.17901236906911,"LASP1",0.503843942267993,0.157978872643665,""
"PIN1",0.0409818897489327,13.0673295181293,0.437990131896219,0.665397982451891,0.83767025131526,-6.1618867727963,"PIN1",0.493368452647559,0.176918520286161,""
"PCMT1",0.0407677825525408,15.4852777541387,0.513140223255911,0.612649696828663,0.808212220966049,-6.12632229568223,"PCMT1",0.476018352380043,0.212787777064139,""
"SLC25A4",0.040642636111933,19.645899300618,0.3400122559287,0.736871463129413,0.876776015954565,-6.199937286604,"SLC25A4",0.516400845834974,0.132608262103079,""
"CAPN3",0.0404220429847477,14.9769789753088,0.504629683973055,0.618524096868221,0.81068439610187,-6.13062614574779,"CAPN3",0.477474406501004,0.208643376175454,""
"RPS14",0.0402284517241398,11.9749399324643,0.313415784427263,0.756733158868051,0.88850047179041,-6.20863020044883,"RPS14",0.52330627983455,0.121057235507908,""
"ABRACL",0.0402019271276277,10.2165349328793,0.134199968998839,0.895789083948202,0.956220624833265,-5.7776263517173,"ABRACL",0.563191887646632,0.0477942341551683,""
"TMX3",0.0401227601834275,12.2552505659544,0.404229042635964,0.689704216096926,0.851666667241449,-6.17606551955516,"TMX3",0.501612018725348,0.161337119201673,""
"VCAN",0.0400673608555451,10.9580768129085,0.163526520163594,0.874440550699719,0.945286785231281,-5.5933901923958,"VCAN",0.556752108368978,0.0582697109202246,""
"RIC8A",0.0399548236147567,11.5852690677692,0.344706047099461,0.733385130948047,0.875055817240311,-6.19833040899181,"RIC8A",0.515387688477929,0.134667899410425,""
"G6PD",0.0395174779161032,10.1427779031627,0.237817409770201,0.814955906258364,0.915900016271622,-6.0535655587872,"G6PD",0.53944397941588,0.0888658884216461,""
"GPI",0.0393741005650234,18.3207227915497,0.415424713316342,0.681604429540744,0.847290166361333,-6.17148768553226,"GPI",0.49903436067453,0.166467595883886,""
"HARS1",0.0390483905468724,12.2211577303705,0.56351416629145,0.578429572508075,0.785501325587069,-6.09941086405595,"HARS1",0.462642158950976,0.237749511618158,""
"NRAP",0.0386559664118664,15.4149928119561,0.168709513783484,0.867470634587215,0.942390921613999,-6.24359439237495,"NRAP",0.555046511507094,0.0617452179233582,""
"ELOC",0.0386367287599985,14.3578278144562,0.514197980874617,0.611921417153477,0.808099755161647,-6.12578246495208,"ELOC",0.47595211261588,0.213304346298696,""
"TGM2",0.0383085788268911,12.0089839671975,0.285980186353623,0.777402237669726,0.89951310131007,-6.21686199851557,"TGM2",0.529792464556001,0.10935421363244,""
"BLVRA",0.038246921178402,13.3957376148301,0.541235121414329,0.593446211581996,0.794215987936302,-6.11161576343896,"BLVRA",0.467774894024039,0.226618638245604,""
"ELAVL1",0.0382061153747539,12.2368853935641,0.362049061082812,0.720554783105662,0.868113850889725,-6.19220418191165,"ELAVL1",0.511299030451286,0.142332994591802,""
"PLS3",0.0381627280219625,13.3139074387195,0.450327085252503,0.656606855226217,0.833876275149912,-6.15642671107176,"PLS3",0.491133888214669,0.182694587382834,""
"ASAH1",0.0373787993001091,11.4201930375732,0.29445041751466,0.771002307437621,0.895694161859175,-6.21440037231566,"ASAH1",0.527543197323836,0.112944322200759,""
"EIF5A",0.0368751681497965,15.4877049625043,0.53728217166391,0.596130346182573,0.796415054519406,-6.1137311789375,"EIF5A",0.469070093508169,0.224658769725316,""
"SYNPO",0.036558434834193,14.3924918894922,0.534227285762625,0.598208704818773,0.797856785428934,-6.11535564133818,"SYNPO",0.469919239752591,0.223147271633599,""
"NIBAN2",0.0364975445116595,11.091900763262,0.264001455940874,0.794184926401068,0.908364867896429,-6.20127230928069,"NIBAN2",0.535005950861683,0.100078360086242,""
"ECPAS",0.0363926817245819,14.0397635582466,0.545104686508985,0.59082441808584,0.79293398940855,-6.10953033668406,"ECPAS",0.467019826467395,0.228541564103492,""
"RPS6KB2",0.0363311631220462,8.89172313604323,0.14456294276603,0.887366074084655,0.95080629385467,-5.88922729495526,"RPS6KB2",0.560002971610953,0.0518971793150664,""
"TWF2",0.0362978013576747,14.2765404086363,0.509949112896987,0.614849284968811,0.809250161833949,-6.1279443098573,"TWF2",0.476629675605538,0.211231327684791,""
"ATP6V1A",0.0361407285300235,12.9567582543919,0.625809417877809,0.537478626722318,0.760167302188998,-6.06275057656359,"ATP6V1A",0.447721003635244,0.269638801144662,""
"VPS13C",0.0361070765660489,12.7004228641767,0.319150218985816,0.752435757954345,0.887551899003808,-6.20681522290679,"VPS13C",0.522747592347182,0.123530573683531,""
"PSMA5",0.0358604418161299,15.2545076117876,0.599589815178768,0.554524383422564,0.77290136930346,-6.07863414567198,"PSMA5",0.455221075385802,0.256079352394813,""
"ITGA8",0.0356333775857429,11.3408460819789,0.115287290789846,0.90953214466231,0.96149365185187,-6.09852330396434,"ITGA8",0.566297578909815,0.0411819475045441,""
"MAP2K3",0.0353689623686915,12.0907620336902,0.392466522545357,0.698255068862183,0.856794755824015,-6.1807423201745,"MAP2K3",0.50463234459349,0.155985902929664,""
"NDUFA3",0.0351363633725441,12.4469404593903,0.2310023048567,0.819314870733831,0.916608511633473,-6.23110360466498,"NDUFA3",0.539861266838748,0.0865491625346787,""
"HSP90AB1",0.0347726203870309,16.937843418389,0.40155504778386,0.691644444727954,0.852353566996928,-6.17714066350356,"HSP90AB1",0.502016586834282,0.16011710695405,""
"PPT1",0.0345743499769995,12.5666785013935,0.141043672787623,0.889150393424748,0.951434559361202,-6.20065133261661,"PPT1",0.560373005499971,0.0510247750136042,""
"RPL22",0.0344661042267784,12.8068177076767,0.345444734791497,0.732836998400513,0.875055817240311,-6.19807554033603,"RPL22",0.515387688477929,0.134992612763294,""
"COX6B1",0.0344470110519453,18.412468630152,0.360315529915618,0.721833559260058,0.868991724977219,-6.19282990578918,"COX6B1",0.511816078035925,0.141562930723927,""
"GLRX3",0.0343945850742013,13.5803379802366,0.354697448149981,0.725983532451602,0.870721434771123,-6.19483736551686,"GLRX3",0.51283483719946,0.139073230328159,""
"ST13",0.034041342086125,14.5562312461052,0.44787519916282,0.658350058142364,0.833876275149912,-6.15752372651383,"ST13",0.491133888214669,0.181543121744509,""
"CARS1",0.0339357821946979,11.1088743665482,0.283245092710547,0.77983360752303,0.90167277026482,-6.15143771925816,"CARS1",0.531064459745949,0.107998052493385,""
"MRPL53",0.0339247488528684,10.1295813396502,0.220109617509835,0.82796602906489,0.920533659643573,-6.16736758642615,"MRPL53",0.542173088462012,0.0819874816841059,""
"PSMB3",0.0338272461329279,13.3325475187244,0.403667102721358,0.690111775346705,0.851666667241449,-6.17629204478766,"PSMB3",0.501612018725348,0.16108056218324,""
"HSBP1",0.0337670314581686,10.4346788961904,0.201234210853549,0.842839769665852,0.930137603074371,-6.08153233113602,"HSBP1",0.547829589576057,0.0742549802555207,""
"ASB14",0.0337665116355872,10.5401236928431,0.261445601082683,0.796361364223598,0.909039038316614,-6.15738668819616,"ASB14",0.535403021685799,0.0988898180965569,""
"PRPF40A",0.0337016314780385,10.9178012070978,0.151117258846872,0.881836118124891,0.949171149586712,-5.99619124266027,"PRPF40A",0.559039909360537,0.0546121173705467,""
"GDI2",0.03366701247778,15.9579156037237,0.574207893035427,0.57128986706246,0.781535959462108,-6.09338261580978,"GDI2",0.460306649785907,0.243143478928924,""
"NDUFB4",0.0336168421384038,16.4299708505468,0.249607565074715,0.805062487889137,0.91219182671988,-6.22662121350849,"NDUFB4",0.537259941319274,0.0941704089585947,""
"PCBD1",0.0336133772973852,14.511055300915,0.300843374895588,0.766182864290582,0.894421268316865,-6.21249523448181,"PCBD1",0.526793492393563,0.115667565257226,""
"IDH2",0.0334899212399016,18.3479235517431,0.314790738516308,0.755702028058521,0.88850047179041,-6.20819799342022,"IDH2",0.52330627983455,0.121649412275486,""
"FKBP4",0.0334282509764314,12.153931080632,0.447524985981978,0.658599208934742,0.833876275149912,-6.15767993760941,"FKBP4",0.491133888214669,0.181378795269241,""
"NDUFA10",0.0331984414560651,16.2942654599206,0.327667749825234,0.746067791232517,0.882434956123344,-6.2040591963647,"NDUFA10",0.519733831040443,0.127221708692783,""
"ZC3H8",0.0331949267072211,14.8982947384291,0.334689607641661,0.740831867994164,0.879222012664204,-6.20173306066375,"ZC3H8",0.51784148146686,0.13028034409565,""
"MAPKAPK3",0.0327747683087853,11.6689011759227,0.187710763369378,0.853396449092376,0.935031379126275,-6.04275328360927,"MAPKAPK3",0.55071191076932,0.0688491685341183,""
"HNRNPA0",0.0326892083058556,11.8586547980025,0.228791334037015,0.821196273635044,0.917637974128274,-6.18962156566579,"HNRNPA0",0.540467596498087,0.0855530300070104,""
"PBXIP1",0.0325109358820761,13.8499314534261,0.424475568593615,0.675084756164552,0.845036163310873,-6.16769683065464,"PBXIP1",0.497706804878532,0.17064169854112,""
"ARHGDIA",0.0323839564085944,15.6073380516472,0.375012737888122,0.711018453416955,0.863961328207959,-6.18743082717638,"ARHGDIA",0.508853290392032,0.148119127662419,""
"COQ3",0.0321360181826282,15.2864542062954,0.311003590168855,0.758543269692882,0.888898496072183,-6.2093839246495,"COQ3",0.523540706953939,0.120019640648021,""
"EPB41L2",0.0318276778592885,11.1017023862663,0.269421231441555,0.790592312357185,0.906387687514804,-6.09022694492349,"EPB41L2",0.533841437231223,0.102047413009853,""
"COL6A3",0.0316054623423234,15.5541307129789,0.258488487756688,0.798283257546246,0.910507068742513,-6.22435992176731,"COL6A3",0.536267657738623,0.0978429791236968,""
"TOM1L2",0.0315958870474198,12.0176925310167,0.313182605821793,0.756908074262317,0.88850047179041,-6.20870331247203,"TOM1L2",0.52330627983455,0.120956861932975,""
"PTPN11",0.0315342574638375,12.4206530087227,0.427580938249125,0.673026009514676,0.843565204048154,-6.14473835822923,"PTPN11",0.496840443808391,0.171968151867507,""
"PRKG1",0.0314198742815286,13.3247242701684,0.359396780238356,0.722511630617118,0.869442567263624,-6.19316032782052,"PRKG1",0.512081613741511,0.141155157468051,""
"HLA-A",0.0311606268705589,12.1485412068179,0.193356972454795,0.848342966478565,0.932688773894284,-6.2391160389254,"HLA-A",0.549332170332488,0.0714285364971036,""
"EIF3M",0.030925880774884,13.1186309299295,0.310388862908325,0.759125900674655,0.8892174149416,-6.18793076363502,"EIF3M",0.523728542810444,0.11968619059482,""
"CFL2",0.0307829936394981,17.6683281933598,0.462063860822677,0.648290115579155,0.829625956666086,-6.15109403306116,"CFL2",0.488630548684189,0.188230599995361,""
"PACSIN3",0.0306981348155659,15.4839368787169,0.419161444084779,0.678909614494873,0.847290166361333,-6.16993234512585,"PACSIN3",0.49903436067453,0.168188040946314,""
"LRRC47",0.0306785782401384,12.4588599519875,0.363174840850177,0.719724773019933,0.868113850889725,-6.19179623800418,"LRRC47",0.511299030451286,0.142833548582904,""
"NDUFS3",0.0306552283138437,16.4506142814115,0.247812545715711,0.806434628807362,0.91219182671988,-6.22706871741811,"NDUFS3",0.537259941319274,0.0934308316214501,""
"MAP1LC3B2",0.0305618713614013,12.9311501559483,0.281784011935726,0.780578780441804,0.902170148178098,-6.21805507364586,"MAP1LC3B2",0.531357403862169,0.107583258924987,""
"ACADM",0.0304373684827191,17.8338202673239,0.263346130088947,0.794581992510038,0.908456218183133,-6.22308980471797,"ACADM",0.535059754073065,0.0998612815184369,""
"EIF3F",0.0303229566021042,12.0612557738014,0.38590941246662,0.703039666692632,0.859293654007553,-6.18329029894102,"EIF3F",0.506104137973045,0.153020170656239,""
"COX6A2",0.0301046498211459,15.8304387273036,0.183145206615738,0.856256989109118,0.935917526584255,-6.24104524053648,"COX6A2",0.551233831178305,0.0673958706012575,""
"COPS7B",0.0300575787189548,8.63033622193942,0.164317690470876,0.87175423197111,0.943220294811205,-6.00125083660201,"COPS7B",0.555534993186287,0.0596059356442836,""
"TGFB1I1",0.0300484526617204,10.5897252054495,0.163574746796467,0.871595895987056,0.943220294811205,-6.20246368636312,"TGFB1I1",0.555534993186287,0.0596848233481909,""
"NDUFS2",0.0295132361575572,14.9681377966353,0.25780320253808,0.798805799511087,0.910538294596914,-6.22453720980544,"NDUFS2",0.536286049046473,0.0975587907135537,""
"MPDZ",0.0294493314378172,12.0552336701341,0.0778588024527159,0.938696394134057,0.974183990371364,-6.1850627741267,"MPDZ",0.573771895526772,0.027474850410153,""
"RPL32",0.0294368463112971,10.6961253258404,0.150316351735923,0.88223686961942,0.949171149586712,-6.09867569245825,"RPL32",0.559039909360537,0.0544147965489123,""
"RAB14",0.0292157601841101,13.0958582911696,0.352618249234044,0.727521581023681,0.870721434771123,-6.19557239798081,"RAB14",0.51283483719946,0.138154119344825,""
"UFM1",0.0289822849374737,11.7335361731361,0.257748973277448,0.798946485447641,0.910538294596914,-6.20290691527012,"UFM1",0.536286049046473,0.0974823093632719,""
"ACO1",0.0289252593546401,14.1262700520333,0.301665461865282,0.765563813600139,0.894421268316865,-6.21224730204334,"ACO1",0.526793492393563,0.116018602824202,""
"RNH1",0.0286994607419331,15.6939384281338,0.400494767517244,0.692414373625369,0.852935383252928,-6.17756502697442,"RNH1",0.502359263186339,0.159633925312256,""
"APEH",0.0286871807610041,14.9085059278503,0.452156065929275,0.655307810076288,0.833876275149912,-6.15560456328352,"APEH",0.491133888214669,0.183554656013307,""
"PPIH",0.0286483302386014,11.9493211388194,0.211841457132991,0.834059554519776,0.924437524823776,-6.23535873858333,"PPIH",0.54447237498947,0.0788029382400841,""
"STXBP3",0.0285426364448149,12.7071273566758,0.43652686114445,0.666443976352788,0.838618430700521,-6.16252449400264,"STXBP3",0.493926908430612,0.176236353052037,""
"HNRNPH2",0.0284863209085078,11.6017288780214,0.20228760881534,0.841596400260607,0.929553447877508,-6.19535351507796,"HNRNPH2",0.547485535641792,0.0748961307833708,""
"CORO1C",0.0284599728212527,10.9696709206233,0.214397729392389,0.832260070520914,0.923157568540627,-6.1928215238244,"CORO1C",0.543718510267783,0.0797409410854406,""
"CTSH",0.0282679716559535,11.8072730572384,0.146379855178703,0.884926832226164,0.95080629385467,-6.22548386926955,"CTSH",0.560002971610953,0.0530926362785194,""
"TBRG4",0.0282157159368026,11.3195374723426,0.261485703706874,0.796209999500634,0.909039038316614,-6.1763360446323,"TBRG4",0.535403021685799,0.0989723724682269,""
"PGD",0.0281758171733042,12.9115196869489,0.408965842500518,0.686272567793933,0.849456921388681,-6.17414371220717,"PGD",0.50031052939776,0.163503360709837,""
"LUC7L2",0.0281380199277006,9.12268478187295,0.153308082763933,0.880428157618791,0.949171149586712,-5.96754033981347,"LUC7L2",0.559039909360537,0.0553060764061555,""
"GOLGA4",0.0281190130867106,13.4990558767048,0.139146180629623,0.891556575322033,0.953123565405862,-5.92554275145766,"GOLGA4",0.561367791094252,0.0498510926786696,""
"SEC23A",0.0280743090117923,11.7629303451045,0.269364469050523,0.790003169684239,0.906387687514804,-6.22148360908659,"SEC23A",0.533841437231223,0.102371166211315,""
"HNRNPM",0.0279665302396097,13.7326275146204,0.340867562457543,0.736235748280517,0.876748101070853,-6.19964610465461,"HNRNPM",0.516384404612474,0.132983099000135,""
"CTSD",0.0279664406497311,15.8752516769305,0.273375695183578,0.7869556532055,0.905520687336502,-6.22039305270226,"CTSD",0.533330794128233,0.10404974046278,""
"MTHFD1",0.027792145731345,14.5339881512703,0.504274857346671,0.618769584454849,0.81068439610187,-6.13080405652904,"MTHFD1",0.477474406501004,0.208471042141495,""
"GNAS",0.0274613993608543,12.6418554428747,0.319975992052325,0.751817590182851,0.887188124550344,-6.20655117514633,"GNAS",0.52253333758651,0.123887517369241,""
"S100A10",0.0270181865280783,13.8749668680272,0.217763542581933,0.829495469449699,0.921161312331887,-6.23408274407539,"S100A10",0.542542761415239,0.0811859816689985,""
"EGFLAM",0.0266320054792857,11.0016962608228,0.18863867736978,0.851997631226412,0.934969846511012,-6.24002038205324,"EGFLAM",0.550675669478511,0.0695616126825112,""
"BCAT2",0.0265562794388803,13.1499218219117,0.274633964479525,0.786000400063471,0.905520687336502,-6.22004765977642,"BCAT2",0.533330794128233,0.104577232910575,""
"SEPHS1",0.0263642535544424,11.246794743613,0.160694345948897,0.87377007392947,0.945044369990182,-6.22327684848947,"SEPHS1",0.556609331384584,0.0586028336821364,""
"CDH13",0.0260635144239938,14.2533709624164,0.346327996217785,0.732181777462617,0.874830459179364,-6.19777008086587,"CDH13",0.515254957779129,0.135381084039454,""
"CPT1B",0.0257609878984759,12.9224839939493,0.267353659999227,0.791532167082735,0.906779250609981,-6.22202427280834,"CPT1B",0.53407205886077,0.101531431145701,""
"PFKL",0.0256404707980842,16.2941769539028,0.245344825555759,0.808322028201732,0.912963654855096,-6.22767868389359,"PFKL",0.537714530284542,0.0924155857491388,""
"MYO18A",0.0255610469282743,12.597521261854,0.18449003465889,0.855213860256549,0.935917526584255,-6.2407971414121,"MYO18A",0.551233831178305,0.0679252692303369,""
"NDUFB8",0.0253319622785941,15.0307789694388,0.231312444319146,0.819076754534522,0.916608511633473,-6.23103171603145,"NDUFB8",0.539861266838748,0.0866753992055024,""
"PSMD10",0.0253039747913544,13.5323590297377,0.355154917584739,0.72564528559262,0.870721434771123,-6.19467506863299,"PSMD10",0.51283483719946,0.139275621938479,""
"RCN1",0.0252934787908803,12.1748382518601,0.203258561974702,0.840762305698236,0.929553447877508,-6.21550225148365,"RCN1",0.547485535641792,0.0753267674772231,""
"LAMTOR5",0.0251041082130108,13.8648427445919,0.221003790195501,0.82700082718205,0.920174968550657,-6.23336976077752,"LAMTOR5",0.541961827683427,0.0824940560575859,""
"PRMT5",0.0249951429261586,12.2627605562645,0.338266464591794,0.738169634367173,0.877602158338007,-6.2005293791282,"PRMT5",0.516887424639396,0.131843824079427,""
"MSRB2",0.024863672733284,11.9144456014892,0.295382622103837,0.770298956781614,0.895694161859175,-6.21412509865162,"MSRB2",0.527543197323836,0.11334069030483,""
"ACAD8",0.0247687397344851,12.5203343035736,0.268324686555314,0.790793701948568,0.906387687514804,-6.22176368705124,"ACAD8",0.533841437231223,0.101936798159422,""
"IMPA1",0.0247620893268561,14.72504603764,0.323620690505081,0.749091225859338,0.884825928347803,-6.20537767507417,"IMPA1",0.521142058519994,0.125465289810834,""
"FAHD1",0.0244464461704013,13.1196464405645,0.254229654377816,0.801532242465047,0.911671303582166,-6.22545412944798,"FAHD1",0.53695336519983,0.0960790030128781,""
"AIFM1",0.0243257429323354,14.9540032279614,0.249009806046643,0.805519353484811,0.91219182671988,-6.22677059342739,"AIFM1",0.537259941319274,0.0939240207187703,""
"UBE2F",0.0242469084895909,11.3318825031319,0.201381904805215,0.842135080431491,0.929789849790204,-6.23752678443658,"UBE2F",0.547624770914486,0.0746182410647428,""
"DDX3X",0.023924636248692,13.2819935015255,0.24791854792538,0.80644891943252,0.91219182671988,-6.20539816612788,"DDX3X",0.537259941319274,0.0934231356663937,""
"SZRD1",0.0236129177448294,9.7131912428965,0.115856923911185,0.909358412797448,0.96149365185187,-5.98212786516457,"SZRD1",0.566297578909815,0.0412649110343293,""
"MTX2",0.0234536858750154,13.4440413023442,0.243055495228169,0.810074051934365,0.913406332574811,-6.2282391266439,"MTX2",0.537975257248707,0.0914752788047149,""
"LARS1",0.0234495801938159,12.2295605471476,0.328838397145442,0.745194009687206,0.881915555266181,-6.20367478823232,"LARS1",0.519427915918353,0.127730644879187,""
"MRPS36",0.0233456151668214,14.4687246080518,0.235847315957883,0.815597050973058,0.915900016271622,-6.2299695944224,"MRPS36",0.53944397941588,0.0885243532083203,""
"KLHL31",0.0230503813559597,12.1682743006216,0.323064743494364,0.749506879249919,0.884825928347803,-6.20555752706268,"KLHL31",0.521142058519994,0.125224376682855,""
"MYL6",0.0226679247189168,14.3236827893283,0.296119124982827,0.769743405757565,0.895428559743975,-6.21390700380691,"MYL6",0.527386763805527,0.113654022925406,""
"LSS",0.0216673279682364,12.8350712701133,0.16575467487449,0.869769541179443,0.942853885669162,-6.24409045465644,"LSS",0.555319186654825,0.0605958051431023,""
"GRSF1",0.0216269075402931,12.5982295110943,0.256341752859938,0.799920500782511,0.9112857256329,-6.22491373404811,"GRSF1",0.536726268683145,0.0969531727419091,""
"PDK1",0.0213887277848315,10.5611402924772,0.132112636891338,0.896323730707951,0.95643486018911,-6.11785752591741,"PDK1",0.563318067328732,0.0475351052180654,""
"SCFD1",0.0213491723503125,12.935787199277,0.286747660835009,0.776932924147126,0.899408203216398,-6.19499746842293,"SCFD1",0.529730681998868,0.109616474030774,""
"PCCA",0.021158404562339,13.6251202763213,0.208945679688273,0.83629347815936,0.926196644024906,-6.2359699176078,"PCCA",0.545508455615374,0.0776412900506113,""
"SERPINF1",0.0210629373686668,12.550743954251,0.188754695978502,0.851907725364468,0.934969846511012,-6.23999841213299,"SERPINF1",0.550675669478511,0.0696074434202555,""
"CDK5RAP3",0.0209000355835371,11.509113919594,0.178440121327921,0.859908626806859,0.937486984078738,-6.24189901007375,"CDK5RAP3",0.552158205434563,0.0655476940841479,""
"ANK3",0.0208596550306765,13.2682547811685,0.261377737772629,0.796081214718441,0.909039038316614,-6.22360730840597,"ANK3",0.535403021685799,0.0990426240903948,""
"HNRNPR",0.0207863576924421,10.3300991642102,0.150549645320841,0.881674260703048,0.949171149586712,-6.22486216140588,"HNRNPR",0.559039909360537,0.0546918376672947,""
"BAG3",0.0206445915605187,15.434869726563,0.198454238043424,0.844398662008856,0.930137603074371,-6.23811403946639,"BAG3",0.547829589576057,0.0734524635247685,""
"CCT3",0.0205397851701132,13.9348802347565,0.252041678462476,0.80320283527336,0.911760967191004,-6.22600925057934,"CCT3",0.537006174996862,0.095174767154482,""
"RAB18",0.019637087370711,10.7857320999364,0.167199648311052,0.868645183553504,0.942711981231774,-6.24384896298913,"RAB18",0.555235608214994,0.0611575840716538,""
"RAD23A",0.0195837872670257,13.4795820614911,0.225690227425111,0.823396068098157,0.918662383729304,-6.23232001003884,"RAD23A",0.541070950119568,0.0843912111876349,""
"DNAJB2",0.0195060141746577,11.2053849269554,0.1160721584281,0.908726505575734,0.96149365185187,-6.17318057471252,"DNAJB2",0.566297578909815,0.0415668043372688,""
"PRMT1",0.0194246924899399,11.9478821381505,0.244027966520372,0.809329695561305,0.913163585483723,-6.22800169795813,"PRMT1",0.537832284812326,0.091874524377236,""
"MATR3",0.0194026809051184,11.1871447895256,0.208016326893865,0.837010718853466,0.926632662851306,-6.2361642894106,"MATR3",0.545765260645001,0.0772689803471157,""
"ALDH1L1",0.0193513374405292,15.116218387899,0.151713671169459,0.880709322579006,0.949171149586712,-6.24632816307812,"ALDH1L1",0.559039909360537,0.0551674064918118,""
"UBA1",0.0193252741147933,15.485560573136,0.329710192989105,0.74454352021665,0.881509980115951,-6.20338763249257,"UBA1",0.519189041511643,0.128109911696169,""
"BDH1",0.0190547347443388,13.5705313378792,0.104617686818909,0.917568082551046,0.964084933795641,-6.2523906223017,"BDH1",0.567823784192818,0.0373617017033893,""
"HCCS",0.019028577709884,11.4341948845669,0.134616748808704,0.894062657962125,0.955419217420636,-6.2487861518918,"HCCS",0.562719877169373,0.0486320437839079,""
"NDUFAF5",0.0188405975892376,11.8791854202529,0.238259891139466,0.813747402884409,0.915745603874636,-6.22939617812078,"NDUFAF5",0.539353034076409,0.0895103844941292,""
"VASP",0.0188148200467495,10.5948466104991,0.166330982524958,0.869384072225653,0.94279287499215,-6.22235145566866,"VASP",0.555283252773605,0.0607883206759768,""
"ILKAP",0.0183894513327765,10.1523526139191,0.165509368349468,0.870166724262984,0.942927543809756,-6.17793575189985,"ILKAP",0.555362569600313,0.0603975284269845,""
"SPAG9",0.0183358599356538,11.6548826248114,0.209079736500699,0.836269804492578,0.926196644024906,-6.21429812187692,"SPAG9",0.545508455615374,0.0776535841658262,""
"P4HB",0.0181940511886474,16.8567157528573,0.274417103973936,0.786165011843077,0.905520687336502,-6.22010730001629,"P4HB",0.533330794128233,0.104486288297166,""
"SSBP1",0.0178646861440672,13.3598520753818,0.177848662501282,0.860367888271118,0.937630757994095,-6.24200476663585,"SSBP1",0.552242884953789,0.0653158072651757,""
"UBL5",0.0178448260295916,11.3025577024194,0.148691336344506,0.883067370526655,0.949363719665293,-6.24678399635864,"UBL5",0.559153328694155,0.0540061621847779,""
"NT5C3A",0.0177785381619948,16.5581070379593,0.288374872712754,0.775591208536988,0.898793801589535,-6.2161732836583,"NT5C3A",0.529368813615129,0.110367122369909,""
"SYAP1",0.0177531458557159,10.5769765170874,0.104365518324207,0.917895083790086,0.964084933795641,-6.18622616158098,"SYAP1",0.567823784192818,0.0372069562006765,""
"SDHA",0.0175033500542323,15.6854431139747,0.176093339376149,0.861731173486947,0.93847565355241,-6.24231656784698,"SDHA",0.552740508945569,0.0646281959850527,""
"RHOA",0.0174853139954703,13.8681694146647,0.164416767921274,0.870810838737035,0.943098305586687,-6.24431218844718,"RHOA",0.555463144347385,0.0600761740563105,""
"SETD7",0.0173266214565544,12.347388491149,0.222931688542607,0.825517432700911,0.918894676382321,-6.23294057129509,"SETD7",0.541207765133114,0.0832737511766315,""
"CSNK2B",0.0172438693160011,13.7148397155306,0.196137133726033,0.846191147235036,0.93139563631097,-6.23857274731928,"CSNK2B",0.548570542129101,0.0725315225252685,""
"ACACB",0.0171591007109591,13.3947771712459,0.150371739642451,0.88175616978779,0.949171149586712,-6.24653168518153,"ACACB",0.559039909360537,0.0546514928224607,""
"AGPAT3",0.0169454910242237,9.83042995685525,0.0985864981292462,0.922528635878,0.966887150664174,-6.13651956952677,"AGPAT3",0.569474225280156,0.0350201441816055,""
"PSMC5",0.0163153016120212,12.7427860918849,0.249114919615046,0.805439010342048,0.91219182671988,-6.22674435136892,"PSMC5",0.537259941319274,0.0939673397571429,""
"SCFD2",0.0160151807153781,11.9664949561395,0.225230325602669,0.823835852178026,0.918795124858983,-6.21078006392717,"SCFD2",0.541149131582559,0.0841593120830789,""
"MAPK3",0.0155655803196009,11.4723015991612,0.124458967415296,0.902011700759768,0.957864853902846,-6.25010772784534,"MAPK3",0.564160300635614,0.0447878288189866,""
"IGKC",0.0152590917915987,17.7659721926782,0.0671667483319941,0.947017858560306,0.977552629869236,-6.25562273876064,"IGKC",0.575755946475201,0.0236418311328764,""
"ANXA6",0.0147474065609892,18.1881481617336,0.205926874987507,0.838623807893865,0.928059731765081,-6.23659814109323,"ANXA6",0.546605771312182,0.0764328124664802,""
"VBP1",0.0146197371869388,12.4223392987815,0.129568301599157,0.898011993378106,0.956794564916061,-6.2494559133999,"VBP1",0.563529925114379,0.0467178630842007,""
"ASPSCR1",0.0145912315313996,10.2950650862866,0.10219350210115,0.919915934808286,0.965422952470111,-6.0474360057671,"ASPSCR1",0.568611846323472,0.0362518582163947,""
"YARS1",0.0143978396783329,12.8969191734639,0.149412573074032,0.882504555186105,0.949171149586712,-6.2466760498926,"YARS1",0.559039909360537,0.0542830442550591,""
"MLIP",0.0143408177751336,13.2039112879953,0.143591321947164,0.887048931448863,0.95080629385467,-6.24753243069908,"MLIP",0.560002971610953,0.0520524229280177,""
"GRHPR",0.014306439262338,15.0074715983875,0.183305784298905,0.856132421377719,0.935917526584255,-6.24101571168226,"GRHPR",0.551233831178305,0.0674590560871452,""
"NT5C",0.0140159609115127,12.291680258639,0.110927147132303,0.912617252309064,0.962801306520994,-6.25170750443195,"NT5C",0.567067757341829,0.0397113254912505,""
"ATP1B4",0.0139017893683917,11.0417314746047,0.0662922816397586,0.947857420791504,0.977552629869236,-6.13646262010162,"ATP1B4",0.575755946475201,0.0232569854683025,""
"ZRANB2",0.0138637847181133,11.126709228915,0.188175456031827,0.852428142338151,0.934969846511012,-6.21846463585664,"ZRANB2",0.550675669478511,0.0693422207827852,""
"MAN2C1",0.0133614467847387,12.824341156832,0.164275635741589,0.870982897443012,0.943098305586687,-6.22269257764276,"MAN2C1",0.555463144347385,0.0599903726835527,""
"RPL15",0.0131896245737746,12.2582812381538,0.117934169735824,0.907123306235885,0.96149365185187,-6.25090204562295,"RPL15",0.566297578909815,0.0423336748163906,""
"COA4",0.0129510318411405,10.0729393581184,0.0663748358403798,0.947756226763777,0.977552629869236,-6.14033473952149,"COA4",0.575755946475201,0.0233033535749492,""
"ARPC3",0.0128355465204759,12.5374017397363,0.176006637414562,0.861798522640656,0.93847565355241,-6.24233188894106,"ARPC3",0.552740508945569,0.0645942547470254,""
"CRKL",0.0124672059928042,13.032969603284,0.152489474676677,0.880104215681895,0.949171149586712,-6.24620967878752,"CRKL",0.559039909360537,0.0554658987410043,""
"PAICS",0.0123983548043025,12.332023465856,0.128293333771251,0.89900981422828,0.956805688572945,-6.24962101679674,"PAICS",0.563536476691656,0.0462355671745341,""
"PLIN5",0.0123731624499861,11.7705379942531,0.0689609588933935,0.945630700906048,0.977506218725724,-6.23385861432162,"PLIN5",0.575728611382396,0.0242784364018585,""
"MRPL45",0.0122186061880818,11.0585311285398,0.0918124506773803,0.927698302360428,0.970035756831057,-6.21167122550778,"MRPL45",0.571328681672886,0.0325932381380806,""
"ENO2",0.0119415917292294,19.5050947236302,0.0901147929039012,0.928960617989474,0.970646920803304,-6.25380934973102,"ENO2",0.57168864315275,0.0320026969346572,""
"ATP6V1E1",0.0119341968266475,11.2220349516428,0.104158401137022,0.917967742479299,0.964084933795641,-6.23079692579503,"ATP6V1E1",0.567823784192818,0.037172579702223,""
"RALY",0.0118724819387754,10.3312355935934,0.131173981322269,0.896805033157959,0.956514939764459,-6.22760336289849,"RALY",0.563365232351146,0.047301963006087,""
"LDHA",0.0116917004464803,20.449795497229,0.0867818879228207,0.931581016773573,0.972320711384662,-6.25410554711915,"LDHA",0.572674467190173,0.0307793698523465,""
"PKM",0.011583993449225,19.4413809603144,0.118885807397023,0.90637752106939,0.961075609160582,-6.25078885515382,"PKM",0.566051361409053,0.0426908738822815,""
"EIF3B",0.0115636102938925,12.0274187164232,0.169020266466936,0.867228933575539,0.942390921613999,-6.24354171470562,"EIF3B",0.555046511507094,0.061866241088691,""
"CLINT1",0.0114165344374833,11.4163521578305,0.095868260318143,0.924439069992887,0.967977622172956,-6.25327179122587,"CLINT1",0.570116487841228,0.0341217080179466,""
"CLASP1",0.0112684108080074,10.6545733218422,0.0889328961464359,0.929999575167975,0.971378112064581,-6.18772565220049,"CLASP1",0.572119297936776,0.0315172498355772,""
"PVALB",0.0110148698228958,11.4607448988232,0.0322897142917537,0.974569723488244,0.991547943935494,-6.14202229850657,"PVALB",0.583998863582911,0.0111870847731427,""
"PTMS",0.0109943961151249,10.9303951935064,0.0760146117940834,0.940183114936444,0.975256950806945,-6.15958130966063,"PTMS",0.574403844469717,0.0267875527178337,""
"PPP6R3",0.0107259347605382,10.8693441275415,0.099263089826459,0.921772342749554,0.966887150664174,-6.25293901589352,"PPP6R3",0.569474225280156,0.0353763267728448,""
"PA2G4",0.00960195655569329,12.4065354674532,0.134222298609489,0.894371131949974,0.955419217420636,-6.24883940278494,"PA2G4",0.562719877169373,0.0484822271646763,""
"EEFSEC",0.00940360477568092,10.9248109021604,0.0801316893568776,0.937404154266124,0.974183990371364,-5.93142224602533,"EEFSEC",0.573771895526772,0.0280731261615988,""
"KSR2",0.00940010377859934,17.9751521808679,0.0610587444718089,0.951829392984354,0.97988475251876,-6.25601627371486,"KSR2",0.577129512912798,0.0214408880917774,""
"CD59",0.00892399859011306,16.0863394762402,0.12783511547844,0.899368468645132,0.956831832912206,-6.2496799560414,"CD59",0.563551875104321,0.046062342622506,""
"SDHB",0.00891008351743849,16.8226746165884,0.0808096972651109,0.936278432895149,0.974183990371364,-6.25460839858435,"SDHB",0.573771895526772,0.0285949804412408,""
"MT-CO3",0.00866444598981708,11.3108092064042,0.0432845831990955,0.965840824015767,0.988976803711533,-6.25694821534314,"MT-CO3",0.582484521308199,0.0150944418533835,""
"HSD17B4",0.00812256192313754,13.1003255630327,0.126201972902903,0.90064693164267,0.957480628145734,-6.24988830946838,"HSD17B4",0.563934000528912,0.0454454262134324,""
"TRIP10",0.00706853705153776,13.5996270600518,0.0881537912753687,0.930502300614395,0.97154888405382,-6.25398497583943,"TRIP10",0.572219878698662,0.0312825487633039,""
"ANP32A",0.00704164153447806,9.86942103550566,0.048594807383271,0.961793436104737,0.986360892201831,-6.10401646900414,"ANP32A",0.580943809779076,0.0169181911561809,""
"KIAA1191",0.00702799776771812,10.4622237598644,0.0326770990523071,0.974248607507737,0.991547943935494,-6.17941039269639,"KIAA1191",0.583998863582911,0.0113302062713645,""
"DENND10",0.00656609274362019,10.2377444897167,0.0123909250222991,0.990346655130582,0.997231784454306,-5.40477823192999,"DENND10",0.587346514520089,0.00421276089904689,""
"GNAI2",0.00637148798956666,14.0290426583692,0.0903160101406236,0.928802442789475,0.970646920803304,-6.25379111041812,"GNAI2",0.57168864315275,0.0320766510552336,""
"EIF1AY",0.00614581407851311,10.3322000314625,0.0347221334815266,0.972654814080969,0.991547943935494,-6.1651688364018,"EIF1AY",0.583998863582911,0.0120412593595508,""
"RER1",0.00614388355356432,11.031649912148,0.0379693404894741,0.970047442289022,0.990908509241183,-6.23552411034516,"RER1",0.583622251299968,0.0132070250940819,""
"TNNI2",0.00598179538762267,19.8044084673938,0.0734127819961898,0.942099721112176,0.975478525403208,-6.25518155438628,"TNNI2",0.574534346795104,0.0259031247691434,""
"PSMD2",0.0059430438753143,13.5564074461349,0.0925931902131443,0.927012580821716,0.969791984640446,-6.25358186247468,"PSMD2",0.571185105476535,0.0329143718486274,""
"AP2A2",0.0057454404698376,11.8419027166209,0.056919069826699,0.955091465875752,0.982183827026267,-6.25626168152173,"AP2A2",0.57848361475718,0.0199550355126033,""
"MLYCD",0.0057297671746479,11.2716933189952,0.0482712183844348,0.961908509748503,0.986360892201831,-6.25671878979575,"MLYCD",0.580943809779076,0.0168662331606428,""
"ZW10",0.00555512545568249,13.3969253919195,0.0490361849509451,0.961305364297413,0.986360892201831,-6.2566813846321,"ZW10",0.580943809779076,0.0171386342215088,""
"MCTS1",0.00551061390087426,13.7209313488563,0.0668678870055313,0.947253237985853,0.977552629869236,-6.25564286623437,"MCTS1",0.575755946475201,0.0235339015061391,""
"PPA2",0.00517027138949899,14.203687088906,0.0575455742844726,0.954597726066206,0.98202869520604,-6.25622564678613,"PPA2",0.578392245694017,0.0201796044953092,""
"SUPV3L1",0.00496019771706813,10.8169136549288,0.0351297103677436,0.972286516481312,0.991547943935494,-6.23562843990563,"SUPV3L1",0.583998863582911,0.0122057369349181,""
"PLCD4",0.00485942291372865,13.9023493479645,0.0636297819222967,0.949803838655745,0.979035291512186,-6.25585519099218,"PLCD4",0.57662919997732,0.0223660795385454,""
"CCDC90B",0.0046383258615954,11.0140437320873,0.0373731622210336,0.970549538772843,0.990963949748814,-6.1874077634297,"CCDC90B",0.583654904479928,0.0129822924584032,""
"NAPG",0.00435099905713621,11.6189495383441,0.0399247091288476,0.968490827418949,0.990274091298775,-6.25708870688981,"NAPG",0.583248593768157,0.0139044881304148,""
"TTR",0.00430395832977482,13.7236308151429,0.0304334586405556,0.97597867638116,0.991558328895227,-6.25742429178206,"TTR",0.584004980084609,0.0105596708898264,""
"MKRN2",0.00405953441283735,11.9561627391115,0.0360707312698029,0.971544486164623,0.991273034690232,-6.23559476415907,"MKRN2",0.583836948379715,0.0125373086478475,""
"BAX",0.00389982638252917,12.5224384264667,0.0417660441894772,0.967054104088684,0.98986524449964,-6.23537195523299,"BAX",0.583007792435721,0.01454922762346,""
"ATP5PB",0.00381032943518278,17.7060389872867,0.0316582920908603,0.975012237675244,0.991547943935494,-6.25738607262894,"ATP5PB",0.583998863582911,0.0109899333050776,""
"SNX3",0.00356528267112743,12.4322824159758,0.0382877401407568,0.969782075519566,0.990908509241183,-6.25715304608287,"SNX3",0.583622251299968,0.0133258472104752,""
"CKB",0.0032684025909564,15.4143067003763,0.0156431727252715,0.987651281570074,0.996979057160207,-6.25776677134951,"CKB",0.587197663974381,0.00539636839107473,""
"PHKB",0.00294366294122206,14.13580415348,0.0239092459740013,0.981127116635587,0.994319908720567,-6.25760246548299,"PHKB",0.585631486891018,0.00827472098198824,""
"ASPA",0.00203031467398418,15.0746187592906,0.0233584749683471,0.981561787091249,0.994408545535669,-6.25761554867221,"ASPA",0.585683691930227,0.00808235734955713,""
"PYURF",0.00186094797208014,12.1909362479397,0.0106185596519635,0.991621487363134,0.997231784454306,-6.2361920588282,"PYURF",0.587346514520089,0.003654071111423,""
"PAFAH1B3",0.0018178359663743,13.0424134158656,0.0192906128768059,0.984772329955569,0.995899700915519,-6.25770273648253,"PAFAH1B3",0.586561948047427,0.00666416267263201,""
"LMO7",0.00167488264710514,11.513224037952,0.0104751202142304,0.99173074757228,0.997231784454306,-6.25783460683035,"LMO7",0.587346514520089,0.00360622171267697,""
"DMAC2L",0.00146047359400292,12.8629901690918,0.0159592472330218,0.987401794262523,0.996979057160207,-6.25776175146619,"DMAC2L",0.587197663974381,0.00550608793519877,""
"LYPLAL1",0.00144759539688444,13.4493599118663,0.0158432597286003,0.987493346607754,0.996979057160207,-6.25776360523817,"LYPLAL1",0.587197663974381,0.0054658218192467,""
"IAH1",0.00124628247553993,12.7372573289167,0.00938188681542445,0.99259373817324,0.997231784454306,-6.25784551654481,"IAH1",0.587346514520089,0.00322846889830292,""
"GRPEL1",0.00114756400252958,13.4245087658794,0.0114685664209042,0.990946537172331,0.997231784454306,-6.25782365112774,"GRPEL1",0.587346514520089,0.00394977562306904,""
"COL6A6",0.000468459866466375,10.8418311819043,0.00231629222804942,0.998176701921538,0.999729469549645,-6.1386702420824,"COL6A6",0.588817593418682,0.000792571060757176,""
"CALCOCO2",0.000243301817304697,10.9764998883656,0.00194730846659691,0.998468336890958,0.999729469549645,-6.11555184416266,"CALCOCO2",0.588817593418682,0.000665702782832985,""
"HNRNPDL",9.00061343962477e-05,15.7335372093287,0.00148474499005845,0.998827893116121,0.999729469549645,-6.25788864387993,"HNRNPDL",0.588817593418682,0.0005093381095679,""
"HERC4",4.57307004904095e-05,11.7533621679327,0.000347039996020531,0.999726035030698,0.999729469549645,-6.2578896912321,"HERC4",0.588817593418682,0.00011899777575804,""
"PPP3CA",3.81399045146225e-05,12.3164018384966,0.000453463105784683,0.99964202107699,0.999729469549645,-6.25788964841793,"PPP3CA",0.588817593418682,0.000155496104725783,""
"TPD52L2",-3.31416645256155e-05,12.9058289198624,-0.000342689383262332,0.999729469549645,0.999729469549645,-6.25788969274016,"TPD52L2",0.588817593418682,0.000117505776937997,""
"SET",-0.000221666869633097,12.0827863030421,-0.00115342943457782,0.999089444453607,0.999729469549645,-6.25788908315231,"SET",0.588817593418682,0.000395629397883523,""
"C6orf136",-0.000284588311469491,10.0446926725996,-0.00147929076019222,0.998832751776647,0.999729469549645,-6.23624763379423,"C6orf136",0.588817593418682,0.000507225549097779,""
"RPL21",-0.000513194569069952,12.8278440377259,-0.00477773985343003,0.996228307391839,0.999018862874729,-6.25787827991106,"RPL21",0.588399062481127,0.00164112214046506,""
"PSMD3",-0.000574306899723709,12.691186062505,-0.00736468189814553,0.994186128690143,0.997320165523141,-6.25786249362848,"PSMD3",0.587398568930648,0.00253230061700952,""
"BZW2",-0.000677697631894958,14.3489286112318,-0.00791737204055639,0.993749829899647,0.997231784454306,-6.25785824889013,"BZW2",0.587346514520089,0.00272293267373826,""
"DCAF7",-0.000741864287430616,11.3467116152296,-0.00840567672113759,0.993364359249274,0.997231784454306,-6.25785424318031,"DCAF7",0.587346514520089,0.00289142603904844,""
"RPL27",-0.000878875552542624,13.1416725924184,-0.00812752309361055,0.993583935198956,0.997231784454306,-6.25785655433455,"RPL27",0.587346514520089,0.00279543901818805,""
"NCL",-0.000894422057296396,13.3631640010132,-0.0124303055598567,0.990187364685843,0.997231784454306,-6.25781210010204,"NCL",0.587346514520089,0.00428261979632113,""
"GPD1L",-0.00113076895959807,15.0694950678881,-0.0121445083236422,0.990412964821178,0.997231784454306,-6.25781562977092,"GPD1L",0.587346514520089,0.00418368323364665,""
"NAA50",-0.00119491297144236,11.6888067081172,-0.0156773665632665,0.987624291262019,0.996979057160207,-6.25776623312809,"NAA50",0.587197663974381,0.00540823685339452,""
"TRIM63",-0.00132489388697188,11.1644658074455,-0.0079846843598046,0.993699677579359,0.997231784454306,-6.23621668760337,"TRIM63",0.587346514520089,0.00274485109317859,""
"CD38",-0.00145693102883548,11.4581317897892,-0.0165960257703003,0.986899169434976,0.996979057160207,-6.25775133325214,"CD38",0.587197663974381,0.00572721652481157,""
"PET117",-0.00150809939134611,11.8024384591104,-0.013397822288945,0.989434120659329,0.997231784454306,-6.2158186883794,"PET117",0.587346514520089,0.00461311705799508,""
"DDAH2",-0.0016083798261608,10.3006426990034,-0.00889896831730676,0.992990293229758,0.997231784454306,-6.16896766130882,"DDAH2",0.587346514520089,0.00305499683931918,""
"DAD1",-0.00183219633106013,12.1940878575562,-0.00933999142984382,0.992626810280477,0.997231784454306,-6.25784591073202,"DAD1",0.587346514520089,0.00321399893556708,""
"PRUNE1",-0.00188335029598719,17.3805912361546,-0.0193533294975587,0.984722828993292,0.995899700915519,-6.2577015184875,"PRUNE1",0.586561948047427,0.00668599364253568,""
"EIF4G1",-0.00204191210526794,12.9770022414081,-0.0308851843344724,0.975622243718653,0.991547943935494,-6.25741037182461,"EIF4G1",0.583998863582911,0.0107183065397934,""
"CCDC22",-0.00205820265730949,15.9759852970645,-0.0148659805241879,0.988276376842816,0.996979057160207,-6.21579782344703,"CCDC22",0.587197663974381,0.00512158562206325,""
"ATOX1",-0.00225570618940019,12.7356042677735,-0.0258348485180935,0.979607471995249,0.993227622529539,-6.25755432783095,"ATOX1",0.584988155523968,0.00894791093612541,""
"GSPT1",-0.00228334009879738,12.8377325168868,-0.0322244164388319,0.974565557823643,0.991547943935494,-6.25736789805682,"GSPT1",0.583998863582911,0.0111889411093006,""
"NUP62",-0.00242874837126372,12.5535358527425,-0.013952023056556,0.988997092269239,0.997231784454306,-6.21054725304698,"NUP62",0.587346514520089,0.00480498526154741,""
"LIMS1",-0.00252317996817375,13.6307057114153,-0.0257143992954001,0.979702525714367,0.993227622529539,-6.25755744817296,"LIMS1",0.584988155523968,0.00890577232020657,""
"CORO1B",-0.00259626770507992,11.1372592505275,-0.0196237479679663,0.984516730022734,0.995899700915519,-6.23605517144314,"CORO1B",0.586561948047427,0.00677689943970635,""
"ATG7",-0.00272869444727952,10.6246210823543,-0.0152348933618516,0.987999814128402,0.996979057160207,-6.16889073228612,"ATG7",0.587197663974381,0.00524313711583019,""
"ATP5F1C",-0.00273176677210429,17.276520152051,-0.0210194462370694,0.983407820265641,0.995723028282516,-6.25766771396458,"ATP5F1C",0.586457891942494,0.00726634243114214,""
"NDUFAB1",-0.00274539144999864,17.39925456417,-0.0331440265110542,0.973839991076724,0.991547943935494,-6.25733768880446,"NDUFAB1",0.583998863582911,0.0115123949705186,""
"UQCRC1",-0.00286829280023326,17.3889589757248,-0.025790348982209,0.979642589217038,0.993227622529539,-6.25755548232855,"UQCRC1",0.584988155523968,0.00893234251436436,""
"PSMD13",-0.00336955301415287,13.903892975836,-0.0633416550914237,0.950030818245299,0.979035291512186,-6.25587357334436,"PSMD13",0.57662919997732,0.0222623063145349,""
"GPX4",-0.00337908746286786,13.9695485402193,-0.0442294735756632,0.965095640121564,0.988567207907067,-6.2569066615058,"GPX4",0.582243278828902,0.0154296463257551,""
"HSPB8",-0.00361009182367233,14.824127103373,-0.0261495165520181,0.979359150000861,0.993227622529539,-6.25754610727824,"HSPB8",0.584988155523968,0.00905801477481735,""
"CSE1L",-0.00369591258460567,13.381853010437,-0.0400311958798267,0.968406833225603,0.990274091298775,-6.2570844282662,"CSE1L",0.583248593768157,0.0139421547717101,""
"DDX1",-0.00403471056658411,14.4281430930336,-0.0576285952888721,0.954532299707646,0.98202869520604,-6.25622084206588,"DDX1",0.578392245694017,0.0202093712541169,""
"FMC1",-0.00430095412586695,11.7758776365443,-0.0261888463003937,0.97936033793659,0.993227622529539,-6.18776514594717,"FMC1",0.584988155523968,0.00905748798786783,""
"LRRC2",-0.00457001520113032,11.3322020433261,-0.0286357368516801,0.977407920165532,0.992658256508541,-6.23583657054641,"LRRC2",0.584652812073094,0.00992414610358042,""
"CYB5A",-0.00462989902846189,13.3140793934748,-0.0366236061858165,0.971094837928731,0.991167361307158,-6.25721569269327,"CYB5A",0.58377470919501,0.0127383544608412,""
"GON7",-0.00476259544874758,11.082324651526,-0.021066488050021,0.983554625353086,0.995723028282516,-5.89472354566659,"GON7",0.586457891942494,0.00720151492042566,""
"PSMA4",-0.00477075293235174,13.9117386792662,-0.0322314075890313,0.974560041763337,0.991547943935494,-6.25736767160309,"PSMA4",0.583998863582911,0.0111913992316022,""
"UBR4",-0.00533958232029974,11.2945236582487,-0.0378222739903945,0.970149252762666,0.990908509241183,-6.25717084898254,"UBR4",0.583622251299968,0.0131614464916064,""
"UQCRC2",-0.00565008928192867,17.1503858066081,-0.0469225497385514,0.962971937200042,0.986744768565624,-6.25678330453471,"UQCRC2",0.581169904101174,0.0163863688430152,""
"C1QBP",-0.00566076033600638,16.7100602515489,-0.0777707079353867,0.938669662893838,0.974183990371364,-6.25485052755393,"C1QBP",0.573771895526772,0.027487217982347,""
"PRDX2",-0.00608718281973353,17.7054571900047,-0.0791025066220883,0.937621662682148,0.974183990371364,-6.25474555928152,"PRDX2",0.573771895526772,0.0279723673299959,""
"FECH",-0.00654702600678014,13.8034088561839,-0.103274863190011,0.918622199544722,0.964418614184782,-6.25253085181245,"FECH",0.568020314243886,0.0368630635737907,""
"HMBS",-0.00682882129759754,11.2161156207866,-0.0472818982137007,0.96268858339528,0.986744768565624,-6.2567662933999,"HMBS",0.581169904101174,0.0165141784890108,""
"RPLP0",-0.00702284396231434,14.5741610781838,-0.0853723318835594,0.932689478332801,0.972414512539186,-6.25422745915992,"RPLP0",0.572729713906158,0.0302629224842551,""
"HSPBP1",-0.00712926819412196,13.1338325038612,-0.0694629256567195,0.945235608733916,0.977506218725724,-6.23382369621897,"HSPBP1",0.575728611382396,0.0244599260733626,""
"HDGF",-0.00722148071384154,13.8855604830434,-0.0677732885132596,0.946540170298745,0.977552629869236,-6.25558161415515,"HDGF",0.575755946475201,0.0238609502486412,""
"COX17",-0.00727563983469182,11.2941219978631,-0.0320771129559454,0.974693776995328,0.991547943935494,-6.23573155468173,"COX17",0.583998863582911,0.0111318067118168,""
"IGHG3",-0.00736895679611038,11.7744132091008,-0.0523609772495676,0.95868417772724,0.985170966993475,-6.25651197831631,"IGHG3",0.58024297128339,0.0183244402332363,""
"HNRNPL",-0.00739302607503767,12.7398815718579,-0.119328375824383,0.906030716270528,0.961063693110664,-6.2507359052983,"HNRNPL",0.566044343130559,0.0428570786138409,""
"PSMD4",-0.00743852556793634,14.1247520681022,-0.124888970178364,0.901674980796898,0.957862442508278,-6.25005388007023,"PSMD4",0.564158880379845,0.0449499807326368,""
"DMAC1",-0.00756248038254625,10.4860152424658,-0.0311150502103776,0.975511545601214,0.991547943935494,-6.12613608477415,"DMAC1",0.583998863582911,0.0107675861759472,""
"ADK",-0.00768382802993273,12.4327951670546,-0.115418585500848,0.909095152709447,0.96149365185187,-6.25119688092564,"ADK",0.566297578909815,0.0413906578848308,""
"COPG2",-0.0077515323595847,10.7289237749066,-0.0667415267452376,0.947405073181269,0.977552629869236,-6.20840649207527,"COPG2",0.575755946475201,0.0234642940341421,""
"PRKCQ",-0.00801944592015325,10.7975720241914,-0.0736843443415065,0.9419135587333,0.975478525403208,-6.23352002796905,"PRKCQ",0.574534346795104,0.0259889514403372,""
"EPN1",-0.00810276146262012,10.6895888851638,-0.0502557335981286,0.960405743066224,0.986232358602246,-6.17867805257046,"EPN1",0.580868106454241,0.0175452515986495,""
"ACTR1A",-0.00822287304429636,14.9830847252999,-0.0838458594559043,0.933890038579775,0.973119175325294,-6.25435723307153,"ACTR1A",0.573144744030332,0.0297042570134002,""
"TRIM28",-0.00831237882240643,11.3191226597732,-0.0859819492009352,0.932210063834581,0.972414512539186,-6.25417497839444,"TRIM28",0.572729713906158,0.0304862128771157,""
"PPP1R14C",-0.00835965512563419,12.7438050782499,-0.0802133997742569,0.93674758227692,0.974183990371364,-6.25465663949694,"PPP1R14C",0.573771895526772,0.0283774191363769,""
"STX7",-0.00838290865572233,9.48377962700325,-0.0486793016959131,0.96162486684523,0.986360892201831,-6.21083800542439,"STX7",0.580943809779076,0.0169943146903052,""
"SEC22B",-0.00888820135345725,13.5396226429951,-0.098144855056251,0.922650643498587,0.966887150664174,-6.25304990770946,"SEC22B",0.569474225280156,0.034962711023711,""
"GLTP",-0.00911018420415388,12.1739905936336,-0.0785354298493798,0.938097327785721,0.974183990371364,-6.23314895917545,"GLTP",0.573771895526772,0.0277521011438628,""
"MYL11",-0.00919680563572101,20.8024216315645,-0.115373522459373,0.909130480956001,0.96149365185187,-6.25120210458518,"MYL11",0.566297578909815,0.0413737811427461,""
"MRI1",-0.00926495924758974,11.5563901584503,-0.0417650334584739,0.96740416245417,0.989869782518308,-5.66215555707292,"MRI1",0.583010465224022,0.0143920483027546,""
"SUMO2",-0.00949800342294793,12.2827702253405,-0.0618245804858391,0.951404331078828,0.979799354264568,-6.11151548388662,"SUMO2",0.57707921531125,0.0216348758724399,""
"STYXL2",-0.00971305607460593,11.0451953678758,-0.0630038046716893,0.950320569275097,0.979035291512186,-6.23425368067823,"STYXL2",0.57662919997732,0.0221298705185357,""
"EIF3L",-0.00989124090536642,14.3150867114556,-0.117409989329835,0.907534136408138,0.96149365185187,-6.25096400505834,"EIF3L",0.566297578909815,0.042137030231397,""
"NFS1",-0.00998657481275522,12.5921879783515,-0.114506755014983,0.909810041132874,0.96149365185187,-6.25130218283937,"NFS1",0.566297578909815,0.0410492743817118,""
"ADPRH",-0.0100925810426009,11.055440124685,-0.0740234329310246,0.941787525067241,0.975478525403208,-6.13591709780112,"ADPRH",0.574534346795104,0.0260470665269142,""
"RNF7",-0.0101776549467179,10.5978568740445,-0.0519426913927191,0.959054597950758,0.985198123576388,-6.21455238836801,"RNF7",0.580258965884213,0.0181566682059926,""
"NDUFA1",-0.010555785672933,13.3008875668836,-0.121679585814317,0.904188586345323,0.959465028267138,-6.25045130647142,"NDUFA1",0.565102766419539,0.0437409794058278,""
"ATP6V1B2",-0.0110048363512885,11.8297329186117,-0.13990765507163,0.889926651483319,0.951736344230107,-6.24805679772741,"ATP6V1B2",0.560550749825462,0.0506457868031394,""
"BPNT1",-0.0110505101615086,11.10556434605,-0.113400008579151,0.910677850951449,0.961718792450203,-6.25142887364214,"BPNT1",0.566430181528152,0.0406352259876146,""
"GNPDA1",-0.0110781864186258,12.3870230561299,-0.140693946686173,0.889312260967157,0.951434559361202,-6.24794601164406,"GNPDA1",0.560373005499971,0.050945720015752,""
"MIX23",-0.0111257107845635,12.3670601010028,-0.105884971315101,0.916573405302875,0.964084933795641,-6.25225662131577,"MIX23",0.567823784192818,0.0378327481143288,""
"XPNPEP1",-0.011132522397526,13.6188843594066,-0.173961284426266,0.863387640188668,0.939134903722121,-6.24269114037661,"XPNPEP1",0.553128792086372,0.0637941727706477,""
"PPP2R3A",-0.0116392977986841,11.2188775448531,-0.0687908799994372,0.945764571260119,0.977506218725724,-6.23387038803345,"PPP2R3A",0.575728611382396,0.0242169588704126,""
"PPP1R3A",-0.0117256706955065,13.3683553368671,-0.143564382992104,0.887069970743773,0.95080629385467,-6.24753631481157,"PPP1R3A",0.560002971610953,0.0520421223222671,""
"SORBS1",-0.0117866223403897,14.0181135166824,-0.180967957427884,0.857946359782563,0.935917526584255,-6.24144307112909,"SORBS1",0.551233831178305,0.066539864107783,""
"HMGB2",-0.0118768331243277,10.4067379363968,-0.078331810004756,0.938257480694822,0.974183990371364,-6.23316500971751,"HMGB2",0.573771895526772,0.0276779642860172,""
"COX4I1",-0.0119224350178939,18.0944718486265,-0.110174154098428,0.91320791597661,0.962801306520994,-6.25179112952968,"COX4I1",0.567067757341829,0.0394303325628141,""
"LRRFIP2",-0.0121203501237002,11.9594627521783,-0.0699846443614354,0.944824985287093,0.977506218725724,-6.23378713584958,"LRRFIP2",0.575728611382396,0.0246486306053391,""
"PSMB1",-0.0122058417998545,15.3285529945452,-0.143129516447998,0.887409612763824,0.95080629385467,-6.24759891408908,"PSMB1",0.560002971610953,0.0518758711483423,""
"MGLL",-0.0127124824048064,11.297241702021,-0.105809679269311,0.916632497306964,0.964084933795641,-6.25226462763433,"MGLL",0.567823784192818,0.0378047498068031,""
"LYPLA2",-0.0128238025993141,13.0958665736108,-0.14322954803134,0.887331483557008,0.95080629385467,-6.24758453127489,"LYPLA2",0.560002971610953,0.0519141089324201,""
"CFL1",-0.0130814937850374,15.0883571158113,-0.154785335323672,0.878313941289313,0.948168536695285,-6.24585551120983,"CFL1",0.558449393498154,0.0563502237297484,""
"PTPN23",-0.0132473993954534,10.8490028836216,-0.1149825800138,0.909636449717294,0.96149365185187,-6.15584093805805,"PTPN23",0.566297578909815,0.0411321455125752,""
"STOML2",-0.0134586885067893,12.3555337781453,-0.104597762607805,0.917583721940383,0.964084933795641,-6.25239271619125,"STOML2",0.567823784192818,0.0373542994814335,""
"SRP9",-0.0137374908150445,10.8732682880985,-0.196470982897031,0.845932832836687,0.93139563631097,-6.23850698758117,"SRP9",0.548570542129101,0.0726641186234175,""
"NUDT9",-0.013837036795028,12.3059390343064,-0.130349474242799,0.897400713389351,0.956514939764459,-6.24935394914163,"NUDT9",0.563365232351146,0.0470135895600924,""
"MYL12B",-0.014182317460179,13.7072024331181,-0.0775941650373316,0.938808594072962,0.974183990371364,-6.25486430840445,"MYL12B",0.573771895526772,0.0274229434222084,""
"CCS",-0.0141994712938427,13.0924870154183,-0.125354505532384,0.901310457759827,0.957830482754784,-6.24999537358269,"CCS",0.564140056822361,0.0451255898554821,""
"FAM136A",-0.0142238437656186,12.045285544174,-0.114100033201895,0.91012894209861,0.96149365185187,-6.25134888369133,"FAM136A",0.566297578909815,0.0408970748493251,""
"PLIN2",-0.0145368914991515,11.9894217404603,-0.0728402484345852,0.942607558233191,0.975651625146317,-6.21324144370985,"PLIN2",0.574636298550317,0.0256690822023035,""
"GPT",-0.0146877606277354,14.1236205554093,-0.106145969508803,0.916368567994348,0.964084933795641,-6.25222882354662,"GPT",0.567823784192818,0.0379298157950819,""
"TMED7",-0.0148821266952446,12.2585903293131,-0.123922577251235,0.902431755247422,0.95795572536272,-6.25017463817495,"TMED7",0.56421382182904,0.0445856309071875,""
"SMU1",-0.0148909051064479,10.1980649334675,-0.0859255471051999,0.932450202355712,0.972414512539186,-6.13495983565616,"SMU1",0.572729713906158,0.0303743524625541,""
"NDUFA12",-0.0152760234659368,12.9766193514001,-0.132543588029423,0.895684132616996,0.956220624833265,-6.24906428431797,"NDUFA12",0.563191887646632,0.047845119408313,""
"ALDH1A2",-0.0152921452151027,11.8113542617033,-0.0798290370352127,0.937335148262313,0.974183990371364,-6.0597694579506,"ALDH1A2",0.573771895526772,0.028105097461978,""
"CPPED1",-0.0154295944847043,12.8154327412566,-0.106712287197514,0.915924129369724,0.964084933795641,-6.25216827243162,"CPPED1",0.567823784192818,0.0381404996517406,""
"DYNLL2",-0.0154418024754968,16.3506087637687,-0.0977141435328896,0.922988966274606,0.966887150664174,-6.25309228515946,"DYNLL2",0.569474225280156,0.0348034906476474,""
"IGHG1",-0.0160509864298639,17.7087532825818,-0.110572451570785,0.912895476628532,0.962801306520994,-6.25174696671769,"IGHG1",0.567067757341829,0.0395789448338093,""
"NDUFA6",-0.0161470602283398,14.0028140680752,-0.11057325585525,0.912894845732379,0.962801306520994,-6.2517468773784,"NDUFA6",0.567067757341829,0.0395792449720175,""
"MICAL3",-0.0162357607225889,13.1500774002823,-0.0738700787235166,0.941830843786956,0.975478525403208,-6.18895848530194,"MICAL3",0.574534346795104,0.0260270910570953,""
"VAC14",-0.0162409918041551,10.5689888630817,-0.143103218909415,0.887679266896911,0.95080629385467,-6.14900749524204,"VAC14",0.560002971610953,0.0517439236112195,""
"AK2",-0.0164053981808756,14.1098092826554,-0.166768910961389,0.868980317895211,0.942711981231774,-6.24392116886063,"AK2",0.555235608214994,0.0609900600603141,""
"CSTB",-0.0165501967928812,16.1651182807927,-0.235631609062323,0.815762480380424,0.915900016271622,-6.23002058041113,"CSTB",0.53944397941588,0.0884362732018853,""
"CYCS",-0.0168490137600319,15.3344260599023,-0.0836489646170736,0.934044906763,0.973119175325294,-6.25437380182731,"CYCS",0.573144744030332,0.0296322433731836,""
"ASB10",-0.0169090297691135,9.05262953413575,-0.0561787148344193,0.956672665289634,0.983456752831842,-5.66164336291089,"ASB10",0.579233338689773,0.0192366348211897,""
"SLC27A1",-0.0171175290724701,12.5365708813205,-0.204075195379433,0.84005393713098,0.929283304728902,-6.23697897497982,"SLC27A1",0.54732642755957,0.0756928284067736,""
"CSNK2A1",-0.0172104072773358,13.3510713796345,-0.220300751127434,0.827541934729755,0.920419456724667,-6.23352534806002,"CSNK2A1",0.542105825577482,0.0822099896244027,""
"THBS4",-0.0172678320593302,10.7473011590087,-0.131036441748454,0.897333697399466,0.956514939764459,-6.01522407800764,"THBS4",0.563365232351146,0.0470460229657763,""
"PACSIN2",-0.0173983853155786,12.1825493633553,-0.192346815944191,0.849125117513931,0.933190459155755,-6.23931152632909,"PACSIN2",0.549627651377421,0.0710283122974059,""
"MAVS",-0.0179570882127802,11.4863790375066,-0.186392703647024,0.853738497351679,0.935031379126275,-6.24044303832472,"MAVS",0.55071191076932,0.0686751346373169,""
"PKIA",-0.0180991985405612,12.1356582120166,-0.182656432235141,0.856636178058299,0.935917526584255,-6.24113496313917,"PKIA",0.551233831178305,0.0672035881237806,""
"AKR1B1",-0.0181048042833467,18.634681369049,-0.194879228103034,0.847164604359364,0.93175093198357,-6.23881952134683,"AKR1B1",0.548779803083453,0.0720321979106531,""
"PPP2CA",-0.0181188539324229,11.8690774019878,-0.0735698371960607,0.94206682174573,0.975478525403208,-6.18898074140556,"PPP2CA",0.574534346795104,0.02591829117082,""
"RTN4IP1",-0.0182317909991259,11.7537018955338,-0.180715544096741,0.85814225726615,0.935917526584255,-6.24148888564558,"RTN4IP1",0.551233831178305,0.0664407116564879,""
"TPRKB",-0.0183512293595491,11.0720095246517,-0.129099060773112,0.898539301548815,0.956794564916061,-6.17157726091403,"TPRKB",0.563529925114379,0.0464629223697056,""
"MFF",-0.0184545153412099,10.8253142096617,-0.143308948774271,0.887269468803028,0.95080629385467,-6.24757310767868,"MFF",0.560002971610953,0.0519444624216656,""
"RPL10A",-0.0184577817152984,13.0228697041151,-0.142462125927705,0.887930904834992,0.95080629385467,-6.24769461661905,"RPL10A",0.560002971610953,0.0516208279335561,""
"ADH5",-0.0187488834321723,14.1568362005397,-0.198832926414131,0.844105794335833,0.930137603074371,-6.23803856165166,"ADH5",0.547829589576057,0.0736031185202222,""
"ALDH5A1",-0.0195528700979786,14.3717110175903,-0.153720229775071,0.87914441128541,0.948707458146727,-6.24602047489867,"ALDH5A1",0.558766805799927,0.0559397803607685,""
"CUL4A",-0.0196451175121801,13.3374600060203,-0.240912750188659,0.811714813005156,0.914536280270168,-6.22875894884629,"CUL4A",0.538640770372941,0.0905965285090565,""
"MRPL44",-0.0196793638019486,11.7199353961194,-0.234153592182447,0.816896232372069,0.915900016271622,-6.23036868589962,"MRPL44",0.53944397941588,0.0878331069564014,""
"HNRNPA2B1",-0.0198054005632713,15.5189223281206,-0.260499730345957,0.796750206391376,0.90912055422506,-6.22383689787097,"HNRNPA2B1",0.53545103267527,0.0986778153539173,""
"RAC1",-0.0201166246841566,13.4771530471011,-0.276525761125796,0.784564831475556,0.905252262882728,-6.21952539949213,"RAC1",0.533172698317616,0.105371163244998,""
"PITPNA",-0.0202597530516258,12.0242912564896,-0.188276134848849,0.852278588127892,0.934969846511012,-6.24008894830975,"PITPNA",0.550675669478511,0.0694184222399233,""
"MTM1",-0.0206252442633748,12.5909141141401,-0.245636664917483,0.808098756972408,0.912963654855096,-6.2276068641616,"MTM1",0.537714530284542,0.0925355612708217,""
"COQ7",-0.0208021935642524,13.2206755234419,-0.255734950895854,0.800383458614252,0.911450586668476,-6.2250694437408,"COQ7",0.536823368029692,0.0967018954316112,""
"SNX9",-0.0209354020446728,10.9942960332223,-0.19503089814576,0.847121441257022,0.93175093198357,-6.21714640026808,"SNX9",0.548779803083453,0.0720543258119258,""
"AKR1A1",-0.0210450432870903,13.08363536926,-0.266038907198684,0.792532353310037,0.907562039136324,-6.22237560521648,"AKR1A1",0.534533103243552,0.100982999675234,""
"OSBPL9",-0.021063411893806,9.63957810997681,-0.0956113225801867,0.924716052466902,0.967977622172956,-6.20605148962067,"OSBPL9",0.570116487841228,0.0339916032371336,""
"PSMD8",-0.0219248100062011,14.1731481468847,-0.239429807598743,0.812850860858975,0.915456101258398,-6.22911602396595,"PSMD8",0.539182523714382,0.0899891299871598,""
"MTRR",-0.0219316240564584,10.9278761283838,-0.160383667823787,0.874654322926988,0.945286785231281,-5.99531548732235,"MTRR",0.556752108368978,0.0581635530433143,""
"NEDD8",-0.02206475404458,12.7151276436488,-0.218059943143951,0.829267196361458,0.921161312331887,-6.23401795990712,"NEDD8",0.542542761415239,0.0813055138302406,""
"USP9X",-0.0220778637651105,12.1888207371931,-0.294090691718419,0.771273775100581,0.895694161859175,-6.21450636600041,"USP9X",0.527543197323836,0.112791435294724,""
"CEFIP",-0.022363798560761,10.6161995190832,-0.252542499861105,0.802820356539007,0.911760967191004,-6.225882606012,"CEFIP",0.537006174996862,0.0953816239517715,""
"DDX19A",-0.0227412378261249,12.1861768313418,-0.157867043696245,0.876036876953113,0.946423845942556,-6.20338506610125,"DDX19A",0.557421810895488,0.0574776117312858,""
"CZIB",-0.0227863835528073,13.7193921019856,-0.248156393793512,0.806171736660448,0.91219182671988,-6.22698324374982,"CZIB",0.537259941319274,0.0935724317195231,""
"UBAP2L",-0.0228331822559404,11.4958344500898,-0.187728597927399,0.852702946608507,0.934969846511012,-6.24019225258217,"UBAP2L",0.550675669478511,0.0692022362619166,""
"G3BP2",-0.0228505436904971,12.8933940486321,-0.278008025531974,0.783440576730943,0.904747504740895,-6.21911370889254,"G3BP2",0.532875407417043,0.105993938795327,""
"ACSS2",-0.0230042022946613,12.2302278087075,-0.344969504361101,0.733189619660234,0.875055817240311,-6.19823957054187,"ACSS2",0.515387688477929,0.134783692313467,""
"FUBP1",-0.0230362992691973,12.3479340339869,-0.226932689581454,0.822441040693746,0.918662383729304,-6.23203802403344,"FUBP1",0.541070950119568,0.0848952260456529,""
"GSTM2",-0.0232985283697644,16.9676086743963,-0.299368913697629,0.767293566166305,0.894603619432646,-6.21293823433037,"GSTM2",0.526900892993847,0.115038443386894,""
"SCRN3",-0.0234849749308061,12.5017782956966,-0.253294884551785,0.802245852765865,0.911760967191004,-6.22569187782589,"SCRN3",0.537006174996862,0.0956925193250798,""
"FXN",-0.0235442689953427,12.325072362848,-0.308269639045749,0.76059653169212,0.890211878531358,-6.21023120552699,"FXN",0.524314258922151,0.118845659295733,""
"PLCB1",-0.0237293414819408,9.46874650425951,-0.176133447186192,0.862214658701119,0.938528344770222,-6.09784107125223,"PLCB1",0.552771542857253,0.064384597883324,""
"SPG7",-0.0237697364417446,12.0155253522138,-0.223911977628472,0.824763416931418,0.918894676382321,-6.23272091559248,"SPG7",0.541207765133114,0.0836706107909438,""
"THAP4",-0.0238099913998067,12.1724207106521,-0.217968324511886,0.829337754873092,0.921161312331887,-6.23403799432969,"THAP4",0.542542761415239,0.0812685632926819,""
"BCAM",-0.0238154994051971,12.0786444874066,-0.269628192690274,0.789802700794464,0.906387687514804,-6.2214124008264,"BCAM",0.533841437231223,0.102481385491692,""
"JAGN1",-0.0238201151133826,11.3087344832608,-0.181234206599475,0.857883717015598,0.935917526584255,-6.19940631828131,"JAGN1",0.551233831178305,0.0665715751826776,""
"GCDH",-0.0243779549822598,12.4551715005058,-0.235133132771418,0.816144804050663,0.915900016271622,-6.23013822614532,"GCDH",0.53944397941588,0.0882327799459782,""
"EEF2K",-0.0244678033084327,12.0365979420948,-0.246388589968848,0.807523574665078,0.912963654855096,-6.22742142910745,"EEF2K",0.537714530284542,0.0928447901144985,""
"ADD1",-0.0248506444111118,10.8532079898555,-0.175919031658071,0.862502305668723,0.938528344770222,-6.06369101069528,"ADD1",0.552771542857253,0.0642397352832504,""
"UBE2H",-0.0249837266978954,10.7439881268199,-0.183641466202831,0.855872029324848,0.935917526584255,-6.24095389932113,"UBE2H",0.551233831178305,0.0675911665294036,""
"RPL8",-0.0257262496465724,11.3235344532041,-0.202574836456407,0.841374678995756,0.929553447877508,-6.19142184607616,"RPL8",0.547485535641792,0.0750105621287334,""
"GSPT2",-0.0262890482917246,11.6605888631743,-0.110832183052728,0.913383781360873,0.962801306520994,-5.96926255994475,"GSPT2",0.567067757341829,0.0393467042770939,""
"ENSA",-0.0264016671446505,13.2171222292211,-0.309469029611359,0.759695538813013,0.889520859836659,-6.20986041480493,"ENSA",0.523907264853043,0.119360423911077,""
"HADHA",-0.0264182632794956,16.9505359172021,-0.273926557064922,0.786537407650219,0.905520687336502,-6.22024203589317,"HADHA",0.533330794128233,0.104280617541982,""
"EIF4A2",-0.0264585234413772,15.0185836487129,-0.375361927602047,0.710762239362966,0.863961328207959,-6.18729995791469,"EIF4A2",0.508853290392032,0.148275652999418,""
"SMYD1",-0.0264838168750696,15.5985315877391,-0.38558508485985,0.703276649788304,0.859293654007553,-6.18341522748528,"SMYD1",0.506104137973045,0.152873801805188,""
"COASY",-0.0267535502645018,13.2023197464351,-0.312406994085423,0.757489983022074,0.88850047179041,-6.20894611362547,"COASY",0.52330627983455,0.120623105858004,""
"PSPC1",-0.026762887789495,10.4263146488541,-0.182421644426204,0.856887611318041,0.935917526584255,-6.21953475014802,"PSPC1",0.551233831178305,0.0670761360525182,""
"EMD",-0.0272447204987607,12.2425533955252,-0.336454447356022,0.739517892666923,0.878465053752828,-6.20114074121907,"EMD",0.517395650131394,0.131051313766474,""
"MAP3K20",-0.0275106552909712,14.4943818415542,-0.272702676506243,0.787466735960472,0.905744872205137,-6.22057714847593,"MAP3K20",0.533462833843828,0.103767782546526,""
"IMPACT",-0.027590476892863,10.8025906590545,-0.18336054140461,0.85675338204227,0.935917526584255,-6.06234869678116,"IMPACT",0.551233831178305,0.0671441725130399,""
"PSMD1",-0.0276794935183897,12.5588678499047,-0.463919296400101,0.646979575105169,0.828960433157085,-6.15023867790483,"PSMD1",0.488238570691272,0.189109429623626,""
"AARSD1",-0.0279175349370355,12.4202555482131,-0.34307846568067,0.73459336490059,0.875884844744084,-6.1988900663733,"AARSD1",0.515875966551666,0.133952998669835,""
"P4HA1",-0.0279490202183474,10.5980111676535,-0.157364434479767,0.876428143717071,0.946489518705011,-6.19820614359763,"P4HA1",0.557460490637478,0.0572836848941074,""
"STIP1",-0.0279841445082649,15.6112587516116,-0.406615156076358,0.687974703825728,0.85095530553121,-6.1751001870571,"STIP1",0.501193043089408,0.162427530065171,""
"RDH14",-0.0281497727648343,11.1813814785095,-0.224628509412824,0.824212386073737,0.918857249402563,-6.23255975362699,"RDH14",0.541185721505491,0.083960863285032,""
"RPRD1B",-0.0282163610904007,11.8527428121353,-0.27732794623572,0.784063690086395,0.905102139624117,-6.19765845647159,"RPRD1B",0.533084279181696,0.105648657813507,""
"EPRS1",-0.0283459653142195,12.7365181272808,-0.416169677223736,0.68106683771161,0.847290166361333,-6.17117870363524,"EPRS1",0.49903436067453,0.166810265730434,""
"OGDH",-0.0284439074477056,17.9187129402316,-0.318540956718999,0.75289195575876,0.887724397403495,-6.20700960604117,"OGDH",0.522849189924993,0.123267343034983,""
"PGRMC1",-0.0285327347392474,11.9519566343068,-0.168500276334245,0.867697227757024,0.942390921613999,-6.22198683327405,"PGRMC1",0.555046511507094,0.061631790091988,""
"TNNC2",-0.0288712153038162,19.0951190428969,-0.297693042189894,0.768556607419798,0.894979106904397,-6.21343912560857,"TNNC2",0.527122046452067,0.114324139374825,""
"SBDS",-0.0291017000306759,12.7423442680267,-0.270713732454596,0.788977686506273,0.906387687514804,-6.22111856421934,"SBDS",0.533841437231223,0.102935279128006,""
"NUP54",-0.0292331154463579,10.1834376085637,-0.293743994441375,0.771535439003696,0.895694161859175,-6.21460839913102,"NUP54",0.527543197323836,0.112644120656871,""
"HEBP2",-0.0292787027175532,15.9760893226738,-0.423397756765501,0.675859796786521,0.84526744890681,-6.16815247930753,"HEBP2",0.497843026758692,0.170143386598465,""
"TLN1",-0.0295548552273086,13.0404175347841,-0.417264034079101,0.680277424641854,0.847290166361333,-6.17072381854489,"TLN1",0.49903436067453,0.167313941087278,""
"EIF2S1",-0.0298273610088948,12.2392655426909,-0.382824927780354,0.705294710757963,0.860396073358834,-6.18447422351398,"EIF2S1",0.506753437537708,0.151629373063442,""
"EHD1",-0.02983992693534,12.494338218253,-0.404686511634792,0.689372497438046,0.851666667241449,-6.17588087854078,"EHD1",0.501612018725348,0.161546046789906,""
"PLEC",-0.030296078899763,15.9497154043402,-0.353642683826553,0.726763628083983,0.870721434771123,-6.19521077691038,"PLEC",0.51283483719946,0.138606815703142,""
"SIPA1",-0.0305989396374322,9.94947630594717,-0.0981482476210115,0.922999116590731,0.966887150664174,-6.07713027421592,"SIPA1",0.569474225280156,0.0347987146403442,""
"PRCP",-0.0308800256984654,13.4013330643267,-0.107904473204688,0.915553366312359,0.964084933795641,-6.00836208432056,"PRCP",0.567823784192818,0.0383163362126444,""
"POTEJ",-0.0315389319311237,13.398067024253,-0.128795536687989,0.898665286181635,0.956794564916061,-6.22791391712857,"POTEJ",0.563529925114379,0.0464020339975064,""
"GCLC",-0.0318426666053124,10.7311178406919,-0.19970575474993,0.844016741425951,0.930137603074371,-6.08517383246816,"GCLC",0.547829589576057,0.073648938875766,""
"UBQLN4",-0.0319527552805638,9.38378536671044,-0.142714412204346,0.888061046110769,0.95080629385467,-6.11639518239327,"UBQLN4",0.560002971610953,0.0515571794040578,""
"UGGT1",-0.0322981569544503,12.8918372078994,-0.382612874223491,0.705449843186749,0.860396073358834,-6.18455527196848,"UGGT1",0.506753437537708,0.151533858736814,""
"MPI",-0.0323093099701151,15.1494772851001,-0.555216201443186,0.584000357537247,0.788579454967787,-6.10401264358077,"MPI",0.464455106142582,0.233586887003344,""
"HINT2",-0.0323352386392877,13.0151620181973,-0.344426592545398,0.733592533936448,0.875055817240311,-6.19842668815166,"HINT2",0.515387688477929,0.134545097303551,""
"SNAP23",-0.0326213846028125,11.0429969003317,-0.301442394575753,0.765849135031947,0.894421268316865,-6.19067025990286,"SNAP23",0.526793492393563,0.115856773808785,""
"FDPS",-0.0326662890940153,13.3237170601612,-0.413210987150794,0.683202946535692,0.847991802079017,-6.17240263507464,"FDPS",0.499447607925238,0.165450269278313,""
"EML1",-0.032786719712135,12.0777233241643,-0.372760845392356,0.71267158844965,0.864869249711779,-6.18827190147789,"EML1",0.509388035211681,0.147110554554373,""
"CCT7",-0.0331484612994064,13.7763525841942,-0.47682579513927,0.637895821314508,0.823685136269049,-6.14419576596596,"CCT7",0.485131542527362,0.195250242787609,""
"IMPDH2",-0.0332858819142103,14.3727351672246,-0.380950481368357,0.706666454539028,0.860713820107495,-6.18518911489931,"IMPDH2",0.506940583042129,0.150785524157718,""
"RARS1",-0.0335185817754162,13.0484538842084,-0.450859540796203,0.656228560969457,0.833876275149912,-6.15618770392237,"RARS1",0.491133888214669,0.182944871783706,""
"SDR39U1",-0.0335577029353527,11.5405878760365,-0.250359105050101,0.804488188527844,0.91219182671988,-6.22643289831157,"SDR39U1",0.537259941319274,0.0944803278170799,""
"DDT",-0.0336237284176946,16.2397472196816,-0.166813265114523,0.868945807075269,0.942711981231774,-6.24391374221393,"DDT",0.555235608214994,0.0610073080416332,""
"HEXB",-0.0342989683480432,13.582469287596,-0.237123861625441,0.81588487740197,0.915900016271622,-5.98597989413093,"HEXB",0.53944397941588,0.0883711165356424,""
"CARHSP1",-0.0343052022948971,11.3452234874601,-0.280884233158402,0.7816185456353,0.903007468616175,-6.15210479968384,"CARHSP1",0.53185056628289,0.107005144566253,""
"HUWE1",-0.0345922634772595,11.1292145669617,-0.361714878836707,0.720801235131203,0.868113850889725,-6.1923250371021,"HUWE1",0.511299030451286,0.142184477841693,""
"TKFC",-0.0347384278883442,11.9784481176659,-0.334023529728529,0.741459117021581,0.879312178529941,-6.18031183169097,"TKFC",0.517894587081617,0.129912790342169,""
"GATD1",-0.0349673149183989,11.1303717150906,-0.20041026067683,0.84334988299427,0.930137603074371,-6.11849253029376,"GATD1",0.547829589576057,0.0739922109874418,""
"KPNA1",-0.0350144929310439,13.5681962494855,-0.388644574178572,0.701042334445205,0.858532884994975,-6.18223261218352,"KPNA1",0.505656062575872,0.154255755127775,""
"CCDC134",-0.035264019720513,10.0389694819576,-0.0950820338317695,0.927126555148583,0.969791984640446,-5.37759178105016,"CCDC134",0.571185105476535,0.0328609795002983,""
"GNB2",-0.0353472009813398,13.300091790825,-0.53954905673456,0.594590363615382,0.79500784378826,-6.11251990693861,"GNB2",0.468241278852421,0.225782133581431,""
"MRPS31",-0.0356607193128013,10.4674424680311,-0.234451085082837,0.817082591331702,0.915900016271622,-6.13488888877076,"MRPS31",0.53944397941588,0.0877340424312086,""
"GDI1",-0.0356974440944171,12.7593649269906,-0.417926534563782,0.679799711863554,0.847290166361333,-6.17044786910748,"GDI1",0.49903436067453,0.167619023830769,""
"UBE2O",-0.035750950807163,11.1094164139369,-0.334582159745914,0.740911892182302,0.879222012664204,-6.20176902295718,"UBE2O",0.51784148146686,0.130233434414914,""
"MYOZ3",-0.0358596705171266,16.3092184805802,-0.414994802754608,0.681914746320836,0.847290166361333,-6.17166574751585,"MYOZ3",0.49903436067453,0.166269917890135,""
"CCDC51",-0.0359750607886156,12.0841097761218,-0.270544198075873,0.789588702213801,0.906387687514804,-6.132255300033,"CCDC51",0.533841437231223,0.102599074372496,""
"RPS6KA3",-0.0360958022658515,13.6827106185297,-0.591603045457118,0.559772157256511,0.775235714885226,-6.08334165066364,"RPS6KA3",0.456595951079205,0.251988706889107,""
"IGFBP7",-0.0361806495292925,11.1617805142628,-0.223148456483238,0.825529330423084,0.918894676382321,-6.19090073120608,"IGFBP7",0.541207765133114,0.0832674919776767,""
"EIF3A",-0.0363329256806342,12.8062075049609,-0.451366509633923,0.655868461506007,0.833876275149912,-6.15595987937289,"EIF3A",0.491133888214669,0.183183252347278,""
"TNFAIP2",-0.0363607713268461,10.4809773233058,-0.239407731725587,0.813425957693353,0.915743688220818,-6.1126166353737,"TNFAIP2",0.539351905800506,0.0896819726947579,""
"EIF2S3",-0.0364187497871491,14.469516084095,-0.455924879815646,0.652634489875893,0.833695441126029,-6.15390011938028,"EIF2S3",0.491027381146513,0.185329978713969,""
"MAPK12",-0.0364515718483887,12.9886630157714,-0.447590828873425,0.658552363501878,0.833876275149912,-6.15765057783215,"MAPK12",0.491133888214669,0.181409687253778,""
"DDX39B",-0.0365319621445988,14.4229073014713,-0.560875256977464,0.580198300510862,0.785996523251704,-6.10088151714563,"DDX39B",0.462933818951044,0.236423547646136,""
"IGHG4",-0.0368576540903387,12.2998863318115,-0.199501748676915,0.843664586378317,0.930137603074371,-6.2162613783939,"IGHG4",0.547829589576057,0.0738301804332354,""
"COPS4",-0.0369025065854025,14.0061957301644,-0.532508024303789,0.599379924446452,0.798058625576308,-6.11626590172074,"COPS4",0.470038118942864,0.222297807349895,""
"PBDC1",-0.0371477924465857,12.9410531710486,-0.450632994839302,0.656389503849798,0.833876275149912,-6.15628942914109,"PBDC1",0.491133888214669,0.18283837225112,""
"WDR77",-0.0371977617686685,12.4421816631924,-0.444491571112333,0.660758946039704,0.835143000275533,-6.15902795545719,"WDR77",0.49187996008982,0.179956948227463,""
"TOMM22",-0.0375816019438915,11.1933790349831,-0.254767452728653,0.801219880644981,0.911671303582166,-6.20367267277542,"TOMM22",0.53695336519983,0.0962482831087502,""
"ATAD1",-0.0376107271763981,12.6983416562481,-0.364865315559048,0.718479088037178,0.868025984635287,-6.19118131689767,"ATAD1",0.51124727925453,0.143585867866885,""
"SNTB1",-0.0378134340411425,13.6137081246951,-0.416335753051741,0.680947015127669,0.847290166361333,-6.17110974755891,"SNTB1",0.49903436067453,0.166886679471804,""
"NAP1L4",-0.0378309966077861,15.4485157388017,-0.550868262212233,0.586929905307221,0.789648922828428,-6.10639734446769,"NAP1L4",0.465084998039462,0.231413761709761,""
"AP2M1",-0.0379564668781907,11.5880098195137,-0.454428317140377,0.653879939157473,0.833876275149912,-6.13294198782368,"AP2M1",0.491133888214669,0.184501986458701,""
"AP2S1",-0.0386184138629346,12.3985871680697,-0.367715325265522,0.716860084430547,0.866933396038668,-6.12036403580911,"AP2S1",0.510603769777564,0.144565600942134,""
"FABP4",-0.0390040987866982,15.4469854003336,-0.368976773182405,0.715452747481557,0.866408739444896,-6.18967396958095,"FABP4",0.510294759147863,0.145419044204245,""
"NAE1",-0.0390425976478372,13.3351553760394,-0.657187469535403,0.517453693078289,0.752277856333106,-6.04287987208252,"NAE1",0.443074302038695,0.286128509137529,""
"GFER",-0.039092659587709,12.0174300017035,-0.351065308596722,0.728671103420654,0.871362856032047,-6.19611860073597,"GFER",0.513212619524307,0.137468452752948,""
"SUN1",-0.0397550899201882,11.8836077629168,-0.299131509752446,0.767472448654334,0.894603619432646,-6.21300936019328,"SUN1",0.526900892993847,0.114937206224927,""
"COPG1",-0.0399913963567702,11.2160359358782,-0.262689781506368,0.795081809661618,0.908664925327564,-6.22326279206671,"COPG1",0.53518267776618,0.0995881824672434,""
"AHCYL1",-0.0401097299261597,11.1253167124336,-0.226379526363445,0.823151412380913,0.918662383729304,-6.16596329973521,"AHCYL1",0.541070950119568,0.0845202723049207,""
"SFXN1",-0.0401458517663933,11.2219982605797,-0.293580499140285,0.771897559834081,0.895751463275854,-6.16741557137645,"SFXN1",0.527576946536294,0.112440331983929,""
"TFG",-0.0402123189028032,12.3684626441783,-0.338433190988994,0.738178631088079,0.877602158338007,-6.17882907912265,"TFG",0.516887424639396,0.13183853098384,""
"PPIL3",-0.040329172184105,11.1255988643911,-0.31126922931244,0.758343864760897,0.888898496072183,-6.20930120484215,"PPIL3",0.523540706953939,0.12013382246176,""
"FGGY",-0.0405161360297779,10.7483132084388,-0.337496157202565,0.738875296636699,0.878065912683613,-6.17914576770296,"FGGY",0.517160565249966,0.13142885328656,""
"PSMD5",-0.040583113922624,13.1370236017393,-0.332936167482853,0.742138153836266,0.879432060896709,-6.20231849944387,"PSMD5",0.517965195029911,0.129515240457154,""
"EIF5",-0.0406247844894345,14.2501021887758,-0.529856555428472,0.601188361160066,0.798872465989198,-6.11766410791244,"EIF5",0.470517452170442,0.220989435824463,""
"UQCR10",-0.0409519719646276,16.4493625634594,-0.149345575951868,0.882556833571723,0.949171149586712,-6.24668609921925,"UQCR10",0.559039909360537,0.054257317994717,""
"ADI1",-0.041112765335189,12.5830014626138,-0.415389034095292,0.681630181229538,0.847290166361333,-6.17150247019657,"ADI1",0.49903436067453,0.166451188119213,""
"UQCRH",-0.0413148768193174,16.8277063388882,-0.421930394485878,0.67691554638408,0.846218299800963,-6.1687709788067,"UQCRH",0.498403055998849,0.169465511561942,""
"SORD",-0.0413163474610787,11.525561988437,-0.265126055380161,0.79322701105725,0.907631705820201,-6.22261852796649,"SORD",0.534574135313118,0.100602505569378,""
"RBBP7",-0.0415356003014971,12.6306246954665,-0.445040112847849,0.660368170522235,0.835143000275533,-6.15878485649865,"RBBP7",0.49187996008982,0.180213867722524,""
"EIF2B3",-0.0416649401440718,11.5128300717593,-0.27525440212027,0.785529502261506,0.905520687336502,-6.21987677064334,"EIF2B3",0.533330794128233,0.104837499447981,""
"TIMM9",-0.041784365283144,12.4911161419587,-0.49442325422229,0.62560344915095,0.816277119985567,-6.1356947884553,"TIMM9",0.480768391842195,0.20370086553789,""
"MYCBP",-0.0423146748242242,12.2924893441401,-0.419420901442723,0.679075347120231,0.847290166361333,-6.12782935146695,"MYCBP",0.49903436067453,0.168082035700224,""
"PDXK",-0.0426511443090352,11.6203795259552,-0.474899512182767,0.639247938298406,0.823978582594635,-6.14510798609732,"PDXK",0.485304375643211,0.194330663985349,""
"QDPR",-0.0428846005813988,14.6964744558045,-0.458673283920753,0.650687962428868,0.83195103767691,-6.15264839716809,"QDPR",0.489999967759045,0.186627227535508,""
"SRPRB",-0.042995977067223,10.5222353480621,-0.484402436735381,0.632590017253023,0.820745920272536,-6.14057262978133,"SRPRB",0.483400412114267,0.198877665860281,""
"HYCC1",-0.043375745988385,9.72944796087498,-0.294774679275725,0.771286002638919,0.895694161859175,-6.11889768005564,"HYCC1",0.527543197323836,0.112784550177525,""
"UFSP2",-0.0434660464568601,11.9133351643921,-0.079206810609479,0.937768326385568,0.974183990371364,-6.10204978865062,"UFSP2",0.573771895526772,0.0279044398721423,""
"RPS3A",-0.0439740976531144,13.2051077435686,-0.391265926959361,0.699130173156485,0.856794755824015,-6.1812120183226,"RPS3A",0.50463234459349,0.155441954125339,""
"RTN4",-0.0440257629314065,15.671593706802,-0.540864769434425,0.593697437894959,0.794215987936302,-6.11181459838532,"RTN4",0.467774894024039,0.226434825270475,""
"ATP6V1G1",-0.0441409805291819,12.5791231890372,-0.395677580642627,0.696074602704838,0.855971516593669,-6.15783750106199,"ATP6V1G1",0.504147475679264,0.157344211816518,""
"DST",-0.0442229191335244,11.1687882012372,-0.271791688543011,0.789375806504897,0.906387687514804,-5.9712857643864,"DST",0.533841437231223,0.102716188381895,""
"DDX6",-0.0442756755117806,12.0340892521329,-0.418636788590675,0.679287717205213,0.847290166361333,-6.17015155021859,"DDX6",0.49903436067453,0.167946238196297,""
"SQSTM1",-0.0445571039749542,11.3288763710643,-0.300196306470149,0.766787075235133,0.894532864958624,-6.19104552147159,"SQSTM1",0.526859220240981,0.115325216087882,""
"FKBP1A",-0.0449923231845428,13.502231471111,-0.60048628301611,0.553936954808035,0.77290136930346,-6.07810193814472,"FKBP1A",0.455221075385802,0.256539660789677,""
"DBT",-0.0456494795454496,13.0573525380424,-0.510831322186287,0.614240820171305,0.808966678838218,-6.12749687929476,"DBT",0.476462710661115,0.211661325330157,""
"EHD2",-0.0458061711095752,14.9331417830332,-0.584828881575889,0.564243199921053,0.779167080315283,-6.0872864528391,"EHD2",0.458911434619386,0.248533666197136,""
"UBE2M",-0.0460198327532755,13.1875018400693,-0.574825072450579,0.570879171377207,0.781535959462108,-6.09303134018885,"UBE2M",0.460306649785907,0.24345580201164,""
"SGCD",-0.046072069733869,12.368869598724,-0.411344306422679,0.684552041343117,0.847991802079017,-6.17317040578751,"SGCD",0.499447607925238,0.164593530131857,""
"YAP1",-0.0460932747885714,10.0119229113479,-0.216205505757844,0.831197383359128,0.922693529434319,-6.07268528713644,"YAP1",0.543445201939729,0.0802958326242195,""
"PHKA1",-0.0463109327699058,14.703391781422,-0.523115914726992,0.605797594747884,0.803242736739787,-6.12118800525032,"PHKA1",0.4730914408187,0.217672455317781,""
"YWHAE",-0.046414936436932,17.6844903504403,-0.83022621654546,0.414776375104383,0.67803626615237,-5.9166551987,"YWHAE",0.399347718204481,0.382185988189449,""
"PGM1",-0.0467683422243468,19.7085186978677,-0.623486198311404,0.538977601891787,0.760843326241265,-6.0641844935504,"PGM1",0.448119166205893,0.268429282265799,""
"ALDH2",-0.0468796354886827,15.1237378762456,-0.332887618288685,0.742174333515134,0.879432060896709,-6.20233466572966,"ALDH2",0.517965195029911,0.129494068857471,""
"UROD",-0.0471654637395602,11.8395117859104,-0.395676837238989,0.695917197139472,0.855971516593669,-6.17947940539459,"UROD",0.504147475679264,0.157442431315739,""
"JSRP1",-0.0479230144009879,11.5333600521375,-0.363869394807352,0.719212870649279,0.868025984635287,-6.19154393110172,"JSRP1",0.51124727925453,0.143142549303268,""
"IDI2",-0.0484671072304597,14.0023013868194,-0.34034774894748,0.736622081809662,0.876776015954565,-6.1998231571233,"IDI2",0.516400845834974,0.132755266387507,""
"DCUN1D2",-0.048734725377388,12.2200496809828,-0.484041620322935,0.633040411271659,0.820745920272536,-6.11911367836789,"DCUN1D2",0.483400412114267,0.198568565129413,""
"COPS2",-0.0489523670004441,13.9778539689401,-0.937996411508783,0.357799264357801,0.631388005971315,-5.82409484413003,"COPS2",0.371872969151269,0.446360556685572,""
"UCHL5",-0.0489658781519502,8.7799340357847,-0.173454526450982,0.865601795959376,0.941185855591364,-5.82527795535568,"UCHL5",0.554336755421102,0.0626818511579798,""
"PSMA3",-0.049062067443268,14.2784699109448,-0.746740750487549,0.462635411665732,0.717966799414157,-5.98104588197263,"PSMA3",0.422865881082806,0.334761127937159,""
"SLC16A3",-0.0492994066531445,12.0307253408002,-0.367785154900706,0.716329380329468,0.866737365975325,-6.19011255969662,"SLC16A3",0.510488312592745,0.144887235839437,""
"CIRBP",-0.0494912609664695,14.7098702624623,-0.448344774529225,0.65801605337665,0.833876275149912,-6.15731408602955,"CIRBP",0.491133888214669,0.181763510933386,""
"UBAC1",-0.0495749847854352,13.4185795065574,-0.492865881398345,0.626686933013955,0.816946461607632,-6.13645928866221,"UBAC1",0.481162618615621,0.202949360636071,""
"PGAM1",-0.0497840686116415,14.3531227888687,-0.644171816687325,0.525709895396899,0.755216356469641,-6.0512359992153,"PGAM1",0.444805010826778,0.279253848213031,""
"PRPF19",-0.04984301163908,10.6512336496483,-0.357823658556183,0.723968974779377,0.870464795872433,-6.15172690503152,"PRPF19",0.51268368280889,0.140280044812278,""
"UBE2N",-0.0499514174883622,13.471789436414,-0.448383517495059,0.657988499095991,0.833876275149912,-6.15729677971334,"UBE2N",0.491133888214669,0.181781697302153,""
"EIF4G2",-0.0499727938253596,11.608994436441,-0.599095869784737,0.554848189695501,0.77290136930346,-6.07892705791573,"EIF4G2",0.455221075385802,0.255825826600245,""
"SLC25A11",-0.0499969535929523,15.6571490235264,-0.363946379346255,0.719156139511299,0.868025984635287,-6.19151593600739,"SLC25A11",0.51124727925453,0.143176807577766,""
"PREPL",-0.0502659690971736,11.702484622725,-0.252610955964462,0.802971556714064,0.911760967191004,-6.18387191282618,"PREPL",0.537006174996862,0.095299838259189,""
"AFM",-0.0506530066104887,10.8192087355031,-0.226711129412952,0.822896974129448,0.918662383729304,-6.1541587442191,"AFM",0.541070950119568,0.0846545346150471,""
"RPL3L",-0.0511149709496159,10.768938063003,-0.482239212431088,0.634102853222415,0.821379724843508,-6.1416127874151,"RPL3L",0.483773708384452,0.197840292648139,""
"USO1",-0.0512682210574464,12.7481747257943,-0.788223445666008,0.438455114786682,0.698018592967791,-5.94985773265122,"USO1",0.411116847698745,0.358074859306405,""
"NIT2",-0.0513483601070792,13.2487618250898,-0.625313226618851,0.53779858917206,0.760244402462379,-6.06305726401638,"NIT2",0.447766413917532,0.269380341412816,""
"LAMB1",-0.0514637700063716,13.8319081220296,-0.615236768074374,0.544318228033386,0.765700650810381,-6.06923448305672,"LAMB1",0.450980018316743,0.264147121861939,""
"RABGAP1",-0.0517159854141003,14.6760815845753,-0.314827088366528,0.755674774189089,0.88850047179041,-6.20818654165687,"RABGAP1",0.52330627983455,0.121665075087153,""
"SCCPDH",-0.0517587884318065,11.9316955338339,-0.657509928947234,0.517250058515927,0.752277856333106,-6.04267080811803,"SCCPDH",0.443074302038695,0.28629945153097,""
"CDC123",-0.0521297898081272,9.85031831338758,-0.292035885461884,0.772938449177569,0.896596078754378,-6.19346493392391,"CDC123",0.528074405567538,0.111855088548482,""
"USP15",-0.0522486712433619,14.2940486992756,-0.706418407902023,0.486882128191642,0.733443232478681,-6.00982177672526,"USP15",0.431981143110506,0.312576166653944,""
"SH3GLB2",-0.0523438232720714,11.5737574802278,-0.391886795549319,0.698677573877621,0.856794755824015,-6.18096929877219,"SH3GLB2",0.50463234459349,0.155723196487331,""
"PARK7",-0.0525291153359255,16.1411788737221,-0.651639013546567,0.520964479154891,0.754500306119722,-6.04646170173728,"PARK7",0.444383273690235,0.283191887128351,""
"PRDX6",-0.0525603553938616,18.1588633867835,-0.533021095760566,0.599030286845466,0.797964065825774,-6.11599455635057,"PRDX6",0.469982425431329,0.222551219217805,""
"MTAP",-0.052863357904549,13.3941950260619,-0.49053854733494,0.628307688158267,0.81836487042945,-6.13759735572277,"MTAP",0.481998028688431,0.20182762609612,""
"OAT",-0.0533605560249804,10.6450283048589,-0.323898770706842,0.749300689321595,0.884825928347803,-6.13908294677727,"OAT",0.521142058519994,0.1253438678711,""
"PTGES3",-0.0534543910458076,14.3425988386002,-0.717508602613156,0.48014126610161,0.728735869695289,-6.0020593362855,"PTGES3",0.429208615031771,0.318630966661427,""
"RPL10",-0.0535863775517598,11.7891922098416,-0.465293084240691,0.646009984837329,0.828960433157085,-6.14960319522834,"RPL10",0.488238570691272,0.189760769425593,""
"FLOT1",-0.0537012854592351,11.4572568846084,-0.465123319560963,0.646129766509555,0.828960433157085,-6.14968182429684,"FLOT1",0.488238570691272,0.189680251015141,""
"DNAJA3",-0.0540652803446307,11.903932374446,-0.441282980053727,0.663046683984238,0.835812369247737,-6.16044401406532,"DNAJA3",0.492274202971847,0.178455892586205,""
"UBE2I",-0.0540928401214398,12.7465688372179,-0.599344680189918,0.554685069543971,0.77290136930346,-6.07877954125388,"UBE2I",0.455221075385802,0.255953523866852,""
"RPLP1",-0.0541752307819987,14.6104590107932,-0.287509411251971,0.776357142483437,0.89910507726347,-6.19477842538708,"RPLP1",0.529552147805827,0.10993844713309,""
"FHL1",-0.0544113588090731,19.2795027578685,-0.714949842185651,0.481691712978678,0.729928606333828,-6.00386056635224,"FHL1",0.429911109394974,0.31723082522094,""
"PSMC4",-0.0548049711320324,13.7378492969093,-0.838520219406247,0.410197513785694,0.673627109794855,-5.90990703910494,"PSMC4",0.39675082683085,0.387006976226127,""
"RPS12",-0.054884588469319,15.4996700472354,-0.617751335931044,0.542687349206213,0.764513806260006,-6.067702049188,"RPS12",0.450280994257536,0.265450302308439,""
"SLC25A20",-0.0551456481663095,11.783671151001,-0.356668917207644,0.72452626098934,0.870721434771123,-6.19413647032394,"SLC25A20",0.51283483719946,0.13994586858333,""
"RABGGTA",-0.0554267357783811,11.9625893686449,-0.572645862350873,0.572329972832225,0.781665733043153,-6.09427002789166,"RABGGTA",0.460383083431215,0.242353509561144,""
"DGLUCY",-0.0561793522071437,14.9577746749102,-0.428433722423308,0.672241651181009,0.84295100218144,-6.16601372695017,"DGLUCY",0.496478693078771,0.1724745827358,""
"SEC24C",-0.0564914176303617,12.6839359203063,-0.501070298057321,0.62098871557518,0.812105790596948,-6.13240528551808,"SEC24C",0.478311575066483,0.206916291623675,""
"IGHG2",-0.0571097430395966,16.7979777679901,-0.385700787883197,0.70319210316594,0.859293654007553,-6.18337067144924,"IGHG2",0.506104137973045,0.152926015025743,""
"PSMB6",-0.0571615521840343,13.9959469681245,-0.576044501340323,0.570068155387699,0.781535959462108,-6.09233620911759,"PSMB6",0.460306649785907,0.244073218469068,""
"LMOD2",-0.0572769320324582,11.8278004763498,-0.450330652713011,0.656604320336621,0.833876275149912,-6.15642511064321,"LMOD2",0.491133888214669,0.18269626401883,""
"EIF2A",-0.0573475380402879,10.8039241818427,-0.342745240440576,0.735284612561555,0.87597967153756,-6.12110470784121,"EIF2A",0.515931817345332,0.133544522494915,""
"MRPL39",-0.0576863006643205,11.8483051395377,-0.48921121017452,0.629433490572778,0.81836487042945,-6.11661207941138,"MRPL39",0.481998028688431,0.201050153091052,""
"IPO5",-0.057862711122068,14.5823411243965,-0.809798020470344,0.426190646674613,0.688003620353258,-5.93300650650378,"IPO5",0.405218259878083,0.370396085692152,""
"WASHC5",-0.0578699658678019,10.7089621304416,-0.467452387980189,0.644885821387835,0.828960433157085,-6.10139605699112,"WASHC5",0.488238570691272,0.190517171458868,""
"PIP4K2B",-0.0579189241295666,10.6825109920906,-0.515785035959555,0.611042584820779,0.808099755161647,-6.10334303681839,"PIP4K2B",0.47595211261588,0.213928521822573,""
"UQCC1",-0.0580371203812984,11.9260790242023,-0.387597949307765,0.702314374367248,0.85921758572738,-6.11643749064716,"UQCC1",0.506059335510948,0.1534684427264,""
"STRN3",-0.0592446739039811,11.6953833471029,-0.573979721446256,0.571441739397361,0.781535959462108,-6.09351238981161,"STRN3",0.460306649785907,0.243028040943282,""
"MICOS13",-0.0594641708262191,10.149037259687,-0.289548946604533,0.775774538243482,0.898793801589535,-6.02097799850379,"MICOS13",0.529368813615129,0.110264478515054,""
"AK1",-0.0595356052146911,19.0122733901571,-0.724345200516752,0.476012964649892,0.725356483120905,-5.99721658808202,"AK1",0.427218234303216,0.322381218709693,""
"DAP3",-0.0596696702725978,11.0737796059323,-0.412085159282276,0.684362274776529,0.847991802079017,-6.13087099220531,"DAP3",0.499447607925238,0.164713938797727,""
"ENY2",-0.0597951713342137,12.1685277062527,-0.634925618772572,0.53188936746612,0.757950162234649,-6.03548108994398,"ENY2",0.44641515935241,0.27417869119276,""
"SNX6",-0.0599622041886914,10.375189416296,-0.393335362724251,0.697778953361052,0.856794755824015,-6.15875977841383,"SNX6",0.50463234459349,0.156282134023771,""
"PRKAR2A",-0.0599878109113856,14.6882065019878,-0.852093770222947,0.402773311765074,0.667173374722483,-5.89872744302306,"PRKAR2A",0.39294972576339,0.394939314029922,""
"ABCB7",-0.0601094866324683,10.8155003080195,-0.536102384615713,0.59795980310719,0.797856785428934,-6.0190787513657,"ABCB7",0.469919239752591,0.223328009783317,""
"LIMCH1",-0.0602812763356155,12.3419061091973,-0.599740234718237,0.554425795336352,0.77290136930346,-6.0785448996349,"LIMCH1",0.455221075385802,0.256156571845706,""
"SAMM50",-0.0603780736673443,16.1470717150154,-0.442752083895972,0.661998790054686,0.835205387907599,-6.15979690077403,"SAMM50",0.4919167049658,0.179142804326242,""
"AK6",-0.0603989742521893,10.062038199956,-0.307233591817223,0.761625752397658,0.890688507499752,-6.16331062850377,"AK6",0.524594982388521,0.118258379834827,""
"COQ9",-0.060429486433577,16.8177132555276,-0.689225742523231,0.49743906585458,0.738134378640269,-6.02162669554013,"COQ9",0.434744119973123,0.30326011086574,""
"MTDH",-0.0606250922124456,9.6487258406393,-0.244464673929776,0.809428692721418,0.913163585483723,-6.13248498755522,"MTDH",0.537832284812326,0.0918214047508284,""
"NID1",-0.0606364003603392,14.6735529026383,-0.736596853890169,0.468666845494004,0.723841350525455,-5.98842842833314,"NID1",0.426325856159191,0.329135768323814,""
"VTA1",-0.0606707775958402,10.2660332202204,-0.302183654591795,0.765716317636179,0.894421268316865,-6.11995972814921,"VTA1",0.526793492393563,0.115932097866437,""
"VDAC1",-0.0611949712089128,17.5709396795794,-0.64434570446167,0.525599122253179,0.755216356469641,-6.05112542376838,"VDAC1",0.444805010826778,0.279345368716387,""
"CNN3",-0.0614350058868212,12.0504066026398,-0.616059512264154,0.544331887238106,0.765700650810381,-6.0216222337976,"CNN3",0.450980018316743,0.264136223746641,""
"METAP2",-0.0619189896261254,12.2836493302873,-0.547114209590601,0.589465123515738,0.791851835717202,-6.10844163426693,"METAP2",0.466382462908896,0.229541885416628,""
"PGK1",-0.0621631586555722,19.9424097771607,-0.690582794925588,0.496601090037719,0.737468494353573,-6.02070504047239,"PGK1",0.434351929490467,0.303992331505484,""
"GSTM4",-0.0621884889216684,11.1504173458146,-0.326043029766862,0.749059149778788,0.884825928347803,-5.95834748371619,"GSTM4",0.521142058519994,0.125483886695383,""
"XRCC6",-0.0622848652630985,13.6372836013054,-0.738935366669879,0.467272297048577,0.723087661547772,-5.98673503248413,"XRCC6",0.425881950739233,0.330429966023779,""
"TMLHE",-0.0623172593566803,12.5320588440321,-0.503487689517722,0.619314349982786,0.811027114014952,-6.13119830721555,"TMLHE",0.477676259445174,0.208088856941604,""
"DDX3Y",-0.0626427305966448,13.7023963209033,-0.961760486640758,0.345974517072238,0.622992883140553,-5.80227645126602,"DDX3Y",0.366928435482685,0.460955888208599,""
"STARD7",-0.06270114514715,11.1046104185512,-0.501838158387285,0.620456642794526,0.811780641828928,-6.13202251654825,"STARD7",0.478120069943427,0.20728856139004,""
"RO60",-0.0631259779789985,12.5541166785071,-0.553682034856695,0.585033217957019,0.789070373101016,-6.10485616662142,"RO60",0.464744245597383,0.232819474147112,""
"GSTM3",-0.0632703434854029,16.251132692904,-0.429517089985801,0.671464345474996,0.842902699180632,-6.16555037326422,"GSTM3",0.496450243725664,0.172977043270127,""
"PLOD1",-0.0634853441617373,15.8138254687492,-0.508116158430056,0.616114386461103,0.809963767511776,-6.12887151368927,"PLOD1",0.477049972886619,0.210338650177983,""
"PSMC2",-0.0636627201858087,12.9814525606776,-0.998167171278267,0.328378669836276,0.607955672044186,-5.76787713775231,"PSMC2",0.358071865061209,0.483625060667272,""
"PCYOX1",-0.0637946807281526,14.3881488828568,-0.715534959537096,0.481336913254397,0.72977708817395,-6.00344921748771,"PCYOX1",0.429821868694388,0.317550831428878,""
"FYCO1",-0.0637976542391669,14.0780234291917,-0.883842477372001,0.385745592709714,0.653300851452965,-5.87192206657288,"FYCO1",0.384779129602129,0.4136990272163,""
"LARP1",-0.0638551674373229,10.641411496457,-0.353000949534877,0.727529816792961,0.870721434771123,-6.14820328872611,"LARP1",0.51283483719946,0.138149203024813,""
"UQCRFS1",-0.0638643334856255,16.8460090863234,-0.694515256872799,0.494177338931359,0.737012758111263,-6.01802445771898,"UQCRFS1",0.434083511357758,0.306117173548893,""
"CASQ1",-0.0638993737950706,18.4364198498632,-0.815851556973466,0.422788032057459,0.685265944432689,-5.92820111276603,"CASQ1",0.403605831920111,0.373877314848456,""
"UBXN1",-0.0642257640873272,14.0740101151376,-0.703859482665142,0.488445198408158,0.733949133389803,-6.01159643950366,"UBXN1",0.432279107075827,0.311184155310654,""
"BAG2",-0.0642268615275725,12.4274000077724,-0.870921023443243,0.392618519824649,0.657993524701799,-5.88294229094951,"BAG2",0.387543005883903,0.4060292185721,""
"GPS1",-0.0643711175518433,13.303245205938,-0.675975423977974,0.505663092094669,0.741530031169053,-6.0305343558506,"GPS1",0.436744080973557,0.296138743983784,""
"ACTA2",-0.0646752364528638,19.5082070090799,-0.925788753293591,0.363977825888498,0.636405673592587,-5.83510668261521,"ACTA2",0.374828259620663,0.438925073459738,""
"RPS6KA5",-0.0649135207134108,13.7196702680151,-0.313481789631682,0.75693979973519,0.88850047179041,-6.16137038267826,"RPS6KA5",0.52330627983455,0.120938659050052,""
"STRAP",-0.0650177435790908,13.8286522053531,-0.823917261459561,0.418280816991001,0.68181915757668,-5.92174601791907,"STRAP",0.401575753980629,0.378532052383247,""
"CHID1",-0.0652365278632079,10.9900448839565,-0.285796987993821,0.77765168954041,0.89951310131007,-6.19527002750187,"CHID1",0.529792464556001,0.10921488010841,""
"ALDOA",-0.0653123849741668,20.3307962841021,-1.02085763534804,0.317729842768999,0.602634615689016,-5.74584612884132,"ALDOA",0.354937885626845,0.497941992156729,""
"TPT1",-0.0655564742125563,15.7701962194063,-0.832646487752638,0.413436903776073,0.676799385003895,-5.91469253761535,"TPT1",0.398619223743357,0.383590760434926,""
"PSMA2",-0.0657064132060476,13.5191553196222,-0.818989591281153,0.421030869751667,0.683595045031339,-5.92569681222521,"PSMA2",0.402621710721012,0.375686060764536,""
"RCSD1",-0.065974964681379,10.8907738438184,-0.413225392588491,0.683738046854004,0.847991802079017,-6.10619998975515,"RCSD1",0.499447607925238,0.165110252952075,""
"PFKM",-0.0660754450830616,18.5235133715236,-0.871301002909167,0.392415286464109,0.657993524701799,-5.88262038529894,"PFKM",0.387543005883903,0.406254083102228,""
"DRG2",-0.0662490976291217,11.1078122057127,-0.699019455487018,0.491409499570522,0.735930770281402,-6.01493622998212,"DRG2",0.433446245487848,0.308556452310188,""
"NAPA",-0.0664855768373958,14.1750394704481,-1.11157421490442,0.27757853190453,0.563258164324246,-5.65328735162963,"NAPA",0.331746064202979,0.556614125522414,""
"KPNA6",-0.0666714151438992,10.7093208061901,-0.371138915851886,0.714347388756271,0.866132469715833,-6.11098710399845,"KPNA6",0.510132042651094,0.146090538461917,""
"RPA1",-0.0668622728570707,11.6677517864659,-0.668165475462374,0.510545960053748,0.746022259996905,-6.03570688021265,"RPA1",0.439389900115703,0.291965156027058,""
"CENPV",-0.0670249189089986,12.2082519468546,-0.600731850630789,0.553776098307967,0.77290136930346,-6.07795601723162,"CENPV",0.455221075385802,0.256665792896999,""
"STIM1",-0.0670870036318867,12.8522678055394,-0.747911205665495,0.461942451607568,0.717758722404162,-5.98018785919669,"STIM1",0.422743328524336,0.335412125106236,""
"JCHAIN",-0.0670977442738092,12.1570855177905,-0.127346974568652,0.899971806406499,0.957118178072117,-6.16085209499508,"JCHAIN",0.563720525797415,0.0457710955760871,""
"POLR2H",-0.067120161616856,9.83535295526766,-0.370619771839018,0.714922192181644,0.866132469715833,-6.09050369075115,"POLR2H",0.510132042651094,0.145741221618396,""
"EIF4E",-0.0671329895995356,13.0200166900504,-0.836619985906346,0.41124373963883,0.674867247503237,-5.91145867437335,"EIF4E",0.397481239330629,0.38590070025414,""
"CSDE1",-0.0671467002211248,13.2045370326048,-0.864331968147622,0.396153498228473,0.661007658047567,-5.88850342507669,"CSDE1",0.389318260887336,0.402136504688513,""
"SKP1",-0.0675846282652355,13.1446828129767,-0.361750290713798,0.720775118190348,0.868113850889725,-6.19231223581526,"SKP1",0.511299030451286,0.142200214008941,""
"GSTO1",-0.0678818873116427,17.0852442482393,-0.939184424289995,0.357201758988138,0.631107857953133,-5.82301607705558,"GSTO1",0.371707968431683,0.44708641115818,""
"CYB5B",-0.0680070041010588,15.6146883729199,-1.00039371495977,0.327322946098189,0.607955672044186,-5.7657353399197,"CYB5B",0.358071865061209,0.485023548573698,""
"NIF3L1",-0.0682349955263888,13.4490503376257,-0.790237538350552,0.437301095198136,0.697344285438454,-5.94830279756286,"NIF3L1",0.410719696120501,0.359219434985553,""
"DHX9",-0.0687636009049957,13.2374655724327,-0.681031010037242,0.502516291677145,0.740332643705423,-6.0271552664374,"DHX9",0.436038847381672,0.298849853766596,""
"NUDC",-0.0688815726122787,12.353278910905,-0.568737749375164,0.574936448160394,0.783756608605917,-6.09647999395913,"NUDC",0.461614560900374,0.240380158334063,""
"SNRPD3",-0.0690561985673153,11.6074653752566,-0.791789150169328,0.436413335347162,0.696704455091568,-5.94710234998644,"SNRPD3",0.41034285080732,0.360101987278925,""
"DARS2",-0.0692400267291085,12.730154947179,-0.607059912810555,0.549639387612504,0.770517477299174,-6.07417583784046,"DARS2",0.453817017992589,0.259922152932053,""
"LMNA",-0.0692517139494004,15.4603020390458,-0.809959745436321,0.42609952250422,0.688003620353258,-5.93287856560454,"LMNA",0.405218259878083,0.370488952478492,""
"CHCHD3",-0.0692580664310416,14.8540652278927,-0.881191138412218,0.387149425588484,0.653771199814515,-5.87419565327714,"CHCHD3",0.385056153935963,0.412121380760354,""
"FIS1",-0.069260684213484,13.6841999842906,-0.765320549306692,0.45170846020286,0.709014924147253,-5.96727481310734,"FIS1",0.417593433073829,0.345141775311951,""
"CBX3",-0.0693945030685121,10.3327739386453,-0.647591408293014,0.52353382068308,0.755216356469641,-6.04905619758679,"CBX3",0.444805010826778,0.28105525732498,""
"ALDOC",-0.0697954135495884,13.813442620137,-0.268793395289804,0.790779063558128,0.906387687514804,-6.15543431956785,"ALDOC",0.533841437231223,0.1019448374635,""
"DENR",-0.0698707956960831,11.2865905618568,-0.699143603294803,0.49163640370733,0.735930770281402,-5.9932883334304,"DENR",0.433446245487848,0.308355966827347,""
"SH3GLB1",-0.070043350529124,13.3874078862587,-0.798672055099638,0.432488612873933,0.693435159020857,-5.94175035170944,"SH3GLB1",0.408417310845598,0.364025322721986,""
"PDF",-0.0701104917291264,10.7892509924648,-0.376423574583551,0.714897299543301,0.866132469715833,-5.57647796288043,"PDF",0.510132042651094,0.14575634343697,""
"VAMP2",-0.0703008937614271,10.74647574376,-0.571224566624622,0.57555981621639,0.784207094977993,-5.91945515160018,"VAMP2",0.461879886980632,0.239909534757457,""
"ALDH6A1",-0.0703079181996333,12.7342801689388,-0.472925353106705,0.640634986934234,0.825361494637718,-6.14603912264608,"ALDH6A1",0.486118878932271,0.193389346943571,""
"COPS3",-0.0703557648912412,13.8894506114073,-0.781209643434974,0.442488355323826,0.700932881442167,-5.95524325563166,"COPS3",0.412833296376389,0.354098153859148,""
"ENPP4",-0.0705757910952478,11.3143902913016,-0.238917964366718,0.814305317316457,0.915900016271622,-5.97908973055817,"ENPP4",0.53944397941588,0.0892127293068117,""
"SNX5",-0.0705978112492982,12.2349381718615,-0.800283835460016,0.431572708205734,0.692838697478264,-5.94049073871818,"SNX5",0.408066008757609,0.364946027034569,""
"NSFL1C",-0.0709111252058943,13.6307905679488,-1.12055579285282,0.273812412839203,0.558546118498203,-5.64373797599021,"NSFL1C",0.328970777920162,0.562546867723663,""
"TATDN1",-0.0709412737970343,12.2304353385204,-0.890407964800161,0.382283566915364,0.652090610866946,-5.86626457948095,"TATDN1",0.384066325817683,0.417614370438647,""
"VDAC2",-0.0720775113149976,16.8834154058104,-0.765165557355412,0.45179896528238,0.709014924147253,-5.96739102081871,"VDAC2",0.417593433073829,0.345054768043073,""
"FAM98B",-0.0723568622933008,10.9968124789374,-0.560881845528602,0.58068500286164,0.785996523251704,-6.05508847475374,"FAM98B",0.462933818951044,0.236059390185963,""
"SRCIN1",-0.0724827426278143,11.5924002356679,-0.243386528003977,0.81112245744815,0.914228539209563,-5.90193146163341,"SRCIN1",0.538459517987951,0.0909135741744986,""
"PHKG1",-0.0729996590470936,15.2956466490696,-0.687504495087466,0.498503083703225,0.738217596549139,-6.02279319624788,"PHKG1",0.434793133401578,0.302332150830456,""
"SERPINB6",-0.0730748809469546,14.4699236475518,-1.07127808663218,0.294937285316814,0.579945282784991,-5.69528034115647,"SERPINB6",0.341574391998072,0.530270321433364,""
"AP2B1",-0.0730758024688605,11.5327007775167,-0.910201867889236,0.371969353321295,0.646432177131183,-5.84897223120626,"AP2B1",0.380733638889576,0.429492840310924,""
"YKT6",-0.0731525708082774,12.2564885269156,-0.465607298359488,0.646412262740401,0.828960433157085,-6.07163036735805,"YKT6",0.488238570691272,0.189490413387595,""
"ELOB",-0.0733261831412424,13.0182928604555,-0.863665341417986,0.396512275323226,0.661007658047567,-5.88906385357478,"ELOB",0.389318260887336,0.401743363144311,""
"TPI1",-0.0735019194988844,18.8940924494765,-0.870101622444581,0.393057010554115,0.658313028202916,-5.88363601267219,"TPI1",0.387731186074991,0.405544453254657,""
"CNIH4",-0.0735432218011489,10.2520278296881,-0.353068597803035,0.727830696523069,0.870721434771123,-6.09684373131392,"CNIH4",0.51283483719946,0.137969631836549,""
"OPLAH",-0.0735718460260699,12.9511128154176,-0.95285071542876,0.350376520600754,0.62560994700783,-5.8105157709093,"OPLAH",0.368469825723835,0.455465004430848,""
"RPS21",-0.0736828242663954,13.7904121409016,-0.885854177537224,0.38468264831738,0.653071194298149,-5.87019273269028,"RPS21",0.384643866836222,0.414897402749504,""
"JPH2",-0.0738379526888817,13.6518852823,-0.871554297498701,0.392279848698221,0.657993524701799,-5.88240572982848,"JPH2",0.387543005883903,0.406404000878737,""
"GMPR",-0.0740006255638637,13.2928609512539,-0.563927570825937,0.578152733005867,0.78549783080114,-6.09917986729877,"GMPR",0.46264010060269,0.237957417047638,""
"YWHAQ",-0.074487954516826,12.2991939920028,-0.628613947336177,0.535672078991941,0.759399575151619,-6.06101272724652,"YWHAQ",0.447268830121988,0.271100989908167,""
"KTN1",-0.0745818976182591,12.3500454159407,-0.993559035299081,0.330571097106535,0.609225564299781,-5.77229599815433,"KTN1",0.358819802302848,0.480735120867033,""
"STAT3",-0.074634781988868,11.4184177137217,-0.412226098608806,0.683914615116756,0.847991802079017,-6.17280814908523,"STAT3",0.499447607925238,0.164998115382719,""
"LRRC20",-0.0746476617048959,14.8314637520124,-0.768344242471442,0.449945008238878,0.707470582661068,-5.96500328058439,"LRRC20",0.416683851567023,0.346840561953098,""
"TXLNB",-0.0748951034171625,14.2910821373408,-0.970605060555647,0.34164198733204,0.61883764246937,-5.79402756924007,"TXLNB",0.36448109459037,0.466428760506309,""
"LRRFIP1",-0.0749789350809316,12.2512302236525,-0.746517414057017,0.462767706605634,0.717966799414157,-5.98120945735281,"LRRFIP1",0.422865881082806,0.334636955105579,""
"F12",-0.0751091830136001,10.4712163383827,-0.441754127449366,0.663534373015512,0.836059148401419,-6.06171278347988,"F12",0.492419550200075,0.178136574496156,""
"PYGM",-0.0751587502540225,20.7310827491832,-0.772539568867959,0.4475051408713,0.705163659609213,-5.96183748724256,"PYGM",0.415325127111088,0.349201971210162,""
"CLASP2",-0.0751713465503876,11.5116402419236,-0.647247400323672,0.523752509105639,0.755216356469641,-6.04927598691387,"CLASP2",0.444805010826778,0.280873883475532,""
"PDHX",-0.075433722628194,14.0160980491027,-0.648411183237606,0.523012884813957,0.755216356469641,-6.04853198349434,"PDHX",0.444805010826778,0.281487611831248,""
"CMYA5",-0.0754888672380112,13.4040615311552,-0.951009801499589,0.351290747445819,0.626461208396529,-5.81220933941596,"CMYA5",0.368971199042848,0.454333288824948,""
"RPS27L",-0.0755583902583155,12.1146910247397,-0.827565243379945,0.416252209569241,0.67928565709761,-5.91880684703102,"RPS27L",0.400083580647295,0.380643448137439,""
"ACSF2",-0.0756542363595614,12.1032218922224,-0.776435501929582,0.445246578915193,0.703502836014848,-5.95888297427413,"ACSF2",0.414346940329851,0.351399408785464,""
"SUGT1",-0.0756649261382449,11.5796262589283,-0.721326143635309,0.477833472665764,0.726773800167152,-5.99936056421423,"SUGT1",0.428053001345402,0.320723430800333,""
"RPS20",-0.0758732152218506,12.7526445986976,-0.763732540351046,0.452636269795819,0.709316464706962,-5.96846438975079,"RPS20",0.41777103350684,0.344250648920682,""
"ESYT1",-0.0758950507510239,13.3000717834392,-0.890989251334182,0.381978031004447,0.652090610866946,-5.86576180300141,"ESYT1",0.384066325817683,0.417961614281763,""
"NMNAT1",-0.0759871970816732,10.615713565306,-0.448719511883874,0.66133185270574,0.835143000275533,-5.79842197229431,"NMNAT1",0.49187996008982,0.179580559223751,""
"CACNG1",-0.0760596114481888,14.631176625867,-0.639656763532651,0.52859060152582,0.756136724731844,-6.05409705268516,"CACNG1",0.445347086499963,0.276880563001057,""
"SOD1",-0.0760983342524852,17.1594637473964,-0.893197540275823,0.380818764323841,0.652090610866946,-5.86384898363023,"SOD1",0.384066325817683,0.41928166049364,""
"CKAP5",-0.0766855695309641,9.11138902416976,-0.345643275679407,0.734949136901766,0.875944372903312,-5.91561151254199,"CKAP5",0.515911027264113,0.133742715782807,""
"TMED2",-0.0768259596609564,9.41229474453305,-0.328219584666919,0.746249114431124,0.882434956123344,-6.11496496470311,"TMED2",0.519733831040443,0.127116171236651,""
"SURF4",-0.0769018590535868,11.5800250277543,-0.541525580705422,0.593720820590651,0.794215987936302,-6.06949215036323,"SURF4",0.467774894024039,0.226417720976113,""
"PDE12",-0.0771050198252698,12.1060529081018,-0.90017275940409,0.377574775095011,0.651491478126928,-5.83639148190509,"PDE12",0.383713450456036,0.422997027623374,""
"CAMK2G",-0.0773643893232148,15.7562357916059,-0.937660479193553,0.358388667879848,0.631899044017914,-5.80306295124315,"CAMK2G",0.37217395877087,0.445645731027371,""
"SFPQ",-0.0774942664853615,12.1338517014744,-0.883847759736496,0.385742799108369,0.653300851452965,-5.87191753045566,"SFPQ",0.384779129602129,0.413702172424087,""
"LSM3",-0.0775477035924919,11.1505245109758,-0.290686823322192,0.774364516636365,0.897886629816417,-6.12337187289736,"LSM3",0.528834510369567,0.111054555728186,""
"PSMD14",-0.0776102799922604,12.9134332865108,-0.725916779775995,0.475066898224899,0.725252630657195,-5.9960971515008,"PSMD14",0.427157067598007,0.323245229355788,""
"SF3B3",-0.0776684095261864,11.669356055969,-0.884259837943441,0.38552491032237,0.653300851452965,-5.87156358916937,"SF3B3",0.384779129602129,0.413947555184932,""
"BABAM2",-0.0777708482659758,11.1073311091309,-0.475594236252505,0.638954382322516,0.823978582594635,-6.12314544188353,"BABAM2",0.485304375643211,0.194530146869465,""
"RAB21",-0.0778096705792617,13.2863067480835,-1.07849255393233,0.291773712584289,0.577099387321412,-5.68786472055658,"RAB21",0.339898225225935,0.534953838535289,""
"MTCH2",-0.0781477865499607,13.0040341718847,-0.70223699123283,0.489437756858352,0.734284827471095,-6.01271847449866,"MTCH2",0.432476823145115,0.3103025307694,""
"QRSL1",-0.0783005796868359,11.4205312927512,-0.462539760336463,0.648142061457935,0.829625956666086,-6.12923930622053,"QRSL1",0.488630548684189,0.188329793905058,""
"FAM120A",-0.078670284995761,10.4443720018947,-0.868078804852713,0.394140844766483,0.659357114142061,-5.88534595674208,"FAM120A",0.388346128605681,0.404348556919377,""
"EIF1B",-0.0788614165391941,10.5544417817747,-0.482121940495888,0.634597698425547,0.821649099588954,-6.09447042702374,"EIF1B",0.48393236389494,0.197501507342599,""
"RETREG1",-0.0789375630156641,12.566631007042,-0.7360548245176,0.46931200942341,0.723854238020908,-5.9672800988743,"RETREG1",0.426333446596694,0.328538332300216,""
"SPEG",-0.0790509259708063,13.0723791203344,-0.902016045381728,0.376212360429806,0.650254797990926,-5.85616643351311,"SPEG",0.382985074386621,0.424566939837543,""
"DUSP29",-0.0791914966189111,14.7939723972512,-0.625861431532154,0.537445092295284,0.760167302188998,-6.06271841419314,"DUSP29",0.447721003635244,0.269665898540248,""
"RPL17",-0.0796405230890276,12.1917544388732,-0.368699829082224,0.715802533392759,0.866465957581092,-6.16813307964756,"RPL17",0.510328459310038,0.14520676887344,""
"PGM2L1",-0.0802196011851812,12.2806661270558,-0.847319318887098,0.405374922013829,0.669932935168843,-5.90267903856646,"PGM2L1",0.394575043202168,0.392143121868689,""
"MAT2B",-0.0806460179360791,13.5022755526129,-0.886309040571018,0.384442571921208,0.653050727154412,-5.86980120670602,"MAT2B",0.384631812160746,0.415168525980769,""
"XRCC5",-0.0810267129339444,12.1493874734426,-1.02741690487828,0.314696904119698,0.599661965002538,-5.73939332925017,"XRCC5",0.353187062952712,0.502107529506053,""
"COQ6",-0.0811278600257168,13.9541001113557,-1.02843846099892,0.314226376737291,0.599661965002538,-5.73838496697431,"COQ6",0.353187062952712,0.502757362292053,""
"VPS4A",-0.0811890588222433,12.6622666003171,-0.983321956323588,0.335477648880664,0.612369653533603,-5.78204551115901,"VPS4A",0.360671598326213,0.474336409298706,""
"SEPTIN9",-0.0812570134932837,10.8260719920981,-0.431769087700237,0.670907237874343,0.842753653189525,-6.04538959000826,"SEPTIN9",0.496362459075451,0.173337522847738,""
"COPS6",-0.0815633916471068,13.1667031079192,-0.831948789335331,0.413822756900744,0.676863721167179,-5.91525887076685,"COPS6",0.398657116259271,0.383185630333732,""
"RUVBL1",-0.081780539152625,11.6923810313184,-0.898489977929398,0.37845161013304,0.651491478126928,-5.83785802422883,"RUVBL1",0.383713450456036,0.421989642704702,""
"LANCL2",-0.0818700195268001,11.6074846957762,-1.13087330813242,0.26953217337464,0.555356590060776,-5.63268340650523,"LANCL2",0.327092219254174,0.569389386747769,""
"STAC3",-0.0818863554238618,13.9403100508648,-0.957371121054315,0.348138439367347,0.62433844104451,-5.80634435768374,"STAC3",0.367720938045574,0.45824802186519,""
"GCN1",-0.0822614742753967,11.956141137124,-0.650598762471688,0.521624149616977,0.75489214982467,-6.04712998460926,"GCN1",0.444614060592463,0.282642310292611,""
"HP1BP3",-0.0822710080682008,11.2448999505917,-0.507008670976443,0.617088317287254,0.809963767511776,-6.10780111738575,"HP1BP3",0.477049972886619,0.209652675568609,""
"HAX1",-0.0823281908006539,12.0568967748588,-0.513881336271596,0.612139388231577,0.808099755161647,-6.12594417965157,"HAX1",0.47595211261588,0.21314967483627,""
"ARL8A",-0.0825302384977213,10.2091129669021,-0.571642315397269,0.573238647137055,0.782160783897344,-6.07322443944377,"ARL8A",0.460674656963319,0.241664537617743,""
"EIF1",-0.0825712563863572,14.1413544649181,-0.972119897250335,0.34090366555648,0.618527692139374,-5.79260778898951,"EIF1",0.364298540996677,0.467368329007561,""
"PIN4",-0.0826038189821805,11.603178997834,-0.628110031199936,0.53626408974582,0.759399575151619,-6.03972972772929,"PIN4",0.447268830121988,0.270621284050158,""
"DAZAP1",-0.0827690040377096,11.5911967140929,-0.76020378552158,0.455035766154001,0.712143406702219,-5.94957606518491,"DAZAP1",0.4194360371234,0.34195446612783,""
"SGCA",-0.0830982898002457,13.3979724036561,-1.19212168079683,0.245127940621957,0.527951374017016,-5.56520774931896,"SGCA",0.310951179253347,0.610607183377279,""
"SRSF3",-0.0831584335016675,13.3559240963382,-0.849596892783956,0.404132534773688,0.668651403577032,-5.90079659276992,"SRSF3",0.393820250660021,0.393476185182417,""
"APPL1",-0.0832232903975676,13.273482334178,-1.25030131417906,0.223512071541659,0.504443319854461,-5.49821606257793,"APPL1",0.297105477691517,0.650699016324638,""
"GLRX2",-0.0835472881648816,9.96445706258444,-0.437860987195104,0.667538755116122,0.839627138626515,-5.95679113623798,"GLRX2",0.49452101412774,0.175523515514716,""
"HLA-DRB1",-0.0837262080357952,12.5216063763104,-0.495480695460012,0.625071792000199,0.815955156011199,-6.11354336142015,"HLA-DRB1",0.480578762489126,0.204070099329599,""
"CDC37",-0.0840067629437335,12.3395451745275,-0.931081377055152,0.361290436439519,0.635196936748178,-5.8303489090752,"CDC37",0.374116341505333,0.442143534298336,""
"NUTF2",-0.0841211594340674,15.5326493874118,-0.789175027365927,0.437909652521414,0.69753795596292,-5.949123553344,"NUTF2",0.410833763591358,0.358615481867511,""
"RALB",-0.0841531440451515,10.650282145715,-0.946068132820761,0.354177050255636,0.628088589431666,-5.7954158872334,"RALB",0.369929688928234,0.45077958337815,""
"GNB1",-0.0842783436168517,11.8262297362062,-0.861041229554897,0.397926595069605,0.661935912562578,-5.89126599288611,"GNB1",0.389864981381487,0.400197034198682,""
"SLC25A12",-0.0842874826258058,15.6453040293164,-0.599569980867386,0.554537383923075,0.77290136930346,-6.07864591203074,"SLC25A12",0.455221075385802,0.25606917073352,""
"LCMT1",-0.0849434216619311,13.5370647309645,-0.919414278994714,0.367232163008807,0.640141761933793,-5.84080359626953,"LCMT1",0.377028729460628,0.435059289329334,""
"PDLIM1",-0.0851476621743874,12.7328081954103,-0.695912631890949,0.493317699895711,0.737012758111263,-6.01706841749808,"PDLIM1",0.434083511357758,0.306873302074582,""
"LSMEM1",-0.0852674569883707,8.05935810771,-0.244279069862106,0.820760942875245,0.917637974128274,-5.18555790384759,"LSMEM1",0.540467596498087,0.0857833182865251,""
"GPC4",-0.0854151611036489,10.5561832411181,-0.445201911484564,0.661640875567453,0.835143000275533,-5.98284220988226,"GPC4",0.49187996008982,0.179377672311275,""
"EIF3H",-0.0856069773210368,12.7100796092933,-1.01572099194415,0.320119175288071,0.603917614418855,-5.75087308091189,"EIF3H",0.355693542279442,0.494688310634449,""
"MTIF2",-0.0857637982101487,11.1458651341474,-0.214389656536387,0.833708943412704,0.924406664318228,-5.87533279287864,"MTIF2",0.544454198863666,0.0789855396880997,""
"NDUFB9",-0.0861208055635085,15.3710560428236,-0.772086790588087,0.447768076067913,0.705163659609213,-5.96217994105327,"NDUFB9",0.415325127111088,0.348946872976216,""
"EDF1",-0.0862140366452255,12.2336930301329,-0.781411383542655,0.442372031142646,0.700932881442167,-5.95508898707105,"EDF1",0.412833296376389,0.354212338991768,""
"PALMD",-0.0862940777073256,12.4667780334261,-0.5781311771338,0.56868171063693,0.781444259196931,-6.09114338896467,"PALMD",0.460252640445278,0.24513073886087,""
"RCC1L",-0.0864810701635612,10.0044181210536,-0.490342088587618,0.629993224526607,0.818628527524848,-5.98717823632341,"RCC1L",0.482153316634949,0.200664121286943,""
"NXN",-0.0865108299460875,12.9263906142468,-0.910913769089042,0.371601847987236,0.646185605728866,-5.84834371337137,"NXN",0.380588414022109,0.429922134913424,""
"SDCBP",-0.0865803609256908,10.156096431406,-0.687632523033131,0.499794419278694,0.738983591540619,-5.92770425639499,"SDCBP",0.435244286779758,0.301208597529296,""
"CDC42",-0.086895905914032,13.7435488692416,-1.36820552779428,0.184204436200469,0.464447390981004,-5.35401687375813,"CDC42",0.27354879830662,0.734699914887353,""
"HNRNPF",-0.0872026405509558,11.484515866905,-0.806691175027786,0.42794355248302,0.68907853706163,-5.93545965610551,"HNRNPF",0.405851361020569,0.368613512439807,""
"APIP",-0.087228080023241,15.935129678841,-0.769894825378794,0.449042304746611,0.706624813623239,-5.96383511633899,"APIP",0.416185713115961,0.347712741730468,""
"RPL30",-0.0874394146819224,11.2269796246364,-0.928534121016764,0.362582176722955,0.635897753714608,-5.83264188686012,"RPL30",0.374529106530442,0.440593548120036,""
"CARS2",-0.0875098011582072,11.3985973819662,-0.942300437717639,0.355637756012275,0.629120774069892,-5.82018060311109,"CARS2",0.370537621867249,0.448992138710375,""
"FLAD1",-0.087678173110298,10.7725042090678,-0.713813084231956,0.484265883451274,0.731577691903526,-5.871697404664,"FLAD1",0.430882382750483,0.314916125937473,""
"HNRNPH1",-0.0877313962574089,13.423838452534,-1.40630662376799,0.172735566717253,0.448517373597654,-5.30506119313896,"HNRNPH1",0.264166385579498,0.762618230824536,""
"H4C16",-0.0877542039100412,17.4397672586659,-1.01484776467703,0.320526602010487,0.603917614418855,-5.75172535955347,"H4C16",0.355693542279442,0.494135920507331,""
"NRDC",-0.0877570602035256,12.136061195756,-0.897288162896042,0.37951681994451,0.651491478126928,-5.81876588206641,"NRDC",0.383713450456036,0.420768971686256,""
"CRADD",-0.0877959477145769,11.6003431777823,-0.813271565922113,0.424236135582293,0.687224147232854,-5.9302532782401,"CRADD",0.404759168192911,0.372392341911863,""
"CAPZB",-0.0879000327298307,15.9595965471488,-1.19833868069925,0.242746007710383,0.525816567116923,-5.55818284009935,"CAPZB",0.309693827240015,0.614847903927098,""
"TNNT1",-0.0879050620165547,14.5466191972772,-0.265520178486981,0.7929270716083,0.907631705820201,-6.2225137480367,"TNNT1",0.534574135313118,0.100766754491422,""
"UBA3",-0.088079191729852,12.1536031515647,-1.15306640312091,0.260491484893085,0.545130327450541,-5.60859887638546,"UBA3",0.321069186500584,0.584206468619303,""
"PPID",-0.0882094637672228,12.0310385365505,-0.613587364578812,0.545389392774028,0.766811595927744,-6.07023638340051,"PPID",0.451634339360936,0.263293312863962,""
"NPEPPS",-0.0882980623705407,16.4072119936994,-1.37919316665241,0.180836981854272,0.459553785297814,-5.34001533486432,"NPEPPS",0.270666577456599,0.742712749895724,""
"ADAL",-0.0884211846706435,11.1200038798088,-0.618070614602233,0.543344802043065,0.765063674066538,-6.00143131967762,"ADAL",0.45060485370992,0.264924483300764,""
"RPN1",-0.0886732848048606,13.8077249311584,-1.10272372554671,0.281326293272066,0.565640440237486,-5.66262995262548,"RPN1",0.333149169755849,0.55078967597795,""
"IMMT",-0.0890738115571565,15.9742738066583,-1.02756445162551,0.314628913827134,0.599661965002538,-5.73924774451745,"IMMT",0.353187062952712,0.502201369002722,""
"OXR1",-0.0891038469562684,10.2500267715564,-0.659282510260818,0.517850429306975,0.752468060309856,-5.92536143461088,"OXR1",0.443186327792922,0.285795659379477,""
"THOC2",-0.0894439106116529,18.1201428146231,-0.819193822125337,0.421279767625808,0.683595045031339,-5.90405908198956,"THOC2",0.402621710721012,0.375429397790934,""
"GHITM",-0.0895210202418699,10.5857831293109,-0.383083149428875,0.706557246719135,0.860713820107495,-5.9896138745161,"GHITM",0.506940583042129,0.150852644959063,""
"C8A",-0.0896706233635545,13.5263482841631,-0.612550915220528,0.546063058989656,0.767382041681243,-6.07086462479028,"C8A",0.451970318749342,0.262757202368683,""
"ABCF1",-0.0900369885026819,13.7850512503276,-1.18313679296306,0.248601129201031,0.53064014507866,-5.57530329314229,"ABCF1",0.312534803377666,0.604496903028795,""
"HAGH",-0.0902911980489893,15.8389998986078,-1.35116386697652,0.189524849635157,0.467124930598184,-5.37554524313855,"HAGH",0.275125807369263,0.722333839247929,""
"DTNA",-0.0905858192208449,11.9980597305302,-1.34762453307884,0.190644814348013,0.46828428413363,-5.37998766131232,"DTNA",0.275808639854906,0.719775003297062,""
"IGBP1",-0.0913931687544451,11.5699241546879,-1.09974540671945,0.282595658137309,0.567122514034636,-5.66575879867803,"IGBP1",0.334022077030354,0.548834515033438,""
"ATP5MF",-0.0918368319189256,17.8460582992601,-0.647197286806038,0.524061492508919,0.755216356469641,-6.02771997400453,"ATP5MF",0.444805010826778,0.280617750629957,""
"ADHFE1",-0.0919527696953608,14.7716174425549,-0.550358546850404,0.587273814813042,0.789648922828428,-6.10667571130081,"ADHFE1",0.465084998039462,0.231159362916156,""
"MYH15",-0.0922207701530553,13.8530210762505,-0.596126072952367,0.556797115139194,0.773717736642682,-6.08068323248435,"MYH15",0.455701896914693,0.254303023545438,""
"STBD1",-0.0922570071689428,15.1717133335217,-1.33351754666618,0.195160344766898,0.470091864938938,-5.39759549299353,"STBD1",0.276873263247643,0.709608423341954,""
"FXR1",-0.0930124034815787,13.1359801914002,-1.15604513336847,0.259295252194576,0.543249160413509,-5.60533459018468,"FXR1",0.319961222515025,0.58620543527297,""
"SKIC8",-0.0930313001282421,11.6946648196219,-1.23409666203235,0.229381761421187,0.513241691179906,-5.51715562853803,"SKIC8",0.30228751542037,0.63944111663977,""
"NNT",-0.0935926213653673,15.8322091482975,-0.704634564795175,0.487971450434955,0.733622170102736,-6.01105955616443,"NNT",0.432086533242914,0.311605586360531,""
"QKI",-0.0937896981560495,11.1285273319376,-0.79479215620229,0.435432601639767,0.695966353383295,-5.89925919336831,"QKI",0.409908125929439,0.361079057650932,""
"PSMC3",-0.0938624770120153,14.0118190204857,-1.34112106502,0.19271624760926,0.468956919188374,-5.38812467371188,"PSMC3",0.276204806384199,0.715081669103827,""
"EIF5B",-0.0939515114226932,10.8661509936594,-0.579792963204083,0.567822710180315,0.781444259196931,-6.06857829882961,"EIF5B",0.460252640445278,0.245787241770083,""
"NAXE",-0.0944910472175398,13.3867944055054,-1.14707978614837,0.262907946131102,0.54681797946222,-5.61513675306153,"NAXE",0.322063174600678,0.580196287576639,""
"MYO1C",-0.0945159810931333,12.5764334260087,-1.17579567005633,0.251466007505654,0.533085599923163,-5.58350179553487,"MYO1C",0.313975119863488,0.599520713393223,""
"LTA4H",-0.0945209432365353,15.0272829928814,-1.53218512275467,0.138846106850924,0.400409846161834,-5.13541008483965,"LTA4H",0.23583216177909,0.857466293060751,""
"PREP",-0.0949942519603155,15.3046066534745,-1.12110119095284,0.273584921831795,0.558479840432117,-5.64315588389099,"PREP",0.328931741668298,0.562907841694964,""
"DNAJC7",-0.0954298741466744,10.7683463507112,-0.577065193136906,0.569389765265273,0.781444259196931,-6.09175326763371,"DNAJC7",0.460252640445278,0.244590343526899,""
"GALK1",-0.0954638849404006,11.9940499693059,-1.2102780373371,0.238220327744339,0.520767886984498,-5.54460182430618,"GALK1",0.306720271117022,0.623021182187744,""
"DCUN1D1",-0.0954980316368079,14.0557662940301,-0.999233263636025,0.327872885184042,0.607955672044186,-5.76685216763359,"DCUN1D1",0.358071865061209,0.484294497639448,""
"SLC37A4",-0.0955056457378127,10.7978863483387,-0.564054723295865,0.578067597730917,0.78549783080114,-6.09910878559058,"SLC37A4",0.46264010060269,0.23802137333557,""
"UACA",-0.0955952121517054,10.901533755316,-0.762745672874738,0.455791194930801,0.712546933559943,-5.81766640813092,"UACA",0.419673705133078,0.341234068865827,""
"RANBP2",-0.0963741653966448,11.6082215626413,-0.907221018631015,0.375974326890899,0.650235792400686,-5.73403134425428,"RANBP2",0.382973880532436,0.424841809514576,""
"OXSM",-0.0964290123404119,10.6962439702576,-0.638784374710611,0.529148190608971,0.756136724731844,-6.05464762204833,"OXSM",0.445347086499963,0.276422684579251,""
"ECHDC1",-0.0969028020059017,11.7278294422899,-0.990085300607389,0.332674755743415,0.610136112281484,-5.75435873698065,"ECHDC1",0.359356094057377,0.477980153316004,""
"ABHD10",-0.0969162258625467,11.7900513194781,-1.194415840316,0.244246948845457,0.527454864029604,-5.56261920765784,"ABHD10",0.310658746325439,0.612170852820482,""
"MCCC1",-0.0975940380642708,11.849588360731,-0.796390020630541,0.43413921212009,0.695399722322112,-5.92203494982408,"MCCC1",0.409574393306801,0.362370986245416,""
"PCYT1A",-0.0979671224495853,12.21648021858,-1.12291153896105,0.272830793908876,0.558479840432117,-5.64122192095292,"PCYT1A",0.328931741668298,0.564106613231305,""
"CSRP1",-0.0980682837620162,12.4700473801758,-0.905405534062709,0.37445162042791,0.64917036374427,-5.85319487498953,"CSRP1",0.382346367633659,0.426604285677354,""
"CNPY2",-0.0985304018182411,11.7592486733302,-0.78365573079499,0.441079188255167,0.700249886453879,-5.95337021318051,"CNPY2",0.412431028085246,0.355483433355507,""
"CDNF",-0.0989565518367055,13.0827798198361,-0.600260975746379,0.554084561407588,0.77290136930346,-6.07823576914277,"CDNF",0.455221075385802,0.256423950523911,""
"SETD3",-0.0995287205729358,10.5816669389006,-0.679756974097776,0.504273483986239,0.741530031169053,-5.96201646540787,"SETD3",0.436744080973557,0.29733386757598,""
"CUL3",-0.0997422926999061,13.9096641274561,-1.23005542500554,0.230863632634957,0.513348947101332,-5.52184531391362,"CUL3",0.302350686683654,0.636644475007901,""
"PYGB",-0.0998858563722429,18.3006087135376,-1.21236359444417,0.237436333254281,0.520762205396374,-5.54221736933771,"PYGB",0.306716924792694,0.624452823189007,""
"C11orf54",-0.100578877870761,13.6371568611887,-1.29421924394979,0.208179842073961,0.487149308895293,-5.44580903036111,"C11orf54",0.286919704216098,0.681561325257169,""
"ATXN10",-0.100629840122869,11.3289408422503,-0.805489423904773,0.428979085614738,0.68983498102224,-5.91491932594164,"ATXN10",0.406296889061913,0.367563880830483,""
"DDX19B",-0.100665193777289,12.2143300688603,-1.50711181586061,0.145124678923764,0.409494660529715,-5.17015407762856,"DDX19B",0.241182907851586,0.838258728092589,""
"UQCRQ",-0.100718486221208,15.4108321758301,-0.688012108769211,0.498189159885349,0.738134378640269,-6.02244947393994,"UQCRQ",0.434744119973123,0.302605726524912,""
"RPL11",-0.100847925949292,12.1929405322399,-1.06125932808715,0.299371024196448,0.582471884034393,-5.7055038319413,"RPL11",0.3430625018443,0.5237902368606,""
"NUDT2",-0.10097135749491,11.2383449153328,-0.844059708392542,0.407532590059808,0.671586287353458,-5.88391472299334,"NUDT2",0.395548829495431,0.389837655348066,""
"THNSL2",-0.101118152851644,10.7059072384685,-0.687457890465294,0.501360898587521,0.739907665634962,-5.84500004080953,"THNSL2",0.435788545102579,0.299849539922789,""
"TTC1",-0.101469899167308,10.417451119565,-0.611711951715773,0.546868238924536,0.768085314048639,-6.0497705319248,"TTC1",0.452384529948973,0.262117298897003,""
"KCNC1",-0.101524809142207,13.7353647116125,-0.55344216185298,0.585425917958842,0.789070373101016,-6.0833686019329,"KCNC1",0.464744245597383,0.232528054404208,""
"SH3BGRL3",-0.102009811731469,11.6456258486715,-0.655055105073321,0.518801402406667,0.752468060309856,-6.04425988841054,"SH3BGRL3",0.443186327792922,0.284998858615996,""
"UBE3C",-0.102118854752698,10.7846634205651,-0.743551570334569,0.467622849058428,0.723087661547772,-5.79109155438621,"UBE3C",0.425881950739233,0.330104276429032,""
"SERPINA7",-0.102181747297594,11.429092114847,-0.692003979752781,0.496709750561467,0.737468494353573,-5.95376532557203,"SERPINA7",0.434351929490467,0.303897314590085,""
"ABLIM2",-0.102443463630287,13.7576461914621,-1.27632020438839,0.214327803835816,0.494230942178565,-5.46735691865271,"ABLIM2",0.291090622843922,0.668921486124693,""
"ISCA2",-0.102981160830023,12.9253686241652,-1.16061534292911,0.257467779889786,0.54162405916801,-5.60031171979473,"ISCA2",0.319004075373141,0.589277111832867,""
"ATG4B",-0.103159382465961,11.1443867475721,-0.818017902621788,0.421574484600735,0.68368591387118,-5.92647323449578,"ATG4B",0.402675230371299,0.375125682265238,""
"RPS6KA6",-0.103980408922244,16.5207468360298,-0.468212103899183,0.644351197775931,0.828960433157085,-6.10104253013047,"RPS6KA6",0.488238570691272,0.190877359840683,""
"PAK1",-0.1044535163386,11.1966085146485,-0.694733141345785,0.494344102071137,0.737012758111263,-5.99631057437715,"PAK1",0.434083511357758,0.305970642964783,""
"FHL3",-0.104605576018258,15.7312523997693,-1.17937444271439,0.250066338924088,0.532087663208461,-5.57951068739081,"FHL3",0.313387358161315,0.601944764100719,""
"PPP1R12A",-0.104662605603298,10.9659095950529,-0.666671940265603,0.513690536834708,0.748326397504885,-5.89270143106943,"PPP1R12A",0.440746983950559,0.289298434739596,""
"VPS35L",-0.104737946858453,20.2648176024028,-1.65184159723518,0.111884598741809,0.364167955210196,-4.96329056780052,"VPS35L",0.214486524123036,0.95122969132495,""
"ENO3",-0.105334909179224,19.2475509465101,-1.02600952730241,0.31534594779733,0.599942485862965,-5.74078103508911,"ENO3",0.353352283267779,0.501212745328871,""
"SEL1L3",-0.105454002108726,17.0764180212885,-0.937375310129967,0.358532104235024,0.631899044017914,-5.80332121989721,"SEL1L3",0.37217395877087,0.445471949988206,""
"GOT1",-0.105801699128961,18.7688033169193,-0.996568468798441,0.329138149369998,0.608492488088915,-5.76941229617218,"GOT1",0.358388037327,0.482621777077656,""
"ARPC2",-0.105915127492631,12.436844545744,-0.963196909836617,0.345268357642356,0.622992883140553,-5.80094150233023,"ARPC2",0.366928435482685,0.461843221045281,""
"RPL13",-0.106025788512934,12.2114163883428,-0.87435537449286,0.390784113550908,0.657196536235937,-5.88002805761579,"RPL13",0.387073598064343,0.40806309985965,""
"MBNL1",-0.106044181342405,13.1755929875216,-1.55233811579656,0.133962602240466,0.395127593014105,-5.1071474473431,"MBNL1",0.232721036538703,0.873016424825075,""
"TXNDC9",-0.106066916679232,9.39423569083834,-0.465535240446019,0.646990424978039,0.828960433157085,-6.03302804073986,"TXNDC9",0.488238570691272,0.189102146549186,""
"MAPRE2",-0.106332169637188,14.9842073952366,-1.09823195753786,0.283242274922947,0.567673810622337,-5.66734582634317,"MAPRE2",0.334346778001885,0.547841926139189,""
"ADPRS",-0.106580681095071,12.7463581285438,-1.32882887367095,0.196679508572181,0.472955594081214,-5.40341271257723,"ADPRS",0.278559933645103,0.706240885518427,""
"ABHD14B",-0.106899027102521,16.0760260397888,-1.11296779126899,0.276991732584914,0.563026488377001,-5.65181018748435,"ABHD14B",0.331609612414906,0.557533193196684,""
"FBLN2",-0.107173297751642,10.2787736599025,-0.531009622285801,0.600621944921664,0.798872465989198,-6.09543251290483,"FBLN2",0.470517452170442,0.221398804031355,""
"TMEM126A",-0.107298509016424,14.0050938350414,-0.921690991941077,0.366067630527336,0.638500422551943,-5.83877307237514,"TMEM126A",0.376062018431054,0.436438671841973,""
"CUTA",-0.107394385026938,14.184127222865,-1.23549437805948,0.22887091710618,0.513241691179906,-5.5155305105771,"CUTA",0.30228751542037,0.640409390124752,""
"NLN",-0.107669799364364,12.5745761138311,-1.57060336683193,0.129659571493986,0.388436205814618,-5.08127516048947,"NLN",0.2287799638511,0.887195418010803,""
"COPZ1",-0.108236698788668,12.4022945581568,-1.07075260797894,0.295647470466832,0.579945282784991,-5.67471490639773,"COPZ1",0.341574391998072,0.529225832433508,""
"NSF",-0.108724444317122,13.4382971090851,-0.946019787774525,0.353776954598883,0.628088589431666,-5.81678474794511,"NSF",0.369929688928234,0.451270460902026,""
"CD34",-0.108777589851032,10.6580525805549,-0.760702749204854,0.454743569082526,0.712075222445246,-5.94920454928207,"CD34",0.41939587816908,0.342233433950506,""
"PRSS3",-0.108851905975177,13.7993112886306,-0.51097665666159,0.614351440807655,0.808966678838218,-6.10579477173823,"PRSS3",0.476462710661115,0.211583118859862,""
"NDUFS5",-0.10888094336369,15.1320783700379,-0.94045777519383,0.356562076612822,0.630366535443903,-5.82185841717598,"NDUFS5",0.371271346576344,0.447864849589191,""
"MYL1",-0.109225636926389,21.2006228717942,-1.75137599320768,0.0929409722449904,0.328570210459297,-4.81243129512193,"MYL1",0.193520273718515,1.03179278872797,""
"SRSF1",-0.109475447846901,11.5935830314895,-0.901508148333169,0.378335025033838,0.651491478126928,-5.76250562502593,"SRSF1",0.383713450456036,0.422123451266596,""
"TBC1D15",-0.109543449372582,14.3491468400132,-1.33708213593101,0.194575162778121,0.469753234278721,-5.37285752754322,"TBC1D15",0.276673817601116,0.710912597555999,""
"EIF3D",-0.109655273628853,11.785726484149,-1.78154363048306,0.0877695354807847,0.318200530829881,-4.76537916725315,"EIF3D",0.187412771649314,1.05665620013567,""
"RPS10",-0.109674470121808,12.8989074190063,-0.935602031790577,0.359005540606036,0.632344322445071,-5.82626520587431,"RPS10",0.37243621749172,0.444898848814273,""
"PEBP4",-0.109737016136114,13.0091821002614,-0.578666360740894,0.568326396646754,0.781444259196931,-6.09083678370166,"PEBP4",0.460252640445278,0.245402172123854,""
"ECHDC3",-0.109829826537215,13.8589582533247,-0.504937206489757,0.61831137340397,0.81068439610187,-6.13047185436661,"ECHDC3",0.477474406501004,0.208792764885314,""
"LPP",-0.10996764954705,11.9300816933496,-1.29468004210554,0.208023382772055,0.487149308895293,-5.44525087769237,"LPP",0.286919704216098,0.681887845623204,""
"SYNRG",-0.110204594694366,16.3505009090598,-0.442366791910198,0.662273546067793,0.835205387907599,-6.15996681932921,"SYNRG",0.4919167049658,0.178962592116382,""
"PUF60",-0.110283843362886,12.5088535539115,-1.05210155403067,0.303464982087302,0.587245749120293,-5.7147726683242,"PUF60",0.345874198244979,0.5178914164954,""
"ESD",-0.110692071932249,16.3328896138096,-1.40843297744147,0.172112628913644,0.448118699280614,-5.30229577382561,"ESD",0.263931575604332,0.76418726176842,""
"RDX",-0.110890742202262,13.1248000654206,-1.53684049201163,0.137705226866229,0.399582340167053,-5.12890792328761,"RDX",0.235344779839047,0.861049574949471,""
"TSSC4",-0.111317601677293,11.4882579014709,-0.596124316149757,0.557325310996457,0.773717736642682,-6.03355542170043,"TSSC4",0.455701896914693,0.25389123295945,""
"COPE",-0.111531750642452,11.9348482994908,-1.02925548327609,0.313850412134666,0.599661965002538,-5.73757784021241,"COPE",0.353187062952712,0.503277296716334,""
"VAMP3",-0.112018069386934,13.0229309976753,-1.28660610242426,0.210777971841122,0.490574771382858,-5.45500582698452,"VAMP3",0.288937222594527,0.676174778695414,""
"H1-2",-0.11206841944353,12.8116484120937,-0.954799157877072,0.349410645356638,0.624748899214688,-5.8087199886249,"H1-2",0.36796268843838,0.456663867672441,""
"HSP90AA1",-0.1122600328386,15.5894012560146,-1.2277714714078,0.231704327893994,0.514021065134314,-5.52448979792183,"HSP90AA1",0.302746548699057,0.635065854155963,""
"FLII",-0.112609053238176,13.1065033739671,-0.726140353835743,0.474932399442806,0.725252630657195,-5.99593771144621,"FLII",0.427157067598007,0.323368202245177,""
"SYNE2",-0.112642471576342,11.9092705478667,-1.65800078864759,0.110624587655107,0.362919609443558,-4.95415429715012,"SYNE2",0.213751277266307,0.956148335091365,""
"RASA3",-0.112676683181688,11.7048065682141,-0.751391471778766,0.460214904350265,0.716178411651992,-5.95609939292816,"RASA3",0.421812561949689,0.337039320538602,""
"TMED10",-0.113090925590109,13.2607059820303,-1.66501327574289,0.109204560118175,0.361680769242486,-4.94371993468702,"TMED10",0.213021628968398,0.961759226165983,""
"TPM2",-0.113204724636351,18.9438921882926,-1.69667583202149,0.102982652149988,0.347399665203256,-4.89618092893818,"TPM2",0.204610388159893,0.987235927819785,""
"NAXD",-0.113250450847909,12.9331397065511,-1.27111258711803,0.21614245708917,0.496099822079618,-5.4735774103852,"NAXD",0.292191349989859,0.665259915817169,""
"NQO2",-0.114150225881453,14.2039272660713,-0.373592393547898,0.712060973329213,0.864515684687095,-6.18796190372175,"NQO2",0.509179793569025,0.147482816409999,""
"NIPSNAP2",-0.114436484461308,18.3997651929576,-1.5218176543708,0.141414694161495,0.405386715271348,-5.149832801173,"NIPSNAP2",0.238763422866295,0.849505461389955,""
"ALB",-0.114636059281597,20.0959310923685,-1.13498741161627,0.267839130638288,0.553996343778715,-5.62825017523569,"ALB",0.326291065575448,0.572125973332918,""
"EIF3I",-0.114660809540588,11.8511518927879,-1.7259812802057,0.0974939737793508,0.337574582385301,-4.85156541423119,"EIF3I",0.198823641048583,1.01102222774,""
"CAND1",-0.115858102082761,12.7373127953083,-1.61474923949774,0.119729910579747,0.375993929715347,-5.01774574230991,"CAND1",0.221451750276758,0.921797341848914,""
"GPX1",-0.115925874854936,14.7942762205466,-1.51901929356651,0.142114626213029,0.405386715271348,-5.1537120999333,"GPX1",0.238763422866295,0.847361222869677,""
"MACROD1",-0.115993914563319,16.9802262081404,-1.64437510820621,0.113428188407291,0.365831454502793,-4.97433028659627,"MACROD1",0.215466286828802,0.945279004098706,""
"LACTB",-0.116063137479976,13.9624356981117,-1.35940116183988,0.186938285073702,0.46594916625605,-5.36516782458554,"LACTB",0.274433309297085,0.728301745739827,""
"RPS23",-0.116076140189243,10.9649274195537,-0.700199573181409,0.491684663481912,0.735930770281402,-5.94816537711165,"RPS23",0.433446245487848,0.308313337914951,""
"SEPTIN2",-0.116239537611035,12.3927631892757,-1.37664045357585,0.181614957782702,0.460746682244842,-5.34327669497985,"SEPTIN2",0.271369166237805,0.740848385908693,""
"SLC22A25",-0.116241253917014,13.0256967264219,-0.768123145697386,0.450073813410777,0.707470582661068,-5.96516966641112,"SLC22A25",0.416683851567023,0.346716254828775,""
"AKAP2",-0.116277687226107,9.57787123455093,-0.495896418126359,0.626519388642443,0.816946461607632,-5.9404331709035,"AKAP2",0.481162618615621,0.203065484525965,""
"HSPA1A",-0.117037002753651,18.1793471663312,-1.35130061234679,0.189481682578693,0.467124930598184,-5.37537340750794,"HSPA1A",0.275125807369263,0.7224327674347,""
"MYOF",-0.117413971117914,10.8639781675582,-0.745337694633091,0.464970688616763,0.720603924349789,-5.88724342996853,"MYOF",0.4244190868304,0.33257442382666,""
"RRAD",-0.118118023359044,10.9891999627886,-0.604938260382635,0.551280740601574,0.772062611776483,-6.0538432955144,"RRAD",0.454727066552873,0.258627179653082,""
"L2HGDH",-0.118282492329062,13.4275480017572,-1.38720986860512,0.178410899895731,0.456934651629614,-5.32974001580487,"L2HGDH",0.269123968150458,0.748578616215707,""
"DCAF6",-0.118617655490731,11.8757560097194,-1.53861940225923,0.137271310387137,0.399132013145949,-5.12641909719266,"DCAF6",0.235079547612836,0.862420220538209,""
"RPL26L1",-0.118808657942473,12.4181152473083,-0.709541062613847,0.485623618083853,0.732485249839193,-5.96579847564554,"RPL26L1",0.431416913436878,0.313700199704505,""
"DAG1",-0.118810382997266,15.548920872357,-1.64010025104918,0.114319966917104,0.366733740110237,-4.98063327994055,"DAG1",0.215997712235509,0.941877909896945,""
"HINT1",-0.119054763820261,16.0323272323335,-1.2918003730402,0.209002635345032,0.4878431521012,-5.44873613616327,"HINT1",0.287328361857145,0.679848237771292,""
"COX7A2L",-0.119426097102425,9.77136732490383,-0.435525828387981,0.669607098945595,0.841489570592446,-5.91941514456461,"COX7A2L",0.495617943588647,0.174179950748732,""
"GBP2",-0.119535492319464,11.0201442011273,-0.534335961367179,0.602505311626387,0.799988508343983,-5.79123736848217,"GBP2",0.471174775369882,0.220039120039631,""
"STX4",-0.119768276869637,11.2188427198691,-1.85315164903624,0.0764748962842428,0.307412852437045,-4.65129380651453,"STX4",0.181059077951852,1.11648110333592,""
"PARP1",-0.119910016944237,12.6725421871161,-1.55772306611407,0.132681922011375,0.393375801905362,-5.09954511262125,"PARP1",0.231689271990153,0.87718824597914,""
"FKBP5",-0.120294458663681,11.3241456660939,-0.969846182708202,0.342447436644689,0.619563776721661,-5.77344936035854,"FKBP5",0.364908770912771,0.465406080308904,""
"CACNA2D1",-0.120467691009415,15.0639332892263,-1.51204251506202,0.143872012105566,0.407393843037103,-5.16335851206273,"CACNA2D1",0.23994557481511,0.842023682577024,""
"PGAM2",-0.120650493999509,19.2716232740094,-1.81273551569694,0.0826842860557968,0.311999730255339,-4.71609549051487,"PGAM2",0.183760643165779,1.0825770191984,""
"DLAT",-0.120837662705441,16.9577103893076,-0.97618896552299,0.338925818293338,0.616307011804522,-5.78878397732977,"DLAT",0.362990611511404,0.469895346726969,""
"CLNS1A",-0.120941161999808,12.4960897090911,-1.07875975317989,0.291657012664295,0.577099387321412,-5.68758920882053,"CLNS1A",0.339898225225935,0.53512757683797,""
"SGCG",-0.121605204049041,14.0206920235565,-1.67178594009298,0.10784769455562,0.359208967051211,-4.93360981563779,"SGCG",0.211565794503171,0.967189134311775,""
"COPS5",-0.122047813249019,13.9961595499543,-2.34686853922831,0.0277225424709125,0.186817321498102,-3.78146225930174,"COPS5",0.110031092414421,1.5571669425143,""
"SYPL2",-0.122054129371014,12.7917955515555,-0.57396454186399,0.571451843741092,0.781535959462108,-6.09352102151556,"SYPL2",0.460306649785907,0.243020361731866,""
"TXNDC12",-0.123003726726468,12.7264195171252,-1.20888283449995,0.238745892322153,0.520767886984498,-5.54619497240775,"TXNDC12",0.306720271117022,0.622064091816128,""
"ANXA7",-0.12339885901137,16.3550428457687,-2.02421175855151,0.0544740668767054,0.262649372954351,-4.36568433983772,"ANXA7",0.154694421247354,1.26381020034318,""
"METAP1D",-0.123566392667019,11.0320190095583,-0.382761215761067,0.707104525793476,0.860713820107495,-5.93518351615199,"METAP1D",0.506940583042129,0.150516383063124,""
"AHSA1",-0.123622487579487,11.7226435763468,-1.22060217655238,0.234358292882784,0.51762056607184,-5.5327628478339,"AHSA1",0.304866571709379,0.630119674149276,""
"SGTA",-0.123624518982661,11.8616691817517,-1.41842407053265,0.16920956210883,0.445651833209884,-5.28925507464669,"SGTA",0.262478648400228,0.771575098426071,""
"PDCD10",-0.12405614879531,11.4295351702353,-0.725717533902473,0.475186780296303,0.725252630657195,-5.99623920261244,"PDCD10",0.427157067598007,0.323135649938117,""
"IGHA1",-0.124792371280423,15.332196187794,-0.254796517898725,0.801099580435503,0.911671303582166,-6.22530952982469,"IGHA1",0.53695336519983,0.096313495718988,""
"HIBADH",-0.125029441133313,14.9314558661051,-1.61111522738341,0.120522645990393,0.37604457919746,-5.02302826129109,"HIBADH",0.221481581653219,0.918931342262434,""
"NPM1",-0.12544900456427,13.9649933562879,-1.55140039367373,0.134186654238299,0.395381252817374,-5.10846912959104,"NPM1",0.232870436310799,0.872290675514859,""
"GUF1",-0.125507366780489,10.2464102884166,-0.706497464508141,0.487140637536611,0.733443232478681,-5.98820850987781,"GUF1",0.431981143110506,0.31234563983542,""
"SCO1",-0.126077544926288,14.279685097214,-1.24655147598905,0.224860076061454,0.505891011657504,-5.50261792164516,"SCO1",0.297958134764699,0.648087646766964,""
"CAVIN1",-0.126138056145926,13.8499936870348,-1.4148426574625,0.170245669581743,0.445651833209884,-5.29393852147899,"CAVIN1",0.262478648400228,0.76892392611516,""
"HLA-B",-0.126526670478302,12.9719685785601,-0.723114159287781,0.477069888135399,0.725997959415399,-5.9765434519634,"HLA-B",0.427596049041566,0.321417994527513,""
"LYRM7",-0.126625770967424,13.7126188268446,-0.895662160347272,0.379527653606518,0.651491478126928,-5.86170892077797,"LYRM7",0.383713450456036,0.420756574521681,""
"IVD",-0.127388561500771,12.9021754591761,-1.35711252984653,0.187654130572721,0.466529019062738,-5.36805643630634,"IVD",0.274774829222795,0.726641871617557,""
"MOCS2",-0.127562991195589,12.4857930266558,-1.13551096650836,0.268128191804291,0.554013556733404,-5.60673060385426,"MOCS2",0.326301203608651,0.571657520588719,""
"CAP2",-0.127741638636136,14.8444063518702,-1.65410089229845,0.111421012513508,0.363717637646003,-4.95994232087012,"CAP2",0.214221297466726,0.953032899304764,""
"CKM",-0.127769651722016,20.7196025846726,-1.7534474151571,0.0925777317165924,0.328553436971897,-4.80921997926187,"CKM",0.193510394521407,1.03349346424272,""
"SNX2",-0.127821089757745,12.0153743279385,-1.66771254755987,0.108662062870852,0.361030334178793,-4.9396943417605,"SNX2",0.212638537721672,0.963922054456689,""
"TAB1",-0.128084135335349,10.6531971669429,-1.23500946138085,0.230171918637347,0.513348947101332,-5.47107138087467,"TAB1",0.302350686683654,0.637947662134355,""
"ADSL",-0.129801426472243,15.1780541214845,-1.86064751041763,0.0753688381887772,0.305817935151689,-4.63915961138633,"ADSL",0.180119708466137,1.1228081793294,""
"G3BP1",-0.129922570283872,13.2918906645157,-1.25844443063872,0.22060596603997,0.501440862490852,-5.48861742251078,"G3BP1",0.295337099572205,0.656382746731722,""
"TBC1D4",-0.130259906942033,11.4284229312846,-1.21711863227792,0.235656098451141,0.519968463762764,-5.53676738193583,"TBC1D4",0.306249429282424,0.62772131682347,""
"TMEM223",-0.130330751427705,11.6050226918862,-1.05598602539416,0.302196359571311,0.585582120305977,-5.68971561785205,"TMEM223",0.344894359253908,0.51971077172305,""
"SENP8",-0.130409548668506,11.161070020146,-1.04652308637068,0.305978157302301,0.591310015191491,-5.720383096684,"SENP8",0.348267957196722,0.514309575157846,""
"LANCL1",-0.130601766382917,13.6936189540764,-1.36292249805526,0.185841066832679,0.46484612699458,-5.36071528505443,"LANCL1",0.273783644619622,0.730858310105066,""
"RAB1B",-0.130619969240781,15.5890197444357,-1.38752750442198,0.178315307846309,0.456934651629614,-5.32933185566625,"RAB1B",0.269123968150458,0.74881137231644,""
"RPS19",-0.130679914719574,12.4486184586706,-0.985114051934579,0.335057191741041,0.611992217567819,-5.75908128759057,"RPS19",0.360449297249961,0.474881055836023,""
"ATL2",-0.131442442079496,11.9089837043137,-2.00002616521636,0.057198610818028,0.266798408086954,-4.40714440294349,"ATL2",0.15713810722061,1.24261451878374,""
"POTEE",-0.131695635234667,13.5282730081251,-0.512752583362917,0.613128366201108,0.808471289502751,-6.10489185811952,"POTEE",0.476170937771349,0.212448590903209,""
"MRPS27",-0.131813435977369,11.9378925730903,-1.00755478601934,0.324395455060521,0.60685926496567,-5.73759126917249,"MRPS27",0.357426106586499,0.488925239097021,""
"ARL3",-0.13197966589825,12.9863930838517,-1.06247501580217,0.299305935998338,0.582471884034393,-5.68314684586117,"ARL3",0.3430625018443,0.523884669909696,""
"ANXA3",-0.131992796824314,13.9259660814797,-1.34347589900054,0.191964179289853,0.468956919188374,-5.38518222265731,"ANXA3",0.276204806384199,0.71677980352622,""
"F2",-0.132031772412834,13.0750995892067,-1.05531619970701,0.302023392056237,0.585582120305977,-5.71152732506611,"F2",0.344894359253908,0.519959419137156,""
"HNRNPD",-0.132133287413232,12.9184497324724,-1.95528474220561,0.0625581389985602,0.279075560890773,-4.48292212858186,"HNRNPD",0.164369066983389,1.20371617930047,""
"TPP2",-0.132160727910071,13.8532313448777,-1.84637587806357,0.0774867983388586,0.307412852437045,-4.6622313672885,"TPP2",0.181059077951852,1.11077228326101,""
"DNPH1",-0.132234516857739,13.4334333469936,-1.27432279688401,0.215022435592206,0.495433833898695,-5.46974542198065,"DNPH1",0.291799098315901,0.667516223128367,""
"FGG",-0.132244546414915,14.6482755240143,-0.667570124886291,0.510919254169167,0.74618701883758,-6.03609881076878,"FGG",0.43948693927181,0.291647730471272,""
"SEPHS2",-0.132561442489521,11.5838109442439,-0.89700104581062,0.379228552927808,0.651491478126928,-5.83915350364333,"SEPHS2",0.383713450456036,0.421098971143697,""
"SH3BGR",-0.132580214337494,17.0158779430007,-1.70818638749366,0.100796354476735,0.342261618542492,-4.87872702018357,"SH3BGR",0.201584197213429,0.996555174827672,""
"IDH1",-0.132736344683314,15.0844673078634,-1.86229764703334,0.0751272261031932,0.305817935151689,-4.63648357362855,"IDH1",0.180119708466137,1.12420264617044,""
"DIABLO",-0.132793565541062,13.9136034489494,-1.75663135955145,0.0920217678736947,0.327391730671133,-4.8042783092397,"DIABLO",0.192826176311271,1.03610942755443,""
"MSRB3",-0.133834112440436,11.7845366430934,-1.01825402864524,0.31893936244861,0.603729235989967,-5.74839702730019,"MSRB3",0.355582591730791,0.496291878250662,""
"ILK",-0.133854455961146,12.2940445428438,-1.98785178785551,0.0586152030723029,0.270675741214201,-4.42788296627475,"ILK",0.159421766980981,1.23198972606258,""
"MYL4",-0.134047854386791,14.5974323370455,-0.643053280449106,0.526422749454326,0.755216356469641,-6.05194658998774,"MYL4",0.444805010826778,0.278665350873974,""
"TIMM21",-0.134389086356688,10.6299948779223,-1.05464886470622,0.302794434489232,0.586344327503152,-5.69106471058338,"TIMM21",0.345343281708629,0.518852111644979,""
"TXNRD1",-0.134548611433017,12.9808361790429,-1.89564778517479,0.0703865140057447,0.295280817461001,-4.58202923035082,"TXNRD1",0.173913589241708,1.15251054332863,""
"RBM20",-0.134641094604863,10.3822012382586,-0.605740908734932,0.5529433862712,0.77290136930346,-5.8808312482925,"RBM20",0.455221075385802,0.257319332146767,""
"ACTA1",-0.134992797920042,20.9217093249376,-1.90904080217126,0.0685574732835969,0.292620869574101,-4.55996404532087,"ACTA1",0.172346941302352,1.16394519690768,""
"AHSG",-0.135702608520807,13.9911633003336,-0.880119661874683,0.387717692095136,0.654345003040936,-5.87511266088652,"AHSG",0.385394110798462,0.411484381082081,""
"F13A1",-0.135986780209226,11.6934598532439,-0.758488860032753,0.456803077490477,0.713350062122533,-5.90653477727849,"F13A1",0.420146729327957,0.340270978902686,""
"UBE2V2",-0.136030343066752,14.1315885580414,-1.53334967434338,0.138559988489465,0.400409846161834,-5.13378505343929,"UBE2V2",0.23583216177909,0.858362161404688,""
"PHPT1",-0.136153184598296,15.6355264693826,-1.88782486910551,0.071474464867448,0.298583286296977,-4.59486559547769,"PHPT1",0.175858667196863,1.14584908754024,""
"IMPA2",-0.136236149254918,12.5458725818005,-1.27968318094959,0.213162167287138,0.492733209935725,-5.46332815505889,"IMPA2",0.290208493106153,0.671289872799395,""
"PRPF8",-0.136784233406848,10.1212165837199,-0.869318212966363,0.396459503601093,0.661007658047567,-5.74354033421981,"PRPF8",0.389318260887336,0.40180116713776,""
"CUL5",-0.136842833929235,13.2179854282185,-2.11196250870594,0.0455322398778834,0.236667945579485,-4.21240760316757,"CUL5",0.13939195992515,1.34168098481859,""
"NDUFB3",-0.137340169012719,15.8347444153799,-1.24760532069208,0.224480613002041,0.505434336193275,-5.50138199784184,"NDUFB3",0.297689163451947,0.64882116036133,""
"XPO7",-0.137824659280998,9.58842234621522,-0.601074620465267,0.560576947960577,0.775975050246057,-5.65911787513473,"XPO7",0.457031402549982,0.25136476526171,""
"SWAP70",-0.137970976829491,15.7296313691629,-1.18571619970629,0.247600305475594,0.529399747541291,-5.57241193358207,"SWAP70",0.311804237844607,0.606248823843022,""
"ABCF2",-0.138124533573937,10.4091560864351,-1.01784932374642,0.320082719963402,0.603917614418855,-5.70258631738135,"ABCF2",0.355693542279442,0.494737771113946,""
"CHD2",-0.138783795529022,12.0122816626399,-0.181827413556178,0.857698760265803,0.935917526584255,-6.12478930883149,"CHD2",0.551233831178305,0.0666652176594478,""
"ITGA7",-0.138964657664438,12.8444822565772,-2.03904478353561,0.0528606793931222,0.259234564695037,-4.34008673353459,"ITGA7",0.152683177963568,1.27686725938842,""
"NAPRT",-0.139007432341161,12.5828875847468,-1.04277796995858,0.307673605482766,0.592188982595862,-5.72413448311648,"NAPRT",0.348785648719778,0.511909759146962,""
"NADK2",-0.139393555201666,11.5567107100064,-1.5681238037576,0.131473284372403,0.391820485372073,-5.04784446955597,"NADK2",0.230773226433801,0.881162487694272,""
"MAP2K6",-0.139527716510598,13.6865410597406,-2.00732522641587,0.0563639109075652,0.266798408086954,-4.39466845389995,"MAP2K6",0.15713810722061,1.24899888024247,""
"CAV2",-0.139591124955215,11.5159722921094,-1.30988045808913,0.202912990788989,0.481876289900219,-5.42674321545022,"CAV2",0.28381401767859,0.692690147903221,""
"FASTKD2",-0.140227383058107,11.6592545471183,-1.21478384859392,0.2370600001495,0.520762205396374,-5.51871148698177,"FASTKD2",0.306716924792694,0.625141719661026,""
"TMOD4",-0.140479600914716,16.8778086657984,-2.15756805665298,0.0414252250039941,0.224700462900453,-4.13103215734691,"TMOD4",0.132343388721661,1.3827351240015,""
"SSB",-0.141840734653071,11.706563616687,-1.81630840454117,0.0821183389730518,0.310682857092233,-4.7104095369011,"SSB",0.182985035253484,1.08555984378919,""
"H6PD",-0.141954352809698,12.4800423222155,-1.87429909431854,0.0733901532237452,0.302459514037402,-4.6169686018922,"H6PD",0.178141675909898,1.13436220558069,""
"RPL19",-0.141987963745015,9.7488633718854,-0.390964299028795,0.701155173883816,0.858532884994975,-5.96364570407693,"RPL19",0.505656062575872,0.154185856921076,""
"TPPP",-0.142169743074255,11.3651986014284,-1.2825422439408,0.212175028828684,0.492549677018527,-5.45989586013411,"TPPP",0.290100396452098,0.673305730142766,""
"BCAP31",-0.142465216009299,11.6898544288392,-1.47372646772549,0.15506656896192,0.425549638588226,-5.17283132362917,"BCAP31",0.250638919533487,0.80948182230456,""
"CHP1",-0.142809184198089,12.1808391373626,-1.8501255785056,0.076925387510539,0.307412852437045,-4.65618217852294,"CHP1",0.181059077951852,1.11393030732275,""
"MYH2",-0.142820296541121,21.3815956273169,-1.65447077748926,0.111345269467125,0.363717637646003,-4.95939381433488,"MYH2",0.214221297466726,0.953328229352578,""
"FAM114A2",-0.142919642812835,11.9758989612728,-1.18436613750292,0.24864492831549,0.53064014507866,-5.55310214022675,"FAM114A2",0.312534803377666,0.604420394775051,""
"ANXA11",-0.143698460099239,14.5075316102612,-1.91889815440341,0.0672379819518137,0.28914351397897,-4.54365248251438,"ANXA11",0.17029885908076,1.17238532974095,""
"NDUFA9",-0.143866712091025,16.3398681935781,-1.07117843530732,0.294981153555132,0.579945282784991,-5.69538245628065,"NDUFA9",0.341574391998072,0.530205730355641,""
"TRAPPC3",-0.14412884630844,11.0169488973085,-1.2147505711672,0.237652305325789,0.520762205396374,-5.49432207913577,"TRAPPC3",0.306716924792694,0.624057968512445,""
"PITPNB",-0.145057929128502,12.0816727157284,-1.30643654512379,0.204062226024852,0.483803158390046,-5.43095271204676,"PITPNB",0.284948898765495,0.690237380130773,""
"SPCS2",-0.145198338443814,12.9707668194648,-1.50485323945522,0.146289470096752,0.412085282557916,-5.15375663313852,"SPCS2",0.242708724459542,0.834786933228458,""
"TGFBI",-0.145477815379026,13.0158828496261,-1.01534987014974,0.32029228766092,0.603917614418855,-5.75123538128325,"TGFBI",0.355693542279442,0.494453518615698,""
"BNIP3",-0.145561103953424,11.2246372535791,-1.12202678972111,0.273199160251353,0.558479840432117,-5.64216743166719,"BNIP3",0.328931741668298,0.563520639905455,""
"PHYH",-0.145748143307147,10.2368080818595,-0.844532773305342,0.413119920142119,0.676799385003895,-5.61697503705632,"PHYH",0.398619223743357,0.383923863364682,""
"CCDC47",-0.145898635938316,10.6530635390893,-1.14185447983149,0.266695769645543,0.552689351855887,-5.55685905964805,"CCDC47",0.325521277485713,0.573983873077158,""
"YARS2",-0.146037938676239,10.1446002991081,-1.1084564356629,0.282691684739419,0.567122514034636,-5.5136880477913,"YARS2",0.334022077030354,0.548686965917616,""
"PPIE",-0.147270298572771,11.0940111108655,-1.25499543061806,0.221833300550123,0.501840894767418,-5.49268952057867,"PPIE",0.295572709354203,0.653973259090344,""
"GC",-0.147301950175175,14.0963532390823,-1.11015092813707,0.278178771547319,0.563439888056238,-5.65479429605132,"GC",0.331853095288685,0.555676015075916,""
"PPP3CB",-0.147323964921375,14.9379997994496,-1.80442555800627,0.0840136164291554,0.313709253524252,-4.72928782795855,"PPP3CB",0.184767512931805,1.07565032035712,""
"HARS2",-0.147526457077237,12.1493403734018,-1.63506695275401,0.116612540909353,0.371913493501545,-4.94729358565421,"HARS2",0.219048467484072,0.933254741559382,""
"COA3",-0.147682052376116,12.4621070328258,-1.38678782521502,0.178537976063128,0.456934651629614,-5.33028221724095,"COA3",0.269123968150458,0.748269392770387,""
"GLO1",-0.147752648811519,17.5085801657247,-1.96614056746925,0.0612185865971707,0.275676150965875,-4.46464668217168,"GLO1",0.162366892963328,1.21311670152953,""
"NCLN",-0.148089989616301,11.8021592121123,-1.3308250132808,0.19720784162927,0.4733509107819,-5.35666148901903,"NCLN",0.278792766061698,0.70507582008136,""
"KHSRP",-0.148127092713668,11.5457035588664,-1.9993608086562,0.0572752407371643,0.266798408086954,-4.40828009274164,"KHSRP",0.15713810722061,1.2420330767243,""
"AGK",-0.148478241280994,11.4413800953544,-1.35523052097504,0.188244404004331,0.467124930598184,-5.37042873008114,"AGK",0.275125807369263,0.725277925332642,""
"PTGR2",-0.149052850513758,13.3273388452695,-1.80654429846892,0.0836729471095088,0.312845065955135,-4.72592854892211,"PTGR2",0.184258526390737,1.07741493412345,""
"MYOZ1",-0.149410534058944,17.0656019078928,-2.00667160011299,0.0564382153349815,0.266798408086954,-4.3957869553522,"MYOZ1",0.15713810722061,1.24842672777424,""
"HPX",-0.149501332845514,14.7135085585508,-1.35424037283665,0.188555539175222,0.467124930598184,-5.37167570078673,"HPX",0.275125807369263,0.724560704849994,""
"SNTB2",-0.149899278101666,13.6178752707928,-1.5382096355808,0.137961132463351,0.399919720015221,-5.10767966364827,"SNTB2",0.235543488786135,0.860243249354184,""
"VPS13A",-0.150105339269839,9.96540646232271,-0.870968272562947,0.396289190566617,0.661007658047567,-5.70656596965205,"VPS13A",0.389318260887336,0.401987773593882,""
"EIF3C",-0.150585178142361,11.6267477716114,-2.11522876041774,0.0452263758180268,0.236667945579485,-4.20661786527396,"EIF3C",0.13939195992515,1.34460821272489,""
"LSM2",-0.15097729260647,13.0370669359077,-1.8623601061994,0.0756800081113599,0.305817935151689,-4.61958103826708,"LSM2",0.180119708466137,1.12101883005871,""
"ECI1",-0.151310450314925,15.2000894545392,-1.43449980055402,0.164620742710981,0.438989336269616,-5.26811098308389,"ECI1",0.258554591408795,0.783515443258929,""
"UBE4A",-0.151597701757003,11.1096030462741,-1.14037936386416,0.266137769549917,0.552332298544175,-5.60147616072343,"UBE4A",0.325310981322472,0.574893487180609,""
"DMD",-0.151692826362339,14.8548232144728,-2.08840821076765,0.0477934195510786,0.242267909640595,-4.25398239118741,"DMD",0.142690209563804,1.32063189521608,""
"RPS4X",-0.151902653249399,12.7006656372609,-1.59781779296854,0.123460758283307,0.380446965399753,-5.04227727431446,"RPS4X",0.224074485561615,0.90847105996858,""
"CARM1",-0.152008694954718,12.4229602956663,-1.6453960340722,0.113216078027346,0.365831454502793,-4.97282309316861,"CARM1",0.215466286828802,0.946091893795036,""
"GLOD4",-0.152421390697789,12.8566107089332,-2.16438090147581,0.0408412039180879,0.222983566799429,-4.11877768283836,"GLOD4",0.131332176527616,1.38890146425222,""
"MAIP1",-0.152928523390393,11.4339503604847,-1.27183947644194,0.21588845915497,0.496099822079618,-5.47271046451603,"MAIP1",0.292191349989859,0.665770573317823,""
"VWF",-0.153715731798997,13.5220464693222,-1.83644959723245,0.0789901571897169,0.307412852437045,-4.67820124184434,"VWF",0.181059077951852,1.10242702193122,""
"C19orf12",-0.153729914648666,10.9089075096772,-0.970365794673749,0.3467918043582,0.623093932046351,-5.59146805829995,"C19orf12",0.366987950956963,0.459931174644695,""
"HNRNPU",-0.153955719133359,13.2483972372162,-1.78623672190622,0.0869876452164967,0.317772737424976,-4.75800498257243,"HNRNPU",0.187160811203184,1.0605424254885,""
"B3GLCT",-0.154166823266292,10.0997484450373,-0.813185887748803,0.427710705568851,0.68907853706163,-5.69959616470412,"B3GLCT",0.405851361020569,0.368849879246835,""
"TFB2M",-0.154201895057447,12.8541100544123,-0.49950815616721,0.622071820886274,0.812779970355059,-6.13318222458162,"TFB2M",0.478708651390422,0.206159471235334,""
"PFDN2",-0.154241536316754,12.7340705742888,-1.89809200724979,0.0700495684831356,0.29503230019956,-4.57801071011444,"PFDN2",0.173767218308108,1.15459453569541,""
"ALDH1A1",-0.154279112388732,15.37504009521,-1.1288770627581,0.27035648372814,0.555851377887576,-5.63482932046691,"ALDH1A1",0.327383637869212,0.568063210650635,""
"ATP2A2",-0.1543653635211,14.4092116111233,-0.995746139434177,0.329529276894521,0.608492488088915,-5.77020106251708,"ATP2A2",0.358388037327,0.482105994639317,""
"NDUFA13",-0.154667608529532,17.5593087925771,-1.51620286705425,0.142821934428865,0.40539347889422,-5.15761057389735,"NDUFA13",0.238767406484128,0.845205088989214,""
"TMEM182",-0.154798036606989,12.3315449799668,-0.959742092555948,0.348384708685501,0.624389114940723,-5.7277262672,"TMEM182",0.367750783801377,0.457940915315487,""
"ALDH16A1",-0.155354965379372,10.6698528221746,-0.948563454747968,0.355089420960965,0.628927706637109,-5.69723639159031,"ALDH16A1",0.37042390960348,0.449662266269817,""
"EPB42",-0.155436996573274,10.0736721537932,-0.530141885540034,0.601213567577442,0.798872465989198,-6.09588940624758,"EPB42",0.470517452170442,0.220971227257569,""
"ODR4",-0.155457262666935,9.72114471220087,-0.830245548371159,0.415978170469507,0.679225473332193,-5.83958784785599,"ODR4",0.400048133797927,0.380929459501591,""
"ANP32E",-0.155495702176726,12.5123192032572,-1.42377549869478,0.168250048053048,0.444527802236098,-5.26231540980305,"ANP32E",0.261816620088498,0.77404480306731,""
"ITIH1",-0.155615649191233,11.8630470535064,-0.892624963478612,0.38195383351077,0.652090610866946,-5.82280600252643,"ITIH1",0.384066325817683,0.417989126782475,""
"RUVBL2",-0.156919063448779,10.0408400564508,-0.679728140789259,0.504291368150053,0.741530031169053,-5.95051657012093,"RUVBL2",0.436744080973557,0.297318465505121,""
"USP13",-0.156966958627278,10.711064606232,-1.02611358213767,0.320615627799045,0.603917614418855,-5.5289500201722,"USP13",0.355693542279442,0.494015312607341,""
"ENO1",-0.157103604465455,17.6366169196576,-2.313710486965,0.0297740193199727,0.191451008421566,-3.84401267161526,"ENO1",0.112760227111389,1.52616253415882,""
"HNRNPC",-0.157138914222969,11.5803151062813,-1.90306462723389,0.0693684207389978,0.294042679887508,-4.56982373011407,"HNRNPC",0.173184354775234,1.1588381926584,""
"TPR",-0.157753880102875,10.7601649698122,-1.4531475458395,0.160006439554112,0.431489046721359,-5.22355709001881,"TPR",0.254137093899456,0.795862538553206,""
"TMX4",-0.158642405693948,13.6068290494075,-1.65786548103218,0.111241292666412,0.363717637646003,-4.93582594610953,"TMX4",0.214221297466726,0.953733973110398,""
"RPS18",-0.15883051814532,14.6231699433265,-1.33378149134503,0.195075097922884,0.470091864938938,-5.39726749758829,"RPS18",0.276873263247643,0.709798166407262,""
"MB",-0.159515966546451,21.0318444892672,-1.72294108635209,0.0980515686488821,0.338745105682024,-4.8562211722947,"MB",0.199513052265928,1.00854545400941,""
"HNRNPK",-0.159538373847717,14.8505926575015,-2.24402652953146,0.03454474133218,0.207465930706378,-3.97367226299362,"HNRNPK",0.122192646866683,1.46161805492472,""
"APOE",-0.159868147763389,11.9205212269348,-1.40922162365342,0.171882042112784,0.447925540137409,-5.30126921343937,"APOE",0.263817809325241,0.764769495149614,""
"ALDH9A1",-0.160157566888913,15.2780362402385,-1.78247775211625,0.0876134272491848,0.318200530829881,-4.7639125582403,"ALDH9A1",0.187412771649314,1.05742933066572,""
"ISCU",-0.160655735781567,9.64529547601979,-0.894048943909475,0.384174157739921,0.652982069891475,-5.67148659926539,"ISCU",0.384591374616825,0.415471852197953,""
"NDUFAF3",-0.160988410871937,13.2612762167071,-1.52659783367448,0.140225591110097,0.403218968814577,-5.14319273001463,"NDUFAF3",0.237486670214008,0.853172720579901,""
"CYTH1",-0.161777407259619,10.3510328907182,-0.319162539660891,0.754886262388846,0.88850047179041,-5.84892922471303,"CYTH1",0.52330627983455,0.122118477957441,""
"POLR2I",-0.161912285200323,10.3722479207198,-0.708698196890773,0.489054181119319,0.734284827471095,-5.79351256238266,"POLR2I",0.432476823145115,0.310643023785073,""
"RBP4",-0.161967799360172,13.5670434149588,-1.34658018022408,0.190976272300307,0.46828428413363,-5.38129659364352,"RBP4",0.275808639854906,0.719020587983555,""
"HYI",-0.161994943019751,12.7482138213458,-1.73275817960544,0.0981790973115111,0.338777029759238,-4.78686299908951,"HYI",0.199531854810906,1.00798096525338,""
"WBP2",-0.162133555620832,10.8190480746803,-1.05279019603003,0.309700317598987,0.594422380799708,-5.45436865548119,"WBP2",0.350101068736482,0.509058349272154,""
"MPP1",-0.162281636840206,11.7350841081708,-1.329777669616,0.196933369501755,0.473168766990793,-5.38190418712403,"MPP1",0.278685487570864,0.705680688318015,""
"VPS37A",-0.162609031098473,10.2773832067895,-0.759127644308845,0.456429256317946,0.713155150078885,-5.90255808392773,"VPS37A",0.420031930630945,0.340626525844041,""
"CAVIN2",-0.162730165233778,11.6641540537339,-1.62174155658304,0.118216815487423,0.373700838362009,-5.00755497973955,"CAVIN2",0.220101172372147,0.927320743810234,""
"RBM3",-0.163093223009803,12.6351302298945,-1.28231747366751,0.21225250687795,0.492549677018527,-5.46016593578362,"RBM3",0.290100396452098,0.67314717167609,""
"GGA1",-0.163443554090502,10.26096599499,-0.892021703516307,0.382269849978942,0.652090610866946,-5.82332723411067,"GGA1",0.384066325817683,0.41762995388819,""
"RPS8",-0.164098077342951,11.5629453219611,-1.15070192470768,0.261443930231994,0.545357185859017,-5.61118469649302,"RPS8",0.321202800869465,0.582621436440374,""
"ABRAXAS2",-0.164538158177329,12.7194256983121,-1.73552873024326,0.0957604105664956,0.333813558949317,-4.83690362400383,"ABRAXAS2",0.196608485013056,1.01881400058847,""
"PTPA",-0.164695989047834,13.4053884174893,-1.59175786217515,0.124819339256365,0.3823343183211,-5.05100735407731,"PTPA",0.225186092890325,0.903718120730254,""
"MRPS9",-0.16483680003825,10.3624868753547,-0.773532231265372,0.471297255534045,0.724287290028891,-5.20435521409777,"MRPS9",0.426588504238718,0.326705089223794,""
"PFDN6",-0.165217455324459,14.3242126250987,-1.84179348541865,0.0781777024001189,0.307412852437045,-4.66961162510165,"PFDN6",0.181059077951852,1.10691709739332,""
"DHPS",-0.165991327370104,10.0097768348989,-1.1773719429065,0.253239185555196,0.535703935450412,-5.49021500276312,"DHPS",0.315517259083023,0.596469091886679,""
"PLBD2",-0.166096925897085,10.0546352222428,-0.664349920559558,0.518562250588882,0.752468060309856,-5.68139387949057,"PLBD2",0.443186327792922,0.285199101445676,""
"GCLM",-0.166344629831123,12.7782095659287,-1.45337100485663,0.1593618660349,0.430984310032063,-5.24303726799285,"GCLM",0.253839815633932,0.797615593554441,""
"PDCD6",-0.166561259807985,12.2067232927552,-1.46384625750624,0.156501610953802,0.426876775020655,-5.22900188892025,"PDCD6",0.251420572274636,0.805481187671873,""
"GSTT1",-0.167160395401954,15.1078209676432,-0.686242630103441,0.500259837089828,0.739290079166805,-5.95414503058964,"GSTT1",0.435424800920793,0.300804362658116,""
"WDR26",-0.168021420302299,9.85678452759044,-1.58807425354315,0.129240425438441,0.387992220603455,-4.95554165345824,"WDR26",0.228518466804636,0.888601621025305,""
"PGK2",-0.168574023879724,15.7633899700657,-1.35794858625766,0.187392376845695,0.466283029788072,-5.36700168113452,"PGK2",0.274629947215085,0.727248080263546,""
"RPL35",-0.169399780024095,9.95927332854098,-0.914361992451671,0.372974325018906,0.647393010214634,-5.70291935982759,"RPL35",0.381299547408938,0.428321063329101,""
"H2BC12",-0.16963733190987,15.4519590303326,-1.32910705828286,0.196589118140672,0.472955594081214,-5.40306805845281,"H2BC12",0.278559933645103,0.706440525477711,""
"DDRGK1",-0.169935480923074,10.3788557940274,-1.27890667802096,0.213980481335294,0.493827637827786,-5.44373606684442,"DDRGK1",0.290853085885701,0.669625839898382,""
"RPL7",-0.170096344604866,12.7142047999585,-1.44355898024244,0.162079076922907,0.434639022759555,-5.25610823392339,"RPL7",0.255992357114786,0.790273045382299,""
"METTL26",-0.170315859135787,12.2218739998961,-1.73654042456765,0.0955782622962368,0.333813558949317,-4.83534636926882,"METTL26",0.196608485013056,1.01964086963042,""
"IFITM3",-0.170878766295465,9.86549401861882,-0.974407534269881,0.343948945171449,0.621103265429401,-5.61927771612286,"IFITM3",0.365815494245029,0.463506018114137,""
"PRPS1",-0.17105059788498,13.5106685263672,-1.39597971557907,0.175786506722114,0.454346241730528,-5.31844192263249,"PRPS1",0.267599454435515,0.75501446419416,""
"PEBP1",-0.171421413394896,17.4380810800308,-2.56187833336046,0.0172785598939648,0.144469191717537,-3.36336104977604,"PEBP1",0.0850890209614232,1.76249245723718,""
"PUDP",-0.171536406272851,13.4653559815218,-1.18180677899719,0.249118357636722,0.531254636092011,-5.57679198573133,"PUDP",0.312896724407984,0.603594267940936,""
"GRB2",-0.171713889601838,14.776866924663,-2.32673075899872,0.0289524252132103,0.189522076523056,-3.8195153575583,"GRB2",0.111624130724372,1.53831505153585,""
"RNF123",-0.171752912124226,12.0016038160387,-2.38933454488889,0.025284726410714,0.181038641100712,-3.70057272031878,"RNF123",0.106627582976753,1.5971417412191,""
"BTF3",-0.171866617568901,10.3987721125187,-0.735691925789511,0.470688659207186,0.724287290028891,-5.89422104555883,"BTF3",0.426588504238718,0.327266265477284,""
"TPM1",-0.172045738670484,21.2135214132888,-2.24825186980824,0.0342367379533754,0.207417272827454,-3.9658809093428,"TPM1",0.122163988498553,1.46550762122436,""
"GLRX",-0.172433174291845,13.2300118065361,-1.36796622240165,0.184278324206711,0.464447390981004,-5.3543207662128,"GLRX",0.27354879830662,0.734525745795783,""
"DHTKD1",-0.172621597970991,12.5763334398016,-0.942790007931262,0.355392447530156,0.629075383020004,-5.81973432042299,"DHTKD1",0.370510887586054,0.449291805655167,""
"COMT",-0.172780307524178,13.6644825853995,-0.953424113144665,0.350092090751974,0.625492044861917,-5.80998765026338,"COMT",0.36840038407994,0.455817700664772,""
"SF3B6",-0.172815693151326,10.8611602444739,-1.41915538086303,0.169577212088013,0.445651833209884,-5.26835241444995,"SF3B6",0.262478648400228,0.770632508974122,""
"LMNB1",-0.173256601783681,10.7284414143319,-1.17074986029278,0.253449313036071,0.535703935450412,-5.58911073552379,"LMNB1",0.315517259083023,0.596108881576298,""
"AGL",-0.173556935330801,18.2085053663604,-2.11924823032711,0.0448525086914819,0.236667945579485,-4.19948480008067,"AGL",0.13939195992515,1.34821326097223,""
"COPS7A",-0.173914863024917,14.0904960056316,-2.00245476762496,0.0569196755361233,0.266798408086954,-4.40299681510465,"COPS7A",0.15713810722061,1.24473758422501,""
"THEM6",-0.174282638449078,12.4105565500401,-2.11372341006371,0.0453671127153872,0.236667945579485,-4.20928698109346,"THEM6",0.13939195992515,1.34325885951899,""
"NEK7",-0.174628223145772,12.6253816411532,-2.18579982390966,0.0390531739993237,0.21760367769273,-4.08008701981746,"NEK7",0.128163545959895,1.40834366359528,""
"ITGB1",-0.174840692187525,14.8406278725181,-2.68324796261494,0.0131396025296802,0.127999393350354,-3.11853801364567,"ITGB1",0.0753886896877797,1.88141777189781,""
"TRIM21",-0.175129935713791,10.250718610853,-0.680992815902536,0.503507278116223,0.741411231118181,-5.96119021802194,"TRIM21",0.436674110484357,0.297994247408537,""
"LNPK",-0.175355197382014,12.132934930625,-2.10680175501389,0.0460192949948461,0.237355294648327,-4.22154335175222,"LNPK",0.139796792669289,1.3370600389093,""
"GATAD2B",-0.175689133749042,18.5358374573341,-2.44225460249827,0.0225234015562544,0.170137743979548,-3.59857665247296,"GATAD2B",0.100207206060305,1.64736602032362,""
"ARIH1",-0.175951993390532,11.4481621101547,-1.95003873552456,0.0632146685923953,0.279726383804544,-4.49172794075852,"ARIH1",0.164752386664864,1.19918213454103,""
"NONO",-0.17601630611486,11.0199758875029,-1.33842933085574,0.193578734165183,0.468956919188374,-5.39148270510809,"NONO",0.276204806384199,0.713142354372624,""
"JPH1",-0.176148478762009,12.9677893040076,-2.40332291433281,0.024525961307845,0.177379679761788,-3.67373929480079,"JPH1",0.104472539161782,1.61037396121568,""
"TIMM17A",-0.176219739232474,9.72563214632574,-0.831303490311167,0.420294061649066,0.683595045031339,-5.6403587824892,"TIMM17A",0.402621710721012,0.376446746114624,""
"ENOPH1",-0.176255919549895,13.383368207071,-2.10328948405139,0.0463534374443069,0.237914417276873,-4.22775235325591,"ENOPH1",0.140126102998327,1.33391805423276,""
"GFM1",-0.176257417510298,12.8799181425004,-1.66443442019239,0.109321194438289,0.361680769242486,-4.94458255571417,"GFM1",0.213021628968398,0.961295631872133,""
"NDUFC2",-0.176353280433661,14.8541557424664,-1.60664678458992,0.121503397778096,0.377834670180747,-5.02951079519333,"NDUFC2",0.222535903944283,0.915411577080936,""
"GALM",-0.176383205851533,12.0605274281385,-2.03106605357423,0.0537231663602694,0.260343736811864,-4.35387175419901,"GALM",0.153336454751348,1.26983839860444,""
"UBQLN2",-0.176490513071688,10.6940435002447,-1.13730351588516,0.266889433874419,0.552690772679924,-5.62574809495694,"UBQLN2",0.325522114318292,0.573668619546584,""
"PMVK",-0.176608051921791,12.4654289950437,-1.57492273357916,0.128658864343203,0.387057759956864,-5.07512135764871,"PMVK",0.227968091042162,0.890560286385494,""
"MYOM1",-0.176767050369058,18.9345126948225,-2.3381536221385,0.0282487885627394,0.187001988322358,-3.79795467205315,"MYOM1",0.110139856913572,1.549000171979,""
"PCBD2",-0.177744886827732,16.1040850376468,-2.41577227353923,0.0238683916420725,0.175380559529406,-3.64978077704838,"PCBD2",0.103295103465386,1.62217684469272,""
"USP47",-0.178361497861459,12.8039731763639,-1.69565810039723,0.103177876466889,0.347648750824907,-4.89771977118161,"USP47",0.204757093844544,0.986413414708518,""
"MTX1",-0.179261076394026,12.0166086615242,-2.59645184138304,0.0159896884099587,0.139617279286957,-3.29423124431694,"MTX1",0.0822313564753103,1.79615999924026,""
"OCIAD1",-0.179347897442966,13.9599851363748,-1.79927522066021,0.0848467194681811,0.315176400203464,-4.73744144907241,"OCIAD1",0.185631628478219,1.071364944677,""
"DHRS7C",-0.179650778341799,13.2338552742874,-1.36572409833503,0.184971738402377,0.464447390981004,-5.35716583924125,"DHRS7C",0.27354879830662,0.732894621832138,""
"CAVIN4",-0.179946141115545,12.9235471539904,-2.13454787597856,0.0434546806602326,0.231758296854574,-4.1722514276231,"CAVIN4",0.136500290093675,1.36196343727222,""
"NIBAN1",-0.180565291339889,12.4484784343645,-1.62290451697701,0.117966712976129,0.373700838362009,-5.00585667757839,"NIBAN1",0.220101172372147,0.928240521593817,""
"DNAH10",-0.181132402098973,14.8123776995192,-1.06921828434106,0.295844992370416,0.579945282784991,-5.69738932576893,"DNAH10",0.341574391998072,0.528935777423986,""
"APOOL",-0.181604225827734,12.4486648551763,-1.71107447521939,0.100254014526988,0.341818449530112,-4.87433343260103,"APOOL",0.201323180889218,0.998898227665284,""
"TCAP",-0.181625365893805,17.2077803000148,-1.80704940890716,0.0835919071043356,0.312845065955135,-4.72512725839381,"TCAP",0.184258526390737,1.07783576646123,""
"ANO6",-0.181982485010579,11.2784940222621,-1.82427412796732,0.0808685937363589,0.308213842120871,-4.69770281667392,"ANO6",0.181530842396483,1.09222010898348,""
"SMYD5",-0.182131544731952,11.3570135968953,-1.18655977502515,0.247273646267958,0.529291272729022,-5.57146513034297,"SMYD5",0.311740348682737,0.6068221670608,""
"VPS36",-0.182231317439136,11.5193983992531,-0.788133986512428,0.441814482571254,0.70064046405541,-5.71885466993665,"VPS36",0.412661069281771,0.35476005216379,""
"GSTP1",-0.182437006530858,16.9419551863975,-2.16816027604205,0.0405204348243662,0.221893929898633,-4.11196872548071,"GSTP1",0.130690405531392,1.39232590287717,""
"SCARB2",-0.182989508238851,12.2118664851565,-2.08161458808306,0.048464010263777,0.24393835746126,-4.26591529209583,"SCARB2",0.143674064792298,1.31458065203571,""
"CDC5L",-0.18303388839516,13.0269484083787,-1.00423994929912,0.32550477324073,0.607929441458023,-5.76202521360808,"CDC5L",0.358056415851109,0.48744263850313,""
"RPS2",-0.183243708498777,11.7038748469775,-2.18607668083538,0.0390305326908213,0.21760367769273,-4.07958529359358,"RPS2",0.128163545959895,1.40859552140372,""
"RPL9P9",-0.183448506954351,13.7030729280042,-1.68740699700484,0.104772220626069,0.352605922295019,-4.91016932065919,"RPL9P9",0.207676753476574,0.979753851207759,""
"PPP1R2",-0.183930049517146,13.2636902006591,-2.08326208581766,0.0483006195110513,0.243543968802202,-4.26302389445071,"PPP1R2",0.143441778970812,1.31604729888605,""
"RPL14",-0.184284988965221,12.204985691567,-1.45540390803582,0.158803514308765,0.430369292841668,-5.24031998474723,"RPL14",0.253477584697474,0.799139890901262,""
"PNPO",-0.184677975135241,13.2630752513176,-1.41478855439695,0.170261360400166,0.445651833209884,-5.29400919661252,"PNPO",0.262478648400228,0.76888390088653,""
"UTRN",-0.184822146737332,13.93707006726,-1.72906384480635,0.0969313648554302,0.336498701752669,-4.84683835439618,"UTRN",0.198189972176946,1.01353567207639,""
"CTSL",-0.185288724792615,10.5677136526474,-1.00651725612056,0.330701813599963,0.609225564299781,-5.35968026713486,"CTSL",0.358819802302848,0.480563423367831,""
"TARDBP",-0.185984043858832,11.3347727808842,-1.97183327859661,0.0605262925030245,0.274283705266871,-4.45503464838571,"TARDBP",0.161546774570876,1.21805592768651,""
"RPL23A",-0.186479814230042,11.4153250056759,-1.51246766673661,0.143764414965959,0.407393843037103,-5.16277171356415,"RPL23A",0.23994557481511,0.842348598629242,""
"TSN",-0.186618598474343,10.8343520531466,-1.58565411686496,0.126200265894277,0.384900378107489,-5.05977380396325,"TSN",0.226697442904515,0.89893973006577,""
"RABGEF1",-0.186799618780462,12.2414776878093,-1.91712112776584,0.0727365069789394,0.302101036028669,-4.42252281544497,"RABGEF1",0.17793054063298,1.13824755887928,""
"BCAP29",-0.187294291079331,9.09013512753883,-0.917715373851647,0.369454592123859,0.642842012055123,-5.77698615067567,"BCAP29",0.378619114486276,0.432438931022503,""
"FERMT2",-0.187787708635796,13.8352289561667,-2.58754139531652,0.0163129797238398,0.140724017858666,-3.31209530911649,"FERMT2",0.0828831999611597,1.78746670361784,""
"CPNE1",-0.18789987584282,12.9664382134304,-1.60359080997772,0.122177954627556,0.378698768455976,-5.03393597793292,"CPNE1",0.223044837893311,0.913007149636167,""
"FABP3",-0.187958545912121,19.6456538556198,-1.83405074540378,0.0793572365580316,0.307412852437045,-4.68205109623945,"FABP3",0.181059077951852,1.10041346394478,""
"PCMTD1",-0.188457743639711,11.1529465750807,-1.08037653468198,0.300426047893972,0.583630552698013,-5.37373104177131,"PCMTD1",0.343744930956238,0.522262415322363,""
"APOC1",-0.188734258080981,11.9560482580954,-0.949743227661444,0.351920681853303,0.62698171649212,-5.81337278210636,"APOC1",0.369277766302828,0.453555209576203,""
"ATP2B2",-0.189403694219608,11.5513068330536,-1.36460829749682,0.188771595336352,0.467124930598184,-5.23491519063529,"ATP2B2",0.275125807369263,0.72406335387662,""
"UBE2B",-0.189488342183317,13.6392774432615,-1.71807278471699,0.0989501003479259,0.340207787990948,-4.86366338974191,"UBE2B",0.200374538401236,1.00458376102779,""
"FN1",-0.189783458645925,12.6449447537026,-1.57684765262129,0.128214963512592,0.387021589423927,-5.07237456258999,"FN1",0.227946787432731,0.892061286894257,""
"C9",-0.18990600870594,11.816701820857,-0.67139052684208,0.511279086707747,0.74633195939398,-5.83731816016254,"C9",0.439572305915695,0.291341971234301,""
"EFTUD2",-0.191578683999243,11.3314380917113,-1.40709725362633,0.172503734001146,0.448321864046535,-5.30403335224498,"EFTUD2",0.26405123496437,0.763201499787566,""
"SRSF4",-0.191660207377469,12.6188317645333,-0.972044969943634,0.341376326367295,0.618798606782236,-5.77139282293805,"SRSF4",0.364458103471217,0.466766599461868,""
"SEC13",-0.192811978668123,12.3979402176058,-1.77641747846569,0.0886304637622593,0.320097917043015,-4.77341713485858,"SEC13",0.188530288355415,1.0524169782274,""
"ACHE",-0.193300025883744,12.4333775023323,-0.352124079357848,0.731129562875145,0.873937841433395,-5.80907118167032,"ACHE",0.51472922651979,0.13600565525035,""
"SNX17",-0.193668604752975,11.185426151137,-0.450387050531301,0.658303389335545,0.833876275149912,-5.96175415532776,"SNX17",0.491133888214669,0.181573908897082,""
"MT-ND2",-0.194063496317957,13.4400185270764,-1.21715415565302,0.236174622696608,0.520310861079296,-5.51599960850458,"MT-ND2",0.306451093402623,0.626766769783176,""
"ZNFX1",-0.194739653761838,11.2096391122651,-0.49106886804407,0.629489458643882,0.81836487042945,-5.91735891794783,"ZNFX1",0.481998028688431,0.20101153813932,""
"PSAP",-0.194783363424859,14.7231009248543,-1.7375880419543,0.0953899576685538,0.333573673702977,-4.83373309002814,"PSAP",0.196467198137207,1.02049734394053,""
"TF",-0.195209611756077,17.0900195654497,-1.5389746428741,0.137184793781353,0.399132013145949,-5.12592181026157,"TF",0.235079547612836,0.862694025238914,""
"ALAD",-0.195663266339459,12.9846842740942,-1.36365542256676,0.185613332415923,0.464777621435745,-5.35978731380968,"ALAD",0.273743296425918,0.731390832068078,""
"ALDH3A2",-0.196029566034856,17.0216904337423,-2.99097374146831,0.00643685810671996,0.0927514916152321,-2.47340061286451,"ALDH3A2",0.0546284887485374,2.19132606429774,""
"PFAS",-0.196098181102455,10.8784579651386,-1.55493392700824,0.133343985821499,0.394521875405757,-5.10348539602986,"PFAS",0.232364282841526,0.87502656740146,""
"ORM2",-0.197352158603797,14.8832050468962,-1.33872891451551,0.193482592427554,0.468956919188374,-5.39110924858953,"ORM2",0.276204806384199,0.713358102235418,""
"PFDN5",-0.197451141822825,12.1743485990617,-1.64185022707854,0.113954196317369,0.366733740110237,-4.97805461476258,"PFDN5",0.215997712235509,0.943269677469808,""
"RBM19",-0.197508127628044,12.7718074414316,-1.18051299698085,0.250709798389855,0.532270468931465,-5.53285678445059,"RBM19",0.313495026514765,0.600828692354153,""
"MLH3",-0.197544985623349,15.0201559702473,-1.93373271787294,0.0652941909361145,0.282481212750803,-4.5189913800516,"MLH3",0.16637491735924,1.18512545512022,""
"SNU13",-0.197545248083978,11.0450868913831,-1.26855008020645,0.217039704855109,0.496972759709319,-5.47663023397737,"SNU13",0.292705490114744,0.66346080982831,""
"DNAJC11",-0.197555054579912,11.4802608671155,-1.45107390366846,0.161214077149083,0.432724570716939,-5.20780563022524,"DNAJC11",0.254864789028835,0.792597038453756,""
"NDUFAF6",-0.197812399438765,12.4936493958346,-1.81388011397834,0.0830736523512742,0.312645125274704,-4.6970165192188,"NDUFAF6",0.184140765942672,1.08053669526324,""
"TPP1",-0.197832075522216,14.4077827568542,-1.55608319833727,0.133070851843838,0.39412090970088,-5.10186248202503,"TPP1",0.232128123291788,0.875917063005368,""
"NOMO3",-0.19829516652999,12.0231734831396,-1.60919254534141,0.123668613984498,0.380446965399753,-4.94927334394346,"NOMO3",0.224074485561615,0.907740506538063,""
"TMOD1",-0.199206928142786,13.44625081241,-2.41433696576136,0.0239433654944126,0.175380559529406,-3.65254668928382,"TMOD1",0.103295103465386,1.62081480493526,""
"AGO2",-0.199337509647291,10.9491305700218,-1.37607050245003,0.181789019181799,0.460746682244842,-5.34400417067226,"AGO2",0.271369166237805,0.740432353527581,""
"SERPINA1",-0.199567962560128,16.5821217324547,-1.82296815440957,0.0810723550067084,0.308354880131757,-4.69978890093653,"SERPINA1",0.181613910531094,1.09112721132263,""
"PHB2",-0.199895642994168,15.1450549239445,-2.19547754229287,0.038268740716842,0.215751325616212,-4.06252448399923,"PHB2",0.127072553321306,1.4171558285705,""
"SCN1B",-0.19997513338218,12.2833775790289,-2.10617512348083,0.0460787513353595,0.237355294648327,-4.222651620323,"SCN1B",0.139796792669289,1.33649929815061,""
"PHYHD1",-0.200566122631663,11.4548312476427,-1.49908216078277,0.147771265255191,0.414165006536656,-5.16164571006163,"PHYHD1",0.243933633902983,0.830410008122255,""
"PFDN1",-0.200602562171118,12.4499543857305,-2.62629006087534,0.0149502194394221,0.135070752285504,-3.23417315190069,"PFDN1",0.0795535569615938,1.82535243271542,""
"HLA-C",-0.200708439525183,11.5697943998467,-1.02340329042636,0.324145501789322,0.60685926496567,-5.46373996957156,"HLA-C",0.357426106586499,0.489260000782134,""
"TACC2",-0.200869575261907,12.7447990504701,-2.76766375097944,0.0108318230034214,0.122713660222224,-2.94486447512407,"TACC2",0.0722755148192214,1.96529844515685,""
"CAT",-0.201106119617798,15.226729584538,-1.22936482038504,0.231117591936341,0.513514959895795,-5.52264538627529,"CAT",0.302448464389613,0.636166996147451,""
"KARS1",-0.201241500805388,13.2952188556838,-2.58818889341741,0.0162892826042395,0.140724017858666,-3.31079828269589,"KARS1",0.0828831999611597,1.78809804201935,""
"TSG101",-0.201745071513438,11.7778310461629,-1.24012745988138,0.227722517949659,0.511126403924627,-5.48947765855923,"TSG101",0.301041660027506,0.642594022798322,""
"OXCT1",-0.202133488305671,11.1725066726968,-0.728537250564785,0.485936443678236,0.732485249839193,-5.16982404163042,"OXCT1",0.431416913436878,0.313420529019222,""
"UFL1",-0.202467219757967,10.5706289997131,-0.911190591249462,0.375338438781114,0.649639321981899,-5.67224687709417,"UFL1",0.382622573216574,0.425576956781461,""
"APOA2",-0.202620567069355,13.6806710984047,-1.48310196754089,0.151352108087673,0.419921151317006,-5.20298507381852,"APOA2",0.247323870382119,0.820011525652451,""
"API5",-0.203052732371175,8.83911755302395,-0.984695069816403,0.334816640365646,0.611943112959291,-5.7807431746774,"API5",0.3604203757684,0.47519296573437,""
"MDH1",-0.203061246594977,19.0404670380379,-2.37601010629911,0.0260275273489525,0.181811800798536,-3.72604631836562,"MDH1",0.107082956201678,1.58456708850671,""
"NDUFB6",-0.20331006072521,12.8107541805648,-1.77884626897509,0.0882216534407206,0.319210211999453,-4.76961088825415,"NDUFB6",0.188007450564456,1.05442480698096,""
"HBG2",-0.203517021620055,12.0403836286849,-0.269049611403213,0.790873893540327,0.906387687514804,-6.10233505214147,"HBG2",0.533841437231223,0.101892760125229,""
"SIGLEC1",-0.20354432923518,15.3415345926064,-1.67875784312158,0.116233993812183,0.371119462963314,-4.6881039592703,"SIGLEC1",0.218580801815646,0.934666839536073,""
"FKBP2",-0.203589272710033,13.4660432476197,-1.74483457175861,0.094096068150697,0.330258748999505,-4.8225534877771,"FKBP2",0.194514783963459,1.02642852339667,""
"CHCHD2",-0.20374898082285,10.9445209075976,-1.30739590608345,0.20490642226926,0.484201314669275,-5.38659405626389,"CHCHD2",0.285183403628341,0.688444429532475,""
"SRP14",-0.204124600001553,10.0629139273004,-1.44248030748529,0.165910622127088,0.441343749701689,-5.13854793574163,"SRP14",0.259941286603056,0.780125808167901,""
"FN3K",-0.204212187078792,14.724842821625,-2.60266950418581,0.0157676585589571,0.139023004090113,-3.28174639716949,"FN3K",0.0818813420945282,1.80223279306438,""
"PURA",-0.206782972870906,15.0638823082236,-2.63244252383419,0.015053424795653,0.135575498788522,-3.21690469331663,"PURA",0.0798508410071739,1.82236468275149,""
"CD81",-0.207025454373555,9.89825251300159,-1.26690451138814,0.21941448697023,0.499922904282209,-5.41583499845049,"CD81",0.294443057207199,0.658734701266677,""
"PLGRKT",-0.20726504274524,12.3867507005916,-1.30699982135247,0.203873916269912,0.48375716337782,-5.43026487036403,"PLGRKT",0.284921808764417,0.690638334519408,""
"TOM1",-0.207428884275622,13.1592939547208,-1.83716123294854,0.0788815437629976,0.307412852437045,-4.67705844158186,"TOM1",0.181059077951852,1.10302459855885,""
"QRICH1",-0.207620028130673,10.3143962016534,-1.19338005587092,0.259059198795033,0.543151936565867,-5.12682231489228,"QRICH1",0.319903959911755,0.586600981971748,""
"SRA1",-0.20798919941479,11.0384590716928,-1.62311185013901,0.119865810518238,0.376008413279555,-4.94860514036344,"SRA1",0.221460280761935,0.921304673620647,""
"PEF1",-0.208444314521975,11.4278529572662,-0.974928639383305,0.345612753515965,0.622992883140553,-5.52798600748823,"PEF1",0.366928435482685,0.461410239921694,""
"EIF4H",-0.208978527266652,13.2340781546966,-2.2780267777591,0.0321362076082834,0.200518733311816,-3.91071673558376,"EIF4H",0.118100907875821,1.49300537561169,""
"TUBG1",-0.209335923401406,10.5618245643306,-0.981266189137779,0.337917406535258,0.615254578713908,-5.71896271729786,"TUBG1",0.362370752701072,0.471189436613659,""
"LPIN1",-0.209457463684286,12.3494029470013,-1.57668016848818,0.128253536201516,0.387021589423927,-5.07261366358264,"LPIN1",0.227946787432731,0.891930651700486,""
"CYRIA",-0.209762721861763,11.3828983049162,-1.59171961184131,0.127553271826397,0.386165507939535,-4.9740004101155,"CYRIA",0.227442575188555,0.894308396968533,""
"FN3KRP",-0.210015494883343,12.3413601830258,-1.11313287403295,0.276922280132077,0.563026488377001,-5.65163509307488,"FN3KRP",0.331609612414906,0.557642101137221,""
"RNF181",-0.211151335135574,11.3053328406346,-1.04324615952369,0.308998707975728,0.594089540201503,-5.64779344575502,"RNF181",0.349905033302901,0.510043336498094,""
"RPL7A",-0.211272562312468,12.4661071780675,-1.71416075771174,0.0996771960266052,0.340698751482861,-4.86963202620805,"RPL7A",0.200663704571255,1.00140418745156,""
"RPS27",-0.211646354443587,11.794172389291,-1.76091609146106,0.0912780991007353,0.325810644179575,-4.79761742749177,"RPS27",0.191894952844021,1.03963341283456,""
"MT-CYB",-0.212227251248784,11.3921872336388,-1.49851632582104,0.15292013156317,0.423152905117795,-5.0272736992992,"MT-CYB",0.249227298812972,0.815535337012321,""
"GUK1",-0.212567586193682,10.7307666907742,-0.796336789253284,0.445338911206327,0.703502836014848,-5.35486878566976,"GUK1",0.414346940329851,0.351309357004632,""
"ACE",-0.212984238318654,11.6139679943379,-2.83030311122487,0.0113239081040179,0.122968512445785,-2.83014663429394,"ACE",0.0724256168993595,1.946003663687,""
"ADIPOQ",-0.213412098606888,14.1895919812365,-1.56350979926624,0.131316956529748,0.391820485372073,-5.0913519311285,"ADIPOQ",0.230773226433801,0.881679191261409,""
"DRG1",-0.213791299012669,10.0770913527485,-1.67878262594641,0.106460898450229,0.356196277057776,-4.92313173745105,"DRG1",0.209791389600963,0.972809873027717,""
"DDI2",-0.214824729814399,10.7618143660266,-0.839416868068776,0.411423957451345,0.674867247503237,-5.82104316361968,"DDI2",0.397481239330629,0.385710422689955,""
"ACSF3",-0.215405088239107,11.6604850239573,-1.83816098858076,0.0866533606759468,0.317653949261916,-4.49642588371757,"ACSF3",0.187090847715631,1.06221458938727,""
"ARPC1B",-0.215706427791046,10.4574307556792,-1.34677643109518,0.193520568261421,0.468956919188374,-5.29822663471556,"ARPC1B",0.276204806384199,0.713272869364876,""
"VAPB",-0.215944463869318,15.3477198973839,-3.66531591428755,0.00125503896896101,0.0449303950888042,-0.969406019648115,"VAPB",0.0264629661456894,2.90134278912957,"+"
"FITM1",-0.215973702744774,11.6995322797317,-1.23156054746583,0.230847081587494,0.513348947101332,-5.49941826228894,"FITM1",0.302350686683654,0.63667561151119,""
"DEPTOR",-0.216121087207135,12.1234666257008,-1.60575274321001,0.121700421300064,0.37803688351777,-5.03080609804458,"DEPTOR",0.222655002934649,0.914707918335454,""
"DHRS11",-0.216184854903661,12.118135524731,-2.21736862029655,0.0365467064686146,0.211454075406287,-4.02261395597832,"DHRS11",0.124541572086887,1.43715175487454,""
"RPL23",-0.21626804380776,10.375500485346,-1.41450319676832,0.170344138107914,0.445651833209884,-5.29438192344099,"RPL23",0.262478648400228,0.768672806805167,""
"FDX2",-0.216406436218762,9.95240838559575,-0.668526297447633,0.513058843226837,0.747786527736215,-5.85754638275291,"FDX2",0.440429013111817,0.289832822367372,""
"CD99L2",-0.217301836050774,10.6697262517343,-1.28338765213346,0.212434594959137,0.492549677018527,-5.43837248081029,"CD99L2",0.290100396452098,0.672774757004753,""
"HSPG2",-0.217748434278406,15.1394286168623,-2.1801353327304,0.0395190288869265,0.219345927775499,-4.0903432972099,"HSPG2",0.129189691064262,1.40319373600321,""
"SRPRA",-0.218025113721211,9.85458019252732,-1.36353287125908,0.18565139627182,0.464777621435745,-5.35994250805525,"SRPRA",0.273743296425918,0.731301780125588,""
"DCTPP1",-0.218355897912435,13.3796918368928,-1.89047531974654,0.071104228260173,0.297722967451953,-4.59052086686809,"DCTPP1",0.175351959245032,1.14810457289244,""
"SERPINA4",-0.218633718552729,12.7758375377387,-2.06810061460827,0.0503316269564346,0.250552851584151,-4.2750702326428,"SERPINA4",0.147569849231739,1.29815903092252,""
"FGB",-0.219426421788622,14.3614220291574,-1.15889269011653,0.258155490216395,0.542448513558147,-5.60220706022316,"FGB",0.319489659988449,0.588118634338122,""
"NSUN2",-0.219478625001903,11.6084008722566,-2.23319267726486,0.0357998892175324,0.209499341529955,-3.98139592267081,"NSUN2",0.123390278930195,1.44611831727481,""
"SPTB",-0.219951822445536,14.7944075249717,-2.17126195314543,0.0402588846622235,0.220883995541395,-4.1063749291513,"SPTB",0.130095577494556,1.39513826103583,""
"MOCS3",-0.220110744560731,9.88877395214794,-1.43294359886535,0.171772466376006,0.447925540137409,-5.08373710289972,"MOCS3",0.263817809325241,0.765046448533144,""
"IRGQ",-0.221541762402429,10.150116530446,-1.225716201811,0.237543527347528,0.520762205396374,-5.34264525095026,"IRGQ",0.306716924792694,0.624256798861065,""
"ITIH2",-0.221799432066936,12.4641123161113,-1.25834867860403,0.221183968783303,0.501840894767418,-5.46813638863132,"ITIH2",0.295572709354203,0.655246353503204,""
"TCEA3",-0.222438574463331,11.3386509097534,-1.39874018572402,0.175542215629366,0.454157999604792,-5.29483334896546,"TCEA3",0.267488584166275,0.755618424439408,""
"ABCC1",-0.222903958021943,10.3205223456113,-1.06746597688008,0.29881880973787,0.582471884034393,-5.60638571673323,"ABCC1",0.3430625018443,0.524592068475609,""
"HDLBP",-0.222996307897098,11.0725498487344,-1.07364821168864,0.294899403186453,0.579945282784991,-5.64688696589289,"HDLBP",0.341574391998072,0.530326106366793,""
"AP2A1",-0.223482289636072,11.0608203351482,-1.25920920638105,0.22033452245626,0.501221661886202,-5.48771316677487,"AP2A1",0.295207995473109,0.656917451384711,""
"MTR",-0.223688306668597,11.0591797501324,-1.80924921667812,0.0832397581660329,0.312845065955135,-4.72163560844413,"MTR",0.184258526390737,1.07966919020128,""
"ERN1",-0.224013185964852,12.8376431627781,-1.45161224907766,0.159846195992432,0.431479269860815,-5.24538557288144,"ERN1",0.254131335554152,0.796297694576238,""
"XPO1",-0.22429335416448,12.0232862300384,-2.84251873783843,0.00911120616971587,0.112458013874653,-2.78869126692801,"XPO1",0.0662351757222354,2.04042412597135,""
"CYFIP1",-0.22429676047793,12.2502280191633,-1.26877150656908,0.217508944054865,0.497213673979198,-5.45580806252638,"CYFIP1",0.292847383061717,0.662522879979185,""
"GPD1",-0.224379485104805,17.5084083685923,-2.91952426572309,0.00761386202007575,0.102858966158004,-2.62603121976788,"GPD1",0.0605815580708779,2.11839499782145,""
"SPARCL1",-0.224542319912818,11.5543844804118,-1.90397788867176,0.0717985032137538,0.299317195348167,-4.50292785870208,"SPARCL1",0.176290922696448,1.14388460941763,""
"MACROH2A1",-0.224600392814642,13.7593483445663,-2.84890340005867,0.00897712098651713,0.112272814433996,-2.77528027774113,"MACROH2A1",0.0661260975243111,2.04686292170051,""
"SNX12",-0.226293268933237,10.750073772515,-2.2189852886917,0.0385507947014672,0.216251313038716,-3.97200569516019,"SNX12",0.127367034378257,1.41396666480097,""
"CHCHD7",-0.226938986270675,11.4669409006331,-0.971899736466637,0.34101090289388,0.618527692139374,-5.79281426110145,"CHCHD7",0.364298540996677,0.467231735403536,""
"KNG1",-0.227317945195177,14.0040406854463,-1.80660530156871,0.0836631561673145,0.312845065955135,-4.72583178448875,"KNG1",0.184258526390737,1.0774657558181,""
"ACTBL2",-0.227483908126292,16.2416791646001,-2.88960973695797,0.00816534566147531,0.107012627567127,-2.68945325668889,"ACTBL2",0.0630279688142734,2.08802542566169,""
"APOC3",-0.227561918111933,9.85554359307262,-1.05915646046873,0.300781667521741,0.583630552698013,-5.68651073311831,"APOC3",0.343744930956238,0.521748637285092,""
"RPIA",-0.227836794235769,12.6262219604977,-2.28222465796774,0.0318497005674307,0.199164939792842,-3.90290288162572,"RPIA",0.117303554725686,1.49689464629641,""
"TLN2",-0.227951416138325,12.4188062837926,-2.38573286944919,0.0254835609466245,0.181076297892285,-3.70746671480504,"TLN2",0.106649761958232,1.59373988593581,""
"SESN1",-0.228299229254315,12.5547511231893,-3.02388336043039,0.0059552746860462,0.0921332671254555,-2.40257408788842,"SESN1",0.0542643687867373,2.22509820195906,""
"XIRP2",-0.228805821792516,15.4780308756335,-0.734573483272523,0.469875439269095,0.723896319562501,-5.9898894905201,"XIRP2",0.426358231653854,0.328017255272161,""
"SCRIB",-0.228848780144988,9.94032931700564,-0.702528743997777,0.493496655392856,0.737012758111263,-5.74565905371577,"SCRIB",0.434083511357758,0.306715786356754,""
"PPTC7",-0.229790616537199,10.6392776025399,-1.14668011365885,0.286910146295098,0.572221907374068,-5.05611541442329,"PPTC7",0.3370255020623,0.542254093085278,""
"NUDCD3",-0.231058599569829,10.3915791093215,-1.07558658784125,0.295260315540323,0.579945282784991,-5.59512220579189,"NUDCD3",0.341574391998072,0.529794920457951,""
"RPL5",-0.231111366786717,13.0994905492806,-2.75075625607091,0.0112609466628064,0.122968512445785,-2.97986188074878,"RPL5",0.0724256168993595,1.94842509854759,""
"TNS1",-0.231318146824396,13.1757340269387,-4.03503421431181,0.000499397542762349,0.0253053759684755,-0.112350225933761,"TNS1",0.0149042826406077,3.30155359888371,"+"
"RPL13A",-0.231504310076325,10.9695158333355,-0.976347976609957,0.339765245354772,0.617441410340144,-5.74226894034538,"RPL13A",0.363658746077872,0.468821047252105,""
"NUDCD2",-0.231593035614365,12.3134557279914,-2.43746591283392,0.0231410724791373,0.17309959694068,-3.59908491352826,"NUDCD2",0.101951669123318,1.63561651742498,""
"GALE",-0.231712636136313,11.5062000355471,-1.41202091688137,0.171065563121895,0.44698525926999,-5.29762155913186,"GALE",0.263264005586975,0.76683740864353,""
"PML",-0.231793834780255,10.4322933114827,-2.39553277864716,0.0273767563125284,0.185359409170405,-3.63309803860164,"PML",0.109172415688009,1.56261800978206,""
"CMBL",-0.231805682150565,18.3560650549446,-2.88825311818075,0.00819123620238206,0.107012627567127,-2.69232250383288,"CMBL",0.0630279688142734,2.0866505505767,""
"CD63",-0.231911462919498,11.3770479443307,-1.85377499785616,0.0789853041445528,0.307412852437045,-4.58264875076794,"CD63",0.181059077951852,1.10245370519858,""
"LEMD2",-0.231920103584498,11.8285949757165,-1.08778119387001,0.288222130563577,0.57324179300978,-5.65718402124999,"LEMD2",0.337626191172578,0.540272675802926,""
"LAMA5",-0.23201243590505,10.6805320490667,-1.75543150443557,0.0922309441995775,0.327728814128523,-4.80614135382175,"LAMA5",0.193024710691028,1.03512334531899,""
"CBFB",-0.232417991493696,10.4344661642195,-1.35239612446528,0.194526103049885,0.469753234278721,-5.20912072847203,"CBFB",0.276673817601116,0.711022113361989,""
"GALT",-0.233004200445452,12.7512228397385,-2.05043613914647,0.0521646034979143,0.256700041955372,-4.30561653433042,"GALT",0.151190402542326,1.28262408933285,""
"COL18A1",-0.233381633947626,12.0994006478763,-1.61522876134013,0.119625631547633,0.375993929715347,-5.01704798947292,"COL18A1",0.221451750276758,0.922175756409015,""
"GDE1",-0.23343432751253,10.2040435024382,-1.64218923417468,0.11842752458085,0.373954168025969,-4.8577347378974,"GDE1",0.220250377699806,0.926547348421026,""
"RPL6",-0.233448568518991,12.0201630996622,-1.82020567311116,0.0815048264841806,0.30919295284616,-4.70419787123394,"RPL6",0.182107516025215,1.08881667281361,""
"ZBTB8OS",-0.234785385580532,11.9606234306849,-2.18797844096789,0.0398595252793846,0.220330404100058,-4.0477574676968,"ZBTB8OS",0.129769524907177,1.39946787798303,""
"SUB1",-0.23486196798852,12.4179943320974,-2.22561743766766,0.035916262811176,0.209499341529955,-4.00750953893671,"SUB1",0.123390278930195,1.44470885922417,""
"BLVRB",-0.235708625940866,15.7206650432827,-2.85681788704443,0.00881350942708372,0.111185078047503,-2.75863663249677,"BLVRB",0.0654854458871664,2.0548511266239,""
"SGCB",-0.235770133404209,14.4011325469611,-2.83235796421496,0.00932852346330902,0.114174748713321,-2.81000518613762,"SGCB",0.067246292936473,2.03018709178231,""
"POTEF",-0.236092777730768,13.7507450569781,-1.85569424569779,0.0766614093768157,0.307412852437045,-4.63031602169497,"POTEF",0.181059077951852,1.11542320074893,""
"TALDO1",-0.236912022720086,15.5583986515369,-2.71064429234319,0.0123441311682039,0.126467114838169,-3.06246790856517,"TALDO1",0.0744862129943612,1.90853947212601,""
"CLU",-0.237106456645634,13.3390204289129,-1.38958522205907,0.177697023345486,0.456934651629614,-5.32668579410006,"CLU",0.269123968150458,0.750319847126929,""
"LAMC1",-0.237114866159889,13.6640231808251,-2.53805474891342,0.0182224303978427,0.148178307130087,-3.41070333535865,"LAMC1",0.0872736043686858,1.73939369992174,""
"MYOM2",-0.238448502444538,19.1213240117092,-2.97485708623298,0.00668609005686516,0.095744809614309,-2.50796728321994,"MYOM2",0.0563914839929881,2.17482777806708,""
"HBS1L",-0.239621724376276,9.1678608900079,-1.04885063389663,0.307092353929475,0.591609667326721,-5.6281946864082,"HBS1L",0.348444445391282,0.512730996606674,""
"S100A8",-0.239869226188523,14.07999865267,-0.686833933477111,0.498917951176407,0.738450135487974,-6.02324688307382,"S100A8",0.434930093471788,0.301970869769772,""
"MYBPC2",-0.239917139396635,18.7117741612333,-2.10837429400722,0.0458703913738703,0.23713501966564,-4.21876116892344,"MYBPC2",0.139667055786315,1.33846755437887,""
"PCYT2",-0.240095768545652,13.6829992022371,-2.09351863088874,0.0472944592550483,0.241446223362671,-4.24498876186453,"PCYT2",0.142206255302728,1.32518973570844,""
"NMT1",-0.240171851756228,9.94378799077912,-0.939853870995918,0.360872819484944,0.634852429364176,-5.62904052479838,"NMT1",0.373913434604075,0.442645827256752,""
"BANF1",-0.240218932244803,15.2043609838856,-2.39767709671266,0.0248296428380185,0.178225807238308,-3.68458058822859,"BANF1",0.104970888724963,1.6050295275092,""
"ACP1",-0.240656925705855,15.8042449052718,-2.68742974802654,0.0130151375749984,0.127655321968478,-3.10999809135393,"ACP1",0.0751860395817145,1.88555123687116,""
"RAB12",-0.241208478424817,16.3119843182522,-2.82304269197043,0.00953207275590989,0.116169601586919,-2.82951423401447,"RAB12",0.0684212152569939,2.02081265145256,""
"AKT1S1",-0.241301603340057,11.3428375327564,-1.61254686477661,0.122934368250962,0.380048546494517,-4.9212131353988,"AKT1S1",0.223839826018109,0.910326686233486,""
"INPP4B",-0.241944033762461,10.8588477574659,-1.45098499709568,0.168115833194106,0.444527802236098,-5.00730149498429,"INPP4B",0.261816620088498,0.774391382663939,""
"DBNL",-0.242292095473291,12.2664590925117,-0.993333834896489,0.33338306964679,0.610136112281484,-5.64425277566381,"DBNL",0.359356094057377,0.477056458934144,""
"C4BPA",-0.242311321155295,11.8980738465192,-1.10246189834615,0.281437719042743,0.565640440237486,-5.66290531746074,"C4BPA",0.333149169755849,0.550617697681825,""
"DHRS7B",-0.242327909151951,12.2469643858172,-1.72030632026244,0.0985369964797771,0.339194660959233,-4.86025096868636,"DHRS7B",0.199777829952789,1.00640067965132,""
"ILF2",-0.242534100330859,11.044774515584,-0.734665714227569,0.471299448512705,0.724287290028891,-5.90131988297398,"ILF2",0.426588504238718,0.326703068426295,""
"PFKFB1",-0.242632213702972,13.0376526838928,-3.01229390593329,0.00612079176636694,0.0921332671254555,-2.42755311991361,"PFKFB1",0.0542643687867373,2.21319239525267,""
"HLA-DRB5",-0.243247648854853,10.0093675643441,-0.733144953003535,0.475180184948117,0.725252630657195,-5.7244147462312,"HLA-DRB5",0.427157067598007,0.323141677764059,""
"ACOT1",-0.243271724625567,9.49844546909097,-0.84474733600925,0.408016808657478,0.671586287353458,-5.83919652116495,"ACOT1",0.395548829495431,0.389321945349274,""
"ENG",-0.245285573299398,12.0714442209606,-0.990077997313265,0.333163424741743,0.610136112281484,-5.73435866289978,"ENG",0.359356094057377,0.477342682249385,""
"PLPBP",-0.247059726404959,13.2482492319096,-3.61094666194243,0.00143560424946347,0.0483714184760399,-1.09400316784423,"PLPBP",0.0284896495350289,2.84296526480257,"+"
"STOM",-0.247713720458997,13.1706371345404,-1.76430883079615,0.0906929011153668,0.325132560661397,-4.79233448893001,"STOM",0.191495577295464,1.04242670552072,""
"YTHDF3",-0.248508903048494,11.1580744108817,-2.02100548530385,0.0548285086766264,0.263914031680433,-4.37120052016114,"YTHDF3",0.15543927606085,1.26099356667023,""
"VDAC3",-0.249467014714519,16.9104473059464,-1.7095554579964,0.100538953868906,0.341975729074283,-4.87664499389366,"VDAC3",0.201415814912235,0.997665638019076,""
"SLC9A3R2",-0.249792736075474,10.4063030011009,-0.90398847293017,0.379863150555618,0.651491478126928,-5.64195104707093,"SLC9A3R2",0.383713450456036,0.420372834075073,""
"LMLN",-0.250625170758983,13.5214076467952,-1.91773719762612,0.0685432165558431,0.292620869574101,-4.51453769707082,"LMLN",0.172346941302352,1.16403551911135,""
"S100A9",-0.251021056310067,15.585530016241,-0.709482455175503,0.485014305682749,0.73225143462066,-6.00768869636311,"S100A9",0.43127920166737,0.314245451526703,""
"TMEM143",-0.251167874882436,13.1692086200911,-1.99945157463992,0.0572647817584977,0.266798408086954,-4.40812518078945,"TMEM143",0.15713810722061,1.24211239007931,""
"HSPH1",-0.251334773667462,12.039486404232,-2.36055281214461,0.0269143555493846,0.184850633797212,-3.75549112129383,"HSPH1",0.108872758730843,1.57001601468526,""
"TPM3",-0.251449946549233,17.03339530826,-1.07638499374085,0.292695365891721,0.578123812354407,-5.69003568810023,"TPM3",0.340501587936486,0.533584153492364,""
"MAOA",-0.252034280046809,12.3610254040616,-1.19421278554125,0.246049759342575,0.528250757689006,-5.48832289014967,"MAOA",0.311127509329252,0.60897705540634,""
"CRBN",-0.252093522641065,10.278791311894,-1.28059009178496,0.21707853435627,0.496972759709319,-5.32831051001929,"CRBN",0.292705490114744,0.663383119297892,""
"WDR43",-0.252137878876818,12.8898760179472,-1.15400221219203,0.261794855563361,0.5456917513344,-5.54033014758288,"WDR43",0.321399852215911,0.582038891866227,""
"DDX23",-0.252164944392305,13.2081429459524,-1.61525283767573,0.120211214543774,0.37604457919746,-4.9981865033276,"DDX23",0.221481581653219,0.920055014968138,""
"HNRNPAB",-0.25225044697658,13.4921093108415,-2.48485741504349,0.020506019166295,0.161106434505528,-3.51553169521061,"HNRNPAB",0.094887973135915,1.68811864104128,""
"RTCA",-0.252600523667926,14.2494412459245,-2.85301737069392,0.00912867219743648,0.112458013874653,-2.76704748299084,"RTCA",0.0662351757222354,2.0395923877738,""
"SNRNP200",-0.253004462414705,11.5599065378906,-2.82261576453868,0.0100602036980365,0.119745171805647,-2.82840654550137,"SNRNP200",0.0705271436260348,1.99739322563818,""
"ARHGAP10",-0.253996152570569,9.96801358371171,-1.71975258069949,0.101334313503383,0.343104532113285,-4.78252592004964,"ARHGAP10",0.202080653860284,0.994243470317632,""
"AP1B1",-0.254652915154299,12.9347239801239,-2.33868827828973,0.028216241643422,0.187001988322358,-3.79694393863603,"AP1B1",0.110139856913572,1.54950083403395,""
"DHX15",-0.255533814085807,9.77072360959636,-1.24201417748953,0.229771129217282,0.513348947101332,-5.39482001487281,"DHX15",0.302350686683654,0.638704541397591,""
"BPGM",-0.255871700764578,13.4030162249265,-1.94457604962693,0.0639047499229888,0.2811416340698,-4.50087961658644,"BPGM",0.165585936420728,1.19446686032866,""
"MYH7",-0.256000186240605,18.4205157442588,-1.66427712696739,0.109352905756405,0.361680769242486,-4.9448169164827,"MYH7",0.213021628968398,0.961169672276955,""
"BST2",-0.256358204486189,11.3729070178238,-1.51638999041683,0.142774851824459,0.40539347889422,-5.15735174203433,"BST2",0.238767406484128,0.845348281885327,""
"SPPL2A",-0.256579645796116,12.558910772163,-2.20574482316717,0.0379155900144681,0.215698038881474,-4.03121587342731,"SPPL2A",0.127041168663891,1.42118218145418,""
"THTPA",-0.257654769601407,10.5264107053896,-1.44606731868747,0.169468925120163,0.445651833209884,-5.0113434693302,"THTPA",0.262478648400228,0.770909925107427,""
"LMNB2",-0.257665250582034,15.2376023170915,-3.59417966647013,0.0014962601936864,0.0486097077896297,-1.13233621134683,"LMNB2",0.0286299964433065,2.82499287782418,"+"
"ORM1",-0.258167967222652,16.0955206096664,-1.93395256348723,0.0652657590271999,0.282481212750803,-4.51862488613131,"ORM1",0.16637491735924,1.18531460686776,""
"POLR2B",-0.258315488982577,11.2549910827079,-1.29637509714768,0.216616003265877,0.496707953045214,-5.18487591544939,"POLR2B",0.292549525098779,0.6643094614996,""
"MCM7",-0.259721719767674,12.6191458752719,-1.59070540228636,0.12629334052476,0.384900378107489,-5.01237772552794,"MCM7",0.226697442904515,0.898619549283151,""
"MRPS18B",-0.2604291000685,11.7613375055147,-0.907918624170637,0.386441012331186,0.653345371497353,-5.3675870137985,"MRPS18B",0.384805350881179,0.412916788871601,""
"CFB",-0.260463006523404,12.0392872323503,-1.86531444297271,0.0746872487249911,0.305263850090034,-4.63158672776837,"CFB",0.179793365147779,1.12675353849355,""
"NDUFB5",-0.260667194388915,12.7946630884641,-2.19716419029001,0.0381334963944704,0.215751325616212,-4.05945853611649,"NDUFB5",0.127072553321306,1.41869337318921,""
"DBI",-0.261098630200767,17.5168690651711,-3.31584198528657,0.00295718453471607,0.0661670039642721,-1.76134878223745,"DBI",0.0389708388365482,2.52912157371253,"+"
"SURF1",-0.261539186833952,12.8798355282074,-2.32817539288614,0.0292823786545456,0.190170623706372,-3.8060939102263,"SURF1",0.112006110053111,1.53339364774395,""
"KMT2A",-0.261809460455172,10.4887934241431,-0.814495004938773,0.426325088484966,0.688003620353258,-5.78810613278454,"KMT2A",0.405218259878083,0.370259109131018,""
"LAMA2",-0.261830262669342,14.4161968028721,-2.39925739446064,0.0247442931218867,0.17805943593237,-3.68154755811056,"LAMA2",0.104872899864016,1.60652494830459,""
"SUN2",-0.263557303975816,13.8515432424609,-2.69280423019166,0.0128568027686386,0.127655321968478,-3.09901257352232,"SUN2",0.0751860395817145,1.8908670183927,""
"IGHM",-0.266286947539159,13.3875214779799,-1.08834241485181,0.287493830232703,0.572596379037824,-5.67766777784023,"IGHM",0.337246057233046,0.541371471060066,""
"RPS16",-0.266326185745946,13.0179672784191,-2.76732455499335,0.0108402779456085,0.122713660222224,-2.94556761322502,"RPS16",0.0722755148192214,1.96495958230902,""
"TCERG1",-0.266739554522143,10.9181481435081,-1.83946886367165,0.0851156439112968,0.315357314569151,-4.51207553439929,"TCERG1",0.185738182865845,1.0699906110088,""
"NT5C2",-0.267276989529563,9.57684295404845,-1.50307612140081,0.147386558588494,0.413838337056321,-5.13796495325816,"NT5C2",0.243741233115457,0.831542121612818,""
"CACNA1S",-0.267277207993308,14.301315828532,-3.00271126534367,0.00626096826541391,0.0921332671254555,-2.44817674059754,"CACNA1S",0.0542643687867373,2.20335849749113,""
"GABARAP",-0.267778521150648,10.8600168484394,-1.81627243554462,0.0847583954792323,0.315176400203464,-4.63569745057423,"GABARAP",0.185631628478219,1.07181727330517,""
"RAPH1",-0.26794680185778,13.201288837627,-1.66650823113186,0.109492460075556,0.361680769242486,-4.92302447725498,"RAPH1",0.213021628968398,0.960615786397601,""
"H2BC20P",-0.268609609492266,12.4913374827469,-1.82382045577922,0.0815086171085373,0.30919295284616,-4.68126050362164,"H2BC20P",0.182107516025215,1.08879647512678,""
"CYLD",-0.268683646694093,14.8819315297905,-2.92201606830487,0.00756956300643082,0.102858966158004,-2.620735257931,"CYLD",0.0605815580708779,2.12092919175142,""
"UQCC3",-0.269158343749218,10.5609989183125,-1.15437088004849,0.261035663207354,0.545130327450541,-5.5666078707774,"UQCC3",0.321069186500584,0.583300154439154,""
"CA8",-0.270401051971008,15.1925372635819,-1.41635008401508,0.170387135951405,0.445651833209884,-5.27201009785761,"CA8",0.262478648400228,0.768563197105779,""
"PRPSAP2",-0.270480698839116,11.998920764742,-2.2552666996889,0.0337309082490511,0.206455825968178,-3.95292547249591,"PRPSAP2",0.121597718479391,1.47197196470346,""
"GMPPB",-0.27096414943677,12.799385544445,-1.65370161315143,0.111502823272762,0.363717637646003,-4.96053430824346,"GMPPB",0.214221297466726,0.95271413605745,""
"APOD",-0.272119338610761,12.8616303441053,-1.33796873884423,0.193726619209629,0.468956919188374,-5.39205673321039,"APOD",0.276204806384199,0.712810700491155,""
"ESYT2",-0.272292567293896,14.1683890402085,-1.83749985497893,0.0788299069923989,0.307412852437045,-4.67651454108011,"ESYT2",0.181059077951852,1.1033089858399,""
"LRPAP1",-0.272727068950605,11.8211676810872,-2.43916344247809,0.022676702644029,0.170462142709971,-3.60457013722048,"LRPAP1",0.10039826942852,1.64442009473554,""
"ARL8B",-0.273099111823978,13.6958931584994,-2.22031415298124,0.0363204410886956,0.210997450868203,-4.01722449367852,"ARL8B",0.124272630768461,1.4398488858882,""
"RFTN1",-0.273609516593963,10.2843135133722,-1.91732090523887,0.0699881633485471,0.29503230019956,-4.48149858171752,"RFTN1",0.173767218308108,1.15497540322979,""
"C3",-0.273726034043197,14.2790541314155,-2.08010401751004,0.0486142552647609,0.244265310663641,-4.26856502204403,"C3",0.143866632685563,1.31323636293859,""
"ATP2A1",-0.273989053915678,19.8583029360917,-2.92325207674872,0.00754768069077354,0.102858966158004,-2.61810756395384,"ATP2A1",0.0605815580708779,2.12218648121092,""
"SSU72",-0.274256845012538,10.5967478707874,-1.55298756826287,0.135750577581901,0.397731756959618,-5.03729391841134,"SSU72",0.23425482902354,0.867258313929917,""
"CNBP",-0.27467679768672,11.3997465701013,-1.66016199301756,0.110185297906117,0.362308488178094,-4.9509421601144,"CNBP",0.213391340939752,0.957876349805528,""
"MYBPC1",-0.274761530373844,19.4145170979273,-3.59361363320622,0.00149835108502779,0.0486097077896297,-1.13362951021185,"MYBPC1",0.0286299964433065,2.82438641332187,"+"
"NUP155",-0.275502077451268,10.22370690609,-1.59764623237606,0.127088292635304,0.386165507939535,-4.92688132384727,"NUP155",0.227442575188555,0.895894454780904,""
"CNN1",-0.275785756966096,10.6479598004331,-1.21502701979867,0.241487166725346,0.52435120962956,-5.35460347556214,"CNN1",0.308830765486323,0.617105943870886,""
"GMFB",-0.27633223816453,10.8441753362902,-0.710828692438322,0.49432340440099,0.737012758111263,-5.51206426115653,"GMFB",0.434083511357758,0.305988826800856,""
"MCM2",-0.27739628930196,14.1554898921775,-1.59362435354462,0.124399572273067,0.381456504272017,-5.04832125937707,"MCM2",0.224669080666926,0.905181112890908,""
"COBL",-0.277742585741894,10.848465184879,-0.632247948905597,0.535903584635185,0.759399575151619,-5.88333421449153,"COBL",0.447268830121988,0.270913337970246,""
"MRPL49",-0.278193726709784,10.2733486545285,-1.15309755482671,0.262157513573005,0.546050268271336,-5.53362281431373,"MRPL49",0.321611010420641,0.581437690662316,""
"EPM2A",-0.278744231663854,14.2886074017483,-2.66677292568169,0.0136409373217897,0.131187535421283,-3.15211680948243,"EPM2A",0.0772664318158842,1.8651557865934,""
"POTEKP",-0.279532960111199,10.8528268373142,-1.02359273310997,0.320827455783039,0.603917614418855,-5.55370350221796,"POTEKP",0.355693542279442,0.493728472729383,""
"SELENBP1",-0.280726450517735,15.5370595588388,-2.7821299906574,0.0104769824960524,0.122473787219159,-2.91483787172751,"SELENBP1",0.0721342351543793,1.97976378166657,""
"H2AC8",-0.280861333952849,13.8079435889378,-1.58508778216486,0.12632903471405,0.384900378107489,-5.06058583369925,"H2AC8",0.226697442904515,0.898496822311455,""
"CFH",-0.281356194236189,13.0342774436996,-2.33703067341175,0.0283172596097261,0.187001988322358,-3.80007707944328,"CFH",0.110139856913572,1.54794877760514,""
"TMEM205",-0.282118229349386,13.5287707780246,-2.3656430321939,0.0266192939470105,0.183418635586252,-3.74580737574626,"TMEM205",0.108029344821341,1.5748034679817,""
"RPL28",-0.28219099873418,11.7108891008641,-1.9856428243598,0.0588755337947379,0.270927512559363,-4.43163635762134,"RPL28",0.159570054494819,1.23006514231641,""
"NRBP1",-0.284344716977971,11.2444408380317,-2.99045931132031,0.00644467417298575,0.0927514916152321,-2.47450517090959,"NRBP1",0.0546284887485374,2.19079903462576,""
"SNRPE",-0.284458254412797,12.2449054997181,-1.84297622275761,0.0785646103761742,0.307412852437045,-4.65072036592065,"SNRPE",0.181059077951852,1.10477303894079,""
"C4orf54",-0.284470147141363,10.6491462160168,-0.825163675824361,0.421069749224623,0.683595045031339,-5.74393181883213,"C4orf54",0.402621710721012,0.375645958334504,""
"RAB1A",-0.285155020226968,10.3522794400921,-2.11837926630102,0.0472154244662947,0.241446223362671,-4.14179562204552,"RAB1A",0.142206255302728,1.32591610165629,""
"CBX1",-0.289592742886741,11.0344950017472,-1.25834815600382,0.221778171863266,0.501840894767418,-5.4438758848579,"CBX1",0.295572709354203,0.65408120077404,""
"NEB",-0.290892835339907,18.0299867808176,-1.79785184611934,0.0850782112069697,0.315357314569151,-4.73969175429363,"NEB",0.185738182865845,1.07018164983547,""
"MYH8",-0.291099982231199,16.2973085113715,-2.25591192750241,0.0336847250103995,0.206455825968178,-3.9517325500538,"MYH8",0.121597718479391,1.47256699371589,""
"RIDA",-0.291142266758223,13.4059743925723,-2.31849735378876,0.0294695133423575,0.190170623706372,-3.83501606119847,"RIDA",0.112006110053111,1.53062703600192,""
"MRPL47",-0.292263129349152,9.88235709415057,-1.34603817746891,0.217704590492289,0.497213673979198,-4.86293205435657,"MRPL47",0.292847383061717,0.662132413382188,""
"GMPS",-0.292302208812259,10.9933728226811,-2.84067523343497,0.010655722152071,0.122713660222224,-2.80375476197404,"GMPS",0.0722755148192214,1.97241711225369,""
"MFAP5",-0.292394253571391,12.3302794450925,-1.3949982772236,0.176078672349702,0.454346241730528,-5.31970927507224,"MFAP5",0.267599454435515,0.754293245064955,""
"PLXND1",-0.293115993208728,15.1589588403672,-1.58658194836013,0.137626782575578,0.399582340167053,-4.78892413583692,"PLXND1",0.235344779839047,0.861297042895953,""
"CFHR1",-0.294110706452976,10.8562228289694,-1.58108373366322,0.128479266540647,0.387021589423927,-5.029529617071,"CFHR1",0.227946787432731,0.89116695134823,""
"SUOX",-0.294326081845059,11.472672017755,-2.14951138134531,0.0421255787380898,0.227533076635648,-4.14549127436985,"SUOX",0.134011732862195,1.37545411956791,""
"AP1G1",-0.29467329608716,9.5481138186484,-1.13074736714789,0.277892383446285,0.563258164324246,-5.34952763167691,"AP1G1",0.331746064202979,0.556123356326551,""
"SLC25A24",-0.294796873025174,10.7706219107273,-1.74828894861944,0.0961648674173132,0.334649064742631,-4.74254377306857,"SLC25A24",0.197100578649876,1.01698356282281,""
"PGLYRP2",-0.295031065905526,11.1399454131338,-0.996342681976577,0.330180814379527,0.609225564299781,-5.72333766594791,"PGLYRP2",0.358819802302848,0.481248165631601,""
"OSTC",-0.29504672888287,10.3489113461729,-1.84008210010031,0.0796225425492996,0.307744887801881,-4.63520319294533,"OSTC",0.181254639121556,1.09896395840853,""
"DHODH",-0.296840453073159,11.0222932933941,-0.958884235546193,0.352364077468661,0.62704063112996,-5.59179714841832,"DHODH",0.369312465665332,0.453008373110008,""
"APOA4",-0.297596843339559,13.651518396216,-2.01028459838375,0.0560285723741509,0.266798408086954,-4.38960113848493,"APOA4",0.15713810722061,1.25159044335302,""
"OSBP",-0.298535482646262,12.5314113875991,-1.91284327959701,0.0680458178292804,0.291741350693202,-4.55367900929351,"OSBP",0.171828924972344,1.16719856185639,""
"ABRA",-0.298936812914741,11.1244536293676,-1.5656402704784,0.136442099032271,0.397732765427665,-4.93387435955715,"ABRA",0.234255422987954,0.865051608004594,""
"MIF4GD",-0.299715130325161,10.4844048618592,-1.83285167041185,0.0801089231227518,0.308044654520835,-4.6668909602861,"MIF4GD",0.181431194803286,1.09631910629857,""
"PLG",-0.300512995529161,12.3872914330434,-2.59672093819889,0.0159800188342194,0.139617279286957,-3.29369123678482,"PLG",0.0822313564753103,1.79642271315765,""
"MT-ND1",-0.300571499936263,13.1696507798681,-1.68013913685741,0.106193776565641,0.356134632416858,-4.92109632085783,"MT-ND1",0.209755082329628,0.973900934124579,""
"TECR",-0.301162959056665,12.4572203907844,-2.56480872059035,0.0171656638745046,0.144181063501097,-3.35752114262744,"TECR",0.0849193200891698,1.76533939576525,""
"MPST",-0.301367962941223,13.3153214174372,-2.52172425115388,0.0188969509707395,0.15202490893314,-3.44301481797464,"MPST",0.0895391640880909,1.7236082637318,""
"EIF4EBP1",-0.303123794383795,12.0420987705023,-2.47394685439647,0.0210060688859278,0.163216491516365,-3.53687735850019,"EIF4EBP1",0.0961307480354656,1.67765521465208,""
"RYR1",-0.305600295392946,15.433367035448,-3.47644288958035,0.00199877184330343,0.0550431015309714,-1.40018766932488,"RYR1",0.0324191169360715,2.69923677709221,"+"
"NCK1",-0.305979564663835,10.9219307784578,-2.35408457370856,0.0277039977217888,0.186817321498102,-3.75751825550682,"NCK1",0.110031092414421,1.55745755717238,""
"SLC44A2",-0.306209910275488,16.4571149345736,-3.00255052378773,0.00626334563797606,0.0921332671254555,-2.44852245261955,"SLC44A2",0.0542643687867373,2.20319362142597,""
"RNF114",-0.306378813439478,11.703863575097,-2.31371065477476,0.0306655180002266,0.195168985672553,-3.82385728802999,"RNF114",0.114950029937045,1.51334969483626,""
"UQCC2",-0.308802036180754,10.3875245685057,-1.94614892776115,0.0642481723331032,0.281515181013117,-4.48230924225449,"UQCC2",0.165805946952468,1.19213922219025,""
"SUGP2",-0.308846230342803,12.9567561254634,-1.49552106713176,0.148104404128274,0.414209326761646,-5.18605715882081,"SUGP2",0.243959737493017,0.829432026825392,""
"TRDN",-0.309451189388582,12.5181631457373,-1.44986290126795,0.160329110104132,0.431562567047212,-5.24771897815772,"TRDN",0.254180395675241,0.794987617946418,""
"UQCR11",-0.310694924860917,15.5984880631901,-2.00657151561319,0.0569762937176515,0.266798408086954,-4.38070441670719,"UQCR11",0.15713810722061,1.24430580483897,""
"MAT2A",-0.312469182279742,12.4854851650916,-3.26379710633559,0.00335432707884812,0.0686199482415786,-1.87720904505808,"MAT2A",0.0404155664255073,2.47439459181547,"+"
"MAOB",-0.31322732939968,13.4845002031701,-3.12577674155044,0.00467369652449099,0.0817422618699046,-2.18130803089396,"MAOB",0.0481443064157336,2.33033949092065,"+"
"GPD2",-0.313424162468252,13.409236535159,-3.83079883004119,0.000832031045484177,0.0345200096455604,-0.587665781458367,"GPD2",0.0203314892912429,3.07986046862404,"+"
"PPP6R1",-0.314537561193072,10.0401571391187,-1.38312234130015,0.190890128144017,0.46828428413363,-5.01405315993928,"PPP6R1",0.275808639854906,0.719216530503326,""
"METTL7A",-0.314604898879388,13.153665681957,-2.51120518237038,0.0196964746130118,0.157132878249766,-3.45640308087767,"METTL7A",0.092547640172753,1.70561149937779,""
"HNRNPH3",-0.315269152609352,13.2973090372943,-3.41955599144504,0.00229732097885308,0.0592750205714884,-1.52870885353574,"HNRNPH3",0.0349116196189248,2.63877832147633,"+"
"PPP1R1A",-0.315499597431273,12.7535714994825,-2.64791381763646,0.0145409951931335,0.133667213139751,-3.185924705716,"PPP1R1A",0.0787269047849369,1.83740586912377,""
"SELENOO",-0.315778291639063,10.7155715544919,-1.70124253015969,0.102696458809415,0.346842757111042,-4.87106167753521,"SELENOO",0.204282382141665,0.988444531534616,""
"SRP54",-0.315961277484176,14.4698499617045,-1.03491664053191,0.324018865810022,0.60685926496567,-5.32734923054173,"SRP54",0.357426106586499,0.489429702513577,""
"CROCC",-0.317026611139553,12.6767138673071,-1.21923538307082,0.238961121612478,0.52084067907012,-5.38930356380309,"CROCC",0.306763143976112,0.621672751949932,""
"EIF2B2",-0.31703794020668,14.0348296218753,-3.04382783061954,0.00568043146715849,0.0913975040558534,-2.35949517585136,"EIF2B2",0.0538310213130807,2.24561867543522,""
"LZIC",-0.318996534629546,11.6185336975182,-2.65911859302907,0.0138799264955771,0.131890015002655,-3.16768148278317,"LZIC",0.0776801760828365,1.85761283378389,""
"RFC4",-0.319196975333156,13.2859692511261,-2.18097102163767,0.0399219553790495,0.220330404100058,-4.07584945618246,"RFC4",0.129769524907177,1.39878819510176,""
"NUP43",-0.32060822748389,11.5942920966316,-2.76927461931193,0.0107917548913543,0.122713660222224,-2.94152464713823,"NUP43",0.0722755148192214,1.96690792717429,""
"CP",-0.321929686719697,13.3045933652061,-2.41895997257685,0.0237026554140001,0.175380559529406,-3.64363448438857,"CP",0.103295103465386,1.62520299715249,""
"TRMT112",-0.32448880361969,11.1605280427678,-3.00394480365737,0.00624275293563682,0.0921332671254555,-2.44552347297325,"TRMT112",0.0542643687867373,2.20462385244863,""
"LIN7C",-0.325998590840682,11.1997308858665,-1.95805686623853,0.0633439239684191,0.279726383804544,-4.44367442402463,"LIN7C",0.164752386664864,1.19829503687433,""
"CAPZA2",-0.32638354030728,16.924609667104,-4.86505413874669,6.19303811014361e-05,0.00886843057372564,1.83875463527078,"CAPZA2",0.00522330100979631,4.2080962474611,"+"
"DNAJB11",-0.326727251859641,11.5942625449873,-1.15548498636325,0.265426501637404,0.551255620514522,-5.40940784695092,"DNAJB11",0.324676842802386,0.576055716964122,""
"STRN",-0.328197708698404,9.63988923596908,-2.29571365285057,0.0343127852516291,0.207417272827454,-3.80530309416921,"STRN",0.122163988498553,1.46454402778125,""
"TNNI1",-0.328292858713569,14.4930306036101,-1.09933900710212,0.28276918646699,0.567122514034636,-5.6661851488234,"TNNI1",0.334022077030354,0.548567917634891,""
"RPS5",-0.328818132291294,10.2919939218538,-1.44990883661293,0.160899131145007,0.432676175496767,-5.22786273576221,"RPS5",0.254836285360651,0.793446301083989,""
"ATP5MJ",-0.32909044461481,13.0598253030505,-1.5800870085683,0.127470805724211,0.386165507939535,-5.06774604637833,"ATP5MJ",0.227442575188555,0.894589269070616,""
"WDR44",-0.329237462282896,10.2417269686345,-2.59000965494858,0.0165472819687487,0.142316563238727,-3.30139788225034,"WDR44",0.083821172449377,1.78127333257807,""
"DOHH",-0.329371442697452,11.0539748488334,-2.55343781568681,0.0176076232442995,0.145908999205744,-3.38016168892782,"DOHH",0.0859370343550607,1.75429926308716,""
"CA2",-0.32970555240496,17.582280492721,-3.31795774878596,0.00294204443523767,0.0661670039642721,-1.75662584484657,"CA2",0.0389708388365482,2.53135077218198,"+"
"HP",-0.32983092076376,15.3031747785332,-0.883440036660328,0.385958463917045,0.653300851452965,-5.8722675795152,"HP",0.384779129602129,0.413459430722668,""
"IGHV3-9",-0.330631538237125,11.5406104717119,-1.60720685536774,0.121971070820183,0.378467114657642,-5.00981880083724,"IGHV3-9",0.222908399150435,0.91374316336612,""
"TMEM109",-0.331674157850383,13.2234021750867,-3.20657814469982,0.00399497695118394,0.0762774265879387,-2.01452591493356,"TMEM109",0.0449256445105221,2.39848572198266,"+"
"FAF1",-0.333928245054803,11.5643764947688,-1.87926158787637,0.0791805461946379,0.307412852437045,-4.45062339044819,"FAF1",0.181059077951852,1.10138150677049,""
"PRPF6",-0.334229915561997,13.0613151464259,-2.37343116417003,0.0261735953927012,0.181944604865767,-3.73096694746922,"PRPF6",0.107161174733435,1.58213661545875,""
"CA4",-0.338593270757283,12.5971627164451,-1.51231077006701,0.145035468460804,0.409494660529715,-5.12058527662446,"CA4",0.241182907851586,0.838525777950136,""
"CSK",-0.338727027050405,10.940160651379,-1.47471775418539,0.156275369261686,0.426666022464699,-5.13420470346991,"CSK",0.251296443881321,0.806109466233361,""
"SPR",-0.339417370552844,13.0811820474498,-2.96825624185528,0.00679080884850738,0.0967605798115679,-2.52210171999224,"SPR",0.0569897492049617,2.16807849412563,""
"HECTD3",-0.339612314084395,11.5949940636727,-1.95297344245837,0.0633877175590604,0.279726383804544,-4.47094130667347,"HECTD3",0.164752386664864,1.1979948858578,""
"HBA2",-0.339658215841371,20.9179487204727,-2.12622562853098,0.0442100963722595,0.23534891451701,-4.18708114290733,"HBA2",0.13861508105991,1.35447853838761,""
"PRXL2A",-0.340214369188486,13.0751495297019,-2.03975788247783,0.0533013324441078,0.259617374353614,-4.32399666107892,"PRXL2A",0.152908644020902,1.2732619342025,""
"CDKN1B",-0.342563195849667,12.2943408047507,-2.66647715835273,0.0136500997051474,0.131187535421283,-3.15271866354017,"CDKN1B",0.0772664318158842,1.86486417637142,""
"C12orf57",-0.343209299827247,9.34710345612421,-1.26265717346603,0.220907133591065,0.501727224904688,-5.4208304825094,"C12orf57",0.295505760427463,0.655790259550868,""
"RPL18",-0.343765051302244,11.2522774032004,-2.34947630871567,0.0279788825738123,0.187001988322358,-3.76618116531195,"RPL18",0.110139856913572,1.5531696344374,""
"U2AF2",-0.345339414877863,10.4887861930371,-2.58861402838308,0.0173524448152349,0.144469191717537,-3.28657846106294,"U2AF2",0.0850890209614232,1.76063932807974,""
"DCPS",-0.346967489933389,11.7346655542367,-3.1194755896093,0.00474457427489297,0.0817422618699046,-2.19507460292682,"DCPS",0.0481443064157336,2.323802750225,"+"
"PRPSAP1",-0.347019337452425,11.8442296588199,-2.66223932128793,0.0137820176817089,0.131572328801381,-3.16133842933789,"PRPSAP1",0.0774930662394295,1.86068719724068,""
"SRGAP3",-0.34754144457488,10.4874120510069,-2.04898170790044,0.0535003096373199,0.259911300057493,-4.27896568226113,"SRGAP3",0.153081759479507,1.27164370445746,""
"CPOX",-0.348132922484442,10.0531405310516,-2.29869737161196,0.0349178789535497,0.207484357288337,-3.79150989824469,"CPOX",0.122203499698349,1.45695214488474,""
"HSCB",-0.348673518909603,9.94740974980782,-1.08872676762716,0.300698315475881,0.583630552698013,-5.23121886672763,"HSCB",0.343744930956238,0.521869004827912,""
"CACNB1",-0.349352317630371,15.2782062962288,-4.75115402407918,8.24525511025181e-05,0.0103825896402895,1.57093775992982,"CACNB1",0.00611510576776629,4.08379590263188,"+"
"HS1BP3",-0.349586394568156,10.4241043034968,-2.61029054778634,0.0161662398196605,0.140303366192447,-3.25399615654319,"HS1BP3",0.0826354458343536,1.79139098290585,""
"KCMF1",-0.350562307052154,9.42971079180564,-2.13470552445365,0.0532638871361939,0.259617374353614,-4.00411686331038,"KCMF1",0.152908644020902,1.27356714243711,""
"ITIH5",-0.352858594156508,12.8461023592294,-2.90010340151675,0.00796769462551564,0.106633071997555,-2.66723874157232,"ITIH5",0.0628044193402898,2.09866731928754,""
"CRK",-0.353603339129217,11.2959419095384,-2.65641767924352,0.0142663696469653,0.133446314114663,-3.16885766177204,"CRK",0.0785968003553856,1.84568652743734,""
"GATM",-0.354239821620309,11.3686615517404,-1.01602493415781,0.325244834865144,0.607929441458023,-5.54870086270039,"GATM",0.358056415851109,0.487789591637639,""
"NOP14",-0.355890673910217,11.8515632711599,-1.90920710376903,0.0749608118315017,0.305817935151689,-4.40628423863228,"NOP14",0.180119708466137,1.12516571865133,""
"SERPINA3",-0.356011602627481,14.9664611106219,-2.06399362805234,0.0502427107334489,0.250552851584151,-4.29674360925359,"SERPINA3",0.147569849231739,1.29892693724817,""
"APOB",-0.357310113697842,14.3321661378866,-2.472226730873,0.0210859294207594,0.163216491516365,-3.54023778500918,"APOB",0.0961307480354656,1.67600725149468,""
"KYAT1",-0.357712763246008,13.1414020407298,-3.46236268994316,0.00206893497373373,0.0553778482689104,-1.43205552420754,"KYAT1",0.0326162750419807,2.68425315891977,"+"
"LRRC14B",-0.357737201885373,10.3630585943249,-1.47417431368953,0.155648043308863,0.425549638588226,-5.15522698827093,"LRRC14B",0.250638919533487,0.807856334573532,""
"ITGA6",-0.357791085982115,10.5317945191121,-1.67921404715679,0.12952313237933,0.388433770821363,-4.51675042842271,"ITGA6",0.228778529696249,0.887652661177099,""
"STT3B",-0.360373657723605,11.7489875754181,-3.28397587338191,0.00332292891380886,0.0684712298098079,-1.84557832508349,"STT3B",0.0403279747001861,2.47847894932339,"+"
"FGA",-0.361046952234906,14.6717924825279,-1.66365051342292,0.109479311917753,0.361680769242486,-4.94575037460949,"FGA",0.213021628968398,0.960667940813084,""
"HECTD1",-0.361752523860847,10.8301570200003,-2.21216608327076,0.0384729221497695,0.216251313038716,-3.98610855904808,"HECTD1",0.127367034378257,1.414844826292,""
"POTEI",-0.361946120135183,14.5602175123306,-2.29393288989903,0.0314951109015265,0.198682814145312,-3.86980185266567,"POTEI",0.117019593842116,1.5017568580607,""
"CTSG",-0.362659267551582,12.35734491244,-1.42486776326696,0.167937506441526,0.444522198196424,-5.26088579786641,"CTSG",0.261813319438417,0.77485229956466,""
"BCKDHB",-0.36565857160369,11.2121019220278,-2.50839464034213,0.0206377457752853,0.161106434505528,-3.44640684387486,"BCKDHB",0.094887973135915,1.68533774167756,""
"OGN",-0.366451234968261,13.8597199559778,-1.15269832494564,0.260639583771167,0.545130327450541,-5.60900172086381,"OGN",0.321069186500584,0.583959626582333,""
"HOMER3",-0.366979691115365,10.666832638746,-1.37381226783454,0.190408677396122,0.46828428413363,-5.12473257841079,"HOMER3",0.275808639854906,0.720313263622863,""
"PDLIM7",-0.368646111793726,16.9375883841645,-3.07835576977614,0.005233155133436,0.086136530472188,-2.28464670736248,"PDLIM7",0.0507324292449999,2.28123639069573,""
"COX6C",-0.369295290624573,15.8977378811083,-1.61605345307261,0.119446467439928,0.375928222799949,-5.01584759578364,"COX6C",0.221413050419472,0.92282668973187,""
"CCDC43",-0.369880464340486,10.705391415278,-1.34332552539154,0.193870458211954,0.468956919188374,-5.3235448225514,"CCDC43",0.276204806384199,0.712488363241992,""
"APOO",-0.369887869922612,10.3912478176989,-1.85427001999532,0.0797386717006385,0.307778377022411,-4.54902582185942,"APOO",0.181274363499839,1.0983310031593,""
"KCNJ11",-0.370310224352679,10.8417521507207,-2.54566764439861,0.0182560472183979,0.148178307130087,-3.38892918702172,"KCNJ11",0.0872736043686858,1.73859324964239,""
"RPL4",-0.371143689004906,11.9648458941541,-2.75183787348201,0.0112330203286104,0.122968512445785,-2.97762613705404,"RPL4",0.0724256168993595,1.94950345516445,""
"VTN",-0.372747049232826,13.4446017341481,-2.45627233273611,0.0218401733948089,0.166800684273954,-3.57134273560487,"VTN",0.0982417548809704,1.66074391797693,""
"PFDN4",-0.373313601832242,11.7079981908899,-2.64198488504622,0.0144292170552182,0.133446314114663,-3.20243810629465,"PFDN4",0.0785968003553856,1.84075723355123,""
"A2M",-0.373683491389226,13.8837952910303,-1.82389528032248,0.0809276568697259,0.308213842120871,-4.69830807938594,"A2M",0.181530842396483,1.09190303372434,""
"XIRP1",-0.374351303792391,16.0437125384534,-1.99235661502344,0.0580874520697046,0.269631219979958,-4.4202194808032,"XIRP1",0.158806568071521,1.23591767286679,""
"LAMB2",-0.374467792893146,13.903980255778,-2.69874035646481,0.0126840300066541,0.127655321968478,-3.08686614908332,"LAMB2",0.0751860395817145,1.89674273923176,""
"NRP1",-0.374480534037096,9.4983765360733,-0.678838365021908,0.520770352591726,0.754500306119722,-5.17951418969221,"NRP1",0.444383273690235,0.283353748081024,""
"MCAM",-0.376663458644627,10.5601190240464,-1.39617798485083,0.189093829540495,0.467124930598184,-4.92167149512611,"MCAM",0.275125807369263,0.723322642705655,""
"MAGT1",-0.377197039902923,12.5579457144842,-3.87679892649909,0.00084371531954931,0.0345200096455604,-0.555395907665265,"MAGT1",0.0203314892912429,3.07380406522807,"+"
"ILF3",-0.37727308097176,10.9398617350706,-2.0217775209625,0.0608476654724211,0.274715704782592,-4.23068537128816,"ILF3",0.161801212319239,1.21575607958502,""
"PPP1R27",-0.378468295600895,11.615132078004,-2.32710660129298,0.0293492294311496,0.190170623706372,-3.80809089788289,"PPP1R27",0.112006110053111,1.5324032967398,""
"COL4A1",-0.379883422178022,13.6691636149756,-1.46699087906535,0.155651110182343,0.425549638588226,-5.22477227793096,"COL4A1",0.250638919533487,0.807847777362795,""
"H2AZ1",-0.37999834446717,11.8837170931532,-3.03734434219703,0.00595318417746335,0.0921332671254555,-2.37899082976765,"H2AZ1",0.0542643687867373,2.22525068119447,""
"SNRPGP15",-0.380038963956668,11.0020612145353,-1.94595279305895,0.0648668980611474,0.282338595816301,-4.46370478567992,"SNRPGP15",0.166290919275046,1.18797686956071,""
"A1BG",-0.382266423837015,12.4641226201228,-2.73784843577363,0.0115993156775471,0.124157601236393,-3.00650952129585,"A1BG",0.0731259627642884,1.93556763199996,""
"BROX",-0.384950684922343,11.1706515165949,-2.70993633370358,0.0123641034059662,0.126467114838169,-3.06392044408335,"BROX",0.0744862129943612,1.90783737141424,""
"YIPF3",-0.385159228854345,11.7368250752548,-2.00032802736589,0.0622312654169599,0.278920726375858,-4.29005180289765,"YIPF3",0.164277873026196,1.20599136793702,""
"TPSB2",-0.388983916738288,14.1542055059998,-2.21412357801731,0.0367974583133503,0.211823036603575,-4.02854614177706,"TPSB2",0.124758881720012,1.43418217802779,""
"DCD",-0.389267217634277,16.695788883388,-1.20307277193734,0.240943877578319,0.523966032941766,-5.55281197671327,"DCD",0.308603905303387,0.618084104713399,""
"TAGLN",-0.389685769983908,12.3326304106262,-1.82845595648559,0.0802191097963685,0.308044654520835,-4.69101556486661,"TAGLN",0.181431194803286,1.09572216175938,""
"POLG",-0.389747794605178,12.9809590776988,-1.47288984637078,0.154065740896246,0.424812219379305,-5.21681779053827,"POLG",0.250204596631979,0.812293923214346,""
"GOLPH3",-0.389880248970107,11.1468063537992,-2.7640933683007,0.0114788295681516,0.123591608583406,-2.95085562188828,"GOLPH3",0.072792606149349,1.94010239225226,""
"SERPING1",-0.391887094194406,12.8993317568628,-2.38023254584644,0.0257899920295178,0.181480435313363,-3.71798302997286,"SERPING1",0.106887789575641,1.58854879208219,""
"ITIH4",-0.39250955614599,13.0719675116481,-2.22575991577729,0.0359054606751915,0.209499341529955,-4.00724833327106,"ITIH4",0.123390278930195,1.44483949680451,""
"AMBP",-0.392636167123444,11.9389961240952,-1.95210937777104,0.0634960965294005,0.279773569938774,-4.47238215758486,"AMBP",0.164780178209323,1.19725297246943,""
"FTH1",-0.393186550354134,15.1515864431799,-2.75896139850665,0.0110507260369056,0.122968512445785,-2.96289082084477,"FTH1",0.0724256168993595,1.95660918772879,""
"RPS24",-0.394639930761439,10.0152292757687,-2.2735175420214,0.0328861460648062,0.203865632748063,-3.90751358529917,"RPS24",0.120072154429504,1.48298701860788,""
"GSK3B",-0.395810101462381,11.4490022417601,-1.58261860316336,0.135114147058121,0.397296629542566,-4.83600786418747,"GSK3B",0.233998549013454,0.869299176014133,""
"SERPIND1",-0.396400070203052,11.2764005391394,-2.12039104842504,0.0457778637744409,0.237084632640143,-4.1670791722411,"SERPIND1",0.139637378990746,1.33934447755529,""
"MT-ND5",-0.397077988307588,10.7617801953743,-3.03306753589972,0.00621944444150458,0.0921332671254555,-2.39273323808946,"MT-ND5",0.0542643687867373,2.20624840739354,""
"CPA3",-0.397636229294045,13.2868213872391,-1.75133839956493,0.0929475758295406,0.328570210459297,-4.81248954974133,"CPA3",0.193520273718515,1.03176193260088,""
"UBFD1",-0.398432962705513,9.40067751967946,-1.94633901341596,0.0642240671028689,0.281515181013117,-4.48199298335761,"UBFD1",0.165805946952468,1.19230219543092,""
"HGH1",-0.399214087904209,12.1060950990615,-2.15342601860493,0.0422652223359514,0.227533076635648,-4.12509902441005,"HGH1",0.134011732862195,1.37401684207878,""
"ADH1B",-0.401090214440361,12.3287673513095,-3.00394769411463,0.00624271031268977,0.0921332671254555,-2.44551725523719,"ADH1B",0.0542643687867373,2.20462681764268,""
"PIGK",-0.402606471463944,10.8460695856878,-3.23387540231364,0.00389877021244474,0.0754464722192009,-1.9664950749698,"PIGK",0.0444362315577747,2.40907236071047,"+"
"GAPVD1",-0.402770177300669,9.91676309982771,-1.90297787602976,0.0771305915950485,0.307412852437045,-4.39951945585056,"GAPVD1",0.181059077951852,1.11277333756682,""
"TMEM256",-0.405105438999415,11.3300538886703,-2.38474101232039,0.0312671415735118,0.197680118027677,-3.60986409362698,"TMEM256",0.116429028961417,1.5049118199273,""
"ROCK1",-0.405465515479506,11.7685539029166,-2.11108454336687,0.0456147716340348,0.236667945579485,-4.21396286164707,"ROCK1",0.13939195992515,1.34089449504828,""
"PSMF1",-0.40643942886099,13.0611491345149,-4.09340451212221,0.000431398448778765,0.023760099178892,0.0241459177737386,"PSMF1",0.013994150261677,3.36512142086545,"+"
"STAT5B",-0.406696772994827,11.2719902004288,-2.77757787683736,0.0105874371193865,0.122713660222224,-2.92429452957369,"STAT5B",0.0722755148192214,1.97520915600335,""
"MFN1",-0.407139199788448,10.2309158530876,-2.52018269933613,0.0201208973263876,0.160072916507706,-3.42654324830101,"MFN1",0.0942792548788586,1.69635265506697,""
"TMPO",-0.407970622253034,10.3337300649069,-2.76761518105758,0.0108330332950791,0.122713660222224,-2.94496516096121,"TMPO",0.0722755148192214,1.96524992205734,""
"APOA1",-0.409151690395611,16.4696178272606,-2.24191913346542,0.0346992982929584,0.207471378519901,-3.97755475615405,"APOA1",0.122195855503165,1.45967930764652,""
"TM9SF2",-0.410594942519703,12.705128362017,-2.80991966466638,0.0100763220688411,0.119745171805647,-2.85626736531287,"TM9SF2",0.0705271436260348,1.99669795962519,""
"EPB41",-0.411980547072909,12.7966853882625,-2.26782127558141,0.0328425666617017,0.203865632748063,-3.92967567889377,"EPB41",0.120072154429504,1.48356290991264,""
"NMRK1",-0.413750814531038,10.9594539585148,-2.18062296701243,0.0399508160238307,0.220330404100058,-4.07647425366307,"NMRK1",0.129769524907177,1.39847434548572,""
"SERPINC1",-0.418073945696117,13.8579775011067,-3.74057421877898,0.00104139736969608,0.0403048927947239,-0.796236851931834,"SERPINC1",0.0237386520066055,2.98238352357594,"+"
"ABCC9",-0.418560723453524,9.5971898289333,-1.85422103646105,0.0806681183277327,0.308044654520835,-4.53436114237334,"ABCC9",0.181431194803286,1.09329807333364,""
"MYL3",-0.421227959242348,16.7259655861116,-1.29406825546844,0.208231128424663,0.487149308895293,-5.44599188149231,"MYL3",0.286919704216098,0.68145434738772,""
"MIA3",-0.422925785637727,10.7732182504634,-1.7739484679225,0.0935012881045075,0.328977505075319,-4.65646249093355,"MIA3",0.193760160850907,1.0291824061026,""
"RHAG",-0.423633025199063,10.959367298659,-2.23577559327844,0.0379283670146569,0.215698038881474,-3.91530687523291,"RHAG",0.127041168663891,1.4210358552089,""
"AMPD1",-0.42368934654705,17.3311067454025,-4.02563510021521,0.000511299148779484,0.0253053759684755,-0.134306100107905,"AMPD1",0.0149042826406077,3.29132493029455,"+"
"HHATL",-0.427213961860616,13.6143821423995,-4.55753462742278,0.000134218151985443,0.0120125246026971,1.11507012541076,"HHATL",0.00707509985739354,3.87218874516546,"+"
"RNF170",-0.427597736296986,10.2693663526041,-1.31590680696708,0.205211781753728,0.484523118666676,-5.27696870858329,"RNF170",0.285372938758668,0.687797708844113,""
"SART3",-0.429542076438047,15.6729565830544,-1.86052195376691,0.0753872497376293,0.305817935151689,-4.63936315634425,"SART3",0.180119708466137,1.12270210024206,""
"MRPL15",-0.430397518842486,9.90077114295967,-2.23091026826663,0.0408751300871859,0.222983566799429,-3.89668944978054,"MRPL15",0.131332176527616,1.38854085216512,""
"SMAD2",-0.43061875228104,10.6401001657734,-1.38256041195655,0.186433533788442,0.46542758875216,-5.10884976268337,"SMAD2",0.274126112180289,0.729475968433606,""
"MYH7B",-0.432368374631459,17.0884056748354,-2.32529936660945,0.0290417208348185,0.189522076523056,-3.82221258801432,"MYH7B",0.111624130724372,1.53697765357374,""
"APOH",-0.436663699176099,13.945851023891,-3.40349701274179,0.00238918763630078,0.0605542777908446,-1.56487602471694,"APOH",0.035665072608166,2.62174974133006,"+"
"ACTN3",-0.439238622647586,17.6256767083034,-0.981594292150581,0.336310606459549,0.613108578548789,-5.78368175300116,"ACTN3",0.361106808112871,0.473259435824772,""
"CMA1",-0.441325000926083,11.6550934769,-1.67170900554463,0.107863027815657,0.359208967051211,-4.93372484177742,"CMA1",0.211565794503171,0.967127392826127,""
"RBFOX1",-0.441984645118177,9.86977412836901,-1.67148151005606,0.116103946191214,0.371117970861202,-4.7147612400119,"RBFOX1",0.218579923001926,0.935153019021601,""
"LRG1",-0.443398770416481,10.8758232304987,-2.76984762259882,0.0113313304460157,0.122968512445785,-2.93921489750626,"LRG1",0.0724256168993595,1.94571909530511,""
"LUM",-0.445132819747624,15.6182675155794,-1.64088338900953,0.11415615817064,0.366733740110237,-4.97947955955761,"LUM",0.215997712235509,0.942500655462494,""
"TNNC1",-0.447237400723578,15.5990821455276,-1.76223094174294,0.0910509241796787,0.325810644179575,-4.79557094704097,"TNNC1",0.191894952844021,1.04071564169665,""
"ANK1",-0.454264117807266,13.1032680750029,-2.40593362829757,0.024386695443667,0.177267755712341,-3.66872104620171,"ANK1",0.104406618478789,1.61284704543503,""
"AAMDC",-0.456776728340131,15.8284822639654,-4.47467081553639,0.000165359392826509,0.0125613650697475,0.919915858651982,"AAMDC",0.00739835423052411,3.78157113103837,"+"
"IKBKB",-0.456799765548391,11.6723391353731,-2.14785791668079,0.0445091252083433,0.236063212216102,-4.09622368376936,"IKBKB",0.139035785925551,1.35155094134818,""
"EFHD1",-0.457572666824003,10.9610677582515,-1.60558630118265,0.127365243333143,0.386165507939535,-4.88136561841836,"EFHD1",0.227442575188555,0.894949070336795,""
"MKNK1",-0.460638308304977,10.0166613447538,-1.2531177815237,0.230033741479475,0.513348947101332,-5.26628189380384,"MKNK1",0.302350686683654,0.638208456749428,""
"ADH1C",-0.46351583140309,11.1834022472156,-3.12406529905733,0.00485603073346408,0.0822939172819001,-2.19312238382718,"ADH1C",0.0484692187264949,2.31371857330602,"+"
"SIX4",-0.464144564713461,11.2334794319443,-2.02079860058988,0.0553741026732189,0.265251305317765,-4.35647094114844,"SIX4",0.156226899381818,1.25669329837117,""
"C4A",-0.464158577048314,12.4866192877461,-2.64941306861619,0.0141886168829213,0.133233438533399,-3.18738394066092,"C4A",0.0784714215491432,1.84805993783298,""
"SERPINA6",-0.466425962963511,11.8033414701284,-1.90486275667499,0.0875712543134424,0.318200530829881,-4.27459794847417,"SERPINA6",0.187412771649314,1.05763842969731,""
"CNST",-0.46727739389145,11.007570840623,-1.79665353901772,0.0858474248687498,0.315618773843517,-4.72417174434138,"CNST",0.185892176346479,1.06627272766749,""
"RPS6",-0.470239007606878,12.9005337491135,-3.7000355362087,0.00115160149664386,0.0428335933297146,-0.889613183990335,"RPS6",0.0252279982836143,2.93869777937597,"+"
"AP4S1",-0.470717546660341,10.9223201247299,-2.72394190906148,0.0132800620585608,0.128929144866841,-3.02617994175061,"AP4S1",0.0759362918812627,1.87679989547798,""
"AGMAT",-0.471809771644335,10.6836571894097,-1.59256885192956,0.136275439622398,0.397732765427665,-4.77980583705303,"AGMAT",0.234255422987954,0.865582408270924,""
"MFAP4",-0.472141176314643,12.5831702123493,-1.89954776474447,0.07040348147685,0.295280817461001,-4.5591860387557,"MFAP4",0.173913589241708,1.15240586431243,""
"RANGAP1",-0.473641684675307,10.9776536193885,-2.2705979478137,0.0330896038759885,0.204248284712844,-3.91288998822602,"RANGAP1",0.120297527608831,1.48030843185804,""
"DFFA",-0.47443072843415,10.6769612400542,-2.98818000148017,0.00848058256217637,0.108916540170731,-2.53691212022803,"DFFA",0.0641493294137955,2.07157431344511,""
"CDC37L1",-0.475363538819545,11.6331135684038,-2.53039248356715,0.0188819262909771,0.15202490893314,-3.41889713561089,"CDC37L1",0.0895391640880909,1.72395370204708,""
"NOSIP",-0.476141139570718,16.5912410122185,-2.15548516416228,0.0416052745724519,0.225250484641781,-4.13477367263675,"NOSIP",0.132667338838089,1.38085160753433,""
"SOD3",-0.47629491982379,11.9404623654865,-3.4924334234082,0.00192190388908203,0.0534401236731158,-1.36395171518095,"SOD3",0.0314749999591146,2.7162683344016,"+"
"RPL31",-0.478573303065893,11.1284791071854,-2.44122932429439,0.0225741420084595,0.170137743979548,-3.60056506128209,"RPL31",0.100207206060305,1.64638874724138,""
"NOL6",-0.479317170213381,11.052345430331,-1.73533858842764,0.101350011930112,0.343104532113285,-4.64785238701435,"NOL6",0.202080653860284,0.994176195849302,""
"COL4A2",-0.484404116672962,13.993725412821,-2.32516131676512,0.0290503462268231,0.189522076523056,-3.82247266746199,"COL4A2",0.111624130724372,1.53684868724946,""
"MPDU1",-0.484479582788071,10.7374853220583,-2.43766933887317,0.0257295068179015,0.181480435313363,-3.55486392319629,"MPDU1",0.106887789575641,1.58956853824813,""
"DEFA1B",-0.484594387329983,11.6064304702378,-1.80051250262233,0.089069493867473,0.321278375864537,-4.62510729705114,"DEFA1B",0.18922555136765,1.05027101553192,""
"TINAGL1",-0.485950157568407,12.9682395606268,-5.55876483264643,1.0992566900787e-05,0.00530759022777227,3.45479717084749,"TINAGL1",0.00312604819599567,4.95890088258301,"+"
"DCN",-0.485972967670799,13.4308996044828,-1.78556600438626,0.0870990219548205,0.317772737424976,-4.7590597637084,"DCN",0.187160811203184,1.05998672170886,""
"ACTC1",-0.48733046916227,13.9348499226824,-1.90711796396079,0.0699736298405701,0.29503230019956,-4.528568949339,"ACTC1",0.173767218308108,1.15506559673469,""
"PPP6R2",-0.48785748431915,9.51455800072006,-1.85555732962931,0.0804683081522324,0.308044654520835,-4.53397391301162,"PPP6R2",0.181431194803286,1.09437512962711,""
"MT-ND4",-0.489042181241828,9.48485804128621,-1.81281755601002,0.0870796626226263,0.317772737424976,-4.59778799768939,"MT-ND4",0.187160811203184,1.06008326223792,""
"DPT",-0.489403411471624,11.67553474671,-1.80769845797984,0.0846853527690439,0.315176400203464,-4.68629746241969,"DPT",0.185631628478219,1.07219169901601,""
"HDHD3",-0.491998443844651,12.5225642348435,-1.46474594703081,0.179093995171704,0.456935802480134,-4.77601583736043,"HDHD3",0.269124645974864,0.746918975331943,""
"HLCS",-0.49955363714321,14.7124459091976,-0.900915835185777,0.379885044857531,0.651491478126928,-5.71462323995434,"HLCS",0.383713450456036,0.420347803217308,""
"MYH3",-0.50133028179301,17.1685177424956,-1.42578051357615,0.167097133225759,0.443527515809614,-5.27960396147618,"MYH3",0.261227474460294,0.777031000943914,""
"SLK",-0.506894671535886,11.8347580260498,-2.38022848781553,0.0271166028989164,0.185255066639095,-3.69002825355909,"SLK",0.10911096034429,1.56676471873804,""
"TMX2",-0.507976881573548,11.0158760252896,-3.10982364158953,0.00743061889479022,0.102858966158004,-2.3516177700137,"TMX2",0.0605815580708779,2.12897501243074,""
"BTF3L4",-0.509174537875237,11.7880635728885,-2.14426580662318,0.0472513299784272,0.241446223362671,-4.03895542872939,"BTF3L4",0.142206255302728,1.32558596293963,""
"PDLIM2",-0.509766954442721,9.64785043471196,-3.47596424875625,0.00261513354407198,0.0642187241138427,-1.52376368680102,"PDLIM2",0.037823346952216,2.58250612860448,"+"
"CAMKV",-0.50998580591736,9.75316266611531,-1.31167918688703,0.210058430208485,0.489908260681677,-5.19885815050461,"CAMKV",0.288544663168192,0.677659884373271,""
"APCS",-0.51461303125526,13.0798637479175,-3.16347156962609,0.0042705236899121,0.0789082570832791,-2.09873378809672,"APCS",0.0464751429779992,2.36951886462524,"+"
"PFKFB2",-0.515290388375899,10.3183221393748,-1.47623326914177,0.224336768598297,0.505434336193275,-4.49825047353696,"PFKFB2",0.297689163451947,0.649099540101059,""
"LCN1",-0.515568984605846,12.2231998393028,-1.62343691816857,0.119088202110985,0.37542659976919,-4.96885841635213,"LCN1",0.221117606026993,0.924131261287082,""
"IPO9",-0.517501625876879,11.6655743416856,-1.58068538155079,0.138969059736335,0.400409846161834,-4.76827837002238,"IPO9",0.23583216177909,0.857081880907806,""
"CCAR2",-0.520141203213301,10.6301825415786,-2.57642705691458,0.0182635972126119,0.148178307130087,-3.31059259891275,"CCAR2",0.0872736043686858,1.73841367939063,""
"LTF",-0.524954850194103,12.0524718452648,-1.18073968085264,0.250053864732904,0.532087663208461,-5.55715125447494,"LTF",0.313387358161315,0.601966428781965,""
"HBB",-0.527079323046198,20.149811901343,-2.38068694476699,0.0257645488591657,0.181480435313363,-3.71711479015333,"HBB",0.106887789575641,1.58897745769312,""
"ERLIN2",-0.529240182814569,11.4511429415968,-4.06075657567651,0.000468212555295808,0.0248326066364295,-0.0522298816318552,"ERLIN2",0.0146258324110042,3.32955694471334,"+"
"HRG",-0.529456290512007,12.7770010237933,-2.1733812116302,0.04008105465647,0.220330404100058,-4.1025499059974,"HRG",0.129769524907177,1.3970608593599,""
"MYH6",-0.538977976702236,13.7754752521891,-1.38838278461117,0.180701582883209,0.459553785297814,-5.24025421296125,"MYH6",0.270666577456599,0.743038043153333,""
"MYH13",-0.544034925385469,15.1584125224501,-3.20527313085963,0.00386266229556463,0.0752562232278714,-2.00673497673638,"MYH13",0.0443241792909995,2.41311325964804,"+"
"YME1L1",-0.547659109627002,10.4982780035599,-1.39123583843414,0.193006284626991,0.468956919188374,-4.91076308692148,"YME1L1",0.276204806384199,0.714428549363284,""
"SLC4A1",-0.548310301156789,14.6603046275297,-2.28530818829888,0.0316407352217748,0.199162781703655,-3.89715756729889,"SLC4A1",0.117302283660943,1.49975343354825,""
"MYH4",-0.552838187809908,19.0782597861195,-2.42858045593696,0.023208884506013,0.17309959694068,-3.62505635075427,"MYH4",0.101951669123318,1.63434573263866,""
"H2AC20",-0.553813694638471,14.1157514508056,-2.73067443765497,0.0117915040280373,0.124157601236393,-3.02129321493756,"H2AC20",0.0731259627642884,1.92843079631139,""
"PECAM1",-0.554551274934809,9.5919519749452,-1.94158681586513,0.0694936079357618,0.294042679887508,-4.36812093614257,"PECAM1",0.173184354775234,1.15805514024289,""
"SHMT1",-0.558514148927287,11.5634278609802,-3.65478805944969,0.00128816875976793,0.0455471028145105,-0.993567030799554,"SHMT1",0.0268261927684443,2.89002723741494,"+"
"AQP1",-0.563307380287537,12.7095271719457,-3.25066162597625,0.00346245502773251,0.0702693312279559,-1.90635201614574,"AQP1",0.0413870149525791,2.46061585874611,"+"
"LIPE",-0.56508590777071,8.59720025906563,-1.61889031076932,0.191499013471645,0.468763397079309,-4.3989272477128,"LIPE",0.276090826326589,0.717833459005669,""
"CSMD3",-0.568777474152048,11.0250733105843,-2.4075637609972,0.0273616182619865,0.185359409170405,-3.6132914206366,"CSMD3",0.109172415688009,1.56285822049478,""
"SH3KBP1",-0.573357841031291,8.44462570699508,-1.64258821656158,0.18656105861993,0.46542758875216,-4.38258469888435,"SH3KBP1",0.274126112180289,0.729179002558464,""
"MYLK2",-0.57749888126213,15.0314044057556,-4.64776578642728,0.000106945617982084,0.0109390089250245,1.32757067098124,"MYLK2",0.00644282388966686,3.97083700562437,"+"
"USP19",-0.578388779184616,10.9538728975909,-2.44616201351095,0.0288491888355903,0.189522076523056,-3.48360446659299,"USP19",0.111624130724372,1.53986639357167,""
"PNN",-0.578391464771785,10.2094308410948,-2.74218696685518,0.0127622984568813,0.127655321968478,-2.98842592746358,"PNN",0.0751860395817145,1.89407110326002,""
"NGRN",-0.582649774138916,12.6692560655617,-2.25451824598905,0.0342308926093697,0.207417272827454,-3.94242488485221,"NGRN",0.122163988498553,1.46558177599302,""
"SNX1",-0.583927118291342,9.77855837403208,-3.42361546144894,0.00262346044738813,0.0642187241138427,-1.57508098445221,"SNX1",0.037823346952216,2.58112547905877,"+"
"PDK4",-0.588435105682329,11.3965507386317,-1.81039390072641,0.0856959456354653,0.315618773843517,-4.64760242267318,"PDK4",0.185892176346479,1.0670397245155,""
"GPX3",-0.588489085237843,12.3627948960549,-4.50810801742252,0.000166666156651678,0.0125613650697475,0.931555673539384,"GPX3",0.00739835423052411,3.77815257936585,"+"
"PRRC2A",-0.588944144079351,9.84738655774985,-2.81442407919141,0.0134352097312988,0.129994731994729,-2.88150927372583,"PRRC2A",0.0765638981160809,1.87175554959294,""
"HACD1",-0.597800290643617,13.210028185074,-4.78824368002516,7.51118759741808e-05,0.0102438291804788,1.65818914272939,"HACD1",0.00603337905819534,4.12429139106119,"+"
"GBF1",-0.601409697058058,12.6932991685896,-1.95373383053726,0.0652517228900018,0.282481212750803,-4.41711451889218,"GBF1",0.16637491735924,1.18540801683654,""
"HPR",-0.602938789675914,10.3197292239614,-2.26725423851043,0.0338085832329174,0.206455825968178,-3.90487703272834,"HPR",0.121597718479391,1.47097302819957,""
"STEAP4",-0.604258741515086,9.48344909823895,-2.87476721484133,0.015824545856626,0.139023004090113,-2.86652831757711,"STEAP4",0.0818813420945282,1.80066874480454,""
"HBG1",-0.619346179183827,14.504348233926,-1.07725474993582,0.292314762418376,0.577770517298986,-5.68914022901848,"HBG1",0.340293505299497,0.534149251440551,""
"H1-0",-0.626012672198616,12.3271894956786,-4.60531641323263,0.000119005447773013,0.0110986202056045,1.22760564788192,"H1-0",0.00653683125163439,3.92443315723264,"+"
"SPTA1",-0.63251625169876,13.2544722020552,-2.74624919784774,0.0113780222758845,0.122968512445785,-2.98917350272961,"SPTA1",0.0724256168993595,1.94393322030597,""
"EARS2",-0.632547620194565,14.3806567093595,-1.84535641997566,0.0782053316774388,0.307412852437045,-4.64690939951233,"EARS2",0.181059077951852,1.10676363774375,""
"PRELP",-0.632582435979016,12.9425891574552,-2.48882762409891,0.0203268152830387,0.160817676714428,-3.50775111952742,"PRELP",0.0947179014587111,1.69193065940163,""
"TTN",-0.635452057422569,17.4865695525629,-1.74999095021731,0.0931845295178131,0.328570210459297,-4.81457691252121,"TTN",0.193520273718515,1.03065618316896,""
"ASPN",-0.656192463680487,12.6941530292881,-1.84134803608743,0.0782451482897078,0.307412852437045,-4.67032833115926,"ASPN",0.181059077951852,1.10654258204135,""
"HBD",-0.657818540709407,16.8148884952915,-2.34214179744821,0.0280068376257401,0.187001988322358,-3.79041191229021,"HBD",0.110139856913572,1.55273592649333,""
"CPSF6",-0.663250201577153,11.660538775093,-3.86819943112548,0.0018227218346427,0.0516858944001653,-1.06161456535842,"CPSF6",0.0304417993880955,2.73927960391624,"+"
"TNXB",-0.669799214599562,12.3874868455158,-2.63023783064432,0.0148175344172586,0.135070752285504,-3.22620004421421,"TNXB",0.0795535569615938,1.82922405533523,""
"RPA2",-0.685582082448498,10.1731859762456,-4.38734672110901,0.000378839187453786,0.0221427639360744,0.270513828528077,"RPA2",0.0130415771162079,3.42154510354763,"+"
"AK4",-0.696989644416615,11.3693338731689,-2.73558386216524,0.0116596609457259,0.124157601236393,-3.01117827228816,"AK4",0.0731259627642884,1.93331407835412,""
"XPO4",-0.698896287375668,12.9939073813626,-1.5463782185212,0.135391869803271,0.397704938581095,-5.11553671599937,"XPO4",0.2342390336173,0.868407413978705,""
"SLC2A1",-0.70145495575378,12.3919278530922,-2.59447748472625,0.0160608014355373,0.139811961432762,-3.29819235303028,"SLC2A1",0.0823460197677972,1.79423278718018,""
"BMS1",-0.706512008969767,11.1293047450901,-2.80812332091511,0.0129411129592774,0.127655321968478,-2.86060829023741,"BMS1",0.0751860395817145,1.88802837194494,""
"SQOR",-0.709032959392042,10.1366325929985,-2.87851810545244,0.0144442588601765,0.133446314114663,-2.82346738718006,"SQOR",0.0785968003553856,1.84030473704535,""
"H3-3B",-0.710623628172963,12.6277181052956,-3.35797844838835,0.00266944070044121,0.0645762196601702,-1.66710543505345,"H3-3B",0.0380339035814422,2.57357972221465,"+"
"GOLGA3",-0.718245348377595,11.4987898651623,-3.1416664290195,0.00815378492388052,0.107012627567127,-2.36417578716584,"GOLGA3",0.0630279688142734,2.08864074831724,""
"CA1",-0.731570849881908,17.030603208482,-2.72294126105854,0.0120020360389465,0.124542866722981,-3.0372076959915,"CA1",0.0733528752476648,1.92074507349626,""
"PPBP",-0.733017543077532,12.3986076511484,-2.69737902779673,0.013010625300969,0.127655321968478,-3.08627038311886,"PPBP",0.0751860395817145,1.88570183039964,""
"RRM2B",-0.733264649943566,10.9688797753436,-2.92175096686871,0.00803061072033544,0.106975205130422,-2.62473638144216,"RRM2B",0.0630059278624044,2.09525142578158,""
"ARMC10",-0.739791992663417,8.73401817275408,-3.00094708285596,0.0082554384286123,0.107012627567127,-2.483751882664,"ARMC10",0.0630279688142734,2.08325985734112,""
"AASS",-0.765693591754591,10.7688804432816,-3.2091847192111,0.00717715774401848,0.101759305835985,-2.24214112866257,"AASS",0.0599338835107978,2.14404750846966,""
"ALG5",-0.766130836624795,10.2878597259328,-1.95903519962918,0.0772649301035601,0.307412852437045,-4.18333049770854,"ALG5",0.181059077951852,1.11201758394088,""
"SLC35E2B",-0.768284605355829,15.4248701279914,-2.02070801317785,0.0553841761801758,0.265251305317765,-4.35662561000642,"SLC35E2B",0.156226899381818,1.25661429987928,""
"CISD2",-0.783511931003542,13.7441034500271,-2.29055506545927,0.0317214835264294,0.199164939792842,-3.87605553648997,"CISD2",0.117303554725686,1.49864651012253,""
"UBE2K",-0.81095509130779,11.8726956389495,-1.51095492962103,0.155717884511334,0.425549638588226,-4.88697699611346,"UBE2K",0.250638919533487,0.807661504975035,""
"PF4",-0.822941741806593,12.2074239611139,-2.86485232015267,0.00914186654595893,0.112458013874653,-2.74291221835387,"PF4",0.0662351757222354,2.03896512288225,""
"TJP1",-0.823482051116171,13.0440094821633,-2.20396578817946,0.0535431798302797,0.259911300057493,-3.7962789683673,"TJP1",0.153081759479507,1.27129584043829,""
"MDP1",-0.83139493469338,12.887857815924,-3.16651557466323,0.00475479853073558,0.0817422618699046,-2.12365252821898,"MDP1",0.0481443064157336,2.32286788016579,"+"
"TDRD7",-0.880790072145963,12.3712110480004,-2.10707959586819,0.0482917547436213,0.243543968802202,-4.15858573127545,"TDRD7",0.143441778970812,1.31612701365896,""
"SNCA",-0.963009589717807,9.7437471567441,-3.17214563780068,0.00450402533244084,0.0813046372192959,-2.10161435395546,"SNCA",0.0478865555926952,2.34639917550388,"+"
"PPCDC",-0.994123921488191,9.21401498615474,-3.33009268285507,0.00440765749277997,0.0809200708930887,-1.88202046959966,"PPCDC",0.0476600548986533,2.35579216070232,"+"
"ART3",-1.01598562474294,12.8454104263289,-5.55412179912575,1.11192532704726e-05,0.00530759022777227,3.44410376996102,"ART3",0.00312604819599567,4.95392437744842,"+"
"PHIP",-1.06209941480603,14.215728027077,-4.11213108018824,0.000442649539833708,0.0239197789072404,0.0209588742225497,"PHIP",0.014088197937801,3.35393998292473,"+"
"ACBD3",-1.16588939378183,12.0184280318144,-3.29634155921092,0.00352516805135246,0.0706019671263878,-1.85204786622737,"ACBD3",0.0415829298227165,2.45282017454907,"+"
"DMTN",-1.20144646435678,12.6987920932024,-1.29672351127902,0.220204931201342,0.501221661886202,-5.09148377655265,"DMTN",0.295207995473109,0.657172959798633,""
"MYH1",-1.28375795301671,18.5858641466495,-2.69332170623385,0.0128416537568731,0.127655321968478,-3.09795425864475,"MYH1",0.0751860395817145,1.8913790439279,""
"SMAP",NA,8.46000351814424,NA,NA,NA,NA,"SMAP",NA,NA,NA
"MAST4",NA,NA,NA,NA,NA,NA,"MAST4",NA,NA,NA
"FKBP9",NA,10.7784101690205,NA,NA,NA,NA,"FKBP9",NA,NA,NA
"SAA1",NA,12.1400106866298,NA,NA,NA,NA,"SAA1",NA,NA,NA
"SNRPB",NA,10.2872655420397,NA,NA,NA,NA,"SNRPB",NA,NA,NA
"ARSB",NA,NA,NA,NA,NA,NA,"ARSB",NA,NA,NA
"SRPK2",NA,10.2040494529985,NA,NA,NA,NA,"SRPK2",NA,NA,NA
"SKIC2",NA,8.8554861652217,NA,NA,NA,NA,"SKIC2",NA,NA,NA
"MYLK3",NA,NA,NA,NA,NA,NA,"MYLK3",NA,NA,NA
"SPECC1",NA,6.69970575516477,NA,NA,NA,NA,"SPECC1",NA,NA,NA
"FNBP1L",NA,10.0824480551824,NA,NA,NA,NA,"FNBP1L",NA,NA,NA
"GDPD1",NA,NA,NA,NA,NA,NA,"GDPD1",NA,NA,NA
"COLGALT1",NA,9.54399274632657,NA,NA,NA,NA,"COLGALT1",NA,NA,NA
"MUL1",NA,NA,NA,NA,NA,NA,"MUL1",NA,NA,NA
"EVI5L",NA,NA,NA,NA,NA,NA,"EVI5L",NA,NA,NA
"HOOK2",NA,NA,NA,NA,NA,NA,"HOOK2",NA,NA,NA
"PPP1R9B",NA,11.0118033625434,NA,NA,NA,NA,"PPP1R9B",NA,NA,NA
"MACF1",NA,10.0087413800067,NA,NA,NA,NA,"MACF1",NA,NA,NA
"PUS1",NA,11.4160770321358,NA,NA,NA,NA,"PUS1",NA,NA,NA
