"","logFC","AveExpr","t","P.Value","adj.P.Val","B","protein","q","-log10p","regulated_q"
"MYH7B",2.94356328573694,13.3430309681504,3.4177346053337,0.00430163320214145,0.120643500700543,-1.8224142685356,"MYH7B",0.0921101989925527,2.3663666244175,""
"KRT16",1.63498583634381,17.2944867466716,4.05211699886625,0.000472750763236003,0.076513026236464,-0.00666494288482422,"KRT16",0.0584169891559804,3.32536776133238,""
"KRT6A",1.45459386513719,16.3379183954629,3.96751645727208,0.000584708495453805,0.076513026236464,-0.197089040566119,"KRT6A",0.0584169891559804,3.23306059608592,""
"KRT6C",1.4446567080916,15.2182288223035,3.98030899732819,0.000648970744338986,0.076513026236464,-0.269001413145911,"KRT6C",0.0584169891559804,3.18777488079366,""
"KRT71",1.40425548843686,12.527629646341,3.22376209335647,0.00367096914526232,0.114558178435306,-1.83643106147654,"KRT71",0.0874641116233202,2.43521926575442,""
"MYBPH",1.33626305272815,14.6991714519593,3.41550675533898,0.00230274971531234,0.0972234475391429,-1.42202353072159,"MYBPH",0.0742292046199898,2.63775326271561,""
"KRT6B",1.27393695181292,16.7738959621669,3.46640158026955,0.00203255006931943,0.0911789257658762,-1.31084654605949,"KRT6B",0.0696142680497026,2.69195874730275,""
"KRT14",1.21340476560373,18.0185577924828,3.53436389149879,0.00171948781148721,0.0866078860838556,-1.16170802263683,"KRT14",0.0661243214527544,2.76460089830816,""
"THY1",1.20781143220672,11.8991696258158,5.91195797194265,4.48718146474679e-06,0.0056945892717568,4.14306691421333,"THY1",0.00434776633599472,5.34802636694015,"+"
"POSTN",1.14624302842059,10.3611927885736,1.86648963308023,0.0808258009209296,0.395316651522979,-4.23403871308508,"POSTN",0.301820613836743,1.09244998317398,""
"KRT17",1.11993173458421,14.7486481298331,3.80206056595831,0.00088475765109372,0.076513026236464,-0.567939860009349,"KRT17",0.0584169891559804,3.0531756730381,""
"KRT5",1.04338261825315,17.6359445137632,3.00167717434483,0.00624368951372351,0.138551130246114,-2.30594143567707,"KRT5",0.105782508825651,2.20455870167452,""
"JUP",1.02913863747079,15.3201248127657,3.08047428668348,0.00517770911361528,0.131550467833535,-2.14079696765634,"JUP",0.100437567704431,2.28586235210515,""
"S100A13",1.01886207022241,13.1164706668365,5.79683784105128,5.95045900915026e-06,0.0056945892717568,3.89443406897607,"S100A13",0.00434776633599472,5.22544953217862,"+"
"CSTA",0.99868677226746,13.4308191894639,3.50673391338451,0.00184062820239496,0.0880740594845987,-1.22242998979403,"CSTA",0.067243731308369,2.73503392793009,""
"SBSN",0.994645136937802,12.5455655598883,3.70898272809399,0.00111572117624742,0.0771536240771049,-0.775402576952204,"SBSN",0.0589060796932493,2.95244432398857,""
"CTNNB1",0.98901479111383,13.9865478749899,3.26044682979487,0.00335933695953514,0.11085811966466,-1.75773517792973,"CTNNB1",0.0846391509112276,2.47374643190494,""
"FLG",0.9776214967301,14.3514580264249,3.64719148124674,0.00130079425290436,0.0785079967239144,-0.912571320072871,"FLG",0.0599401307053908,2.8857913905211,""
"DSP",0.975663488040968,12.9819564208376,2.53745511176748,0.0181889160262457,0.214396094237546,-3.23909774172263,"DSP",0.163689438625164,1.74019318207161,""
"UBE2D3",0.962606393154314,13.2258702243154,2.63008621385214,0.0147703289261794,0.198190839735354,-3.05903706380768,"UBE2D3",0.151316876421197,1.83060983310822,""
"RALB",0.948030245803654,10.3680364937583,2.47578468687343,0.0270667105485108,0.254782052409097,-3.3953507637847,"RALB",0.194523744842124,1.56756452137896,""
"FLG2",0.927196590376621,11.5923405009369,2.76193663342337,0.0130056542244083,0.186696166391381,-2.82555391654061,"FLG2",0.142540799442995,1.88586779657044,""
"CDSN",0.926166352653512,11.414122100958,3.08994311410934,0.00586062720785669,0.137101568762136,-2.17993068782352,"CDSN",0.104675782015125,2.2320559030374,""
"KRT9",0.919994015511953,20.0210226403545,2.96892895677356,0.00674596213420008,0.141987268655228,-2.37407010204472,"KRT9",0.108405968778252,2.1709561008809,""
"LIPE",0.846078626976729,10.383402512715,4.5088807571568,0.000180195470279241,0.0587244164142287,0.867118817707444,"LIPE",0.0448355497828472,3.74425613043496,"+"
"DSC1",0.84324331370113,16.5107461060713,2.80116895870721,0.00998415706666367,0.174783627673118,-2.7180050429836,"DSC1",0.133445686109295,2.00068859546526,""
"KRT1",0.842347332017376,20.2068525961548,2.98937358497247,0.00642804826893073,0.139810049849243,-2.3315733631716,"KRT1",0.106743682320175,2.19192087073079,""
"KRT2",0.801910298705966,18.3633329275276,2.44581456784029,0.0222844811814005,0.233824803366304,-3.41377143440857,"KRT2",0.178523078677275,1.65199747253485,""
"DSG1",0.799761278843842,16.8711633293753,2.68724751014992,0.0129716065080689,0.186696166391381,-2.94626965507103,"DSG1",0.142540799442995,1.88700623406369,""
"CASP14",0.791372747105378,14.7330022016765,3.76026174137064,0.000981988549314333,0.076513026236464,-0.661223229432066,"CASP14",0.0584169891559804,3.0078935763664,""
"S100A16",0.791123559633361,12.6528079018162,3.189979023978,0.00398254031490967,0.116672175960262,-1.90863465929414,"S100A16",0.0890781292169975,2.39983981917926,""
"INTU",0.769683661687683,12.5613144620369,2.59007337212255,0.017224058230931,0.208650933253177,-3.13225419050043,"INTU",0.159303061253473,1.76386451492346,""
"AKAP12",0.75978542155317,11.7615523172221,1.41727701450531,0.184990195732141,0.548097886426188,-4.70896055637423,"AKAP12",0.418467676194402,0.732851288095696,""
"KRT10",0.741736719338679,18.9375857956443,2.58186157769715,0.0164670622815567,0.205551894827606,-3.15320309461161,"KRT10",0.156936974026168,1.78338387191141,""
"SERPINH1",0.72887125953161,11.7792349049698,7.27874329110001,1.76188038380296e-07,0.000505835858189829,6.94953699237401,"SERPINH1",0.00038620100780302,6.75402357970247,"+"
"EPS15L1",0.726605158291431,10.1600799380712,2.60154480365192,0.0167987554966489,0.207565769866379,-3.10649321870253,"EPS15L1",0.158474549025985,1.7747228909502,""
"CALML5",0.717042376932833,9.82106813022148,3.33302764030721,0.00378076931904817,0.11547434803178,-1.76390147577429,"CALML5",0.088163598652063,2.42241981999814,""
"LAMP1",0.71515695750737,10.5146401740725,3.2244446978909,0.00581963913616354,0.137101568762136,-2.08602015692928,"LAMP1",0.104675782015125,2.23510394422155,""
"FTL",0.706909326159273,12.340295363764,2.78004592294963,0.0104837008865612,0.176248983082912,-2.76066962891909,"FTL",0.134564471436372,1.97948537852752,""
"NCSTN",0.664538920226795,11.7449452972856,2.98264279685133,0.00653109568796653,0.140983276091368,-2.34557737377235,"NCSTN",0.1076394297247,2.18501395328542,""
"S100A7",0.656725588883752,15.9845635255919,1.7035552051999,0.101572069537885,0.431380786454538,-4.67276777935297,"S100A7",0.329355247909452,0.993225698677997,""
"PPP4R1",0.642714943082028,10.2141650817126,3.8349326532122,0.000922178087066875,0.076513026236464,-0.580715262947191,"PPP4R1",0.0584169891559804,3.0351852017642,""
"BGN",0.64170732338615,13.4144046408393,3.77560762933838,0.000945126962715903,0.076513026236464,-0.626996816516681,"BGN",0.0584169891559804,3.02450984704288,""
"PSMB8",0.624046770352498,10.6668631327805,3.41862393870348,0.0027752007799299,0.106077932291382,-1.52576932691922,"PSMB8",0.0809895219828762,2.55670559111382,""
"SLC25A6",0.585093081832012,14.2315582731314,2.46745028496759,0.0212469551228493,0.228464450028841,-3.37285472662374,"SLC25A6",0.174430498391415,1.67270329940633,""
"RBP1",0.573526831085681,11.7612929453758,2.54472069142539,0.0190066928637337,0.220281887938133,-3.21671474144477,"RBP1",0.168183187777353,1.72109344315447,""
"TIMMDC1",0.557597270414764,10.0848009251277,2.76103949823545,0.0112147960435148,0.176451356527884,-2.80112030024406,"TIMMDC1",0.134718981693277,1.95020862025146,""
"FABP5",0.554493997855102,15.2899965153749,2.78151389893036,0.0104482333186138,0.176248983082912,-2.75770947446264,"FABP5",0.134564471436372,1.9809571377674,""
"SERPINB9",0.546542553545157,11.5937375075645,3.05042641004194,0.00556179104940145,0.135346354606264,-2.20396949782747,"SERPINB9",0.103335692211421,2.25478533114905,""
"RHAG",0.544123276022452,13.6984362103921,1.12383406381967,0.300016153559483,0.648980845721474,-4.72723188506305,"RHAG",0.495490884255245,0.522855361237402,""
"FCGRT",0.538775009795016,10.3145130440452,3.76220771006828,0.00109890529476794,0.0771536240771049,-0.736649373961365,"FCGRT",0.0589060796932493,2.95903973408421,""
"PRRC1",0.537607618761211,10.4400562322506,3.50901639587173,0.00299279432797003,0.106077932291382,-1.54091684779568,"PRRC1",0.0809895219828762,2.52392312789648,""
"CTSH",0.532985630956981,11.7830809175081,2.20411711655397,0.0375021232239234,0.291529098985309,-3.85624372305006,"CTSH",0.222579775650821,1.42594414351681,""
"CREG1",0.523247227676325,12.477948567171,1.90778806268554,0.0686333810212254,0.374612997931441,-4.3575623378043,"CREG1",0.286013565457709,1.16346460634474,""
"LMNB1",0.52298637905068,10.4423901705813,3.14149663505298,0.00480445923598645,0.12717718440065,-2.03984995030509,"LMNB1",0.0970986061779933,2.31835548708875,""
"MYL6B",0.515559042130196,16.8839403664986,2.06932323874315,0.0496127446276517,0.330519783687062,-4.09032692872408,"MYL6B",0.252348803454887,1.30440674668539,""
"MCM7",0.511087723394402,12.7622449879798,1.17657133879723,0.296077207210809,0.648807852417449,-4.66653800843724,"MCM7",0.495358805464713,0.528595024436368,""
"FMC1",0.50111693822155,12.1922938157753,2.85591081568028,0.00956563145347382,0.172846403052675,-2.62414023211971,"FMC1",0.13196663299623,2.01928635572477,""
"MYO1B",0.496834383506775,9.38967515914994,3.66758438754625,0.00167806374655473,0.0860612939675789,-1.0726064642925,"MYO1B",0.0657070034181677,2.77519154514552,""
"ARG1",0.495319865182369,12.8817635022523,2.71186379184271,0.0122622793420648,0.180984655058189,-2.89733464900995,"ARG1",0.13818011326932,1.91142879460778,""
"TIMM8B",0.492046668618148,11.8155688265674,3.49018808010774,0.00191712089179393,0.0902303947596781,-1.25873415470605,"TIMM8B",0.0688900733833991,2.71735050006738,""
"C8A",0.489233639366244,11.6619686495419,2.30459922388056,0.0302892378969439,0.264317331313453,-3.67566798807918,"C8A",0.201803842254995,1.51871165374921,""
"CTNND1",0.486477952109579,9.96446624044616,2.19478674425376,0.0436355824275464,0.308565904309078,-3.79322867728817,"CTNND1",0.235587219230106,1.36015922289695,""
"CASP3",0.484403014253587,12.5863408127031,3.89198246592491,0.000751938527277306,0.076513026236464,-0.410749367754581,"CASP3",0.0584169891559804,3.12381766254068,""
"SERPINB3",0.481897418098422,13.2413802787805,1.58220042154039,0.126887167906983,0.461714903752786,-4.84708731835218,"SERPINB3",0.352515066419199,0.896582295864105,""
"C4orf54",0.480767517308493,10.4642416875736,1.30417514587532,0.219659105852765,0.5839271230586,-4.82829065028409,"C4orf54",0.445822967584317,0.658250788576037,""
"RNF7",0.480617675223588,10.412537445547,2.15399452420881,0.0453242092502665,0.312052289586367,-3.88288340707247,"RNF7",0.238249042202675,1.34366976409382,""
"TBCE",0.474403601046538,11.8972644847059,3.80637690058049,0.000875274382697878,0.076513026236464,-0.55829672589109,"TBCE",0.0584169891559804,3.05785578216402,""
"UBL4A",0.47229547624821,9.19806412489806,1.454895585496,0.225949871310814,0.587060706365019,-4.47373670897979,"UBL4A",0.448215429509227,0.64598790168405,""
"SEPTIN7",0.464311011322707,11.0695334997114,4.33771359680912,0.000249934645882619,0.0671219508259477,0.571870080298931,"SEPTIN7",0.0512469897793556,3.60217353790027,""
"MRC2",0.463863107550246,10.1637480980243,1.64952394582344,0.118965441123249,0.454033861890443,-4.52905716971255,"MRC2",0.346650661869412,0.924579180701953,""
"LAMP2",0.461857244266449,13.3598629932888,3.88376279149282,0.000721299499713268,0.076513026236464,-0.385106743457657,"LAMP2",0.0584169891559804,3.14188436903251,""
"ALDOC",0.460417615695013,13.0970050608704,1.78253247434506,0.0880740679728059,0.402770799372623,-4.53852412016337,"ALDOC",0.307511786902542,1.05515194396175,""
"SSR1",0.454159464498051,13.1444050565206,2.17099377894464,0.0406689775820932,0.299386242662024,-3.90429465742519,"SSR1",0.228578632310093,1.39073674561942,""
"RILP",0.452694398349935,10.5799985458145,2.13892393997182,0.0445578946646896,0.312052289586367,-3.9314142178554,"RILP",0.238249042202675,1.35107533751809,""
"LGALS3",0.451524755848711,13.6169680867423,3.84965233120886,0.000785563852735413,0.076513026236464,-0.461514443241019,"LGALS3",0.0584169891559804,3.10481850856978,""
"MEAK7",0.450073275233882,10.6801633265568,2.08677189934362,0.056175895951025,0.346394410592108,-3.91424433297321,"MEAK7",0.26446893454082,1.25044999227807,""
"NDUFB1",0.450009212827988,14.4777594514197,2.39914515661831,0.0246838750875757,0.245599407204901,-3.5013301555303,"NDUFB1",0.187512880003777,1.60758665999359,""
"GAPVD1",0.447765875327434,9.70252631746829,1.14517798488042,0.27334196134663,0.632516297414278,-5.10225105358138,"GAPVD1",0.482920353624982,0.56329369365512,""
"VIM",0.44541980070041,17.0666160026343,5.19011708443913,2.68390122478348e-05,0.0192637010408834,2.55932008145188,"VIM",0.0147076579003881,4.57123347148399,"+"
"CDK5",0.442259255916799,11.9982882896597,4.29368628075642,0.000257172225386773,0.0671219508259477,0.538973630536056,"CDK5",0.0512469897793556,3.589775937041,""
"EIF6",0.438894156255454,14.4427772066472,3.05034826150158,0.00556282474522438,0.135346354606264,-2.20413348426398,"EIF6",0.103335692211421,2.25470462213376,""
"ARPC1A",0.436474877280476,10.7080004875444,2.71631468684015,0.0148637308848174,0.198190839735354,-2.92135585433232,"ARPC1A",0.151316876421197,1.82787216639516,""
"CAMK2D",0.43487545033538,15.4975516830668,3.97739226824465,0.000570392851679027,0.076513026236464,-0.174884142150177,"CAMK2D",0.0584169891559804,3.24382592582065,""
"SMPX",0.433368597788693,16.9323787942296,2.15902489203147,0.0412186895508082,0.299979513069481,-3.93562117842033,"SMPX",0.229031588789057,1.38490581968683,""
"CARNS1",0.432148997919667,11.3651259382635,2.77177940877279,0.0106855630848043,0.176451356527884,-2.77732521980132,"CARNS1",0.134718981693277,1.97120258738105,""
"MARCKS",0.432080119704681,11.0102653442862,3.15296308188829,0.00450675633467346,0.123227594636643,-2.00147371397894,"MARCKS",0.0940831308561635,2.34613592215255,""
"TMED2",0.431740842380274,9.7222074297575,3.23332661682258,0.00445423990708644,0.122962718973511,-1.92075865220877,"TMED2",0.0938809007327198,2.35122639540304,""
"RTN3",0.426316010096935,12.2741769613835,2.74907398837106,0.011259088673527,0.176451356527884,-2.8229516766393,"RTN3",0.134718981693277,1.9484967604683,""
"RAB4A",0.425609185533494,10.9444152039167,3.00850702355386,0.00677542870280954,0.141987268655228,-2.32078297851032,"RAB4A",0.108405968778252,2.16906322039832,""
"LGALSL",0.423766429621278,13.5430317670866,3.28931398536325,0.00313227236457627,0.109346766733843,-1.69560428696753,"LGALSL",0.0834852469015038,2.50414048119595,""
"CSK",0.423718105505927,11.2270013473369,2.18562306145232,0.0444125927430899,0.312052289586367,-3.81362996232615,"CSK",0.238249042202675,1.35249387260095,""
"S100A11",0.421923881676072,12.247741774777,2.03826199636075,0.0528572263908682,0.340310568787956,-4.14287270566781,"S100A11",0.259823977489958,1.2768956296028,""
"NGRN",0.419744512613576,11.982978753191,0.812573866773312,0.432755806699596,0.749361834158348,-5.33519955354889,"NGRN",0.572130842199934,0.363757096067996,""
"SMTNL2",0.415126634574687,14.3259702110352,3.82308375754208,0.00083950326072547,0.076513026236464,-0.520954459433557,"SMTNL2",0.0584169891559804,3.07597761267384,""
"ACTR3",0.414609646643846,11.388218056872,3.62708984947894,0.00136725873779022,0.0785079967239144,-0.957088773334815,"ACTR3",0.0599401307053908,2.86414929248289,""
"CTSC",0.414433067660118,10.5651109998609,1.41343415812734,0.171125687503643,0.526582903347222,-5.0537042384885,"CTSC",0.402041185241988,0.766684794060651,""
"SMARCC2",0.412390458291769,9.96032358172305,3.19511370871695,0.00423835135155667,0.1206377448045,-1.92959261086859,"SMARCC2",0.0921058044190632,2.37280304391655,""
"NBAS",0.411307963193972,11.4761253114575,1.42098867521676,0.171826264914841,0.526815866196733,-4.95301215083252,"NBAS",0.402219050226855,0.764910450308393,""
"RPS29",0.410328695140999,10.2481131236236,2.58594215846344,0.0169898836358757,0.207565769866379,-3.14281197050271,"RPS29",0.158474549025985,1.76980959561419,""
"CDC37",0.406464249029893,12.1810254284956,2.60450402324601,0.0156488938360622,0.199343134661464,-3.10910322983281,"CDC37",0.152196642959186,1.80551635574518,""
"TXNDC17",0.40560213682336,15.0864722564349,3.6289442517581,0.00136099043466357,0.0785079967239144,-0.952984241287409,"TXNDC17",0.0599401307053908,2.8661449271019,""
"SIL1",0.404230800261367,9.28221823014644,2.24330591278699,0.0359845513871587,0.287776175578085,-3.76048571249501,"SIL1",0.219714453276753,1.44388390721286,""
"COL1A1",0.402951167917232,11.3076985666233,1.14981999569851,0.261713621078167,0.625107991776554,-5.38060323379689,"COL1A1",0.477264180664764,0.582173673595721,""
"HSPB6",0.401967810925594,18.6624904542158,4.46385165352973,0.000167321678429321,0.0587244164142287,0.924126861431346,"HSPB6",0.0448355497828472,3.77644778759525,"+"
"PPT1",0.401350869611871,12.0713362261046,2.85001301786048,0.00891402336480101,0.166993990169664,-2.61878161621761,"PPT1",0.127498369790085,2.04992623190669,""
"LUC7L2",0.399697459021104,9.25208648347669,1.35752707438555,0.21330654867526,0.579927179210863,-4.66282668021735,"LUC7L2",0.442769047384433,0.670995811170959,""
"PRRC2A",0.391101088463495,10.4139664484967,1.89157581409484,0.0741827013733233,0.387233701168747,-4.30902476271327,"PRRC2A",0.295649355863856,1.12969735582587,""
"RANGAP1",0.390264358623121,11.0292469498433,1.40895154022104,0.174479040027635,0.531208190794635,-4.99732457398656,"RANGAP1",0.405572549506993,0.758256736882862,""
"UCHL1",0.38903230946314,13.6800636831308,2.54035638155743,0.0180714844973806,0.214396094237546,-3.23351027491451,"UCHL1",0.163689438625164,1.74300617048611,""
"PDPR",0.387878390539337,12.7687949137288,2.19672308344189,0.0380899839542805,0.293180546736567,-3.86933162856532,"PDPR",0.223840640762583,1.41918921028914,""
"ITPA",0.387202528856401,12.16275558975,2.34121607640758,0.027992749270265,0.257587125496573,-3.60864323996978,"ITPA",0.196665392247709,1.55295444578999,""
"MICU2",0.386888799104929,10.7308380726607,3.10284350837804,0.00507368241747232,0.130058412683598,-2.10597234635094,"MICU2",0.09929839737225,2.29467672053089,""
"ANKRD2",0.385056334960026,18.0164816027774,2.29751997371249,0.030752622587111,0.265936082673481,-3.68855233578853,"ANKRD2",0.203039743973909,1.51211784162699,""
"NUDT19",0.384555843344291,12.3744271393778,2.73897773122676,0.0115233458325691,0.176451356527884,-2.84318243996477,"NUDT19",0.134718981693277,1.93842140410296,""
"AGBL1",0.382422451457185,9.37070336321322,2.19147876082889,0.0413281897299429,0.299979513069481,-3.82938451870661,"AGBL1",0.229031588789057,1.38375361740193,""
"SLC25A5",0.379229981573884,10.5224818021446,1.61508232186438,0.126271856393953,0.461079585610974,-4.64844750722315,"SLC25A5",0.352030006883243,0.89869343467666,""
"S100A9",0.377584125913936,15.7307670637469,1.13218425546356,0.26890671492949,0.628590213857698,-5.39924928414115,"S100A9",0.479922825075511,0.570398352777025,""
"UFSP2",0.377064941696975,11.8492631959245,1.67460458738841,0.120624428926159,0.454669276450088,-4.46102843070561,"UFSP2",0.347135795019493,0.918564729729437,""
"ATP5ME",0.376546426101857,16.7322866022531,1.92210638432607,0.0667205355315466,0.372514727068544,-4.33449068916903,"ATP5ME",0.284411555025324,1.17574047649708,""
"EIF1AY",0.3759883023748,10.0899104066297,1.22383764828106,0.247402163801912,0.610680446635822,-4.948339636562,"EIF1AY",0.466248883146289,0.606596506311098,""
"HPRT1",0.374001115711755,12.3258867949748,3.46720700975652,0.00202853291788564,0.0911789257658762,-1.30908352924285,"HPRT1",0.0696142680497026,2.69281794041709,""
"LASP1",0.373744105692992,12.0041808042388,2.7914954172702,0.010210065206913,0.176111198909758,-2.73756248156543,"LASP1",0.134459274492206,1.99097148426842,""
"GSN",0.373418359804774,14.5357977059754,3.91032228544623,0.000674880509155141,0.076513026236464,-0.325543780245154,"GSN",0.0584169891559804,3.17077311429246,""
"DNAJA4",0.372097586829387,12.3725238156085,3.031325285812,0.00582000605329102,0.137101568762136,-2.2440021557969,"DNAJA4",0.104675782015125,2.23507656364744,""
"CBR1",0.371488981125085,15.3470160922041,3.85578804041151,0.000773601432200312,0.076513026236464,-0.447778091681609,"CBR1",0.0584169891559804,3.11148273489698,""
"NRP1",0.371354608193505,9.50222933363646,2.31150223721914,0.0419150685730588,0.299979513069481,-3.60057514427053,"NRP1",0.229031588789057,1.37762981899884,""
"GPX7",0.370530673586952,10.8614019995293,1.29811615203204,0.210073407316545,0.577707972045737,-5.11006358383242,"GPX7",0.441074703201791,0.677628920400503,""
"CES2",0.370016417074028,14.71956408039,2.99965427978083,0.00627364922744506,0.138551130246114,-2.31015864190035,"CES2",0.105782508825651,2.20247976725187,""
"PLIN3",0.368889133143671,14.945479615611,3.92258981782181,0.000654448644527566,0.076513026236464,-0.29801281883205,"PLIN3",0.0584169891559804,3.18412442745297,""
"COA5",0.367884059987826,11.4875175288931,3.35126353352493,0.00280744813456429,0.106077932291382,-1.58280471719428,"COA5",0.0809895219828762,2.55168825824748,""
"SPECC1",0.366949866438006,10.3866497961326,1.12008732001683,0.274949613087084,0.632516297414278,-5.3686004863073,"SPECC1",0.482920353624982,0.560746887126901,""
"RAB35",0.362807059233155,10.7811753190124,2.83348091771761,0.00976599434142282,0.172853261690383,-2.66295799558544,"RAB35",0.1319718695028,2.01028353168916,""
"PPP2R5A",0.36262876966323,12.3101507893732,2.99291668707035,0.00637443061090621,0.139702215907723,-2.32419644563171,"PPP2R5A",0.106661352101358,2.19555860204464,""
"STX7",0.361290030472258,9.48984234566247,2.11649234055858,0.0466265467762725,0.317215203304925,-3.9690692104203,"STX7",0.242190879162281,1.33136674777827,""
"COLGALT1",0.36081292773401,10.010556453742,1.80375805617426,0.0866245072592767,0.402770799372623,-4.45600877165673,"COLGALT1",0.307511786902542,1.06235922274303,""
"MCAM",0.36065170751476,10.4314904838664,2.41386563888776,0.0262501769148201,0.251214193074828,-3.45014468937021,"MCAM",0.191799717179227,1.5808677652915,""
"TUBA1B",0.360561474556665,14.8884367132877,2.22982740506344,0.0355214385425675,0.286957968552676,-3.81051836653535,"TUBA1B",0.219089759766618,1.44950945453622,""
"CCDC25",0.360249994543826,10.6692613592304,2.38486305375644,0.0272889269274435,0.25494287296926,-3.5009784283931,"CCDC25",0.194646529855097,1.56401354159843,""
"ARPC1B",0.358973963527097,10.5669295197672,2.59623416232318,0.0166088574475169,0.206424371133424,-3.1232684269839,"ARPC1B",0.157603101630876,1.77966024240145,""
"COX11",0.35712745776574,11.265626566663,1.78385342555183,0.0899007389430014,0.407748849139585,-4.47090546030696,"COX11",0.311312481941786,1.04623673854987,""
"AP1M1",0.355560757887451,10.3064481582825,2.64578139868064,0.0142544207054331,0.195810726532528,-3.02819608510778,"AP1M1",0.149499681964272,1.84605042756854,""
"NDUFAF7",0.353833396227094,12.8362863114301,3.22914106000462,0.00362358639655373,0.114558178435306,-1.82491080045773,"NDUFAF7",0.0874641116233202,2.44086137941284,""
"ALDH1B1",0.350131760925253,14.2564848637656,2.54843999937718,0.0177480077352016,0.212310542532349,-3.21792413834762,"ALDH1B1",0.162097139152259,1.75085039067474,""
"TUBB2B",0.349709418431924,15.5233939204023,2.50203318322308,0.0196810989833612,0.220281887938133,-3.30703528532904,"TUBB2B",0.168183187777353,1.70595065442685,""
"PTCD3",0.349302713953826,13.07864532106,4.66753152892749,0.000100012781734889,0.0574273392721731,1.38491109557509,"PTCD3",0.0438452433596277,3.99994449317798,"+"
"G6PD",0.348310444719349,10.1337166833756,1.16373200750586,0.260024845254388,0.62425807934755,-5.23049837597477,"G6PD",0.476615280371693,0.584985153408534,""
"LSMEM1",0.346852995148332,9.18234187934336,1.30736680794875,0.20480377904821,0.572832324672102,-5.16133890030757,"LSMEM1",0.437352191444463,0.688662034001663,""
"HAX1",0.344918600605121,12.3801195081949,2.42353105866712,0.0234018990354631,0.236573422995826,-3.45569925354728,"HAX1",0.180621624388895,1.6307488986942,""
"TSTD1",0.341801728778604,10.836122392766,1.76403035362948,0.0925178603483143,0.412336267427584,-4.52624877157565,"TSTD1",0.31481493345319,1.03377441967212,""
"TUBB4A",0.338907313678558,11.0439524957354,1.83397699226013,0.0798312496208291,0.394523296365423,-4.45957150571036,"TUBB4A",0.301214894498279,1.09782707254302,""
"TFB2M",0.338639918809379,13.5445938234913,0.913943685261176,0.369971115406587,0.705581892701341,-5.60831253122253,"TFB2M",0.538705261078106,0.431832181093022,""
"TPM4",0.337160814503546,12.7190687762969,2.95950051902868,0.00689758713011828,0.142467429140788,-2.39362767975116,"TPM4",0.10877256687609,2.16130280481897,""
"S100A8",0.336896820425913,14.1540998737281,1.00551872997244,0.324825436266873,0.674713988854732,-5.52553963967803,"S100A8",0.515137901466654,0.488349969585397,""
"CCDC90B",0.335372251127081,10.8123311852962,2.53209402189978,0.0199906569301811,0.220281887938133,-3.24166004121066,"CCDC90B",0.168183187777353,1.69917293392266,""
"HMOX2",0.335154098913392,11.9300975655177,3.75860112315243,0.000986061292493614,0.076513026236464,-0.664925433898723,"HMOX2",0.0584169891559804,3.00609608894881,""
"SIAE",0.335042224059185,12.177814809402,2.39842915080004,0.0247224760300301,0.245599407204901,-3.50266591225212,"SIAE",0.187512880003777,1.60690803551167,""
"IL18",0.334161326344701,12.5113035701574,2.26114357418519,0.0336743168145965,0.278037096734473,-3.74554231186753,"IL18",0.21227875649176,1.47270120649319,""
"FAM98A",0.333261347956894,10.9352674403675,1.5849963428306,0.12683185696984,0.461714903752786,-4.82587272747075,"FAM98A",0.352515066419199,0.896771648910707,""
"ANXA2",0.333228703869203,16.2330273915599,3.40378767428442,0.00236975451178126,0.0983455578285955,-1.44755807439909,"ANXA2",0.0750859254665576,2.62529664120542,""
"PGM3",0.331887481363287,13.2050203259339,3.45909937824307,0.00206932627354061,0.0914005497128476,-1.32682542356053,"PGM3",0.0697834758871618,2.68417102812268,""
"CTSA",0.331681580311892,11.6277981590881,1.58091779686755,0.127180465411189,0.461752325196418,-4.84887548816385,"CTSA",0.352543637345934,0.895579590068388,""
"ABHD5",0.331341753829919,11.3556880225407,2.50025397172272,0.0197589708471151,0.220281887938133,-3.31043392122665,"ABHD5",0.168183187777353,1.70423567953881,""
"MLEC",0.331093304562636,10.8159641319268,3.21312219819087,0.00376646509355059,0.11547434803178,-1.85919956125537,"MLEC",0.088163598652063,2.42406605312151,""
"THEM4",0.3309024052264,11.197854127227,1.67506349373603,0.109001193753464,0.434215909484748,-4.66214785486824,"THEM4",0.331519838168891,0.962568745750173,""
"HLA-A",0.328880343540682,12.385091261283,3.16828950395102,0.00419587293881675,0.1206377448045,-1.9548513072304,"HLA-A",0.0921058044190632,2.37717767176691,""
"RSU1",0.327764086699311,12.6126644167915,2.43878438936788,0.0226315712619785,0.233824803366304,-3.42702275380424,"RSU1",0.178523078677275,1.64528529285403,""
"ANXA1",0.32532843070333,13.289408378702,2.50348559585258,0.0196177417819836,0.220281887938133,-3.30425991122666,"ANXA1",0.168183187777353,1.70735098615422,""
"ENDOG",0.324882228042314,13.1447993363826,2.67983022619886,0.0131927963171371,0.187602275549386,-2.96097119807831,"ENDOG",0.143232605419846,1.87966314255904,""
"PRR33",0.320646512767166,12.6929241232753,2.85788026291334,0.00875218530817227,0.166993990169664,-2.60272733146248,"PRR33",0.127498369790085,2.0578834956879,""
"ABHD11",0.320162369630166,12.4797185540373,3.63711196447456,0.00133371541013513,0.0785079967239144,-0.934900333909085,"ABHD11",0.0599401307053908,2.87493683083438,""
"PPP1R3D",0.319314009830419,10.2193681235319,1.30015992780084,0.215073924528367,0.581493473284371,-4.96548998337601,"PPP1R3D",0.44396489844938,0.667412240100219,""
"DYNLT3",0.318312722336756,10.5896593906209,1.53390920964157,0.138322835279247,0.481947645736308,-4.91361038504337,"DYNLT3",0.367962578133013,0.859106117669995,""
"ARF1",0.31789489079172,14.5120606351282,3.78211419692964,0.000929912224331411,0.076513026236464,-0.612477448640099,"ARF1",0.0584169891559804,3.03155804315314,""
"PRCP",0.317845517043905,13.2529298418452,1.38319096158765,0.182943674095331,0.545788089797559,-5.00934422295258,"PRCP",0.416704167792707,0.737682603138232,""
"NPEPL1",0.317680678984935,14.4636269522637,3.66257092658754,0.00125209316536876,0.0785079967239144,-0.878475848770804,"NPEPL1",0.0599401307053908,2.90236335507111,""
"GUF1",0.317330840065624,10.4553157425791,2.74238758909661,0.0114334490055814,0.176451356527884,-2.83635380484367,"GUF1",0.134718981693277,1.9418227408957,""
"SYPL1",0.31623364575861,11.5868557111787,2.00262778599083,0.0585223865487006,0.352978512145629,-4.16219678783539,"SYPL1",0.269495835291879,1.23267797161375,""
"DUSP22",0.315936554091595,10.8534322798219,2.29110796312939,0.0316042546241179,0.269245741916447,-3.69190679413361,"DUSP22",0.205566638250824,1.50025444790701,""
"GSTM1",0.315531569926419,13.0205327894637,0.647949145111577,0.523259476804109,0.806142304976464,-5.80648379667165,"GSTM1",0.615482207466841,0.281282897367756,""
"PNP",0.315517805737448,13.7027488221926,1.59285939418289,0.12447139806369,0.460063303272368,-4.83218252121271,"PNP",0.351254084700133,0.904930432425045,""
"ABCF2",0.314818151772204,10.5310873952567,1.61807332576638,0.123378844819244,0.45764943601557,-4.68246283347543,"ABCF2",0.34941111933462,0.908759300318141,""
"SF3B2",0.314232825910274,11.6090340864846,3.2855267660852,0.00316119179342006,0.109346766733843,-1.70376560323751,"SF3B2",0.0834852469015038,2.50014915417714,""
"SYNPO2",0.314090220295771,16.7030778717477,3.85865670407947,0.000768070399326667,0.076513026236464,-0.441354679336361,"SYNPO2",0.0584169891559804,3.11459897184624,""
"RHOT1",0.313893457382909,10.4375515818421,3.27561717022643,0.00350799517724466,0.113162406223252,-1.76301329179458,"RHOT1",0.0863984524253196,2.45494101236913,""
"KIAA1191",0.313761173788921,9.8294975799856,1.14793381142669,0.270718854782458,0.629849134587063,-5.08755588496884,"KIAA1191",0.480883999429905,0.567481495826026,""
"MOGS",0.311729652023654,12.2100987430393,2.15700688046691,0.0413925287080926,0.299979513069481,-3.93914883117928,"MOGS",0.229031588789057,1.3830780413348,""
"MAPKAPK2",0.311665184794538,11.6721492310836,1.63181991832322,0.115964104522176,0.447490516240816,-4.77703019608578,"MAPKAPK2",0.341654877874713,0.935676421294061,""
"LYPLA1",0.311515397284287,13.8188168968312,3.37263659168427,0.00255722054634368,0.103405354768348,-1.51530948854349,"LYPLA1",0.0789490337175305,2.59223181482482,""
"SAE1",0.31138283274408,10.7665794623891,1.80861561435804,0.0838074288486405,0.400175697227835,-4.49869890143814,"SAE1",0.305530450373226,1.07671748298101,""
"IMPACT",0.309290593026047,10.962455590804,2.87373856264484,0.00843441038637321,0.165234810050664,-2.57030620984935,"IMPACT",0.126155252010147,2.07394527168714,""
"MRPS28",0.309143597201276,12.207543641355,2.59084729194668,0.0161376975797906,0.203207586629732,-3.13572611901896,"MRPS28",0.155147116359968,1.79215842746526,""
"MCEE",0.308997187145287,12.7913424151423,1.72995413509589,0.0966707072168413,0.419636329431174,-4.63353105146755,"MCEE",0.320388463398062,1.0147051042141,""
"CSRP3",0.308144964263164,17.1484320550578,2.15548954280864,0.0415236726858934,0.299979513069481,-3.94179985557708,"CSRP3",0.229031588789057,1.38170424098145,""
"DUSP13",0.307615488110383,11.0564231150419,1.92852390102443,0.0658784583283401,0.370131220862357,-4.32411005671111,"DUSP13",0.282591770041657,1.18125657263721,""
"PRDX5",0.30722308121106,17.4561804649763,3.63499615613391,0.00134072900157484,0.0785079967239144,-0.93958574378938,"PRDX5",0.0599401307053908,2.87265899620833,""
"GLS",0.306904277483802,11.046930279136,1.78207794026091,0.0875827038665582,0.402770799372623,-4.55471981549229,"GLS",0.307511786902542,1.05758165133161,""
"TRPT1",0.306755203537843,9.49933878444548,1.51892359119388,0.146492787554145,0.4901874045081,-4.79395031835154,"TRPT1",0.374253557885037,0.834183756897198,""
"EEF1A1",0.306445646994066,14.9500556169646,3.26963571998374,0.00328538214507448,0.11085811966466,-1.73797717672094,"EEF1A1",0.0846391509112276,2.48341410743005,""
"PTRH2",0.305874830258801,11.4387215216066,2.76074363879101,0.0109607818211121,0.176451356527884,-2.79952383683979,"PTRH2",0.134718981693277,1.96015846697528,""
"CTSB",0.305736449889556,13.7404662023148,3.10102264115571,0.00492986484708561,0.127510288071917,-2.09746032788188,"CTSB",0.0973529277557608,2.30716498680178,""
"SMTN",0.305392396904757,16.4753978544432,3.24927033727825,0.00345146247392355,0.112603963211756,-1.78174229914026,"SMTN",0.0859720863416412,2.46199684412314,""
"PANX1",0.304571665353489,9.4830281171308,1.17311055683828,0.257262750647819,0.621195422295954,-5.18250007825538,"PANX1",0.474276969987541,0.589623091205923,""
"PURB",0.304278514444929,12.7640876052286,2.83488456307821,0.00923325331186073,0.169927373450975,-2.64959748112794,"PURB",0.129737980844092,2.03464524952178,""
"PELO",0.304204256416931,11.6338161486919,2.6013265697141,0.0157613694072283,0.199343134661464,-3.11530399153797,"PELO",0.152196642959186,1.80240605206436,""
"APOL2",0.303444236756004,9.85828395553542,1.79264907564813,0.087015476213095,0.402770799372623,-4.50504724833005,"APOL2",0.307511786902542,1.06040349868935,""
"KIAA1217",0.303040494589526,12.1432533870591,2.62016382166049,0.0154140439913961,0.198514611029257,-3.07711781765123,"KIAA1217",0.151564072815004,1.81208340587983,""
"RPS13",0.302812781596611,12.1804746842858,1.84379513139298,0.0777795495258058,0.390393508196833,-4.45915403303001,"RPS13",0.298061839358159,1.10913457647557,""
"TXN",0.302336418359857,16.4915063103212,2.15608255869295,0.0414723736401569,0.299979513069481,-3.9407639087965,"TXN",0.229031588789057,1.38224110740614,""
"RPS23",0.3021129170689,10.6485751307999,1.83755864459803,0.0798928169585959,0.394523296365423,-4.43649489857612,"RPS23",0.301214894498279,1.09749226568573,""
"CALU",0.301992580264974,15.4462503905488,4.04662198165502,0.000479328739786205,0.076513026236464,-0.0190468594078768,"CALU",0.0584169891559804,3.31936653062355,""
"EGFLAM",0.301417536884999,10.7051379196593,1.5909993287512,0.124890196719502,0.46028209856443,-4.834789239584,"EGFLAM",0.351421132885683,0.903471650318558,""
"NAMPT",0.300256065919076,13.299774841145,3.34057579057911,0.00276519418025024,0.106077932291382,-1.58484669998967,"NAMPT",0.0809895219828762,2.55827436582398,""
"PPIL1",0.299310330166612,12.1378163434401,2.00777123060418,0.0562242407996943,0.346394410592108,-4.19392609163048,"PPIL1",0.26446893454082,1.25007640016498,""
"TPD52",0.299136184510592,10.5601477712745,1.0807794460237,0.303664396774007,0.652072163902898,-5.04350745313428,"TPD52",0.497851077147418,0.517606124087633,""
"TUBB2A",0.298751193247048,10.5297763264279,2.31809683852203,0.029840087105674,0.263602738708893,-3.64323811950604,"TUBB2A",0.2012582573986,1.52519991345613,""
"SSR4",0.297905036753821,12.3019798786905,2.92390629792766,0.00749986174558539,0.152709950862239,-2.46722568200475,"SSR4",0.11659263765048,2.12494674243267,""
"ERN1",0.297183014501385,13.3100510300355,2.64774892593298,0.0141909528796136,0.195810726532528,-3.0243233014923,"ERN1",0.149499681964272,1.84798844200101,""
"TRAPPC3",0.296939062419616,11.12890934977,2.0777292749146,0.0504065634450786,0.33421996224208,-4.03356121204723,"TRAPPC3",0.255173855621242,1.29751291033241,""
"TGM2",0.296529413722199,12.8049110802789,2.46801882186647,0.021220304556211,0.228464450028841,-3.37177679757513,"TGM2",0.174430498391415,1.67324838734643,""
"HSPB3",0.296190404260742,15.061800446084,2.83583477223422,0.00921288738738781,0.169927373450975,-2.64766413730762,"HSPB3",0.129737980844092,2.03560423735078,""
"SULT1A3",0.295654130389194,11.960867243,1.96678011713831,0.0610495481567846,0.358564654782049,-4.26172229856911,"SULT1A3",0.273760803622984,1.214317546031,""
"ZC3H8",0.295489537955469,10.6617396865583,0.513285455204935,0.622243727980374,0.857325869588948,-5.27202097154248,"ZC3H8",0.654560386516919,0.206039472248083,""
"TBRG4",0.294442984174431,11.5806450047171,2.8822662016138,0.00826809781177463,0.163708336673138,-2.55283927858885,"TBRG4",0.124989803678954,2.08259439430131,""
"SET",0.29429948100989,11.8040420293048,1.49292549816768,0.148679039378338,0.49453224379322,-4.96875853226906,"SET",0.377570802567256,0.827750253562555,""
"SNRPC",0.293993634440842,10.383289274707,2.20254807860539,0.0385842008695747,0.293300914985479,-3.84090485364191,"SNRPC",0.223932540809376,1.41359049014068,""
"ADGRE5",0.291083727024464,10.1470387306503,1.3392076410667,0.218932570357843,0.5839271230586,-4.71346436189644,"ADGRE5",0.445822967584317,0.659689624112949,""
"NDUFA4",0.290806587724202,16.4449237955666,2.20196539167947,0.0376723426414314,0.291529098985309,-3.86005529767468,"NDUFA4",0.222579775650821,1.42397737250677,""
"PPP2R5D",0.290079410408783,12.913291286133,3.26223169500836,0.00334484685084163,0.11085811966466,-1.75389877453501,"PPP2R5D",0.0846391509112276,2.47562376230783,""
"MLH3",0.289261228526055,15.3050901537278,1.7836184432943,0.0873256509516102,0.402770799372623,-4.55236385256219,"MLH3",0.307511786902542,1.05885816831684,""
"AGRN",0.288183131352634,10.4411203416953,1.48151275222056,0.152249799032032,0.500754852280834,-4.96582277904155,"AGRN",0.382321706699833,0.817443271958386,""
"NTMT1",0.286204417848198,14.891728613848,2.73199079904123,0.0117096358506302,0.17671310679805,-2.85716178235809,"NTMT1",0.134918825608045,1.93145661052293,""
"SYNGR1",0.286090219901448,10.6762358999402,2.00317063710204,0.0599108339173872,0.356115950676643,-4.12743725178659,"SYNGR1",0.271891240645176,1.22249463528864,""
"PTMS",0.286085016746721,10.9780998808018,1.90146286695002,0.0785627263415474,0.392198618060361,-4.20230764365541,"PTMS",0.299440024074016,1.10478345375287,""
"PDIA6",0.28577741489805,13.4107261077222,3.2696287842242,0.00328543736696193,0.11085811966466,-1.73799209686923,"PDIA6",0.0846391509112276,2.48340680771318,""
"VPS45",0.285170012017273,10.7572349568129,2.22766436835805,0.0366244107026772,0.290465975490017,-3.79369124995706,"VPS45",0.221768090677023,1.43622935450499,""
"CACYBP",0.28500035179966,11.0101462955504,2.95447956285377,0.00697965553334227,0.143132793115898,-2.40403216529475,"CACYBP",0.109280566128382,2.15616601056598,""
"TAGLN2",0.284249046413747,13.6583041703217,3.57256505689058,0.00156475229830361,0.0831926638598083,-1.07756053304088,"TAGLN2",0.0635168308143518,2.80555440188373,""
"ATP6V0D1",0.283881436124158,9.45016209313993,1.83331544925561,0.0846978844671451,0.400175697227835,-4.3502386334786,"ATP6V0D1",0.305530450373226,1.07212743708038,""
"LRRC39",0.283181860636512,13.7886070612398,2.8479211237339,0.00895753203975209,0.166993990169664,-2.62304709643082,"LRRC39",0.127498369790085,2.04781162975268,""
"AFG1L",0.282709389369105,10.8852811700579,1.67023682202348,0.1086366097788,0.434095799300432,-4.70503579729379,"AFG1L",0.331428135152035,0.964023795874079,""
"ACSS1",0.282670476447558,12.8566376695728,2.43858791579711,0.0226413428546961,0.233824803366304,-3.42739277925189,"ACSS1",0.178523078677275,1.6450978187784,""
"UBE2A",0.280711975146042,11.581850559541,2.69871813670223,0.0126364011152076,0.185097487764087,-2.92349444333498,"UBE2A",0.14132022307021,1.89837659680959,""
"AIP",0.280428045959834,10.2447394791774,1.3103973801038,0.211685401111848,0.577707972045737,-4.91870331975011,"AIP",0.441074703201791,0.674309092075949,""
"ECH1",0.279239790934575,16.4664870495415,3.31737146893447,0.00292586976055385,0.106077932291382,-1.63504873081405,"ECH1",0.0809895219828762,2.53374500956124,""
"POR",0.278992212271858,11.5443902043216,1.95383862020169,0.0626470308220248,0.36305903694668,-4.28292369270015,"POR",0.277192222913114,1.2030995077212,""
"ZNF512",0.278915532941756,12.2887486524914,1.40033365555485,0.177007031331062,0.535497562646447,-5.00798715292621,"ZNF512",0.408847445315961,0.752009481617693,""
"RPL11",0.278198270443136,11.9821121721038,1.62562065290769,0.117284337904063,0.449563863982062,-4.78587605968925,"RPL11",0.34323785973381,0.930759979495603,""
"SPARC",0.273829142933964,11.6962952451117,2.73780338801529,0.0115544601279144,0.176451356527884,-2.84553325119625,"SPARC",0.134718981693277,1.93725034174222,""
"POLR2I",0.273399295740132,10.2605981956664,1.16807271740853,0.264323417447305,0.62724371284876,-5.07952201617918,"POLR2I",0.478894783986213,0.577864359313888,""
"ERP44",0.272912525938029,12.4228281133867,2.57166885724686,0.0168482669527952,0.207565769866379,-3.1729888487167,"ERP44",0.158474549025985,1.77344476491409,""
"RPS28",0.271436450842639,14.0496966432841,2.8588894516805,0.00873162833996322,0.166993990169664,-2.60066649935944,"RPS28",0.127498369790085,2.05890475822839,""
"MTDH",0.270944948554751,9.49718028515309,1.28662987692992,0.219618821786788,0.5839271230586,-4.97948598883083,"MTDH",0.445822967584317,0.658330442692534,""
"SUPV3L1",0.270634534458274,11.1560810879758,2.01339991744487,0.0561053424296661,0.346394410592108,-4.17182343638293,"SUPV3L1",0.26446893454082,1.25099578264304,""
"THOC2",0.269762952491185,17.325191050772,1.77897924952335,0.0881017283197518,0.402770799372623,-4.55945417682233,"THOC2",0.307511786902542,1.05501557181078,""
"API5",0.269302977296528,9.46566777455866,1.93214344397431,0.0654076405927156,0.36892993348072,-4.31824444446436,"API5",0.281674598216177,1.18437151660791,""
"IDH3A",0.269183767463881,15.2504605719565,3.67068110158759,0.00122713641680997,0.0785079967239144,-0.860483750914058,"IDH3A",0.0599401307053908,2.91110715546807,""
"DPP3",0.268599024109621,12.8478355131258,3.00599868986348,0.00618014465537718,0.138551130246114,-2.29692835883529,"DPP3",0.105782508825651,2.20900135949098,""
"ERP29",0.268061660976656,13.1972302573829,2.65673442870733,0.0139044583985746,0.192848792571534,-3.00661811510681,"ERP29",0.14723827272991,1.85684592295167,""
"CAPG",0.267788196723034,11.3523586814507,2.03946806635346,0.0544056886102572,0.340310568787956,-4.09648411268086,"CAPG",0.259823977489958,1.26435568848414,""
"NES",0.267269395215646,12.4507621720353,1.39415867731749,0.176231616548473,0.533714104547115,-5.09659795354586,"NES",0.407485791522176,0.753916175034184,""
"SRP14",0.267240530678036,9.9280935781158,1.54657272733482,0.13715634597435,0.480214474746778,-4.84035252333764,"SRP14",0.366639318083307,0.862784093579806,""
"POLG",0.26653029165092,13.3170375180329,1.03606879344977,0.310648811816615,0.662117846121382,-5.49631954183517,"POLG",0.505520862778533,0.50773030315653,""
"MRPL43",0.266151531750438,10.7657211208566,1.76145537958721,0.0910868502327181,0.409400855492248,-4.58611185815759,"MRPL43",0.312573773540564,1.04054431549214,""
"TOMM20",0.266090411558014,11.1541977705381,1.6914696743004,0.10446313431637,0.433545212282292,-4.67417925744212,"TOMM20",0.331007767046757,0.981036947713244,""
"RCC1L",0.266003976186125,10.3159874578858,1.78062083280442,0.0912720118711508,0.409424812491865,-4.47502751624636,"RCC1L",0.312592064488599,1.03966237639098,""
"AFM",0.264625942843365,10.6518863724818,0.805431965371011,0.430210210896265,0.747609147205217,-5.60919559846934,"AFM",0.570792681892191,0.366319285991149,""
"STAT1",0.26411051715729,12.0341303722854,3.70558430934558,0.00112519100043957,0.0771536240771049,-0.78295884936328,"STAT1",0.0589060796932493,2.94877375008937,""
"ATP5PO",0.263815772700546,16.1365136119394,1.91933518057316,0.0670870662559055,0.372514727068544,-4.33896563076822,"ATP5PO",0.284411555025324,1.17336119957934,""
"UFL1",0.261235641920951,10.3889907608934,2.70711142725804,0.0137032438530798,0.190980646127147,-2.91330306661843,"UFL1",0.145811960166526,1.86317661381189,""
"CLPP",0.261038648592608,12.0933816193139,3.61135593440112,0.00142159415016493,0.0800273883357554,-0.991895365698862,"CLPP",0.0611001721738631,2.84722437231328,""
"CRADD",0.260793132933006,11.7199026970178,2.11407627010156,0.0452505514788181,0.312052289586367,-4.01368431362348,"CRADD",0.238249042202675,1.34437612358037,""
"HDHD2",0.260774467204957,13.4552416830036,3.12474675639403,0.00465790027798118,0.124979735496112,-2.04729201886853,"HDHD2",0.0954208742264364,2.33180981360857,""
"ANP32A",0.260285242054085,10.0574683188798,1.64373488040011,0.114676585694308,0.444313734856084,-4.72759663586247,"ANP32A",0.339229434615819,0.940525245933048,""
"DDAH1",0.260226368675628,14.6870565009408,1.75837393986615,0.0916206133684867,0.409723957914214,-4.59077889664553,"DDAH1",0.312820459256823,1.03800680509805,""
"PAIP1",0.259431824507374,12.2801558522566,1.86150103163597,0.0804238917106621,0.394523296365423,-4.30973240676482,"PAIP1",0.301214894498279,1.09461491522251,""
"IGFN1",0.258896860378233,11.3936728446118,0.868098130541878,0.398458393230057,0.722205837729478,-5.44317410490425,"IGFN1",0.551397489633242,0.399617020651735,""
"MKNK1",0.258755050992757,10.2108358672959,1.25610063154246,0.224588457544826,0.586237183930857,-5.14543289183918,"MKNK1",0.447586677733582,0.648612567546518,""
"GMPS",0.258676352731422,10.8462884829485,1.67765981765476,0.110094310810348,0.435515144326313,-4.620112289735,"GMPS",0.332511791975766,0.958235122876667,""
"LYPLA2",0.258526836560938,13.1045430733242,2.02401963114968,0.0544070188344381,0.340310568787956,-4.16678552200113,"LYPLA2",0.259823977489958,1.26434507007321,""
"MRPS35",0.258409452874293,11.1556802475736,2.28913385445813,0.0313099244580944,0.267532122378539,-3.70378393942149,"MRPS35",0.20425830555393,1.50431798021037,""
"TMSB4X",0.258103811942256,11.232233242161,1.68044958278343,0.10661195397816,0.433545212282292,-4.69023127423644,"TMSB4X",0.331007767046757,0.972194096850843,""
"CALR",0.257365742569641,14.6519698475563,3.79451128137097,0.000901587859101869,0.076513026236464,-0.584801209137171,"CALR",0.0584169891559804,3.04499194518795,""
"TAPT1",0.256858688950997,12.281244667797,1.5979805045119,0.13293263252956,0.472934800279034,-4.52652912261458,"TAPT1",0.361081353833834,0.876368394618764,""
"RAD23B",0.255925879769492,12.4954282991116,4.13216684531059,0.000386482911324031,0.076513026236464,0.173891049291073,"RAD23B",0.0584169891559804,3.41286970402702,""
"CLASP1",0.255566225207694,10.9096213560875,1.68265928641503,0.106178109094937,0.433545212282292,-4.68701899844898,"CLASP1",0.331007767046757,0.973965013191011,""
"COMTD1",0.253208288516907,12.1757545334831,1.42369346787685,0.167596199318891,0.522120083002782,-5.05913017276246,"COMTD1",0.398633863110192,0.775735834354603,""
"TYMP",0.253051620872595,10.8660360931092,1.79637974110819,0.0852210698240915,0.401613014246981,-4.53278903394963,"TYMP",0.306627828647896,1.06945301817848,""
"GSTK1",0.252719762736721,15.2074552373692,3.51708671166657,0.00179429109069898,0.0873860558932828,-1.19969191546162,"GSTK1",0.0667184469181141,2.74610709929128,""
"CAMK2A",0.252338723904698,15.4671988366425,1.83511889517596,0.0790976199039879,0.393568919834227,-4.47273357420272,"CAMK2A",0.300486236827606,1.10183658449368,""
"SYNJ2BP",0.252330822728895,13.1717112672589,1.30043448719586,0.205983160277037,0.574711033192782,-5.2110935648942,"SYNJ2BP",0.438786568055586,0.686168283017727,""
"REEP5",0.252234872744181,13.325709622205,2.79005916533647,0.0102440160981991,0.176111198909758,-2.74046353186907,"REEP5",0.134459274492206,1.98952974772083,""
"VAMP5",0.252037556974875,10.7516602971092,1.88743316068609,0.0719831932233254,0.377887379181409,-4.37581761984766,"VAMP5",0.288513525312659,1.14276889165769,""
"YAP1",0.251715270610559,10.3134873912548,2.31440592857075,0.0329143125019521,0.276306991792703,-3.61050113063766,"YAP1",0.210957837341213,1.48261521180771,""
"RPL22",0.25165202646502,12.7688781826047,3.15536362359362,0.00432820639921835,0.120643500700543,-1.98234092369333,"RPL22",0.0921101989925527,2.36369203720272,""
"UBE3C",0.251609857350171,11.0774660307806,1.27453447285647,0.215396000877731,0.581493473284371,-5.2222616153299,"UBE3C",0.44396489844938,0.666762364236072,""
"PPP1R14C",0.251575959373108,11.6599175155823,1.21698762817992,0.241644957845391,0.604408538843953,-5.12267853529488,"PPP1R14C",0.461460339450048,0.616822262402896,""
"PFN2",0.250971666231001,15.0796733999823,2.46931658096324,0.0211595871854104,0.228464450028841,-3.36931576359367,"PFN2",0.174430498391415,1.67449280945572,""
"HTATSF1",0.250854220099294,11.2549564918817,1.54656802825148,0.136462085895211,0.479538125587698,-4.85807499784503,"HTATSF1",0.36612293174447,0.864987994584354,""
"HYOU1",0.250657878047296,11.4651307803005,3.51674269723441,0.00179581236422978,0.0873860558932828,-1.2004477555124,"HYOU1",0.0667184469181141,2.74573904263345,""
"GORASP2",0.250163692171295,13.1915276044505,1.65850852409841,0.110421527354795,0.435515144326313,-4.73864708759825,"GORASP2",0.332511791975766,0.956946249976427,""
"CSPG4",0.249651411634222,11.0877535484247,1.57569662117278,0.135093811175878,0.476479523201408,-4.6667063826649,"CSPG4",0.363787717059846,0.869364546120307,""
"CALM1",0.249533408016298,15.5118810511287,2.24518917416697,0.034383779892818,0.28204523449223,-3.78303875334252,"CALM1",0.215338932666297,1.46364638197247,""
"HSBP1",0.249457601798133,10.5002537444497,1.41274002793553,0.180128170675778,0.540910606050192,-4.83711953426987,"HSBP1",0.412980253980987,0.744418361515221,""
"SEPHS2",0.249387820583248,11.0260172462794,1.76422680521405,0.0906090620438201,0.40864899364209,-4.58190910334306,"SEPHS2",0.311999733959229,1.04282836525018,""
"MRPL53",0.249314377143497,10.378449670689,2.10333500625339,0.0462649703741756,0.315502921482798,-4.0321788707132,"MRPL53",0.240883567799037,1.33474771159738,""
"CLPB",0.248832355347266,12.3019202463832,1.85271837160848,0.0764438505646313,0.388442999948773,-4.44513903400624,"CLPB",0.296572644318043,1.11665744515374,""
"OXR1",0.248507366392658,10.0975956102655,2.42336482874644,0.0288348890069998,0.260680969732634,-3.42748990664194,"OXR1",0.199027513759276,1.54008171596248,""
"ADPRH",0.247724165272855,10.838058750773,1.93752838632868,0.0658356561068217,0.370131220862357,-4.28079925155629,"ADPRH",0.282591770041657,1.18153883197369,""
"VAT1",0.247554281259584,11.9990605734702,2.03044691860739,0.053702701472256,0.340310568787956,-4.15600833031401,"VAT1",0.259823977489958,1.27000386690782,""
"TBCA",0.247329761586913,11.8513295671297,2.81926993655198,0.00957410358038543,0.172846403052675,-2.68132553568225,"TBCA",0.13196663299623,2.01890187828017,""
"GMPR",0.246435829222586,12.7667303196086,2.17303726756361,0.0400296494995854,0.296383859186472,-3.91106759719525,"GMPR",0.2262863402448,1.39761821256945,""
"ATP1A1",0.246016229335931,11.8792821320999,2.74416710803006,0.0113867974167006,0.176451356527884,-2.83278849047507,"ATP1A1",0.134718981693277,1.94359840584448,""
"COX20",0.244558848277451,11.6057179737175,1.23972009712575,0.227240515827752,0.588068460932001,-5.28161077644262,"COX20",0.448984840817432,0.643514233560895,""
"BAX",0.244364297072311,12.5960035254866,2.39600639954774,0.0248535030439718,0.24604968013532,-3.50718399964277,"BAX",0.18785665922919,1.60461238981008,""
"CMAS",0.243886438452993,10.3039782673089,1.82184981014481,0.0854704116004547,0.401613014246981,-4.39878548810151,"CMAS",0.306627828647896,1.06818420460087,""
"ADPRHL1",0.241952609439057,16.1505578804728,3.83445375939299,0.000815986957596732,0.076513026236464,-0.495525319550555,"ADPRHL1",0.0584169891559804,3.08831678277682,""
"GMFB",0.24194295157173,10.5886515168852,1.80447979038242,0.0950070247913188,0.416040501490217,-4.32522118675486,"GMFB",0.317643081962168,1.02224428191836,""
"LAMTOR1",0.241886962017475,11.3383067436795,2.38697474642432,0.0253476091330433,0.247527162656352,-3.52400332925882,"LAMTOR1",0.188984703493737,1.59606299843299,""
"GSTT2",0.24184263001227,10.2459190704451,0.590612309856859,0.561512774619063,0.822501620373127,-5.74799015354731,"GSTT2",0.627972393741432,0.250640358933319,""
"DYNLL2",0.24118767744883,15.9674353159408,2.04569186007977,0.0520644213596095,0.336659805683421,-4.13035271979403,"DYNLL2",0.257036653563838,1.28345895396502,""
"HSPB2",0.239694932289179,16.7972017611321,2.52402184490772,0.0187419594409755,0.219625165530778,-3.26492336165488,"HSPB2",0.167681786282262,1.72718500630215,""
"DBN1",0.239663772112387,11.9518261366036,1.17650938017052,0.255016843642868,0.619630873609365,-5.21544412090638,"DBN1",0.473082451509393,0.593431133842244,""
"TMEM43",0.239018818834362,13.4768584878145,2.38195204725037,0.025626289717232,0.249400263654824,-3.53334088444542,"TMEM43",0.190414798813424,1.59131426825884,""
"ARL6IP5",0.238904401859873,14.5011652856214,2.10613692115332,0.0459984080403348,0.315450024127684,-4.02736047964254,"ARL6IP5",0.240843181156761,1.33725719856325,""
"KLHL41",0.23781813243524,19.0605014964038,3.19208968236339,0.00396234847888092,0.116672175960262,-1.90413130881124,"KLHL41",0.0890781292169975,2.40204733197775,""
"MRPL30",0.237265914888383,9.52489339618459,0.804771910066425,0.440330640283912,0.755190721777247,-5.24104823734037,"MRPL30",0.576581144084116,0.356221093229465,""
"MRPL13",0.237143020077793,11.8418967359584,2.36761209646102,0.0264375163906571,0.251434625122853,-3.55993638303827,"MRPL13",0.191968015012845,1.57777934602813,""
"CROCC",0.236350781431106,12.0805038529178,0.898358697122441,0.383523147348157,0.713027020541709,-5.39476739546884,"CROCC",0.544389547450096,0.416208419297257,""
"CLIC1",0.236316717932677,11.0316108733577,1.83348950326048,0.0799061099224465,0.394523296365423,-4.46032732516455,"CLIC1",0.301214894498279,1.09742001162278,""
"GAA",0.236293510997369,12.3403624420715,2.33824535542477,0.0281729384799572,0.257791070176594,-3.61410457555612,"GAA",0.196821102128069,1.55016785308255,""
"BOLA2B",0.235992645104085,12.7621783696324,2.71078501233876,0.0122925836768885,0.180984655058189,-2.89948376511582,"BOLA2B",0.13818011326932,1.91035682674028,""
"COX7C",0.235658099595902,15.3593182837438,1.70179547235067,0.101906150747222,0.431522948075624,-4.67536684951193,"COX7C",0.329463786994702,0.991799602500321,""
"MANF",0.235479772950841,10.980187148544,1.57154366336665,0.137401461274004,0.48048671780471,-4.66032743572357,"MANF",0.366847173144664,0.86200864850018,""
"CD38",0.235418444953829,10.5138613158044,1.39518450002536,0.17592587343987,0.533350773649279,-5.09530761305374,"CD38",0.407208391735984,0.754670284102333,""
"PPP1R14B",0.235106200704783,10.6060072491367,1.10544968091057,0.288070567021773,0.640123355022583,-5.16593448412619,"PPP1R14B",0.488728271879841,0.540501112538829,""
"MTIF2",0.234334521332423,11.7738408851549,1.60872011358306,0.120947470541999,0.454669276450088,-4.8098571385544,"MTIF2",0.347135795019493,0.917403209907634,""
"PPP6R3",0.2341753787314,10.8713439812903,3.39897176704572,0.00239783665900442,0.0983455578285955,-1.45804411773073,"PPP6R3",0.0750859254665576,2.62018040443532,""
"PDK2",0.233399736426607,13.7418303720505,1.69649194897512,0.102918646754584,0.431993688193897,-4.6831875097841,"PDK2",0.329823192729086,0.987505932827808,""
"FDX2",0.233271672265706,10.6376757486454,0.507357976099255,0.618978797479917,0.856428013284261,-5.67670581922401,"FDX2",0.653874881517385,0.208324227062565,""
"ECM1",0.232622812570275,11.1857162626221,0.970959704746789,0.341395267525189,0.687799182676832,-5.55763014157431,"ECM1",0.52512832614607,0.466742503437868,""
"SH3KBP1",0.232584066955303,9.77917963195203,1.22478609967195,0.23444519490106,0.596184370735998,-5.23624013262169,"SH3KBP1",0.45518126302593,0.629958663967316,""
"VCL",0.232576548255048,14.3060710994038,2.97126411633579,0.00670890398406052,0.141987268655228,-2.36922225521352,"VCL",0.108405968778252,2.17334842357965,""
"CAPZA1",0.232007843378685,13.0315295731873,2.77584542840756,0.0105858187924191,0.176451356527884,-2.76913581418569,"CAPZA1",0.134718981693277,1.97527554451498,""
"IARS1",0.231754060099838,11.6410277541076,2.25836673233516,0.0334343783406941,0.277428035306742,-3.75937263121465,"IARS1",0.2118137437146,1.47580674740699,""
"GBE1",0.231725869345548,14.7006785243927,2.8298987001568,0.00934081790936695,0.17081202686492,-2.65973715014766,"GBE1",0.130413405558434,2.02961509400839,""
"RHOC",0.231315703345574,11.5819083225079,2.07313868821282,0.0492267088638999,0.329440282396869,-4.08383545811876,"RHOC",0.251524614185884,1.30779919875957,""
"RPS27A",0.230581881159598,16.9948182532037,3.01759923555492,0.00601261450204742,0.13728441405085,-2.27270815534019,"RPS27A",0.104815382705012,2.22093663999294,""
"FNTA",0.230205311076149,11.6773302609809,3.32019309307172,0.00290585823457802,0.106077932291382,-1.62894998656782,"FNTA",0.0809895219828762,2.53672557704498,""
"TOMM40",0.229925639280108,11.8715282444913,2.25462552972653,0.0337014662708452,0.278037096734473,-3.76610036229071,"TOMM40",0.21227875649176,1.47235120359501,""
"CPTP",0.229628055468494,12.1076427700025,2.51625410761925,0.0190688541306554,0.220281887938133,-3.27982288977457,"CPTP",0.168183187777353,1.71967540342411,""
"TPRKB",0.229576329920775,10.9292192417407,1.26276484468353,0.222235692294622,0.586117624889804,-5.15256248481943,"TPRKB",0.447495395509519,0.653186189671645,""
"MYOT",0.229549775848348,18.1579297347481,3.92385202574198,0.0006523814105889,0.076513026236464,-0.295179476165634,"MYOT",0.0584169891559804,3.18549842254544,""
"MRPL12",0.228945376910257,12.8494128440276,1.90948575181342,0.0684041004222882,0.374612997931441,-4.35483322446953,"MRPL12",0.286013565457709,1.1649178641074,""
"AP2M1",0.228369981474872,11.721711917226,1.85668523969236,0.076410878411343,0.388442999948773,-4.42420343347468,"AP2M1",0.296572644318043,1.11684480768479,""
"LAP3",0.228338314527104,15.1191467666936,3.4173744373228,0.00229224291745821,0.0972234475391429,-1.41795176491046,"LAP3",0.0742292046199898,2.63973936047364,""
"TUBA3C",0.227962651659841,12.945676230171,1.9370130900664,0.0647788726935849,0.3661026446915,-4.31034069597727,"TUBA3C",0.279515989327407,1.18856661401673,""
"TOLLIP",0.227878414651384,14.0372776787532,2.30719165864443,0.030121148083754,0.264317331313453,-3.67094369405766,"TOLLIP",0.201803842254995,1.52112847878818,""
"PSMD7",0.227668066979749,13.0379452203028,2.69273659504042,0.0128101686397574,0.185747445276483,-2.93537693464671,"PSMD7",0.141816459630454,1.89244515293806,""
"ALDH1A2",0.227500337663118,11.8999645809711,1.25424356516899,0.223766723347081,0.586117624889804,-5.19596098052576,"ALDH1A2",0.447495395509519,0.650204497527347,""
"CRIP1",0.227342086985621,11.5255605209311,1.17508730574831,0.258707410158225,0.623634739348668,-5.13635319792735,"CRIP1",0.47613936603728,0.587191131605307,""
"PCBP1",0.227327809936753,15.1479285912457,2.90283487711387,0.00787969862627159,0.15710149136129,-2.51061582630048,"PCBP1",0.119945538278384,2.10349039259295,""
"CDC34",0.22691816112992,11.7859433275089,1.72380011961911,0.0977949418714591,0.422209440771367,-4.64271891162022,"CDC34",0.32235301015109,1.00968360711549,""
"GLRX5",0.226909496833038,13.4133283728198,2.28997885231942,0.0312533550880865,0.267532122378539,-3.70225072131268,"GLRX5",0.20425830555393,1.50510335374298,""
"ACE",0.226699682076923,11.8009647910093,1.53919515882653,0.142545997102084,0.486033812321408,-4.76675150921275,"ACE",0.371082328596857,0.846044973800927,""
"IGKV2-28",0.226341291537077,12.103340584454,0.763469277349362,0.452733420502216,0.760056658016487,-5.72828126999496,"IGKV2-28",0.580296241479988,0.344157444970261,""
"NAA10",0.22596261857424,10.9624308077739,1.53316985687479,0.139085064483593,0.482845489881977,-4.89690602834245,"NAA10",0.368648073849249,0.856719503801025,""
"PLIN2",0.224452362933448,12.4289075138292,1.24483458519143,0.225387866974857,0.586376144004367,-5.27578321179065,"PLIN2",0.447692772466815,0.647069466496186,""
"MRPS17",0.223854200257875,12.1421634266362,1.65844890894682,0.110433655544952,0.435515144326313,-4.73873336612358,"MRPS17",0.332511791975766,0.956898551697434,""
"COX17",0.223393886964056,11.4230223936098,1.53202866133459,0.139999319106384,0.484028729250166,-4.87767527928983,"COX17",0.369551466183082,0.85387407652933,""
"SNAP29",0.223188644006015,11.6366772519822,1.86048529722749,0.0752974837266826,0.388203482341339,-4.43289999989299,"SNAP29",0.296389774836017,1.12321953670602,""
"BAG6",0.222528974774939,12.4452403536542,2.76894757672608,0.0107555556269357,0.176451356527884,-2.78302549002181,"BAG6",0.134718981693277,1.9683671492487,""
"HSPB7",0.222466470687305,16.8841974477694,2.63025316317255,0.0147647502652208,0.198190839735354,-3.05870950355212,"HSPB7",0.151316876421197,1.83077389440522,""
"PPFIA4",0.22222161500215,14.5332697958679,1.3670936351566,0.184451464522375,0.547870838522103,-5.13035355551338,"PPFIA4",0.418294327215761,0.734117892177698,""
"PPCDC",0.222087408832941,9.05762535332453,1.25789327996347,0.223953686695965,0.586117624889804,-5.15804768084223,"PPCDC",0.447495395509519,0.649841783862137,""
"LMOD3",0.221677354198055,13.6146312946468,2.44893418245818,0.0221320439548886,0.233824803366304,-3.40788428468818,"LMOD3",0.178523078677275,1.65497847593545,""
"HOOK3",0.221509116212507,10.9582365635371,2.08031406602407,0.0485079829752735,0.325388829724323,-4.0716058039748,"HOOK3",0.248431367473792,1.31418678352526,""
"PHB1",0.221201423567715,15.8849753435649,3.70433781804878,0.00112868415577792,0.0771536240771049,-0.785730036404375,"PHB1",0.0589060796932493,2.9474275714438,""
"OSBPL9",0.221118436573377,9.6628010488871,1.56890380021996,0.131172179721412,0.469570234389244,-4.82768135550321,"OSBPL9",0.358512538838973,0.882158264614628,""
"TUBB4B",0.220976650756217,17.5746478041779,3.46907237022884,0.00201925897994935,0.0911789257658762,-1.3049999925299,"TUBB4B",0.0696142680497026,2.69480797706925,""
"CORO6",0.220894726909098,13.8548457302664,2.86583631928608,0.00859136220255407,0.166660816780627,-2.58647172650499,"CORO6",0.127243994983443,2.06593797119208,""
"TFG",0.220682291051324,12.1504554405708,1.9491854697049,0.0637639837613586,0.363637755193586,-4.27695363178328,"TFG",0.277634068951845,1.19542455749137,""
"NUDT3",0.220667132205394,11.3163887010467,1.32212362252239,0.198773186867601,0.565587531711478,-5.18520041795811,"NUDT3",0.431820858903647,0.701642199319035,""
"MAVS",0.220226417548767,11.6309221566455,1.61595130896322,0.119368629180637,0.454519011110886,-4.79962058191947,"MAVS",0.347021068820276,0.923109793506854,""
"VPS25",0.220066013354694,13.2140958751736,2.34493551445866,0.0277686365818572,0.257173405246813,-3.60179964166754,"VPS25",0.196349520656522,1.55644544324262,""
"ENY2",0.219575244428786,11.8937445825688,2.43950278491457,0.02259587511262,0.233824803366304,-3.42566963036458,"ENY2",0.178523078677275,1.64597083427426,""
"PTGES2",0.219312476734222,13.999838193861,3.19390858164778,0.00394502710479999,0.116672175960262,-1.9002496305028,"PTGES2",0.0890781292169975,2.40395000856999,""
"ECHDC1",0.219295348700921,12.2797520830975,2.15314122350361,0.0417273766728515,0.299979513069481,-3.94590034750085,"ECHDC1",0.229031588789057,1.37957891776413,""
"VPS26A",0.219243700376822,12.1025374494518,2.38927447654517,0.0252209437714348,0.247130817637506,-3.51972413507752,"VPS26A",0.188682097730944,1.59823866609532,""
"HSPB1",0.219099923304086,19.1820426246422,2.50279720372022,0.0196477471935034,0.220281887938133,-3.30557545074466,"HSPB1",0.168183187777353,1.7066872385465,""
"ATP5IF1",0.218974171976051,10.8684329256289,1.03350127937814,0.313923127537048,0.665637591697831,-5.41044336033777,"ATP5IF1",0.508208156031526,0.50317668751206,""
"HLA-B",0.21893005959193,13.1360371658465,1.82946679390662,0.0805261761303162,0.394523296365423,-4.46655871774394,"HLA-B",0.301214894498279,1.09406292334557,""
"IGHV4-61",0.218728647410089,8.4904681383094,0.828144903801459,0.420039893106622,0.738477974959653,-5.48565063470699,"IGHV4-61",0.563821116182557,0.376709460713261,""
"GLTP",0.218656351225022,12.1015342237488,1.67754713545081,0.106605168572962,0.433545212282292,-4.71097022007706,"GLTP",0.331007767046757,0.972221738758782,""
"IPO7",0.21852779239074,11.9177235331987,2.75058250565099,0.011220099925974,0.176451356527884,-2.81992586362788,"IPO7",0.134718981693277,1.95000327524511,""
"PARVB",0.218475230458548,11.3304476579073,1.4728787145838,0.153969626182234,0.502392164908039,-4.99528962586491,"PARVB",0.383571779774878,0.81256494463423,""
"NHLRC2",0.218362404315185,12.4572311606332,2.28044900144991,0.031896781355151,0.27093390316757,-3.71952220513577,"NHLRC2",0.20685553378079,1.49625313857986,""
"COL6A3",0.218291035609724,15.3840110131597,2.37221211638816,0.0261747516962089,0.251214193074828,-3.55141526359957,"COL6A3",0.191799717179227,1.58211742951456,""
"COPA",0.218167063027646,11.6952217006579,2.87242556126111,0.00846029852923987,0.165234810050664,-2.57299356522567,"COPA",0.126155252010147,2.07261431221935,""
"FRMD8",0.217529853277806,15.7228771916992,1.89250961398189,0.0707272141842936,0.37619570126511,-4.38204482994648,"FRMD8",0.287221944841297,1.1504134476466,""
"HSP90B1",0.216860488275032,14.2444218745517,3.22657438695283,0.00364612171931986,0.114558178435306,-1.83040871524043,"HSP90B1",0.0874641116233202,2.43816883728648,""
"DNAH10",0.216573628293402,13.5321063204123,1.44862334294584,0.161773214355132,0.516538425145849,-4.98725308366715,"DNAH10",0.394372318866822,0.791093385200657,""
"BCKDK",0.216572791054666,12.6927615798097,2.61577160441148,0.0152560695163752,0.198190839735354,-3.08708297258773,"BCKDK",0.151316876421197,1.81655734103511,""
"ACYP2",0.216473082803667,15.5665036106729,1.78717242819402,0.0867350926010041,0.402770799372623,-4.54692277885239,"ACYP2",0.307511786902542,1.0618051535107,""
"RNPEP",0.216461969820408,13.0550210529315,1.57320322845801,0.128956416884793,0.463738853712278,-4.85960635619177,"RNPEP",0.354060333527972,0.889557042449509,""
"HMBS",0.216326564552883,11.3250341277849,2.21911126377402,0.0363351687034999,0.289518011765329,-3.82961755231394,"HMBS",0.221044329124916,1.43967281904499,""
"OPA1",0.216260828848803,13.9498756606497,3.86046093631391,0.000764611688342702,0.076513026236464,-0.437314323833301,"OPA1",0.0584169891559804,3.11655906736337,""
"NUP155",0.216147321000134,10.0666740421825,1.5757452984601,0.130282613092801,0.466968017714645,-4.80356664202801,"NUP155",0.356525770431829,0.885113539327283,""
"PXDN",0.216124146384249,10.0846628658801,1.23393131511726,0.23805458847078,0.600356596377397,-4.9356660240935,"PXDN",0.458366718784753,0.623323443139964,""
"FAHD2A",0.216096352314452,13.7099893200505,2.58542473422665,0.0163357128917982,0.204802758569225,-3.14627667352567,"FAHD2A",0.156365015408992,1.78686190812956,""
"RPS19",0.215941213818274,12.0480626010517,1.7195855819823,0.0985712643051399,0.424285007226472,-4.64899676139071,"RPS19",0.323937685977735,1.00624967301615,""
"IDH3B",0.215899919665231,14.0484722861698,3.30966362607654,0.00298121919785053,0.106077932291382,-1.65170044814339,"IDH3B",0.0809895219828762,2.52560609075129,""
"UBXN6",0.215698489503017,9.87413187137015,0.83953034260105,0.419620482263361,0.738477974959653,-5.28508747527044,"UBXN6",0.563821116182557,0.377143321439266,""
"NME1",0.215631138569124,12.6657037512029,2.14997560737933,0.0420034009940548,0.299979513069481,-3.95142335834691,"NME1",0.229031588789057,1.37671554357467,""
"LAMA4",0.215364363621365,12.5435396871572,2.04961628772966,0.051649949852644,0.335513671259779,-4.12372722967988,"LAMA4",0.25616159051261,1.2869300958042,""
"CAMK2B",0.215027714172381,15.8479320752469,2.67231445241818,0.0134205374412686,0.188215075672831,-2.97584725948969,"CAMK2B",0.143700472656667,1.87223009198344,""
"QRSL1",0.214809973260095,11.5920330358556,1.54672507478069,0.135789741872861,0.478346440388937,-4.87850843201816,"QRSL1",0.365213091096967,0.867133037244644,""
"BCKDHA",0.214760013327787,12.7238643193042,1.99187524203189,0.0580538749015026,0.352095582133412,-4.22033201532356,"BCKDHA",0.268821726378845,1.23616878725741,""
"PLIN5",0.214716847181728,12.869859573312,1.77291978905285,0.0891243044373657,0.4048668956324,-4.56869434734496,"PLIN5",0.30911213704552,1.05000384653915,""
"DES",0.213400433979327,19.3761973733058,2.69400467932785,0.0127731431927537,0.185747445276483,-2.93285894060068,"DES",0.141816459630454,1.89370221915808,""
"RANBP1",0.213376501625236,12.095680562653,1.74064686880701,0.0947434860624385,0.416040501490217,-4.61750779311889,"RANBP1",0.317643081962168,1.02345063955922,""
"RCN3",0.21321346008091,9.60328095894496,0.956768311783466,0.356614641529302,0.700231451388612,-5.24522427115612,"RCN3",0.534620248531623,0.447800829963677,""
"MOCS3",0.213211841081881,10.0444448602125,1.00859004800516,0.32760607679131,0.677634759703062,-5.34452163809866,"MOCS3",0.51736788304452,0.484648051073839,""
"CAB39",0.212865642137574,14.2293905496873,2.17548113822309,0.0398254699371666,0.296383859186472,-3.90677477020515,"CAB39",0.2262863402448,1.39983909085855,""
"CCDC124",0.212617548775603,11.4413268734994,1.9464942848932,0.0635698718335188,0.363637755193586,-4.29491176742357,"CCDC124",0.277634068951845,1.19674866417205,""
"POLDIP2",0.212404960356265,12.1808050601256,2.29236300717193,0.0310942476555864,0.267280194668229,-3.69792289465253,"POLDIP2",0.204065961072929,1.50731994674498,""
"ARHGDIB",0.21235038836843,11.1357102745071,1.91124785474222,0.0681668292782967,0.374200701449312,-4.35199872804048,"ARHGDIB",0.285698780899963,1.16642690636775,""
"COX7A2L",0.212276596336309,10.35385628433,1.08098520697858,0.292793524793985,0.644639731352401,-5.36159734481397,"COX7A2L",0.49217648351204,0.533438532044441,""
"BSG",0.212272071372434,15.5222726156043,2.97533219851416,0.00664480928703724,0.141987268655228,-2.36077306051351,"BSG",0.108405968778252,2.17751747924735,""
"MRPS10",0.212027257104046,9.93581393746371,1.61286943625261,0.124510340175071,0.460063303272368,-4.63721926831818,"MRPS10",0.351254084700133,0.904794580339312,""
"TRIP10",0.211758550035722,13.4780843446938,2.17331603546815,0.0400063114639093,0.296383859186472,-3.91057807910634,"TRIP10",0.2262863402448,1.39787148822899,""
"TXNDC5",0.211754008621691,12.6124968883364,2.85228435201386,0.00886700989434664,0.166993990169664,-2.6141486566198,"TXNDC5",0.127498369790085,2.05222280692291,""
"CAPN2",0.211227938675794,14.4036217119572,2.67170221068776,0.0134392513106689,0.188215075672831,-2.97705815564094,"CAPN2",0.143700472656667,1.8716249247868,""
"SCFD1",0.211183767643703,12.9821917496311,2.77947241168414,0.0104975883340919,0.176248983082912,-2.7618259076098,"SCFD1",0.134564471436372,1.97891046221541,""
"MRPL4",0.211004053747757,11.8279734168992,1.5991792802679,0.123057159867347,0.457638738314964,-4.82330771030817,"MRPL4",0.34940295173897,0.909893112555101,""
"LMCD1",0.210890595496444,16.1774931979163,2.51274538991178,0.0192182454612272,0.220281887938133,-3.286544838918,"LMCD1",0.168183187777353,1.71628626397701,""
"CFL1",0.210556790677661,14.8612651137591,1.73805969495766,0.0952067605291092,0.416040501490217,-4.62139159195805,"CFL1",0.317643081962168,1.02133221173904,""
"NDUFV3",0.210545933853373,15.1648964053725,1.09001624873896,0.286688646984974,0.640123355022583,-5.44278875277585,"NDUFV3",0.488728271879841,0.542589504993535,""
"GGCT",0.210142894910957,14.290704884214,1.77714662306226,0.0884099298043259,0.402896680108285,-4.5622512695018,"GGCT",0.307607895682076,1.0534989542512,""
"CIAPIN1",0.209592053280954,11.4189382151497,2.36103791574815,0.0268172597057159,0.253264317812863,-3.57209752628054,"CIAPIN1",0.19336496848977,1.57158560215514,""
"ADSS1",0.209391402544513,15.1279398903013,3.04656404634283,0.00561310093117801,0.135421956079093,-2.21207229643459,"ADSS1",0.103393413237966,2.25079714850551,""
"CCDC28B",0.208863945199782,10.7538484295949,1.26520356813768,0.224314205660384,0.586237183930857,-5.07032547542527,"CCDC28B",0.447586677733582,0.649143221982974,""
"AS3MT",0.208591335835088,12.3051528653926,2.61592750906761,0.0152506995044694,0.198190839735354,-3.08677794206586,"AS3MT",0.151316876421197,1.81671023605726,""
"IQGAP1",0.208530017374711,12.9586986380275,2.4169766557732,0.0237402900444848,0.238590710390103,-3.46798997256577,"IQGAP1",0.182161804690636,1.62451397940208,""
"DDX19A",0.208458802420813,12.0833066616407,1.42437569632978,0.167400795319099,0.522120083002782,-5.05825696200978,"DDX19A",0.398633863110192,0.776242483010169,""
"DCXR",0.208434426101256,13.3415463823252,2.50698749171868,0.0194657603410447,0.220281887938133,-3.29756459572162,"DCXR",0.168183187777353,1.71072862788361,""
"GLUL",0.207776524071031,11.5714720165438,1.7935329956534,0.0856867338961413,0.401971589895133,-4.53716472613063,"GLUL",0.306901597844856,1.06708641076842,""
"ATP5MK",0.207329911225433,16.5353093086368,2.2422206477949,0.0346010072290096,0.283018495027027,-3.78835814212123,"ATP5MK",0.216082008099381,1.46091125879006,""
"PCMTD1",0.207142794015923,10.8039437033464,1.69689099658085,0.104741286006757,0.433545212282292,-4.62434156699434,"PCMTD1",0.331007767046757,0.979882098162146,""
"IDH3G",0.206702888250458,14.3134647323627,2.90290909137481,0.00787832921710598,0.15710149136129,-2.5104632424428,"IDH3G",0.119945538278384,2.10356587498853,""
"AKR1C2",0.206553109277865,14.0827833155797,1.54808115102594,0.134882257006565,0.476479523201408,-4.89425959748294,"AKR1C2",0.363787717059846,0.870045175538907,""
"TMX1",0.206320212382014,12.646330821451,2.61105749547046,0.0154192818737458,0.198514611029257,-3.09630176993996,"TMX1",0.151564072815004,1.81193585232475,""
"BMS1",0.205938963741239,10.9396397194693,0.923374051050722,0.367013316775811,0.705323031375212,-5.51038407380045,"BMS1",0.538507622845439,0.435318177444567,""
"SSBP1",0.205701483335748,13.426270533123,1.85374294068924,0.076291766241398,0.388442999948773,-4.44352666631261,"SSBP1",0.296572644318043,1.11752233057568,""
"ARIH2",0.205491483158703,12.595362485963,1.94108658566607,0.0642569858726353,0.364588550277344,-4.30371833993873,"ARIH2",0.278359992220463,1.19207964992647,""
"MME",0.205475127141103,12.4697018161832,2.39995293223575,0.0246403933734202,0.245599407204901,-3.4998229184318,"MME",0.187512880003777,1.60835236312523,""
"TNPO1",0.205347205722083,11.7838704724581,1.6465659465673,0.112873590618934,0.441498744777872,-4.75588282442179,"TNPO1",0.337080215679361,0.947407659404829,""
"STAM",0.205270899795467,11.4040305900444,1.79929554256379,0.0847463684829409,0.400175697227835,-4.52830184614499,"STAM",0.305530450373226,1.0718789029374,""
"SDHC",0.204783037757275,12.8279899188532,1.00706161694628,0.324098879097359,0.674547531238953,-5.52408303339186,"SDHC",0.51501081261376,0.489322470981593,""
"CDK5RAP3",0.204714640781132,11.240878052306,1.61418335056451,0.119753045363708,0.454669276450088,-4.80212666726959,"CDK5RAP3",0.347135795019493,0.921713433505576,""
"SYNPO2L",0.204617008900877,13.8124986362909,2.18223508923583,0.0392660740393077,0.29434177171502,-3.89489486805892,"SYNPO2L",0.224727225313092,1.40598251885434,""
"SLC16A3",0.204592809547176,11.4050156600682,1.80167276930736,0.084361034621153,0.400175697227835,-4.52463948058587,"SLC16A3",0.305530450373226,1.07385810262266,""
"CCAR2",0.204355960748808,10.5194990433666,1.42459812220668,0.16853042753083,0.522120083002782,-5.02232598139758,"CCAR2",0.398633863110192,0.773321677488482,""
"RAB11B",0.203929837182779,15.1538446645882,3.19511730351632,0.00393355690735874,0.116672175960262,-1.89766969500797,"RAB11B",0.0890781292169975,2.40521456244589,""
"NDRG2",0.203620815030902,16.238644414791,1.97302306838438,0.060291841440194,0.357640241270242,-4.25145976427781,"NDRG2",0.273055022440993,1.21974145166123,""
"CRYZ",0.202978802930829,15.4242888358044,1.99763551554119,0.0573848686565606,0.350853631133659,-4.21077998878147,"CRYZ",0.267873508256344,1.24120260804228,""
"IGFBP7",0.202570550149808,11.4771522377076,1.63001118370405,0.116929427867662,0.449403463732338,-4.76267161650417,"IGFBP7",0.343115395623976,0.932076175303729,""
"COX7A2",0.202053696800622,15.3583777600925,0.989720414556691,0.332329891211989,0.68268325587802,-5.54033700320372,"COX7A2",0.521222363265902,0.478430594608752,""
"VAPA",0.201727476649328,14.9299849352195,3.5441064087605,0.00167865986143658,0.0860612939675789,-1.14026867979738,"VAPA",0.0657070034181677,2.77503729389535,""
"GAMT",0.201617051659021,14.797672753705,2.50275075235293,0.0196497734352563,0.220281887938133,-3.30566421363102,"GAMT",0.168183187777353,1.70664245273818,""
"HNRNPA1",0.200814728930965,14.4316271349099,2.21821429105239,0.0364040411867934,0.289518011765329,-3.83121358019111,"HNRNPA1",0.221044329124916,1.4388504029524,""
"ERO1A",0.200573660721551,12.1237366222203,2.25170409617146,0.0339113782614764,0.278967240655298,-3.77134910072196,"ERO1A",0.212988912788132,1.46965455881555,""
"GADD45GIP1",0.200435533644102,11.4219227144489,1.92530711680167,0.0668388377991374,0.372514727068544,-4.31544640292428,"GADD45GIP1",0.284411555025324,1.17497111027191,""
"CPSF7",0.200109638206028,9.40247583193971,1.61326667950647,0.120534628104402,0.454669276450088,-4.78634236559819,"CPSF7",0.347135795019493,0.918888167742854,""
"TUBB",0.199818983046914,15.6147862868863,2.75626981543193,0.0110742508546947,0.176451356527884,-2.80851101940061,"TUBB",0.134718981693277,1.95568564304408,""
"EEFSEC",0.199604537272595,11.1083233486998,1.27205712566508,0.217492771708238,0.583845834192679,-5.18579032942898,"EEFSEC",0.445760904285652,0.662555172085852,""
"COL6A1",0.199445934570917,15.7736734061085,2.16174266404334,0.0409856101238628,0.299979513069481,-3.93086691050594,"COL6A1",0.229031588789057,1.38736859549368,""
"ACADSB",0.19897287465634,13.905097101958,1.77947859289135,0.088017911350105,0.402770799372623,-4.55869166731875,"ACADSB",0.307511786902542,1.05542894138414,""
"NFS1",0.198468601490166,11.6486240961277,0.946859936637158,0.35328563829881,0.696622985958711,-5.57939803100596,"NFS1",0.53186521848959,0.451874017063747,""
"SIRT3",0.19810009608061,12.5424383232908,2.42919711376607,0.0231129664291946,0.234478185930098,-3.44505898078457,"SIRT3",0.179021930232641,1.63614431150258,""
"GLRX2",0.197939676606124,9.97272897464299,0.909282894874144,0.375451591039294,0.707297583906701,-5.46931262920353,"GLRX2",0.540015175473974,0.425446050936251,""
"NASP",0.197882476990685,9.5336621300888,0.973163004326702,0.340752006733767,0.687799182676832,-5.53525230774424,"NASP",0.52512832614607,0.467561577867946,""
"PLXDC2",0.197359901985278,9.70296961313323,0.691018106884054,0.499677337995073,0.78494714777353,-5.58278277242043,"PLXDC2",0.599299900618114,0.301310346788889,""
"SCFD2",0.196856606786612,11.9908457026516,1.95697717767928,0.0622562684360864,0.36305903694668,-4.27779097743223,"SCFD2",0.277192222913114,1.20581691394878,""
"STK38L",0.196398064884548,11.6213992529814,2.15210164693102,0.0418178413736474,0.299979513069481,-3.94771466594376,"STK38L",0.229031588789057,1.37863838911063,""
"HSD17B10",0.196167621282074,13.084064509904,3.32012221065667,0.00290635931684401,0.106077932291382,-1.62910321371372,"HSD17B10",0.0809895219828762,2.53665069434773,""
"RACK1",0.196164701091259,13.7644260948429,2.19454204363272,0.0382649723399842,0.293300914985479,-3.87318685621066,"RACK1",0.223932540809376,1.41719859626623,""
"RAB7A",0.195965585991891,14.551681240101,2.14539660621204,0.04240557358376,0.301352479601423,-3.95940293062309,"RAB7A",0.230079836060836,1.37257705808675,""
"PSME1",0.195810323960064,14.5568998135802,2.51986697824475,0.018916157242377,0.220281887938133,-3.27289605098349,"PSME1",0.168183187777353,1.72316708452694,""
"DHRS7",0.194934885003555,14.417262061019,1.89134670194412,0.0708888451356407,0.37619570126511,-4.38390251232644,"DHRS7",0.287221944841297,1.14942209876863,""
"ACY1",0.194881379356088,14.0637028709905,2.96059620593841,0.00687980086859514,0.142467429140788,-2.3913562049584,"ACY1",0.10877256687609,2.16242413195662,""
"PHKA1",0.194820959565849,13.8712241528993,2.37722246967351,0.0258912812558394,0.250811483873394,-3.54212298116541,"PHKA1",0.191492252421782,1.58684645753837,""
"CYRIB",0.194654396062068,12.7596105233167,1.90292805511988,0.0692934663458277,0.375361399771455,-4.36536541726947,"CYRIB",0.286584963353243,1.15930771291668,""
"PSMD8",0.19463580878331,13.88781337622,2.42997657005465,0.0230734779622602,0.234478185930098,-3.44359412952101,"PSMD8",0.179021930232641,1.63688693751301,""
"VASP",0.193963767887576,10.6679664781774,1.31598235702021,0.203327528234324,0.572832324672102,-5.11506034809243,"VASP",0.437352191444463,0.691803818848842,""
"PSMD9",0.193830675726259,12.8230667085135,1.67489774287876,0.107129496143678,0.433722145529667,-4.71483636508757,"PSMD9",0.331142853947663,0.970090937676324,""
"TPPP",0.193624400199248,11.2906911075824,1.21803645051484,0.238397098246804,0.600356596377397,-5.20005062763161,"TPPP",0.458366718784753,0.622699035102398,""
"IDI1",0.193595704954621,13.9918540860539,2.49312633585546,0.0200738086988922,0.220281887938133,-3.32403569523128,"IDI1",0.168183187777353,1.69737021894339,""
"HIKESHI",0.193375517405691,12.8347169611765,2.12887366165944,0.0438857427106812,0.309572401283454,-3.98810415106418,"HIKESHI",0.236355670377966,1.35767654736046,""
"PMPCB",0.19330961616992,13.5381447465522,2.31349387112664,0.0297160722344497,0.263602738708893,-3.65944551188104,"PMPCB",0.2012582573986,1.52700859462995,""
"NDUFS4",0.19306346415031,15.9295302896846,1.8757053633331,0.0730943136259731,0.382247312240744,-4.40880856843127,"NDUFS4",0.291842293952144,1.13611640767852,""
"SERPINB1",0.192778605025776,14.3242662573735,2.33789112237729,0.0281944953101535,0.257791070176594,-3.61475551666786,"SERPINB1",0.196821102128069,1.54983567500637,""
"RMDN1",0.192750611170222,13.0819044756108,1.84468452860781,0.0776455161949532,0.390393508196833,-4.45775934963144,"RMDN1",0.298061839358159,1.10988361846748,""
"LARS2",0.192499462004273,10.8630096049436,1.91584017007524,0.0680935243438418,0.374200701449312,-4.33061575518894,"LARS2",0.285698780899963,1.1668941872863,""
"PREB",0.192203791681946,12.7341403250632,1.74640030519882,0.0937201288555729,0.413811480790262,-4.60885519907359,"PREB",0.315941245236284,1.02816712296426,""
"C6orf136",0.192086115819167,10.622654568355,1.01644119490769,0.319706217753828,0.670871128989293,-5.51518414773535,"C6orf136",0.512203913437041,0.495248917341329,""
"ACSS3",0.192003739821574,11.5504909262034,1.5344909944114,0.13818018944059,0.481947645736308,-4.91281882380147,"ACSS3",0.367962578133013,0.859554216247966,""
"TIMM8A",0.191957618996796,14.4158014356622,2.02818134338471,0.0539500390327462,0.340310568787956,-4.15980988244575,"TIMM8A",0.259823977489958,1.26800823676976,""
"ACTB",0.191741394674171,17.4055996241186,3.10438586139974,0.00489040127222377,0.127510288071917,-2.09035694416153,"ACTB",0.0973529277557608,2.31065550423781,""
"HDDC2",0.191528617365364,12.6115530854304,1.18224299019487,0.248860501108835,0.612235217380862,-5.34565697514567,"HDDC2",0.467435936256335,0.604044028709796,""
"CLTB",0.190763437123875,12.4981997331463,2.17056491303434,0.0402371696477929,0.296968930742451,-3.91540729627089,"CLTB",0.226733036976353,1.39537257590383,""
"IDE",0.190447298100352,12.526079492516,2.26961548908954,0.0326428834842095,0.274832019012216,-3.73910262897271,"IDE",0.2098317092404,1.48621148515195,""
"AKR1C3",0.1903673371575,13.6937359880159,1.51557067373086,0.142881413305214,0.486033812321408,-4.9384368016854,"AKR1C3",0.371082328596857,0.845024262629522,""
"OSBPL1A",0.190360805410723,12.4066095210388,2.2393987615069,0.0348086593574808,0.283804951207828,-3.79341068596089,"OSBPL1A",0.216682460132784,1.45831270308343,""
"RBM3",0.190275447191983,13.2133055199401,1.26343950597258,0.218745301602893,0.5839271230586,-5.25440871966675,"RBM3",0.445822967584317,0.660061266350682,""
"LSM14B",0.190130692315869,10.9420790671923,1.26720811243056,0.218543624897247,0.5839271230586,-5.20809484724836,"LSM14B",0.445822967584317,0.660461857727654,""
"PRDX4",0.189077633860155,13.2875975099416,2.06926891095532,0.0496182608042924,0.330519783687062,-4.09041930207516,"PRDX4",0.252348803454887,1.3043584624809,""
"YWHAQ",0.189003060886714,12.3885334848424,1.8895685715645,0.0711366072071403,0.376814020833394,-4.38674138030504,"YWHAQ",0.287694026123297,1.14790685191879,""
"ANXA5",0.188875532195828,15.6854167000947,1.69453896212757,0.10329363036495,0.431993688193897,-4.68606268855463,"ANXA5",0.329823192729086,0.985926458564064,""
"CARD19",0.188643350365039,14.393877359251,1.94339598855238,0.0639627538741766,0.363637755193586,-4.29995953569236,"CARD19",0.277634068951845,1.19407284626082,""
"TIMM44",0.187871024738875,13.672187741297,2.45288063738367,0.0219405860601657,0.233301565106429,-3.4004306898007,"TIMM44",0.178123591096445,1.6587517760641,""
"PRKAB2",0.187686683376404,14.2538831289861,2.05474435256739,0.051112786812487,0.335513671259779,-4.11505671600896,"PRKAB2",0.25616159051261,1.29147043944605,""
"UBE2K",0.187540154690801,11.6062779360583,1.80781297287109,0.0833727197389961,0.399924502046035,-4.51516325532063,"UBE2K",0.30533866517098,1.07897603095622,""
"SRI",0.187056277226821,13.1343783525479,1.68343341478958,0.105447988785002,0.433545212282292,-4.70236372248604,"SRI",0.331007767046757,0.976961699166842,""
"TIMM50",0.187040336876965,13.506109168566,2.78733183977237,0.0103087804336801,0.176169694196997,-2.74597047193408,"TIMM50",0.134503935103979,1.9867927102986,""
"SYNM",0.186699139272818,16.7599319923822,2.33075759067146,0.0286318364104985,0.260132918780193,-3.62785158065437,"SYNM",0.198609081916747,1.5431507959753,""
"MRPL48",0.186664804512699,11.4513804201792,1.55032557446725,0.134343878566184,0.475741826351495,-4.89118185981017,"MRPL48",0.363224492325426,0.871782117585814,""
"NAGK",0.186531598081247,13.2397146053476,1.75091985336395,0.092922871830598,0.412336267427584,-4.60204310600885,"NAGK",0.31481493345319,1.03187737656327,""
"EIF3L",0.186501221384924,14.2479963743064,2.6286417471138,0.0148186787728793,0.198190839735354,-3.06187071083826,"EIF3L",0.151316876421197,1.82919051614259,""
"EIF2B5",0.18605463789444,12.2325958162087,1.69422023697869,0.103354936826476,0.431993688193897,-4.68653167256248,"EIF2B5",0.329823192729086,0.9856687741379,""
"GIGYF2",0.185925799878955,14.2174615365206,0.895143113104056,0.379731561427883,0.711624877845595,-5.62440161088222,"GIGYF2",0.543319024446329,0.420523304929396,""
"TAF15",0.185646669484218,13.6336841315479,1.68390398778995,0.105355938649386,0.433545212282292,-4.701674679254,"TAF15",0.331007767046757,0.977340979277831,""
"AP2A2",0.1850396051413,11.9616971872753,1.76727500515255,0.0900860374166523,0.407944816124935,-4.57728089519554,"AP2A2",0.311462100925915,1.04534251582229,""
"GATD3B",0.18404006072474,16.2267771170274,1.86373386129738,0.0748224553194289,0.388196066690626,-4.42776989885556,"GATD3B",0.29638411305516,1.12596804441123,""
"RABGGTB",0.18378177372923,11.1397943103613,1.83792833345621,0.0829669640084221,0.399802543836116,-4.37062556473798,"RABGGTB",0.305245551203637,1.08109480165885,""
"SUCLG2",0.183510663075269,14.5510608288803,1.53102762490574,0.139031142357072,0.482845489881977,-4.91752742034664,"SUCLG2",0.368648073849249,0.856887908818192,""
"PPP1R12B",0.183502078896977,12.6176630924314,2.7419176021483,0.0114458001955681,0.176451356527884,-2.83729525090303,"PPP1R12B",0.134718981693277,1.94135383965423,""
"MRPL3",0.183302687622399,10.5451492594279,1.16432122721034,0.255905833402511,0.620386567927804,-5.36507972987535,"MRPL3",0.47365941714488,0.591919814207984,""
"LRRC2",0.183204715713376,11.3341405785957,1.23882283975766,0.227566722429625,0.588068460932001,-5.28263097949137,"LRRC2",0.448984840817432,0.642891245448436,""
"RBM8A",0.183009436127691,10.994479297825,1.28680988581368,0.21115799813992,0.577707972045737,-5.20796068527654,"RBM8A",0.441074703201791,0.675392463932432,""
"PITHD1",0.182943359590515,12.9939679660644,0.685454385406099,0.500332037765782,0.78494714777353,-5.74189109548132,"PITHD1",0.599299900618114,0.300741687043814,""
"LARS1",0.18293831945598,12.0590300892519,2.11549827155436,0.0451177615663802,0.312052289586367,-4.01123121329356,"LARS1",0.238249042202675,1.34565245520123,""
"SNX6",0.182740795283049,10.411768891591,1.97919636435272,0.0606517381853338,0.358564654782049,-4.2125676766414,"SNX6",0.273760803622984,1.21715674840859,""
"PSPC1",0.182324485791721,10.216661636761,1.13373648919246,0.268763535953873,0.628590213857698,-5.37775519977036,"PSPC1",0.479922825075511,0.570629653803639,""
"DECR1",0.181964314565608,17.0838188694992,2.11399033078138,0.0452585879196634,0.312052289586367,-4.01383253300145,"DECR1",0.238249042202675,1.34429900027667,""
"ACTR1B",0.181849191255756,10.8551199996781,1.03468379967549,0.311738709164714,0.663326436114855,-5.47747011240306,"ACTR1B",0.506443610080732,0.506209267235981,""
"EEF1D",0.180953324550854,13.7109398885274,1.99718579254359,0.057436853581616,0.350853631133659,-4.21152643302743,"EEF1D",0.267873508256344,1.24080935897413,""
"EPB41L2",0.180716583910934,11.0395390966231,1.11789603169431,0.280480244679099,0.638325066300504,-5.21876668892617,"EPB41L2",0.487355295042507,0.552097722389982,""
"MRPL44",0.180699535822473,12.056737150533,1.75958156127769,0.0914111127855401,0.409424812491865,-4.58895060970348,"MRPL44",0.312592064488599,1.03900100417791,""
"RDH14",0.180454074913749,11.4542519392013,1.32393880771774,0.198178788293451,0.565587531711478,-5.18301679641009,"RDH14",0.431820858903647,0.702942831284093,""
"GPX4",0.180387418931685,13.8595772654609,2.21138232867179,0.036932516998318,0.29107741955316,-3.84335664416379,"GPX4",0.222234922574323,1.43259109361545,""
"SLC2A4",0.180187778794799,12.3823016009135,1.85562794044942,0.0760126477186587,0.388442999948773,-4.44055853824066,"SLC2A4",0.296572644318043,1.11911413959524,""
"PRKN",0.179444382843691,10.743032614753,0.758822932319674,0.455455617289918,0.761568478298984,-5.73166215590173,"PRKN",0.581450502308406,0.341553937253446,""
"FAHD1",0.178662510804504,13.2333485638856,2.31911914585334,0.029358722022076,0.263602738708893,-3.64916637098362,"FAHD1",0.2012582573986,1.53226285307613,""
"PYURF",0.17857053366175,12.4479887136929,0.946101333295883,0.353664394043114,0.696891197870817,-5.58007504740737,"PYURF",0.532069995808325,0.451408661556417,""
"PPIA",0.177818760839909,17.3946325540613,1.66440892295028,0.109226669438546,0.434334858667681,-4.73009575919132,"PPIA",0.33161065477191,0.961671308738718,""
"DNM1L",0.177771769747102,15.0415215517834,3.02745307755357,0.00587373492084388,0.137101568762136,-2.25210554517547,"DNM1L",0.104675782015125,2.23108565689603,""
"FLNB",0.177508550731512,13.589716107053,2.72492380201154,0.011900948323473,0.177956367899432,-2.87128373766887,"FLNB",0.135868043981046,1.92441843060396,""
"PRUNE1",0.177371276553828,17.2493877279063,1.69975781812262,0.102294157102807,0.431993688193897,-4.67837382480796,"PRUNE1",0.329823192729086,0.99014917186436,""
"PSMB4",0.176944767313739,13.5799949511216,2.04980703725255,0.0516298792431388,0.335513671259779,-4.123404973798,"PSMB4",0.25616159051261,1.28709889072074,""
"ABCE1",0.176782762662373,12.4674900944798,2.6398396537328,0.0144477078264649,0.19658468800844,-3.03988261963189,"ABCE1",0.150090594405844,1.84020104960512,""
"SF3A1",0.176738760328627,11.0990262618598,1.12027287764351,0.274872292089494,0.632516297414278,-5.37310188651415,"SF3A1",0.482920353624982,0.560869036071837,""
"OPTN",0.176734822169957,11.9957427041135,2.42924493383885,0.0231105419936545,0.234478185930098,-3.44496911908612,"OPTN",0.179021930232641,1.6361898692291,""
"ELOC",0.176529684903665,14.402134348523,2.32685440860024,0.0288737542232593,0.260680969732634,-3.63500706368789,"ELOC",0.199027513759276,1.53949674461099,""
"PPIF",0.176365937268457,15.3910852537376,2.12061559762715,0.0446427810390822,0.312052289586367,-4.00239429756006,"PPIF",0.238249042202675,1.35024875868726,""
"MAPK3",0.176248313060066,11.5006977302794,1.58582607479248,0.126061119544416,0.461046463964354,-4.84202637578126,"MAPK3",0.352004718811831,0.899418840239097,""
"RPLP2",0.176092645143905,15.2263221386736,2.39144006140136,0.025102199944004,0.246809643969984,-3.51569235400842,"RPLP2",0.188436884600897,1.60028821550407,""
"EIF2S3",0.175927398659073,14.3554802746063,1.80851285501885,0.0832607041096871,0.399924502046035,-4.51408160419982,"EIF2S3",0.30533866517098,1.07955992074135,""
"CPNE3",0.175586961845612,11.2818429398845,1.60531892356885,0.121696069507268,0.454934134837715,-4.81465936028718,"CPNE3",0.347338011953248,0.914723448219158,""
"JPT1",0.175519195144568,12.1045623691827,1.2341118848476,0.229285265866146,0.591481928581974,-5.28797689227407,"JPT1",0.451590991854727,0.639623852634327,""
"CBR4",0.175304973795978,12.3994511058965,1.96744424107637,0.0609685464420345,0.358564654782049,-4.26063165309116,"CBR4",0.273760803622984,1.21489415891819,""
"TOMM22",0.175150888857521,11.5887296634013,1.68701181339297,0.104749710339629,0.433545212282292,-4.69712027036969,"TOMM22",0.331007767046757,0.979847169297941,""
"MRPS23",0.175013689948134,12.8218081405448,2.20425172300497,0.0374914979057908,0.291529098985309,-3.8560052019955,"MRPS23",0.222579775650821,1.426067207772,""
"ARL8B",0.174835612316693,13.7086876434622,1.67366212517664,0.107374773300009,0.433722145529667,-4.71663783175984,"ARL8B",0.331142853947663,0.969097740084184,""
"HARS1",0.174637666157494,12.2227356164093,2.37625112110168,0.0259460155731097,0.250811483873394,-3.54392535922671,"HARS1",0.191492252421782,1.58592932557936,""
"DUSP29",0.174383775571792,14.3496329966074,1.7064427302937,0.101025890445265,0.429696787360526,-4.66849853260257,"DUSP29",0.328069530148014,0.9955673129837,""
"CTSL",0.173544169208538,10.3039486567281,0.965309103369936,0.349072048250481,0.692113827724285,-5.36314032427083,"CTSL",0.528422517806586,0.457084925681914,""
"MYOZ2",0.173529599263468,16.2066200359202,1.10576248071805,0.27995198969416,0.638325066300504,-5.42670342971842,"MYOZ2",0.487355295042507,0.552916441510223,""
"PPME1",0.17323435189137,13.0850411248661,2.67960847297061,0.0131994634834469,0.187602275549386,-2.96141041574458,"PPME1",0.143232605419846,1.87944372113611,""
"AKR1A1",0.172612551635957,12.9488200017806,1.88675857906692,0.0715296874303771,0.377887379181409,-4.39122374327553,"AKR1A1",0.288513525312659,1.14551367272656,""
"S100A6",0.172386591633163,12.019429651142,0.902057091999476,0.376122683994477,0.708071076121381,-5.61852091850344,"S100A6",0.540605729638928,0.424670473446653,""
"BLVRA",0.172381802783864,13.3088126541701,2.62273100539619,0.0150180753019243,0.198190839735354,-3.07345761808676,"BLVRA",0.151316876421197,1.8233857224127,""
"RRM2B",0.172179194329905,10.8619950987243,1.50607530209987,0.145868744460739,0.489367745192771,-4.93329064813755,"RRM2B",0.373627755564957,0.836037755141501,""
"CAPNS1",0.172025459246086,13.2361743177341,1.8571615362146,0.0757862171873865,0.388442999948773,-4.43814211051721,"CAPNS1",0.296572644318043,1.12040976987892,""
"EIF4E3",0.171977538826287,11.4751996924138,1.80739617061769,0.0834394903258707,0.399924502046035,-4.51580726584311,"EIF4E3",0.30533866517098,1.078628357378,""
"CMC1",0.171922717649593,13.4754817769244,1.47624778162592,0.153069984569311,0.501253312198857,-4.99085135600524,"CMC1",0.382702276245414,0.815109961580662,""
"AKAP2",0.171879970215837,9.89133358534492,1.16413782083886,0.262978602026456,0.62656561528461,-5.14960293533287,"AKAP2",0.478377062756246,0.580079587631534,""
"NARS1",0.171873639221907,14.3323831509741,2.75627559501317,0.011074103554489,0.176451356527884,-2.80849941364038,"NARS1",0.134718981693277,1.95569141969596,""
"SKIC3",0.171385831572808,10.6732048344152,1.43067808871574,0.165604265955369,0.522120083002782,-5.05017383964744,"SKIC3",0.398633863110192,0.780928480008784,""
"RPS9",0.171381963708615,11.3847067717973,0.865986879180317,0.395993569804217,0.722205837729478,-5.60389028822737,"RPS9",0.551397489633242,0.402311866148273,""
"NACA",0.17094903809493,13.8430238910088,2.05140583896234,0.051461926629248,0.335513671259779,-4.12070312904024,"NACA",0.25616159051261,1.28851395872442,""
"TPPP3",0.170745547402854,11.1248192960789,1.21015843337101,0.238175670781773,0.600356596377397,-5.31488366022075,"TPPP3",0.458366718784753,0.623102602991183,""
"DOHH",0.170659096260355,11.0171092937595,1.21218963125303,0.238503878476485,0.600356596377397,-5.27012488251022,"DOHH",0.458366718784753,0.622504554203575,""
"BLMH",0.170608165250441,15.7328734487831,1.71775862429723,0.0989094153679914,0.425103190900454,-4.65171449994616,"BLMH",0.32456236165927,1.00476236514968,""
"RTRAF",0.170569541598493,13.2705128334343,1.7812196182607,0.0877262076030507,0.402770799372623,-4.55603182712369,"RTRAF",0.307511786902542,1.05687064475141,""
"CLUH",0.16976788666395,12.5250378900661,2.45974381327241,0.0216112732956929,0.231514797134083,-3.38745221065018,"CLUH",0.176759410245172,1.66531964454654,""
"TOM1L2",0.169692055533812,11.9739335907324,1.9548583980246,0.0625198285482069,0.36305903694668,-4.28125660958576,"TOM1L2",0.277192222913114,1.20398222164245,""
"DUSP3",0.16913732738227,15.3926682222141,2.15101003495453,0.0419130242931545,0.299979513069481,-3.94961918634506,"DUSP3",0.229031588789057,1.377651000907,""
"LGALS1",0.16911759777129,18.8212870075541,1.23351048526378,0.229505360530855,0.591481928581974,-5.28865807316683,"LGALS1",0.451590991854727,0.639207166240958,""
"SETD7",0.169102851358401,12.0919291934748,1.81218694201855,0.082674794914446,0.399802543836116,-4.50839830549587,"SETD7",0.305245551203637,1.08262687373673,""
"GNAI2",0.16904259877138,14.151778439859,2.26400544246682,0.0330354641763088,0.276515503353302,-3.74921959079179,"GNAI2",0.211117033992731,1.48101958660674,""
"RPA3",0.168975530391883,10.6838627150997,1.4237579283344,0.168148208297755,0.522120083002782,-5.04059600611304,"RPA3",0.398633863110192,0.77430775594699,""
"MRPL38",0.168786816863008,12.7699825278109,1.54027086348114,0.136769586342214,0.479908517972092,-4.90494173291365,"MRPL38",0.366405722910456,0.864010466594245,""
"PPP2R2A",0.168706733300411,13.4234653426779,1.94379213301756,0.0639124017728652,0.363637755193586,-4.29931445044597,"PPP2R2A",0.277634068951845,1.1944148617332,""
"ARHGAP1",0.168369799335084,12.5485533989817,1.32641532606054,0.197370062999459,0.56457665193347,-5.18003348557775,"ARHGAP1",0.431049061525676,0.704718720258676,""
"MKRN2",0.168336254242659,11.7782432809645,1.3087488330697,0.203195717375293,0.572832324672102,-5.20121098654042,"MKRN2",0.437352191444463,0.692085449635551,""
"ABCB10",0.168266172751924,11.111579402985,0.76965982682293,0.449121744766173,0.756832870149582,-5.72374632968774,"ABCB10",0.577834909205924,0.347635917541732,""
"ETHE1",0.168083688094102,13.0838732453766,2.13224954602054,0.0435796013384865,0.308565904309078,-3.98225186577131,"ETHE1",0.235587219230106,1.36071674695088,""
"SYNC",0.168064829991957,12.0722905644295,1.9527049428478,0.0627887076127581,0.36305903694668,-4.28477625518867,"SYNC",0.277192222913114,1.20211845598328,""
"DCAF11",0.168004616257882,11.6462633520556,1.61178031712815,0.120859092011882,0.454669276450088,-4.78843435137786,"DCAF11",0.347135795019493,0.917720672835457,""
"CYRIA",0.167951822008861,11.3049275166019,1.35631106269177,0.19553820039371,0.562515203737817,-4.94100100124904,"CYRIA",0.429475164859781,0.708768386096481,""
"NUP62",0.167734131826155,10.749184715509,0.891147191018005,0.381827606742944,0.713027020541709,-5.62778114871428,"NUP62",0.544389547450096,0.418132674625733,""
"FARSB",0.167645859999263,15.1670195873536,2.91235411886017,0.00770588698701448,0.155800010843088,-2.49103058882404,"FARSB",0.11895186991813,2.11317736455166,""
"PHKB",0.16746288398534,13.2490624186363,2.22644062259461,0.035776808774356,0.287469373271468,-3.8165608259292,"PHKB",0.219480212548079,1.44639840031133,""
"CLNS1A",0.16732545286423,12.6741756975794,1.06341441120223,0.298332760374389,0.648851662818935,-5.46949175795173,"CLNS1A",0.495392254301786,0.525299053481337,""
"DBT",0.167247751733305,13.5950178027955,1.81639329867939,0.0820083735476726,0.399061085517573,-4.50188118570035,"DBT",0.304679454622643,1.08614180127624,""
"ECI2",0.166994544849496,15.2128823702769,2.36610861531248,0.0265239233164603,0.251434625122853,-3.56271933294574,"ECI2",0.191968015012845,1.57636223635067,""
"GARS1",0.166984780912014,13.9554843496297,2.4949247606389,0.0199939333157801,0.220281887938133,-3.32060575771583,"GARS1",0.168183187777353,1.69910176069414,""
"LIMS1",0.16696203434123,13.8516456890708,1.4697174507069,0.154817662918279,0.503947290519704,-4.99944657039554,"LIMS1",0.384759103822316,0.810179492811105,""
"MSRA",0.166857579297417,11.8632938977486,1.29224851257142,0.209301039861273,0.577707972045737,-5.20158719139713,"MSRA",0.441074703201791,0.679228613969527,""
"FBLN5",0.166854343124768,12.7713210726998,1.10197007135597,0.282047727708813,0.639115253553277,-5.41062051633092,"FBLN5",0.487958595714916,0.549677394777442,""
"SH3GLB1",0.166555464860613,13.3742347498248,2.27837658148884,0.0320382944870604,0.271333166585104,-3.72327231954417,"SH3GLB1",0.20716036771404,1.49433061102017,""
"COX5B",0.166182710455033,19.0192290382322,1.90180206056509,0.0694471880023968,0.375485643606179,-4.36717124542043,"COX5B",0.286679822374023,1.15834533466022,""
"CHID1",0.165666102377658,10.8892916189422,1.49684001820349,0.147663383079152,0.493529188382126,-4.9635436115055,"CHID1",0.376804979021188,0.830727185786392,""
"FSD2",0.165658922877402,13.0268159734638,2.31234586369477,0.0297894874524429,0.263602738708893,-3.6615414281008,"FSD2",0.2012582573986,1.52593696904044,""
"NID2",0.165267119561276,14.2440744251061,2.75086828312534,0.0112127281761041,0.176451356527884,-2.81935255621729,"NID2",0.134718981693277,1.9502887060781,""
"MAPT",0.165001204917843,13.2631347393929,1.28554475838418,0.211048790457348,0.577707972045737,-5.2286565316232,"MAPT",0.441074703201791,0.675617132489457,""
"OAT",0.164982084357108,10.1478418071004,1.47714131623011,0.160812549499373,0.515506499164453,-4.79684971373625,"OAT",0.393584452906865,0.793680062766286,""
"COL6A2",0.164926670301302,14.7289638740534,1.68231442038773,0.10566715124347,0.433545212282292,-4.70400162886361,"COL6A2",0.331007767046757,0.976060000875264,""
"SPAG9",0.164865564715823,11.7746129841873,1.86257213392303,0.0755452587833534,0.388203482341339,-4.41498358698636,"SPAG9",0.296389774836017,1.12179278676956,""
"UBAC1",0.164793607134836,13.3689428566238,1.9041969505942,0.0691205921672238,0.375361399771455,-4.36332949222139,"UBAC1",0.286584963353243,1.16039254984259,""
"THAP4",0.164615096484221,12.1681368122664,1.6793304383164,0.106253464416382,0.433545212282292,-4.70836526172924,"THAP4",0.331007767046757,0.973656900784581,""
"ACADM",0.164528812720338,18.4083525309248,1.66530823206752,0.109045514015501,0.434215909484748,-4.72879033687382,"ACADM",0.331519838168891,0.96239219600355,""
"SCRN2",0.164405904243177,12.7171862662276,1.36431906677992,0.185310927074711,0.548222103921964,-5.13378247934462,"SCRN2",0.418562515105639,0.732098971245951,""
"HSPA12A",0.164260062803049,10.9331901279882,2.31599077094775,0.0295569663017775,0.263602738708893,-3.6548847532875,"HSPA12A",0.2012582573986,1.52934014355224,""
"LRPPRC",0.164181290293815,15.8146745792483,2.75360832087355,0.0111422795767501,0.176451356527884,-2.81385423357107,"LRPPRC",0.134718981693277,1.95302594863043,""
"LYPLAL1",0.163889276154075,13.7001879534726,2.03606350202433,0.0530938664208311,0.340310568787956,-4.14657142300253,"LYPLAL1",0.259823977489958,1.27495564715668,""
"ARPC3",0.163823261295494,12.6673758532729,1.85091165164604,0.0767126762732537,0.389028122337638,-4.44798069031151,"ARPC3",0.297019379860036,1.11513286576878,""
"RPS15A",0.163447047385505,13.141383089983,1.29916015259827,0.206412990919156,0.574793110503296,-5.21260348650202,"RPS15A",0.438849233324417,0.685262973193274,""
"SNF8",0.163380314467732,11.0402150712435,1.75176600746871,0.0927742541228428,0.412336267427584,-4.60076626116664,"SNF8",0.31481493345319,1.03257252856243,""
"PROB1",0.16330051600905,13.4768220641856,1.84258618288931,0.0779620611130811,0.390626662226275,-4.46104902250464,"PROB1",0.298239850307138,1.10811668779191,""
"ATP5PF",0.163124417654767,17.8696620824338,1.55551019777966,0.133106981778771,0.472958099859966,-4.8840585880661,"ATP5PF",0.361099142848772,0.875799164146127,""
"CAV1",0.162736927009441,14.7099620249994,1.85919965680303,0.075486201645425,0.388203482341339,-4.43492847268458,"CAV1",0.296389774836017,1.12213242713791,""
"CYB5R1",0.162709955156995,16.4416636090629,2.10456967687207,0.0461473389528483,0.315450024127684,-4.03005615878048,"CYB5R1",0.240843181156761,1.33585333713891,""
"GART",0.162085318147794,12.4215121690866,1.57646887861051,0.128202152021613,0.462397460369411,-4.85506898694688,"GART",0.353036192094564,0.89210468462011,""
"SMS",0.162056190818625,12.3408201069223,1.95111236127653,0.0629882101948727,0.36305903694668,-4.28737744345652,"SMS",0.277192222913114,1.20074073191896,""
"FAM114A1",0.161907909925903,7.87686852125572,0.55302210483478,0.591668376791016,0.838854276428152,-5.41652367607961,"FAM114A1",0.640457495670162,0.227921642066868,""
"DMAC2L",0.161638672688049,13.5148786128142,2.05874666943662,0.050697009226933,0.33537122924084,-4.10827943566532,"DMAC2L",0.256052837346188,1.29501766028306,""
"CSMD3",0.161596445098754,11.233475027771,0.974497266273907,0.343757240483851,0.690158767432963,-5.37446070651559,"CSMD3",0.526929847323464,0.463748145615305,""
"MAP2K4",0.161441717340811,12.3594807078439,1.92486322941431,0.0663576460653258,0.372095316120216,-4.3300343767162,"MAP2K4",0.284091338638317,1.17810902829825,""
"CANX",0.161251146519767,14.3812929973039,2.55330698503898,0.0175558600364609,0.210890686881503,-3.20852720507157,"CANX",0.161013092471081,1.75557789021229,""
"PIN4",0.161149557400988,11.4028579567084,1.44753982842562,0.161447190318564,0.516538425145849,-5.01010115518828,"PIN4",0.394372318866822,0.791969508650917,""
"PDCD5",0.160953204529903,13.3252789649316,1.52016597596455,0.141727743553581,0.486033812321408,-4.93223846363977,"PDCD5",0.371082328596857,0.848545127220053,""
"PPP1CB",0.160904446455003,14.866459764423,2.19012658215483,0.0386214597119815,0.293300914985479,-3.88098418641692,"PPP1CB",0.223932540809376,1.41317131593004,""
"PPM1A",0.160830766072046,13.0445786952422,2.44055496992151,0.0225436873321778,0.233824803366304,-3.42368739368871,"PPM1A",0.178523078677275,1.64697504760464,""
"GANAB",0.160711990038291,13.5718836036655,2.50474492958533,0.0195629605023116,0.220281887938133,-3.30185276885727,"GANAB",0.168183187777353,1.70856542191413,""
"TUBA4A",0.160657134878079,16.9273319129441,2.01999444545638,0.0548522724839555,0.340867693293152,-4.17352299027377,"TUBA4A",0.260249336906248,1.26080537525795,""
"TMED1",0.160635460947061,11.9357278527172,0.741995693039501,0.465396057531379,0.767435986056997,-5.74374222649524,"TMED1",0.585930290312257,0.332177300034289,""
"NANS",0.160630085117102,12.3490148391544,2.19059600133531,0.0385834184775591,0.293300914985479,-3.88015570848644,"NANS",0.223932540809376,1.41359929664626,""
"MDH2",0.160593981118367,20.1313717345356,2.74950982031994,0.0112478111503426,0.176451356527884,-2.82207755810649,"MDH2",0.134718981693277,1.94893198402523,""
"RALA",0.16051263671361,13.4057091918008,1.89217576284338,0.0707735825847301,0.37619570126511,-4.38257822121619,"RALA",0.287221944841297,1.15012881969221,""
"IARS2",0.160446545659683,14.9548942759829,2.73025878789233,0.0117562533606505,0.17671310679805,-2.86062449345786,"IARS2",0.134918825608045,1.92973106295782,""
"RCN2",0.160393144127926,12.1425069050158,1.71337493293428,0.0997248118930283,0.42605645081084,-4.65822657351049,"RCN2",0.325290166800264,1.00119677420987,""
"SLIRP",0.159946596600799,13.7002467374619,2.04958306991,0.0516534457320873,0.335513671259779,-4.12378334642052,"SLIRP",0.25616159051261,1.28690070197559,""
"DTYMK",0.159661745845842,11.890516906736,1.81075989565681,0.0829019433326237,0.399802543836116,-4.51060676080557,"DTYMK",0.305245551203637,1.08143528888588,""
"PDP1",0.159626362878173,13.1871379262892,2.05660763745393,0.0509188444245839,0.335513671259779,-4.11190265110517,"PDP1",0.25616159051261,1.29312146098306,""
"FSCN1",0.159169315905025,14.2648221527778,0.781424718169795,0.442306047955805,0.756832870149582,-5.71503220849374,"FSCN1",0.577834909205924,0.354277122181662,""
"MTARC2",0.159135515669584,13.0900608981295,1.28434217432461,0.211462071651614,0.577707972045737,-5.23006742670286,"MTARC2",0.441074703201791,0.674767517412148,""
"CHMP4B",0.158992045002904,9.15613671865404,0.549915256847211,0.589269864065503,0.837521673134682,-5.71584390749562,"CHMP4B",0.639440065358319,0.229685768653226,""
"HLA-C",0.158851341348491,11.3190360050995,0.502971951793149,0.621572603513052,0.857125333662811,-5.71092328489904,"HLA-C",0.65440727918868,0.206508135785831,""
"PRDX3",0.158850857421182,18.1310705015808,2.22901707180142,0.0355823882984161,0.286957968552676,-3.81196463150087,"PRDX3",0.219089759766618,1.44876490532424,""
"IST1",0.158775521832039,11.93719006142,1.29973004960262,0.206220680131096,0.574793110503296,-5.21192838933769,"IST1",0.438849233324417,0.68566778514136,""
"LAMB1",0.158586965286824,13.8281603508232,1.95052402071139,0.0630620524847989,0.36305903694668,-4.28833801140303,"LAMB1",0.277192222913114,1.20023189834682,""
"MFF",0.158113276575627,11.0038605463487,1.43593410064939,0.164689980502756,0.522059860113702,-5.02503472387363,"MFF",0.398587883490363,0.783332821866849,""
"GET3",0.157907914478267,13.5769410068873,2.53735222054785,0.0181930936624898,0.214396094237546,-3.23929583345067,"GET3",0.163689438625164,1.74009344462491,""
"HDHD5",0.157734785160594,13.4473235703437,1.79530018043631,0.0853974049934565,0.401613014246981,-4.53444901930237,"HDHD5",0.306627828647896,1.06855532619794,""
"PA2G4",0.157720090855738,12.4884469237707,2.08460602581805,0.0480825711143511,0.323290542551058,-4.06427710697162,"PA2G4",0.246829344588592,1.31801231740049,""
"LMAN1",0.157574706838613,14.2754400092905,1.89963327702204,0.0697441118303552,0.375676069540243,-4.37064730009513,"LMAN1",0.286825210816651,1.15649245196158,""
"FARSA",0.157431252307013,12.4314207396532,2.3533013972713,0.0272705569711385,0.25494287296926,-3.58638318045252,"FARSA",0.194646529855097,1.56430599198056,""
"JPH2",0.156930387398512,13.5971098329961,1.69413785598256,0.103370787733364,0.431993688193897,-4.68665287997851,"JPH2",0.329823192729086,0.985602174188399,""
"TMEM11",0.156749314690668,14.425711830956,1.89985274679154,0.0697140143137622,0.375676069540243,-4.37029567055973,"TMEM11",0.286825210816651,1.15667990874076,""
"HBS1L",0.156163715928942,9.61126410908402,1.04759740801792,0.307540431656712,0.65717222597717,-5.39692546186625,"HBS1L",0.501744927456865,0.51209778040526,""
"ACSF3",0.15612104704447,11.7677354387915,1.31338746115328,0.204183603098132,0.572832324672102,-5.11810552568631,"ACSF3",0.437352191444463,0.689979136734526,""
"SAR1B",0.155167053933987,15.8927732506386,1.85012482925344,0.0768300053519473,0.389028122337638,-4.4492175925122,"SAR1B",0.297019379860036,1.11446913655913,""
"FAM136A",0.154069365728802,12.0217311272068,1.08477070700473,0.288958505088564,0.640123355022583,-5.44810124526638,"FAM136A",0.488728271879841,0.539164518160148,""
"CDC123",0.153976680320008,9.61298013796522,0.778885018110537,0.445327306171712,0.756832870149582,-5.60738466387879,"CDC123",0.577834909205924,0.351320674381214,""
"VWA1",0.15390538311237,10.1040549419568,1.00554759903684,0.325256141732823,0.674718484765126,-5.50523702448212,"VWA1",0.515141334052733,0.4877744940116,""
"CFL2",0.153901204542386,17.4272474601189,1.86659157634334,0.0744067350551636,0.387698251076905,-4.42325164672174,"CFL2",0.296004035429965,1.12838775175374,""
"PRKCSH",0.153778092787904,13.5954700366364,2.01735506029231,0.055145985228845,0.341952750738691,-4.17793587530524,"PRKCSH",0.261077768248563,1.25848609984077,""
"RAB14",0.153580642783094,13.034337087881,1.81796761570953,0.0817601462644076,0.399061085517573,-4.49943914592236,"RAB14",0.304679454622643,1.08745834027971,""
"CDNF",0.153201608926148,13.119212114627,1.25327319464053,0.223473652466926,0.586117624889804,-5.2254256349605,"CDNF",0.447495395509519,0.650773672812759,""
"RPS12",0.153079494549498,15.5929534344438,1.91426898599609,0.0677617024269028,0.373686695698941,-4.34713463000535,"RPS12",0.285306342254906,1.16901569144178,""
"NDUFAF2",0.152993328143317,15.9409731834902,1.53131723311409,0.138959821202065,0.482845489881977,-4.91713401508384,"NDUFAF2",0.368648073849249,0.857110753362098,""
"PFN1",0.152499054035053,15.3519002351553,1.64406949910765,0.113391895100894,0.441720665990051,-4.75947345738171,"PFN1",0.337249650476062,0.945417986349207,""
"USP5",0.152290693325293,13.3672404287844,2.45494169543689,0.0218412064690017,0.233108192462839,-3.39653531362629,"USP5",0.177975952868299,1.66072337565785,""
"UBE2V1",0.152281730212255,8.78387822958694,0.74639107597612,0.467241782175933,0.767779769773866,-5.50974947414964,"UBE2V1",0.586192766006243,0.33045832823063,""
"TKT",0.152261494751899,12.0552491781428,1.21918967645457,0.234793716268796,0.596542264962577,-5.30479305199478,"TKT",0.455454511963809,0.629313530194036,""
"TOMM70",0.152241653868176,13.9957893844481,1.64047145920176,0.114142417381968,0.443440974700448,-4.76464101504439,"TOMM70",0.338563090294396,0.942552933920124,""
"TM9SF3",0.152237633575432,10.3831467513768,0.982247962388098,0.341923409029776,0.687799182676832,-5.30133131580317,"TM9SF3",0.52512832614607,0.466071165174625,""
"PGAM1",0.151416949738083,14.3199029176051,1.6843643845343,0.105265944795516,0.433545212282292,-4.7010003929008,"PGAM1",0.331007767046757,0.977712107252569,""
"PDCD10",0.151264301574649,11.1862322561841,1.13312008631094,0.26852142166575,0.628590213857698,-5.39826628523988,"PDCD10",0.479922825075511,0.571021062142726,""
"ALDH7A1",0.151138272506858,13.6902513492465,1.86222253924858,0.075043126789724,0.388196066690626,-4.43015737353477,"ALDH7A1",0.29638411305516,1.1246890786904,""
"DAD1",0.151031018708499,11.8576095670936,0.999501672518123,0.32811137110923,0.678191322141541,-5.51090857137282,"DAD1",0.51779281332806,0.48397871833563,""
"SCLY",0.151026972998496,9.82119481535232,0.822700939496815,0.422305759507175,0.740694052306616,-5.51713719258107,"SCLY",0.565513070777925,0.374372995522458,""
"STBD1",0.150930753829851,15.2455624450792,1.67921182062667,0.10627682784516,0.433545212282292,-4.70853859885841,"STBD1",0.331007767046757,0.973561416906683,""
"PRKACA",0.150876976990613,15.2116856768901,2.00038365327603,0.0570681061099516,0.350090881712972,-4.20621614244723,"PRKACA",0.267291156115425,1.24360653992073,""
"EHD1",0.150861971523513,12.7284944012388,1.99076660608627,0.0581834219179251,0.352095582133412,-4.22216822818897,"EHD1",0.268821726378845,1.23520074035314,""
"NT5C2",0.150428517146379,10.3476417951453,1.00360295251613,0.325729159654552,0.675211853695464,-5.52734544584981,"NT5C2",0.515518016676218,0.487143361145884,""
"PSMA4",0.150417868674261,13.9578835278265,1.49568782097764,0.147961743030411,0.493951353767802,-4.96507972527948,"PSMA4",0.377127298395681,0.829850561216941,""
"RPL24",0.150383570258178,13.1733279571186,1.01368320046046,0.320993524716031,0.672289111300396,-5.51780860531295,"RPL24",0.51328652984062,0.493503728369149,""
"PPP3CB",0.150327372336912,14.086857185921,2.02403336821647,0.0544055047909787,0.340310568787956,-4.16676251278977,"PPP3CB",0.259823977489958,1.26435715582764,""
"YARS1",0.150187219954084,13.1420083164539,1.56067895742529,0.131883222683102,0.471527686579312,-4.87693812354933,"YARS1",0.360007035514704,0.879810449029734,""
"UGDH",0.150142032278978,17.182373571991,1.08561351458757,0.288592937505403,0.640123355022583,-5.44724923415581,"UGDH",0.488728271879841,0.539714301239622,""
"OVCA2",0.150137238968139,12.1605481052093,1.65222688044999,0.111705643904022,0.438124185312087,-4.74772496901813,"OVCA2",0.334503770681489,0.951924883693244,""
"TPMT",0.149889608971515,11.534518117266,1.54247798955647,0.136234056098974,0.479323498848229,-4.90192745490243,"TPMT",0.36595906621034,0.86571431292955,""
"GOT2",0.149630905437515,17.9665511473168,1.6863346797051,0.104881543807549,0.433545212282292,-4.69811313785031,"GOT2",0.331007767046757,0.979300928658122,""
"CPT2",0.149277929241487,15.5147410473486,1.93782955176837,0.0646739722939411,0.3661026446915,-4.30901414768563,"CPT2",0.279515989327407,1.18927046374194,""
"NAPG",0.149237455156392,11.5621079065647,1.16157300773049,0.256999125357619,0.621081219614247,-5.36803492149123,"NAPG",0.474189777294388,0.590068354695966,""
"DNAJA2",0.149194586527084,15.0087807979853,1.95045560575818,0.0630706441460719,0.36305903694668,-4.28844969743533,"DNAJA2",0.277192222913114,1.20017273349604,""
"CZIB",0.149064967708634,13.5867544871148,1.50560576197926,0.145409498058689,0.489367745192771,-4.95182552497991,"CZIB",0.373627755564957,0.837407224702877,""
"PSME2",0.14890988908061,13.6153739318288,1.76126027707826,0.0911205665829141,0.409400855492248,-4.58640753588367,"PSME2",0.312573773540564,1.0403835885002,""
"OXSM",0.148214878978003,11.4476087477813,1.11960432041891,0.274125280835145,0.632516297414278,-5.41239296124824,"OXSM",0.482920353624982,0.562050910389326,""
"ATPAF2",0.148082329548854,11.407161999805,1.34538397984927,0.191260738885679,0.555646348203917,-5.15702576135884,"ATPAF2",0.424230857073578,0.718374170773783,""
"RPL12",0.147986144720884,12.3591951672199,1.08084641707612,0.29114060888219,0.642478622675455,-5.43201369371012,"RPL12",0.490526496988753,0.535897214061613,""
"AKR7A2",0.147910336814952,14.2542700373909,1.85451406197544,0.0761774762799977,0.388442999948773,-4.44231272150481,"AKR7A2",0.296572644318043,1.1181734193861,""
"NIPSNAP3B",0.147895719818711,15.5401287550935,1.19814267227332,0.242731816540257,0.604408538843953,-5.32820689129387,"NIPSNAP3B",0.461460339450048,0.614873293951406,""
"ETFB",0.147838353428146,16.0156561231489,1.61284415648495,0.120044919530946,0.454669276450088,-4.80402353805954,"ETFB",0.347135795019493,0.920656215168506,""
"PPP2CA",0.147821066416503,12.1868545022893,0.641207307909546,0.527823917600024,0.807784436081306,-5.789717008445,"PPP2CA",0.616735959405076,0.277510934225168,""
"PLS3",0.147674829508457,13.7292452026872,2.26038406693387,0.0332911597218621,0.277040346554974,-3.75574202767578,"PLS3",0.211517746931805,1.47767107561436,""
"IDI2",0.14760792609319,16.1917384807582,1.09563668165454,0.284270818276009,0.640123355022583,-5.43707104042948,"IDI2",0.488728271879841,0.546267720373485,""
"SEPTIN2",0.147509283700426,12.4267609125234,2.20251905750714,0.037628476352884,0.291529098985309,-3.85907475775439,"SEPTIN2",0.222579775650821,1.42448336671685,""
"HIBCH",0.147479010377202,15.2632989420221,1.19115341269411,0.24541184751173,0.609912272855869,-5.33590294766705,"HIBCH",0.465662389557149,0.610104475085914,""
"LMOD2",0.147134466895093,11.9089255881985,1.81702436417542,0.0819087935632058,0.399061085517573,-4.50090248091401,"LMOD2",0.304679454622643,1.08666947075522,""
"COMT",0.146993510163931,13.4975831680348,1.98319767265955,0.0590747188592867,0.353340662177109,-4.23468554764318,"COMT",0.26977233349751,1.22859833652845,""
"LARP1",0.146719272459592,10.7779362005121,0.778242814439319,0.444480674981211,0.756832870149582,-5.69663400795432,"LARP1",0.577834909205924,0.352147116429356,""
"DNAJB11",0.14578925345959,11.3057819750341,1.18837194123687,0.248852694380148,0.612235217380862,-5.23588663451844,"DNAJB11",0.467435936256335,0.604057652697352,""
"UBE2F",0.145450148825294,11.3246213519228,1.08553488297562,0.2886270299076,0.640123355022583,-5.44732874959935,"UBE2F",0.488728271879841,0.539662999680417,""
"RAN",0.145374777028149,14.5245150618187,1.2554099898382,0.221593526663857,0.586117624889804,-5.26366726218221,"RAN",0.447495395509519,0.654442930654931,""
"EIF4A1",0.145254059556567,13.234389474244,1.72875991306636,0.0968880072856338,0.419636329431174,-4.63531595710496,"EIF4A1",0.320388463398062,1.01372997622068,""
"RNH1",0.145163546179976,15.6185672272848,1.67069610729482,0.107965477011782,0.433722145529667,-4.72095792950019,"RNH1",0.331142853947663,0.966715092106813,""
"PITPNA",0.145065791808266,12.0033618723345,1.68031323188517,0.106060055989623,0.433545212282292,-4.70692873239001,"PITPNA",0.331007767046757,0.974448147951211,""
"NOL3",0.145016543100095,14.934830741591,1.98527965651007,0.0588283554698282,0.35306537288157,-4.23124571506782,"NOL3",0.269562152661863,1.23041329202326,""
"AHCYL2",0.144971329191005,12.0073829850397,1.28120314935821,0.212543765703341,0.579499668883468,-5.23374483110646,"AHCYL2",0.442442647196283,0.672551629160022,""
"MRPS34",0.144868834498304,11.1548763645792,1.51906651810558,0.142003071747479,0.486033812321408,-4.93372284372724,"MRPS34",0.371082328596857,0.847702261049684,""
"PNPT1",0.144552328632551,12.7532778126973,2.49033974258768,0.0201981579447985,0.220490157640747,-3.32934755407658,"PNPT1",0.168342199772533,1.69468823604287,""
"HSPBP1",0.144505942172167,13.2973186543936,1.1233567431447,0.272560999508972,0.632516297414278,-5.4084860942742,"HSPBP1",0.482920353624982,0.564536286835118,""
"PPP1R7",0.144213391340967,12.6409532798949,1.77804817347772,0.0882581964096707,0.402844645297559,-4.56087552495238,"PPP1R7",0.307568167584477,1.05424495177361,""
"LACTB2",0.144126068323757,12.3897537018715,1.10338570832125,0.280961438869797,0.638670064129206,-5.42914463881124,"LACTB2",0.487618697699668,0.55135328164382,""
"HNRNPL",0.143898738982385,12.7721261248733,1.75651940178227,0.0919431417417009,0.41052684283114,-4.59358474593221,"HNRNPL",0.313433454478586,1.03648066027929,""
"COPG2",0.143839085081069,10.4422496857436,1.33414021691088,0.196686315029869,0.56355929186702,-5.11308314364401,"COPG2",0.430272316507307,0.706225856215735,""
"SH3BGRL3",0.143245664241773,11.7675193400738,1.17794872129903,0.250535362803399,0.614477334610154,-5.35033475698521,"SH3BGRL3",0.469147772061459,0.601130965259985,""
"PSMD1",0.143141998060795,12.5351385826336,2.10515709635405,0.046091467552459,0.315450024127684,-4.02904594591326,"PSMD1",0.240843181156761,1.33637946371779,""
"SERBP1",0.143115718732668,12.4214136210872,0.97036868043909,0.341683570382406,0.687799182676832,-5.5581699968821,"SERBP1",0.52512832614607,0.466375903448255,""
"DNAJB4",0.142298315196378,13.7177257594351,1.3419324000681,0.192361253857001,0.556596264467091,-5.16123297146126,"DNAJB4",0.424956109370794,0.715882400752931,""
"SPRYD4",0.142112901760004,10.9198228200893,0.779221081374798,0.443915846773643,0.756832870149582,-5.69590816963324,"SPRYD4",0.577834909205924,0.352699351384841,""
"RBKS",0.141880554357211,14.0861604113091,0.729288685635057,0.472986904393386,0.770677345521945,-5.75269353236976,"RBKS",0.588405038339205,0.325150883423757,""
"EPHX1",0.141434868045254,15.2680415531074,1.46546273787429,0.155964982429226,0.506533330943787,-5.00502976702133,"EPHX1",0.386733521811532,0.806972899369175,""
"PPP2R1A",0.141083937367101,15.264828142436,2.6196910291601,0.015121603935693,0.198190839735354,-3.0794116884085,"PPP2R1A",0.151316876421197,1.82040214114456,""
"GRSF1",0.141062144531414,12.5536947164023,1.42808421274263,0.166341785808626,0.522120083002782,-5.05350420239762,"GRSF1",0.398633863110192,0.778998640338091,""
"GAPDH",0.140975857610822,19.8472668199625,1.80079453513903,0.0845032149221896,0.400175697227835,-4.52599291022692,"GAPDH",0.305530450373226,1.07312676801591,""
"HSD17B8",0.140809817784486,12.5226953561777,1.31756718762547,0.200271342162112,0.569070135928447,-5.19067042104461,"HSD17B8",0.434479795071568,0.698381191651465,""
"NIT1",0.140599939458459,13.0747645587271,1.24698610820337,0.224611947866229,0.586237183930857,-5.27332548454617,"NIT1",0.447586677733582,0.648567145873475,""
"EIF3F",0.140440239515875,11.9565753108303,1.55248994156869,0.133826379537372,0.474926496479352,-4.88821050879582,"EIF3F",0.362601995495248,0.873458271035281,""
"AHSA1",0.140401409399026,11.5186159951463,1.34431141920029,0.191602189035833,0.555646348203917,-5.15833411298983,"AHSA1",0.424230857073578,0.717599533458141,""
"HOMER1",0.140335585266778,13.6972003316493,1.84005214932036,0.0783458213643712,0.391865597799842,-4.46501808835521,"HOMER1",0.299185766179585,1.10598416201339,""
"COMMD3",0.140153737467164,12.8166685263739,1.4418413240644,0.162460052733902,0.516538425145849,-5.03578378130724,"COMMD3",0.394372318866822,0.78925341013135,""
"METAP2",0.140007241595827,12.3883113207834,1.4930190276717,0.148654706298869,0.49453224379322,-4.96863406234368,"METAP2",0.377570802567256,0.827821336796923,""
"ATAD3A",0.139952740999094,12.7909966501079,1.57696928776134,0.12808689598726,0.462397460369411,-4.85437304388531,"ATAD3A",0.353036192094564,0.892495298760579,""
"NME2",0.139635155161292,16.0525019806529,1.84825821095428,0.0771089737972109,0.389500996562946,-4.45215042123149,"NME2",0.297380414965439,1.11289507663357,""
"DDB1",0.139219728664457,15.0435722708476,2.11785848071392,0.0448981309644412,0.312052289586367,-4.00715720602194,"DDB1",0.238249042202675,1.34777173758742,""
"B3GLCT",0.139209198374417,10.4866330371277,1.040358239764,0.311474527957761,0.663326436114855,-5.38447644754901,"B3GLCT",0.506443610080732,0.506577463674824,""
"ADI1",0.138957112937657,12.5086262290675,1.1386335360645,0.266259656754461,0.628590213857698,-5.39246026778865,"ADI1",0.479922825075511,0.574694632194999,""
"OSBP",0.138939995857593,12.23352965854,1.68634627376228,0.104879285342126,0.433545212282292,-4.6980961403045,"OSBP",0.331007767046757,0.979310280633651,""
"TSG101",0.138821235860696,11.8893230158476,1.50569747249097,0.145386066059048,0.489367745192771,-4.95170263142502,"TSG101",0.373627755564957,0.837477214684993,""
"PGP",0.138355942562518,14.2219027731653,1.61354986445633,0.119891038351398,0.454669276450088,-4.80302410893559,"PGP",0.347135795019493,0.921213278452384,""
"TIMM13",0.138330332732828,12.911380534121,1.67948151267689,0.106223714462343,0.433545212282292,-4.70814448166412,"TIMM13",0.331007767046757,0.973778516113139,""
"MYG1",0.138065394451303,11.8387220605293,1.40605094803229,0.173280808012866,0.529243829579722,-5.06303039927492,"MYG1",0.404072777854577,0.76124953558769,""
"TNFAIP2",0.137818225716217,10.0472596191387,1.07539335511552,0.296681122710228,0.648807852417449,-5.31816950353628,"TNFAIP2",0.495358805464713,0.527710086186014,""
"HSD17B12",0.137376767488545,13.888876944362,1.7389435311074,0.0950482789847329,0.416040501490217,-4.62006529245697,"HSD17B12",0.317643081962168,1.02205574238823,""
"MIX23",0.137375075173477,12.6733761410783,1.47861066003025,0.152441567709317,0.500754852280834,-4.98773363427246,"MIX23",0.382321706699833,0.816896593591785,""
"PCBP2",0.137153555168085,13.1882021991946,2.11567283222032,0.0451014847821377,0.312052289586367,-4.01093000300352,"PCBP2",0.238249042202675,1.34580916051506,""
"HNRNPUL2",0.137119049349693,11.8792930442396,1.98462505617647,0.0589057170359708,0.35306537288157,-4.2323275094705,"HNRNPUL2",0.269562152661863,1.22984255314695,""
"AHNAK",0.137085305627384,13.5777594305124,2.18552959956456,0.0389957900287356,0.293557396983615,-3.88909139919932,"AHNAK",0.224128362447087,1.40898227671659,""
"MRPS22",0.137021735603424,12.4058928451115,1.91840156263179,0.0672109469249411,0.372514727068544,-4.3404722021476,"MRPS22",0.284411555025324,1.17255998584636,""
"HSPE1",0.136403721202683,16.2177543007363,1.66893636833097,0.108317233836563,0.433722145529667,-4.72351823719444,"HSPE1",0.331142853947663,0.965302439361076,""
"NUBPL",0.136156579451237,10.0662250231822,0.743449205768389,0.464852727050839,0.767435986056997,-5.72188811141813,"NUBPL",0.585930290312257,0.332684616916164,""
"UBAP2",0.136065191537325,13.8197575325047,0.750920798804567,0.460107769196125,0.763700512579164,-5.73736707206285,"UBAP2",0.583078290798179,0.33714043335003,""
"GCC2",0.136047786767419,12.0446583883754,0.256060511059801,0.804655633092769,0.940280396440769,-5.35874584184673,"GCC2",0.717895401924176,0.0943899440367649,""
"MTHFD1",0.135991125254614,14.4990748304801,1.88343289695236,0.0719973515890737,0.377887379181409,-4.39652249509943,"MTHFD1",0.288513525312659,1.14268347872714,""
"CISD2",0.135907427047508,13.6124639915843,0.441436411552888,0.663485066452709,0.881066431908292,-5.85082656467314,"CISD2",0.672686086672601,0.178168847675463,""
"MSN",0.135878882313783,16.6163139159438,2.35195443501451,0.0273501932687328,0.25494287296926,-3.58886753529603,"MSN",0.194646529855097,1.56303960040011,""
"CLIC4",0.135862126483181,10.6866681212765,1.42615808466087,0.166891142859499,0.522120083002782,-5.05597397175173,"CLIC4",0.398633863110192,0.777566711309463,""
"ABCF1",0.135842956032661,13.6593947826424,1.59986580888582,0.122904338503143,0.457638738314964,-4.82234196352091,"ABCF1",0.34940295173897,0.91043278631844,""
"RPN2",0.135528071058729,11.8006781578575,0.866268475761223,0.395047062111646,0.722205837729478,-5.64850499271978,"RPN2",0.551397489633242,0.403351163619352,""
"SIRT2",0.135462162847274,12.0744784047157,2.02232635875549,0.0545939310606732,0.340737339293897,-4.16962088810612,"SIRT2",0.260149812831258,1.26285563299773,""
"TMEM256",0.135381139298406,11.1785918949376,0.813094458667106,0.425016322123833,0.744037720010685,-5.64588164277592,"TMEM256",0.568065930200923,0.371594391191576,""
"FAM162A",0.135262627949801,14.7947433016572,1.51719428110693,0.142472926629549,0.486033812321408,-4.9362485502037,"FAM162A",0.371082328596857,0.846267654479753,""
"ANXA4",0.135201979652129,12.634962821747,1.37157482645815,0.183069986233037,0.545788089797559,-5.12480310270925,"ANXA4",0.416704167792707,0.737382851120607,""
"ACTR2",0.135025167449285,11.9153684401178,1.06573323341117,0.297774105844734,0.648851662818935,-5.44709205600682,"ACTR2",0.495392254301786,0.526113070780246,""
"ARPC5L",0.13492906351839,10.577678755114,0.851844496554663,0.404072244803575,0.724604256609035,-5.5972916379787,"ARPC5L",0.553228660305352,0.393540979655412,""
"SLC27A1",0.134853009801747,12.8377604677438,1.99178646319723,0.0580642395402201,0.352095582133412,-4.22047908413794,"SLC27A1",0.268821726378845,1.23609125748636,""
"ATP6V1E1",0.134771316201938,11.3802057051385,1.52474287669696,0.140586274665736,0.48454165013845,-4.92604983253451,"ATP6V1E1",0.369943076545952,0.85205707709642,""
"C11orf68",0.134617016114962,12.6199998530598,1.73161336128486,0.0969434236408212,0.419636329431174,-4.6150345058099,"C11orf68",0.320388463398062,1.01348164685731,""
"GLG1",0.134416703991358,12.0318041102443,1.50546039785082,0.14544664484125,0.489367745192771,-4.95202030276029,"GLG1",0.373627755564957,0.837296292593185,""
"VAC14",0.134379643481358,11.0331327131718,1.36978708256967,0.184794660396407,0.548084163221162,-5.08623468367947,"VAC14",0.418457198654058,0.733310581784086,""
"GSS",0.134330513723061,13.4657738459119,1.89179791642953,0.0708260934614409,0.37619570126511,-4.38318182172178,"GSS",0.287221944841297,1.14980671182194,""
"AFG3L2",0.134160613290737,14.5108509030804,2.49902048593312,0.0198131254615565,0.220281887938133,-3.31278933399538,"AFG3L2",0.168183187777353,1.70304701039577,""
"CLTC",0.13415235250798,14.1556744042325,2.18893002013786,0.0387185812537431,0.293300914985479,-3.88309548539645,"CLTC",0.223932540809376,1.41208056471486,""
"KIF5B",0.134017768592177,13.3182706861293,1.62338703764666,0.1177630893087,0.450797105873705,-4.78905676956267,"KIF5B",0.344179428532673,0.928990809900911,""
"SF3B1",0.13355659660183,11.4268881908428,1.36021847742702,0.186586912144654,0.549990785182034,-5.1388393737384,"SF3B1",0.419912886919069,0.7291188224475,""
"PAM16",0.133507941429917,11.8001073872025,1.45130491045794,0.160406297312597,0.515130290362936,-5.00523530258801,"PAM16",0.393297220960102,0.794778585961911,""
"NIBAN2",0.133301689922403,11.154330787687,0.78890241938337,0.440083893702315,0.755190721777247,-5.58244909821573,"NIBAN2",0.576581144084116,0.356464525561588,""
"ACSL1",0.133074345990579,17.1731302184332,1.60741785029032,0.121233643386235,0.454669276450088,-4.81169678422734,"ACSL1",0.347135795019493,0.916376842963062,""
"AK3",0.132806976908963,15.1414941934928,0.762392578389672,0.453363363978715,0.760056658016487,-5.72906646754877,"AK3",0.580296241479988,0.343553577867944,""
"SVIL",0.132545704609422,12.6428345930886,1.35216250127688,0.189113806201395,0.554026262861433,-5.14873658276749,"SVIL",0.422993936871374,0.723276764448404,""
"ATP6V1A",0.132461799196896,13.0600318241605,1.72158479262538,0.0982023570436134,0.423331782390712,-4.646020257753,"ATP6V1A",0.323209907615895,1.00787808819319,""
"KBTBD12",0.132425248901955,9.60843481200835,0.781309828488851,0.444426654599366,0.756832870149582,-5.59820021207789,"KBTBD12",0.577834909205924,0.35219990203027,""
"PHYKPL",0.132410339385721,12.6481092779725,1.58061963075114,0.127248727354207,0.461752325196418,-4.84929101068829,"PHYKPL",0.352543637345934,0.895346552455321,""
"FH",0.131597366190325,15.2389810317327,1.89170016953744,0.0708396832841082,0.37619570126511,-4.38333795589843,"FH",0.287221944841297,1.14972338915717,""
"TAB1",0.131529042935961,10.6430189220215,0.924127059837947,0.367883645504802,0.705535254903206,-5.45672520012252,"TAB1",0.538669653549795,0.434289518569779,""
"PMPCA",0.131460395410302,12.9171877916119,1.69875006193747,0.102486514051769,0.431993688193897,-4.67985995256665,"PMPCA",0.329823192729086,0.989333278590947,""
"STXBP3",0.131268062101514,12.5229683123111,1.90304049168054,0.0692781327588938,0.375361399771455,-4.36518505363945,"STXBP3",0.286584963353243,1.15940382629436,""
"PLCB1",0.131233807607266,9.41128496034163,0.981817967061562,0.344597124824498,0.69080583547511,-5.22389819638289,"PLCB1",0.527423877799849,0.462688350445925,""
"NDUFAF5",0.131032096607177,11.9739269002645,1.04267380374008,0.307641752599553,0.65717222597717,-5.48989761038795,"NDUFAF5",0.501744927456865,0.511954723184485,""
"ACAT2",0.130907855847461,10.5715241065269,0.86814365123092,0.394040519072942,0.721026341783567,-5.64696207119849,"ACAT2",0.550496955367758,0.404459117501833,""
"SPARCL1",0.130599793821078,11.5257470868672,1.13365696403291,0.269337061303423,0.628672116261893,-5.35452028571772,"SPARCL1",0.479985356804983,0.569703882711287,""
"PBDC1",0.130438023144748,12.6744818324268,1.40300644169817,0.17360839357366,0.529680869234833,-5.08544257527056,"PBDC1",0.404406453596463,0.760429281494769,""
"MAPK1",0.130069234182905,13.377006032427,1.77915895756214,0.0880715556540757,0.402770799372623,-4.55917977670677,"MAPK1",0.307511786902542,1.05516433241784,""
"MFN2",0.129944961471347,11.9278828830538,1.42157938668755,0.168202872910901,0.522120083002782,-5.0618338565371,"MFN2",0.398633863110192,0.77416659070995,""
"UBE2L3",0.129571856484267,14.9126407725146,1.4700388603329,0.154731269909405,0.503947290519704,-4.99902426383013,"UBE2L3",0.384759103822316,0.810421910109465,""
"EIF3G",0.129508101880022,11.6878699157909,1.51750386808044,0.142395145426118,0.486033812321408,-4.93583108198725,"EIF3G",0.371082328596857,0.846504816531938,""
"ATP1A2",0.12928817753474,14.700919425751,1.7498061126644,0.0931187981260031,0.412568008363819,-4.60372302813449,"ATP1A2",0.314991865518551,1.03096263804871,""
"MYL6",0.129120083771454,14.4731146852739,1.78699032993028,0.0867652678916396,0.402770799372623,-4.54720176385663,"MYL6",0.307511786902542,1.06165408797622,""
"FLNC",0.129021311907657,18.5221859925193,1.35130225215041,0.18938521742269,0.55425581979668,-5.14979050328641,"FLNC",0.423169201472144,0.72265392312739,""
"THBS4",0.128925019926182,10.4231173338529,0.568332238572953,0.579759697012663,0.832517521770072,-5.51251091082937,"THBS4",0.635619441990242,0.2367519786557,""
"PSMB3",0.128689700019795,13.3499385297273,1.41537063721396,0.169994731472895,0.524226502748317,-5.06975483421021,"PSMB3",0.400242095139239,0.769564538196465,""
"UBA6",0.128581579700343,10.5672850801973,1.23332765720161,0.230100903760693,0.591481928581974,-5.26940484981802,"UBA6",0.451590991854727,0.638081675562078,""
"CDH13",0.128452148574073,14.2748382977011,1.95020427858408,0.063102215059698,0.36305903694668,-4.28885996030433,"CDH13",0.277192222913114,1.19995539556855,""
"LETM1",0.128352133845024,13.4224803025713,2.1847550026924,0.0390591869201466,0.293557396983615,-3.89045640040248,"LETM1",0.224128362447087,1.40827680149284,""
"MYH10",0.128311823564811,11.1132037767404,1.51046917345712,0.14538309519927,0.489367745192771,-4.90646933660981,"MYH10",0.373627755564957,0.837486089271298,""
"PUDP",0.128296707000821,13.3659661899638,0.972079214588675,0.340849622771485,0.687799182676832,-5.55660672767771,"PUDP",0.52512832614607,0.467437182312006,""
"SUGP2",0.128123380694186,12.9816454180432,0.687454944614225,0.499095590213006,0.78494714777353,-5.73561532571139,"SUGP2",0.599299900618114,0.301816267350104,""
"ACSL3",0.128009837111305,12.5363824498678,1.61783105366557,0.118961035870515,0.454033861890443,-4.79695366789253,"ACSL3",0.346650661869412,0.924595262787298,""
"YWHAB",0.127644706931894,13.9685802798393,2.05217421199578,0.0513813829958941,0.335513671259779,-4.11940413367486,"YWHAB",0.25616159051261,1.28919421031876,""
"SPTAN1",0.127635521067011,13.4455123596557,2.02661101052508,0.0541220686378077,0.340310568787956,-4.16244314150717,"SPTAN1",0.259823977489958,1.26662561228107,""
"ERAP1",0.12757775793024,12.4428647931602,1.13669947733255,0.267051465530859,0.628590213857698,-5.39449981227711,"ERAP1",0.479922825075511,0.573405034357572,""
"SUMO2",0.12727086446688,12.1496580029958,1.1160393122112,0.277225113473887,0.635713499028377,-5.35539232770674,"SUMO2",0.485361387540477,0.557167430087987,""
"HSPA5",0.126843191327422,15.9812159545251,1.30513531381465,0.204403563649576,0.572832324672102,-5.20551271272622,"HSPA5",0.437352191444463,0.689511536815922,""
"CD36",0.126821123980204,15.3858824848085,1.48887201033018,0.149736727283847,0.495840996576613,-4.97414682933487,"CD36",0.378570023234845,0.824671663248174,""
"MAP4",0.126516649925234,14.630761640346,1.5053934659437,0.145463751420138,0.489367745192771,-4.95210998169542,"MAP4",0.373627755564957,0.837245216434207,""
"RBX1",0.12626513195003,13.7639276657138,1.08205552015065,0.290138474661096,0.640759662116929,-5.45084203448062,"RBX1",0.489214086471927,0.537394676488397,""
"HYCC1",0.126257015493831,9.79591836143604,0.623111899407417,0.541653595890597,0.811632293216025,-5.65027753375985,"HYCC1",0.61967376280365,0.266278369345222,""
"SEL1L3",0.126041963775755,16.6489890081478,0.547818113556422,0.588950677490158,0.837521673134682,-5.86427010562154,"SEL1L3",0.639440065358319,0.22992107429741,""
"DDX23",0.125967231954805,13.0648734573575,0.643122336376273,0.526603062664478,0.807784436081306,-5.78853482744139,"DDX23",0.616735959405076,0.278516619414503,""
"MSI2",0.125743147810734,12.6865853256912,1.84433364797267,0.0776983704422863,0.390393508196833,-4.45830963207666,"MSI2",0.298061839358159,1.10958808950468,""
"PSMD4",0.125732414862906,13.9674605648758,1.66913987650598,0.108276504994339,0.433722145529667,-4.72322225278614,"PSMD4",0.331142853947663,0.96546577105973,""
"COPS8",0.125622460349986,12.918148188541,1.45695974925388,0.158278451360926,0.511731344433806,-5.01614777487404,"COPS8",0.390702157122605,0.800578207639611,""
"ALDH2",0.125395487505104,15.5848492601512,1.43054197114618,0.165642903224158,0.522120083002782,-5.05034873028796,"ALDH2",0.398633863110192,0.780827166220963,""
"APMAP",0.125377038353836,11.9918333516625,1.45776125433578,0.159948615166709,0.514235693329924,-4.95014477281933,"APMAP",0.392614204384403,0.796019515680281,""
"MLIP",0.125283986379966,13.2064783608985,1.28411686289271,0.211539571611493,0.577707972045737,-5.23033163995902,"MLIP",0.441074703201791,0.674608379471027,""
"PDHA1",0.125263713213322,17.8415486983634,1.42171820046148,0.168162984053145,0.522120083002782,-5.06165643115114,"PDHA1",0.398633863110192,0.774269594689311,""
"WDR1",0.125191155951519,16.2755674538935,1.91984312194962,0.0670197521432759,0.372514727068544,-4.33814575077377,"WDR1",0.284411555025324,1.17379718263334,""
"CBX3",0.124760692067809,10.3637763135326,1.16835182965888,0.254308612987029,0.619270591930245,-5.3607344032301,"CBX3",0.47280737977354,0.594638930782234,""
"NDUFA1",0.124350423841896,13.9540180774824,1.42137795454391,0.168260768925173,0.522120083002782,-5.06209129219552,"NDUFA1",0.398633863110192,0.774017130758596,""
"PDIA3",0.124047381280333,13.8463139712153,2.11802615212217,0.044882564759432,0.312052289586367,-4.00686767091412,"PDIA3",0.238249042202675,1.34792233381422,""
"MMAA",0.124033963588573,9.51044352184582,0.840310452110592,0.410359399436986,0.729499588720487,-5.59564235743339,"MMAA",0.556966201178272,0.386835614447719,""
"PSMB1",0.123965007287422,15.3627878801004,1.33030675899256,0.19610448351248,0.56349707185521,-5.17533611125442,"PSMB1",0.43022481210271,0.707512476997843,""
"CKAP4",0.12388905602249,11.4658508502825,0.694247098818466,0.494587551162219,0.783946226162626,-5.75572476357865,"CKAP4",0.598535706208792,0.305756819089955,""
"PDLIM7",0.123869067899617,15.9766952774451,0.997870994615132,0.328443462009308,0.678389337718505,-5.53272958156049,"PDLIM7",0.517943996392974,0.483539378769707,""
"C1QBP",0.123768360293621,16.8644492609746,1.48033102342142,0.151985346078982,0.500754852280834,-4.98546111319529,"C1QBP",0.382321706699833,0.818198283264636,""
"CRIP2",0.123528579473032,12.4095283899376,1.06751236798773,0.296517403270297,0.648807852417449,-5.46541697274731,"CRIP2",0.495358805464713,0.527949811836142,""
"LAMTOR5",0.123359734679546,13.7091038997801,1.26366878359531,0.21866438521047,0.5839271230586,-5.25414359732891,"LAMTOR5",0.445822967584317,0.660221946574211,""
"TUBG1",0.123280720177341,10.6392969681237,0.956404221047094,0.349427291681687,0.692113827724285,-5.53125923692875,"TUBG1",0.528422517806586,0.456643177876621,""
"ATP5F1A",0.123260726434602,18.9615276974758,1.65238219199592,0.111673744017197,0.438124185312087,-4.74750084500234,"ATP5F1A",0.334503770681489,0.95204892329282,""
"GATD1",0.123060613781522,11.1197141781347,1.46675330761662,0.155616246046549,0.505973094450332,-5.00333763873797,"GATD1",0.386305786420935,0.807945065443617,""
"ATP6V1G1",0.123005594553067,12.4380455203195,1.30840705558373,0.203309721741508,0.572832324672102,-5.20161829296605,"ATP6V1G1",0.437352191444463,0.691841854034145,""
"FHL3",0.122967613691637,15.9335786074527,1.43370772813122,0.164746162752704,0.522059860113702,-5.04627763216538,"FHL3",0.398587883490363,0.783184692149637,""
"NLRX1",0.122854000738489,14.4624824702033,1.19858513553053,0.242562893945871,0.604408538843953,-5.32771835182123,"NLRX1",0.461460339450048,0.61517563457861,""
"TMEM70",0.122808750162465,12.7284806999671,0.808896359769537,0.430702030469324,0.747609147205217,-5.49564081175656,"TMEM70",0.570792681892191,0.365823080827267,""
"DDX1",0.122559845185355,14.4530782764823,1.84768558702947,0.0771947290297166,0.389500996562946,-4.45304969380099,"DDX1",0.297380414965439,1.11241235292152,""
"SART3",0.122465050081821,15.6565900247791,0.523608436068741,0.605423531926931,0.847888273249863,-5.87682920397007,"SART3",0.647354868840818,0.217940702660255,""
"PPP3CA",0.122381095591729,11.9618424931832,1.34661935406291,0.190868047686033,0.555646348203917,-5.15551770585098,"PPP3CA",0.424230857073578,0.719266768699536,""
"THNSL1",0.121981989859334,12.2107445857048,1.36887401024466,0.183901623642691,0.547698715226313,-5.12815019840707,"THNSL1",0.418162912668484,0.73541443641745,""
"HCCS",0.121403864644741,11.4810794983972,0.898552967279488,0.377948901600223,0.709804131765988,-5.62150661435487,"HCCS",0.54192890162385,0.422566912472678,""
"ATP5MG",0.121266681357088,15.6202573679082,0.991317671376591,0.331565792115636,0.682383791515405,-5.53885068644376,"ATP5MG",0.520993724989728,0.479430282288706,""
"MT-CYB",0.120853610040143,11.5299508850272,0.843865576546573,0.407569561985472,0.727694161977793,-5.64604463573784,"MT-CYB",0.555587774528097,0.389798257333297,""
"PCCB",0.120790063513226,14.0658980413899,1.6061491479325,0.121512983030077,0.454841948212972,-4.81348788773664,"PCCB",0.347267628316333,0.915377317480567,""
"SIRT5",0.120197684228556,14.2541957385174,1.44238169880807,0.162309076258615,0.516538425145849,-5.03508485510847,"SIRT5",0.394372318866822,0.789657193921028,""
"ATOX1",0.120187611198679,12.5123000242767,1.27477838406206,0.214770965300233,0.581493473284371,-5.24124731868726,"ATOX1",0.44396489844938,0.66802443089704,""
"HOMER2",0.120076418508228,11.9087206390759,0.962199899589011,0.345685299735824,0.691129871547042,-5.56560059738013,"HOMER2",0.527671276349237,0.461319088433749,""
"OLA1",0.120023949565248,14.3169070895934,1.48791555321214,0.149987187084532,0.496098172948953,-4.97541650048676,"OLA1",0.37876637502085,0.823945839718719,""
"AK2",0.120021485557901,14.2856902234414,2.00199756892141,0.05688280116407,0.349701332209946,-4.20353388443339,"AK2",0.266993738666223,1.24501902514495,""
"UBL5",0.119999043451312,11.2494390860907,1.17938446367296,0.249974461138243,0.614281851283209,-5.34877246172079,"UBL5",0.468998522346058,0.602104359141149,""
"EHBP1L1",0.119826947324279,12.1757786781382,1.53404569423894,0.138289360246345,0.481947645736308,-4.91342470940257,"EHBP1L1",0.367962578133013,0.859211232501352,""
"UBE2M",0.119771906807516,13.049733468395,1.25078397075615,0.223247258356216,0.586117624889804,-5.26897811376891,"UBE2M",0.447495395509519,0.651213865868657,""
"PDLIM3",0.119673844654631,18.2129795820188,1.15626165033521,0.25912185126259,0.62410976088498,-5.37372875577528,"PDLIM3",0.47650204059481,0.586495962225977,""
"TUFM",0.119659723864721,16.6928173120952,2.14714626431183,0.0422514941979713,0.301002580254034,-3.95635520541107,"TUFM",0.229812691139409,1.37415792788685,""
"HSPA12B",0.119622971875685,11.7567906316885,1.11881944800325,0.274943471233353,0.632516297414278,-5.39329161860413,"HSPA12B",0.482920353624982,0.560756588551634,""
"COQ7",0.119450736275848,13.7366971480517,1.69413399640697,0.103371530403764,0.431993688193897,-4.68665855847289,"COQ7",0.329823192729086,0.985599053998402,""
"EHD4",0.119443090068486,11.7960647620108,1.50377582431304,0.145877690086315,0.489367745192771,-4.95427639698352,"EHD4",0.373627755564957,0.836011122179681,""
"SARS1",0.119298700211594,11.9010787293544,1.58904225674118,0.125332098215766,0.461023999404297,-4.83752929272313,"SARS1",0.351987567327622,0.901937689638176,""
"ARF5",0.119292678603426,10.7143676426543,0.771110885467916,0.448611691187779,0.756832870149582,-5.70189959685288,"ARF5",0.577834909205924,0.34812941253598,""
"LSM8",0.118968941569994,11.7201291262708,0.765541086587417,0.451854000841029,0.759409854175017,-5.70597996294412,"LSM8",0.579802412718381,0.345001868002117,""
"TIPRL",0.118941927843675,12.3451305582639,1.4923656858259,0.148824750483226,0.49453224379322,-4.96950340255162,"TIPRL",0.377570802567256,0.827324836905548,""
"EEF1G",0.118939777187395,15.6615028241389,1.74844081849374,0.0933594582339913,0.412996925407996,-4.60578128147757,"EEF1G",0.315319339721977,1.02984167717124,""
"CSNK1A1",0.118936429234287,11.0287826522245,1.24500386801485,0.225326743555042,0.586376144004367,-5.27558997038294,"CSNK1A1",0.447692772466815,0.64718725972269,""
"GUK1",0.118925901468739,10.7546088571949,0.893368044152771,0.383680707502827,0.713027020541709,-5.45982051610564,"GUK1",0.544389547450096,0.416030037746461,""
"ALDH5A1",0.118810775677096,14.8369619025478,1.40959366872889,0.171675621768564,0.526815866196733,-5.07709898289882,"ALDH5A1",0.402219050226855,0.765291371018847,""
"FIS1",0.118605523998529,14.1397478086578,1.23335734838224,0.22956142969995,0.591481928581974,-5.28883147887224,"FIS1",0.451590991854727,0.639101079146958,""
"UBTF",0.118507781774568,13.5255866076617,0.687252813169557,0.498608470267808,0.78494714777353,-5.78125242105364,"UBTF",0.599299900618114,0.302240348055824,""
"RPL4",0.118141287686559,11.9041942259562,0.854658904421442,0.401315537653453,0.723084058686465,-5.65798803581961,"RPL4",0.552068003226082,0.396514025448006,""
"ACOT9",0.11796974805695,13.2252045123674,1.86553468664984,0.0745602493502352,0.387794340370517,-4.4249232508901,"ACOT9",0.296077398718532,1.12749264824997,""
"EIF4H",0.117947152280257,13.0992942815159,1.65616761207339,0.1108986076579,0.436748837566299,-4.74203317863174,"EIF4H",0.333453705374922,0.955073906423308,""
"BIN1",0.117882954282322,16.4063610341477,1.65258952264633,0.111631171696481,0.438124185312087,-4.74720162866052,"BIN1",0.334503770681489,0.952214516818906,""
"PDAP1",0.117739610348863,13.4229854424633,1.11792328320918,0.27482817256425,0.632516297414278,-5.4141394010359,"PDAP1",0.482920353624982,0.560938749916489,""
"RGN",0.117718139261429,10.7957969725244,0.931233551989323,0.361553690537375,0.70124816811282,-5.57277620259399,"RGN",0.53539650236413,0.441827201072886,""
"PHKG1",0.117480412396731,14.3417502174526,1.32918600235642,0.196468327734958,0.56349707185521,-5.17669018646458,"PHKG1",0.43022481210271,0.706707451388263,""
"LTBP4",0.117441118149177,10.3331579056009,0.773832445912075,0.447398549624564,0.756832870149582,-5.67544761507505,"LTBP4",0.577834909205924,0.349305428131811,""
"SNX9",0.117266824330409,11.2635683257126,1.07254995149087,0.294296596307978,0.647323961771608,-5.46038850081721,"SNX9",0.494225868656033,0.531214760711164,""
"UQCR10",0.116857132063448,17.1816839979671,0.59077186617546,0.560277559899604,0.821758855891143,-5.84062960515218,"UQCR10",0.62740529991671,0.25159677144094,""
"HSP90AB1",0.116811911875931,16.879819126049,1.32944171734706,0.196385265706606,0.56349707185521,-5.1763813224804,"HSP90AB1",0.43022481210271,0.706891099351316,""
"RPS11",0.116725815350405,12.7713237554822,0.928891081112359,0.362330497604037,0.70124816811282,-5.59529965231484,"RPS11",0.53539650236413,0.440895109565488,""
"SEC31A",0.116692414541541,12.8742239811059,0.969441268431382,0.342136298018762,0.687799182676832,-5.55901650774463,"SEC31A",0.52512832614607,0.465800848080352,""
"HSDL2",0.116479778267692,16.6110711547005,1.44337973765869,0.162030528248972,0.516538425145849,-5.03379341146296,"HSDL2",0.394372318866822,0.790403152117889,""
"RPS21",0.116372785528609,13.7736876832308,1.58712984100036,0.12576516848668,0.461046463964354,-4.8402042346634,"RPS21",0.352004718811831,0.900439623029216,""
"TRMT10C",0.116344468714201,12.3835482868395,1.17901083739983,0.25012033582378,0.614281851283209,-5.34917918270052,"TRMT10C",0.468998522346058,0.601850996885994,""
"NEXN",0.116272271725149,13.4909042522214,1.1329046695717,0.268610075658484,0.628590213857698,-5.39849262357809,"NEXN",0.479922825075511,0.570877700822883,""
"DDRGK1",0.116029579947929,10.4141795985459,1.19071823215384,0.245579445287839,0.609912272855869,-5.33638082682109,"DDRGK1",0.465662389557149,0.609807985949598,""
"ATIC",0.1159377143083,14.4931085847477,1.63559574238071,0.115166089113244,0.445009208403934,-4.77162945157181,"ATIC",0.339760422248924,0.938675380973788,""
"TFAM",0.115827349415794,13.329387569765,1.05768591072691,0.300883652173828,0.649501477737639,-5.47516413736687,"TFAM",0.495888381993063,0.521601408017876,""
"RPS3",0.115800036765391,13.6004352430021,1.26292241919702,0.218927875293954,0.5839271230586,-5.25500649368438,"RPS3",0.445822967584317,0.659698937766921,""
"BCKDHB",0.115705414707548,11.7407338430913,0.806094272055472,0.42822046348391,0.747368359065231,-5.69635398013499,"BCKDHB",0.570608842370291,0.368332582801057,""
"CLIC5",0.11553459205893,13.5701681907168,1.18809350937617,0.246592096652885,0.610680446635822,-5.3392598209565,"CLIC5",0.466248883146289,0.608020846779396,""
"MECR",0.115317503828967,14.5554233894846,1.591328835133,0.124815922382063,0.46028209856443,-4.83432764156483,"MECR",0.351421132885683,0.90373000951267,""
"RHOA",0.115298550510577,14.0176848512379,1.77513030154332,0.0887500921914457,0.403805886975659,-4.56532623706916,"RHOA",0.308302066731431,1.05183118713805,""
"YME1L1",0.114382673033491,10.6801448935415,0.738292111716074,0.470617028818752,0.769004831951416,-5.57635461687038,"YME1L1",0.587128089668911,0.327332362352909,""
"PTGR3",0.114136136010682,9.8429379438607,0.70710375332487,0.488734311211112,0.780156700348286,-5.62204755061783,"PTGR3",0.595642438234808,0.310927170596181,""
"ME1",0.11398892570565,14.0668169941869,1.03809588295319,0.309723751351202,0.660636619709733,-5.49435257790369,"ME1",0.504389960088063,0.50902548923396,""
"PSMB6",0.113743877348801,14.0521839961122,1.10589746856139,0.279894737246665,0.638325066300504,-5.42656464102152,"PSMB6",0.487355295042507,0.553005267329552,""
"MOB4",0.113740308091753,12.4880278320454,1.01699883555606,0.319446373769825,0.670871128989293,-5.51465271728554,"MOB4",0.512203913437041,0.495602037444796,""
"MTM1",0.113581128086155,12.4583610696708,0.817747948556806,0.421664232189845,0.74042691780859,-5.68734010475216,"MTM1",0.565309116054894,0.375033236598107,""
"MICOS13",0.113473008697273,10.5488444242271,0.9828853197453,0.336047724625063,0.685222313493292,-5.52633545538081,"MICOS13",0.523160910314339,0.473599040855748,""
"HNRNPM",0.11334147365741,13.7382660890009,1.34713918647144,0.190702996301071,0.555646348203917,-5.15488278094235,"HNRNPM",0.424230857073578,0.719642483321072,""
"FUNDC2",0.113136890200741,12.7949903197867,1.35522441877797,0.188150237650057,0.552895938887732,-5.1449807129727,"FUNDC2",0.422130944952712,0.7254952287922,""
"PKM",0.112976842545372,18.8255906872549,1.61044476850464,0.120569342901959,0.454669276450088,-4.8074189892679,"PKM",0.347135795019493,0.918763105969208,""
"TMEM223",0.112976529402342,11.8619075507226,1.17194726066131,0.254563358863873,0.619365596015407,-5.29681804339779,"TMEM223",0.472879914515475,0.594204107314001,""
"HNRNPA3",0.112946008383418,13.7075616154961,2.09304427745647,0.0472558986416305,0.319980389151229,-4.04983905666199,"HNRNPA3",0.244302073027475,1.32554397366009,""
"MYH9",0.112606558120961,14.2497296264936,1.71508826705199,0.0994054432784576,0.425324929437335,-4.65568289020085,"MYH9",0.324731656985068,1.00258983370055,""
"SELENOO",0.112507268803919,10.8385039126705,0.796640379790795,0.433585250975686,0.749930357740934,-5.70357668657437,"SELENOO",0.572564904706575,0.362925499368231,""
"COX6B1",0.112301822321289,18.8599833199858,1.3482160115923,0.190361450577068,0.555646348203917,-5.15356688204965,"COX6B1",0.424230857073578,0.720420994484669,""
"COPZ1",0.11222665424693,12.3642529148454,0.710747924311376,0.484495985674623,0.77643741051518,-5.74462303364026,"COPZ1",0.59280279478407,0.314709816975615,""
"ABCC9",0.112215207170969,9.46555595332217,0.4681298438014,0.646145540121334,0.870716882588691,-5.69493112543277,"ABCC9",0.664784301315113,0.189669648951447,""
"PRKAA1",0.112126666374051,11.5186392199726,1.34610466687394,0.191588555853065,0.555646348203917,-5.13724248076153,"PRKAA1",0.424230857073578,0.717630436167189,""
"MCTS1",0.112088888855473,13.82726212635,1.05651014888301,0.301409124681233,0.650118625469529,-5.47632495484233,"MCTS1",0.496359568588794,0.520843604248579,""
"ILF3",0.112061854771044,10.9922152060317,0.587227924237893,0.565427845626562,0.824450657589567,-5.60401863647533,"ILF3",0.629460465662486,0.247622807618379,""
"CKMT2",0.111896131993582,19.8527473565097,1.42088747830435,0.168401809129464,0.522120083002782,-5.06271800690649,"CKMT2",0.398633863110192,0.773653247214499,""
"PTGR1",0.111852240620491,11.1784356723543,0.926211156668634,0.364101259948257,0.702509890666294,-5.57716891767305,"PTGR1",0.536359815885364,0.438777818216211,""
"MAPRE1",0.111810571054987,12.0061309844786,1.08647040906301,0.288221600028337,0.640123355022583,-5.44638237233859,"MAPRE1",0.488728271879841,0.540273475216694,""
"MT-ATP8",0.111624495714576,16.9028938791212,1.31719665248735,0.200393558837917,0.569070135928447,-5.19111453933933,"MT-ATP8",0.434479795071568,0.698116241917099,""
"LDB3",0.111574833220434,17.7504290593178,1.55745521173696,0.132645385503381,0.472934800279034,-4.88138136654455,"LDB3",0.361081353833834,0.877307853750077,""
"PPA1",0.111379917180098,14.7220604028237,1.67865672905171,0.106386218575215,0.433545212282292,-4.70934963353731,"PPA1",0.331007767046757,0.973114627533316,""
"FKBP3",0.111226688100869,15.9498280211768,1.27390164030542,0.215076279557095,0.581493473284371,-5.24226860759751,"FKBP3",0.44396489844938,0.667407484663762,""
"HNRNPU",0.111174044225349,13.280510101083,1.41899133728161,0.168947947443255,0.522120083002782,-5.06513914036759,"HNRNPU",0.398633863110192,0.772247080121598,""
"EIF4B",0.111074957567418,10.6783623911411,0.511372154224087,0.613832220541698,0.853006924092553,-5.88296625786185,"EIF4B",0.651262911503338,0.211950318842939,""
"FASTKD2",0.110792729613303,11.9784027079393,1.20677223666583,0.239453102626634,0.60146094281808,-5.31865011802124,"FASTKD2",0.459209877096782,0.620779531371857,""
"NIT2",0.110701793533737,13.3436553007142,1.21187555069785,0.237529853613405,0.600356596377397,-5.31297018193206,"NIT2",0.458366718784753,0.624281798903232,""
"COX5A",0.110682730869296,17.1496066618432,1.04342698860295,0.307300157259565,0.65717222597717,-5.48916295155284,"COX5A",0.501744927456865,0.512437217495188,""
"PAFAH1B2",0.110640351615304,14.6093953565799,1.28775583963069,0.210290550903453,0.577707972045737,-5.22605948112728,"PAFAH1B2",0.441074703201791,0.677180241258921,""
"MT-CO2",0.110638752359261,17.7481856925186,1.14500795868083,0.263662129412535,0.627153250657322,-5.3857163524879,"MT-CO2",0.478825716938206,0.578952244754428,""
"CRYAB",0.110370798277561,19.4241350668004,1.22442357818933,0.232850396431613,0.594010806255722,-5.29891519143669,"CRYAB",0.453521766611793,0.632923018337152,""
"UNC45B",0.110296216977302,13.6586090829292,1.01860895862261,0.318696929841478,0.670264451004601,-5.51311678302403,"UNC45B",0.511740720396637,0.496622120270626,""
"LDHA",0.110288624008319,18.8752872195266,0.723339158888754,0.47656579701176,0.772168106462465,-5.75683394399503,"LDHA",0.589543220554445,0.3218771300594,""
"COL15A1",0.109961868929529,14.4880120442033,1.48436621515835,0.150919597521269,0.498607784215838,-4.98012231668009,"COL15A1",0.380682440054146,0.82125436166429,""
"AHCY",0.109873598447409,14.6363389939091,1.49166709497826,0.149006746353184,0.494564588184963,-4.97043260747705,"AHCY",0.377595497211744,0.826794068247903,""
"SPTBN1",0.109807999569728,12.6929586773452,1.58640281313827,0.125930130526592,0.461046463964354,-4.84122047424825,"SPTBN1",0.352004718811831,0.899870346493687,""
"DNPEP",0.10969310644316,14.0600662546952,1.7278559020695,0.0970527769913967,0.419636329431174,-4.63666648449038,"DNPEP",0.320388463398062,1.01299203353903,""
"NDUFA7",0.109685262763458,15.8471148044293,1.29381015558348,0.208225101175346,0.577238321202447,-5.2189286674673,"NDUFA7",0.440716129118801,0.681466918221981,""
"CTSZ",0.109365643577251,10.5704153174387,1.06462955130281,0.298774607539753,0.648851662818935,-5.4245804390547,"CTSZ",0.495392254301786,0.524656315404072,""
"MUL1",0.109264382027227,11.6682751743972,0.747840256789671,0.465647331142908,0.767435986056997,-5.5444988068219,"MUL1",0.585930290312257,0.331942881860202,""
"ARL3",0.109082933086613,13.1404188650261,1.28653264130845,0.210709759002561,0.577707972045737,-5.22749667741316,"ARL3",0.441074703201791,0.676315349618233,""
"CASQ2",0.109041659370341,18.677053815488,1.07631712931693,0.292643618698247,0.644639731352401,-5.45661419102814,"CASQ2",0.49217648351204,0.533660941545885,""
"NT5DC1",0.108987320946326,12.3050856207586,1.08916327376512,0.287056872610603,0.640123355022583,-5.44365418268248,"NT5DC1",0.488728271879841,0.542032050952324,""
"BPHL",0.108958879020149,12.5702913097132,0.912941707419102,0.370487079284794,0.705581892701341,-5.60917783214782,"BPHL",0.538705261078106,0.431226933415189,""
"C12orf57",0.108639031197795,9.6170708944983,0.608354769445595,0.549586321658792,0.817010308361589,-5.76636913142533,"C12orf57",0.623779827716939,0.259964084722217,""
"DYSF",0.108622961148184,15.4387774899696,1.51282582470407,0.143574170507923,0.487812359205027,-4.94213190489687,"DYSF",0.372440232722786,0.842923684152645,""
"RTN2",0.108286049128298,15.1633050263758,0.951648252235929,0.350901228994743,0.693827430057787,-5.57511314621099,"RTN2",0.529730837368074,0.454815110711068,""
"FDPS",0.108099721717002,13.4237963828756,1.15340066681911,0.260270609884715,0.62425807934755,-5.37678617719866,"FDPS",0.476615280371693,0.584574870252369,""
"PDCD6IP",0.108058013132263,13.6482050803964,1.40202337419714,0.173898315827476,0.530002191869089,-5.0866849571925,"PDCD6IP",0.404651780461236,0.759704624037401,""
"GFM1",0.108011202053302,13.0151460261521,0.864888340662601,0.395788937115108,0.722205837729478,-5.64963859546822,"GFM1",0.551397489633242,0.402536349131667,""
"DARS2",0.107849419264769,13.0869846609062,1.02944276575118,0.313686124986938,0.665626655460088,-5.5027246717797,"DARS2",0.508199806314973,0.503504690657929,""
"ETF1",0.107673496550634,10.1061264137867,0.738741048135265,0.468797609339459,0.767779769773866,-5.65789942427125,"ETF1",0.586192766006243,0.329014611694164,""
"HDLBP",0.107625255906123,11.133149230293,0.861339642417295,0.398078610480714,0.722205837729478,-5.63192748375368,"HDLBP",0.551397489633242,0.400031157255789,""
"CMC2",0.107622273135606,12.4344410062274,0.744207870720378,0.464081959003255,0.767057745710044,-5.74216883937544,"CMC2",0.58564150729931,0.333405314273548,""
"DDOST",0.107578134897885,13.7709026917782,1.06793047793104,0.296332627519009,0.648807852417449,-5.46500043176185,"DDOST",0.495358805464713,0.528220528164403,""
"STYXL2",0.107459758518742,11.2968734531259,0.872657982630077,0.392007562144413,0.719139751384415,-5.62263953714601,"STYXL2",0.549056561015189,0.406705555005277,""
"COG2",0.107389790570981,9.59597368574492,0.636325010626501,0.532731181529075,0.807877558300142,-5.64499759785812,"COG2",0.616807057359444,0.273491882585,""
"PPIB",0.107367743842829,14.2589788877065,1.06026622801546,0.299732732612443,0.648968835090743,-5.47261252574086,"PPIB",0.495481714249565,0.523265826901802,""
"SOD2",0.10735711013195,17.6609379130153,1.15447674339623,0.259838098023692,0.62425807934755,-5.37563700410361,"SOD2",0.476615280371693,0.585297171398426,""
"XRCC5",0.107269718652102,12.0933188749802,1.21321197527582,0.237028128835179,0.600356596377397,-5.31147928630796,"XRCC5",0.458366718784753,0.625200111909704,""
"PLIN4",0.10699698325417,13.7871357024526,1.16990606267484,0.253694687945984,0.618300041674806,-5.35905526320273,"PLIN4",0.472066373613725,0.595688626274127,""
"NCL",0.106943552248371,13.435330961695,1.06173840654391,0.29907748688586,0.648968835090743,-5.47115420786961,"NCL",0.495481714249565,0.524216277337211,""
"DYNC1LI1",0.106683078480728,12.0819219626129,1.11992630609815,0.273990798338746,0.632516297414278,-5.41205818091139,"DYNC1LI1",0.482920353624982,0.562264022208118,""
"LMAN2",0.106606380579128,10.5745225877657,1.26338091881034,0.219303119720581,0.5839271230586,-5.23515361205914,"LMAN2",0.445822967584317,0.65895519017475,""
"SEPTIN11",0.106345669345352,11.4361077460895,1.22968114704304,0.231438059917639,0.592209153318666,-5.27351221662203,"SEPTIN11",0.452146221227383,0.635565219917432,""
"NDRG3",0.106291403454874,10.3984635994061,0.738004845506117,0.468436670721127,0.767779769773866,-5.70122254804695,"NDRG3",0.586192766006243,0.329349114307506,""
"SMIM11",0.106194186232644,10.6591060057994,0.432067735117226,0.669606259696943,0.881164150216016,-5.91929351549662,"SMIM11",0.672760693698404,0.174180495069853,""
"GSTZ1",0.106140156436885,13.3088894274255,1.0092270771636,0.323081048970823,0.673731201073942,-5.52203523146315,"GSTZ1",0.514387552069212,0.490688515732827,""
"MUSTN1",0.106003959816473,14.3135590483936,0.511494226070972,0.613748063354254,0.853006924092553,-5.88290573306787,"MUSTN1",0.651262911503338,0.212009865257387,""
"SYNPO",0.105831660339215,14.6252652901149,1.30297561742076,0.20512810809571,0.572882099555236,-5.20807886301123,"SYNPO",0.43739019410821,0.687974825470406,""
"ATXN10",0.105796017858493,10.9538050207126,0.771535943664133,0.448030629477019,0.756832870149582,-5.72236510697496,"ATXN10",0.577834909205924,0.348692294577433,""
"EIF3H",0.10572017805042,12.4589383401134,1.10509746338054,0.280234167413975,0.638325066300504,-5.42738695043723,"EIF3H",0.487355295042507,0.552478914679396,""
"PTRHD1",0.105520493480867,12.7118326347466,1.45573880718063,0.158612901289143,0.512235815074385,-5.01773982792635,"PTRHD1",0.391087315799366,0.799661490846847,""
"DCTN2",0.105466627796275,13.7705031829491,1.67444437208039,0.107219437917629,0.433722145529667,-4.71549747578985,"DCTN2",0.331142853947663,0.969726473830652,""
"LPIN1",0.105415387552638,12.1831408039332,0.884123290289672,0.385530239425774,0.714621586866954,-5.63368745489976,"LPIN1",0.545606984118233,0.413941551982172,""
"PABPC4",0.105201967718074,12.8197342857149,1.24605076040635,0.224949019066656,0.586376144004367,-5.27439440402575,"PABPC4",0.447692772466815,0.647915896318674,""
"ACTN2",0.105050642507571,20.6098211347557,1.63563275931551,0.115158288439099,0.445009208403934,-4.77157645602933,"ACTN2",0.339760422248924,0.938704798526316,""
"ETFA",0.104712972281114,17.2850618138187,1.4063099639338,0.172636947690979,0.52840157443582,-5.08126231162715,"ETFA",0.403429723827988,0.762866251140565,""
"PRKAR1A",0.104501363897747,15.6530091315465,1.32247733070115,0.198657253288625,0.565587531711478,-5.18477511662144,"PRKAR1A",0.431820858903647,0.701895573544849,""
"ARPC4",0.104234584188617,13.6091706551005,0.702189876107024,0.490401212794061,0.781755625725569,-5.69652016083019,"ARPC4",0.596863202998932,0.309448464449843,""
"PGM1",0.10421072404721,19.3054888865833,1.30372032801258,0.204878045162047,0.572832324672102,-5.2071944098394,"PGM1",0.437352191444463,0.688504578328119,""
"SUCLG1",0.103818798071909,17.1919511271232,1.51597055189709,0.142780718464678,0.486033812321408,-4.93789803380912,"SUCLG1",0.371082328596857,0.845330437026115,""
"PHYHD1",0.103800097318739,11.4740297956067,0.786942448672625,0.43947308624691,0.755052615668659,-5.69014898883526,"PHYHD1",0.576475701345218,0.357067716386238,""
"RO60",0.103395172508504,12.5250100749006,1.08979572392605,0.286783814043981,0.640123355022583,-5.44301255598181,"RO60",0.488728271879841,0.542445363707688,""
"RPS6KB2",0.103393615251887,8.99621262497241,0.535536595712083,0.598608261679599,0.843936820163024,-5.74151679447647,"RPS6KB2",0.644337970889208,0.222857293548114,""
"MAN2C1",0.103015322267298,12.8774132789505,1.03259091191172,0.312240457641774,0.663539862242438,-5.49968613287395,"MAN2C1",0.506606558958771,0.505510825193527,""
"ELOB",0.103001640873881,12.8558031791488,0.709137919599766,0.485171966027249,0.77643741051518,-5.76658601328035,"ELOB",0.59280279478407,0.314104301274982,""
"MACROD1",0.102984410677777,16.8942214165066,1.57311448790142,0.128976964326104,0.463738853712278,-4.85972954956174,"MACROD1",0.354060333527972,0.889487849075966,""
"UCHL3",0.102743724670786,14.3464375381263,1.09709817804554,0.28364451672166,0.640118002518917,-5.43557992430427,"UCHL3",0.488724185292707,0.54722560758859,""
"GSTT1",0.102724758809527,15.0242033940906,0.423424952734623,0.676162298957431,0.884556222372953,-5.88191569842436,"GSTT1",0.675350509474291,0.169949048020425,""
"BNIP3",0.102662406766122,11.297764016522,0.723190480215886,0.476965772708513,0.772168106462465,-5.73608729051929,"BNIP3",0.589543220554445,0.321512785021019,""
"MARS1",0.102603837755849,12.2428265651028,0.916575361069622,0.368618210503242,0.705535254903206,-5.60603564232695,"MARS1",0.538669653549795,0.433423213539859,""
"CYB5R3",0.102582309850995,15.7637339919503,1.64783163358046,0.112611572641938,0.441074795436569,-4.75406076533636,"CYB5R3",0.336756534271217,0.948416976480424,""
"ST13",0.102514064599154,14.5647854055263,1.22389413644101,0.233046421629802,0.594010806255722,-5.29951077366954,"ST13",0.453521766611793,0.632557561164617,""
"SNRPGP15",0.102450797221945,10.9219715800493,0.688164564235486,0.499393813563922,0.78494714777353,-5.68893627835448,"SNRPGP15",0.599299900618114,0.301556841944008,""
"EEF1A2",0.102407704629073,17.9457998699959,1.38940746967059,0.177653199618629,0.536185380160968,-5.10256392005242,"EEF1A2",0.409372587638301,0.750426966254016,""
"RTCB",0.102142308158578,13.5368856189598,1.8052014240075,0.0837918434767418,0.400175697227835,-4.51919660206985,"RTCB",0.305530450373226,1.07679825470441,""
"LDHD",0.101634779271508,12.8772219414952,0.750370304610418,0.460432908208107,0.763700512579164,-5.73776238461456,"LDHD",0.583078290798179,0.336833643898801,""
"SRL",0.101621973796529,18.1177360554532,1.26950992525189,0.216610647082347,0.583385710856864,-5.24737523111087,"SRL",0.44540960436666,0.664320200270862,""
"SNTB1",0.10151929840203,12.9889802665848,0.936806222488611,0.358327431950442,0.700231451388612,-5.58832980089426,"SNTB1",0.534620248531623,0.445719942912122,""
"FLNA",0.101429255936747,13.3775502651687,1.60730551573092,0.121258355334083,0.454669276450088,-4.81185541878827,"FLNA",0.347135795019493,0.916288326536284,""
"KPNA3",0.101421345707619,14.2293845111403,1.09078805614794,0.286355753722512,0.640123355022583,-5.4420051510927,"KPNA3",0.488728271879841,0.543094086219823,""
"CAPN3",0.10141758531859,14.9152494589778,1.29214499456073,0.208791609878105,0.577707972045737,-5.22089277272486,"CAPN3",0.441074703201791,0.680286957091479,""
"PITRM1",0.101390447595513,14.4305614974335,0.687824493674728,0.49825482252835,0.78494714777353,-5.78087490743344,"PITRM1",0.599299900618114,0.30254848914064,""
"RUVBL1",0.101331056498667,11.7039188697489,1.20453637552007,0.240299388503138,0.602006583239537,-5.3211319884135,"RUVBL1",0.45962646852116,0.619247334356528,""
"EML2",0.101315540208596,12.4727210409783,0.944683025190358,0.354373260019013,0.697598829890677,-5.58133947496542,"EML2",0.532610266322562,0.450539056153837,""
"CD44",0.101260724093377,12.0049887631365,0.762171918064831,0.453492530540662,0.760056658016487,-5.72922725727336,"CD44",0.580296241479988,0.343429861793938,""
"RRAS2",0.100899006135451,13.0795189213853,0.685742823090696,0.499543249231612,0.78494714777353,-5.7822481076621,"RRAS2",0.599299900618114,0.301426905657171,""
"KSR2",0.100518821022394,17.9304632694058,0.684480814828966,0.5009343826322,0.784967456462134,-5.73756643408916,"KSR2",0.599315406114371,0.30021915861798,""
"ACO2",0.100349716899785,18.1092278745675,1.42970152490859,0.165881625616166,0.522120083002782,-5.05142827137768,"ACO2",0.398633863110192,0.780201717263463,""
"EEF2",0.100205671671009,16.2619333104868,1.6172676858076,0.119083071404912,0.454033861890443,-4.79775321026263,"EEF2",0.346650661869412,0.924149972505301,""
"NUBP1",0.100092819428591,9.66530122239001,0.662035269022785,0.51526997106463,0.7970582364906,-5.73370339569769,"NUBP1",0.60854660504287,0.287965166642234,""
"CMPK1",0.0998904757729804,12.8696259615112,1.41917996250705,0.168893555167672,0.522120083002782,-5.06489841031695,"CMPK1",0.398633863110192,0.772386922415485,""
"DLST",0.0998360118493373,17.1623784846287,1.0630818324473,0.298480435597569,0.648851662818935,-5.46982183532095,"DLST",0.495392254301786,0.525084130164351,""
"PSMD11",0.0997276705361969,13.4842713456142,1.98055907484827,0.0593882558296773,0.354477510367991,-4.23904140520037,"PSMD11",0.270640306595757,1.22629942930573,""
"KLHL31",0.0995242182174874,12.1096903890542,0.808570649499283,0.427174415318414,0.74690483945138,-5.6737322082224,"KLHL31",0.570254949424373,0.369394766323064,""
"MIEF1",0.0993050049840907,10.4143198341422,0.560561197925477,0.580600263639143,0.832517521770072,-5.8364079348542,"MIEF1",0.635619441990242,0.236122771299731,""
"CSTB",0.0991374300695043,16.2759355149175,0.970013816868842,0.341856753206045,0.687799182676832,-5.55849399239711,"CSTB",0.52512832614607,0.466155836412908,""
"MAIP1",0.0989776146905399,11.624584261938,1.13539698374354,0.267585680259379,0.628590213857698,-5.39587160649294,"MAIP1",0.479922825075511,0.57253713137781,""
"OXSR1",0.098728141361299,15.194452231807,1.71059796302699,0.100244293659549,0.427004995692233,-4.66234524259561,"OXSR1",0.326014372060151,0.998940339931763,""
"DYNC1H1",0.0985547560433773,13.8422461682301,1.59456874571928,0.124087561520131,0.459684373063606,-4.82978488394096,"DYNC1H1",0.350964774984063,0.906271749797859,""
"CSE1L",0.0983885725237652,13.290099005276,0.932672824121271,0.360414182398144,0.700231451388612,-5.59197637772066,"CSE1L",0.534620248531623,0.443198127748283,""
"COA3",0.0980543204299682,12.7677957140122,0.955713387140657,0.348885478594087,0.692113827724285,-5.57145977462486,"COA3",0.528422517806586,0.457317106498299,""
"EMC1",0.0979233490712552,11.4634615546656,0.88265186279036,0.386308848072976,0.714621586866954,-5.63491924092339,"EMC1",0.545606984118233,0.413065344598483,""
"PYGL",0.0979086168014778,11.6656092330971,0.652463361801729,0.52166319725334,0.804779709464986,-5.69302225188364,"PYGL",0.614441878373438,0.282609801179829,""
"TFRC",0.0977238583175168,12.2819037975342,0.674178663012802,0.506734928766865,0.789384688274373,-5.78980385217258,"TFRC",0.60268792182271,0.295219159163263,""
"ATP5F1D",0.0974254885162473,13.8445758034316,0.778194487073577,0.444171104487787,0.756832870149582,-5.71743727413429,"ATP5F1D",0.577834909205924,0.352449697857985,""
"GRHPR",0.0974166472115687,15.2297767694197,1.16625121185606,0.255140108480363,0.619630873609365,-5.36300070216961,"GRHPR",0.473082451509393,0.593221264155843,""
"QARS1",0.0973695615257153,13.9244314926218,1.73035013354205,0.0965987431690487,0.419636329431174,-4.63293897813342,"QARS1",0.320388463398062,1.01502852408448,""
"OGN",0.0973673695156005,13.4173291041422,0.769531354426273,0.449196520632145,0.756832870149582,-5.72384079617247,"OGN",0.577834909205924,0.347563616337811,""
"MOCS2",0.0973596750594385,12.3379139368787,0.93118017986897,0.361169736914068,0.701094195186133,-5.59328955759833,"MOCS2",0.535278945456097,0.44228864717872,""
"RUVBL2",0.0973559852001813,9.71856005145461,0.515830411093331,0.611201194785791,0.852015146658954,-5.83988232206747,"RUVBL2",0.650505698588969,0.213815805465795,""
"MRPL45",0.0972261347912227,11.4521480478415,0.847607662163355,0.405153648803618,0.72563700917978,-5.66368921010146,"MRPL45",0.554017157358645,0.392380245494024,""
"MRPS25",0.0967419074144793,10.6943508774033,0.95117228187117,0.35155789017485,0.694315672797818,-5.55512164186829,"MRPS25",0.530103606192584,0.45400315054915,""
"MAP2K3",0.0967028428062697,12.0911020414838,1.63076529346371,0.1161878226414,0.447751998393905,-4.7785369282123,"MAP2K3",0.341854517084568,0.934839386892116,""
"CUL1",0.0966159626512013,12.8241399945323,1.38113262171719,0.180150749035682,0.540910606050192,-5.11291358146098,"CUL1",0.412980253980987,0.744363927816255,""
"P4HB",0.096499004847896,16.6625502647496,1.38893631700599,0.177794664546583,0.536185380160968,-5.10315460252173,"P4HB",0.409372587638301,0.750081275945922,""
"RPLP0",0.0964898833902765,14.544651372787,1.34617007695234,0.191010787276184,0.555646348203917,-5.15606628677632,"RPLP0",0.424230857073578,0.718942105410749,""
"CNDP2",0.0964677692122269,13.174768811901,1.34495704768098,0.191396595797989,0.555646348203917,-5.15754665611853,"CNDP2",0.424230857073578,0.718065790902417,""
"NDUFA2",0.0963343733881068,14.9702454505861,0.959974103078477,0.346781165622105,0.692113827724285,-5.56761523998732,"NDUFA2",0.528422517806586,0.459944497956245,""
"KLHL40",0.0958470323547758,16.4682673566552,0.950178749080811,0.351631831504015,0.694315672797818,-5.57643026925645,"KLHL40",0.530103606192584,0.453911817270607,""
"NT5C1A",0.0958395268729255,14.4998024242629,1.44354349743051,0.161984860347827,0.516538425145849,-5.03358143875604,"NT5C1A",0.394372318866822,0.790525574189783,""
"NAPA",0.095642327834339,14.2422491441245,1.65946008399018,0.110228092180853,0.435515144326313,-4.7372696080343,"NAPA",0.332511791975766,0.957707709256051,""
"RDH13",0.0952935268462056,12.6093927720849,0.965273385179357,0.344175941468054,0.690516511498799,-5.56281162800091,"RDH13",0.527202981615003,0.463219490931302,""
"ENAH",0.0952242727757042,11.7699696978015,0.585995501625468,0.56490418217908,0.824450657589567,-5.72485671653243,"ENAH",0.629460465662486,0.248025210021022,""
"ANK3",0.0949059685817435,13.3118552854461,0.850072237951287,0.40380949035401,0.724604256609035,-5.66170154605463,"ANK3",0.553228660305352,0.393823478458391,""
"WARS1",0.0949005845015574,14.9457560610097,1.12976033817266,0.269906549863294,0.629489605733157,-5.40179200804435,"WARS1",0.480609502469153,0.568786576225364,""
"EIF3D",0.0948579860083036,11.8407843758948,0.923990887284961,0.364823649185777,0.703430958235302,-5.59958719834701,"EIF3D",0.537063042470918,0.437917016895198,""
"COQ5",0.0947532967880758,14.5374150974781,0.97444614094576,0.339697950215553,0.687799182676832,-5.55443940708247,"COQ5",0.52512832614607,0.468907073715077,""
"SLC9A3R2",0.094365567087614,10.7567440685627,1.02018528599373,0.318906736353983,0.670264451004601,-5.46760667756918,"SLC9A3R2",0.511740720396637,0.496336306939343,""
"PSMA7",0.0941366118787546,13.4326493765882,1.17437902731434,0.251933987823439,0.616626154340233,-5.35421182124631,"PSMA7",0.470788376087266,0.598713238899428,""
"SYNCRIP",0.0938349982277291,13.9499346233224,1.28613658030115,0.210845632756566,0.577707972045737,-5.22796177710012,"SYNCRIP",0.441074703201791,0.676035390093117,""
"PSMA6",0.0936189906105991,14.8677714739878,1.37958685903468,0.180620361240278,0.541295466723213,-5.11484116149043,"PSMA6",0.413274091551769,0.743233293469589,""
"CRAT",0.0936114881184373,17.5793915868459,1.37287902155074,0.182669460846169,0.545788089797559,-5.12318483424651,"CRAT",0.416704167792707,0.738334053055778,""
"POLR1B",0.0933428630659794,12.2234562717856,0.518658155472869,0.612305273079097,0.852122365007313,-5.61159954793033,"POLR1B",0.650587558808091,0.213032000470696,""
"EIF3A",0.0932944318755347,12.8952996687947,1.11123946349368,0.277635831111016,0.636147223559239,-5.4210600567155,"EIF3A",0.485692532215603,0.55652448544485,""
"PDCL3",0.0932403562480388,10.4043384606701,0.629224125290747,0.535234055255672,0.807877558300142,-5.81800142846167,"PDCL3",0.616807057359444,0.271456261572282,""
"KIAA1671",0.0931061049548418,10.6594510067894,0.644149365317224,0.52732263734471,0.807784436081306,-5.69416613559268,"KIAA1671",0.616735959405076,0.277923584513659,""
"GBP2",0.0929674494411454,11.1412113760665,0.682411983579605,0.502215726520516,0.785767328547127,-5.73891887881181,"GBP2",0.599926101066768,0.299109691794062,""
"GYS1",0.0929433723054824,15.9962506472517,1.4281533419129,0.166322096191427,0.522120083002782,-5.05341551031525,"GYS1",0.398633863110192,0.779050050139832,""
"HNRNPH1",0.0929283021149185,13.374956910428,1.09666974907007,0.283828010172965,0.640118002518917,-5.43601722090742,"HNRNPH1",0.488724185292707,0.546944747485704,""
"TXN2",0.0928242577178278,15.6813745769726,0.973861968823396,0.339981943035453,0.687799182676832,-5.55497476510024,"TXN2",0.52512832614607,0.468544148393952,""
"TST",0.0925794222074678,15.4510241637237,1.13323765053733,0.268473047549299,0.628590213857698,-5.39814274435745,"TST",0.479922825075511,0.571099307313217,""
"GDI2",0.0924803736270672,15.7406709491731,1.39856920463844,0.174920058535067,0.531986745820103,-5.09104449035769,"GDI2",0.406166969081244,0.757160385995301,""
"FABP4",0.0924612928322617,15.9449203937596,0.879215156577051,0.388131364569166,0.716342967043808,-5.63778878084954,"FABP4",0.546921241991315,0.411021260870055,""
"FBP2",0.0923994798793046,16.8207715410741,0.872792901565237,0.391552062809704,0.718763409416024,-5.64312315699497,"FBP2",0.548769227396747,0.40721048370134,""
"GLUD1",0.0923009403039288,13.0433976083109,1.29684282906428,0.207196395636736,0.576415554140571,-5.21534595808781,"GLUD1",0.440087954062923,0.683617803795007,""
"CPNE1",0.0921967300799285,12.6968182854482,0.771439227157782,0.448086838815521,0.756832870149582,-5.72243638891532,"CPNE1",0.577834909205924,0.348637811975678,""
"ASPA",0.0919394029319758,15.1272234770207,1.25591208648163,0.221414598115472,0.586117624889804,-5.26308981244684,"ASPA",0.447495395509519,0.654793748985781,""
"UFD1",0.0919344173426495,12.0071920497015,1.00702525790417,0.324115987874473,0.674547531238953,-5.5241173826323,"UFD1",0.51501081261376,0.489299545720624,""
"CS",0.0919130808657087,18.3304379250262,1.30800575098638,0.203443645417924,0.572832324672102,-5.20209642332243,"CS",0.437352191444463,0.691555870829279,""
"AIMP1",0.0918853181665824,13.5936727718365,1.49431600556448,0.148317611862313,0.49453224379322,-4.9669073759046,"AIMP1",0.377570802567256,0.828807275940741,""
"RMND5A",0.0918231077684499,9.4418140853154,0.569276764241692,0.578417255174938,0.831981933670965,-5.58682016253905,"RMND5A",0.635210525421174,0.237758759773896,""
"KTN1",0.0915164943594462,12.3419103189615,1.24985551742335,0.223580295956193,0.586117624889804,-5.27004196417482,"KTN1",0.447495395509519,0.650566473301551,""
"LMO7",0.0914262026226265,11.4033715554623,0.616887024555529,0.543461368569483,0.813491965152756,-5.80443487967498,"LMO7",0.621093605158675,0.264831321887513,""
"LGALS3BP",0.0913877713321742,10.8362416493024,0.256432332734574,0.801740469812021,0.940280396440769,-5.63144874652311,"LGALS3BP",0.717895401924176,0.0959661937726431,""
"EIF3I",0.0913807404641691,12.0210362772667,1.03331418579288,0.311908982499148,0.663326436114855,-5.49898685010512,"EIF3I",0.506443610080732,0.505972118049393,""
"SHMT2",0.0910442015968833,12.0157790202937,1.08822437409226,0.287462584295398,0.640123355022583,-5.4446060880552,"SHMT2",0.488728271879841,0.541418674423048,""
"CCT6A",0.0908016297179302,12.1631738496059,1.31650948513313,0.200620366304133,0.569151256580202,-5.19193788602444,"CCT6A",0.434541729940269,0.697624980964004,""
"TTR",0.0906174148774586,13.9682162682991,0.755818509703474,0.457221055682877,0.762743550764404,-5.73383787270775,"TTR",0.582347659287373,0.339873777934833,""
"RUSF1",0.0904849730852337,11.4383277525086,0.36891673512924,0.721058791314418,0.907776584452549,-5.4322772695909,"RUSF1",0.693079041549464,0.142029323765308,""
"SRSF1",0.0904650148458757,11.6561873049184,1.07129861519776,0.294847134161405,0.647671095774593,-5.46163956675467,"SRSF1",0.494490902262538,0.530403089096745,""
"STIM1",0.0903640577520139,12.5489323919036,1.13842937544917,0.266343159380911,0.628590213857698,-5.39267570918959,"STIM1",0.479922825075511,0.574558452929363,""
"TACO1",0.0902156307892508,13.6007854429944,0.983167784268061,0.335477216318839,0.685222313493292,-5.54641153118728,"TACO1",0.523160910314339,0.474336969274416,""
"COL18A1",0.0900929742122205,11.7277178980236,0.695156299243893,0.493731902728338,0.783396816170274,-5.77600663395782,"COL18A1",0.598116236751837,0.306508809723479,""
"TARDBP",0.0898927364401931,11.1528992708577,0.706901141428748,0.486837903444399,0.778669426623325,-5.74723338998127,"TARDBP",0.594506918476454,0.312615616522655,""
"YWHAG",0.0897677015180154,15.8382487587195,1.13381917290949,0.268233862406486,0.628590213857698,-5.39753149105067,"YWHAG",0.479922825075511,0.571486396775369,""
"SNX12",0.0896841658422041,10.7492269012841,0.577739468601184,0.571660246105327,0.827653336645685,-5.63895400570111,"SNX12",0.631905681554394,0.242862008061024,""
"NAP1L1",0.0895670642648199,13.6788764740283,1.1194768613396,0.274178529428902,0.632516297414278,-5.41252546138197,"NAP1L1",0.482920353624982,0.561966557262182,""
"SNRNP200",0.0895304046688903,11.5260647817729,0.85691737059496,0.40087724395398,0.723084058686465,-5.61613715242942,"SNRNP200",0.552068003226082,0.396988596046095,""
"PTPN23",0.0894904027161889,12.2522443733132,0.862664617176972,0.398230837372185,0.722205837729478,-5.58855237360462,"PTPN23",0.551397489633242,0.399865113012697,""
"HSPD1",0.0894654982697922,17.7996723197039,1.45428378445265,0.159012215686199,0.512615038963654,-5.01963567333171,"HSPD1",0.391376849737791,0.798569510891343,""
"FKBP1A",0.089432991199482,13.4191799033401,1.14527172599545,0.263555048517112,0.627153250657322,-5.38543657503424,"FKBP1A",0.478825716938206,0.579128660260545,""
"HINT2",0.089399745524581,13.2384061506666,1.25740346919452,0.220883774614948,0.585883134374245,-5.26137342725825,"HINT2",0.447316364165729,0.655836184780436,""
"MRPL15",0.0892191389688008,10.474471226293,0.502479152488398,0.623339962009895,0.857914204664626,-5.61622332644662,"MRPL15",0.655009574915633,0.205275029815763,""
"KPNA4",0.0891899724597121,15.619731589515,1.13175633953286,0.269083027806029,0.628590213857698,-5.39969852698732,"KPNA4",0.479922825075511,0.570113694144979,""
"PSMD5",0.0890327686079928,13.2998669520896,0.776708977455322,0.445030403264528,0.756832870149582,-5.71854014183731,"PSMD5",0.577834909205924,0.351610318189907,""
"STOML2",0.0890007500247467,12.313482970204,0.641168468553469,0.527578736857137,0.807784436081306,-5.81069214293618,"STOML2",0.616735959405076,0.277712716256264,""
"DCUN1D1",0.0889684621290545,13.6700338427664,1.30362285453302,0.204910761908133,0.572832324672102,-5.20731019855618,"DCUN1D1",0.437352191444463,0.688435231864399,""
"ENDOD1",0.088920874729542,14.6732222780922,1.0626402407244,0.298676596218868,0.648851662818935,-5.47025996164288,"ENDOD1",0.495392254301786,0.524798806626582,""
"CTSD",0.0888499523090491,16.0224147682634,0.901609866379129,0.376355437882698,0.708071076121381,-5.61890257928377,"CTSD",0.540605729638928,0.424401804552287,""
"ATP1B4",0.0887507226074558,12.2987247607853,0.525237958477495,0.604307890266572,0.847433908538062,-5.8760012385173,"ATP1B4",0.647007965578096,0.218741735261949,""
"STARD10",0.0887286013566193,9.38585709360806,0.643202041906279,0.528362497429777,0.807784436081306,-5.64083977593741,"STARD10",0.616735959405076,0.27706801569285,""
"NDUFA5",0.0886211844114619,16.1048516356446,1.2936004572741,0.208296377835505,0.577238321202447,-5.21917613231312,"NDUFA5",0.440716129118801,0.681318282139293,""
"ATP1B1",0.0885631547061099,14.16127058008,1.15386779062649,0.260082791810326,0.62425807934755,-5.37628743898701,"ATP1B1",0.476615280371693,0.584888381633616,""
"IGHG1",0.0885152936558455,17.5695181143722,0.607442315535293,0.549346341633895,0.817010308361589,-5.83098889369294,"IGHG1",0.623779827716939,0.260153763318036,""
"GDI1",0.0883954455437568,12.8321325487659,0.770538795685053,0.448610352840649,0.756832870149582,-5.72309961779677,"GDI1",0.577834909205924,0.348130708172389,""
"HLA-DRB1",0.0881209488844572,12.9235511407741,0.907802239646271,0.373141096693623,0.705581892701341,-5.61360239188185,"HLA-DRB1",0.538705261078106,0.4281269163723,""
"CPT1B",0.0880737556605631,13.8534617879676,0.958587488644151,0.34746505089557,0.692113827724285,-5.56886813993329,"CPT1B",0.528422517806586,0.459088871553036,""
"NT5C3A",0.087898513836798,16.8808764117123,1.06090255135702,0.299449389193689,0.648968835090743,-5.47198241776055,"NT5C3A",0.495481714249565,0.523676568437448,""
"MLF2",0.087865582843186,9.94901822999153,0.463863333931871,0.650627265491063,0.874099615921779,-5.59507794807558,"MLF2",0.667366986985208,0.186667740924748,""
"IBA57",0.0877583160832351,13.9843138390666,1.28382412728964,0.211640295977428,0.577707972045737,-5.23067485906402,"IBA57",0.441074703201791,0.674401639781854,""
"EIF4G2",0.0875317790588763,11.5656796874941,1.02259693196418,0.316845977053408,0.669540564383221,-5.50930303568284,"EIF4G2",0.511188039644204,0.499151802676654,""
"MIPEP",0.0874652364253432,10.6852920838014,0.311407532892796,0.762865879827314,0.922723067762115,-5.37158165575939,"MIPEP",0.704490543568957,0.117551809058091,""
"ARMC1",0.0873323214878461,12.192485750545,0.667619297261132,0.510839775915718,0.791911985234356,-5.79403474983027,"ARMC1",0.604617489719411,0.291715294282224,""
"CD9",0.0872949913512286,17.4161177984882,0.983844808820941,0.335151087976157,0.685222313493292,-5.54578561744069,"CD9",0.523160910314339,0.474759366449952,""
"DHX9",0.0870471376299982,13.1531404547423,1.29368040926944,0.208269199854098,0.577238321202447,-5.21908178507917,"DHX9",0.440716129118801,0.681374951475423,""
"TPI1",0.0866507498663367,18.5922281068107,1.01206349533728,0.32175120757185,0.672318743505905,-5.51934685753869,"TPI1",0.513309153755959,0.492479814459918,""
"MICOS10",0.0866226823092866,13.4724294166296,0.372359903224295,0.712941074067454,0.904163743018969,-5.94267781835327,"MICOS10",0.690320670469023,0.146946363927795,""
"GIT2",0.086363190759382,11.1923209856524,0.862099923009051,0.398081859719639,0.722205837729478,-5.60705999743606,"GIT2",0.551397489633242,0.400027612426353,""
"LRRC47",0.0862612419547464,12.7921633469873,1.10730966502153,0.279296289523976,0.638325066300504,-5.42511177179611,"LRRC47",0.487355295042507,0.553934833901453,""
"VPS37A",0.086206931740092,10.205930787906,0.573531547558919,0.572479218747573,0.828003948123064,-5.78292173963513,"VPS37A",0.632173370180494,0.242240273786438,""
"DDT",0.0861413839242076,16.119920231339,0.466020346082264,0.645464825518909,0.870422505432028,-5.90447379004686,"DDT",0.664559547073719,0.190127419546697,""
"ACADVL",0.0859507689138503,17.5952978905021,1.02696663515655,0.314826483530506,0.667060394255412,-5.50510866678278,"ACADVL",0.509294452648789,0.50192874147377,""
"USP9X",0.0855344311664563,12.085063502926,1.16338094111152,0.256279508729493,0.620386567927804,-5.36609152578503,"USP9X",0.47365941714488,0.591286117192564,""
"TRIM72",0.085506474980658,18.3935960778698,1.24457352446389,0.225482153598336,0.586376144004367,-5.27608117564483,"TRIM72",0.447692772466815,0.646887825850223,""
"ACTN4",0.0852417468351927,13.1210594242101,1.27924358689199,0.213221175510258,0.579927179210863,-5.23603654849213,"ACTN4",0.442769047384433,0.671169666669,""
"PTGES3L",0.0851923621142614,10.6498370489959,0.461916750155133,0.648749320686293,0.872196692430784,-5.86033963150042,"PTGES3L",0.665914122467805,0.187923083898552,""
"CCT2",0.0850710020891654,13.6807285500478,1.22241711165468,0.233593946841886,0.594546295552352,-5.30117112622673,"CCT2",0.453930607746083,0.631538415357702,""
"CRKL",0.085048736021248,13.0152797486855,1.06459956143651,0.297806939453383,0.648851662818935,-5.46831476336091,"CRKL",0.495392254301786,0.526065186599967,""
"RAB10",0.084961935354313,14.9528750519992,1.20784656831986,0.239047258636383,0.600967320091993,-5.31745614355307,"RAB10",0.458833000702587,0.621516232373623,""
"PSMB2",0.0848709335484052,13.9570971297583,1.15003390344611,0.261627251247125,0.625107991776554,-5.38037550025797,"PSMB2",0.477264180664764,0.582317021625078,""
"ALDH3A2",0.0847790065337968,17.2293768864159,1.08602864890528,0.28841299511253,0.640123355022583,-5.44682934781861,"ALDH3A2",0.488728271879841,0.539985175372455,""
"GSR",0.0847196902944205,12.7064124733928,1.23056664999403,0.230585026776234,0.591608232238221,-5.29198825956334,"GSR",0.451687423530224,0.637168897386441,""
"DYNC1I2",0.0846240234147917,11.9325840098666,1.17140823671956,0.253102370580943,0.618163726082686,-5.35743049124318,"DYNC1I2",0.47196229791762,0.596703787179158,""
"RHOG",0.0845185064792098,11.1788787167702,0.890872126557529,0.382364265592586,0.713027020541709,-5.60745611162826,"RHOG",0.544389547450096,0.41752270212062,""
"ACTN1",0.0841188718842574,15.0925298912264,1.29482860314985,0.207879197486231,0.577238321202447,-5.21772630785644,"ACTN1",0.440716129118801,0.682188968431697,""
"PYGM",0.0840137363690339,19.9216561408354,0.991990837818031,0.331244123702705,0.682210817181109,-5.53822361873893,"PYGM",0.520861660682409,0.479851817405704,""
"UQCRB",0.0840027335390268,17.6263070454336,0.954502882185974,0.349484903266935,0.692113827724285,-5.5725491659117,"UQCRB",0.528422517806586,0.456571579773728,""
"RPL9P9",0.083950403224021,13.5301141974213,1.05603327607126,0.301622434387117,0.650118625469529,-5.47679543362077,"RPL9P9",0.496359568588794,0.520536359194245,""
"HRC",0.0837982091464404,16.0473925852355,1.00677466189267,0.324233923061566,0.674547531238953,-5.52435409577949,"HRC",0.51501081261376,0.489141548933157,""
"MRPS30",0.0837603764810275,11.637562071824,0.905396608775164,0.374786607571891,0.706972634913864,-5.59513991670035,"MRPS30",0.539767079917903,0.426215936358281,""
"PDLIM1",0.0835241730778336,16.2211165050894,1.11462045622649,0.276212995680483,0.634853274936741,-5.41756389825717,"PDLIM1",0.484704614388183,0.55875589194295,""
"ENO2",0.0834781963832079,18.8291484792858,0.771995741682986,0.447763464106748,0.756832870149582,-5.72202611106198,"ENO2",0.577834909205924,0.348951346183903,""
"DDX19B",0.0833967979957109,12.2438522921845,0.942639949604412,0.355396060761464,0.69838609886801,-5.58315780791413,"DDX19B",0.533211338918614,0.449287390259024,""
"ARIH1",0.0833932513371387,11.4632557332426,0.87100714660664,0.39250666395727,0.719361770776594,-5.6445999311399,"ARIH1",0.549226070771413,0.406152965427515,""
"NSFL1C",0.0830838155274574,13.6675180442826,1.16003529949012,0.257612357391258,0.621516872327983,-5.36968573901048,"NSFL1C",0.474522394119338,0.589033308167376,""
"PAFAH1B1",0.0828096372115734,13.4803155208669,1.07217010878371,0.29446363429945,0.647323961771608,-5.46076840064241,"PAFAH1B1",0.494225868656033,0.530968332110388,""
"ISOC2",0.0828076911861224,13.9453925670519,1.02096812464743,0.317601052835638,0.670264451004601,-5.51086232290366,"ISOC2",0.511740720396637,0.498118066572554,""
"HMGB1",0.0827504716114333,13.8986955593921,0.590078997485345,0.560734309501769,0.821780603664921,-5.84102467387155,"HMGB1",0.627421904141211,0.251242870027006,""
"COQ8A",0.0827123405362507,16.8577123626141,1.20904479786836,0.238595219946573,0.600356596377397,-5.31612337480318,"COQ8A",0.458366718784753,0.62233826130114,""
"AKAP1",0.0825313977550213,11.5677064234112,0.802289574267121,0.430374550585479,0.747609147205217,-5.69927041258231,"AKAP1",0.570792681892191,0.366153417794905,""
"NADK2",0.0824658701789005,11.737513749503,0.839358869338235,0.409673143382956,0.729430569981219,-5.67030243001164,"NADK2",0.556913506008029,0.387562505812271,""
"MTOR",0.0824256060394308,10.3037968045349,0.790395245801967,0.437495243213358,0.753930878310654,-5.687556295775,"MTOR",0.575619265228368,0.359026664601488,""
"EIF3M",0.0823642725128053,13.107005164991,0.889262944709549,0.382818597146884,0.713027020541709,-5.62936985959696,"EIF3M",0.544389547450096,0.417006972561631,""
"VPS29",0.0822790346190327,12.2901798026288,1.20946625716322,0.238436374835974,0.600356596377397,-5.3156543180565,"VPS29",0.458366718784753,0.622627489764473,""
"MAP2K1",0.0822302077520938,13.1760637888621,0.703214125560284,0.48878820006728,0.780156700348286,-5.77059929238478,"MAP2K1",0.595642438234808,0.310879287028031,""
"UQCR11",0.0822093274849696,15.9607968688255,0.631301540928888,0.533898335739883,0.807877558300142,-5.81673968828724,"UQCR11",0.616807057359444,0.272541432916416,""
"NDUFA8",0.0821981545779096,18.1248697340808,1.09117933933683,0.286187093027905,0.640123355022583,-5.44160769824007,"NDUFA8",0.488728271879841,0.543349956715861,""
"CCT4",0.0819372708087194,12.5726750878499,0.910025765771851,0.371991334747071,0.705581892701341,-5.61169100722911,"CCT4",0.538705261078106,0.429467176557249,""
"RIDA",0.08180859917376,13.4312897351808,0.799617595637048,0.431891326349254,0.748437343769759,-5.70131079212048,"RIDA",0.571425002323229,0.364625517778114,""
"EEF1B2",0.0817216065927706,14.6107321279025,0.907554325157937,0.373269435663417,0.705581892701341,-5.61381523479726,"EEF1B2",0.538705261078106,0.427977569854459,""
"PGRMC2",0.0816992117247022,14.1685476611429,1.09681815062623,0.283764441032743,0.640118002518917,-5.43586576508156,"PGRMC2",0.488724185292707,0.547042027591789,""
"SMYD5",0.0816531197821178,11.1189913177403,0.627516038784276,0.536333648467439,0.807877558300142,-5.81903584584735,"SMYD5",0.616807057359444,0.270564955441709,""
"TMEM182",0.0815884270563245,11.7530620223561,0.597851852774475,0.557533274967196,0.819769556135819,-5.66747187317282,"TMEM182",0.625886487918925,0.253729207735604,""
"S100A10",0.0815750462780205,14.2007343788695,0.935737830275286,0.358866034219044,0.700231451388612,-5.58927378885392,"S100A10",0.534620248531623,0.44506764461828,""
"RPL3",0.0815490301727611,10.8708190130622,0.735797650332138,0.469751672185242,0.76846555603637,-5.70771047166802,"RPL3",0.58671635748642,0.328131665257175,""
"HYI",0.0813132641315519,12.9410808491356,0.736664267887935,0.468572111257448,0.767779769773866,-5.74751582078773,"HYI",0.586192766006243,0.329223563556881,""
"NDUFB10",0.0812802984711318,16.856301289126,1.03057327516698,0.313166442591139,0.665015426537841,-5.50163449287965,"NDUFB10",0.507733138675761,0.504224781027556,""
"CUTC",0.0807797103889154,13.9324820143769,0.94441070998539,0.354509471546673,0.697598829890677,-5.58158204478887,"CUTC",0.532610266322562,0.450372157136755,""
"CAVIN3",0.0805183330492767,9.60878988047442,0.269705203850075,0.791149272139433,0.93704189781861,-5.71462024762011,"CAVIN3",0.715422838124286,0.101741567134092,""
"CYCS",0.0803881253265892,15.7064909993731,0.538677688812846,0.595144161631625,0.841703885736156,-5.86907681188335,"CYCS",0.642633146068957,0.225377822477045,""
"COA4",0.0801266258304416,10.3475831059072,0.431512820047068,0.67000394981594,0.881164150216016,-5.91952658003246,"COA4",0.672760693698404,0.173922637033187,""
"APPL1",0.0801209651389403,13.303748694888,1.19452573384069,0.244115985059151,0.607328416901927,-5.33219453835553,"APPL1",0.463689639390719,0.612403781436215,""
"YWHAH",0.0796880559976785,12.2853724103316,1.15135722638617,0.26109339737284,0.625107991776554,-5.37896580954238,"YWHAH",0.477264180664764,0.583204110638941,""
"SPG7",0.0796820354086751,12.2935306510014,0.933125009957833,0.36018550113576,0.700231451388612,-5.59157817546426,"SPG7",0.534620248531623,0.443473773202955,""
"MT-CO1",0.0796234776398332,15.7321564626297,0.362671230075929,0.720071743505707,0.907776584452549,-5.94614925410864,"MT-CO1",0.693079041549464,0.142624230990394,""
"MAPK14",0.0788844063200518,13.7115759331812,0.882899954229103,0.386177498447901,0.714621586866954,-5.63471168852811,"MAPK14",0.545606984118233,0.413213035022208,""
"SCRN3",0.0788683645568504,12.4621786966485,0.955089892034768,0.34919413755857,0.692113827724285,-5.57202104652099,"SCRN3",0.528422517806586,0.456933056052767,""
"PADI2",0.0787710533084969,17.6009964129253,0.977152483866323,0.338384385980174,0.687799182676832,-5.55195536449748,"PADI2",0.52512832614607,0.470589684755644,""
"GNB2",0.0787249783644182,13.4384808798827,0.907472019131255,0.373312049813075,0.705581892701341,-5.61388588534992,"GNB2",0.538705261078106,0.427927991635799,""
"EPDR1",0.0785370504765126,13.0544474988053,0.9173601389487,0.368215403007041,0.705535254903206,-5.605355488499,"EPDR1",0.538669653549795,0.433898048257191,""
"HNRNPK",0.078532050046574,14.9867729767209,1.28461804251784,0.211367211526345,0.577707972045737,-5.22974387328144,"HNRNPK",0.441074703201791,0.674962382012531,""
"KPNB1",0.0784589787922556,14.1179032505151,1.474036157063,0.153660073318856,0.502392164908039,-4.99376579754849,"KPNB1",0.383571779774878,0.8134389639244,""
"PSMC6",0.0783671599559757,13.0656984884318,1.38750740939788,0.178224243977954,0.536916898699587,-5.1049449903236,"PSMC6",0.409931095289088,0.749033218875593,""
"NXN",0.0781461322995991,12.917071795156,1.16377770672367,0.256121782534325,0.620386567927804,-5.36566467392258,"NXN",0.47365941714488,0.591553484272018,""
"CENPV",0.0779151438883687,12.2150177342875,0.505553898817698,0.617849630790293,0.856103421814156,-5.88583465446362,"CENPV",0.65362705892662,0.209117208510093,""
"VPS35",0.0775808626110752,12.2496506487672,1.27267792048435,0.215502979998109,0.581493473284371,-5.24369306257321,"VPS35",0.44396489844938,0.666546719991479,""
"CCT5",0.0774262890905835,14.2037653173108,1.12312418680963,0.272657756483962,0.632516297414278,-5.40872856145214,"CCT5",0.482920353624982,0.564382143125634,""
"FUBP1",0.0773559325320541,12.5842786345988,0.971416709719134,0.341172453228366,0.687799182676832,-5.55721249561881,"FUBP1",0.52512832614607,0.467026041671789,""
"ATE1",0.0770666764317216,10.9849995362645,0.717958003004681,0.48046000976129,0.773206663690955,-5.71664699206853,"ATE1",0.590336149410337,0.318342754223865,""
"ANXA6",0.0769999128116829,18.2419425911146,0.855363681977311,0.400933196211101,0.723084058686465,-5.65741576682712,"ANXA6",0.552068003226082,0.396927983823205,""
"ME2",0.0769237107038059,13.9680144228921,0.879975183187418,0.387727836039492,0.716323434536281,-5.63715508208243,"ME2",0.546906329102144,0.411473018687435,""
"CBX1",0.0768023947638028,11.4440663221149,0.597813522023207,0.555895383097974,0.819769556135819,-5.81559326677826,"CBX1",0.625886487918925,0.255006932911251,""
"CYC1",0.0767176513215837,17.1715413284707,0.671629349909818,0.508328091981986,0.790215981189793,-5.79145292006032,"CYC1",0.603322606289058,0.293855889007422,""
"UQCRH",0.0766184062291764,17.2249359564117,1.18631074210584,0.247281684701502,0.610680446635822,-5.3412121050291,"UQCRH",0.466248883146289,0.606808049136625,""
"ADH5",0.07661110930127,13.9235536769852,0.683656318525408,0.500836555413497,0.784967456462134,-5.78362049234773,"ADH5",0.599315406114371,0.30030398004728,""
"VWA8",0.0766008149736592,12.3659080287308,0.921199875150042,0.366248765731429,0.705323031375212,-5.6020198759883,"VWA8",0.538507622845439,0.436223830219904,""
"FHOD1",0.076461748271802,13.2471381329841,0.786570661926089,0.439344775345514,0.755052615668659,-5.7111813267693,"FHOD1",0.576475701345218,0.357194533828795,""
"PMVK",0.0764122303009085,12.1542130114232,0.918679291641636,0.368386301661845,0.705535254903206,-5.55962035074797,"PMVK",0.538669653549795,0.433696527289734,""
"ACAT1",0.0762935190169038,17.2356270035268,1.07855446150907,0.291665058998965,0.64314161627191,-5.45436698084443,"ACAT1",0.491032686478827,0.535115595536673,""
"AIMP2",0.0762756954304393,14.3567160223856,0.79499304369928,0.434524278577757,0.75061323934822,-5.70482700740331,"AIMP2",0.573086278509309,0.361985952799264,""
"FNTB",0.0762423170603501,10.4527185235065,0.607016208074304,0.54962435105303,0.817010308361589,-5.83123855005746,"FNTB",0.623779827716939,0.259934034147774,""
"MEMO1",0.0762415871743674,12.0751055681368,0.898420040340498,0.378018292396445,0.709804131765988,-5.62161966227369,"MEMO1",0.54192890162385,0.422487184039439,""
"PPA2",0.0761772742916609,14.7295172518024,0.834098446298063,0.412571918439502,0.732513882096353,-5.67448811216461,"PPA2",0.559267586342502,0.384500335455948,""
"PCCA",0.0759949253886294,14.1491832234685,1.08664307709167,0.288146815412391,0.640123355022583,-5.44620762140681,"PCCA",0.488728271879841,0.540386175862145,""
"GFER",0.075936859430195,12.2194254851732,0.74785064804419,0.461922840757958,0.765251284371667,-5.73956824397807,"GFER",0.584262290744882,0.335430562607553,""
"VCP",0.0759039233683474,15.2250441138887,1.41944201326127,0.168818012994779,0.522120083002782,-5.06456392782312,"VCP",0.398633863110192,0.772581215726574,""
"IMPA2",0.0758237795270862,12.392401395082,0.843603566205412,0.407343509875407,0.727694161977793,-5.6669069496397,"IMPA2",0.555587774528097,0.390039198827382,""
"DPYSL3",0.0754126979754588,15.1564286286026,0.733690876024022,0.470348964014571,0.769004485014711,-5.74960913584557,"DPYSL3",0.58712782478594,0.327579808210219,""
"PSPH",0.0753987877113982,11.3984768344131,0.455766632721948,0.654115717546918,0.877144430208875,-5.73875192422017,"PSPH",0.66969167458339,0.184345415213113,""
"EIPR1",0.0751120996101946,10.1754982078486,0.683579208670409,0.502223283832803,0.785767328547127,-5.68911277748943,"EIPR1",0.599926101066768,0.299103156605781,""
"RPS18",0.0750103604336125,14.3445994170284,0.676063160839625,0.505559032163084,0.788626145300217,-5.78858097629483,"RPS18",0.602108781264884,0.296228126233539,""
"HSPB8",0.0749553319717027,14.4339814865436,0.638131643022018,0.529519438768728,0.807784436081306,-5.81256307901474,"HSPB8",0.616735959405076,0.276118092223097,""
"TRAP1",0.0749548640569042,13.7370798009535,0.982779720811046,0.335664247744417,0.685222313493292,-5.5467701203871,"TRAP1",0.523160910314339,0.474094913843414,""
"NDUFA3",0.0748457164241945,13.0030343690696,0.936990212458265,0.358234732826043,0.700231451388612,-5.58816713435748,"NDUFA3",0.534620248531623,0.445832309208886,""
"G3BP1",0.0748035256043913,13.2467542320216,1.270854700261,0.216139924453534,0.58266452873812,-5.2458131644978,"G3BP1",0.444858988477021,0.665265004665237,""
"MYL12B",0.0746438034422958,14.1854767047197,0.883141926359934,0.386049416593666,0.714621586866954,-5.63450920313884,"MYL12B",0.545606984118233,0.413357099524371,""
"DNM2",0.0740266443991118,13.1070371748527,1.25207646322099,0.222784268510145,0.586117624889804,-5.26749599434492,"DNM2",0.447495395509519,0.652115479299243,""
"ADHFE1",0.0739374306184963,15.288652448126,0.549832421812629,0.587590065805066,0.836376340568341,-5.86320024672941,"ADHFE1",0.638565614517737,0.23092555529586,""
"LSM1",0.0736446804054545,11.8376843520651,0.732224474349069,0.471541520568904,0.769202105428025,-5.72980151046002,"LSM1",0.587278706147054,0.326480060381486,""
"HNRNPA2B1",0.0736387483445693,15.5811400893382,1.17083372006545,0.253328785194127,0.618163726082686,-5.35805211385632,"HNRNPA2B1",0.47196229791762,0.596315459476336,""
"ACAA2",0.0735123260761039,16.0298978796804,0.878076470279176,0.388736448155435,0.716342967043808,-5.63873724441315,"ACAA2",0.546921241991315,0.410344737756491,""
"COPS6",0.07340695097602,13.1845863629133,0.660767419248026,0.515147357249042,0.7970582364906,-5.79841187258929,"COPS6",0.60854660504287,0.288068523801131,""
"PFDN5",0.0733050312272265,12.2653877922653,0.713791645733968,0.482341904356037,0.775195666586732,-5.7634106179319,"PFDN5",0.591854734758599,0.316645006292833,""
"AP2B1",0.0732237607581574,11.6865712251215,0.796106565365054,0.43388940324892,0.749967776476609,-5.70398211713953,"AP2B1",0.572593473565809,0.362620956385464,""
"CPPED1",0.0731854096248856,13.0258900679441,0.570056312935938,0.574015886918698,0.828973647557134,-5.85224714009236,"CPPED1",0.632913726746048,0.241076087557349,""
"MIF",0.0731112755983823,17.0274961489958,0.606409275147382,0.550020465613231,0.817010308361589,-5.83159385941271,"MIF",0.623779827716939,0.259621150619329,""
"GSTP1",0.0729919245258586,16.8992162295722,0.929903121376064,0.361817003804255,0.70124816811282,-5.59441152782169,"GSTP1",0.53539650236413,0.441511027070364,""
"SNX3",0.072951057875164,12.567596657974,0.919666482148828,0.36703330159337,0.705323031375212,-5.60335349654469,"SNX3",0.538507622845439,0.43529452963863,""
"DHRS4",0.0727384950332155,10.3583317374347,0.372674782257893,0.713014256316672,0.904163743018969,-5.89646669542072,"DHRS4",0.690320670469023,0.146901786588856,""
"FBLN2",0.0726319559305182,10.2832715706644,0.420018188886782,0.67843004026459,0.885037795157786,-5.90316235738308,"FBLN2",0.675718185849585,0.168494930161274,""
"DYNLRB1",0.0722486903207997,12.7515767288878,0.905542899558828,0.37431177437196,0.706541159909202,-5.61554011519257,"DYNLRB1",0.539437652735262,0.426766511479371,""
"RAB5B",0.0722339926730218,12.9981209785683,0.990739166211196,0.331842398902618,0.682463844734539,-5.53938926401812,"RAB5B",0.521054844883478,0.479068125746683,""
"FLAD1",0.0722141869024888,10.7442660567638,0.510299024533259,0.615253925291912,0.853742880383316,-5.80793559551699,"FLAD1",0.651824807336917,0.210945606837384,""
"MRPS7",0.0722102968532585,12.0084205074849,0.639819497966991,0.529003578423965,0.807784436081306,-5.77087458839193,"MRPS7",0.616735959405076,0.276541390186883,""
"PDHB",0.0721575263572198,17.8022902543544,0.82879732541883,0.415506176874271,0.735461303209637,-5.67868116512253,"PDHB",0.561517915151622,0.381422515652502,""
"GSPT1",0.0720756648237781,12.687020009338,1.05903633198828,0.300280922648088,0.648980845721474,-5.473829440271,"GSPT1",0.495490884255245,0.522472258383253,""
"SLK",0.0719648985829853,11.8786674593008,0.35081010406313,0.729883427515732,0.914145318960956,-5.80194799741153,"SLK",0.697941511549868,0.136746497180015,""
"VAMP3",0.0716678885500546,13.2545658131001,0.473847927813182,0.639953870873442,0.867274896379117,-5.9009012455756,"VAMP3",0.662156376620848,0.193851329683509,""
"RPS20",0.0715672420612563,12.9480142278318,0.735290656300535,0.469392468300176,0.768315722058042,-5.74848386745078,"RPS20",0.586601960627249,0.328463883211894,""
"UQCC2",0.0714217758952671,11.3642830897553,0.546765860562125,0.589886503449771,0.837983251560758,-5.84378633079143,"UQCC2",0.639792476225292,0.229231540335927,""
"PDK1",0.0712141497176511,10.809667530268,0.578535681390081,0.568611548976395,0.826021342720389,-5.82652668941293,"PDK1",0.630659669259153,0.245184323671634,""
"MYORG",0.0711081281932522,10.0848053300568,0.373847453259236,0.714261013293982,0.904163743018969,-5.65919191482255,"MYORG",0.690320670469023,0.146143054444094,""
"GSTM3",0.0710428822638676,16.601671172831,0.48378266988863,0.632989750984916,0.86175192095049,-5.89628302070805,"GSTM3",0.657939635869728,0.198603321778428,""
"ECHS1",0.0709272092455322,16.31547728622,0.937827079043443,0.357813299442105,0.700231451388612,-5.58742688359167,"ECHS1",0.534620248531623,0.446343521323212,""
"NDUFB11",0.0708723268687717,13.5096676016132,0.699477661498471,0.491077088906344,0.781964682335061,-5.77311412598971,"NDUFB11",0.597022815790248,0.308850327309359,""
"ABHD14B",0.0706046883962497,15.9106595965457,0.760006959555166,0.45476099063032,0.760850118939189,-5.73080246567579,"ABHD14B",0.580902041569165,0.342216796140408,""
"SNTA1",0.0703954458945031,14.3218161610287,0.947709884879892,0.352861600252704,0.696265054519252,-5.57863889916092,"SNTA1",0.531591941140021,0.452395600653181,""
"MT-CO3",0.0703794830833573,11.6780142171905,0.433542381570926,0.668549906513127,0.881164150216016,-5.9186727320762,"MT-CO3",0.672760693698404,0.174866167587835,""
"FKBP4",0.0703793392273564,12.0825465474739,0.68046996857605,0.502815233703563,0.786264997801159,-5.78570855384548,"FKBP4",0.600306066947692,0.298591573044205,""
"CLEC3B",0.0703533769215756,12.0010206043723,0.487408269618702,0.630456809477658,0.860794751316173,-5.89457426743618,"CLEC3B",0.657208845690608,0.200344660158327,""
"TKFC",0.0700948115165385,12.0159555006249,0.832637823490261,0.413379090090487,0.733052110963427,-5.67564593523768,"TKFC",0.559678519113532,0.38365149502365,""
"PITPNB",0.0698313870970075,12.1521624977403,0.527735860965936,0.602599627686762,0.846825027454084,-5.8747271743239,"PITPNB",0.646543090491727,0.219971140989304,""
"ATL2",0.0697204444261139,11.7251499146974,0.887481032180909,0.383757308729198,0.713027020541709,-5.63086940573885,"ATL2",0.544389547450096,0.415943340216948,""
"PAFAH1B3",0.0696441304537778,12.9735774674678,0.779653370561129,0.443328189655052,0.756832870149582,-5.71635223184604,"PAFAH1B3",0.577834909205924,0.353274652588788,""
"EIF1",0.0696130063433067,14.1540686781474,0.896887065836664,0.378819142501129,0.710378679373444,-5.62292225866574,"EIF1",0.542367563417865,0.421568083331493,""
"RPS17",0.0694870652839121,11.5108591083615,0.638289395689081,0.529418530891677,0.807784436081306,-5.81246610115925,"RPS17",0.616735959405076,0.276200861442016,""
"NUDT9",0.0692906094503769,12.7256589555711,0.74658273465953,0.462673670388957,0.765611589444781,-5.74047478357584,"NUDT9",0.584537380341834,0.334725214418719,""
"GNG12",0.069256053491241,11.004321064359,0.613633932861928,0.545315031946914,0.815031636384613,-5.82734210741407,"GNG12",0.622269129929806,0.263352530551547,""
"NLN",0.0690630746508027,12.5236277744858,0.969019344360895,0.342342400573038,0.687799182676832,-5.55940137985873,"NLN",0.52512832614607,0.465539308298565,""
"RPL15",0.0690076948575058,12.3073727990567,0.694905008815027,0.493886533357087,0.783396816170274,-5.77617430743554,"RPL15",0.598116236751837,0.306372815442908,""
"PSMD13",0.068995242537941,13.8546813184915,1.22437766850169,0.232867389509825,0.594010806255722,-5.29896684529768,"PSMD13",0.453521766611793,0.632891325323383,""
"UGP2",0.0689816973632524,16.8178295075302,1.022415851464,0.316929859629675,0.669540564383221,-5.50947649915696,"UGP2",0.511188039644204,0.499036841713787,""
"NFIX",0.0689456902525354,10.325731902315,0.632560766868012,0.533089562326819,0.807877558300142,-5.81597293089887,"NFIX",0.616807057359444,0.273199820698153,""
"LIN7C",0.0688948328529548,11.0299741203731,0.55607520642475,0.584437017947632,0.834370302599528,-5.77366267688864,"LIN7C",0.637034023048482,0.23326228387184,""
"GSTM2",0.0687950752422282,17.1403139294912,0.802193509454246,0.430429025656688,0.747609147205217,-5.69934388105322,"GSTM2",0.570792681892191,0.366098450033358,""
"SCO1",0.0685000209042936,14.6112289443043,0.838317766537808,0.410245821498007,0.729499588720487,-5.67113278932529,"SCO1",0.556966201178272,0.386955833698635,""
"CCT8",0.0681504461076639,14.2780964254949,1.00920825995691,0.3230898840488,0.673731201073942,-5.52205304354069,"CCT8",0.514387552069212,0.490676639539032,""
"BAG2",0.0680758891212978,12.2121443755446,0.728482462228586,0.473470958019787,0.770677345521945,-5.75325649605344,"BAG2",0.588405038339205,0.324706654799179,""
"SUCLA2",0.0679488587203885,17.5487736140465,1.25705668559898,0.221007117564371,0.585883134374245,-5.26177268709784,"SUCLA2",0.447316364165729,0.65559373957663,""
"ACTN3",0.0678100705028957,15.2545038766234,0.16304107653143,0.871871344176855,0.966331558755884,-5.997435298394,"ACTN3",0.73778522384495,0.0595475960724271,""
"DLAT",0.0676084955200942,17.3487316254005,0.596747640305727,0.556346221580411,0.819769556135819,-5.83720361829421,"DLAT",0.625886487918925,0.254654857112159,""
"GALK1",0.0674136579831135,11.4918133042818,0.711324118430624,0.483841286247251,0.776038174757462,-5.76509676748768,"GALK1",0.592497981968835,0.315297075981712,""
"DERA",0.0673948257905312,11.8307984761104,0.646623682679369,0.52410226900997,0.806808372293632,-5.80730978253065,"DERA",0.615990743714301,0.280583960090621,""
"EEA1",0.0673376207021406,11.6844990179574,1.02535966876728,0.315568106824495,0.667646304121685,-5.50665304510464,"EEA1",0.509741789422513,0.500906895608504,""
"HSPA8",0.0672776377453665,18.6517888089564,1.13525674808119,0.267643244182043,0.628590213857698,-5.39601922006783,"HSPA8",0.479922825075511,0.572443714550265,""
"FAM114A2",0.0672630940530574,12.0375978887353,0.61071628443235,0.547212739889268,0.816051727571217,-5.82906502233407,"FAM114A2",0.623047960133199,0.261843800178287,""
"SAR1A",0.0670798162353847,14.0613936667536,1.06359707937395,0.298251672173078,0.648851662818935,-5.4693104239899,"SAR1A",0.495392254301786,0.525417112742266,""
"TRIM28",0.066884661884977,11.5650633866474,0.719234920708002,0.479043847952684,0.772168106462465,-5.75967131489587,"TRIM28",0.589543220554445,0.31962473282271,""
"HEBP2",0.066851532336667,15.9172903661834,1.19955172155435,0.242194179065845,0.604408538843953,-5.32665055864787,"HEBP2",0.461460339450048,0.615836298971505,""
"PEA15",0.0666851474718175,12.7845350356615,0.701466701399383,0.489857877448769,0.781323314530787,-5.77177699491835,"PEA15",0.596533137392854,0.309929903630151,""
"COX4I1",0.0665400008348875,18.4854066125475,0.934277403993867,0.359603146245552,0.700231451388612,-5.5905625514839,"COX4I1",0.534620248531623,0.444176517186015,""
"HSPA4",0.0663777844739961,13.3118217557194,1.10270296718753,0.281251894496915,0.638824516693546,-5.42984501958841,"HSPA4",0.487736620806621,0.550904543487568,""
"COPS3",0.0660149125052367,13.9219216646816,0.731825252548912,0.471465851117063,0.769202105428025,-5.75091844571515,"COPS3",0.587278706147054,0.326549758299955,""
"HNRNPR",0.0660046135167516,10.26270777387,0.404999134107353,0.689278028869068,0.889800908670455,-5.90918528845256,"HNRNPR",0.67935477904299,0.161605564669894,""
"MMGT1",0.0652404853646793,11.371150489001,0.43291136237396,0.669361586004703,0.881164150216016,-5.87445638011572,"MMGT1",0.672760693698404,0.174339214991218,""
"RAC1",0.0652180523762667,13.3624291837571,0.843302317107952,0.407508567938212,0.727694161977793,-5.66714845900985,"RAC1",0.555587774528097,0.38986325571132,""
"CCT3",0.065170018813431,13.7920572068392,0.721713532096931,0.477546420719569,0.772168106462465,-5.75795962656119,"CCT3",0.589543220554445,0.320984405687635,""
"OSBPL6",0.0650761035351017,10.6440674274685,0.559630228926978,0.580994081193072,0.832517521770072,-5.85794186164548,"OSBPL6",0.635619441990242,0.235828291909638,""
"RPSA",0.0649849318101623,13.4505051491976,0.821622751819055,0.419498259965245,0.738477974959653,-5.68431603247415,"RPSA",0.563821116182557,0.377269836239476,""
"RPS10",0.0648798316887191,12.9527459700229,0.562250656780993,0.579236252493187,0.832517521770072,-5.85652019710514,"RPS10",0.635619441990242,0.237144264896121,""
"VDAC2",0.0646238749923178,17.3140096353973,0.865196034967518,0.395623462191939,0.722205837729478,-5.64938601070329,"VDAC2",0.551397489633242,0.402717960759525,""
"FAH",0.0643773856159218,12.8935360846753,0.782439523688579,0.441721109869384,0.756671423887232,-5.71427468911099,"FAH",0.577711646475107,0.354851845295115,""
"HINT3",0.0643373840117576,13.3031175101574,1.16273191285341,0.256537671644712,0.620488336387505,-5.36678949135011,"HINT3",0.473737116424325,0.590848851269059,""
"DYNC1LI2",0.0641364600672425,11.3260263636244,0.487703007581993,0.630251100090851,0.860794751316173,-5.89443480782431,"DYNC1LI2",0.657208845690608,0.200486387598412,""
"COQ9",0.0640921104935046,17.2283802462173,0.813883847585012,0.423831160918642,0.742415657716548,-5.6903424168305,"COQ9",0.566827500614383,0.372807116248353,""
"ARID4A",0.063887176493866,11.462630759093,0.333837605080358,0.741444313198446,0.915184047468392,-5.95594478924711,"ARID4A",0.698734571175655,0.129921461464735,""
"RAD23A",0.0638669298230017,13.5731686099157,0.804159859905211,0.429314824533322,0.747609147205217,-5.69783840085382,"RAD23A",0.570792681892191,0.367224114777352,""
"PPP1R3A",0.0638489776127233,12.8559219502056,0.647745675966959,0.523388804066921,0.806142304976464,-5.80661069797883,"PPP1R3A",0.615482207466841,0.281175571692243,""
"NARS2",0.0638248660075025,11.9033148086849,0.658436447358734,0.518304842141703,0.80045895739044,-5.68772107571503,"NARS2",0.611143024054118,0.285414733846946,""
"DDX39B",0.063781220797722,14.6023882535852,0.846182851435783,0.405932025499648,0.726577833671752,-5.66483584254825,"DDX39B",0.554735468172485,0.391546684210884,""
"CTF1",0.0637709775530801,10.281284226578,0.393948528271398,0.698935234053324,0.894423467581939,-5.69366466322682,"CTF1",0.682884060096002,0.155563065737031,""
"UBQLN1",0.0635618420143853,13.5390735317494,0.68480645085815,0.500123419851916,0.78494714777353,-5.78286449630824,"UBQLN1",0.599299900618114,0.300922807771262,""
"TMED9",0.0634809339352866,12.8768956667455,0.550471052955419,0.587159010864382,0.836177341364902,-5.86286025288197,"TMED9",0.63841368046309,0.231244269809888,""
"KIFBP",0.0634420451813344,11.089790285284,0.435946447267997,0.667191843505183,0.881164150216016,-5.8716358843409,"KIFBP",0.672760693698404,0.17574927163642,""
"BCL2L13",0.0634023672730599,14.5880413675432,0.888326097259152,0.383311941564085,0.713027020541709,-5.63015860110846,"BCL2L13",0.544389547450096,0.416447650678852,""
"UBA1",0.06339624570038,15.3717593360924,0.784249618157362,0.440678935100576,0.755336849357465,-5.71292120245884,"UBA1",0.576692711142549,0.355877708710024,""
"NMT1",0.0633330779294639,9.88726526005681,0.304350469420035,0.764870846896392,0.923830122608137,-5.75397312269451,"NMT1",0.705335769723459,0.116411891925547,""
"LSS",0.0632145443271313,13.7460290794648,0.751531550077975,0.459747200556056,0.763700512579164,-5.73692816612779,"LSS",0.583078290798179,0.33748090654178,""
"SMTNL1",0.0630555170787339,16.0168895525567,0.531443792079581,0.600068129108736,0.844921823772036,-5.87282506058013,"SMTNL1",0.645090012051041,0.221799438922579,""
"ITGB1",0.0630542194907573,14.9748619961096,0.792275060310657,0.436076335626351,0.752388918018783,-5.70688459850186,"ITGB1",0.574441992781049,0.36043748036566,""
"FUCA1",0.0629218370869093,10.7263874342288,0.29221315676549,0.777011757788144,0.932999061735576,-5.3607218842249,"FUCA1",0.712336170098738,0.109572409379426,""
"WASHC5",0.0625671418707228,10.7347404414997,0.517781007775817,0.60986216948268,0.851612008066524,-5.83387608705018,"WASHC5",0.650197905995463,0.214768305639648,""
"RABGGTA",0.0623315539359659,12.0286639216084,0.598776263686224,0.555014894731675,0.819711258256112,-5.83603298959716,"RABGGTA",0.62584197802598,0.255695361718808,""
"COQ10A",0.0621897067370707,13.6943415166664,0.854389947529557,0.401461508027247,0.723084058686465,-5.65820630840164,"COQ10A",0.552068003226082,0.396356088374693,""
"SLC25A3",0.062167457209803,17.7854184380654,0.544922224973066,0.590909481551923,0.838606585039828,-5.86580149964537,"SLC25A3",0.640268385581887,0.22847904140865,""
"ETFDH",0.0620434389367919,14.8916393572279,0.63323621836216,0.532656006457017,0.807877558300142,-5.81556103320935,"ETFDH",0.616807057359444,0.273553171324707,""
"GOT1",0.0619313994724706,19.0736293968655,0.850908748828593,0.403353911147037,0.724604256609035,-5.6610256762274,"GOT1",0.553228660305352,0.394313727536337,""
"SNX2",0.06188534717732,11.9426684373545,0.933959230927675,0.359763870004383,0.700231451388612,-5.59084307849921,"SNX2",0.534620248531623,0.44398245367975,""
"PRKRA",0.0611759990731962,11.5793004122239,0.703105393156618,0.488854720977557,0.780156700348286,-5.77067265598989,"PRKRA",0.595642438234808,0.310820186381594,""
"OTUB1",0.0611332597419274,14.718918688012,0.933220330675042,0.360137307530788,0.700231451388612,-5.59149421170289,"OTUB1",0.534620248531623,0.443531886638993,""
"MAP2K6",0.0611164156665822,13.7796496458642,0.627129024070135,0.53658296009112,0.807877558300142,-5.81926984485201,"MAP2K6",0.616807057359444,0.270363123046676,""
"EIF4A2",0.0610060513858315,14.8956182733116,0.956914123817943,0.348291578149136,0.692113827724285,-5.57037791795918,"EIF4A2",0.528422517806586,0.45805702685551,""
"MAPRE2",0.0607742884563685,14.8092244595379,0.691894395175453,0.495741246715394,0.784172517531623,-5.77817862394359,"MAPRE2",0.598708477579879,0.304744945376345,""
"BTF3L4",0.060740815533622,11.9171763840803,0.401084440574918,0.691958991759549,0.892144708951279,-5.93185506965603,"BTF3L4",0.681144248919211,0.159919642797961,""
"IMPA1",0.0606259856698852,14.9696665004043,0.861724549797797,0.397492972701901,0.722205837729478,-5.65223086264338,"IMPA1",0.551397489633242,0.400670544853459,""
"PRKAR2A",0.0603539231776882,14.8947642563212,0.820757894731686,0.419981101028781,0.738477974959653,-5.68499217275339,"PRKAR2A",0.563821116182557,0.376770252229679,""
"PLAA",0.0601551387620916,13.3212097483027,0.765438186862133,0.451582833992794,0.759409854175017,-5.72684269610842,"PLAA",0.579802412718381,0.345262575258805,""
"FKBP5",0.0600177117246758,11.5659409826722,0.405460280323897,0.688784093742099,0.889563262768136,-5.93013677950035,"FKBP5",0.679173338590539,0.161916890706256,""
"DNAJA3",0.0600111111393904,12.4503515198944,0.81947810850362,0.420696230357155,0.739179239507583,-5.68599147241272,"DNAJA3",0.56435652519076,0.376031379455362,""
"ACTG1",0.0599906856036281,9.00486832718193,0.267581365757269,0.792123610661284,0.937195887606594,-5.80252723536273,"ACTG1",0.715540407905763,0.101207041593284,""
"MRPS18B",0.0598745812306252,11.9884023434829,0.566166004989271,0.578409823906171,0.831981933670965,-5.70718770888939,"MRPS18B",0.635210525421174,0.237764339447949,""
"WDR77",0.0598178820641095,12.3911087924121,0.698077142168187,0.491936598052892,0.782465359008229,-5.77405344431061,"WDR77",0.597405077807917,0.308090866521441,""
"PACSIN3",0.0598004614943886,14.8005823625758,0.7386515288896,0.467386762996619,0.767779769773866,-5.74611226204302,"PACSIN3",0.586192766006243,0.330323591556395,""
"USP15",0.0596790209463673,14.0737079752684,0.746587347133795,0.462670937673468,0.765611589444781,-5.7404714883755,"USP15",0.584537380341834,0.334727779524188,""
"MRPS27",0.0595863569478841,12.2169691340684,0.513752818923485,0.61219195183875,0.852122365007313,-5.88178334796888,"MRPS27",0.650587558808091,0.213112384139199,""
"CA3",0.0595619711194963,20.7712880438867,0.775803643803203,0.445554591545047,0.756832870149582,-5.71921129802381,"CA3",0.577834909205924,0.351099076466044,""
"POTEE",0.0593634575393907,13.5756042976402,0.31209392526371,0.758098806738665,0.919907723646115,-5.88678463697632,"POTEE",0.702341054327917,0.120274186947312,""
"MYCBP",0.0592102978659472,12.4106477955392,0.89706948779429,0.378723784163101,0.710378679373444,-5.62276735986158,"MYCBP",0.542367563417865,0.421677419974395,""
"AIFM1",0.0591801193669461,15.1852819963434,1.01603324411296,0.319896403896323,0.670871128989293,-5.51557275583624,"AIFM1",0.512203913437041,0.494990641993923,""
"HSPA9",0.0589535929523528,15.9070733565109,0.969792068600957,0.341965002578049,0.687799182676832,-5.55869639645941,"HSPA9",0.52512832614607,0.466018338285871,""
"ATP5F1B",0.0589108064977566,20.2477940143235,0.805541184293667,0.428533187034707,0.747411920266537,-5.69677874967071,"ATP5F1B",0.570642100945327,0.368015539229847,""
"SDHA",0.0587246951586486,16.0947673971408,0.894103769239055,0.380276019380324,0.712180333751408,-5.62528198658613,"SDHA",0.543743109902395,0.419901060807641,""
"PSMA5",0.0587139131306333,15.1962521364906,0.943254027339315,0.355088434095847,0.698259516636423,-5.58261166198247,"PSMA5",0.533114694553416,0.449663473263452,""
"HDHD3",0.0586410926436525,11.6383434478541,0.403233534153853,0.691362096406758,0.892090147768001,-5.80116371179423,"HDHD3",0.681102591959492,0.160294434126304,""
"NDUFA11",0.0583095530821929,14.0056859963767,0.567010128264559,0.57605032936197,0.830595375050012,-5.85392152599874,"NDUFA11",0.634151900714918,0.239539570727309,""
"MRPL39",0.0582398085972766,11.8614253306414,0.642423036808934,0.526778125644619,0.807784436081306,-5.80991672609944,"MRPL39",0.616735959405076,0.27837226732657,""
"NFU1",0.0579400085145387,12.3883840207881,0.551477096873873,0.586480280748268,0.836099177533054,-5.86232387707681,"NFU1",0.638354003099091,0.231746585605035,""
"NAE1",0.0577500294694939,13.427084007448,0.721917616639212,0.477423246730073,0.772168106462465,-5.75781843870853,"NAE1",0.589543220554445,0.321096438113527,""
"CNN3",0.0577460776483836,12.1457559512414,0.514993520871093,0.611337931772011,0.852015146658954,-5.88116473841795,"CNN3",0.650505698588969,0.213718656642423,""
"TSFM",0.0577405959326018,12.7043055519526,0.526796599113486,0.603241697411441,0.846898246096942,-5.8752069399443,"TSFM",0.646598992249587,0.219508646697602,""
"EIF2S1",0.0575684494591808,12.0823533276005,0.848842495300565,0.404479825892919,0.724882384605849,-5.66269400149542,"EIF2S1",0.553441008463215,0.393103134674395,""
"HK1",0.057506750877117,14.4011472439276,0.688522695435498,0.497823100089338,0.78494714777353,-5.78041343645343,"HK1",0.599299900618114,0.302924955038458,""
"GLO1",0.0571807233951489,17.2918282028045,0.557731696444301,0.582269308155453,0.832517521770072,-5.85896784113514,"GLO1",0.635619441990242,0.234876101271021,""
"RPS6KA3",0.0570376971458959,13.6612310146218,0.976640716000255,0.338632513731935,0.687799182676832,-5.55242558028574,"RPS6KA3",0.52512832614607,0.470271345528756,""
"PSMB7",0.0569320784894245,12.8631238900121,0.472177026815747,0.641318218395286,0.867274896379117,-5.8805734600017,"PSMB7",0.662156376620848,0.192926422586803,""
"ATP5PD",0.0569085123600317,17.6747698046398,0.721441639743816,0.477710548448702,0.772168106462465,-5.758147665393,"ATP5PD",0.589543220554445,0.320835168843326,""
"KPNA6",0.05688055982192,10.5955860940802,0.418937608078447,0.679389158312404,0.885395494105725,-5.8837503734434,"KPNA6",0.675991285694026,0.1678813878791,""
"FAM120A",0.0567153952803423,10.4001214395281,0.74313987208086,0.464716106870546,0.767435986056997,-5.74292899819377,"FAM120A",0.585930290312257,0.332812274790825,""
"PDE12",0.0564049832722464,11.8792089829236,0.526155376469426,0.603894940457569,0.847400964835621,-5.85447652615621,"PDE12",0.646982813365422,0.219038608975163,""
"DEPTOR",0.0562068312020028,11.4349527188353,0.451838465888614,0.65550228089162,0.877773809906642,-5.91079775066397,"DEPTOR",0.670172200172142,0.183425792796291,""
"PCYOX1",0.0560924422347142,14.3448434409179,0.695141269006305,0.493741150753365,0.783396816170274,-5.77601666451241,"PCYOX1",0.598116236751837,0.306500675088871,""
"MCM2",0.0558976567434666,14.4029546746714,0.361720799515161,0.720772652292943,0.907776584452549,-5.94648492113696,"MCM2",0.693079041549464,0.14220169980866,""
"LONP1",0.0558055363293377,14.3010876989293,0.911666928121054,0.371144208190222,0.705581892701341,-5.61027744950883,"LONP1",0.538705261078106,0.430457312345981,""
"NCKAP1",0.0556691834449019,10.9187588613144,0.438408886766389,0.66506878156166,0.881164150216016,-5.91660931979599,"NCKAP1",0.672760693698404,0.177133437542044,""
"BCCIP",0.0556591621111586,11.582442063156,0.455943484293286,0.652589958845669,0.875916676879811,-5.90898697064121,"BCCIP",0.668754296251386,0.185359612821308,""
"SRP9",0.0556369158567147,10.9589449052561,0.751154690339023,0.460293818969733,0.763700512579164,-5.71638962111909,"SRP9",0.583078290798179,0.336964856966467,""
"RAP1A",0.0555822171143667,13.033683543569,0.801729301225486,0.430692322296557,0.747609147205217,-5.69969878132761,"RAP1A",0.570792681892191,0.365832870085458,""
"PGRMC1",0.0554517095305069,11.7709421295402,0.441051996527191,0.663356943032757,0.881066431908292,-5.8943650344858,"PGRMC1",0.672686086672601,0.178252720953612,""
"PUF60",0.0554332976654202,13.6946320044273,0.495539048514195,0.624793245333478,0.85809974568887,-5.89069681582866,"PUF60",0.655151233774712,0.204263674281612,""
"SEC23IP",0.0554266776910062,11.7611077823648,0.67405834841894,0.507096151384314,0.789519007930785,-5.76896847308089,"SEC23IP",0.602790473640329,0.294909685525678,""
"SMU1",0.0554102621912005,10.2603005096742,0.371141701768302,0.714139299533656,0.904163743018969,-5.89702083854995,"SMU1",0.690320670469023,0.146217066769819,""
"AKT2",0.055015492919738,10.85656643822,0.374486656481484,0.712266704764611,0.904163743018969,-5.81194551357922,"AKT2",0.690320670469023,0.147357356476666,""
"HTRA2",0.0550127953568449,11.7594038576895,0.565777377408475,0.576874670097431,0.830595375050012,-5.85459665056104,"HTRA2",0.634151900714918,0.238918529993881,""
"MPI",0.0548684872451197,15.1255507066625,0.68528440179978,0.499827236776818,0.78494714777353,-5.78254997495398,"MPI",0.599299900618114,0.301180081823851,""
"MCU",0.0544758493870869,13.3393385966871,0.621167908686061,0.540430885100869,0.811523736100491,-5.82285647813765,"MCU",0.61959088044815,0.267259839432396,""
"EIF5",0.0543438769443121,14.0853637527316,0.82275943338918,0.418864190607815,0.738308824337726,-5.68342636220522,"EIF5",0.56369197124433,0.37792676660508,""
"PERM1",0.0542864468181818,14.4442557190115,0.644439965637876,0.525492394174215,0.807784436081306,-5.80866705203838,"PERM1",0.616735959405076,0.27943356544368,""
"PLCD4",0.0542086873283321,13.8538971372152,0.80512943804073,0.428766085920929,0.747411920266537,-5.69709479081532,"PLCD4",0.570642100945327,0.36777957331501,""
"LMNA",0.0540325395196994,15.6389647981489,0.779843692321899,0.443218297185469,0.756832870149582,-5.71621053844332,"LMNA",0.577834909205924,0.353382319122004,""
"PRKDC",0.0540107769328042,11.5187567318512,0.878648349960995,0.388432482102249,0.716342967043808,-5.6382610431759,"PRKDC",0.546921241991315,0.410684460000076,""
"PKIA",0.0539802072044377,12.3754676057949,0.551401376352536,0.58653135231699,0.836099177533054,-5.8623642809023,"PKIA",0.638354003099091,0.231708768246934,""
"ESYT1",0.0538810958716009,13.1387972313165,0.753930762163219,0.458332410962818,0.763700512579164,-5.73520073068826,"ESYT1",0.583078290798179,0.338819430547915,""
"MPST",0.0538214830173036,13.8659016489048,0.634964387183467,0.531547602253765,0.807877558300142,-5.81450524672525,"MPST",0.616807057359444,0.27445783655853,""
"TATDN1",0.0534282658915668,12.413943152732,0.722022589996975,0.477359897902906,0.772168106462465,-5.75774580218907,"TATDN1",0.589543220554445,0.32115406805027,""
"GPI",0.0532059199314752,17.7400509810523,0.687224689944746,0.498625871264022,0.78494714777353,-5.78127098467719,"GPI",0.599299900618114,0.302225191825596,""
"NDUFS1",0.0530959107306508,17.9412439672484,0.807068577886732,0.427669921308632,0.747290107855467,-5.69560504764733,"NDUFS1",0.570549098294059,0.368891293276142,""
"POTEJ",0.0530731088468173,13.1018643113282,0.319317341659982,0.752289497086099,0.916556857802963,-5.9605737039365,"POTEJ",0.699782699192184,0.123615001439342,""
"FECH",0.0529968164017411,14.1734283699907,0.732459412665468,0.471086025857171,0.769202105428025,-5.75047374332119,"FECH",0.587278706147054,0.326899778341117,""
"LDAF1",0.0529716049617761,11.5681305399619,0.245540247584689,0.808156542591881,0.940921914321785,-5.98093684001239,"LDAF1",0.718385194903777,0.0925045068010385,""
"HEXB",0.0529036257138138,13.0023789330148,0.415147322220643,0.681940533450329,0.886021333957926,-5.90513931292876,"HEXB",0.676469108643368,0.166253495021506,""
"MYH14",0.0527911399757475,13.3794157266943,0.927301678707942,0.363137916416045,0.702066638404353,-5.59669263943167,"MYH14",0.536021396875519,0.439928402614095,""
"AK1",0.0526495684365784,17.8240123390118,0.816555241055851,0.422332345393915,0.740694052306616,-5.68826823843097,"AK1",0.565513070777925,0.374345655756836,""
"KHSRP",0.0525648591466137,11.5865951909652,0.556202386726483,0.58329754241388,0.833157832970274,-5.85979182451759,"KHSRP",0.636108313680182,0.234109853363125,""
"SDHB",0.0525578673510729,17.2894300690303,0.761547835676369,0.453857965405765,0.760216709220232,-5.72968177151365,"SDHB",0.58041843909644,0.343080038093617,""
"TGFBI",0.0525202762345032,12.7413008021576,0.582321489563129,0.565861243672698,0.824663771870211,-5.8454172566461,"TGFBI",0.629623176448267,0.247290050251773,""
"HSD17B4",0.0524470446276375,13.4549997683275,0.670632833608641,0.508951612509194,0.790265051116223,-5.79209590315122,"HSD17B4",0.603360070724869,0.293323505323691,""
"LAMTOR3",0.0523690945799515,12.1065445966307,0.574646482614966,0.571194855830324,0.827653336645685,-5.82869036476378,"LAMTOR3",0.631905681554394,0.243215712461862,""
"NAP1L4",0.052300018777558,15.1134715192076,0.727266403513971,0.474201623650782,0.770913285108378,-5.75410451328649,"NAP1L4",0.58858517603523,0.324036963345245,""
"MYPN",0.0522916627740706,14.8471160210497,0.67112314776926,0.508644769501476,0.790215981189793,-5.79177965189574,"MYPN",0.603322606289058,0.293585417082533,""
"SWAP70",0.0522173869728508,15.6122164881807,0.410926921298188,0.684825953471322,0.888292885948431,-5.92796434757828,"SWAP70",0.678203417616934,0.164419789166481,""
"TWF2",0.052024628613875,14.2029538486386,0.602655560770348,0.552473647591327,0.818102956645828,-5.83378370855389,"TWF2",0.624614054594522,0.257688432536277,""
"CD93",0.052002233028098,11.2937291771236,0.368974990149952,0.715730464357305,0.905624576099526,-5.89780016898627,"CD93",0.691436003039477,0.145250497078783,""
"SNTB2",0.0519278900989306,13.9714738259777,0.3389254735229,0.737656948806363,0.915184047468392,-5.95427461598931,"SNTB2",0.698734571175655,0.132145562131183,""
"IPO5",0.0519174651890193,14.453894451688,0.709290788327246,0.485078850438445,0.77643741051518,-5.76648202107525,"IPO5",0.59280279478407,0.314187660311294,""
"H6PD",0.0518034817453472,12.8064077184181,0.718956669603254,0.47921212067458,0.772168106462465,-5.7598631196121,"H6PD",0.589543220554445,0.319472205903561,""
"LRRC20",0.0517343653444833,14.6976542302744,0.583328932040354,0.565194073354095,0.824450657589567,-5.84484999124973,"LRRC20",0.629460465662486,0.247802400827562,""
"MRPL37",0.0515137975003004,11.7889914011098,0.442937096005095,0.661836535181945,0.881066431908292,-5.91466901451719,"MRPL37",0.672686086672601,0.179249262274452,""
"ENO3",0.0514401730634226,18.2272977659173,0.556519006957396,0.583084588258052,0.833157832970274,-5.8596214119618,"ENO3",0.636108313680182,0.234268437438396,""
"DYRK1A",0.0513719528260435,10.482603029616,0.383618461230047,0.704838757698264,0.898575521026517,-5.91738664645402,"DYRK1A",0.686054114568784,0.151910222939237,""
"PML",0.051315925055972,10.5285337998316,0.328059049608768,0.746170307380036,0.915184047468392,-5.89315945890205,"PML",0.698734571175655,0.127162036985855,""
"PNPLA6",0.0510647251045402,9.54198286130658,0.263091138403797,0.797501096940872,0.938371167752969,-5.57216719248043,"PNPLA6",0.716437723447222,0.0982687109102293,""
"KPNA1",0.0509947099456767,13.3846436538094,0.58730101783316,0.562567521287259,0.823226566587905,-5.84260414463369,"KPNA1",0.628525883483642,0.249825344571967,""
"GCN1",0.0507780946043983,11.9251765180908,0.452362355688416,0.655311014749285,0.877773809906642,-5.88946004024184,"GCN1",0.670172200172142,0.183552532174136,""
"S100A1",0.0507601359715757,16.9331261744149,0.4725120561417,0.640892898599439,0.867274896379117,-5.90151507178385,"S100A1",0.662156376620848,0.193214540580333,""
"POTEF",0.0507597541682507,13.6728183674992,0.466777140679065,0.644931096959115,0.870422505432028,-5.90413093342766,"POTEF",0.664559547073719,0.190486681967685,""
"PSMA3",0.0506613619351608,14.3778989848884,0.650856941806495,0.521413157874145,0.804779709464986,-5.80466604508497,"PSMA3",0.614441878373438,0.28281801359724,""
"LTA4H",0.0506167536487148,15.2019697388166,0.565857596386039,0.57682100965064,0.830595375050012,-5.85455276151269,"LTA4H",0.634151900714918,0.238958929618086,""
"COA7",0.050562681900713,11.6196463710233,0.4409420928417,0.663259751290097,0.881066431908292,-5.91552627371414,"COA7",0.672686086672601,0.178316356271605,""
"DCAF7",0.050428079433555,11.2283955838646,0.67722932212577,0.50483213276004,0.788131078387208,-5.78782259763771,"DCAF7",0.601730802247306,0.296853009872794,""
"CCDC43",0.050352287927403,11.090786028639,0.240370500508532,0.812205427312029,0.941777779407446,-5.96097188253792,"CCDC43",0.719038639995251,0.0903341127974831,""
"DRG2",0.0503391600690293,10.9351160352613,0.422952628223788,0.676151186313857,0.884556222372953,-5.92308453177358,"DRG2",0.675350509474291,0.169956185655059,""
"AUH",0.0502554745908022,11.7820050880202,0.675839330863603,0.505698618424835,0.788626145300217,-5.7887263940341,"AUH",0.602108781264884,0.296108232863976,""
"CORO1B",0.0502229304901221,11.324055499967,0.509752181670763,0.614949553458382,0.853742880383316,-5.88376812479271,"CORO1B",0.651824807336917,0.211160509514428,""
"MYOZ1",0.0498957202705554,17.070102107231,0.617809279729248,0.542605347366267,0.81263429957671,-5.82486269547089,"MYOZ1",0.620438785409414,0.265515930588763,""
"TRIM63",0.0498736108850864,10.6929948052975,0.348604988140986,0.730915220377772,0.914201703256124,-5.8864007761511,"TRIM63",0.697984560438684,0.136132994392871,""
"ACTR1A",0.0497980931562498,14.874883032262,0.925590149270864,0.364008715230088,0.702509890666294,-5.59819019223222,"ACTR1A",0.536359815885364,0.438888218188788,""
"SLC25A4",0.0497195636516388,20.1525057232056,0.532901055790188,0.599074621906041,0.843936820163024,-5.87207395146452,"SLC25A4",0.644337970889208,0.22251907767155,""
"NPM1",0.0495064532691707,14.0731412071953,0.627981496483477,0.536033886745731,0.807877558300142,-5.81875423363031,"NPM1",0.616807057359444,0.270807754408928,""
"HNRNPDL",0.0491939009502218,15.7120021645345,0.713521418245978,0.482505975684601,0.775195666586732,-5.76359554603282,"HNRNPDL",0.591854734758599,0.316497303686453,""
"APRT",0.0491305093084407,13.1387481323056,0.470973630868691,0.641975066264054,0.867346077761929,-5.90221986580864,"APRT",0.662210722949471,0.192481839211861,""
"PPP2CB",0.0490885528429779,14.6359369749232,0.566060618250136,0.57668521452519,0.830595375050012,-5.85444165808379,"PPP2CB",0.634151900714918,0.239061183204046,""
"SMYD2",0.0490087658168594,13.2632941715478,0.538231308936872,0.595447434451761,0.841718160665192,-5.86930953355494,"SMYD2",0.642644044845489,0.225156571603819,""
"UBE2G1",0.0489673069228598,14.0195687336487,0.604842558032006,0.551043674541592,0.817595033389618,-5.83250945377489,"UBE2G1",0.624226259877602,0.258813978533465,""
"RWDD1",0.0489419525607477,12.1094907968602,0.633091402278449,0.532748944376808,0.807877558300142,-5.81564937935014,"RWDD1",0.616807057359444,0.273477402152065,""
"SEC24C",0.0489266125407983,12.7040618261201,0.336892008628411,0.739169835141626,0.915184047468392,-5.95494513295843,"SEC24C",0.698734571175655,0.131255764594828,""
"MLYCD",0.0488334866116293,11.8845341717444,0.438985645772345,0.66465671944764,0.881164150216016,-5.91636327165825,"MLYCD",0.672760693698404,0.177402600324757,""
"XPNPEP1",0.0487905876059678,13.7687000166869,0.703605040185958,0.488549087054537,0.780156700348286,-5.77033544598939,"XPNPEP1",0.595642438234808,0.31109179393926,""
"TPD52L1",0.0487530835355763,10.3898180462442,0.409803635111951,0.685638525707204,0.888532673947942,-5.92841307876455,"TPD52L1",0.678386493540815,0.163904787595982,""
"MYL4",0.0484801663002674,13.2224224234223,0.225684820716945,0.823385600276039,0.944442692126452,-5.98551389886071,"MYL4",0.721073276253483,0.0843967324020993,""
"UQCRQ",0.0484063434814495,15.7684175950865,0.409553233301712,0.685819716290017,0.888532673947942,-5.92851294454066,"UQCRQ",0.678386493540815,0.163790033725486,""
"COPS2",0.0483262547835057,13.9767776332467,0.666032548231521,0.511835534477537,0.793027425518084,-5.79505225949395,"COPS2",0.605469118078186,0.290869566256968,""
"VPS36",0.0481779934507589,11.9674179875981,0.279603426006564,0.782212717237869,0.935721962995801,-5.97219147483128,"VPS36",0.714415080072835,0.106675127553749,""
"EIF3K",0.0481327144642965,13.8818447945118,0.471437750519872,0.641648507228614,0.86731302460139,-5.9020074774324,"EIF3K",0.66218548716655,0.19270281176658,""
"UQCRC1",0.0477790711076125,17.8843123623726,0.612719568015819,0.545909382364198,0.815031636384613,-5.82788290771724,"UQCRC1",0.622269129929806,0.262879441554118,""
"COX6C",0.0475593285292568,16.2709778536779,0.201565933128235,0.841979840354315,0.953266769514777,-5.99055714060594,"COX6C",0.727810377874746,0.0746983067517652,""
"TBC1D15",0.0475515196485627,14.3394787217174,0.38383067457134,0.704683646530816,0.898575521026517,-5.91730739831315,"TBC1D15",0.686054114568784,0.152005806981284,""
"NDUFS6",0.0473298273485021,14.7475255287204,0.604250673148475,0.551430488480782,0.817746349394796,-5.83285475662013,"NDUFS6",0.624341788250591,0.258509225511869,""
"UQCRC2",0.0472870752247694,17.7324125786178,0.550983998616681,0.58681290237865,0.836099177533054,-5.86258689321193,"UQCRC2",0.638354003099091,0.231500345799701,""
"ATAD1",0.0472614587621116,12.9228136785999,0.603768414938312,0.551745763217054,0.817791474546289,-5.83313586188966,"ATAD1",0.624376240887156,0.258260993043551,""
"GNA11",0.047158813775134,11.9992339776615,0.260958560198128,0.796709451573143,0.938287773344181,-5.9123998493421,"GNA11",0.716374052586018,0.0987000306545493,""
"UBQLN2",0.0471481814950785,10.6193675446672,0.35525123854315,0.725550332792299,0.910806841759922,-5.94874666378962,"UBQLN2",0.695392615028019,0.139332454355497,""
"PGAM2",0.0470908409040334,18.7487362729628,0.629440858530799,0.535094618171482,0.807877558300142,-5.81786998076849,"PGAM2",0.616807057359444,0.271569417013377,""
"GLRX",0.0469159900225566,12.1265614370943,0.366334820740775,0.717372323134945,0.906902659498207,-5.94484722644181,"GLRX",0.692411807914983,0.144255382805907,""
"CAPN1",0.0468715141103164,14.8449434994229,0.698095139186978,0.491925547700994,0.782465359008229,-5.77404138526749,"CAPN1",0.597405077807917,0.308100622170387,""
"TOM1",0.0467876426280487,13.4975038264343,0.442736065259462,0.661979889789092,0.881066431908292,-5.91475557034784,"TOM1",0.672686086672601,0.179155203742002,""
"SENP8",0.0466514710061485,10.9440419037941,0.432094036665904,0.66994638785133,0.881164150216016,-5.87831692121328,"SENP8",0.672760693698404,0.173959950122949,""
"GPC1",0.0464158346525103,10.568894185462,0.190044423854184,0.85132769338544,0.95774365505862,-5.83525106342698,"GPC1",0.731228438656435,0.0699032389336462,""
"PRDX6",0.0463182167530327,18.4029680233244,0.572903297024245,0.572117764300817,0.827898236546193,-5.85067437112819,"PRDX6",0.632092660367492,0.242514567147732,""
"PGM5",0.0462749025252229,15.0092235744952,0.433257252239375,0.668754102629673,0.881164150216016,-5.91879292545834,"PGM5",0.672760693698404,0.174733540680677,""
"CARHSP1",0.0458207360748677,11.6488031712621,0.313277754118094,0.757067970982986,0.919045304309578,-5.91628519176623,"CARHSP1",0.701682605126409,0.120865126975956,""
"LCMT1",0.0455461738425829,13.5822628099033,0.537114236845127,0.596206707816435,0.842118054519796,-5.86989109904099,"LCMT1",0.642949360111622,0.224603142105341,""
"CYLD",0.0455445557985747,14.7281292387765,0.478101436095713,0.636968034293121,0.86505923673394,-5.89893546858576,"CYLD",0.660464740936937,0.195882361822332,""
"GSK3B",0.0452451978524486,11.368363891083,0.331422488334295,0.743834158352642,0.915184047468392,-5.86369723786414,"GSK3B",0.698734571175655,0.128523881847661,""
"VPS13C",0.0452379069186861,12.9102427287824,0.346630432997193,0.731934359373017,0.914838287226788,-5.95169774614409,"VPS13C",0.698470586423282,0.135527865171572,""
"G3BP2",0.0450244169725735,13.173778234067,0.594330903039936,0.557934417516333,0.819769556135819,-5.83859318744377,"G3BP2",0.625886487918925,0.253416847271503,""
"KLC1",0.0449878071163887,11.8256422549166,0.685235527751022,0.499857519156062,0.78494714777353,-5.78258214676514,"KLC1",0.599299900618114,0.301153770588973,""
"PYGB",0.0449783101533292,17.621690911411,0.475016689133537,0.639132813605711,0.867178784433836,-5.90036281274785,"PYGB",0.662082996037941,0.194408884842209,""
"ORAI1",0.0445859589360342,10.2959077866713,0.288280373864106,0.776151174132054,0.932745927556771,-5.88296839679368,"ORAI1",0.712142904490179,0.110053681194022,""
"UBE2N",0.0445596433151074,13.3291348956338,0.419775968173079,0.678438294430893,0.885037795157786,-5.92438702951259,"UBE2N",0.675718185849585,0.168489646319376,""
"NUP133",0.0442692134569818,10.0975736603634,0.319248312473711,0.752464128819779,0.916556857802963,-5.93942524616901,"NUP133",0.699782699192184,0.123514198759971,""
"ISOC1",0.0439802018026221,11.8368701836203,0.426146157668441,0.673855134665868,0.884203880998952,-5.92176537738991,"ISOC1",0.67508150008809,0.171433458030548,""
"CAST",0.043944043371507,13.1483112813372,0.547622728391801,0.589082737297184,0.837521673134682,-5.86437367712675,"CAST",0.639440065358319,0.229823703806909,""
"RBM20",0.0438819495852982,10.5511905793146,0.26453223359124,0.793762248733825,0.937429624070264,-5.95501262557427,"RBM20",0.715718863537897,0.100309559946939,""
"CUL4A",0.0437774851564416,13.6398642357438,0.560315491167988,0.580534138761162,0.832517521770072,-5.85757070878469,"CUL4A",0.635619441990242,0.236172236149959,""
"RETREG1",0.0437046920648907,12.1070884758637,0.343063972466958,0.7347142113596,0.915184047468392,-5.93173659347234,"RETREG1",0.698734571175655,0.133881559644717,""
"SND1",0.0436246213437279,11.9277191239912,0.433820915110463,0.668350459191598,0.881164150216016,-5.91855524400805,"SND1",0.672760693698404,0.174995749229122,""
"CUL3",0.0434723773721348,13.9147921980774,0.692155515793444,0.49558022460512,0.784172517531623,-5.77800511297575,"CUL3",0.598708477579879,0.304886031828307,""
"VPS4A",0.0434571875481495,12.854227332596,0.492761560197896,0.626725301221924,0.859278099239802,-5.89202841882187,"VPS4A",0.656050895832175,0.202922772255087,""
"GRB2",0.0433913655162552,14.712396295981,0.649286526487747,0.522409856930375,0.805498764364719,-5.80564873249058,"GRB2",0.614990870151001,0.281988637303265,""
"MRPS36",0.043309976426821,15.0845489833111,0.441765975041595,0.662671844420365,0.881066431908292,-5.91517270985275,"MRPS36",0.672686086672601,0.178701481306646,""
"RPS3A",0.043188721988189,13.1631659049829,0.436382372005545,0.666517466804259,0.881164150216016,-5.91747131920861,"RPS3A",0.672760693698404,0.176188464948833,""
"COX6A2",0.0431844253686471,16.1973348396605,0.359322968860744,0.722542076157196,0.907776584452549,-5.94732790283958,"COX6A2",0.693079041549464,0.141136857345372,""
"DPYSL2",0.0431463401852508,14.1526882101407,0.640433007194604,0.528048383420726,0.807784436081306,-5.81114603373438,"DPYSL2",0.616735959405076,0.277326282598866,""
"NDUFV1",0.0430913280719913,16.3592173058882,0.679847984976132,0.503201989221872,0.786441432256938,-5.78611505723355,"NDUFV1",0.600440773025819,0.298257650737718,""
"HADHB",0.0429470924545399,17.7726477203209,0.583721585667577,0.564934150837055,0.824450657589567,-5.84462864033728,"HADHB",0.629460465662486,0.248002170932311,""
"PGM2L1",0.0428590021184938,11.8068349753945,0.495689055029887,0.624688976831259,0.85809974568887,-5.89062469024762,"PGM2L1",0.655151233774712,0.204336157482176,""
"NDUFS3",0.0428330500804996,16.9675043132738,0.533580722162572,0.598611522647702,0.843936820163024,-5.87172294924604,"NDUFS3",0.644337970889208,0.222854927699384,""
"NAXE",0.0426801923793718,13.6026432239346,0.571746683488696,0.572888511155344,0.828178708724569,-5.85131424069856,"NAXE",0.632306798286336,0.241929887109556,""
"ASB14",0.042132558453261,10.7992192693398,0.36006103061883,0.722458159905316,0.907776584452549,-5.87113613734045,"ASB14",0.693079041549464,0.141187299365054,""
"ATPAF1",0.0420613667250684,11.8227541739749,0.450523222791772,0.656436569227069,0.877796641942671,-5.91137452125482,"ATPAF1",0.670189632220863,0.18280723296456,""
"SNX5",0.0417472901216325,12.1974946697742,0.475603865596411,0.638720498419283,0.86702910210958,-5.90009181778345,"SNX5",0.661968714965253,0.194689145831165,""
"ANP32E",0.0414531411340562,12.4381004705125,0.442856674851142,0.661893881756642,0.881066431908292,-5.91470364529553,"ANP32E",0.672686086672601,0.179211633312174,""
"SEC22B",0.0413893114622681,13.5000834541259,0.422867862172084,0.676212174380069,0.884556222372953,-5.92311941314146,"SEC22B",0.675350509474291,0.169917014554442,""
"PFKM",0.0411159168912789,17.478744340233,0.494856064946764,0.625268083587989,0.85809974568887,-5.89102493551165,"PFKM",0.655151233774712,0.203933739039431,""
"CDC42",0.041114986393378,14.006062340095,0.58728036070397,0.562581164627471,0.823226566587905,-5.84261586255425,"CDC42",0.628525883483642,0.249814812226431,""
"CSNK2A1",0.0407368070790906,13.4092907621461,0.626773054797082,0.536812327281963,0.807877558300142,-5.81948494995155,"CSNK2A1",0.616807057359444,0.270177519647815,""
"ABHD16A",0.0403024426166088,11.505529624738,0.50200359693573,0.620307057836384,0.856893065387917,-5.88756919135568,"ABHD16A",0.654229944505122,0.207393277416433,""
"PFKFB1",0.0401627321867029,12.5390290322753,0.42178942676598,0.676988291844988,0.884676097354101,-5.92356259044364,"PFKFB1",0.6754420329157,0.169418842143636,""
"FKBP2",0.0401001161547097,13.2522288316137,0.378006393274031,0.708797604527642,0.902020355761906,-5.94061300339549,"FKBP2",0.688684214086211,0.149477758872395,""
"GATM",0.0400664970546032,11.1930415077056,0.33378855569652,0.741750749049439,0.915184047468392,-5.90982515216826,"GATM",0.698734571175655,0.12974200644304,""
"NDUFAF4",0.0400135318923684,11.7234747407807,0.329579668134201,0.744619021548916,0.915184047468392,-5.95732329944843,"NDUFAF4",0.698734571175655,0.128065873774065,""
"ADPRS",0.0399792562446777,12.6777444910823,0.498676811511162,0.622613876033771,0.857325869588948,-5.88918368035426,"ADPRS",0.654560386516919,0.205781204537307,""
"NFIC",0.0396619793318305,11.0071167978366,0.226256948423324,0.823756046210952,0.944490259054171,-5.81418598163376,"NFIC",0.721109593163655,0.0842013847482628,""
"FABP3",0.0394785959757158,20.2012688231018,0.47457808364194,0.639440879774738,0.867186946543822,-5.90056502485502,"FABP3",0.662089227733562,0.194199602513703,""
"MPC2",0.0394415521564682,14.3877223974014,0.448964274708481,0.657544715466537,0.878869123884743,-5.91205602490243,"MPC2",0.671008462282379,0.182074708206945,""
"MAP2K2",0.0394338401845609,11.4110800279204,0.396120254632473,0.695567753028675,0.893501127044889,-5.93378213686721,"MAP2K2",0.6821798616111,0.157660560375956,""
"IDH2",0.0392492043783044,18.9624623706999,0.718849805951959,0.479276755735323,0.772168106462465,-5.75993676428877,"IDH2",0.589543220554445,0.319413633183623,""
"ANXA11",0.0391977890952173,14.4613715168644,0.4729495056749,0.640585333591041,0.867274896379117,-5.90131425299151,"ANXA11",0.662156376620848,0.193423008871379,""
"ACAA1",0.0390199539647647,12.5476920475717,0.364229922634497,0.718922805363304,0.907776584452549,-5.94559688061663,"ACAA1",0.693079041549464,0.143317739665207,""
"MMUT",0.0386252531985498,13.0859674704696,0.528439426770954,0.602118892048335,0.846563829123786,-5.87436725385881,"MMUT",0.646343667977952,0.220317746179952,""
"PRKAA2",0.0385617914535263,14.4381517026838,0.620571836422068,0.54081645872538,0.811523736100491,-5.82321329828946,"PRKAA2",0.61959088044815,0.266950099934683,""
"C11orf54",0.0384360430457882,14.0668447033562,0.398803843906052,0.693615974607993,0.892636556914241,-5.93274332163357,"C11orf54",0.681519770298145,0.15888091321897,""
"NAXD",0.0381291038605411,13.1790353340398,0.407832030011802,0.687065697776075,0.8888266783134,-5.92919777120324,"NAXD",0.678610963159565,0.163001733366295,""
"PAICS",0.0380967259371854,12.6458944562363,0.524944461953037,0.604508758162992,0.847433908538062,-5.8761505503488,"PAICS",0.647007965578096,0.218597402670363,""
"ZRANB2",0.0380701518288653,11.1620943281108,0.342439670479204,0.735044958085037,0.915184047468392,-5.95310642673763,"ZRANB2",0.698734571175655,0.133686097036725,""
"SMAD2",0.0378071693381106,10.5115193510322,0.257282120602093,0.799636098367485,0.940112710242854,-5.86565512291433,"SMAD2",0.717767375060163,0.0971076085409958,""
"MTPN",0.0373427824395591,14.3298344856649,0.296364459585293,0.76953886644437,0.927969338933715,-5.96747468314312,"MTPN",0.708496023174398,0.113769440736914,""
"YBX3",0.0370389546001189,13.656634341271,0.327773161323569,0.745967349650459,0.915184047468392,-5.95790286286997,"YBX3",0.698734571175655,0.12728018080743,""
"SEC23A",0.036860994995207,11.8788320096897,0.322593179861919,0.749962470463693,0.916556857802963,-5.93837843208214,"SEC23A",0.699782699192184,0.124960468979411,""
"GLRX3",0.0368023488779468,13.4480731322377,0.392898828914969,0.697913538419645,0.894114131549666,-5.93502001360859,"GLRX3",0.682647884891182,0.156198376965795,""
"NIF3L1",0.0366640684947992,13.5708643473986,0.513634510166569,0.612273417368153,0.852122365007313,-5.88184226019054,"NIF3L1",0.650587558808091,0.213054595604175,""
"DCTN1",0.0366208680091837,12.2778466206722,0.643654317636884,0.525993017914097,0.807784436081306,-5.80915428244403,"DCTN1",0.616735959405076,0.27902002067802,""
"INPP1",0.0364803127194708,11.1509835991976,0.279863653097716,0.782015465157738,0.935721962995801,-5.97212032615474,"INPP1",0.714415080072835,0.106784658236502,""
"DHRS7B",0.0362746373041585,12.4276415784084,0.408235491588495,0.686773549999995,0.8888266783134,-5.92903749820047,"DHRS7B",0.678610963159565,0.163186439355981,""
"AKR1B1",0.0361141609963198,18.5037261156166,0.437025922746312,0.666057270828674,0.881164150216016,-5.91719800352514,"AKR1B1",0.672760693698404,0.176488426482084,""
"EPRS1",0.036082929232391,12.8082049220157,0.515989177596562,0.610652991810166,0.851887628516515,-5.8806672537444,"EPRS1",0.650408339664477,0.214205510793752,""
"BPNT1",0.0360183491585602,11.502693814694,0.400042005567145,0.692716185768437,0.892233364441984,-5.93226169913606,"BPNT1",0.681211936567888,0.15944466466893,""
"TRIM54",0.0359548757081942,13.3855989754887,0.415145428965207,0.681777806192525,0.886021333957926,-5.92626833291971,"TRIM54",0.676469108643368,0.166357140398122,""
"HNRNPC",0.0356017714991044,11.5783384680129,0.385360736521484,0.703414630206993,0.897557068144123,-5.93787766310913,"HNRNPC",0.68527653519553,0.152788603104533,""
"BDH1",0.0355859789105839,14.6976246612022,0.320718186498903,0.751240892728032,0.916556857802963,-5.9601360148431,"BDH1",0.699782699192184,0.124220779896939,""
"RAPH1",0.0355397210815838,12.7060236044968,0.208808976895128,0.83638548480453,0.950618656719637,-5.98910220841854,"RAPH1",0.725788568203286,0.0775935128271025,""
"PPM1B",0.0354716874459431,11.7513112275324,0.433438393321213,0.66862437494722,0.881164150216016,-5.91871657627733,"PPM1B",0.672760693698404,0.174817795089972,""
"MDH1",0.0354062796364119,19.8139187426268,0.417517554867069,0.680066211522582,0.885495312221392,-5.92530714802217,"MDH1",0.676067495903808,0.167448802148122,""
"UBR4",0.0353117470315301,11.4496691758262,0.323787347442709,0.748945179253305,0.916556857802963,-5.95917043079033,"UBR4",0.699782699192184,0.125549970310033,""
"SGCA",0.0352599233618651,13.3425086828037,0.553572304205178,0.585067987802357,0.834855960725928,-5.8612037510563,"SGCA",0.637404818544346,0.232793663812251,""
"STAT3",0.0352026843117539,11.0900069979293,0.229033036934539,0.820898772515085,0.944230919828049,-5.9635726195748,"STAT3",0.720911590058755,0.0857103937314485,""
"TXNRD2",0.0350127979367212,12.3608634910042,0.371531702654752,0.713694656857862,0.904163743018969,-5.92182890626563,"TXNRD2",0.690320670469023,0.146487554617364,""
"UGGT1",0.0349633016514392,13.0599108120681,0.4240600712041,0.675354603507957,0.884556222372953,-5.92262818508961,"UGGT1",0.675350509474291,0.170468135451571,""
"MYOZ3",0.0348346621127487,15.9224961983711,0.393190482734191,0.697701034280729,0.894114131549666,-5.93490835205137,"MYOZ3",0.682647884891182,0.156330633216814,""
"HINT1",0.0346471664487566,15.6969952264727,0.422642804635563,0.676374111307956,0.884556222372953,-5.92321199129868,"HINT1",0.675350509474291,0.169813023681139,""
"HIBADH",0.0345101932951675,15.5128324464929,0.443425585284083,0.661488249485725,0.881066431908292,-5.9144585296078,"HIBADH",0.672686086672601,0.179477866108128,""
"ITGB1BP2",0.0344542144012472,11.7204809045919,0.329439947428128,0.744723275668726,0.915184047468392,-5.9573682371996,"ITGB1BP2",0.698734571175655,0.128005072453767,""
"ARHGDIA",0.0338072314268949,15.5640255942543,0.472197032728058,0.641114428078347,0.867274896379117,-5.90165957592648,"ARHGDIA",0.662156376620848,0.193064449345713,""
"SLMAP",0.0336040958413637,13.7407789915165,0.373191061308271,0.712330589211893,0.904163743018969,-5.94237580565937,"SLMAP",0.690320670469023,0.14731840559129,""
"PRKG1",0.0335986803567927,13.4454951070209,0.386418401129715,0.702641769811555,0.896969551413506,-5.93748000224179,"PRKG1",0.684827971595715,0.153266036355175,""
"PPIH",0.0335147365491384,12.0108999333568,0.278742440158251,0.782865450535679,0.936112748224879,-5.97242640845201,"PPIH",0.71471344098747,0.106312872822112,""
"MYL9",0.0331978823584382,12.8249373724492,0.250071881599295,0.80469137375652,0.940280396440769,-5.97983843355586,"MYL9",0.717895401924176,0.0943706542590063,""
"SCN1B",0.0329732761026111,12.1130998767833,0.260632739816741,0.796730811570577,0.938287773344181,-5.95601275740533,"SCN1B",0.716374052586018,0.0986883872572606,""
"PSMC2",0.0329698869808688,12.9258148871502,0.565887110115108,0.576801267821775,0.830595375050012,-5.85453661257175,"PSMC2",0.634151900714918,0.238973793698829,""
"MAT2B",0.0328003698511132,13.4206101262676,0.26533155435701,0.793053276667106,0.937363506509371,-5.97599286291987,"MAT2B",0.71566838339056,0.100697636156125,""
"PBXIP1",0.0321883956626081,13.5976138336904,0.28042754542715,0.781588086112291,0.935721962995801,-5.97196592686576,"PBXIP1",0.714415080072835,0.107022069267693,""
"FLOT1",0.0321318185690576,11.7460726229503,0.342377993038789,0.735090772959344,0.915184047468392,-5.95312703235943,"FLOT1",0.698734571175655,0.133659028587619,""
"ADIPOQ",0.0320563366240574,14.1088135069548,0.326985405367635,0.746555569199225,0.915184047468392,-5.95815460285603,"ADIPOQ",0.698734571175655,0.126937860412645,""
"THRAP3",0.0320130499720204,11.0503207861786,0.271143825668277,0.788972545534997,0.936149707303242,-5.90975921250048,"THRAP3",0.714741658902591,0.102938108996035,""
"ARHGEF6",0.0320095887520004,10.0222199771502,0.172318781554997,0.865043240654399,0.96452980356638,-5.86784308965498,"ARHGEF6",0.736409600391739,0.0629621830458944,""
"CLIP1",0.0319137927375746,12.5111740000211,0.420281128547679,0.678074381189703,0.885037795157786,-5.92418054934829,"CLIP1",0.675718185849585,0.168722663701628,""
"GYG1",0.0318754718211167,15.5814048195432,0.40817037873,0.686820695053489,0.8888266783134,-5.92906337450848,"GYG1",0.678610963159565,0.163156627296614,""
"ARMC10",0.0318372432491625,8.72415852051359,0.11808882774676,0.907330898504808,0.978289112271185,-5.85480038770178,"ARMC10",0.746914705560607,0.0422342992829254,""
"CARS1",0.0318165885620623,11.2218057105781,0.20974457968363,0.835663482668544,0.950174201481739,-5.98891053992412,"CARS1",0.725449230732404,0.0779685754827655,""
"ALDH4A1",0.0314295745982456,16.6892072860294,0.390071495564962,0.699974888409548,0.894758639636603,-5.93609824022598,"ALDH4A1",0.683139960865398,0.154917540015438,""
"FITM1",0.0313652692485213,11.8248659562695,0.2308617526168,0.819407813115787,0.943941516464698,-5.98435750902422,"FITM1",0.720690633262636,0.0864998993322352,""
"MTX2",0.031298209441232,13.7556184799471,0.422344942153259,0.676588458492165,0.884556222372953,-5.92333444343408,"MTX2",0.675350509474291,0.169675414848241,""
"NUCB1",0.0312344730816339,11.9030447240266,0.354840927099873,0.725853728299095,0.910806841759922,-5.94888874681687,"NUCB1",0.695392615028019,0.139150888105426,""
"PPM1F",0.0312080446323133,10.5563662824613,0.193285920808005,0.848623664234254,0.956177487637659,-5.91599631715555,"PPM1F",0.730032684289538,0.0712848619129562,""
"XRCC6",0.0311918331064973,13.528235282776,0.480527997402208,0.635267462617088,0.863911298928975,-5.89780631319335,"XRCC6",0.659588301020717,0.197043387963537,""
"APOC3",0.0306599289603309,9.80797912045522,0.136412627104912,0.892700388788091,0.974270389365965,-5.98012885801447,"APOC3",0.743846447723705,0.0492942760825453,""
"COPS5",0.0303995508304382,14.0079727738116,0.468985311480227,0.643374900547267,0.868828475762561,-5.90312743036245,"COPS5",0.663342520137314,0.191535885874902,""
"ENO1",0.0303359249462929,17.528242243831,0.363011371847618,0.719820961835854,0.907776584452549,-5.94602891348397,"ENO1",0.693079041549464,0.14277551045181,""
"EIF1B",0.0302633945269069,10.2638111561737,0.160456352644934,0.874080988868206,0.966331558755884,-5.92165673177309,"EIF1B",0.73778522384495,0.0584483255017397,""
"FN3KRP",0.0301633152648648,12.550848647501,0.171928816379314,0.864956296754636,0.96452980356638,-5.99597711990524,"FN3KRP",0.736409600391739,0.0630058353765656,""
"KCTD12",0.0299780158295135,13.1568476162944,0.293142797480835,0.77196996592517,0.929666850742937,-5.96840245591285,"KCTD12",0.709792057769148,0.11239959589056,""
"EIF3J",0.0299472260592477,11.973465487403,0.410664390434325,0.685015830543304,0.888292885948431,-5.92806933194119,"EIF3J",0.678203417616934,0.164299391955515,""
"ARMT1",0.0299135638538601,13.1672200546392,0.406674461871585,0.687904172487765,0.8888266783134,-5.9296567424737,"ARMT1",0.678610963159565,0.162472056326069,""
"CNP",0.0298964680653793,11.4458805285783,0.30396762394577,0.763927649607243,0.923467908219956,-5.94406999916448,"CNP",0.70505922238208,0.116947770827747,""
"CAPZB",0.0298467064786578,16.1297802598339,0.448328052246067,0.657997191664338,0.879064652055986,-5.91233348682131,"CAPZB",0.671157746235988,0.181775959953346,""
"NDUFAB1",0.0298432176988683,17.8639833235735,0.32720316094239,0.746392954771262,0.915184047468392,-5.9580850755879,"NDUFAB1",0.698734571175655,0.127032468562742,""
"PLEC",0.0298091466164578,16.1565700360951,0.419692891961895,0.678498149474848,0.885037795157786,-5.92442096282837,"PLEC",0.675718185849585,0.16845133249055,""
"YWHAZ",0.0296973587285709,15.7497216532939,0.353772957715881,0.726643628713619,0.911399675857055,-5.94925780297166,"YWHAZ",0.695845238388079,0.138678530034078,""
"PREP",0.0296312851894687,15.0786488586073,0.330890850297001,0.743640911702726,0.915184047468392,-5.95690067033019,"PREP",0.698734571175655,0.128636725357938,""
"MAT2A",0.0295106877834108,12.6019683947521,0.271348514326503,0.788477609608902,0.936149707303242,-5.97441433135197,"MAT2A",0.714741658902591,0.103210634816203,""
"AP1B1",0.0295016542605477,12.3059971042041,0.258512693939294,0.798247933573361,0.938865144321638,-5.97773925040385,"AP1B1",0.716814869996962,0.0978621970463921,""
"NDUFB4",0.0294894285432399,16.8366808431914,0.343843143764153,0.734002709844453,0.915184047468392,-5.95263655213457,"NDUFB4",0.698734571175655,0.134302336721095,""
"ATP2B1",0.0293834953040193,11.7554908940404,0.255529896059406,0.800620187174855,0.940280396440769,-5.95729922726327,"ATP2B1",0.717895401924176,0.0965734636087375,""
"DHODH",0.0293612538593635,11.2799353378849,0.120528607169048,0.90528839913883,0.978289112271185,-5.91343077174118,"DHODH",0.746914705560607,0.0432130448811038,""
"MDP1",0.02928847317974,13.1883044237945,0.158410298060843,0.875836315522971,0.966331558755884,-5.88187694639262,"MDP1",0.73778522384495,0.0575770512605257,""
"DCAF8",0.0292578805019836,12.114026913495,0.331738477868425,0.743008836406926,0.915184047468392,-5.95662657296943,"DCAF8",0.698734571175655,0.129006021259683,""
"COQ3",0.0292555707511255,15.6665477821826,0.394217220393987,0.696953135912136,0.89408063145833,-5.9345146086908,"COQ3",0.682622307880723,0.156796423478776,""
"CAND2",0.0291701470473367,14.8083019548343,0.320740339361617,0.751224314092768,0.916556857802963,-5.96012907801032,"CAND2",0.699782699192184,0.124230364158564,""
"TMLHE",0.0290752507562431,13.0415114807759,0.252225012359635,0.803046381727441,0.940280396440769,-5.97930954405481,"TMLHE",0.717895401924176,0.095259370354487,""
"BANF1",0.0287754291778963,14.8555700441362,0.334302976518707,0.741097615928597,0.915184047468392,-5.95579306282976,"BANF1",0.698734571175655,0.130124583833112,""
"DDX3Y",0.0286763997917241,13.7733634212709,0.416735691465194,0.680630167563581,0.885495312221392,-5.9256245546268,"DDX3Y",0.676067495903808,0.167088805583965,""
"CAP1",0.0286488342380018,11.9676507813818,0.310056030934486,0.759234225297259,0.920896265664737,-5.96341959035999,"CAP1",0.70309579703282,0.119624222705745,""
"COX7A1",0.0282424194916295,17.4569256975117,0.333594184147669,0.741625681728429,0.915184047468392,-5.9560240691336,"COX7A1",0.698734571175655,0.129815239435533,""
"PANK4",0.027992061772002,13.5749419273446,0.462983045096459,0.64760883247053,0.871676023451895,-5.90584431291217,"PANK4",0.665516596509289,0.188687236714441,""
"UROD",0.0278138586447021,11.8495903714562,0.265427649170962,0.792980140127889,0.937363506509371,-5.97596792909059,"UROD",0.71566838339056,0.100737689278706,""
"ELAVL1",0.0277753877163072,12.2972522576301,0.321461555620563,0.750684641127944,0.916556857802963,-5.95990298077248,"ELAVL1",0.699782699192184,0.124542469629309,""
"LSM2",0.0276300558034759,12.6197397440884,0.270876562573129,0.788836232536677,0.936149707303242,-5.97453941745355,"LSM2",0.714741658902591,0.103013149753765,""
"RER1",0.0276186756120822,11.2778358850445,0.198922499755214,0.844023699436192,0.954218635662733,-5.99107538942258,"RER1",0.728537118890991,0.073645358599631,""
"NIPSNAP2",0.0275118913739867,18.7405447351488,0.416639641136947,0.68069946153696,0.885495312221392,-5.92566350698325,"NIPSNAP2",0.676067495903808,0.167044592941192,""
"ACO1",0.0274795021035583,14.4373011249595,0.319474858713315,0.752171563144474,0.916556857802963,-5.96052458301563,"ACO1",0.699782699192184,0.123683089689063,""
"BCAP31",0.027402008767675,11.7072975486967,0.308751582210856,0.76021406348403,0.921306279553673,-5.96381376045996,"BCAP31",0.703408838851736,0.119064100482697,""
"PRKAG1",0.0268793250808255,12.3622307455582,0.283702145596652,0.779107628905824,0.933563440145501,-5.97106320995437,"PRKAG1",0.71276706780432,0.108402543083353,""
"MSRB2",0.0268741658690193,12.4682076540055,0.284337330655522,0.778626762662221,0.933563440145501,-5.97088690207153,"MSRB2",0.71276706780432,0.108670672956962,""
"EIF5A",0.0268473658229844,15.3403769959535,0.41479658787064,0.682029657975276,0.886021333957926,-5.92640922844685,"EIF5A",0.676469108643368,0.166196739691096,""
"MYL1",0.026722693980588,19.9278269543348,0.227081360208382,0.822312063733752,0.944442692126452,-5.98520451993555,"MYL1",0.721073276253483,0.0849633383744662,""
"APEH",0.0265106242457414,14.8359668972949,0.43286158313762,0.669037505305702,0.881164150216016,-5.91895958694592,"APEH",0.672760693698404,0.174549535609234,""
"ISCU",0.0262584033175699,10.3485047548795,0.154172031479652,0.879223391734145,0.966775318907978,-5.85002780034359,"ISCU",0.738124030624237,0.0559007660282405,""
"EIF4G1",0.0259797084027031,13.0129461929303,0.437539856348084,0.66568985871232,0.881164150216016,-5.91697945183043,"EIF4G1",0.672760693698404,0.176728059149917,""
"ITGA7",0.0259113397846011,12.7779992788736,0.323362509629317,0.749262814674394,0.916556857802963,-5.95930463165156,"ITGA7",0.699782699192184,0.125365820561451,""
"FKBP7",0.0256017299405116,11.093219367158,0.233760109984983,0.817182959758241,0.943508753545987,-5.983698695811,"FKBP7",0.720360222769509,0.087680698035827,""
"CDK4",0.0255796491475913,10.9216467045057,0.182988643697804,0.857156701579659,0.959040097519564,-5.78400981744406,"CDK4",0.732218260506485,0.0669397750310029,""
"RTN4IP1",0.0254353203152853,11.9901112297692,0.299282253654861,0.767339147326973,0.926421653480126,-5.96662573605814,"RTN4IP1",0.707314379618962,0.115012644840586,""
"TSNAX",0.0253689424479102,12.5022787329665,0.191880099811641,0.849474188168327,0.956177487637659,-5.99242278494788,"TSNAX",0.730032684289538,0.0708498129177986,""
"SOD1",0.0249382591737657,17.2881088412942,0.35011692581846,0.729350071761236,0.913995659548891,-5.95051288153845,"SOD1",0.697827247970426,0.137063969978574,""
"VBP1",0.0249134814742114,12.6576217668005,0.174664894635363,0.862829696156294,0.963509940748627,-5.99551268522087,"VBP1",0.735630944545855,0.0640749161252732,""
"IGKV4-1",0.024863257150848,13.6069540123788,0.0801645656619293,0.93678091627841,0.985440549839472,-6.00731271678928,"IGKV4-1",0.75237476212124,0.0283619651169483,""
"TLN1",0.0246762378270908,13.2479932328176,0.444488454422745,0.660730708863715,0.881066431908292,-5.91399976288977,"TLN1",0.672686086672601,0.179975507963702,""
"ILVBL",0.0244952521889985,13.7756929138065,0.250861293511877,0.804088155683909,0.940280396440769,-5.97964504793795,"ILVBL",0.717895401924176,0.0946963350472094,""
"ATP5PB",0.0242620630084147,18.2322816290477,0.291132011644262,0.773488536292044,0.930457040194859,-5.96897642069479,"ATP5PB",0.710395360120586,0.11154611850243,""
"LANCL1",0.0239175888103436,13.576307682546,0.245496541216999,0.808189982834386,0.940921914321785,-5.98094733657408,"LANCL1",0.718385194903777,0.092486536752454,""
"PFAS",0.0238398491679188,11.1817513490561,0.229249673091388,0.820645958072899,0.944230919828049,-5.98472040359408,"PFAS",0.720911590058755,0.0858441651919625,""
"GSTO1",0.0237952121778982,17.3837425633754,0.296295692731465,0.769590733542729,0.927969338933715,-5.9674945916804,"GSTO1",0.708496023174398,0.11374017017436,""
"ITGA1",0.023395331738806,11.1825715174761,0.180173761170915,0.858692070513294,0.960009709674326,-5.95343002299645,"ITGA1",0.732958550435094,0.066162547521939,""
"COPS4",0.0231404853937764,13.9826142393446,0.337197132137219,0.738942756265181,0.915184047468392,-5.95484477588594,"COPS4",0.698734571175655,0.131389203825839,""
"TNNT1",0.0230779169589432,19.9160939798586,0.186337196891319,0.853769543936013,0.958500874690847,-5.9934492465465,"TNNT1",0.731806568854917,0.0686593416103634,""
"SLC25A20",0.0230373984514944,12.6444669239727,0.15534935852474,0.877864281977017,0.966331558755884,-5.99863493483614,"SLC25A20",0.73778522384495,0.0565726209326596,""
"PSMD2",0.022934230550657,13.4661215599849,0.337078771404456,0.739030839759007,0.915184047468392,-5.95488371616411,"PSMD2",0.698734571175655,0.131337438117082,""
"GPD1L",0.0223479560850475,15.7551380482349,0.319463520703276,0.752180051773412,0.916556857802963,-5.96052811952021,"GPD1L",0.699782699192184,0.123678188488213,""
"PGLS",0.0222298402662542,13.3085564475041,0.277290120025927,0.783966856630217,0.936149707303242,-5.97282106646322,"PGLS",0.714741658902591,0.105702297375342,""
"CCT7",0.0222205827172619,13.7913973694623,0.340065732777027,0.736809075123628,0.915184047468392,-5.95389687802833,"CCT7",0.698734571175655,0.132645033663756,""
"CCS",0.0220770097090277,13.3469975467371,0.253718125366941,0.801906187973409,0.940280396440769,-5.97894013237721,"CCS",0.717895401924176,0.095876435242672,""
"SDR39U1",0.0218875822303879,11.7807447596084,0.229246403330165,0.82064846987194,0.944230919828049,-5.98472113707676,"SDR39U1",0.720911590058755,0.0858428359234968,""
"PARK7",0.0218822506332756,16.1446672965507,0.268528555748217,0.790621123802255,0.93704189781861,-5.97515851778026,"PARK7",0.715422838124286,0.10203158636517,""
"UBE3A",0.0218454988627244,12.6696082202845,0.253696008962157,0.801923073570865,0.940280396440769,-5.97894562002341,"UBE3A",0.717895401924176,0.0958672904764865,""
"STRAP",0.0218131107191333,13.7617861003679,0.273360935671311,0.786948963411493,0.936149707303242,-5.97387853152255,"STRAP",0.714741658902591,0.104053432351847,""
"ACSF2",0.021571890989577,12.6567247276544,0.236013282638337,0.815454448339014,0.943259355834533,-5.98318088599691,"ACSF2",0.720169809919277,0.0886002938358898,""
"UBXN1",0.021385352504538,13.9826173407151,0.155049910306847,0.878097747764175,0.966331558755884,-5.998680468584,"UBXN1",0.73778522384495,0.0564571367684739,""
"TMOD1",0.0213763817318355,13.2887229556008,0.27215168657642,0.787867411237421,0.936149707303242,-5.97420096125951,"TMOD1",0.714741658902591,0.103546862983682,""
"PSMA2",0.0210480222088023,13.2164322083508,0.317683592278834,0.753513057394031,0.916964097876152,-5.96108176495481,"PSMA2",0.700093623228384,0.122909217529785,""
"PSMD14",0.0209475788698139,12.8775467228836,0.236843999532722,0.814817408190597,0.943168303057413,-5.9829887288975,"PSMD14",0.720100291964554,0.0889397010754638,""
"ENOPH1",0.0207678206452222,13.5509105746706,0.223206496774529,0.825291582616577,0.945559423760081,-5.98605825074977,"ENOPH1",0.721925890545986,0.0833925843609254,""
"ANXA7",0.0206054659400294,16.4409763694462,0.239503030876044,0.812779192585466,0.942062600691511,-5.98236913928345,"ANXA7",0.719256098416138,0.0900274229993575,""
"NSF",0.0205176986218358,13.2791502447326,0.220880064415965,0.827081749426871,0.946128854739537,-5.98656379519082,"NSF",0.72236064584176,0.0824515623091919,""
"DDX17",0.0204857139670924,12.9831813709763,0.317603078361231,0.753573373574175,0.916964097876152,-5.96110673628315,"DDX17",0.700093623228384,0.122874455111808,""
"ABRACL",0.0203437069430894,9.96313233609183,0.0944430062476544,0.925955969165791,0.983871053839743,-5.76243558497702,"ABRACL",0.751176466415183,0.0334096642931997,""
"UBE2B",0.0202980068117888,13.754156369492,0.214503214145505,0.83199355170167,0.948254659363039,-5.98792247216418,"UBE2B",0.723983678046173,0.0798800396602793,""
"CNBP",0.0202147641394976,10.9680657828685,0.136881294521266,0.892283295094019,0.974270389365965,-6.00127910648851,"CNBP",0.743846447723705,0.0494972375938518,""
"ZW10",0.0197480681147653,13.5000441736302,0.173444606327831,0.863778028296212,0.964193903280881,-5.99572072610711,"ZW10",0.736153143624824,0.0635978471871926,""
"PGD",0.0196290374815487,13.0545311331845,0.26882442365901,0.790396148412018,0.93704189781861,-5.97508080098573,"PGD",0.715422838124286,0.102155184725442,""
"PPIL3",0.0195688799590474,11.2396387245461,0.168734091805584,0.86744069452525,0.966028795183085,-5.9965101521788,"PPIL3",0.73755406665226,0.0617602075121425,""
"CHCHD2",0.0194982293398205,11.2241978432551,0.212142909606009,0.833980202179922,0.949388247604503,-5.94374946035467,"CHCHD2",0.724849162203136,0.0788442589378817,""
"CTBP1",0.0194195702105606,11.9134699091705,0.211207885868325,0.83453454901098,0.949642762667667,-5.9886090542552,"CTBP1",0.725043482104154,0.0785556791953587,""
"PFDN6",0.0191492228529704,14.3899444190368,0.281967518584737,0.780421284687405,0.934747396052374,-5.97154269485988,"PFDN6",0.713671007208824,0.107670894459179,""
"HADH",0.0191422930748644,16.5535805121374,0.203253707031913,0.840675473051951,0.952854039925839,-5.99022268467243,"HADH",0.72749526264395,0.0753716230640796,""
"AGL",0.0190454103448978,17.7297326999543,0.252722440462611,0.802666478371929,0.940280396440769,-5.97918671598546,"AGL",0.717895401924176,0.0954648740134955,""
"PRMT1",0.0189709340648925,11.8414399596915,0.252998644355852,0.802455553162599,0.940280396440769,-5.9791184100902,"PRMT1",0.717895401924176,0.0955790131919928,""
"ALDH9A1",0.0189006946975745,15.4559728757191,0.221570231814008,0.826550572125693,0.946128854739537,-5.98641436881207,"ALDH9A1",0.72236064584176,0.0827305691666914,""
"NDUFS8",0.0186101906109286,17.7906966420131,0.230785824557636,0.819466118335564,0.943941516464698,-5.98437465795281,"NDUFS8",0.720690633262636,0.0864689980716318,""
"SORD",0.0183536153339539,11.7229226730529,0.150762483144302,0.881441681803513,0.968102168499574,-5.99932279599095,"SORD",0.739137068037819,0.054806416329793,""
"KCMF1",0.0182883149549227,10.0365286266197,0.0703903686276242,0.9448349208442,0.985577866422829,-5.76892708835621,"KCMF1",0.752479602064913,0.0246440636908246,""
"FN3K",0.018244164016318,14.7543057952441,0.227615597127804,0.821901482954486,0.944442692126452,-5.9850856667086,"FN3K",0.721073276253483,0.0851802359555334,""
"SCP2",0.0181019789727959,13.0484675442365,0.284032996462647,0.778857147328478,0.933563440145501,-5.97097142475244,"SCP2",0.71276706780432,0.108542190358383,""
"GDE1",0.0180137556744313,10.2704346085126,0.0875699611241739,0.931104807022967,0.984557873759915,-5.89407804724427,"GDE1",0.751700847083448,0.031001431209963,""
"PRPF40A",0.0178465089851301,10.8329410121714,0.184315409166992,0.856293335363793,0.958891044508136,-5.73302127429884,"PRPF40A",0.732104459908331,0.0673774361323603,""
"EDF1",0.0178423263581937,12.1643474288287,0.184149692253329,0.855465983223673,0.958891044508136,-5.99384608532092,"EDF1",0.732104459908331,0.0677972550790119,""
"VPS35L",0.0178175975940142,20.104770993595,0.10590490643363,0.916551021843986,0.981316295743898,-6.00496483038631,"VPS35L",0.749225932194777,0.0378433540639717,""
"MMRN2",0.0178141109864463,12.005284799864,0.0999256294151986,0.921469776011086,0.98303643224883,-5.89173163067849,"MMRN2",0.750539240535827,0.0355189049667422,""
"SEPHS1",0.0177262920155012,11.1253585669095,0.124024461381467,0.902344059863064,0.977227384333028,-6.00292289220352,"SEPHS1",0.746104086081798,0.0446278362838622,""
"HDGF",0.017377587858995,14.0875206002732,0.241059203121078,0.811586971673792,0.941777779407446,-5.98200333821444,"HDGF",0.719038639995251,0.0906649332695382,""
"MVP",0.0170957404647183,9.74416298548166,0.0892897842881414,0.929857082761365,0.984557873759915,-5.8577031751239,"MVP",0.751700847083448,0.0315837965404115,""
"UBAP2L",0.017072506464439,11.572131070123,0.186898402645309,0.853334436972286,0.958498892232955,-5.99334668429514,"UBAP2L",0.731805055266618,0.0688807277234409,""
"CACNG1",0.0170310647603831,14.1691681789847,0.10539075124399,0.916954591931221,0.981316295743898,-6.00501808128729,"CACNG1",0.749225932194777,0.0376521702863372,""
"HYPK",0.01701525488693,11.8499829431379,0.12978990582661,0.897830298390845,0.975793399925923,-6.00220576713726,"HYPK",0.745009252225654,0.0468057428841004,""
"CHCHD3",0.0170127937784734,15.2109982603864,0.247507370036009,0.806651861894265,0.940921914321785,-5.9804624899524,"CHCHD3",0.718385194903777,0.0933138594292671,""
"SUB1",0.0169020378365126,11.8219874324053,0.160275998398378,0.874084575906468,0.966331558755884,-5.9766635896325,"SUB1",0.73778522384495,0.058446543255304,""
"EHD2",0.0167735692634903,15.5056447188857,0.240291430614448,0.812175122691224,0.941777779407446,-5.98218410894025,"EHD2",0.719038639995251,0.0903503172879803,""
"CORO1C",0.016514899236423,10.5630204687579,0.115437036905673,0.909270319443296,0.978581531223026,-5.90773314171445,"CORO1C",0.747137964730697,0.0413069849958282,""
"ATP5F1C",0.0163156172261552,17.6649675618524,0.169553963264885,0.866802982254788,0.965693194432866,-5.99637430971773,"ATP5F1C",0.737297838577766,0.0620796031499009,""
"UQCRFS1",0.0162573101042263,17.2980836463375,0.230695637782821,0.819535374215462,0.943941516464698,-5.98439502002595,"UQCRFS1",0.720690633262636,0.0864322959128676,""
"MRPL46",0.0159366820114819,11.7042915630641,0.195564224556321,0.846621873848584,0.955820448218358,-5.99172395185303,"MRPL46",0.729760087989124,0.0723105150150716,""
"CISD1",0.0159267176050761,16.3648644241665,0.215674366087754,0.831090935661522,0.947695716380609,-5.98767591290237,"CISD1",0.723556930239303,0.0803514543201861,""
"RRAS",0.0157694931091914,12.628489764722,0.159233925928341,0.874836698726499,0.966331558755884,-5.99803630755332,"RRAS",0.73778522384495,0.0580730069328547,""
"ALDOA",0.0157693113841972,19.7814510187948,0.260790351501591,0.796511726643609,0.938287773344181,-5.97716094254034,"ALDOA",0.716374052586018,0.0988078259154285,""
"PGPEP1",0.0156248779426349,10.4474797421542,0.0703974923027802,0.944495193576033,0.985577866422829,-5.98681430344792,"PGPEP1",0.752479602064913,0.0248002478096094,""
"NDUFV2",0.015566685195477,16.7011795265406,0.201175507582473,0.842281639987542,0.953266769514777,-5.99063411313702,"NDUFV2",0.727810377874746,0.0745426659343702,""
"SGTA",0.0153706860856193,12.3775019034075,0.194061779342653,0.847784837474767,0.956177487637659,-5.99201054660741,"SGTA",0.730032684289538,0.0717143550005486,""
"TACC2",0.0151194858756156,12.8115459264557,0.222651259545406,0.825718744740913,0.945607704886782,-5.9861793854473,"TACC2",0.721962752740487,0.0831678563207154,""
"BNIP1",0.0149538281582799,11.289720281699,0.104979143567615,0.917405439362042,0.981323031448742,-5.94025563913269,"BNIP1",0.74923107484324,0.037438689233558,""
"SARS2",0.0148572065275747,12.8035527158856,0.187521927644929,0.852851069142047,0.958389141691371,-5.99323237241656,"SARS2",0.731721261741346,0.0691268017713876,""
"PSMD12",0.0147874202929223,12.7692369588147,0.215567815081483,0.831173045575191,0.947695716380609,-5.98769840006452,"PSMD12",0.723556930239303,0.0803085491223984,""
"RAB12",0.0147655211200401,16.5116126858315,0.251910111199394,0.803286908448897,0.940280396440769,-5.9793871770451,"RAB12",0.717895401924176,0.0951293108838923,""
"ARPC2",0.0146623288474128,12.5659275028531,0.20543231946242,0.838992458310902,0.951954981624708,-5.989786854239,"ARPC2",0.726808839931228,0.0762419430195479,""
"ILK",0.0145410660678902,12.4085294663111,0.191714435863562,0.849602497723326,0.956177487637659,-5.9924538981513,"ILK",0.730032684289538,0.0707842194901683,""
"PTBP1",0.0144978773687967,14.0121175678191,0.122900021626611,0.903270348794842,0.977861678503013,-5.98184429436102,"PTBP1",0.746588363824717,0.0441822459019066,""
"OSBPL11",0.0144709351327847,11.5517814342068,0.0366340211665219,0.971212487224099,0.990483363953499,-5.83207568212202,"OSBPL11",0.756224904141558,0.0126857423544264,""
"APOA2",0.0143954742197803,13.7242931464475,0.099054324389262,0.921930009145978,0.98303643224883,-6.00565308591745,"APOA2",0.750539240535827,0.0353020483557834,""
"TMUB1",0.0142132105691459,10.7825492032275,0.104121416589508,0.918184641682648,0.981790728592507,-5.84747340604061,"TMUB1",0.74958815729468,0.037069975878712,""
"P4HA1",0.0140582519058547,11.1221098011012,0.114294695890093,0.909969031810938,0.978581531223026,-6.0040593256089,"P4HA1",0.747137964730697,0.040973387395913,""
"ALDH1L1",0.0139385165908088,14.2444671771543,0.0827894441912722,0.934715740010384,0.985440549839472,-6.00710301394399,"ALDH1L1",0.75237476212124,0.0293204440096499,""
"EMD",0.0137131836587496,12.4394764661526,0.167550118479093,0.868361774420358,0.966304904791026,-5.9967051627099,"EMD",0.737764873788852,0.0612993025871422,""
"SUGT1",0.0135378816021312,11.6899710981768,0.160587257886561,0.873782384194926,0.966331558755884,-5.99782428908576,"SUGT1",0.73778522384495,0.0585967150900063,""
"CAVIN2",0.0133889802707294,12.0803237209373,0.159796499707761,0.874398396252052,0.966331558755884,-5.99794838988169,"CAVIN2",0.73778522384495,0.0582906476040112,""
"EVI5L",0.0132697920968035,13.0879243341611,0.0522452867461057,0.958772067356646,0.988075530585217,-6.00912528624501,"EVI5L",0.754386545594223,0.0182846270889291,""
"PEPD",0.0130186604894966,13.6020427749583,0.135409618516317,0.893434013302456,0.974270389365965,-6.0014754624947,"PEPD",0.743846447723705,0.0489375178274876,""
"PDIA4",0.0128684318135033,13.8875722335799,0.135076076384345,0.893694846528323,0.974270389365965,-6.00151967026442,"PDIA4",0.743846447723705,0.0488107464076516,""
"ACAD8",0.0128630988571121,12.8188117604548,0.163647046791563,0.871399535124159,0.966331558755884,-5.99733833111059,"ACAD8",0.73778522384495,0.059782676088429,""
"TXNL1",0.0126866492740021,14.792433762556,0.159678568198208,0.874490273558012,0.966331558755884,-5.99796684556117,"TXNL1",0.73778522384495,0.0582450165610338,""
"GPT",0.01244225726502,14.3547311740854,0.146435070922142,0.884819084621047,0.969586103796575,-5.99995288709229,"GPT",0.740270038937247,0.0531455186611853,""
"SFPQ",0.0124159735509473,12.2377892970499,0.147373659702117,0.884086355419751,0.969241216563769,-5.99981777951121,"SFPQ",0.740006720719032,0.0535053120790239,""
"DCTPP1",0.0123500484442083,13.5506055510104,0.120778194859591,0.904887048889795,0.978289112271185,-6.00331235694891,"DCTPP1",0.746914705560607,0.043405627540992,""
"BZW2",0.0120681562378291,14.2929291149105,0.153962171343322,0.878945901829073,0.966775318907978,-5.99884513130561,"BZW2",0.738124030624237,0.0560378544599386,""
"LZIC",0.0119818058707111,11.5102582286046,0.0802788428582615,0.936720638835471,0.985440549839472,-5.98608501364418,"LZIC",0.75237476212124,0.0283899108219187,""
"ALB",0.0119489462083244,20.0712918508939,0.117818572834693,0.907206398590822,0.978289112271185,-6.00365844232156,"ALB",0.746914705560607,0.0422938953307031,""
"EEF2K",0.0116319195691279,11.5108738101108,0.0997276045273904,0.921438071395359,0.98303643224883,-5.98437039305988,"EEF2K",0.750539240535827,0.0355338478079503,""
"TMX4",0.0114606436480305,13.9018660852149,0.11437082824583,0.909909333528928,0.978581531223026,-6.0040507931346,"TMX4",0.747137964730697,0.0410018801072491,""
"SF3B6",0.0114029415988366,10.8326431140339,0.117640858543235,0.907345693935942,0.978289112271185,-6.00367895055027,"SF3B6",0.746914705560607,0.0422272174986274,""
"RAB24",0.0112657574224411,11.1741434335701,0.0978104059212254,0.92307373705583,0.983356103557435,-5.91197034424418,"RAB24",0.750783306628712,0.034763605239127,""
"SLC44A2",0.0112057454953174,16.1677516864143,0.0785219591585315,0.938073501466833,0.985440549839472,-6.00744051075286,"SLC44A2",0.75237476212124,0.0277631317372998,""
"ESD",0.0111682063890761,16.3687039636815,0.125413161772921,0.901256534244946,0.977227384333028,-6.00275313536404,"ESD",0.746104086081798,0.0451515735610179,""
"RPL5",0.0106434201986314,12.957365075726,0.147270668660271,0.884166752413971,0.969241216563769,-5.99983264690403,"RPL5",0.740006720719032,0.0534658200280039,""
"AASDHPPT",0.0102970948207552,12.5026757815791,0.108191513177254,0.914756499991211,0.980681819071981,-6.00472487128042,"AASDHPPT",0.748741515113317,0.0386944958612666,""
"PSMB5",0.0100553764887632,13.8401480454454,0.117119755277906,0.90775416060273,0.978289112271185,-6.00373890761086,"PSMB5",0.746914705560607,0.0420317518640747,""
"RRAGA",0.00990273889953386,11.6996699924072,0.0736710171691843,0.941891761680792,0.985577866422829,-6.00780247623344,"RRAGA",0.752479602064913,0.0259990016716682,""
"CYB5A",0.00988235588845754,13.6175643954806,0.0951504073491714,0.924997032000495,0.983871053839743,-6.00602473764824,"CYB5A",0.751176466415183,0.0338596607613729,""
"ISCA2",0.00987329206860821,13.3103419382584,0.131883085557927,0.896192411854504,0.975188099479508,-6.0019373614047,"ISCA2",0.744547110923008,0.0475987376196598,""
"ITGAV",0.00979611222893872,10.8868515008646,0.0738140592421105,0.941779149987912,0.985577866422829,-6.00779213278608,"ITGAV",0.752479602064913,0.0260509286155637,""
"NRAP",0.00976849140476865,15.0652795891893,0.0593045964667318,0.953207805080335,0.988075530585217,-6.00873915957552,"NRAP",0.754386545594223,0.0208124102099266,""
"COL6A6",0.00972912831744566,10.4809487233192,0.0520707486328609,0.959175753567695,0.988075530585217,-5.69668898029463,"COL6A6",0.754386545594223,0.0181018080418669,""
"PSMD3",0.00970502726900158,12.6579207320414,0.162435641962098,0.87234278460872,0.966331558755884,-5.99753182155875,"PSMD3",0.73778522384495,0.0593128267517206,""
"ALYREF",0.00963029992342079,10.9580067784855,0.0656821770215779,0.948182971626926,0.987031657556528,-6.00834831593795,"ALYREF",0.753589558173954,0.0231078484210566,""
"COA6",0.00961713879020287,11.6477584192855,0.109189151021114,0.913973701241883,0.980574923866011,-6.00461857371663,"COA6",0.748659901610426,0.0390663005132689,""
"NDUFA6",0.00957070403007521,14.8036736849969,0.120136104292946,0.905390159628707,0.978289112271185,-6.00338816859833,"NDUFA6",0.746914705560607,0.0431642300110521,""
"RPS16",0.00941546565570484,12.9379653602867,0.105283449896102,0.917038817656241,0.981316295743898,-6.00502916180299,"RPS16",0.749225932194777,0.0376122805381573,""
"FKBP9",0.00940599865624847,10.7256262895572,0.0441827264258827,0.965228417781256,0.988675712424835,-5.87894430322398,"FKBP9",0.754844778887834,0.0153699002900786,""
"TPM1",0.00940599690497734,20.6893104450222,0.0955205418466162,0.924706192624768,0.983871053839743,-6.00599014159565,"TPM1",0.751176466415183,0.0339962339536104,""
"EIF3B",0.00937116324322318,12.1711348885704,0.121550070381552,0.904282298823052,0.978219472464575,-6.00322068739894,"EIF3B",0.746861536211182,0.0436959703185004,""
"HSP90AA1",0.00935115904325201,15.4397594959181,0.127007958482472,0.900007852985656,0.977227384333028,-6.00255585652376,"HSP90AA1",0.746104086081798,0.0457537011234999,""
"TMEM109",0.00932610454164617,13.1158294843222,0.0856640249752856,0.932454642390983,0.984557873759915,-6.00686561669986,"TMEM109",0.751700847083448,0.0303722844934319,""
"TBC1D17",0.00925716442391078,11.9702742850232,0.108474306015851,0.914534596988119,0.980681819071981,-6.00469483889649,"TBC1D17",0.748741515113317,0.0387998604480096,""
"DBI",0.00918610285268429,17.8888527452593,0.079320321133421,0.937445239693395,0.985440549839472,-6.00737872885403,"DBI",0.75237476212124,0.0280540919133964,""
"LYRM7",0.00916530373940994,14.2612649168636,0.0786867164381147,0.937943844246169,0.985440549839472,-6.00742781202674,"LYRM7",0.75237476212124,0.0278231625421232,""
"RPS26",0.00896123973796037,11.7177479826547,0.0596902150507016,0.95292593046281,0.988075530585217,-5.98749661608957,"RPS26",0.754386545594223,0.0209408551239313,""
"NID1",0.00893955933632284,14.6837615415098,0.128441439615404,0.898885702013047,0.976428622958554,-6.0023764084172,"NID1",0.745494239146628,0.0462955275557811,""
"PDHX",0.00877705477134683,14.380489160795,0.0854595638869109,0.932615449160903,0.984557873759915,-6.00688276959279,"PDHX",0.751700847083448,0.0302973945541011,""
"SCRIB",0.00877080711325107,9.99825915427586,0.0487457438197512,0.961738646627391,0.988243254999012,-5.79905331252306,"SCRIB",0.754514601635707,0.0169429318588682,""
"RPL8",0.00875403695036603,11.352923717711,0.069812876065651,0.944929591074566,0.985577866422829,-6.00807389525589,"RPL8",0.752479602064913,0.0246005505880827,""
"S100A4",0.00862052678139413,12.9310071444888,0.0714663576242794,0.943627562931713,0.985577866422829,-6.00795935983404,"S100A4",0.752479602064913,0.0251993820569793,""
"HADHA",0.00846125232941475,17.6411516227077,0.133582776415777,0.894862771423911,0.974270389365965,-6.00171625807683,"HADHA",0.743846447723705,0.048243559301757,""
"DNAJC21",0.00819714156938112,13.2765058106773,0.0882653950198576,0.930516192606624,0.984557873759915,-5.93854311311873,"DNAJC21",0.751700847083448,0.0312760649851043,""
"IGHG2",0.00812952942993306,16.7378189986509,0.0473089451188401,0.962664259850371,0.988486799009448,-6.00936626336556,"IGHG2",0.754700545239253,0.016525151627126,""
"MRI1",0.00812811249830148,11.6565729386396,0.0535892206239567,0.957864393031195,0.988075530585217,-5.83734685124728,"MRI1",0.754386545594223,0.0186959705946228,""
"SDCBP",0.0081186189796032,10.3252550391506,0.0602851986531084,0.952481561787079,0.988075530585217,-5.9624087878294,"SDCBP",0.754386545594223,0.0211434226776798,""
"FERMT2",0.00807823280523046,13.7821400881504,0.0984161915850046,0.922431260354701,0.98303643224883,-6.00571485667957,"FERMT2",0.750539240535827,0.0350659876197928,""
"IAH1",0.0078637218795361,12.9270500710831,0.0512148945287839,0.959584424956563,0.988075530585217,-6.00917755990876,"IAH1",0.754386545594223,0.0179168096936968,""
"TRIAP1",0.00777230676974128,11.7253275658299,0.060374802046844,0.952364456468007,0.988075530585217,-6.00867635718861,"TRIAP1",0.754386545594223,0.0211968214232491,""
"GALT",0.0077611730856475,12.6136030377824,0.0687203235883661,0.945790003786846,0.985744930370349,-6.00814810519021,"GALT",0.752607153846494,0.024205280427544,""
"RPL27A",0.00773954803317523,13.5124607813609,0.0512699444903547,0.959541022622799,0.988075530585217,-6.00917479344643,"RPL27A",0.754386545594223,0.0179364534268173,""
"RPS7",0.00763439762766538,11.4210655979857,0.0510083072013859,0.959766101941384,0.988075530585217,-5.9879674297538,"RPS7",0.754386545594223,0.0178345930155794,""
"BCO2",0.00754439758976133,11.2602199044134,0.062364040200569,0.950797038963334,0.988075530585217,-6.00855664049189,"BCO2",0.754386545594223,0.0219121794511007,""
"MYOM1",0.00746796781482217,19.235528602992,0.119030166986406,0.906256812631236,0.978289112271185,-6.00351780041079,"MYOM1",0.746914705560607,0.0427487156738795,""
"IDH1",0.00740462359537375,15.2990947066241,0.0886076904688696,0.930139805203381,0.984557873759915,-6.006614123142,"IDH1",0.751700847083448,0.0314517696556165,""
"EFHD1",0.00737082824285729,11.2909612631164,0.0354611877698176,0.972036942704216,0.990483363953499,-5.96869543445267,"EFHD1",0.756224904141558,0.0123172292016022,""
"RPL10A",0.00733776237279393,12.9285379222948,0.0696346247339033,0.945069963866962,0.985577866422829,-6.00808608257449,"RPL10A",0.752479602064913,0.0245360393249981,""
"PFDN2",0.00724381365092874,12.8181678515645,0.0985828852119114,0.922300319888336,0.98303643224883,-6.00569875935427,"PFDN2",0.750539240535827,0.0351276407325869,""
"TIMM10",0.00714317165005696,11.9029471126404,0.0751279958164428,0.940744794959172,0.985577866422829,-6.00769618320743,"TIMM10",0.752479602064913,0.0265281759065976,""
"RPA2",0.00703849652190947,10.4617269584134,0.0411459987611632,0.967641413226696,0.990056485165304,-5.87064368251543,"RPA2",0.755898986127757,0.014285552928024,""
"DLD",0.00701458455382564,16.8422119326649,0.092373427459362,0.92717942798017,0.984557873759915,-6.00628001801425,"DLD",0.751700847083448,0.0328362129523649,""
"HMGCL",0.00650914471721009,11.6612963102204,0.0591033622254006,0.953366388927995,0.988075530585217,-6.00875084309785,"HMGCL",0.754386545594223,0.0207401632548035,""
"VWF",0.0064832595040567,13.4879156525527,0.0605710913742669,0.952209781729517,0.988075530585217,-6.00866471657486,"VWF",0.754386545594223,0.0212673614780458,""
"PPP2R3A",0.00639735395288454,11.3590658079522,0.0435684346798233,0.965614203047679,0.988675712424835,-6.00953295186151,"PPP2R3A",0.754844778887834,0.0151963549033865,""
"MT-ND5",0.00613553408464185,10.8764934897354,0.0225001494478904,0.982265009465184,0.992986916258642,-5.94210294313039,"MT-ND5",0.758136343213501,0.00777132624422726,""
"FHL1",0.00612009728263274,19.286198489071,0.0802590152992987,0.936706598173548,0.985440549839472,-6.00730528826456,"FHL1",0.75237476212124,0.0283964205831467,""
"ABLIM2",0.0060851709936891,13.7652303344803,0.0954493629425006,0.924762121809143,0.983871053839743,-6.00599680503011,"ABLIM2",0.751176466415183,0.0339699672303915,""
"PCMT1",0.00598760270466592,15.2858331278292,0.0812728074673414,0.935908928536651,0.985440549839472,-6.00722500235017,"PCMT1",0.75237476212124,0.0287664095506605,""
"ENPP4",0.00584307332765199,10.4937406790691,0.038332299417421,0.969758617988791,0.990483363953499,-5.98852224037002,"ENPP4",0.756224904141558,0.0133363522503637,""
"SMYD1",0.00557835746895918,16.1237965428781,0.0745485201172846,0.941200955879097,0.985577866422829,-6.00773870770222,"SMYD1",0.752479602064913,0.026317640428436,""
"UBE2H",0.00547318233243921,10.9095224577698,0.051320830475673,0.95951981768552,0.988075530585217,-5.98795176284922,"UBE2H",0.754386545594223,0.0179460510248262,""
"DAZAP1",0.00543535891700131,11.6460150921809,0.0505929005057918,0.960074824539006,0.988075530585217,-6.00920861094015,"DAZAP1",0.754386545594223,0.017694918399946,""
"ADAL",0.00538068816352499,11.4810093349067,0.0491742943850918,0.961231263296591,0.988075530585217,-5.96300373007262,"ADAL",0.754386545594223,0.0171721125493749,""
"LNPEP",0.00533678148281247,9.79722273033731,0.0335435371479662,0.973535016508077,0.990483363953499,-5.98869087027158,"LNPEP",0.756224904141558,0.0116484229803793,""
"LNPK",0.00530929868943986,12.2482819467391,0.050025111116274,0.960522501536408,0.988075530585217,-6.00923662480065,"LNPK",0.754386545594223,0.0174924567485332,""
"USP14",0.0052842269657063,13.8702468572006,0.0844868901990603,0.933380488065746,0.9848347597342,-6.00696380933499,"USP14",0.751912246968577,0.0299412821030473,""
"SBDS",0.00488386736654078,12.5957655288355,0.0458071062605396,0.963848617954066,0.988675712424835,-6.00943483822133,"SBDS",0.754844778887834,0.0159911710243934,""
"LRRC14B",0.00487350925376795,10.2043739098041,0.03097984368103,0.97555700085717,0.991091348004578,-5.98877191351142,"LRRC14B",0.75668909435159,0.0107473501192748,""
"STIP1",0.00468155048307395,15.5736202043417,0.0614158910690191,0.951544106907549,0.988075530585217,-6.00861418601977,"STIP1",0.754386545594223,0.0215710760657671,""
"NRDC",0.00442959473940441,11.9815921900262,0.0576318281284611,0.954526099490181,0.988075530585217,-6.0088350727574,"NRDC",0.754386545594223,0.0202121922471599,""
"DNAJC7",0.0043943128611037,10.6604901800353,0.0396874794576155,0.968690055964126,0.990423486706911,-5.98847044087463,"DNAJC7",0.756179188416581,0.0138151584670307,""
"PAK2",0.00430484262886743,12.2803002734243,0.0508125983081473,0.9599016060585,0.988075530585217,-6.00919768657005,"PAK2",0.754386545594223,0.0177732816852996,""
"TIMM9",0.00415046206251901,12.5991369193218,0.0522266593012837,0.958786752766823,0.988075530585217,-6.00912624048824,"TIMM9",0.754386545594223,0.0182779750973054,""
"HUWE1",0.00404586494976122,11.133259198259,0.0575348699777396,0.954602515476888,0.988075530585217,-6.00884054803241,"HUWE1",0.754386545594223,0.0201774255571493,""
"MCCC2",0.00392822528670678,13.5347082220328,0.0480329547722156,0.962093333148128,0.988254010543211,-6.00933241457603,"MCCC2",0.754522813394407,0.0167827947968731,""
"MRRF",0.00390466143032242,11.6974097014097,0.0321897013067931,0.974682016767203,0.990903707556176,-5.87096364947342,"MRRF",0.75654583260155,0.0111370467503941,""
"DARS1",0.00343042299014584,12.4051157546882,0.0494170006652952,0.961001984613244,0.988075530585217,-6.0092662774777,"DARS1",0.754386545594223,0.0172757154472813,""
"IGHG3",0.00314832020657718,11.7799338768888,0.0246123356279089,0.980570686675287,0.99197267140407,-6.0101667423315,"IGHG3",0.757361976630641,0.00852109375907616,""
"PEBP1",0.00304079418783232,17.8216415861184,0.0431458125443655,0.965947535127712,0.988675712424835,-6.00955092257497,"PEBP1",0.754844778887834,0.0150464613933055,""
"PCBD1",0.00299948473625733,14.8239107856507,0.0375492620496169,0.970362240493511,0.990483363953499,-6.00977238233381,"PCBD1",0.756224904141558,0.0130661114246284,""
"RPL27",0.00250531676562638,13.0608988533037,0.0257166155359856,0.97969914903576,0.991789935430771,-6.01013948747445,"RPL27",0.757222459402063,0.00890726917805359,""
"SSB",0.00249130545386222,11.8705928412301,0.040025948953952,0.968408437290363,0.990423486706911,-6.00967816648502,"SSB",0.756179188416581,0.0139414354088628,""
"PGK1",0.00248077149328196,19.0104404477143,0.0331005709993294,0.97387218118137,0.990483363953499,-6.00992650914812,"PGK1",0.756224904141558,0.0114980396822784,""
"HERC4",0.00232816032271899,12.0542063310965,0.0158057766048017,0.987527751372487,0.993758210371683,-5.9891197353789,"HERC4",0.758725219148147,0.00545069104470295,""
"GMPPB",0.00232255325433428,12.2870432633859,0.0182043189593612,0.985628577503313,0.993758210371683,-6.01030129317675,"GMPPB",0.758725219148147,0.00628671297990401,""
"STUB1",0.00229889860059274,12.6651610522531,0.0268487858892652,0.978805626039095,0.991789935430771,-6.01011030262196,"STUB1",0.757222459402063,0.00930354304857719,""
"OGDH",0.00204570287705153,18.453069935773,0.0292453797910153,0.97691429901939,0.991751027034584,-6.01004437673281,"OGDH",0.75719275320078,0.010143533615399,""
"CAMK2G",0.00188151881572907,15.7742841287383,0.0206717934376505,0.983680898594917,0.993072021801067,-6.01025425101187,"CAMK2G",0.75820132050944,0.00714576178711054,""
"PSMC1",0.00187656668442138,12.3743075232049,0.0274794504825233,0.978307909857691,0.991789935430771,-6.01009350031619,"PSMC1",0.757222459402063,0.00952443508353876,""
"CHORDC1",0.0018285913437186,11.1813110938285,0.0179648559674391,0.985817600526185,0.993758210371683,-6.0103055406419,"CHORDC1",0.758725219148147,0.00620343233349061,""
"DCAF6",0.00168867245734994,12.0164869635476,0.0205280333089575,0.983794371645603,0.993072021801067,-6.01025715560141,"DCAF6",0.75820132050944,0.0070956663977986,""
"AHSG",0.00149913881822172,13.9845477687699,0.0117442017650715,0.990728213551633,0.995583024538585,-6.0103961722399,"AHSG",0.760118447917718,0.00404546917125326,""
"RFTN1",0.00131571791598262,10.4603923017499,0.00900820951655705,0.992891464335392,0.997058899652644,-5.98920237750291,"RFTN1",0.761245264941883,0.00309822282026972,""
"FXN",0.00126670309037458,12.7328962155446,0.0161544092012958,0.987246725310866,0.993758210371683,-6.01033583340802,"FXN",0.758725219148147,0.00557429814019453,""
"SNRPE",0.000693471739250384,12.3542854340909,0.00797283753235266,0.993705540543011,0.997322499100948,-6.01043263901844,"SNRPE",0.761446520687087,0.00274228870405065,""
"CD59",0.000615349821922351,15.9562869250306,0.00681409855255985,0.994620335035885,0.997481293085993,-6.0104410417777,"CD59",0.761567758428668,0.00234266585224106,""
"FTH1",0.000524555785231584,14.8404690262058,0.00337581147084241,0.997334813242692,0.999074755345348,-6.01045822367431,"FTH1",0.76278435215269,0.00115902109275539,""
"SEPTIN9",0.00011776493688842,10.4432058990587,0.000459690443839016,0.999637429847686,0.999827296665079,-5.96931098386127,"SEPTIN9",0.763358910502771,0.000157490768904269,""
"ACOT13",-3.00617968882477e-05,13.0913471502789,-0.000242780177407174,0.99980832585182,0.999827296665079,-6.01046378352818,"ACOT13",0.763358910502771,8.32510036654456e-05,""
"RPS5",-4.37738542053978e-05,10.0855962320903,-0.000218853212800544,0.999827296665079,0.999827296665079,-5.98924211262197,"RPS5",0.763358910502771,7.50105828379526e-05,""
"SERPINB6",-4.7129479192165e-05,15.015896142351,-0.000545447889436545,0.999569370710707,0.999827296665079,-6.01046366653052,"SERPINB6",0.763358910502771,0.000187060203778642,""
"LTN1",-0.000156710529166659,10.0659036402406,-0.00103245578751749,0.999187184132075,0.999827296665079,-5.87989338255223,"LTN1",0.763358910502771,0.000353144986618327,""
"RCN1",-0.000708222355614296,12.0007156360407,-0.00671087736484926,0.994701825881295,0.997481293085993,-6.01044172641987,"RCN1",0.761567758428668,0.00230708486369886,""
"TPM3",-0.000726183038629813,21.4082633958001,-0.0106776687663745,0.991570182647937,0.996080473891611,-6.01040789967037,"TPM3",0.760498245906254,0.00367654130938516,""
"SMAP",-0.00074807856640291,8.41028276742718,-0.00373183566893343,0.997058252250469,0.999074755345348,-5.94234358535679,"SMAP",0.76278435215269,0.00127946767440505,""
"BUB3",-0.000872493699763055,11.1866123668222,-0.00779908476372008,0.993848718191505,0.997322499100948,-5.96415697701979,"BUB3",0.761446520687087,0.0026797180723236,""
"ACTC1",-0.00121335383098931,14.0475798808848,-0.00424989064515051,0.99664988002768,0.999074755345348,-5.94234156422987,"ACTC1",0.76278435215269,0.00145738118393897,""
"IMMT",-0.00142318337238834,16.372418630402,-0.0208969460898102,0.983503181331629,0.993072021801067,-6.01024966120195,"IMMT",0.75820132050944,0.00722423093271079,""
"ASAH1",-0.00176158898513279,11.4947927838801,-0.0129802879888149,0.989752405335254,0.99495068477504,-6.01038118463267,"ASAH1",0.759635662346073,0.00447343413493059,""
"CCDC51",-0.00184526494634341,12.0317866762484,-0.0218083729262041,0.982791812792731,0.993072021801067,-5.98900911432212,"CCDC51",0.75820132050944,0.00753847009361467,""
"RPL38",-0.00188394946623305,11.9575154074342,-0.0145225473153263,0.98853491679178,0.994423176632516,-6.01036038333814,"RPL38",0.759232914749261,0.00500798603449704,""
"JPH1",-0.0019447338655425,12.2662133225293,-0.0170030262871145,0.986576840897916,0.993758210371683,-6.01032203444232,"JPH1",0.758725219148147,0.00586908346975243,""
"GUSB",-0.00209255828881183,11.6598211663129,-0.0201678369993444,0.984078684090573,0.993072021801067,-6.01026434414194,"GUSB",0.75820132050944,0.00697017524735455,""
"PSAP",-0.00214647338014196,14.9869482958657,-0.0257726744050631,0.979654906027585,0.991789935430771,-6.01013807198211,"PSAP",0.757222459402063,0.00892688226867101,""
"THEM6",-0.00215073712689318,12.5911258493805,-0.0276765138822817,0.978152390604824,0.991789935430771,-6.01008817012434,"THEM6",0.757222459402063,0.00959347931967896,""
"PLBD2",-0.00216303166545906,10.054814347416,-0.0139210615462342,0.989049122114904,0.994591954322904,-5.79542088466828,"PLBD2",0.7593617749577,0.00478213819689577,""
"RARS1",-0.00229275871151735,13.2121349593121,-0.0336680960331606,0.973424382203708,0.990483363953499,-6.0099079270293,"RARS1",0.756224904141558,0.011697779806187,""
"ATP5MJ",-0.00266365261395762,13.5285512450631,-0.0172164914222875,0.986408336586411,0.993758210371683,-6.01031845220526,"ATP5MJ",0.758725219148147,0.00594326597621702,""
"OBSCN",-0.0028736380771619,15.6622389802497,-0.0288292946504088,0.977242652553409,0.991751027034584,-6.01005622655329,"OBSCN",0.75719275320078,0.0099975861477041,""
"PUS1",-0.00296748199933816,11.8839458389065,-0.0236318533711507,0.981362739118453,0.992424242342049,-5.96391350772648,"PUS1",0.757706746872842,0.00817043555670303,""
"HSPA1A",-0.00308468850658628,18.230138718532,-0.0312217861173058,0.975354676106933,0.991091348004578,-6.00998577138699,"HSPA1A",0.75668909435159,0.0108374295666767,""
"PDLIM5",-0.00310776164299398,18.2334455878054,-0.026556038342618,0.979036663397169,0.991789935430771,-6.01011796950903,"PDLIM5",0.757222459402063,0.00920104424085191,""
"TPT1",-0.00315687338256154,15.7189734711159,-0.0501124902153627,0.96045360608776,0.988075530585217,-6.00923233422883,"TPT1",0.754386545594223,0.0175236085292038,""
"GPHN",-0.00332369797034815,12.066581070318,-0.0336593130648291,0.973431312234401,0.990483363953499,-6.00990821701085,"GPHN",0.756224904141558,0.0116946879754998,""
"AGT",-0.0034214252469642,10.3827917794836,-0.0165035978249954,0.986983788515706,0.993758210371683,-5.96405347907213,"AGT",0.758725219148147,0.005689980679901,""
"RAB2A",-0.00346674080271647,12.5373128211947,-0.0440331615563808,0.965247669348519,0.988675712424835,-6.00951298859159,"RAB2A",0.754844778887834,0.0153612383341121,""
"OCIAD1",-0.00349432020406937,14.3830291756368,-0.0432224630132851,0.965887078616783,0.988675712424835,-6.00954767625011,"OCIAD1",0.754844778887834,0.0150736437710447,""
"AZGP1",-0.00350818530663233,15.0478375765196,-0.0191951319272667,0.984846476499663,0.993497622638978,-6.01028312090253,"AZGP1",0.758526262819998,0.00663146453341665,""
"GPX1",-0.00383948999578898,15.2864562052295,-0.0585680533473079,0.953788251842638,0.988075530585217,-6.00878172949748,"GPX1",0.754386545594223,0.0205480312325537,""
"RPS14",-0.00390714564678696,12.0014834318503,-0.0338878006793228,0.973251029213284,0.990483363953499,-6.00990064856938,"RPS14",0.756224904141558,0.0117751283429998,""
"DIAPH1",-0.00414875781509494,11.1088954719185,-0.0330677414270159,0.973923558495551,0.990483363953499,-5.96877573441152,"DIAPH1",0.756224904141558,0.0114751287747386,""
"ARL8A",-0.00446627357232288,9.99545213024064,-0.0350152728183275,0.972374340113561,0.990483363953499,-5.98864143647583,"ARL8A",0.756224904141558,0.0121665102298987,""
"LDHB",-0.00448879619902698,18.3352364360612,-0.0493335701263975,0.961067769120519,0.988075530585217,-6.00927031743182,"LDHB",0.754386545594223,0.0172459872353266,""
"CASQ1",-0.0046941449138842,17.7476190264449,-0.0707121135440066,0.944221470072778,0.985577866422829,-6.008011938148,"CASQ1",0.752479602064913,0.0249261286366824,""
"SNAP23",-0.005040970269933,10.7486200723242,-0.0564802520525003,0.955433723948302,0.988075530585217,-6.00889950750382,"SNAP23",0.754386545594223,0.0197994334879062,""
"AARS1",-0.00515091748454033,12.4644842228382,-0.0897123388182381,0.929271293966941,0.984557873759915,-6.00651755613414,"AARS1",0.751700847083448,0.0318574783932439,""
"ECHDC3",-0.00528244865207661,14.0572092663302,-0.024847526404004,0.980385063502483,0.99197267140407,-6.01016103779358,"ECHDC3",0.757361976630641,0.00860331399264943,""
"GPD1",-0.005449791480725,16.7948331087804,-0.0668642702123086,0.94725184652901,0.986777957686788,-6.00827149252965,"GPD1",0.753395860665589,0.0235345394585347,""
"PDF",-0.00545201978358811,11.3033230321383,-0.0503824758531297,0.960301793285252,0.988075530585217,-5.944402176478,"PDF",0.754386545594223,0.0175922601259353,""
"SHOC2",-0.00562626585344717,10.6476328371436,-0.0269317815640146,0.978785802352963,0.991789935430771,-5.89745602725749,"SHOC2",0.757222459402063,0.00931233887529903,""
"PSMC4",-0.00576240696212338,13.6252180321684,-0.0863697953481842,0.931899583061206,0.984557873759915,-6.00680609263719,"PSMC4",0.751700847083448,0.0306308825730055,""
"CMYA5",-0.00577735105300903,13.314818559272,-0.0720787670441093,0.943145363812254,0.985577866422829,-6.00791625863849,"CMYA5",0.752479602064913,0.0254213657608485,""
"MYO1C",-0.00584224043451087,12.8595478562512,-0.0865237261130387,0.931778527527612,0.984557873759915,-6.00679304541625,"MYO1C",0.751700847083448,0.0306873019192635,""
"USO1",-0.00595635930593197,12.8392373690519,-0.101253773259126,0.920202603596414,0.98303643224883,-6.00543712433667,"USO1",0.750539240535827,0.036116542288397,""
"OXCT1",-0.00604984976922474,11.4662190573761,-0.0362669335729605,0.971387273650931,0.990483363953499,-5.98859772487551,"OXCT1",0.756224904141558,0.012607590609102,""
"SZRD1",-0.0061588278080027,10.4174544592381,-0.0388145466465704,0.969393967476049,0.990483363953499,-5.9634496649767,"SZRD1",0.756224904141558,0.013499687212822,""
"MYH11",-0.00641208815706662,10.8122224213044,-0.0454380308008391,0.964216799805474,0.988675712424835,-5.91614323629816,"MYH11",0.754844778887834,0.0158253059589509,""
"HLA-DRB5",-0.00671787097645726,9.93450542634918,-0.0362103563471352,0.971499426092391,0.990483363953499,-5.89596139557152,"HLA-DRB5",0.756224904141558,0.0125574516210502,""
"SFXN1",-0.00677657912871155,11.9277956528744,-0.0456167265407152,0.964015566052131,0.988675712424835,-5.98822264869968,"SFXN1",0.754844778887834,0.015915953445752,""
"YARS2",-0.00689150083358037,10.4550129769545,-0.0494247601001104,0.96110631404591,0.988075530585217,-5.88109290972626,"YARS2",0.754386545594223,0.017228569615818,""
"ACP1",-0.00706407606637605,15.582576433591,-0.0704708236229106,0.944411473653776,0.985577866422829,-6.00802864073232,"ACP1",0.752479602064913,0.0248387453181588,""
"ACTA1",-0.00715367450686344,20.9118960748854,-0.124658663424443,0.901847376223721,0.977227384333028,-6.00284560055869,"ACTA1",0.746104086081798,0.0448669538907337,""
"NDUFB6",-0.0071540261357157,13.4376381928038,-0.0685592584516675,0.945916852375587,0.985744930370349,-6.00815894633279,"NDUFB6",0.752607153846494,0.0241470371093145,""
"ABHD10",-0.00723558700477867,12.306088815813,-0.107693703673329,0.915147140294668,0.980734393350501,-6.0047775480004,"ABHD10",0.748781655089596,0.0385090730586198,""
"TMOD4",-0.00728922303087032,16.7687753100419,-0.100257812049728,0.920984763565287,0.98303643224883,-6.00553550375102,"TMOD4",0.750539240535827,0.0357475545526136,""
"CARM1",-0.00731722315452643,12.2510468934725,-0.0897234154519131,0.929262585601778,0.984557873759915,-6.00651658177415,"CARM1",0.751700847083448,0.0318615482624871,""
"KARS1",-0.00736983327906238,13.3798517867302,-0.109422831357448,0.913790356257496,0.980574923866011,-6.00459353436887,"KARS1",0.748659901610426,0.0391534296095484,""
"RALY",-0.00739040056570417,10.3267119904157,-0.0703259159314289,0.944525582733742,0.985577866422829,-6.0080386441141,"RALY",0.752479602064913,0.0247862745980181,""
"RAB6A",-0.00778364091465278,10.7891488812058,-0.0709453593825669,0.944063981703727,0.985577866422829,-5.98677637175703,"RAB6A",0.752479602064913,0.0249985714230598,""
"PPIE",-0.00838519503343349,11.0722965941882,-0.0651924802494025,0.948619021800154,0.987127659147605,-5.96723046897465,"PPIE",0.753662854502445,0.0229081710819796,""
"TMED7",-0.00844926806658997,12.4038022342096,-0.0772128825487127,0.939103752876544,0.985577866422829,-6.00754046289761,"TMED7",0.752479602064913,0.0272864239079247,""
"COPE",-0.00858804652180645,12.064790726601,-0.0718636251299538,0.943314759801883,0.985577866422829,-6.00793144214914,"COPE",0.752479602064913,0.0253433702147678,""
"RPL18",-0.00865150840080986,11.1005303122048,-0.0621266360646858,0.950984090708259,0.988075530585217,-6.00857113184512,"RPL18",0.754386545594223,0.0218267484415637,""
"AHCYL1",-0.00887833149750428,11.0292255904849,-0.0616017536132993,0.951659903114027,0.988075530585217,-5.80715420667302,"AHCYL1",0.754386545594223,0.0215182287059508,""
"CKM",-0.00896243391994744,20.6778828395069,-0.131165897640165,0.896753549628168,0.975219485220632,-6.0020298083297,"CKM",0.7445710736466,0.0473268955765847,""
"OPLAH",-0.00909105753579809,13.169905843451,-0.154987187011921,0.87814665161759,0.966331558755884,-5.99868999511081,"OPLAH",0.73778522384495,0.0564329503013795,""
"VPS37C",-0.00913766310712028,10.9943391902691,-0.0821386478067562,0.935258057361769,0.985440549839472,-5.98593706167195,"VPS37C",0.75237476212124,0.0290685416139255,""
"GPT2",-0.00916056940249099,12.1119673689972,-0.0896535552630269,0.9293175093019,0.984557873759915,-6.00652272503858,"GPT2",0.751700847083448,0.0318358802162607,""
"CSDE1",-0.00923855511087446,12.9906360100864,-0.0945896120030422,0.925437706649485,0.983871053839743,-6.00607689884143,"CSDE1",0.751176466415183,0.0336528092923731,""
"PRXL2A",-0.00926524702933129,13.7776404366934,-0.0658959533714843,0.948014576131953,0.987031657556528,-6.00833452421952,"PRXL2A",0.753589558173954,0.0231849851461018,""
"TNNI1",-0.00929167128693109,20.013598344724,-0.105259853825282,0.917057339422111,0.981316295743898,-6.00503159694802,"TNNI1",0.749225932194777,0.0376035090234452,""
"USP24",-0.00932976696004673,11.658367842219,-0.0943175216793599,0.925651524818256,0.983871053839743,-6.00610209574452,"USP24",0.751176466415183,0.0335524791195622,""
"NIPSNAP3A",-0.00975337847076219,11.6837464964992,-0.0892514179633265,0.929633674418633,0.984557873759915,-6.00655799462446,"NIPSNAP3A",0.751700847083448,0.0316881530805576,""
"SESN1",-0.00977908972538266,12.3636232052264,-0.147563443286633,0.883938209652553,0.969241216563769,-5.99979035590932,"SESN1",0.740006720719032,0.0535780926168438,""
"ASS1",-0.0100177791129532,13.512560264168,-0.075398341719451,0.940531986830302,0.985577866422829,-6.00767623144259,"ASS1",0.752479602064913,0.0266264298130518,""
"PRDX1",-0.0102881857796007,16.8864161461716,-0.136152070128672,0.892853452937209,0.974270389365965,-6.00137666693571,"PRDX1",0.743846447723705,0.0492198174871804,""
"PACSIN2",-0.0103175419650015,12.1462374933736,-0.113664037043791,0.91046357622514,0.978637561715603,-6.00412978799113,"PACSIN2",0.747180743494501,0.0407374237964045,""
"FXR1",-0.0105358932934951,13.2707373774586,-0.149483380691683,0.882439743272175,0.968457378797559,-5.99951094565597,"FXR1",0.739408267820995,0.0543149403966186,""
"RPL13A",-0.0107867855482642,10.7580704668933,-0.0495996362201455,0.960876256927038,0.988075530585217,-5.9880368594277,"RPL13A",0.754386545594223,0.0173325378195204,""
"MYO18A",-0.0109936583460435,12.5755647890097,-0.0905734677123629,0.928594307962182,0.984557873759915,-6.00644144803502,"MYO18A",0.751700847083448,0.0321739827721404,""
"PAK1",-0.0110361698916339,10.8196642483936,-0.110226561834479,0.913159788764669,0.980574923866011,-6.00450700468585,"PAK1",0.748659901610426,0.0394532210343151,""
"CPSF6",-0.0110712842790708,11.0983980802759,-0.0787353277740923,0.93800118147848,0.985440549839472,-5.94261234281342,"CPSF6",0.75237476212124,0.0277966145961368,""
"PPP1R1A",-0.0111215274181848,13.3963298506937,-0.124882860938815,0.901671802777064,0.977227384333028,-6.0028181829144,"PPP1R1A",0.746104086081798,0.0449515114382004,""
"PRDX2",-0.011174257833563,17.682742702753,-0.155211148241967,0.877972036674319,0.966331558755884,-5.9986559618244,"PRDX2",0.73778522384495,0.0565193161114768,""
"TBCB",-0.0111950427881968,12.6109544326514,-0.0912820824627461,0.928037263876499,0.984557873759915,-6.00637827450241,"TBCB",0.751700847083448,0.0324345850192607,""
"YWHAE",-0.0112193358955288,17.7792063167244,-0.159712863553279,0.874463554772199,0.966331558755884,-5.99796147991495,"YWHAE",0.73778522384495,0.0582582860036624,""
"MRPL47",-0.0114171863219603,9.91940077817376,-0.0621358006819265,0.9514258049017,0.988075530585217,-5.66098547534708,"MRPL47",0.754386545594223,0.0216250736703383,""
"MESD",-0.0118346178201456,9.67991358437205,-0.0443109681736295,0.965217032347823,0.988675712424835,-5.79771449735752,"MESD",0.754844778887834,0.0153750230775823,""
"PDCD6",-0.0119878379799356,12.47667072339,-0.114165170913872,0.910070598525071,0.978581531223026,-6.0040738289789,"PDCD6",0.747137964730697,0.0409249160738564,""
"NDUFB9",-0.0120132619387299,15.8578560429933,-0.169683310800505,0.866702381594615,0.965693194432866,-5.9963528184659,"NDUFB9",0.737297838577766,0.0621300100451424,""
"CARS2",-0.0120539157047403,11.9035243667367,-0.133961538431058,0.89456651477488,0.974270389365965,-6.00166660188191,"CARS2",0.743846447723705,0.0483873622785715,""
"ARL1",-0.0121626472365772,12.2508841676658,-0.0723460072203722,0.942934951099238,0.985577866422829,-6.00789733514893,"ARL1",0.752479602064913,0.0255182662797095,""
"PPP6R2",-0.0121920025556381,9.57731830992621,-0.0731914460713593,0.942393734138385,0.985577866422829,-5.91453654596752,"PPP6R2",0.752479602064913,0.0257676101186991,""
"CLYBL",-0.0124421368269232,11.1005854362565,-0.0526611373028578,0.958533628532015,0.988075530585217,-5.91579742191516,"CLYBL",0.754386545594223,0.0183926460308898,""
"SYNRG",-0.0125061502697665,15.5970485202027,-0.0381306250224934,0.96990359870645,0.990483363953499,-6.00975080691795,"SYNRG",0.756224904141558,0.0132714292702312,""
"TMEM205",-0.0125408085973984,13.2137332835051,-0.0908302728760141,0.928392428368177,0.984557873759915,-6.00641861050115,"TMEM205",0.751700847083448,0.0322684101499082,""
"MYOF",-0.0127024300751426,10.4080790106723,-0.0703094712301994,0.944737909655644,0.985577866422829,-5.83473085822234,"MYOF",0.752479602064913,0.0246886572870383,""
"NDUFS7",-0.0128253565176912,15.899602802906,-0.18269362812544,0.856595575414057,0.958891044508136,-5.99410764238169,"NDUFS7",0.732104459908331,0.0672241732014417,""
"PSMA1",-0.0128425990745491,15.3088437784011,-0.155821450213727,0.87749623711526,0.966331558755884,-5.99856297107564,"PSMA1",0.73778522384495,0.0567547372024033,""
"VAPB",-0.0129039803287867,15.4406986920333,-0.183912408818474,0.855650042634921,0.958891044508136,-5.99388885042297,"VAPB",0.732104459908331,0.0677038236743057,""
"EMC4",-0.0129588790473303,11.6665231117542,-0.139597405191488,0.890268672667822,0.973697890497853,-5.9597745754439,"EMC4",0.743409350123266,0.0504789085814792,""
"RAP1B",-0.0130334670388947,9.83819287095567,-0.0806390035115125,0.936407608747145,0.985440549839472,-6.00727531361248,"RAP1B",0.75237476212124,0.0285350661165129,""
"ARHGAP10",-0.0131873769288777,9.94109326361888,-0.0795243819053585,0.937381218929861,0.985440549839472,-5.94255129579184,"ARHGAP10",0.75237476212124,0.0280837521139051,""
"CHP1",-0.0131878633870794,12.2979677314804,-0.117316288429809,0.90760010508347,0.978289112271185,-6.00371632613897,"CHP1",0.746914705560607,0.0421054625037516,""
"VARS1",-0.0132851136594248,12.0953058376084,-0.152642836592929,0.879974838902698,0.967231149498333,-5.99904330070121,"VARS1",0.738472053071702,0.0555297454429426,""
"ACSS2",-0.0135160299640624,12.1994387043864,-0.150960905079931,0.881286874519452,0.968102168499574,-5.99929346576358,"ACSS2",0.739137068037819,0.054882698011573,""
"TXNDC12",-0.0136643090092221,12.6064155278011,-0.121850538631092,0.904046903516698,0.978219472464575,-6.00318484546158,"TXNDC12",0.746861536211182,0.0438090369913837,""
"RTN4",-0.0137780285060902,15.6193004756699,-0.118105181255239,0.906981756663218,0.978289112271185,-6.00362530256917,"RTN4",0.746914705560607,0.0424014483976535,""
"UBE2G2",-0.0143033116884119,11.1118582649356,-0.139808122433079,0.890047447145907,0.973697890497853,-5.9796697381628,"UBE2G2",0.743409350123266,0.0505868411254234,""
"ACOT2",-0.0148196373087472,16.7428442824263,-0.187749435905027,0.852674715269402,0.958389141691371,-5.99319056844269,"ACOT2",0.731721261741346,0.0692166151470927,""
"TNS1",-0.0152259090943936,13.2959777199263,-0.187455050318056,0.852902910839935,0.958389141691371,-5.9932446513192,"TNS1",0.731721261741346,0.0691004034002316,""
"NDUFA10",-0.0154877705001688,16.7864352730744,-0.227467421531209,0.822015356167904,0.944442692126452,-5.98511865962025,"NDUFA10",0.721073276253483,0.0851200692766281,""
"LACTB",-0.0157956145259686,14.376742171988,-0.218008979487664,0.829292339413208,0.94700163700127,-5.98718042471188,"LACTB",0.723027007040984,0.0812923463938013,""
"EIF2S2",-0.0160878740821513,11.5181126974333,-0.171760936578512,0.865086814414291,0.96452980356638,-5.99600537847989,"EIF2S2",0.736409600391739,0.062940307414724,""
"MAP3K20",-0.0161418299370553,14.3552075340804,-0.159676977556254,0.874491512797215,0.966331558755884,-5.99796709439561,"MAP3K20",0.73778522384495,0.0582444011232382,""
"GON7",-0.0164489409174067,10.7306069295984,-0.0860483763419726,0.932775136407861,0.984557873759915,-5.69062263207926,"GON7",0.751700847083448,0.0302230387694305,""
"PFDN1",-0.0165540667470321,12.4214411212107,-0.205938172591668,0.838601790054787,0.951954981624708,-5.98968499634303,"PFDN1",0.726808839931228,0.0764442148991966,""
"POTEI",-0.0166223641100043,14.3246850073287,-0.136526698257543,0.892560535486061,0.974270389365965,-6.00132661169861,"POTEI",0.743846447723705,0.0493623193771093,""
"SPEG",-0.0167850399111238,12.7847739862873,-0.166546602308147,0.869142615482858,0.966331558755884,-5.99686937792078,"SPEG",0.73778522384495,0.0609089553863092,""
"CAND1",-0.0168729009144055,12.692396879031,-0.204904293399886,0.839400295688319,0.951954981624708,-5.98989291063759,"CAND1",0.726808839931228,0.0760308821393221,""
"TIMM10B",-0.0169724427826274,10.8412132667149,-0.0879622636457507,0.93095604967842,0.984557873759915,-5.77878933424325,"TIMM10B",0.751700847083448,0.0310708215242315,""
"RPS4X",-0.0174953811900771,12.5983462920527,-0.166479424929698,0.869194891405544,0.966331558755884,-5.99688033567351,"RPS4X",0.73778522384495,0.0608828348606048,""
"MAPK12",-0.0177254552459321,13.094367508085,-0.201936287814888,0.84169357836827,0.953266769514777,-5.99048398762646,"MAPK12",0.727810377874746,0.0748459862253895,""
"CSNK2B",-0.0178443250760676,13.5144648490559,-0.198686832280814,0.8442059681586,0.954218635662733,-5.99112126139106,"CSNK2B",0.728537118890991,0.073551581903021,""
"TCP1",-0.0180546686237975,12.5496798250322,-0.27469445681692,0.785936494309982,0.936149707303242,-5.97352132005255,"TCP1",0.714741658902591,0.104612544653962,""
"PSMC5",-0.0180780419728954,12.6486447771028,-0.246273613544197,0.807595491596975,0.940921914321785,-5.98076043694951,"PSMC5",0.718385194903777,0.0928061141712179,""
"DIABLO",-0.0182861483825203,14.4030014402049,-0.243545417016247,0.809683189416698,0.94135418777168,-5.98141402692092,"DIABLO",0.718715231691983,0.091684877420565,""
"GALM",-0.0182948160423404,12.2058972033869,-0.14197303814138,0.888303888185559,0.972662266583044,-6.00058340157859,"GALM",0.742618660825287,0.0514384369410921,""
"TPP2",-0.0183239713443868,13.7207045342205,-0.262911663016196,0.794895662283144,0.937996484346447,-5.97661779696123,"TPP2",0.716151656125455,0.0996898729390748,""
"AKT1S1",-0.0186341958334069,11.4843468337532,-0.218074456515187,0.829323989265566,0.94700163700127,-5.96596761246818,"AKT1S1",0.723027007040984,0.0812757719081938,""
"DYNLT1",-0.0187487564847704,11.4618059442817,-0.138491660075689,0.891075860938579,0.973840425106457,-5.97984908021497,"DYNLT1",0.743518173981041,0.0500853211207416,""
"ERI3",-0.0187640384293584,11.972218589979,-0.111065536437982,0.912542759181828,0.980505337429277,-5.98320003592528,"ERI3",0.748606773008408,0.0397467765792784,""
"BCAM",-0.0188238734716162,12.1910514385936,-0.186034928958214,0.854003914127199,0.958500874690847,-5.99350435963348,"BCAM",0.731806568854917,0.0685401388192522,""
"QDPR",-0.0189277418627025,14.2597391707439,-0.183245318594642,0.856167545484867,0.958891044508136,-5.99400878418783,"QDPR",0.732104459908331,0.0674412388749584,""
"CAP2",-0.0189900885603063,14.67493227051,-0.270595406483633,0.789049897828781,0.936149707303242,-5.97461383224772,"CAP2",0.714741658902591,0.102895532067524,""
"DFFA",-0.0190569654698027,10.7879259326092,-0.139092721169485,0.890606290646939,0.973697890497853,-5.97976740759357,"DFFA",0.743409350123266,0.0503142416283251,""
"TXLNB",-0.0191391333099435,14.4828624741902,-0.177708736968779,0.860465131242284,0.961243343111517,-5.99498741669121,"TXLNB",0.733900418175367,0.0652667239603488,""
"SORBS1",-0.0191930792624877,14.0805419393768,-0.321418674418594,0.750716724721284,0.916556857802963,-5.95991643785662,"SORBS1",0.699782699192184,0.124523908666376,""
"UAP1L1",-0.019268093767181,10.3914114765797,-0.126518504605073,0.901041727353236,0.977227384333028,-5.76358960891032,"UAP1L1",0.746104086081798,0.0452550963243409,""
"TALDO1",-0.0193604924290636,15.5903704423603,-0.260687718313557,0.796589938616917,0.938287773344181,-5.97718711006944,"TALDO1",0.716374052586018,0.0987651832778691,""
"GATC",-0.0193784307147258,10.1472565591795,-0.133984433433033,0.894598354143767,0.974270389365965,-5.98045027449335,"GATC",0.743846447723705,0.0483719051650807,""
"HGS",-0.0195074222723921,11.1409049279583,-0.158814382944761,0.875163592211877,0.966331558755884,-5.99810167133649,"HGS",0.73778522384495,0.0579107577729476,""
"SH3BGRL",-0.0200551340949993,10.6534418475947,-0.115702160631574,0.908908338084944,0.978581531223026,-5.98268519132034,"SH3BGRL",0.747137964730697,0.0414799124558554,""
"HAGH",-0.0200828800870063,15.9952105232121,-0.264826295517529,0.793437854602225,0.937429624070264,-5.97612381539336,"HAGH",0.715718863537897,0.100487083351809,""
"ACTA2",-0.0201472275235126,19.5094524978957,-0.30765673398632,0.761036776356563,0.921525341594134,-5.9641433229544,"ACTA2",0.703576090697226,0.118594355867005,""
"SERPING1",-0.0202058632038575,12.8580363091979,-0.143837200389102,0.886847712115934,0.971438298925924,-6.00032235159948,"SERPING1",0.741684172818862,0.0521509500283821,""
"HNRNPA0",-0.0202836542910525,12.7188897400172,-0.33314697609885,0.741958928163203,0.915184047468392,-5.95616957132916,"HNRNPA0",0.698734571175655,0.12962013483657,""
"HBG2",-0.0203380095936581,12.3376343160203,-0.0295154307077658,0.976751252512551,0.991751027034584,-5.92009692185359,"HBG2",0.75719275320078,0.010216023196149,""
"H1-2",-0.020354463849996,12.8096587340163,-0.230532290249164,0.819660815237371,0.943941516464698,-5.98443187992907,"H1-2",0.720690633262636,0.0863658263296948,""
"HLA-DPA1",-0.020442497761449,10.0614332095551,-0.0956705308580326,0.924924372645452,0.983871053839743,-5.83457671041683,"HLA-DPA1",0.751176466415183,0.0338937763263811,""
"RPS27L",-0.0205790311330531,12.0105102315593,-0.246847952264862,0.807156175620489,0.940921914321785,-5.98062192078549,"RPS27L",0.718385194903777,0.0930424260611274,""
"RPL28",-0.0207121493812163,11.509936611738,-0.193766473875757,0.848013459448867,0.956177487637659,-5.99206661774728,"RPL28",0.730032684289538,0.0715972546796257,""
"TMEM186",-0.0209929066173764,9.97857784394066,-0.100520751269243,0.921003729603452,0.98303643224883,-5.8916734747599,"TMEM186",0.750539240535827,0.0357386111246284,""
"NPLOC4",-0.0211675210935596,12.0922524021489,-0.339068492903953,0.737550583826168,0.915184047468392,-5.95422730629359,"NPLOC4",0.698734571175655,0.132208188877623,""
"GNB1",-0.0211937910674802,12.0954995239433,-0.238187626180606,0.813787316205819,0.942542716388203,-5.98267650622322,"GNB1",0.719622662318088,0.0894890833998512,""
"RRAD",-0.0214056200954733,11.7255115195427,-0.180464178977735,0.858325753130945,0.959973991912327,-5.99450411329855,"RRAD",0.732931280253557,0.0663478567458766,""
"POLR2B",-0.0216714460145173,10.9308716675063,-0.201387689683354,0.842835427878491,0.953420218061129,-5.82046042824115,"POLR2B",0.727927534423234,0.0742572174768967,""
"RPL21",-0.0219505570717313,12.8899481657001,-0.159622071911947,0.874534288951955,0.966331558755884,-5.99797568212547,"RPL21",0.73778522384495,0.0582231579283743,""
"RAB1B",-0.0220484808380927,15.715390291636,-0.267396887721374,0.791481805570007,0.937049180944944,-5.97545499286171,"RAB1B",0.715428398724003,0.101559064164062,""
"MRPS11",-0.0221410272536033,10.9411329582781,-0.109937546769564,0.913856426133048,0.980574923866011,-5.80313493244785,"MRPS11",0.748659901610426,0.0391220299073072,""
"TPM2",-0.0225064471158873,18.8090276899703,-0.327315599420332,0.746308993228201,0.915184047468392,-5.9580491571121,"TPM2",0.698734571175655,0.127081324980369,""
"FN1",-0.0227504985104598,12.6324510303899,-0.243888026379101,0.809420934933533,0.94135418777168,-5.98133234612387,"FN1",0.718715231691983,0.0918255671688973,""
"CKB",-0.0232128506402347,17.2227959201774,-0.129622839372393,0.897961045839181,0.975793399925923,-6.00222700509125,"CKB",0.745009252225654,0.0467425029140248,""
"NAPRT",-0.0233993599903712,12.2530562402464,-0.1316369049847,0.896385020733689,0.975188099479508,-6.00196915129434,"NAPRT",0.744547110923008,0.04750540946301,""
"SGCG",-0.0234227606479411,13.9212587199779,-0.243999435640354,0.80933566027333,0.94135418777168,-5.9813057606613,"SGCG",0.718715231691983,0.0918713236643655,""
"AARSD1",-0.0236868746874901,12.5032197047227,-0.22611434994437,0.823055378468599,0.944442692126452,-5.98541894646475,"AARSD1",0.721073276253483,0.0845709427291621,""
"CYB5B",-0.0237701830600443,15.9966782625068,-0.275108760613143,0.785622014634349,0.936149707303242,-5.97340998858602,"CYB5B",0.714741658902591,0.104786355286965,""
"MTRF1L",-0.0238210112204253,10.7842364616476,-0.156538336982163,0.8771291232442,0.966331558755884,-5.92226229367167,"MTRF1L",0.73778522384495,0.0569364689091936,""
"TIGAR",-0.0240353818276215,10.0788960405986,-0.134504058295824,0.894192141686959,0.974270389365965,-5.98038197716639,"TIGAR",0.743846447723705,0.0485691511051902,""
"SRSF3",-0.024315309125539,13.5401340071323,-0.225742998205905,0.823340871507375,0.944442692126452,-5.98550104857756,"SRSF3",0.721073276253483,0.0844203252182116,""
"TNNC1",-0.0243247768911132,20.2684271935941,-0.32171551220312,0.750494640944767,0.916556857802963,-5.95982324703462,"TNNC1",0.699782699192184,0.124652404575175,""
"HP1BP3",-0.0243697965906939,10.9971024001235,-0.218272302959827,0.829089533435824,0.94700163700127,-5.98712420471695,"HP1BP3",0.723027007040984,0.0813985674261895,""
"NDUFC2",-0.0246271681953321,15.3330799134311,-0.213740557193873,0.832581464340623,0.948548168302353,-5.98808231333564,"NDUFC2",0.724207769411636,0.0795732619865852,""
"RPL17",-0.0247351291353706,11.8690672230694,-0.167602633591515,0.86832091589915,0.966304904791026,-5.9966965420511,"RPL17",0.737764873788852,0.0613197376734147,""
"NPEPPS",-0.0247779787493982,16.2036535420185,-0.345392982671803,0.732852373451178,0.915184047468392,-5.95211546586361,"NPEPPS",0.698734571175655,0.134983501283343,""
"VTA1",-0.0250497991594099,10.0560084472625,-0.164962244332921,0.870577982110304,0.966331558755884,-5.92905855494643,"VTA1",0.73778522384495,0.060192320832327,""
"NRBP1",-0.0250756286476452,11.1577998304459,-0.297202695432161,0.768906719034511,0.927923997624246,-5.96723163889703,"NRBP1",0.708461405503213,0.114126344029294,""
"NEDD8",-0.0253375413594341,12.6780883209062,-0.216344700563517,0.830574410222498,0.947695716380609,-5.98753418770329,"NEDD8",0.723556930239303,0.0806214535179325,""
"ATP5MF",-0.0256864443705105,18.4525812499195,-0.249553849082048,0.805087288359764,0.940360294906787,-5.9799650088269,"ATP5MF",0.71795640366535,0.0941570304422582,""
"HSCB",-0.0259666590814156,10.3693795431885,-0.184160766670996,0.8555262814817,0.958891044508136,-5.97263846715924,"HSCB",0.732104459908331,0.0677666445364858,""
"ECPAS",-0.0262497595771158,13.8822491240489,-0.398471923238993,0.693857264103775,0.892636556914241,-5.93287218260543,"ECPAS",0.681519770298145,0.158729860651336,""
"MRPL50",-0.0263653195116422,10.0127458208717,-0.158288437553425,0.875845032911213,0.966331558755884,-5.9020164816859,"MRPL50",0.73778522384495,0.0575727286551464,""
"VPS13A",-0.0265432301545658,10.1049349081821,-0.219875840638608,0.828810444842888,0.94700163700127,-5.7872709643637,"VPS13A",0.723027007040984,0.0815447844942959,""
"GRPEL1",-0.0265813948190665,13.3109317209824,-0.29007774907663,0.774285097851321,0.9308930133715,-5.96927578586766,"GRPEL1",0.710728221616005,0.111099099232168,""
"HECTD1",-0.0265879670849429,11.3463510709314,-0.260714549869652,0.796776590530517,0.938287773344181,-5.9309864251261,"HECTD1",0.716374052586018,0.0986634340632329,""
"STAC3",-0.0268265129920593,13.5903241567381,-0.317305214055292,0.753796529493729,0.916964097876152,-5.96119906413533,"STAC3",0.700093623228384,0.12274586638919,""
"PCYT2",-0.0270851062642166,13.9839354293838,-0.27716330676697,0.784063050792729,0.936149707303242,-5.97285542989956,"PCYT2",0.714741658902591,0.10564901191972,""
"PGLYRP2",-0.0272270288182401,11.0750037137141,-0.126082899563132,0.900778883548771,0.977227384333028,-5.98145629686035,"PGLYRP2",0.746104086081798,0.0453818032939477,""
"PIN1",-0.0272563287381118,13.3686372751531,-0.376439764434902,0.709946305129297,0.902409214364394,-5.94118896572547,"PIN1",0.688981104039231,0.148774496728643,""
"ABCC1",-0.0273385462730094,10.3890408308834,-0.206153540127269,0.838792062250154,0.951954981624708,-5.89643091398218,"ABCC1",0.726808839931228,0.0763456880508383,""
"PTGR2",-0.0273674289038439,13.5652662184918,-0.334014939442503,0.741312194201446,0.915184047468392,-5.955886997081,"PTGR2",0.698734571175655,0.129998855900325,""
"BCS1L",-0.0275336007895817,13.3529328110888,-0.266375834275618,0.792258592553537,0.937195887606594,-5.97572142143004,"BCS1L",0.715540407905763,0.101133041909388,""
"BCAT2",-0.0276833819848203,13.3827071193731,-0.293750611634757,0.771511119794582,0.929504164888898,-5.96822818798577,"BCAT2",0.70966784862152,0.112657810066647,""
"RASA4",-0.0277482789323766,10.5067533432781,-0.205037336307648,0.839550683898906,0.951954981624708,-5.92510711735624,"RASA4",0.726808839931228,0.0759530802606844,""
"RPS8",-0.0279522591507337,11.1736392441372,-0.233233700856719,0.817586928970259,0.943508753545987,-5.98381895951674,"RPS8",0.720360222769509,0.0874660603618409,""
"TIMM21",-0.0280751100445169,11.0364198978882,-0.291786866507772,0.773105490212231,0.930457040194859,-5.94761072976683,"TIMM21",0.710395360120586,0.111761242574201,""
"PSMF1",-0.0281326818134762,13.3568921286344,-0.270820401344104,0.788878911056059,0.936149707303242,-5.97455428802422,"PSMF1",0.714741658902591,0.102989653692967,""
"DCPS",-0.0281456135273253,11.6615633142108,-0.250157100076406,0.804626249281653,0.940280396440769,-5.97981758640338,"DCPS",0.717895401924176,0.0944058035666162,""
"TLN2",-0.028169746516113,12.3545875394914,-0.360299484670589,0.721821287478991,0.907776584452549,-5.94698526768185,"TLN2",0.693079041549464,0.141570314160228,""
"RNF123",-0.0284120805000381,12.1879633874823,-0.422490566425621,0.676483661167768,0.884556222372953,-5.92327458748562,"RNF123",0.675350509474291,0.16974268827607,""
"CKAP5",-0.0284682561243788,8.96671840540371,-0.116400216462523,0.908649665796082,0.978581531223026,-5.85195105350734,"CKAP5",0.747137964730697,0.0416035288116393,""
"MFAP5",-0.0285022708175511,12.0647990902215,-0.233162126416031,0.817641859568936,0.943508753545987,-5.98383529061432,"MFAP5",0.720360222769509,0.0874368827249632,""
"SLC16A1",-0.0286558101627818,11.8595736284157,-0.245565339328235,0.808137344780084,0.940921914321785,-5.98093081311631,"SLC16A1",0.718385194903777,0.0925148236175451,""
"PON2",-0.0289327218364583,12.0232349085899,-0.100291060862544,0.921080641585294,0.98303643224883,-5.92930862038345,"PON2",0.750539240535827,0.0357023451969133,""
"TATDN3",-0.0292136195470274,10.5221364127936,-0.24244120095136,0.810528579648761,0.94135418777168,-5.98167650353449,"TATDN3",0.718715231691983,0.0912316671018046,""
"NGLY1",-0.0292834488480729,11.2200674828916,-0.284924554322044,0.778182285784737,0.933563440145501,-5.9707235585712,"NGLY1",0.71276706780432,0.108918659517244,""
"JPT2",-0.0293224615760952,10.4767900136297,-0.196385486166308,0.846059946345589,0.955633472060144,-5.97036303432945,"JPT2",0.729617333418509,0.072598864567638,""
"WDR26",-0.0295583263012826,9.76365341321257,-0.142134793746554,0.888679392257212,0.972702453362736,-5.82921190072304,"WDR26",0.742649343060574,0.0512548906461176,""
"RFC4",-0.0297787245221439,13.0484471171021,-0.155980956357504,0.877371891755619,0.966331558755884,-5.99853860735482,"RFC4",0.73778522384495,0.0568162831416616,""
"PTPN11",-0.0302386072700163,12.4586731135394,-0.45090775838789,0.656163353529788,0.877796641942671,-5.91120606250991,"PTPN11",0.670189632220863,0.182988028451982,""
"SRSF7",-0.0307850820245452,12.5913940651515,-0.271488231596537,0.788371451516598,0.936149707303242,-5.97437725918538,"SRSF7",0.714741658902591,0.103269110766633,""
"PPID",-0.0308176083977738,12.197347825985,-0.303310291538878,0.764305697144574,0.92353605071636,-5.96544020160595,"PPID",0.705111248548987,0.116732903166263,""
"CUL5",-0.0309081163156542,13.2634804713948,-0.426370804106683,0.673693741994683,0.884203880998952,-5.92167221491451,"CUL5",0.67508150008809,0.171537486831379,""
"RIC8A",-0.0309568282413331,11.6218224336678,-0.233586222362339,0.817316396348551,0.943508753545987,-5.98373845211085,"RIC8A",0.720360222769509,0.0876097885248894,""
"MYL2",-0.0309662890363249,20.9486419630157,-0.305058830418249,0.762990095042585,0.922723067762115,-5.9649206777281,"MYL2",0.704490543568957,0.117481099917034,""
"UBA3",-0.0310282399349227,12.2449224804395,-0.366725658368825,0.717084565648829,0.906902659498207,-5.94470756075928,"UBA3",0.692411807914983,0.144429625044903,""
"MAOA",-0.0310659610563384,12.6957047612347,-0.157708132011456,0.876084399954908,0.966331558755884,-5.97706318308391,"MAOA",0.73778522384495,0.057454052885537,""
"PPP3R1",-0.0310844491856059,12.4599194548802,-0.251346411447797,0.803717521171689,0.940280396440769,-5.97952590584999,"PPP3R1",0.717895401924176,0.0948965638791241,""
"LUM",-0.0312761103460808,15.3656097678204,-0.270540393181466,0.789091707305415,0.936149707303242,-5.97462838387482,"LUM",0.714741658902591,0.10287252066609,""
"PLOD1",-0.0313238276872685,15.9117957526408,-0.25405624454568,0.801648050491756,0.940280396440769,-5.97885617713465,"PLOD1",0.717895401924176,0.0960162592437984,""
"NDUFB8",-0.0314175404268475,15.4816095892909,-0.337850237428059,0.738456784021876,0.915184047468392,-5.95462966312417,"NDUFB8",0.698734571175655,0.131674915396044,""
"BAG3",-0.0314332947034366,15.4030656235014,-0.341922628234328,0.735429055412258,0.915184047468392,-5.95327905009115,"BAG3",0.698734571175655,0.133459215973899,""
"HNRNPD",-0.0318821601227395,12.9790362085454,-0.394708947214228,0.69659506218981,0.894020752591393,-5.9343256778797,"HNRNPD",0.682576590918624,0.15701960836087,""
"SNU13",-0.031889939747451,11.1132017554766,-0.26818025982836,0.790885988796534,0.93704189781861,-5.97524989707942,"SNU13",0.715422838124286,0.101886118278908,""
"DMD",-0.0323285349479612,14.8307668103781,-0.393003084473569,0.697837573076083,0.894114131549666,-5.93498010807608,"DMD",0.682647884891182,0.156245650909245,""
"NDUFAF3",-0.0324926293258336,13.6484150487211,-0.390858114023273,0.699401144103606,0.894423467581939,-5.93579902808554,"NDUFAF3",0.682884060096002,0.155273661592864,""
"POLR2H",-0.0325044150086864,10.0224956472369,-0.201385558070476,0.84236774443016,0.953266769514777,-5.9144388057466,"POLR2H",0.727810377874746,0.074498271314724,""
"HNRNPAB",-0.0326064916214275,13.6208378914337,-0.394953536395913,0.696416980009785,0.894020752591393,-5.93423161556421,"HNRNPAB",0.682576590918624,0.157130648475655,""
"DCTN4",-0.032801677445006,12.479384426779,-0.328123885639238,0.745832166374102,0.915184047468392,-5.93662383503819,"DCTN4",0.698734571175655,0.127358890245927,""
"DPT",-0.033163286136471,11.6328086035877,-0.223638712000859,0.825347236483024,0.945559423760081,-5.87350376975194,"DPT",0.721925890545986,0.0833632985270725,""
"MRPL49",-0.0332653943535579,10.3550475588461,-0.238223280587242,0.813850015300019,0.942542716388203,-5.96147403333249,"MRPL49",0.719622662318088,0.0894556240165869,""
"MBNL1",-0.0333314318779863,13.1088992956203,-0.360687235178642,0.721535152819622,0.907776584452549,-5.94684896070743,"MBNL1",0.693079041549464,0.141742505452418,""
"ACADS",-0.0335967448301524,16.0752304332807,-0.217642319067798,0.829574753416299,0.94700163700127,-5.98725859475607,"ACADS",0.723027007040984,0.0811444733726653,""
"APEX1",-0.0339523766240877,11.6612121282642,-0.44484553689773,0.660476287796219,0.881066431908292,-5.91384539305358,"APEX1",0.672686086672601,0.180142769668096,""
"STRN3",-0.033968312460436,11.5078062564625,-0.40099235346519,0.692025867932601,0.892144708951279,-5.9318910326834,"STRN3",0.681144248919211,0.159877671308538,""
"TBCC",-0.0346556680894015,12.0072905885392,-0.337922462297759,0.738403048698845,0.915184047468392,-5.95460584917651,"TBCC",0.698734571175655,0.13170651887495,""
"NOS1",-0.0348223391522673,12.1086361500095,-0.50081365282194,0.621131719068177,0.856928959848503,-5.88814787699112,"NOS1",0.654257349594398,0.206816292257359,""
"MT-ATP6",-0.0350709144213255,15.7815387742362,-0.397458706894901,0.694594025303506,0.892649707540898,-5.93326488748513,"MT-ATP6",0.68152981068019,0.158268956684453,""
"RPS2",-0.0352737821645697,11.7925322211513,-0.382529139004959,0.705485349410135,0.89900063832956,-5.93893699298717,"RPS2",0.686378687704934,0.151512000671363,""
"CAVIN1",-0.035470357366254,14.0491447107148,-0.417117242964008,0.680354931684389,0.885495312221392,-5.92546973250291,"CAVIN1",0.676067495903808,0.167264462797626,""
"ACTBL2",-0.0355079177570801,16.4484924622926,-0.274569565877573,0.786031300791575,0.936149707303242,-5.97355484797929,"ACTBL2",0.714741658902591,0.104560159443549,""
"AGK",-0.0357337911683775,11.9275360481073,-0.348666576126929,0.730424716717671,0.914145318960956,-5.9510071993849,"AGK",0.697941511549868,0.136424539208048,""
"GCLM",-0.0358706018390595,12.9746672200142,-0.413483547790969,0.682977967582506,0.886851987756388,-5.92693851436744,"GCLM",0.677103305149819,0.165593306145227,""
"GNL1",-0.0359402308362977,9.90925362502067,-0.183251491111331,0.85668949117498,0.958891044508136,-5.84526387651164,"GNL1",0.732104459908331,0.0671765604631193,""
"FNBP1L",-0.0359732801635495,10.4422582513314,-0.231879703939586,0.819156907245624,0.943941516464698,-5.8679269061693,"FNBP1L",0.720690633262636,0.0866329023615162,""
"TMEM126A",-0.0360682269104124,14.7276126138711,-0.461723273996588,0.648499010270631,0.872196692430784,-5.90641018080766,"TMEM126A",0.665914122467805,0.188090682393057,""
"BRAWNIN",-0.0360741553958839,11.7643587493512,-0.210440229577008,0.835491041081842,0.950174201481739,-5.89556131391305,"BRAWNIN",0.725449230732404,0.0780582026581783,""
"RDX",-0.0361149164921049,12.9931268603915,-0.42345689894527,0.675788416885127,0.884556222372953,-5.92287688134382,"RDX",0.675350509474291,0.170189256369918,""
"RPL30",-0.0363310055643051,11.1975768719213,-0.397683858940134,0.694430279210541,0.892649707540898,-5.93317770768791,"RPL30",0.68152981068019,0.158371350897004,""
"UQCC3",-0.0365491986552815,11.6599210914869,-0.12414303789032,0.902251192017369,0.977227384333028,-6.00290847093685,"UQCC3",0.746104086081798,0.0446725354959713,""
"IGBP1",-0.0367489933742693,11.5245010560897,-0.488990682168369,0.629550172529929,0.860794751316173,-5.87274031811323,"IGBP1",0.657208845690608,0.200969652713234,""
"LIMCH1",-0.0375805076498885,12.19693092517,-0.509472219895283,0.615142746137754,0.853742880383316,-5.88390645060747,"LIMCH1",0.651824807336917,0.211024092897053,""
"RPL23",-0.0381531151906973,10.3462949954668,-0.23654430336797,0.81504721695766,0.943168303057413,-5.98305813051353,"RPL23",0.720100291964554,0.0888172311739149,""
"CAPRIN1",-0.0382068776076867,15.4746120280645,-0.32728838005507,0.746455621697559,0.915184047468392,-5.93689078978315,"CAPRIN1",0.698734571175655,0.126996006860285,""
"PURA",-0.0385175469243855,15.2893133266948,-0.377143435803667,0.70943026456969,0.902409214364394,-5.94093055704329,"PURA",0.688981104039231,0.149090288298174,""
"RNF114",-0.0386165377502241,11.4276820791253,-0.242985780067753,0.810111619213627,0.94135418777168,-5.98154720316139,"RNF114",0.718715231691983,0.0914551388141237,""
"SELENOW",-0.0388649247348933,11.5646239820716,-0.226511673588177,0.823030772643885,0.944442692126452,-5.90920233951084,"SELENOW",0.721073276253483,0.0845839264650252,""
"WDR43",-0.03888985176979,12.8019669670854,-0.246427389440722,0.807673001133252,0.940921914321785,-5.93607573668532,"WDR43",0.718385194903777,0.0927644344578114,""
"FUS",-0.0390931848953429,12.3841233485145,-0.213160598988151,0.833108760391226,0.948772412171047,-5.96700357938726,"FUS",0.724378977535143,0.0792982987679081,""
"IGKV3-7",-0.0396387889764345,14.2469339607671,-0.165215324364147,0.870178699212719,0.966331558755884,-5.99708570935115,"IGKV3-7",0.73778522384495,0.0603915518495522,""
"MB",-0.0397960656609975,21.3412280343253,-0.453794903944407,0.65411357864182,0.877144430208875,-5.9099367442004,"MB",0.66969167458339,0.184346835323004,""
"NOMO3",-0.0400553404022528,12.1838123748108,-0.586669381369404,0.56349407885188,0.823580078496852,-5.79720416644049,"NOMO3",0.628795786562467,0.249110643123582,""
"EIF3E",-0.0401678194973218,10.6007999081335,-0.207689864625899,0.837412483901471,0.951409276328106,-5.94466236097716,"EIF3E",0.726392198975277,0.0770605690608512,""
"SCCPDH",-0.0401792030930483,12.3784333603252,-0.606329661570077,0.550072436491226,0.817010308361589,-5.83164044110633,"SCCPDH",0.623779827716939,0.259580116511198,""
"NDUFB7",-0.0402317807905828,14.5671614636994,-0.42894888399303,0.671842719146908,0.882369829218103,-5.9205996090708,"NDUFB7",0.673681218485553,0.172732384983898,""
"EPHX2",-0.0402440682858156,13.3829154469069,-0.313118034041591,0.756935816664443,0.919045304309578,-5.96248786114483,"EPHX2",0.701682605126409,0.120940944344336,""
"FBL",-0.0406469875944655,11.6185878922427,-0.483058332420452,0.634136563669247,0.862846480708251,-5.82897664466091,"FBL",0.658775322139698,0.197817205113009,""
"GC",-0.0409471068573222,13.9672946009861,-0.345226076170862,0.732976225774883,0.915184047468392,-5.95217169450995,"GC",0.698734571175655,0.134910111555632,""
"GLOD4",-0.041123807340826,12.8907713142992,-0.599068452655828,0.554823276193393,0.819711258256112,-5.83586406332071,"GLOD4",0.62584197802598,0.255845327500871,""
"ALDH6A1",-0.0412362898782526,13.1314563327837,-0.275952771524802,0.784981478561721,0.936149707303242,-5.97318267092439,"ALDH6A1",0.714741658902591,0.105140590201672,""
"PPP5C",-0.0413758076823338,13.8120017343563,-0.719296451042391,0.479006642038914,0.772168106462465,-5.75962889109293,"PPP5C",0.589543220554445,0.319658464495981,""
"AAMDC",-0.0414353241633858,15.774981069897,-0.452374655885993,0.655121560631116,0.877773809906642,-5.91056214278012,"AAMDC",0.670172200172142,0.183678107316594,""
"NDUFS2",-0.0416011576644966,15.4799320941505,-0.605881549138968,0.550365007443857,0.817010308361589,-5.8319025201124,"NDUFS2",0.623779827716939,0.259349186613298,""
"NUDCD2",-0.0417336576231691,12.0434259086864,-0.410855030469532,0.68487794685092,0.888292885948431,-5.92799310281766,"NUDCD2",0.678203417616934,0.164386817897493,""
"SUN2",-0.0418255791411575,14.0853637867267,-0.521174940735884,0.607091434446597,0.84939547187923,-5.87806099674902,"SUN2",0.648505601079738,0.21674589461646,""
"STX12",-0.0418260612427694,10.5572924643626,-0.247191062029559,0.807782863010828,0.940921914321785,-5.7911558359903,"STX12",0.718385194903777,0.0927053645589235,""
"STAU2",-0.0421407482711054,10.2525414633535,-0.236692638490703,0.816410645342005,0.943508753545987,-5.69603950395623,"STAU2",0.720360222769509,0.0880913410662696,""
"CMBL",-0.0423409973442368,17.7305503346847,-0.441611937497685,0.662781745920384,0.881066431908292,-5.91523886338984,"CMBL",0.672686086672601,0.178629461259368,""
"PRMT5",-0.0423477015480351,12.1512656746158,-0.586163061298397,0.56331935658736,0.823580078496852,-5.84324906415289,"PRMT5",0.628795786562467,0.249245325429575,""
"SGCD",-0.0427142733893273,12.4158979189277,-0.529401310126866,0.601461949923495,0.846054511626827,-5.87387443016076,"SGCD",0.645954808771091,0.220791842074688,""
"ATP2A2",-0.0430401222845909,18.8423299247539,-0.596084582055067,0.556781726772509,0.819769556135819,-5.83758540548572,"ATP2A2",0.625886487918925,0.254315026436451,""
"H4C16",-0.0435282188638695,17.4146221503815,-0.407464704230041,0.687331722785338,0.8888266783134,-5.92934355366706,"H4C16",0.678610963159565,0.162833611404939,""
"HSPA2",-0.0437188902801129,15.9067660509694,-0.361939743392731,0.720611166792106,0.907776584452549,-5.94640767309959,"HSPA2",0.693079041549464,0.142299012212595,""
"COQ6",-0.0440117452423472,14.3119523913103,-0.673088703457508,0.507415744101937,0.789588401797649,-5.79050964571054,"COQ6",0.602843455217028,0.294636061610712,""
"ZYX",-0.0440583264638725,10.8237804862434,-0.330338456037422,0.744180511423599,0.915184047468392,-5.93591299180587,"ZYX",0.698734571175655,0.128321707456133,""
"ECI1",-0.044165446038452,15.8318744742456,-0.62991417090513,0.534790176616349,0.807877558300142,-5.81758276715674,"ECI1",0.616807057359444,0.271816578748302,""
"EMC2",-0.0444301167136985,11.6054964853414,-0.52245258014539,0.606215475949065,0.848583438054493,-5.87741497619749,"EMC2",0.647885620751325,0.217372980813185,""
"PLPBP",-0.04449068851177,13.0621141717955,-0.446568946950836,0.659248946834371,0.880327314586734,-5.91309863581786,"PLPBP",0.672121777421193,0.180950555329578,""
"LRRFIP2",-0.044497658654663,11.2302611081818,-0.287199804390281,0.776570586458469,0.93285947854488,-5.94890687889658,"LRRFIP2",0.712229599621287,0.109819062902378,""
"DMTN",-0.0446232809762108,11.1394552668262,-0.195541861903442,0.847202438380829,0.956099921616101,-5.84484770761297,"DMTN",0.729973463348175,0.0720128029314793,""
"TCAP",-0.0447478482252954,17.040097118404,-0.627639510996885,0.536254121765005,0.807877558300142,-5.81896116206567,"TCAP",0.616807057359444,0.2706293567132,""
"PRPS1",-0.0447735451456506,13.0785926739647,-0.392325739399001,0.698331175037262,0.894250135384469,-5.93523918659664,"PRPS1",0.682751722563453,0.155938569666784,""
"ENSA",-0.0449282130138418,13.1483787427992,-0.573620994320463,0.571639767324216,0.827653336645685,-5.85027669048881,"ENSA",0.631905681554394,0.242877566219913,""
"POFUT1",-0.0449712786434127,11.4911576223363,-0.480442348609154,0.635520955533958,0.863911298928975,-5.87675632617583,"POFUT1",0.659588301020717,0.196870124539215,""
"ASB10",-0.0450334781005353,9.81365674819945,-0.339796844841797,0.737614916079479,0.915184047468392,-5.84179840654416,"ASB10",0.698734571175655,0.132170309544571,""
"BRCC3",-0.0450883663413411,12.4118198361319,-0.328865151013869,0.745152218599209,0.915184047468392,-5.95755290792107,"BRCC3",0.698734571175655,0.127755001150998,""
"RBMX",-0.0455280423690461,10.9178948559758,-0.264049063518581,0.794359541475154,0.937749277785842,-5.91160921000637,"RBMX",0.715962916198668,0.0999828835478491,""
"UBE4A",-0.0456017956365979,10.8301000376181,-0.331360403830455,0.743290743203943,0.915184047468392,-5.95674891657227,"UBE4A",0.698734571175655,0.128841275781042,""
"NUTF2",-0.0456236055147325,15.3918190414676,-0.48989112591848,0.628724879944362,0.860794751316173,-5.89339688702242,"NUTF2",0.657208845690608,0.201539353378536,""
"NDUFB5",-0.0457210037899802,13.0653963105021,-0.371359150635515,0.713676385719062,0.904163743018969,-5.94304057305263,"NDUFB5",0.690320670469023,0.146498673036503,""
"RBM38",-0.0462307121500825,12.6739786167265,-0.322530425873488,0.750009379042298,0.916556857802963,-5.93839817111117,"RBM38",0.699782699192184,0.124933305620504,""
"RPS6KA5",-0.0466727411733512,12.6999505317388,-0.177800136688701,0.860460587794,0.961243343111517,-5.97376475692553,"RPS6KA5",0.733900418175367,0.0652690171383715,""
"CUL2",-0.046683066202343,11.6805253780556,-0.541016411346374,0.593556449405846,0.840286275268336,-5.86785443887275,"CUL2",0.641550813564292,0.226537971739443,""
"MAPKAPK3",-0.046917846934468,11.488727653624,-0.222029651289291,0.827162460953061,0.946128854739537,-5.78191697407132,"MAPKAPK3",0.72236064584176,0.0824091833541884,""
"NQO2",-0.0474098850944671,14.2562894504554,-0.149845034748827,0.882157530657714,0.968457378797559,-5.99945791035327,"NQO2",0.739408267820995,0.0544538541125575,""
"CTSG",-0.0475946147808894,12.26938610643,-0.163660859507728,0.871388781096613,0.966331558755884,-5.99733611661821,"CTSG",0.73778522384495,0.059788035792506,""
"DGLUCY",-0.0477199885518687,15.5332074630387,-0.324367957063113,0.748511152378701,0.916556857802963,-5.95898674131253,"DGLUCY",0.699782699192184,0.125801724538768,""
"AP2A1",-0.0480362610127738,11.3220572737064,-0.485571814126543,0.631739231529491,0.861217157512426,-5.895441354152,"AP2A1",0.657531348921753,0.199462152221153,""
"TUBA8",-0.0484398495991911,14.2892819724029,-0.400261324466395,0.69255685181304,0.892233364441984,-5.9321762346158,"TUBA8",0.681211936567888,0.159544569678321,""
"PHPT1",-0.0486982440916979,15.6139828027437,-0.658012454966491,0.516884969960475,0.798695774357656,-5.80015956321934,"PHPT1",0.609796850086462,0.286606096112693,""
"ATP2A1",-0.0487560445151232,17.0289484538965,-0.272563236934774,0.787554795541101,0.936149707303242,-5.97409138638198,"ATP2A1",0.714741658902591,0.103719219667581,""
"PRPF19",-0.0492041568158932,10.4495804187639,-0.436010935682075,0.667353222924569,0.881164150216016,-5.84186064695649,"PRPF19",0.672760693698404,0.175644237803638,""
"UBE2I",-0.0492196475200632,12.5061271852534,-0.48770397210546,0.63025042696151,0.860794751316173,-5.89443435131033,"UBE2I",0.657208845690608,0.200486851439751,""
"CTNNA1",-0.049262292023041,10.6606866663011,-0.338787314618732,0.737759704078539,0.915184047468392,-5.95432029911772,"CTNNA1",0.698734571175655,0.132085069323707,""
"RPLP1",-0.0493266331597937,14.6268154653401,-0.613141892927806,0.545634822556408,0.815031636384613,-5.82763322090494,"RPLP1",0.622269129929806,0.263097920680208,""
"DHRS11",-0.0494274567743336,12.5398517482643,-0.500886217214403,0.62108141559199,0.856928959848503,-5.88811262640763,"DHRS11",0.654257349594398,0.206851465806134,""
"RPL13",-0.0495028578970729,11.8066085568216,-0.490591373497474,0.62888842949369,0.860794751316173,-5.82867213766897,"RPL13",0.657208845690608,0.201426395497671,""
"TMEM143",-0.049544731764593,13.6715667409617,-0.570103059185138,0.573984694940317,0.828973647557134,-5.85222137735182,"TMEM143",0.632913726746048,0.241099687726735,""
"AASS",-0.0499479363359647,10.8093625364926,-0.305796991097865,0.762680426396094,0.922723067762115,-5.91854038153124,"AASS",0.704490543568957,0.117657399300611,""
"DAP3",-0.05037652445837,11.2294418401267,-0.504485428625832,0.618588721263003,0.856428013284261,-5.88635792354018,"DAP3",0.653874881517385,0.208598002758148,""
"TPR",-0.0504823032487778,11.0493016700785,-0.461146075821928,0.648907048078075,0.872196692430784,-5.90666894318169,"TPR",0.665914122467805,0.187817508743399,""
"SERPINA6",-0.050503851578366,11.3615259111239,-0.23540824582944,0.816457648697008,0.943508753545987,-5.86961163966419,"SERPINA6",0.720360222769509,0.0880663380727163,""
"COPG1",-0.0505202686818063,11.3611988134308,-0.602575822422156,0.552525821294413,0.818102956645828,-5.83383008371868,"COPG1",0.624614054594522,0.257647421201873,""
"HPX",-0.0506839574535203,14.7285772875697,-0.433085609566561,0.668877037558056,0.881164150216016,-5.9188652421969,"HPX",0.672760693698404,0.174653713051705,""
"MYL3",-0.0508420527580604,21.4497559562109,-0.671263406640369,0.508557013231171,0.790215981189793,-5.79168914448667,"MYL3",0.603322606289058,0.293660352193122,""
"RABGEF1",-0.050850229405965,12.0685817543433,-0.579935979862035,0.567945167893083,0.826021342720389,-5.80098407245646,"RABGEF1",0.630659669259153,0.245693591104036,""
"ANO6",-0.0510142826899802,11.2133747374313,-0.658702074739201,0.516449709493774,0.798452943433831,-5.79972274207457,"ANO6",0.60961145091796,0.286971962532968,""
"HNRNPH3",-0.0510777378029115,13.324520735902,-0.32949603531969,0.744681424481997,0.915184047468392,-5.95735020016685,"HNRNPH3",0.698734571175655,0.128029479170706,""
"MRPL19",-0.0513447462977528,11.1346455418508,-0.334619879797348,0.740861558035542,0.915184047468392,-5.95568962215788,"MRPL19",0.698734571175655,0.130262939387073,""
"GSTM4",-0.0516495423467376,11.2940851101365,-0.272499996445344,0.788400228246167,0.936149707303242,-5.83037629011596,"GSTM4",0.714741658902591,0.103253258661955,""
"CACNB1",-0.0519685260569425,14.749251943456,-0.50201357663588,0.620300143799263,0.856893065387917,-5.8875643324173,"CACNB1",0.654229944505122,0.207398118155976,""
"TMX3",-0.0520457401756591,12.6543824594071,-0.627550319065277,0.536311568390706,0.807877558300142,-5.81901511239358,"TMX3",0.616807057359444,0.270582835082313,""
"GNPDA1",-0.0523226505616528,12.3417677691169,-0.829091593763327,0.415342951204262,0.735461303209637,-5.67844906499424,"GNPDA1",0.561517915151622,0.381593155558848,""
"SGCB",-0.0523496168022888,14.2831151347706,-0.502389716128891,0.620039576608346,0.856893065387917,-5.88738112793852,"SGCB",0.654229944505122,0.207580588962938,""
"SELENBP1",-0.0523881392830567,15.8025073136873,-0.359050503246554,0.722743236081655,0.907776584452549,-5.94742334024367,"SELENBP1",0.693079041549464,0.14101596405877,""
"RAB21",-0.0528607776935122,13.5061813671506,-0.870389510409249,0.392837179620411,0.719361770776594,-5.6451100431088,"RAB21",0.549226070771413,0.405787415641053,""
"PDK4",-0.0529064623692435,11.5142423315311,-0.161649341913134,0.873015383574279,0.966331558755884,-5.97644723707083,"PDK4",0.73778522384495,0.058978103439267,""
"MTX1",-0.0529852182372359,12.3326831140341,-0.727699367265886,0.473941402956776,0.770913285108378,-5.75380274135279,"MTX1",0.58858517603523,0.324275350194381,""
"PCBD2",-0.0530656898419331,16.4788849880219,-0.620263718983625,0.541015824066994,0.811523736100491,-5.82339761348215,"PCBD2",0.61959088044815,0.26679003211252,""
"MPDU1",-0.0531162056452779,10.5727215726451,-0.31650235921913,0.754652908323582,0.917277095595683,-5.91529643665739,"MPDU1",0.700332594097621,0.122252749906983,""
"PET117",-0.0531586729518594,12.1459165401966,-0.637294479810487,0.530323175222167,0.807877558300142,-5.7921219194641,"PET117",0.616807057359444,0.27545939371647,""
"TF",-0.0531973304141999,17.0832799668315,-0.348828135411082,0.730304980501342,0.914145318960956,-5.95095223612588,"TF",0.697941511549868,0.136495737566308,""
"LMLN",-0.0535474558304561,14.0974811144293,-0.545803680591148,0.590536905927192,0.838492313015315,-5.84429428340874,"LMLN",0.640181139946142,0.228752955730944,""
"RPS6",-0.0538315320142253,12.613324694297,-0.495724127042332,0.624664599668929,0.85809974568887,-5.89060782397159,"RPS6",0.655151233774712,0.204353105233853,""
"MYH7",-0.0543160258996345,22.4966147495832,-0.839722219282364,0.40947339510885,0.729430569981219,-5.67001240285165,"MYH7",0.556913506008029,0.387774310589211,""
"DTNA",-0.0543893630972612,11.877396190953,-0.7699089871557,0.448976745317822,0.756832870149582,-5.72356307805703,"DTNA",0.577834909205924,0.347776152630734,""
"SQOR",-0.0553448910168139,10.0490560926147,-0.243321863642839,0.810278325576434,0.94135418777168,-5.88829909900506,"SQOR",0.718715231691983,0.0913657780353144,""
"PICALM",-0.0553825573391933,10.4360549239213,-0.291133993418977,0.773598382077718,0.930457040194859,-5.94779645335857,"PICALM",0.710395360120586,0.111484447218041,""
"SERPINA1",-0.0556551853802603,16.4448703407481,-0.478544754476717,0.636657197547869,0.865046291604322,-5.89872959667422,"SERPINA1",0.660454857449984,0.196094346765062,""
"MYOM2",-0.0556651600939446,18.8397146527789,-0.785910261732219,0.439724128665272,0.755052615668659,-5.71167686392551,"MYOM2",0.576475701345218,0.356819702998269,""
"PSMC3",-0.0556787966711312,13.8880146721314,-0.79949459962063,0.431961225575232,0.748437343769759,-5.70140455977626,"PSMC3",0.571425002323229,0.364555235301944,""
"CUTA",-0.0558354242263075,14.1082491964144,-0.578307085365269,0.568523740310117,0.826021342720389,-5.8476682179691,"CUTA",0.630659669259153,0.245251395408239,""
"C8orf82",-0.0561921444143145,11.9250999728878,-0.615558774942619,0.544064974903424,0.813971101067082,-5.82620111329829,"C8orf82",0.621459421005834,0.264349231630916,""
"DSTN",-0.0566170055370776,11.8847514601234,-0.558529062777685,0.581733554992553,0.832517521770072,-5.85853735203889,"DSTN",0.635619441990242,0.235275884924664,""
"GPS1",-0.0573173444330237,13.264626504674,-0.643066466850231,0.52636777270619,0.807784436081306,-5.80951847163727,"GPS1",0.616735959405076,0.278710708612038,""
"HECTD3",-0.0575052182044153,11.524735538656,-0.342760876986676,0.735418071499253,0.915184047468392,-5.84082012520864,"HECTD3",0.698734571175655,0.133465702375811,""
"RABEP1",-0.0577385782988777,10.5015628540448,-0.517960399690541,0.609298003306965,0.851238232357323,-5.87967955584512,"RABEP1",0.649912531692221,0.21517024507295,""
"PARP1",-0.0577559579700697,12.6784402846032,-0.543066628186633,0.592166297932932,0.839145824958266,-5.86677861534054,"PARP1",0.6406800902813,0.227556313323378,""
"CD99L2",-0.0579972222486216,10.3163037753774,-0.334673704746908,0.740950867655628,0.915184047468392,-5.93450774365076,"CD99L2",0.698734571175655,0.130210589069909,""
"BORCS7",-0.0584380185149538,11.1241194163576,-0.500789794979881,0.622378252243459,0.857325869588948,-5.77514125653328,"BORCS7",0.654560386516919,0.205945591300621,""
"CLASP2",-0.0584935590609685,11.3896147072393,-0.611545619541825,0.546672966902877,0.815747446974095,-5.82857609530373,"CLASP2",0.622815644706444,0.262272401534061,""
"PTGES3",-0.0586097858743955,13.8443647975244,-0.772188664727696,0.447651394991569,0.756832870149582,-5.72188381741261,"PTGES3",0.577834909205924,0.349060057800811,""
"CIRBP",-0.0587365954972547,14.9042137644002,-0.600193391213152,0.554085859168519,0.819711258256112,-5.83521294576914,"CIRBP",0.62584197802598,0.256422933333052,""
"MYOM3",-0.0589508429998702,16.7543649517741,-0.826754827687599,0.416640226937289,0.736107133253511,-5.68029002223353,"MYOM3",0.562011000427755,0.380238800894577,""
"FAU",-0.0594256426401998,11.495447496713,-0.309634099083571,0.760099013901239,0.921306279553673,-5.87047682766299,"FAU",0.703408838851736,0.11912983089019,""
"SPR",-0.0595549779024793,13.3531725984608,-0.756596830299931,0.45676331196564,0.762422946891484,-5.73327502205797,"SPR",0.582102881190244,0.340308786659662,""
"CDV3",-0.0595968855772693,10.7885873676433,-0.348127796430829,0.731106621621756,0.914201703256124,-5.90506833967902,"CDV3",0.697984560438684,0.136019282679162,""
"NMNAT1",-0.0597008857744949,9.7578111531922,-0.278793915605135,0.787791613230755,0.936149707303242,-5.16678398733112,"NMNAT1",0.714741658902591,0.103588646968096,""
"CD2AP",-0.0602248946149135,10.5825625958304,-0.241368811655335,0.811540757811606,0.941777779407446,-5.93727974176715,"CD2AP",0.719038639995251,0.0906896638252124,""
"RPS27",-0.0606830502014546,11.9099203478742,-0.640115078374195,0.528251474711854,0.807784436081306,-5.81134208841785,"RPS27",0.616735959405076,0.277159281860454,""
"MSRB3",-0.0606955629443817,11.7276635123964,-0.613064935986212,0.545684847993896,0.815031636384613,-5.82767873175921,"MSRB3",0.622269129929806,0.263058105084362,""
"DENR",-0.060894973885544,11.2636686349662,-0.591315600263123,0.560433242715033,0.821758855891143,-5.79457134323103,"DENR",0.62740529991671,0.251476111966712,""
"ALAD",-0.0609515720419544,12.9502787925189,-0.471937467347571,0.641296984156314,0.867274896379117,-5.90177856997382,"ALAD",0.662156376620848,0.192940802445697,""
"SLC25A24",-0.0614104568353664,10.5889690361868,-0.431105556194284,0.671611194866649,0.882369829218103,-5.77169771770172,"SLC25A24",0.673681218485553,0.17288207336143,""
"L2HGDH",-0.0615640433712006,13.6960320322353,-0.939205025483602,0.357120110335919,0.700231451388612,-5.58620669013114,"L2HGDH",0.534620248531623,0.447185692898781,""
"SAMM50",-0.0617434758727455,16.4951826928573,-0.761104604298761,0.454117609304318,0.760216709220232,-5.73000435876529,"SAMM50",0.58041843909644,0.342831657148983,""
"KYAT1",-0.0618055678350977,13.2245314020489,-0.692479727380733,0.495380338316375,0.784172517531623,-5.77778959167547,"KYAT1",0.598708477579879,0.305061234589417,""
"VDAC1",-0.061845324190017,18.0067762362396,-1.03909615659203,0.309267991693802,0.66015494732558,-5.49338068783356,"VDAC1",0.504022207669608,0.509665025842568,""
"CACNA2D1",-0.0619005016494505,14.6392557696141,-0.839105553407056,0.409812437958797,0.729430569981219,-5.67050455794542,"CACNA2D1",0.556913506008029,0.387414864736926,""
"ADSL",-0.0619811994564934,14.7106793365997,-0.843388319271046,0.407461441973677,0.727694161977793,-5.66707951990822,"ADSL",0.555587774528097,0.389913482213217,""
"IGHV3-9",-0.0621744666825865,11.5044005118639,-0.31485688830418,0.755631609921629,0.918078016117223,-5.96195470902264,"IGHV3-9",0.700944089521642,0.121689882767945,""
"RPL7",-0.0622593177439725,12.7481354528509,-0.66140678020726,0.514744561241962,0.7970582364906,-5.79800527175575,"RPL7",0.60854660504287,0.288408233413346,""
"SLC25A11",-0.0624241344045107,15.8517533245256,-0.630156825969881,0.534634133342229,0.807877558300142,-5.81743543935039,"SLC25A11",0.616807057359444,0.271943317466954,""
"SF3B3",-0.0624754955742279,11.6924871919893,-0.745149231310781,0.463523430731706,0.766575904165166,-5.74149795523552,"SF3B3",0.585273625728202,0.333928307732446,""
"NDUFA13",-0.0630654069675316,18.0485003797248,-0.76548422834695,0.451555949463499,0.759409854175017,-5.72680901406389,"NDUFA13",0.579802412718381,0.345288431313131,""
"DDX3X",-0.0632807453944508,13.3879596704839,-0.741634182365719,0.465611014591189,0.767435986056997,-5.7439989232401,"DDX3X",0.585930290312257,0.331976754475881,""
"CALD1",-0.0635859776058414,12.973554501415,-0.505713478164549,0.617739280637366,0.856103421814156,-5.88575640973025,"CALD1",0.65362705892662,0.209194781984859,""
"PCYT1A",-0.0640918455555006,12.2560625034345,-0.825335286648057,0.417429538261797,0.736595085648198,-5.6814059829614,"PCYT1A",0.562383547576275,0.379416822519696,""
"FLOT2",-0.0641877552809138,11.4293586321765,-0.63737611530536,0.530002862978064,0.807877558300142,-5.81302721641407,"FLOT2",0.616807057359444,0.275721784413896,""
"COPS7A",-0.0642357399265325,14.2119738695367,-1.05363474269866,0.302696942931516,0.65145646413522,-5.47915889331656,"COPS7A",0.497380996058995,0.51899196515072,""
"TPD52L2",-0.06438571234197,12.8842680552972,-0.575135672249531,0.57063163353027,0.827415868618891,-5.84943581126215,"TPD52L2",0.631724376908264,0.243644156466473,""
"FAM98B",-0.0648369215219144,10.893063731362,-0.457348306159105,0.651777569025806,0.875235454009864,-5.88725907761911,"FAM98B",0.668234188879296,0.18590058989104,""
"MYH15",-0.065281628423369,14.4582356179502,-0.833648554476096,0.412820432334343,0.732513882096353,-5.67484494069326,"MYH15",0.559267586342502,0.384238815667532,""
"RPN1",-0.0657561044320705,13.6621311840782,-0.887102844756165,0.383956730671362,0.713027020541709,-5.63118730417077,"RPN1",0.544389547450096,0.415717714927959,""
"SUOX",-0.0658224133331764,12.7237396902172,-0.693455505038285,0.49477901839313,0.783946226162626,-5.77714035520999,"SUOX",0.598535706208792,0.305588725351098,""
"MCCC1",-0.065905751774773,12.3851904769184,-0.561558230722829,0.579700485550173,0.832517521770072,-5.85689648763044,"MCCC1",0.635619441990242,0.236796335869227,""
"PPP1R27",-0.0660432143614607,11.1032072050634,-0.365215462427247,0.718196696249469,0.907545209037071,-5.94524641449522,"PPP1R27",0.692902388555826,0.14375659698762,""
"YKT6",-0.0661274413812389,12.0205601150451,-0.317468558098546,0.754076013613931,0.916964097876152,-5.89648471800535,"YKT6",0.700093623228384,0.122584873454969,""
"LYRM4",-0.0661815806381725,10.4260353684038,-0.391620085933165,0.7013849962422,0.896162138055788,-5.65369904340394,"LYRM4",0.684211518951214,0.154043528615501,""
"AGPS",-0.0664853880601992,11.052084214999,-0.670321717351921,0.509740899598374,0.791062769052396,-5.74674432330489,"AGPS",0.603969121004529,0.292650518937736,""
"DNPH1",-0.0667886332486862,13.0499248507267,-0.598886179624426,0.554942807439079,0.819711258256112,-5.83596945210543,"DNPH1",0.62584197802598,0.255751773081823,""
"MTAP",-0.0668040434188715,13.5557843613579,-0.623979930956655,0.538613883851777,0.810036909658697,-5.821168686081,"MTAP",0.618455702186363,0.268722455969996,""
"SURF1",-0.0668443914538148,13.2886424234875,-0.638502399166992,0.529282297867145,0.807784436081306,-5.81233512140808,"SURF1",0.616735959405076,0.276312630979786,""
"CYGB",-0.0670111396167083,12.0686853200232,-0.627906546514301,0.536082149581432,0.807877558300142,-5.81879959363596,"CYGB",0.616807057359444,0.270768653635261,""
"CRBN",-0.0671999273844683,10.3483948916064,-0.389971058366101,0.70181457827039,0.896312123760804,-5.73741012045626,"CRBN",0.684326031652312,0.153777614751806,""
"LHPP",-0.0680029646300024,10.7745157092564,-0.495472298689984,0.625258865137405,0.85809974568887,-5.84479739688864,"LHPP",0.655151233774712,0.203940141975769,""
"HSPH1",-0.0680514569067849,11.9556684214696,-0.77391961583366,0.446646643873902,0.756832870149582,-5.72060561771623,"HSPH1",0.577834909205924,0.350035924974227,""
"GBF1",-0.0681082541181866,11.1651099361701,-0.48954573102732,0.629615715789416,0.860794751316173,-5.81793642923491,"GBF1",0.657208845690608,0.200924440122564,""
"DHTKD1",-0.0681439324191331,12.8832323145484,-0.463965885112644,0.64691471159359,0.871150158060599,-5.90540178750321,"DHTKD1",0.665115103137874,0.189152972385146,""
"SYPL2",-0.0681652382976452,12.6940008578858,-0.336430642058745,0.739513239138325,0.915184047468392,-5.95509670856964,"SYPL2",0.698734571175655,0.131054046639026,""
"NCK2",-0.0682568006142326,11.2677488464871,-0.380829779630341,0.707633132749167,0.900937793402598,-5.82614876052542,"NCK2",0.687857687719198,0.15019184078032,""
"METAP1D",-0.0688707201522529,11.0909893477481,-0.503068414863867,0.620508771487802,0.856893065387917,-5.79160434253495,"METAP1D",0.654229944505122,0.207252074951995,""
"PRMT7",-0.0691400262647477,10.9443877490266,-0.438265837650518,0.665535746410178,0.881164150216016,-5.87571120278382,"PRMT7",0.672760693698404,0.176828613289584,""
"RPL7A",-0.069148050465623,12.5040637134101,-0.796602997445116,0.433606546098903,0.749930357740934,-5.7036050867204,"RPL7A",0.572564904706575,0.362904169935602,""
"ADIRF",-0.0691746730995604,9.4337854350205,-0.296507427654026,0.76995401664067,0.928017624590832,-5.87769047654976,"ADIRF",0.708532888827829,0.113535211081467,""
"RBBP7",-0.0692661554700678,12.3106216752007,-0.864805358442713,0.395833571742489,0.722205837729478,-5.64970670078899,"RBBP7",0.551397489633242,0.402487374848654,""
"TMEM65",-0.0692766342009516,11.6833311084918,-0.444915870400344,0.660426180137271,0.881066431908292,-5.91381497291709,"TMEM65",0.672686086672601,0.180175719080064,""
"NDUFA12",-0.0693350854559043,13.4202970063323,-0.77335958455157,0.446971571104084,0.756832870149582,-5.72101946279105,"NDUFA12",0.577834909205924,0.349720098580042,""
"HLA-DRA",-0.0694075209147034,12.9914892254273,-0.709808752676344,0.48476342395856,0.77643741051518,-5.76612950552474,"HLA-DRA",0.59280279478407,0.314470155698651,""
"GCDH",-0.069427995489626,12.6939581647137,-0.592987370890076,0.558818354562351,0.820648335523534,-5.83936332523038,"GCDH",0.62655742786847,0.252729337786496,""
"CAT",-0.0694442372810489,15.4463890882356,-0.437464616825033,0.665743642256608,0.881164150216016,-5.91701146342371,"CAT",0.672760693698404,0.176692972310811,""
"NCLN",-0.069524170378541,12.0673840678593,-0.580108858865342,0.567327951236628,0.825837044187459,-5.84665979419951,"NCLN",0.630518959030723,0.246165818993398,""
"CBFB",-0.0696293702403583,10.2337392577176,-0.309370543463973,0.760878000435888,0.921525341594134,-5.79019202261108,"CBFB",0.703576090697226,0.118684972644645,""
"JSRP1",-0.0699497217609579,11.3354863227914,-0.450894455173733,0.656172804755378,0.877796641942671,-5.91121189278685,"JSRP1",0.670189632220863,0.182981773019492,""
"COASY",-0.0702218076076786,13.1366868795794,-0.750840450183946,0.460155217068064,0.763700512579164,-5.73742478797419,"COASY",0.583078290798179,0.337095649740807,""
"RTCA",-0.0707345836650699,14.2421771301222,-0.862238094039717,0.397216055175949,0.722205837729478,-5.65181069176487,"RTCA",0.551397489633242,0.400973205963657,""
"FAM185A",-0.0709016507537683,12.3084697564556,-0.826913361247436,0.416552135293764,0.736107133253511,-5.68016528039781,"FAM185A",0.562011000427755,0.380330634945299,""
"MYLK2",-0.0710185280112139,15.6442923584046,-0.762520343144985,0.453288585222529,0.760056658016487,-5.72897334833508,"MYLK2",0.580296241479988,0.343625217268879,""
"ADK",-0.0714339941187419,12.1926684998474,-0.985286084826338,0.334457537522547,0.685222313493292,-5.54445183302396,"ADK",0.523160910314339,0.475659012097168,""
"ARHGAP17",-0.0719864764265949,12.6215725923174,-1.01894742428405,0.31853954443604,0.670264451004601,-5.51279363116394,"ARHGAP17",0.511740720396637,0.496836645387322,""
"NCK1",-0.0720645883762341,11.0173489729203,-0.468063384589731,0.645163259071592,0.870422505432028,-5.77633006712123,"NCK1",0.664559547073719,0.190330372896224,""
"SERPINA7",-0.0731285420283125,11.3260996846753,-0.464851291721804,0.646289681921456,0.870716882588691,-5.90500234354128,"SERPINA7",0.664784301315113,0.189572777576237,""
"ADRM1",-0.0732592217881294,10.6987625987419,-0.486874063919138,0.630829730675454,0.860794751316173,-5.89482682438458,"ADRM1",0.657208845690608,0.200087846788881,""
"DAG1",-0.0743043404056962,15.5090907352862,-0.957115296747281,0.348192142255698,0.692113827724285,-5.57019653998607,"DAG1",0.528422517806586,0.458181033946708,""
"LANCL2",-0.0743406966706601,11.6178422155625,-0.850688639382146,0.40347375502009,0.724604256609035,-5.66120357690068,"LANCL2",0.553228660305352,0.394184709815894,""
"ARCN1",-0.0743834218831889,11.8640406963384,-0.63841644671713,0.529337269155656,0.807784436081306,-5.81238798021882,"ARCN1",0.616735959405076,0.276267527473241,""
"GNAS",-0.0745647425796516,12.8006881901882,-1.00910677706445,0.323137535311326,0.673731201073942,-5.52214910045743,"GNAS",0.514387552069212,0.490612591868542,""
"NUDCD3",-0.074688524059507,10.3219429525078,-0.58598028223522,0.56368333481237,0.823580078496852,-5.82234560554597,"NUDCD3",0.628795786562467,0.248964804821493,""
"ORM1",-0.0747859340255559,16.1462472585073,-0.575410845973608,0.570448581220809,0.827415868618891,-5.84928281645559,"ORM1",0.631724376908264,0.24378349567778,""
"COA1",-0.075037287837004,12.8358314177025,-0.905569725468228,0.37429786035029,0.706541159909202,-5.61551713425689,"COA1",0.539437652735262,0.42678265549503,""
"TMPO",-0.0750857740400654,10.675722382143,-0.801101811563406,0.431777749618075,0.748437343769759,-5.65505836500459,"TMPO",0.571425002323229,0.3647397414994,""
"CD63",-0.0751161124811546,11.050022545828,-0.511025178804943,0.616467297279359,0.855013338400502,-5.68347186213289,"CD63",0.652794790304049,0.210089957166912,""
"COPB1",-0.0753460937301522,10.6069489727704,-0.828314621085826,0.415774012124504,0.735481940116729,-5.67906172380786,"COPB1",0.561533671239664,0.381142659650158,""
"MYBPC1",-0.0757711641721635,19.7022323750189,-1.10098177287085,0.281985097342298,0.639115253553277,-5.43160895911607,"MYBPC1",0.487958595714916,0.54977384314527,""
"TCEA3",-0.0758707214120342,11.9355873050516,-0.418795850545269,0.679144590519176,0.885395494105725,-5.92478694732894,"TCEA3",0.675991285694026,0.168037754173701,""
"AMPD3",-0.07628770304391,10.7493228082943,-0.393526757610467,0.699240335130088,0.894423467581939,-5.73428528862715,"AMPD3",0.682884060096002,0.155373527714646,""
"RPL35",-0.0764223190084579,10.1811769802012,-0.495916061861735,0.625747520829356,0.858347411515089,-5.76343653615987,"RPL35",0.655340324346555,0.203600862362589,""
"RCSD1",-0.0766300096929857,10.7647384947221,-0.376303677226958,0.710046121647219,0.902409214364394,-5.9412388859367,"RCSD1",0.688981104039231,0.148713440398778,""
"ILKAP",-0.0768265163759807,10.0467622273548,-0.597573761591804,0.557311751475363,0.819769556135819,-5.72417923083167,"ILKAP",0.625886487918925,0.253901799313983,""
"BPGM",-0.0769984067437868,12.578806264072,-0.371842143531469,0.713321467095474,0.904163743018969,-5.94286561725311,"BPGM",0.690320670469023,0.146714705881435,""
"SLC25A12",-0.0773177060629049,15.6877106848124,-0.97351840067224,0.340149042878959,0.687799182676832,-5.55528948663553,"SLC25A12",0.52512832614607,0.468330746731847,""
"CACNA1S",-0.0773342874372993,13.8555210718953,-0.914754281012459,0.369554050759189,0.705581892701341,-5.60761186225916,"CACNA1S",0.538705261078106,0.432322032966768,""
"AGFG1",-0.0776415006964157,10.0349412846839,-0.607042795721352,0.550136884523771,0.817010308361589,-5.78551058548864,"AGFG1",0.623779827716939,0.259529236329761,""
"ITGA6",-0.0781364329911725,10.8214800845613,-0.752141139859546,0.460454750008545,0.763700512579164,-5.66200127720748,"ITGA6",0.583078290798179,0.336813042529411,""
"RASA3",-0.0781395255803208,11.8149255232283,-0.59567225180388,0.557300481148314,0.819769556135819,-5.81682480625835,"RASA3",0.625886487918925,0.253910581993203,""
"HMGB2",-0.0782898705952171,10.6726278117618,-0.738767975219843,0.467635394968427,0.767779769773866,-5.72520226671109,"HMGB2",0.586192766006243,0.330092624846128,""
"CNPY2",-0.0783462209305892,11.5467546464842,-0.641097362079516,0.527624133705751,0.807784436081306,-5.81073604830074,"CNPY2",0.616735959405076,0.277675347895334,""
"RBP4",-0.0785478234679537,13.4913151279636,-0.532976301746793,0.599023343615847,0.843936820163024,-5.8720351134302,"RBP4",0.644337970889208,0.222556253059752,""
"TNNI2",-0.0787683918396507,14.8012962745038,-0.192269333672484,0.849172736608297,0.956177487637659,-5.99234957787344,"TNNI2",0.730032684289538,0.0710039576650646,""
"USP13",-0.0788346677580822,10.6159402680687,-0.69068108076303,0.499283097107207,0.78494714777353,-5.60833781571351,"USP13",0.599299900618114,0.30165313644304,""
"UBR3",-0.0788849788711357,10.8704189221908,-0.685780878383688,0.499519678446741,0.78494714777353,-5.78222303981193,"UBR3",0.599299900618114,0.301447398183762,""
"METTL26",-0.0792345381995361,11.7911216733663,-0.575575575659191,0.570339013248364,0.827415868618891,-5.84919119382496,"METTL26",0.631724376908264,0.243866920087728,""
"HSPG2",-0.0793999822143086,15.1470301577528,-1.0827773187868,0.289824458066967,0.640759662116929,-5.45011403279384,"HSPG2",0.489214086471927,0.537864967535246,""
"USP47",-0.0794381081172304,12.7280972676919,-0.986867634863938,0.333697620256442,0.684318476968746,-5.54298617774626,"USP47",0.522470839472153,0.476646890477904,""
"SERPINF1",-0.0794422228152616,12.3773348286164,-0.835055475705092,0.412043582918461,0.732040301088428,-5.67372844953584,"SERPINF1",0.558906011615096,0.385056845083528,""
"EFTUD2",-0.0797023650902648,11.1607709052015,-0.597084704455699,0.556124901324266,0.819769556135819,-5.837009380037,"EFTUD2",0.625886487918925,0.254827658302709,""
"DDI2",-0.0802244903325473,11.5214755690863,-0.27640489621653,0.785123618173166,0.936149707303242,-5.87942788786673,"DDI2",0.714741658902591,0.105061957950611,""
"CAPZA2",-0.0802350077924388,17.0177398155772,-1.09140936211768,0.286087976184394,0.640123355022583,-5.44137398875425,"CAPZA2",0.488728271879841,0.54350039450687,""
"GABARAP",-0.0802504635265961,10.6636253228857,-0.364153148609282,0.719632978248718,0.907776584452549,-5.85265775885271,"GABARAP",0.693079041549464,0.142888942681591,""
"PSMD6",-0.0804024432590147,12.8739134811336,-1.32621717078836,0.197434677304494,0.56457665193347,-5.18027236618904,"PSMD6",0.431049061525676,0.704576565752841,""
"LAMC1",-0.080442615971803,13.5574209174697,-0.939364282722125,0.357040052535065,0.700231451388612,-5.58606555863196,"LAMC1",0.534620248531623,0.4472830622652,""
"CAVIN4",-0.0809327527048946,12.6547896290437,-0.524451549196955,0.604846177504005,0.847493106693021,-5.87640112891588,"CAVIN4",0.647053162822884,0.218355059653652,""
"APOE",-0.0811947142935274,11.8329917252038,-0.739811538760468,0.466695666633505,0.767779769773866,-5.74529130839554,"APOE",0.586192766006243,0.330966231610867,""
"PHB2",-0.0813939913321153,15.5705712408137,-1.08622675019054,0.288327155335452,0.640123355022583,-5.44662892800557,"PHB2",0.488728271879841,0.540114452800978,""
"MACROH2A1",-0.0815356363600053,13.6269151005733,-1.0587325797823,0.300416420746722,0.648980845721474,-5.47412978980864,"MACROH2A1",0.495490884255245,0.522276332504139,""
"AKAP7",-0.081615721462363,9.96331180536837,-0.559752687900727,0.58197385681325,0.832517521770072,-5.76265908917775,"AKAP7",0.635619441990242,0.235096524107427,""
"TJP1",-0.0822918630272618,12.5963506196748,-1.22987012609904,0.231368617870325,0.592209153318666,-5.27329961274172,"TJP1",0.452146221227383,0.635695547761151,""
"WDR82",-0.0823487887539596,9.33978828667705,-0.36341222361909,0.722806434015509,0.907776584452549,-5.57698730064475,"WDR82",0.693079041549464,0.140977990249186,""
"DRG1",-0.083339818765193,9.94453241794185,-0.557899566341825,0.58215649541611,0.832517521770072,-5.85887725977165,"DRG1",0.635619441990242,0.234960252532849,""
"SLC37A4",-0.0835090468740116,10.6489681635517,-0.606608860824096,0.54989018957258,0.817010308361589,-5.83147705634902,"SLC37A4",0.623779827716939,0.259724028367765,""
"SKIC8",-0.0836641715787234,11.6579661604081,-0.975775249646679,0.339052412999231,0.687799182676832,-5.55322026220512,"SKIC8",0.52512832614607,0.469733160449273,""
"EPM2A",-0.0837318024266622,14.0667397888261,-0.915833050863171,0.368999488857259,0.705581892701341,-5.6066784934118,"EPM2A",0.538705261078106,0.432974235430711,""
"IGHG4",-0.0838581832471714,12.1148755040757,-0.343189365759783,0.734766331155723,0.915184047468392,-5.90827842340556,"IGHG4",0.698734571175655,0.13385075237751,""
"PRKCQ",-0.0839921078830255,10.7483289865389,-0.904267833799548,0.37537193511252,0.707297583906701,-5.59610368633451,"PRKCQ",0.540015175473974,0.425538200764736,""
"FGG",-0.0844750925490967,14.587712800915,-0.610359008436127,0.547445359561882,0.816051727571217,-5.82927545341915,"FGG",0.623047960133199,0.261659221190985,""
"C4BPA",-0.0846703480002038,11.9210215792242,-0.488128796805178,0.629953978679574,0.860794751316173,-5.89423319365145,"C4BPA",0.657208845690608,0.200691176793341,""
"PRSS3",-0.0849054885758047,13.7973205583891,-0.432418736534472,0.669354758956014,0.881164150216016,-5.91914594268979,"PRSS3",0.672760693698404,0.174343644532374,""
"NEK9",-0.0849433433091864,11.4062421754259,-0.843685085817698,0.40899978282628,0.729340606518167,-5.57949184141717,"NEK9",0.55684481973454,0.388276922597483,""
"IMPDH2",-0.0851770791068436,14.3264487292074,-1.27351656229252,0.215210482980196,0.581493473284371,-5.24271698008062,"IMPDH2",0.44396489844938,0.667136577849656,""
"METAP1",-0.0853455379668802,11.1090755159624,-0.749539424309404,0.461247265401593,0.764573267302525,-5.71754670062528,"METAP1",0.58374463097211,0.336066195628588,""
"ATP6V1B2",-0.085598809761235,11.6818114195713,-1.11972340817569,0.274075536325907,0.632516297414278,-5.4122691513519,"ATP6V1B2",0.482920353624982,0.562129727367523,""
"THOP1",-0.085998374166687,11.4505119135585,-1.15082899027997,0.261306401740729,0.625107991776554,-5.37952869392747,"THOP1",0.477264180664764,0.582849950369819,""
"CASP7",-0.0861970524077922,11.1369846572995,-0.203167519951205,0.846123401594178,0.955633472060144,-5.15450204771617,"CASP7",0.729617333418509,0.0725662933165896,""
"NT5C",-0.0862543080710019,12.7063167129041,-0.674740915566297,0.506383932024074,0.789266161151529,-5.78943934193367,"NT5C",0.602597427458672,0.295520083290843,""
"XPO7",-0.0863308004929966,9.7406781178524,-0.629796649697968,0.536896684512947,0.807877558300142,-5.64734803970003,"XPO7",0.616807057359444,0.270109277918263,""
"RPL3L",-0.0867152872443384,10.6576727353948,-0.720541746809587,0.478563031312435,0.772168106462465,-5.73791617580244,"RPL3L",0.589543220554445,0.320060853397315,""
"PTPA",-0.0867707663271418,13.6026647542574,-1.04768673276207,0.305373247757939,0.654751257618269,-5.48499893572875,"PTPA",0.499896540465455,0.515169012007836,""
"SARNP",-0.086864357584906,11.4897038127302,-0.497430276773366,0.623680582629209,0.857971707105155,-5.86870747078982,"SARNP",0.655053477498109,0.205037776853564,""
"SNX21",-0.0873521928056995,10.1027481381491,-0.638461760721239,0.530545258916879,0.807877558300142,-5.72363366138283,"SNX21",0.616807057359444,0.275277562074695,""
"KMT2A",-0.0874582416022971,10.5495894382223,-0.194805376978379,0.848415244724924,0.956177487637659,-5.72167018607431,"KMT2A",0.730032684289538,0.0713915364774581,""
"MFAP4",-0.0878953476240856,13.1488877493603,-0.518117609898507,0.609190000674912,0.851238232357323,-5.87960062600288,"MFAP4",0.649912531692221,0.215247233844447,""
"SURF4",-0.0881253794596493,11.5733438638517,-0.773729348388218,0.447458253441912,0.756832870149582,-5.6804415962271,"SURF4",0.577834909205924,0.34924747687442,""
"NDUFAF6",-0.088176130286314,12.6177275512643,-0.752839005608586,0.458975885598749,0.763700512579164,-5.73598744545323,"NDUFAF6",0.583078290798179,0.338210131513959,""
"TSN",-0.0882486300715897,11.3820616084332,-0.928615677073023,0.36247031747803,0.70124816811282,-5.59554118057053,"TSN",0.53539650236413,0.440727551805548,""
"GDPD1",-0.0883687454477329,12.5459407082447,-0.407891460002533,0.687763685399074,0.8888266783134,-5.84255964697889,"GDPD1",0.678610963159565,0.162560759085619,""
"SH3BGR",-0.0883867975254233,16.922243229135,-0.860387452645562,0.39821455423106,0.722205837729478,-5.65332374822477,"SH3BGR",0.551397489633242,0.399882871112409,""
"SCARB2",-0.0885404184667689,12.0132574600862,-0.891008504256005,0.381900489760579,0.713027020541709,-5.62789818984325,"SCARB2",0.544389547450096,0.418049784674127,""
"PALLD",-0.0887984107204183,11.6743351899937,-0.886212492021965,0.384426488916238,0.713437911880104,-5.63193522227895,"PALLD",0.544703259193573,0.415186694900986,""
"F13A1",-0.0890060083908413,11.5967870112953,-0.757550945252838,0.456202554709834,0.762373419424874,-5.73258429317368,"F13A1",0.58206506742673,0.340842287026759,""
"HS1BP3",-0.0894900351942756,10.5000791612628,-0.864580471231754,0.397202253500504,0.722205837729478,-5.58699432138487,"HS1BP3",0.551397489633242,0.400988296228878,""
"ACAD9",-0.0894949398365537,11.1468445474425,-1.01308107732382,0.321275047267204,0.672289111300396,-5.51838071034118,"ACAD9",0.51328652984062,0.493123003844646,""
"TRIM55",-0.0894962792842655,11.8007573987892,-0.958140158217669,0.348571107478521,0.692113827724285,-5.52489387850026,"TRIM55",0.528422517806586,0.457708613733968,""
"RAB18",-0.0898072646227792,10.8286930645079,-0.567851014396062,0.57572284429385,0.830595375050012,-5.8324369158506,"RAB18",0.634151900714918,0.239786537691076,""
"LRRC40",-0.0900068224842965,11.9082734934606,-0.981115905660647,0.336900545449825,0.686473716101099,-5.5279643065511,"LRRC40",0.524116344652331,0.472498285885435,""
"XPO1",-0.0900557341692991,11.9504591678315,-1.05515685419621,0.302014745061725,0.650475868771353,-5.47765960322966,"XPO1",0.496632320551632,0.519971853259345,""
"IGKV3-20",-0.0901721058233615,13.2605229448493,-0.285605334013224,0.777667091880507,0.9333955772529,-5.97053377256407,"IGKV3-20",0.712638906035545,0.109206278461734,""
"MATR3",-0.0905470611639334,11.2864697466752,-0.982244721815706,0.335922213499801,0.685222313493292,-5.5472642722625,"MATR3",0.523160910314339,0.473761276654286,""
"IVD",-0.0906681841572787,13.0673476382254,-0.963998704995474,0.344801380089109,0.69080583547511,-5.5639693023963,"IVD",0.527423877799849,0.462431004552994,""
"EIF4EBP1",-0.0907019809100884,11.5198080340829,-0.627052034263109,0.536895628977377,0.807877558300142,-5.79835003094145,"EIF4EBP1",0.616807057359444,0.270110131739375,""
"ERGIC1",-0.0907256751490575,10.0984290671105,-0.68467090910688,0.501165220374466,0.784967456462134,-5.71595396161489,"ERGIC1",0.599315406114371,0.300019075593991,""
"NEK7",-0.0908332732643249,12.3440627986123,-0.957749903876483,0.347878594085271,0.692113827724285,-5.56962414668988,"NEK7",0.528422517806586,0.458572293749276,""
"MMAB",-0.0909972205773961,11.8903641613944,-0.260429841734666,0.797241966835155,0.938371167752969,-5.88120314498223,"MMAB",0.716437723447222,0.0984098480984759,""
"OSTC",-0.0917588469617563,9.91813324421986,-0.622294974582169,0.540559542928717,0.811523736100491,-5.74703000420258,"OSTC",0.61959088044815,0.267156461301559,""
"EML1",-0.0921754648179842,12.0516697087931,-1.40870495492217,0.17193537674202,0.526815866196733,-5.07822656193316,"EML1",0.402219050226855,0.764634755406441,""
"CDC37L1",-0.0922366765741653,11.7568270524505,-0.38314792257398,0.706764885786024,0.900231582560637,-5.72796840949217,"CDC37L1",0.687318502261167,0.150725035690727,""
"TXNRD1",-0.0924789569522844,12.9664381786507,-1.58798936617993,0.125570374066056,0.461023999404297,-4.83900231284898,"TXNRD1",0.351987567327622,0.901112812010463,""
"NEB",-0.0932116236866918,18.0431026011501,-0.776670546321323,0.445052647285044,0.756832870149582,-5.71856864728011,"NEB",0.577834909205924,0.351588611327022,""
"ACHE",-0.0933760672995376,12.5189063466503,-0.528315134121635,0.603197315001861,0.846898246096942,-5.77908218157945,"ACHE",0.646598992249587,0.219540600298878,""
"STRIP2",-0.0935628419734407,10.3872777568542,-0.582231565950228,0.566162181911125,0.824683726162781,-5.82445745589258,"STRIP2",0.629638411366423,0.247059143688414,""
"PRPSAP1",-0.0941905187946048,11.6647673744298,-0.874093774569874,0.390857607393445,0.7184072924626,-5.64204558986373,"PRPSAP1",0.548497335390513,0.407981430804618,""
"CHCHD7",-0.0944395989013103,12.4393104070609,-0.398327912701998,0.693961962742106,0.892636556914241,-5.93292805865773,"CHCHD7",0.681519770298145,0.158664333326024,""
"SPCS2",-0.0944758145629958,13.2070330768208,-0.764640847940921,0.452048568716512,0.759409854175017,-5.72742569138011,"SPCS2",0.579802412718381,0.344814901488626,""
"APOA4",-0.0950492632337028,13.6497892578793,-0.878166217736686,0.38868873530309,0.716342967043808,-5.63866253130774,"APOA4",0.546921241991315,0.410398045596155,""
"ABRAXAS2",-0.0951770941803858,12.7611585117563,-0.619510482462652,0.541503365279164,0.811632293216025,-5.82384782561442,"ABRAXAS2",0.61967376280365,0.266398840021801,""
"ORM2",-0.0953512125109821,15.0778722786846,-0.825380003432419,0.417404659962737,0.736595085648198,-5.6813708567375,"ORM2",0.562383547576275,0.37944270672048,""
"PPP6C",-0.0954420820036148,9.53836596224415,-0.504257718878829,0.618746287553308,0.856428013284261,-5.88646930148308,"PPP6C",0.653874881517385,0.208487393795667,""
"RNF170",-0.0956301536160602,10.9166576617718,-0.716011249990115,0.480995471599422,0.773634733312012,-5.761889117956,"RNF170",0.590662976614035,0.31785901233436,""
"RCC1",-0.0957275406784373,15.2702303132627,-0.679390131729443,0.503775514915113,0.786909414211801,-5.76550720618722,"RCC1",0.600798072927903,0.29776294441168,""
"GPD2",-0.0958377486607471,12.4657916955165,-0.958004584627404,0.347752814576954,0.692113827724285,-5.56939433538733,"GPD2",0.528422517806586,0.458729346309911,""
"TMED10",-0.0960347517714766,13.2676093814329,-1.2740397629999,0.215028158101611,0.581493473284371,-5.24210775344084,"TMED10",0.44396489844938,0.667504665166148,""
"HGH1",-0.0962736483263704,12.046585374198,-0.542045090169238,0.592858753950865,0.839712620914126,-5.86731514900067,"HGH1",0.641112833760885,0.227048763105263,""
"THTPA",-0.096281336802404,10.6858373360676,-0.433591310208592,0.669308358087943,0.881164150216016,-5.82297651599216,"THTPA",0.672760693698404,0.174373751645523,""
"FILIP1",-0.0964110773048166,11.3856567909223,-0.787232832916592,0.438964605732705,0.755052615668659,-5.7106840655848,"FILIP1",0.576475701345218,0.357570496055541,""
"UQCC1",-0.0967456689080617,12.3693097205876,-0.740320756860708,0.46639248167931,0.767779769773866,-5.74493054094468,"UQCC1",0.586192766006243,0.331248459088464,""
"MRPS31",-0.0972449586966526,10.7920808851862,-0.792332128447856,0.436764077511003,0.753122922843296,-5.66168785966331,"MRPS31",0.575002398688162,0.359753088206924,""
"WASHC2C",-0.0974249709716091,9.50450451295932,-0.327096866861628,0.750579959883908,0.916556857802963,-5.47971388594916,"WASHC2C",0.699782699192184,0.124603035217396,""
"SRGAP3",-0.0974420631117461,9.6323473570577,-0.545575229129936,0.591203626414342,0.838609491815996,-5.79001028506959,"SRGAP3",0.640270604878656,0.228262910663793,""
"PGK2",-0.0981702942074083,14.851656689655,-0.937132603792837,0.358576710622885,0.700231451388612,-5.5675887927717,"PGK2",0.534620248531623,0.445417921066153,""
"GCLC",-0.0981980641795612,10.8668535597675,-0.878435947253985,0.390323083071203,0.717884414796555,-5.54822588128459,"GCLC",0.548098123119745,0.408575764491193,""
"APOOL",-0.0988020888823211,12.8537390713407,-1.47651468298852,0.152998896195636,0.501253312198857,-4.99049939544245,"APOOL",0.382702276245414,0.815311702371117,""
"TPP1",-0.0994258426851236,14.7621851041378,-1.06383947669161,0.298144093807572,0.648851662818935,-5.46906975371871,"TPP1",0.495392254301786,0.525573789545432,""
"LPP",-0.0996049343726604,12.0497513450543,-1.01340095127096,0.321125468902445,0.672289111300396,-5.51807682190219,"LPP",0.51328652984062,0.493325248575046,""
"RPL10",-0.0998670241898072,11.7624898187706,-0.96488769903536,0.345256705749173,0.691129871547042,-5.51882221289576,"RPL10",0.527671276349237,0.461857877581826,""
"ESYT2",-0.100715464173458,14.2278573715288,-0.875886992681743,0.389901625767175,0.717568953575359,-5.64055773679646,"ESYT2",0.547857271389729,0.409044953936813,""
"WBP2",-0.100786953471658,11.110487128272,-0.492888509651903,0.630536975008806,0.860794751316173,-5.58256433244297,"WBP2",0.657208845690608,0.200289441094932,""
"MTFMT",-0.100872748528806,9.28575972585238,-0.584022545022459,0.567529253981838,0.825837044187459,-5.63702213944227,"MTFMT",0.630518959030723,0.246011747323497,""
"WDR44",-0.102797910077108,9.93196552092478,-0.792634877661115,0.437958715723851,0.754276828340238,-5.59317945245001,"WDR44",0.575883394882112,0.358566826432795,""
"STOM",-0.102956773241159,13.3825020317898,-0.728401434260432,0.473519622953922,0.770677345521945,-5.75331304282734,"STOM",0.588405038339205,0.324662018848621,""
"ADD1",-0.103400063520803,11.0595896415739,-0.880357308018323,0.392880270490317,0.719361770776594,-5.4093824711557,"ADD1",0.549226070771413,0.405739779873165,""
"MIF4GD",-0.103642403841633,10.3703747552346,-0.910474892000233,0.372598698649109,0.705581892701341,-5.56667191116167,"MIF4GD",0.538705261078106,0.42875866626881,""
"SNX1",-0.103778048717123,9.79345130870567,-0.595571962674127,0.557933270752307,0.819769556135819,-5.77375644662581,"SNX1",0.625886487918925,0.253417739910108,""
"CAV2",-0.103889615564224,11.9346006219897,-0.91913011390612,0.367307988796733,0.70537875306717,-5.60381949997734,"CAV2",0.538550165842822,0.434969625826752,""
"DHRS7C",-0.10446020640401,13.6248098241334,-0.994029675608722,0.330271188567729,0.681150553578231,-5.53632202501288,"DHRS7C",0.520052159210067,0.481129310631353,""
"PHYH",-0.105328879589619,10.2676108632528,-0.546061538617177,0.600582887068882,0.845232092536647,-5.25707533339079,"PHYH",0.645326899388391,0.221427046691544,""
"GHITM",-0.105499524941164,10.5976668067927,-0.72964047586189,0.474675829996985,0.771247486090178,-5.63842229560693,"GHITM",0.588840335399459,0.323602881545129,""
"ANP32B",-0.105565322357174,12.5555036942036,-1.29168182508766,0.209493937987906,0.577707972045737,-5.2022523603711,"ANP32B",0.441074703201791,0.678828539458983,""
"NDUFS5",-0.106265001362647,15.6593169139535,-1.08699352117782,0.287995076651645,0.640123355022583,-5.44585287314304,"NDUFS5",0.488728271879841,0.540614936550837,""
"IGKV2-30",-0.106608872706682,11.6819704174502,-0.591306883243773,0.559924999849303,0.821758855891143,-5.84032423485425,"IGKV2-30",0.62740529991671,0.251870141445513,""
"CELF1",-0.106642336372433,12.2939940628786,-0.882922075634013,0.386165787892429,0.714621586866954,-5.63469317920056,"CELF1",0.545606984118233,0.413226204890353,""
"TTLL12",-0.106654982314982,11.8025334684521,-1.12067297119861,0.274169991908897,0.632516297414278,-5.39137107144998,"TTLL12",0.482920353624982,0.561980080770255,""
"PPP6R1",-0.106681439419383,10.0704228575949,-0.606302498095278,0.555039598066835,0.819711258256112,-5.5237348189459,"PPP6R1",0.62584197802598,0.255676031997221,""
"MAP1LC3B2",-0.107055571445178,12.5310182501321,-1.06532404342652,0.297485830063638,0.648851662818935,-5.46759468395534,"MAP1LC3B2",0.495392254301786,0.526533715890831,""
"PALMD",-0.10773290554415,12.4781151995251,-1.29007937002613,0.209496012237814,0.577707972045737,-5.22332621343666,"PALMD",0.441074703201791,0.678824239426065,""
"BABAM1",-0.107804805039038,11.6590249709696,-0.862641775682863,0.39737709483666,0.722205837729478,-5.63086469240995,"BABAM1",0.551397489633242,0.400797169618589,""
"MAOB",-0.107945854229722,14.1694993995456,-1.68492040717044,0.105157345476188,0.433545212282292,-4.70018586546224,"MAOB",0.331007767046757,0.978160385475472,""
"MT-ND1",-0.108346565209207,12.6171376487891,-0.635856615003032,0.53124319824278,0.807877558300142,-5.79300210309733,"MT-ND1",0.616807057359444,0.274706617383116,""
"AP4S1",-0.108445267239922,10.8100117697868,-0.808859023698486,0.426659354888784,0.746458871350213,-5.6942265376343,"AP4S1",0.569914456896353,0.369918727631161,""
"RYR1",-0.108746393825786,15.0876849722003,-1.47607099335838,0.153117086310832,0.501253312198857,-4.99108445645357,"RYR1",0.382702276245414,0.814976343746747,""
"A2M",-0.108797523123497,13.9024610369767,-0.699698726801646,0.490941497993666,0.781964682335061,-5.77296569442246,"A2M",0.597022815790248,0.308970256578177,""
"SNRPD3",-0.109220216764907,11.4501952134128,-0.953360583426443,0.350051191037252,0.692623686745659,-5.57357600861958,"SNRPD3",0.528811790462337,0.455868440337342,""
"SUN1",-0.109408954081088,12.1429177917987,-1.41772321716698,0.169313987781112,0.522688665504916,-5.06675686708208,"SUN1",0.399067970601363,0.771307161411382,""
"MRPS9",-0.109577486458672,10.1173115058861,-0.436032267634445,0.671520878921506,0.882369829218103,-5.51834787765144,"MRPS9",0.673681218485553,0.172940479704973,""
"SRPRA",-0.110409877622065,10.0878895173268,-0.69629577376533,0.493328133048612,0.783396816170274,-5.75435995913032,"SRPRA",0.598116236751837,0.306864117298074,""
"TTC1",-0.110534709099348,10.2888256501226,-0.858877368535039,0.399407319550623,0.722860400067312,-5.63393308028536,"TTC1",0.551897241935196,0.398583980498572,""
"FYCO1",-0.11107702574709,14.1230968843231,-1.13486765511075,0.267803006468719,0.628590213857698,-5.39642869853816,"FYCO1",0.479922825075511,0.572184551724885,""
"TGFB1I1",-0.112590662212767,10.7961576385727,-0.956150725203848,0.349552438244589,0.692113827724285,-5.52667661163838,"TGFB1I1",0.528422517806586,0.456487664175862,""
"BLVRB",-0.112851436114394,15.5511948322323,-1.08610912596241,0.288378121180662,0.640123355022583,-5.44674793284209,"BLVRB",0.488728271879841,0.540037691979466,""
"AOC3",-0.113223790446632,14.8589625820075,-0.892864118718826,0.380926074874243,0.712932699454988,-5.62633078720023,"AOC3",0.544317534171167,0.419159298311975,""
"GSPT2",-0.113943071270446,11.5267882886387,-0.543589651864312,0.59392878546869,0.840398986239827,-5.67893618697496,"GSPT2",0.641636867350467,0.226265625611581,""
"EPN1",-0.114676330396842,10.7981611490181,-0.728813044878409,0.473272442316895,0.770677345521945,-5.7530257310682,"EPN1",0.588405038339205,0.324888782872256,""
"MPO",-0.11510207536632,16.1047562347041,-0.873571683197948,0.391136223882014,0.718459436190187,-5.64247823984337,"MPO",0.54853714664513,0.407671961333546,""
"ADA",-0.115189450217924,11.6319077197287,-0.362624194571515,0.720962885804884,0.907776584452549,-5.83269894173563,"ADA",0.693079041549464,0.142087091598201,""
"RPRD1B",-0.115510806951738,11.8791889722719,-1.15170369371419,0.260953758323764,0.625107991776554,-5.37859649213112,"RPRD1B",0.477264180664764,0.583436443941619,""
"USP7",-0.115571411413626,11.1412423985707,-1.38062936521593,0.180303535350064,0.540910606050192,-5.11354134625823,"USP7",0.412980253980987,0.743995757648249,""
"LMNB2",-0.116427559278923,15.2226219344903,-1.67028171126351,0.108048224513307,0.433722145529667,-4.72156103751477,"LMNB2",0.331142853947663,0.966382365202847,""
"LARP4",-0.116557938605059,10.6672756190465,-0.632032206594698,0.534301869655844,0.807877558300142,-5.74118630601874,"LARP4",0.616807057359444,0.272213306109448,""
"GOLGA4",-0.116649122642283,13.7565645942786,-0.536520762235492,0.596610283139417,0.842118054519796,-5.87019959242758,"GOLGA4",0.642949360111622,0.224309265435542,""
"CYFIP1",-0.116919170613226,12.3550674492864,-0.627888878528574,0.536357000118553,0.807877558300142,-5.7978448189525,"CYFIP1",0.616807057359444,0.270546046927428,""
"NDUFB3",-0.117646270992861,16.4820864214725,-1.1418122630459,0.264962015921888,0.628163458060891,-5.38910147008589,"NDUFB3",0.4795970009645,0.576816380621281,""
"NUDT2",-0.117782633218091,11.4800071683224,-1.1301366206423,0.27024552039029,0.629768578766657,-5.38152124314729,"NUDT2",0.480822495804725,0.568241496212403,""
"EIF3C",-0.118006594068833,11.4924045476878,-1.43053018577537,0.16564624886686,0.522120083002782,-5.05036387206991,"EIF3C",0.398633863110192,0.780818394462791,""
"HPR",-0.118706911884074,10.4520484278109,-0.520031997930022,0.608087405179228,0.850374544700225,-5.85757549390368,"HPR",0.649253114139674,0.216033991683214,""
"RPL6",-0.118731031044362,11.9645052733407,-1.24010855988095,0.227099396537813,0.588068460932001,-5.28116888560398,"RPL6",0.448984840817432,0.643784019812171,""
"UFC1",-0.118752528987921,11.7398132944378,-0.911753435971046,0.371940159966132,0.705581892701341,-5.57041508064139,"UFC1",0.538705261078106,0.42952692648091,""
"LAMA2",-0.119203152940011,14.3052850351638,-1.60707768844768,0.121308486855022,0.454669276450088,-4.81217712084623,"LAMA2",0.347135795019493,0.916108814423033,""
"F2",-0.119205014727072,13.0507854668004,-0.913768898051254,0.37006108704166,0.705581892701341,-5.6084635396137,"F2",0.538705261078106,0.431726579783502,""
"EIF4E",-0.119225280595986,12.6251424343638,-1.35757739925003,0.187412390566747,0.55185740853039,-5.14208956597562,"EIF4E",0.421338036612693,0.727201699590838,""
"CNST",-0.11934897594943,10.3496640158192,-0.537051482188311,0.59646922536457,0.842118054519796,-5.84887476542483,"CNST",0.642949360111622,0.224411958697968,""
"EPB42",-0.119483595838203,10.0539367464561,-0.255299166995577,0.801017775717393,0.940280396440769,-5.91382372107129,"EPB42",0.717895401924176,0.0963578462000102,""
"SLC25A42",-0.11989846647147,11.1883057654211,-1.08222964097923,0.290062701555375,0.640759662116929,-5.4506664572551,"SLC25A42",0.489214086471927,0.537508112459324,""
"ACACB",-0.120760495471517,13.3952190756471,-1.85852483746791,0.0755854220232702,0.388203482341339,-4.43599278858796,"ACACB",0.296389774836017,1.12156195774413,""
"U2AF2",-0.12102519234246,10.3385886358785,-0.853821136560186,0.402553310710858,0.724372787625656,-5.61376694150176,"U2AF2",0.553051935873486,0.39517659724786,""
"ZYG11B",-0.121115064630676,10.3682592095291,-0.789507259427386,0.438377794679396,0.754545952352845,-5.66871841096246,"ZYG11B",0.576088868581158,0.358151452453534,""
"GMPR2",-0.121723474719079,10.5452641775366,-0.770438669304398,0.451230695676628,0.759409854175017,-5.55632841514156,"GMPR2",0.579802412718381,0.345601364455703,""
"VTN",-0.121935629692858,13.3774498261012,-0.913064837222063,0.370423648537524,0.705581892701341,-5.60907154558316,"VTN",0.538705261078106,0.43130129493421,""
"KNG1",-0.122605506735049,14.1113384325726,-0.912129391540468,0.370905726550268,0.705581892701341,-5.60987869598678,"KNG1",0.538705261078106,0.430736461386993,""
"MTR",-0.122755595542529,10.7959766774917,-0.892105618380879,0.381716861359651,0.713027020541709,-5.60641733533652,"MTR",0.544389547450096,0.418258655786509,""
"RPIA",-0.1228382912382,12.6694471591528,-1.43296257736531,0.164956885260852,0.522120083002782,-5.04723655292063,"RPIA",0.398633863110192,0.782629552392734,""
"FLII",-0.122992099772246,12.911989594529,-1.26847967212404,0.216971805952291,0.583810735603587,-5.24857098758186,"FLII",0.445734106836914,0.663596696173844,""
"MYH13",-0.123387558885746,16.8169451791612,-0.908404937782155,0.372829216647815,0.705581892701341,-5.6130847301675,"MYH13",0.538705261078106,0.428490061629906,""
"IFITM3",-0.123691359396865,9.82210498679949,-0.60105041103546,0.556993314998846,0.819769556135819,-5.57804964845084,"IFITM3",0.625886487918925,0.254150017171935,""
"ASPN",-0.123932554230853,12.5433322040147,-0.752412845542276,0.459227207895657,0.763700512579164,-5.73629424043834,"ASPN",0.583078290798179,0.337972389144704,""
"MAGOH",-0.124332618213955,10.672314785658,-0.920734657382286,0.366892789720527,0.705323031375212,-5.58193382542316,"MAGOH",0.538507622845439,0.435460823036523,""
"UBQLN4",-0.124340598833589,9.38085258401111,-0.779169418623817,0.444718748484647,0.756832870149582,-5.65332390600841,"UBQLN4",0.577834909205924,0.351914561147444,""
"DDX6",-0.124871204476026,12.1894282088711,-1.32232688208397,0.198706558825869,0.565587531711478,-5.18495602902277,"DDX6",0.431820858903647,0.701787797636678,""
"CDC5L",-0.125293460116769,13.2017663428606,-0.723650457878699,0.476378146751638,0.772168106462465,-5.75661810601371,"CDC5L",0.589543220554445,0.322048169445473,""
"ALPK3",-0.125342783689987,11.9389612414284,-1.12309839024677,0.272668490896972,0.632516297414278,-5.40875545462552,"ALPK3",0.482920353624982,0.56436504548414,""
"PON1",-0.125518410001964,10.8836949127146,-0.512685984976561,0.61361204711958,0.853006924092553,-5.81797132629243,"PON1",0.651262911503338,0.212106122419252,""
"ATG3",-0.125583675187951,11.2212754727377,-0.870813314212589,0.39623938747715,0.722205837729478,-5.47931072850445,"ATG3",0.551397489633242,0.402042356375033,""
"TMX2",-0.125698367134895,11.5189926031207,-1.27586534584833,0.220616666189754,0.585883134374245,-5.0538427597009,"TMX2",0.447316364165729,0.656361682463173,""
"NUDC",-0.126351706652271,12.4710577969527,-1.79959349541522,0.0846979892576862,0.400175697227835,-4.52784301564726,"NUDC",0.305530450373226,1.07212689975969,""
"PPP1R2",-0.126413551329595,13.267508390657,-1.1720432427765,0.252852291935347,0.618163726082686,-5.35674310610633,"PPP1R2",0.47196229791762,0.597133105427273,""
"FBN1",-0.127572594079039,12.1718119818227,-0.34388317700283,0.734106271356131,0.915184047468392,-5.93146238871083,"FBN1",0.698734571175655,0.134241065802233,""
"ACSM5",-0.128040930527805,11.5216165254574,-0.755292497161717,0.468109645750198,0.767779769773866,-5.30021616920342,"ACSM5",0.586192766006243,0.329652409816961,""
"PLN",-0.129203863236333,13.0943943326405,-0.632559940764578,0.533090092698797,0.807877558300142,-5.81597343440611,"PLN",0.616807057359444,0.273199388617832,""
"ITIH2",-0.129877899711788,12.2627766416784,-0.772663261391296,0.447375773732142,0.756832870149582,-5.72153362720707,"ITIH2",0.577834909205924,0.349327537493117,""
"SYAP1",-0.131084722018796,10.6972925525384,-0.890627642924959,0.38292045881532,0.713027020541709,-5.58348897710261,"SYAP1",0.544389547450096,0.416891429386875,""
"ILF2",-0.131222663689508,10.9431342064813,-0.484001360484871,0.633031975369064,0.86175192095049,-5.87509271989728,"ILF2",0.657939635869728,0.198574352580408,""
"EZR",-0.131447022110947,11.7398453527896,-1.14330169642252,0.264355587790665,0.62724371284876,-5.38752479809806,"EZR",0.478894783986213,0.577811505304249,""
"DCUN1D2",-0.132626611314736,12.4193003745398,-1.26567505464207,0.217957310384102,0.5839271230586,-5.25182189467685,"DCUN1D2",0.445822967584317,0.661628559973976,""
"ANK2",-0.132878591882143,11.6565449405056,-1.02627076448779,0.315147481637672,0.667248097184185,-5.50577770472487,"ANK2",0.509437762102017,0.501486158997616,""
"HNRNPF",-0.132952095987244,11.6890763410113,-1.1017145391435,0.281672781433759,0.639115253553277,-5.43085829677796,"HNRNPF",0.487958595714916,0.550255117672522,""
"CCDC22",-0.133299785888218,15.7700408638089,-1.18955829923315,0.246541555616455,0.610680446635822,-5.31800684853128,"CCDC22",0.466248883146289,0.608109868054691,""
"TNKS1BP1",-0.13349759633982,9.59064630918545,-0.493151946343869,0.632935107149705,0.86175192095049,-5.31811112202472,"TNKS1BP1",0.657939635869728,0.198640814550553,""
"SYNE2",-0.13380736735173,11.8674768214567,-1.30554084969061,0.204267733894065,0.572832324672102,-5.20503044890587,"SYNE2",0.437352191444463,0.689800229052561,""
"NNT",-0.134294441120481,16.3252497227813,-1.3074959445896,0.203613876960149,0.572832324672102,-5.20270364587956,"NNT",0.437352191444463,0.691192626719147,""
"BTF3",-0.136568032016056,10.5985870045295,-0.712811103131766,0.483242614031996,0.775511204519765,-5.74321743249942,"BTF3",0.592095645057393,0.315834775084533,""
"PFKFB2",-0.136978919614243,11.0039984458177,-0.903612611811805,0.376622509568072,0.70810951209557,-5.55145418879222,"PFKFB2",0.540635075150377,0.424093727099323,""
"MTCH2",-0.137908654736934,13.3335784450942,-1.60195746901581,0.122439706880645,0.456525192797832,-4.81939758069499,"MTCH2",0.348552770016999,0.912077718769827,""
"HNRNPH2",-0.138075941882958,11.6403844993673,-1.21720193839936,0.236058690583239,0.599225906865144,-5.28748873088427,"HNRNPH2",0.457503447780781,0.626980006235189,""
"IPO9",-0.139517605971742,10.8361011367369,-1.45949141923216,0.159476813588068,0.513293645528413,-4.94792650890389,"IPO9",0.391894959585024,0.797302450304249,""
"TPSB2",-0.139630536821141,14.09778545952,-0.738396357126902,0.467538867077528,0.767779769773866,-5.74629268573565,"TPSB2",0.586192766006243,0.330182279859567,""
"CA2",-0.140398032017465,17.8521602658364,-1.55700724594717,0.13275158094308,0.472934800279034,-4.8819982085237,"CA2",0.361081353833834,0.87696029818798,""
"NDUFA9",-0.14071441395804,16.9718575401526,-1.78351407225464,0.0873430461339827,0.402770799372623,-4.5525235200854,"NDUFA9",0.307511786902542,1.05877166590551,""
"SERPINA4",-0.140918324030151,12.6570996576029,-1.30434265352313,0.204669258343752,0.572832324672102,-5.20645497457302,"SERPINA4",0.437352191444463,0.688947384178182,""
"AK6",-0.141624393424006,10.0525975346466,-0.762328622783521,0.456529208959977,0.762422946891484,-5.5618094628368,"AK6",0.582102881190244,0.340531430869384,""
"PRKAR1B",-0.141707841507639,12.2068340171922,-1.12778118541823,0.276407730292903,0.634853274936741,-5.18152620807177,"PRKAR1B",0.484704614388183,0.558449815217502,""
"SHMT1",-0.142034656394552,11.7435179970708,-0.855740134818071,0.400729066195286,0.723084058686465,-5.65710991169605,"SHMT1",0.552068003226082,0.39714915561969,""
"MYLK3",-0.142197099957267,10.5616011263343,-1.07004412318181,0.295871063638649,0.648807852417449,-5.44281051869053,"MYLK3",0.495358805464713,0.528897507014311,""
"HEBP1",-0.142281607078978,11.3480809537584,-1.353870459809,0.188575844618679,0.553580010122931,-5.14664242038176,"HEBP1",0.422653227025376,0.724513938431533,""
"LEMD2",-0.144160505399977,11.9025332171841,-0.778435514360893,0.447923619779857,0.756832870149582,-5.51139202517974,"LEMD2",0.577834909205924,0.348796035859417,""
"TRDN",-0.144810816584044,11.8094936966564,-1.13307095207249,0.268541640803666,0.628590213857698,-5.39831791395145,"TRDN",0.479922825075511,0.570988361848688,""
"NONO",-0.145606525170489,11.6587160120702,-0.908526831038927,0.372766161073117,0.705581892701341,-5.61297999640125,"NONO",0.538705261078106,0.428563518866976,""
"SEC13",-0.146023386606638,11.6900610008574,-1.42400266809521,0.168078129581225,0.522120083002782,-5.04028430133793,"SEC13",0.398633863110192,0.774488793521385,""
"MIA3",-0.146303470639419,9.87426804398961,-1.12538573857511,0.272748035500222,0.632516297414278,-5.36312050656718,"MIA3",0.482920353624982,0.564238368785398,""
"KHDRBS1",-0.146425721076792,10.5465824502676,-1.00017670982022,0.332440755694526,0.68268325587802,-5.30184016019229,"KHDRBS1",0.521222363265902,0.478285739135138,""
"UFM1",-0.14690027525916,12.0859809714084,-1.37626192090857,0.181633776498667,0.543764934648252,-5.11898123120218,"UFM1",0.415159507514172,0.74080338718613,""
"RANBP2",-0.1469815902365,12.097903379104,-1.29666498270849,0.209050431446388,0.577707972045737,-5.14725322435184,"RANBP2",0.441074703201791,0.679748931798847,""
"CA8",-0.14750553380687,14.5885593853311,-0.516018706317916,0.610632683714971,0.851887628516515,-5.88065248525132,"CA8",0.650408339664477,0.214219954087174,""
"SKIC2",-0.147901899136528,9.49156157478195,-0.722577827604614,0.478044183776506,0.772168106462465,-5.690531957936,"SKIC2",0.589543220554445,0.320531961372135,""
"INPP4B",-0.149458576334471,11.3684721940902,-1.13748503735919,0.270543486574801,0.629849134587063,-5.25602239153379,"INPP4B",0.480883999429905,0.567762917390884,""
"C3",-0.15022218663657,14.3188013872191,-1.13210670878748,0.268938659981961,0.628590213857698,-5.39933070689218,"C3",0.479922825075511,0.570346763377261,""
"SERPINC1",-0.150546097800886,13.8932447935937,-1.89363107254344,0.0705716494595337,0.37619570126511,-4.38025258919808,"SERPINC1",0.287221944841297,1.15136973175388,""
"APOB",-0.150746682250041,14.4270866691111,-1.20906171756985,0.238588841496312,0.600356596377397,-5.31610454703744,"APOB",0.458366718784753,0.622349871604062,""
"CLINT1",-0.151418919320259,11.4327243299572,-1.42501575354613,0.167217635660219,0.522120083002782,-5.05743741145985,"CLINT1",0.398633863110192,0.776717921478219,""
"AGMAT",-0.151700168068727,10.9190310268983,-0.930961527425156,0.372498413615099,0.705581892701341,-5.20936097608598,"AGMAT",0.538705261078106,0.428875572471865,""
"EMC8",-0.152481398794377,10.9823538318901,-0.789401041064496,0.44246821732359,0.756832870149582,-5.40801120797764,"EMC8",0.577834909205924,0.354117919399404,""
"GGA1",-0.152506866822986,10.6511956430928,-1.01897379412648,0.318527284822395,0.670264451004601,-5.51276845031337,"GGA1",0.511740720396637,0.496853360376433,""
"TIMM23",-0.152553947036301,9.53495825028654,-0.941116377316979,0.360101258440202,0.700231451388612,-5.4215946315906,"TIMM23",0.534620248531623,0.44357536090397,""
"WASHC2A",-0.153262789097948,10.4623097800857,-1.11481657407174,0.27909035945877,0.638325066300504,-5.29821298072904,"WASHC2A",0.487355295042507,0.554255164966654,""
"TNNT3",-0.153377412148902,16.453839487944,-0.558065562398494,0.582044952631652,0.832517521770072,-5.85878766345206,"TNNT3",0.635619441990242,0.235043472521995,""
"CFH",-0.15363881616841,13.0678889186966,-1.3559329533247,0.187927815894875,0.552808155157977,-5.14411057131506,"CFH",0.422063922885472,0.72600893360046,""
"SRPRB",-0.153648290996234,10.3563960029988,-1.47280284188466,0.153989935603997,0.502392164908039,-4.99538948157053,"SRPRB",0.383571779774878,0.812507662634191,""
"PSMD10",-0.15441565438185,13.3435062594079,-2.09386103203129,0.0471765622708612,0.319980389151229,-4.04843950718878,"PSMD10",0.244302073027475,1.3262737090882,""
"FGB",-0.154684770792089,14.3526270507918,-1.16579776477645,0.255319861887802,0.619630873609365,-5.36348944045408,"FGB",0.473082451509393,0.592915399168528,""
"F12",-0.155367466659518,10.3578892560626,-0.978489818291684,0.338640902341533,0.687799182676832,-5.51125948909099,"F12",0.52512832614607,0.47026058731273,""
"NUP54",-0.155535472392645,10.164575201779,-1.2001349613571,0.242490294098332,0.604408538843953,-5.30640261611526,"NUP54",0.461460339450048,0.615305639758188,""
"CRK",-0.15645494894807,11.4497783147224,-1.69557554043469,0.103094458259262,0.431993688193897,-4.68453695959885,"CRK",0.329823192729086,0.986764679159817,""
"PIGK",-0.156615672790078,10.6587710352296,-1.44182713424867,0.162464018776281,0.516538425145849,-5.0358021316374,"PIGK",0.394372318866822,0.789242808083233,""
"SNX17",-0.156992672863192,11.3146487144798,-0.35549728341603,0.727651107336967,0.912264772560888,-5.66653076064852,"SNX17",0.6965057317348,0.138076805409895,""
"VAMP2",-0.157003261379351,10.6195487082745,-0.877509911684344,0.399574871092589,0.722860400067312,-5.25387477306388,"VAMP2",0.551897241935196,0.398401831980047,""
"PRPF6",-0.157483101650373,13.0773434844108,-1.52335334040388,0.144448525749933,0.489367745192771,-4.83243894035486,"PRPF6",0.373627755564957,0.840286886231942,""
"VDAC3",-0.157901736041396,17.6746782829156,-1.63883927926893,0.114484246669211,0.444167935388251,-4.76698225567834,"VDAC3",0.339118118068163,0.941254269265765,""
"CSRP1",-0.158148604756184,13.0174965559188,-1.67311066914023,0.107484393133461,0.433722145529667,-4.71744149388804,"CSRP1",0.331142853947663,0.96865459126539,""
"CD81",-0.158258925216151,9.68337722857984,-0.845776804778393,0.408398888187195,0.728721695453969,-5.54896873049555,"CD81",0.55637228685087,0.388915448893706,""
"DNAJC11",-0.158947465748222,11.5374509795774,-1.58797671924132,0.125573238430568,0.461023999404297,-4.83902000151517,"DNAJC11",0.351987567327622,0.901102905505662,""
"BABAM2",-0.159013520427088,11.2959446368979,-1.11052384364624,0.277937668106551,0.636330976980787,-5.42179883422979,"BABAM2",0.485832826256526,0.556052590530218,""
"RPL26L1",-0.159562382679765,11.9808746003543,-1.11349504903663,0.276686016148369,0.634984454326113,-5.41872869442762,"RPL26L1",0.484804768640908,0.55801278976785,""
"NSUN2",-0.15961014066667,11.4548411805828,-0.890769156824819,0.382026293591068,0.713027020541709,-5.62810014106268,"NSUN2",0.544389547450096,0.417906745024077,""
"UACA",-0.160178331231107,11.0520780935071,-1.51186458286983,0.145722766962857,0.489367745192771,-4.87979113097097,"UACA",0.373627755564957,0.83647259103092,""
"CCDC47",-0.160441197689558,10.7866994387381,-1.10214048637494,0.284421977111596,0.640123355022583,-5.32166822446831,"CCDC47",0.488728271879841,0.546036848977664,""
"PREPL",-0.160461944445171,11.8433467694221,-1.23223661377451,0.231076823338768,0.592209153318666,-5.24779698346181,"PREPL",0.452146221227383,0.636243611426308,""
"MYH3",-0.160948394048514,17.8367069125088,-1.02027307513311,0.317923642903854,0.670264451004601,-5.51152701776775,"MYH3",0.511740720396637,0.497677173875498,""
"ANXA3",-0.162050893619801,14.3389548384007,-1.64433821521553,0.113336009462422,0.441720665990051,-4.75908716822571,"ANXA3",0.337249650476062,0.945632082844689,""
"FGA",-0.162241310886547,14.6807783232464,-0.997252817988595,0.32873712255353,0.678507748994382,-5.53330856253477,"FGA",0.518034402308922,0.483151250558397,""
"SH3GLB2",-0.162336223385028,11.5712126778024,-0.822668240251743,0.418915038260591,0.738308824337726,-5.68349778094377,"SH3GLB2",0.56369197124433,0.377874049005301,""
"RPL14",-0.162935587523034,12.0494669331824,-1.52352566517736,0.141469387701115,0.486033812321408,-4.90991661901472,"RPL14",0.371082328596857,0.849337526152367,""
"PRPSAP2",-0.163199117798563,11.961542794941,-1.36384522931805,0.185458019734955,0.548222103921964,-5.13436747855871,"PRPSAP2",0.418562515105639,0.73175438179436,""
"UBE2V2",-0.163265451805035,14.2313535642675,-2.054690988283,0.051118350982956,0.335513671259779,-4.11514701962803,"UBE2V2",0.25616159051261,1.29142316444578,""
"PTMA",-0.163488316135931,9.07673625707247,-0.687601379485133,0.500167212362861,0.78494714777353,-5.65527491386343,"PTMA",0.599299900618114,0.3008847811313,""
"TBC1D4",-0.164463528715332,11.4365831358401,-1.94711908302303,0.0634909012843125,0.363637755193586,-4.29389315439583,"TBC1D4",0.277634068951845,1.19728850785988,""
"LRRFIP1",-0.164674040387331,11.8021581784127,-1.28087215847859,0.213199858449223,0.579927179210863,-5.21489282596747,"LRRFIP1",0.442769047384433,0.671213087988531,""
"TSSC4",-0.164955437062261,11.4076025990738,-1.00271836455822,0.326590112803971,0.67602034164398,-5.50789493811371,"TSSC4",0.516135289760872,0.485996967240728,""
"DNAJB2",-0.166061951257831,11.5977968724839,-1.95329289458366,0.0627151955506572,0.36305903694668,-4.28381556711234,"DNAJB2",0.277192222913114,1.20262721922921,""
"SRSF4",-0.166248414811927,12.1041521451122,-1.08712202259183,0.288417493433737,0.640123355022583,-5.42569666645587,"SRSF4",0.488728271879841,0.539978401818986,""
"AMPD1",-0.166301386055814,17.5225140120492,-1.25104104943943,0.223155110656918,0.586117624889804,-5.26868342386136,"AMPD1",0.447495395509519,0.651393162577956,""
"MGST3",-0.166857182272679,14.3324520689554,-1.36258309195729,0.185850271563246,0.548382455969249,-5.13592487409563,"MGST3",0.418684942413356,0.730836799979431,""
"APIP",-0.167724337893148,15.067539361279,-1.44957976095405,0.160882557732968,0.515506499164453,-5.00746610666475,"APIP",0.393584452906865,0.793491037883194,""
"AGO2",-0.167895969145022,11.0793386969282,-1.30756547144812,0.204139073270406,0.572832324672102,-5.18351421260668,"AGO2",0.437352191444463,0.690073861126079,""
"CTTN",-0.168420514673652,10.4871710679011,-1.82710309887338,0.0803324936303684,0.394523296365423,-4.48523762749251,"CTTN",0.301214894498279,1.09510875173322,""
"DCN",-0.169750747925253,13.2351053955194,-1.64187405597079,0.113849353412924,0.442901752911253,-4.7626276378694,"DCN",0.338151399436492,0.943669431539805,""
"PEBP4",-0.169969349810632,12.5411510181584,-1.2778743312085,0.214236510483433,0.581493473284371,-5.21838228455546,"PEBP4",0.44396489844938,0.669106514128424,""
"CCDC134",-0.170088467119839,9.85960353255573,-1.06514768260233,0.302968717504198,0.651552949778691,-5.27020598659541,"CCDC134",0.49745466195702,0.518602211486713,""
"YTHDF3",-0.170879998634806,11.4885691113613,-1.84385212418353,0.0803393543533751,0.394523296365423,-4.39568648850357,"YTHDF3",0.301214894498279,1.0950716627947,""
"HTD2",-0.171693247939981,10.3102984290032,-0.759901524923175,0.458609628358963,0.763700512579164,-5.49452226670914,"HTD2",0.583078290798179,0.338556831639939,""
"MAPRE3",-0.17220619627107,10.3448611137065,-1.10229790581094,0.283014846907978,0.640118002518917,-5.36940490769824,"MAPRE3",0.488724185292707,0.548190780867665,""
"ATG4B",-0.172405031945841,11.0694367584168,-1.10431662423629,0.282796430678763,0.640118002518917,-5.33824846964474,"ATG4B",0.488724185292707,0.548526076297697,""
"ALDH1A1",-0.173440391407059,16.3774568572121,-1.25308925492052,0.222421983019587,0.586117624889804,-5.26633368342068,"ALDH1A1",0.447495395509519,0.652822291585062,""
"BST2",-0.173760768800269,12.3246729035626,-1.09222791709718,0.285735460987133,0.640123355022583,-5.4405419554841,"BST2",0.488728271879841,0.544035858478438,""
"FGGY",-0.173786576330574,10.79248710761,-1.35865384951447,0.188914594470386,0.554007968053604,-5.08071573514266,"FGGY",0.422979968954496,0.723734489652978,""
"MTRR",-0.173984912613069,10.4272000568634,-1.25584288952266,0.221974312105883,0.586117624889804,-5.2438113744975,"MTRR",0.447495395509519,0.653697281207741,""
"NUDT16",-0.1743992101239,11.1352062471876,-0.98327155310276,0.340432934213044,0.687799182676832,-5.34298051206957,"NUDT16",0.52512832614607,0.467968431974318,""
"IGKC",-0.174710015774686,17.5129987109684,-1.00510816506755,0.325018964328141,0.674713988854732,-5.52592690167881,"IGKC",0.515137901466654,0.488091297904884,""
"GPC4",-0.175196397333503,10.0043567077012,-1.01548539264844,0.340915949927293,0.687799182676832,-4.95891059402254,"GPC4",0.52512832614607,0.467352679606055,""
"H2BC12",-0.17609612784867,15.4315736059549,-1.69490168063428,0.103223899254732,0.431993688193897,-4.68552888853265,"H2BC12",0.329823192729086,0.986219739600218,""
"PCNA",-0.176557866887979,11.4622273680872,-0.822028694075553,0.422677598719173,0.740846999952836,-5.50042797300934,"PCNA",0.565629844893788,0.373990768519339,""
"PNPO",-0.176601226860045,13.6034307524437,-1.75150440663779,0.0928201797475767,0.412336267427584,-4.60116106604549,"PNPO",0.31481493345319,1.03235759489883,""
"MAST4",-0.176643379351686,11.1014587447842,-0.853584425010129,0.402681633246446,0.724372787625656,-5.61395782484531,"MAST4",0.553051935873486,0.395038178591293,""
"HARS2",-0.178376617955617,12.3909928575003,-1.33430527112451,0.194810680664292,0.561547654806408,-5.17049727151764,"HARS2",0.428736450183155,0.710387236233551,""
"SPTB",-0.178638309209838,14.7123550776027,-1.55623128906006,0.132935696212184,0.472934800279034,-4.88306635239481,"SPTB",0.361081353833834,0.876358385600659,""
"H2AZ1",-0.178834325437919,11.8832438878303,-1.31022373320032,0.202704313236462,0.572832324672102,-5.19945225931109,"H2AZ1",0.437352191444463,0.693137010089109,""
"NMRK1",-0.179176963190223,10.719993400746,-1.50592574010639,0.145906927859635,0.489367745192771,-4.933490043726,"NMRK1",0.373627755564957,0.835924086723543,""
"STARD7",-0.17918431477316,11.1524089858892,-1.23543597490459,0.229907959577008,0.591481928581974,-5.24420443829541,"STARD7",0.451590991854727,0.63844599288673,""
"AMBP",-0.180412765933784,11.8911423192427,-1.04719289624372,0.3055961982614,0.654751257618269,-5.48548246206069,"AMBP",0.499896540465455,0.514852052859323,""
"APOA1",-0.182044016063095,16.5130732069771,-1.18892800695475,0.246269799767813,0.610680446635822,-5.33834508728104,"APOA1",0.466248883146289,0.608588842721829,""
"MAGT1",-0.182078470927847,12.2853591297505,-1.13660979247145,0.268126963241966,0.628590213857698,-5.35143657555114,"MAGT1",0.479922825075511,0.571659510528894,""
"TMEM14C",-0.1822568099071,11.8752969274673,-1.1869724444616,0.247025565607922,0.610680446635822,-5.34048778507311,"TMEM14C",0.466248883146289,0.6072580976396,""
"ATP6V1F",-0.182859775682278,10.1667709462845,-1.10979334695217,0.280486283664931,0.638325066300504,-5.33841878448458,"ATP6V1F",0.487355295042507,0.552088371749291,""
"L3HYPDH",-0.183448555012278,11.3883077490999,-1.20832503431545,0.239956164042039,0.601771864176733,-5.27439283211802,"L3HYPDH",0.459447262683658,0.619868089344563,""
"ATP6V1D",-0.184522422904404,9.64791806625956,-0.815377424896701,0.427915338667498,0.747290107855467,-5.45774388815813,"ATP6V1D",0.570549098294059,0.368642145908538,""
"SLC4A1",-0.185380755701797,14.5059323745808,-0.577880930591632,0.568806755332013,0.826021342720389,-5.84790628482023,"SLC4A1",0.630659669259153,0.245035254426681,""
"ALG5",-0.185420951848286,10.3236922079537,-0.72870563239319,0.476308086564405,0.772168106462465,-5.53159601617595,"ALG5",0.589543220554445,0.322112045151256,""
"CEFIP",-0.185616627591601,10.5176154888275,-1.50767495668988,0.144881567744709,0.489367745192771,-4.94905128951712,"CEFIP",0.373627755564957,0.838986863224146,""
"SRA1",-0.18626020738987,10.8168545281223,-1.48045505623066,0.151952496729224,0.500754852280834,-4.98529718784306,"SRA1",0.382321706699833,0.818292159639211,""
"CD34",-0.188044374533277,10.5824979850199,-0.966330492312857,0.345623180377013,0.691129871547042,-5.46989193226819,"CD34",0.527671276349237,0.461397137801288,""
"EIF2A",-0.18906932592925,10.5841360406001,-1.91597499240908,0.0708272210175616,0.37619570126511,-4.27163804631468,"EIF2A",0.287221944841297,1.14979979787992,""
"RPS25",-0.190344005048992,11.0007531852228,-1.43646827376957,0.16835959482306,0.522120083002782,-4.91828427589595,"RPS25",0.398633863110192,0.773762128102924,""
"CALCOCO2",-0.191338869403936,11.1246616495168,-1.34866944922603,0.193594619834856,0.558603169392836,-5.05083732801559,"CALCOCO2",0.426488362753663,0.713106716286412,""
"BROX",-0.191381647849033,11.0299259577535,-0.88594818215906,0.389057307291886,0.71647436127967,-5.43992592659175,"BROX",0.547021560277351,0.409986423333528,""
"SERPIND1",-0.191675845335441,11.3615350697979,-1.18213826044932,0.251259954655489,0.615501134655213,-5.25724185446234,"SERPIND1",0.469929433944043,0.599876722939392,""
"OSTF1",-0.192261245132688,8.95467088509833,-1.48846932505482,0.157837559732139,0.510881210812821,-4.78109564411504,"OSTF1",0.390053087951497,0.801789642169567,""
"CHD2",-0.192578961470071,14.5456651027411,-0.620952364837354,0.540570294295421,0.811523736100491,-5.82298554496574,"CHD2",0.61959088044815,0.267147823561535,""
"GATAD2B",-0.192789127265328,17.9714957359539,-1.82933254970451,0.0799873732986587,0.394523296365423,-4.48176388829894,"GATAD2B",0.301214894498279,1.09697856475205,""
"CYTH1",-0.192943139401178,10.7208657262702,-1.68804880542727,0.110043370071958,0.435515144326313,-4.56760616563769,"CYTH1",0.332511791975766,0.958436117834851,""
"MPP1",-0.192951014142778,11.7527990350615,-1.45401006277136,0.159087425885272,0.512615038963654,-5.01999214857159,"MPP1",0.391376849737791,0.798364145208519,""
"PLG",-0.193243455004573,12.6015562852489,-1.34146284201125,0.192511351659987,0.556596264467091,-5.16180461722368,"PLG",0.424956109370794,0.715543656711641,""
"TMEM38A",-0.193455763893793,11.0836498704188,-1.5237457590789,0.142047976177418,0.486033812321408,-4.88877589006867,"TMEM38A",0.371082328596857,0.847564949489381,""
"RPA1",-0.195233745992411,11.459424048658,-1.96574021771234,0.061176572898636,0.358564654782049,-4.26342953687653,"RPA1",0.273760803622984,1.21341485577402,""
"NDUFC1",-0.195750878793184,14.0542909302529,-0.668949997232713,0.510289114801755,0.7914857096682,-5.77226017824646,"NDUFC1",0.604292032260067,0.292183695692759,""
"PTER",-0.196484131758339,10.6776175124949,-0.742645107423797,0.468046440390932,0.767779769773866,-5.57569320506133,"PTER",0.586192766006243,0.329711053325675,""
"HMOX1",-0.196532331633644,10.518565442088,-0.730247920190125,0.479667972655635,0.772364974478031,-5.22057778087066,"HMOX1",0.589693527466825,0.319059278330596,""
"PFDN4",-0.196735971076453,11.4375575302597,-1.25252071255749,0.222625300871761,0.586117624889804,-5.26698626054103,"PFDN4",0.447495395509519,0.652425480591665,""
"ASPSCR1",-0.197065847948753,10.0377314266636,-1.16230909758985,0.259769402748975,0.62425807934755,-5.22298735487716,"ASPSCR1",0.476615280371693,0.585412004147653,""
"DENND10",-0.197262672149416,10.2307594890822,-1.35977449151097,0.191020915715105,0.555646348203917,-4.98923045190678,"DENND10",0.424230857073578,0.718919077347369,""
"MYH8",-0.197795368840659,16.3514671047937,-2.19829266718088,0.0379645019798202,0.293000228989419,-3.86655570671285,"MYH8",0.223702969827346,1.42062229284479,""
"PLGRKT",-0.198982674125196,13.0843185237702,-1.57933568549059,0.127543019551708,0.461760415047862,-4.85107959583752,"PLGRKT",0.352549813872825,0.894343305404892,""
"UBE2O",-0.199461904023158,11.0534569833876,-1.40000430317537,0.175680510685549,0.533188760179504,-5.04883340492596,"UBE2O",0.407084695947535,0.755276414777852,""
"NUP43",-0.200160684734522,11.4519648416337,-1.27431649451138,0.217417253020067,0.583845834192679,-5.1552163599813,"NUP43",0.445760904285652,0.662705995695416,""
"MT-ND3",-0.200309786106363,10.4644809380244,-0.990326136003605,0.335398967122293,0.685222313493292,-5.39557691795237,"MT-ND3",0.523160910314339,0.474438279159209,""
"LRPAP1",-0.200518058704551,11.6918397281859,-2.03497876400204,0.0537214446075908,0.340310568787956,-4.13597759480236,"LRPAP1",0.259823977489958,1.26985231736092,""
"PPTC7",-0.202057760899333,10.5449162854623,-1.01945889216737,0.321757559587988,0.672318743505905,-5.37155811794776,"PPTC7",0.513309153755959,0.492471240697761,""
"NIBAN1",-0.202126361885627,11.4993071943455,-0.943292717527926,0.357592411213607,0.700231451388612,-5.46002084374442,"NIBAN1",0.534620248531623,0.446611706327535,""
"HRAS",-0.202369727316521,10.6988325616766,-0.871228027115161,0.401228967187148,0.723084058686465,-5.3091416725233,"HRAS",0.552068003226082,0.396607720129686,""
"PDXK",-0.202431764622936,11.618296444033,-2.43693744222978,0.0227235831089162,0.233833000378847,-3.43050050312735,"PDXK",0.178529337020675,1.64352318696906,""
"AQP1",-0.202746790668415,13.229214982966,-1.13198371260792,0.268989333468132,0.628590213857698,-5.39945984069493,"AQP1",0.479922825075511,0.570264941216095,""
"FAF1",-0.2028208739454,11.5427713431748,-1.67776590602771,0.10777296478189,0.433722145529667,-4.67890659927779,"FAF1",0.331142853947663,0.9674901697484,""
"H2AC8",-0.205170841130036,13.8382345152652,-1.66696245580067,0.108712950086036,0.434095799300432,-4.72638766353583,"H2AC8",0.331428135152035,0.963718718876789,""
"UTRN",-0.205911501318969,13.4444465027561,-1.74877398493949,0.0951821121714859,0.416040501490217,-4.54878095024633,"UTRN",0.317643081962168,1.02144466206885,""
"ITIH5",-0.208660947070332,13.3023612755111,-1.51638842270115,0.142675554771468,0.486033812321408,-4.93733490067775,"ITIH5",0.371082328596857,0.845650430089895,""
"SRPK2",-0.208972778326691,14.1111662127296,-0.795082444087126,0.43481907200371,0.750670809213862,-5.68401957241514,"SRPK2",0.573130232570236,0.361691415173792,""
"PPP1R12A",-0.209531848174146,11.0005683355391,-1.58890921089793,0.129834075205723,0.465942037394538,-4.72026489466072,"PPP1R12A",0.355742443929376,0.886611311143701,""
"CPA3",-0.210343283774632,13.5066225209278,-1.05087991883062,0.303934404361702,0.652164181556388,-5.48186743298304,"CPA3",0.497921331776342,0.517220136449384,""
"PHIP",-0.21106862378446,14.9860554025933,-0.713012777217949,0.482814889745864,0.775258136722805,-5.76394344914192,"PHIP",0.59190243013076,0.316219344965011,""
"ITIH1",-0.212819459754046,11.8190150093689,-1.20219204622395,0.241708188008917,0.604408538843953,-5.30413526007558,"ITIH1",0.461460339450048,0.616708637358759,""
"POTEKP",-0.212857780581938,10.5543210780829,-0.862916238430616,0.399145412135148,0.722860400067312,-5.54096017762024,"POTEKP",0.551897241935196,0.398868858240205,""
"OTUD4",-0.213679925930439,9.76394164740863,-1.41253924224361,0.17138576280442,0.526815866196733,-5.05483681156357,"OTUD4",0.402219050226855,0.766025258213817,""
"A1BG",-0.214409180530422,12.4283774393783,-1.36761983341942,0.184288821796106,0.547870838522103,-5.12970259489361,"A1BG",0.418294327215761,0.734501006503645,""
"RNF181",-0.214506094796144,11.0444192047487,-2.08816680902545,0.047732166729584,0.322444825130907,-4.05818926649143,"RNF181",0.246183647146051,1.32118885104452,""
"HBA2",-0.21450986653171,20.8444997636027,-1.32387139536131,0.198200838306582,0.565587531711478,-5.18309793746941,"HBA2",0.431820858903647,0.70289451296299,""
"HHATL",-0.215075175943825,13.348905657361,-3.35768248973561,0.0026522613175126,0.105758920035815,-1.54776847411409,"HHATL",0.0807459590709022,2.57638368872777,""
"ABLIM1",-0.21527077782997,11.0024850975432,-1.18745284518083,0.24853002793685,0.612235217380862,-5.28013293132104,"ABLIM1",0.467435936256335,0.604621131359517,""
"CASTOR2",-0.21622738204889,10.7677849402688,-1.39858551312264,0.18275117662245,0.545788089797559,-4.8719878792231,"CASTOR2",0.416704167792707,0.738139818205986,""
"STAT5B",-0.216297699384988,11.2243905556313,-1.91388649737766,0.0678128765096302,0.373686695698941,-4.34775074959409,"STAT5B",0.285306342254906,1.16868783318141,""
"DHPS",-0.217438905784009,9.50568904909329,-0.960973786550913,0.348860676459641,0.692113827724285,-5.45541163961105,"DHPS",0.528422517806586,0.457347981423387,""
"ACOT1",-0.217451387943816,10.6781561132262,-0.989939631967512,0.33266244339023,0.68268325587802,-5.51981491978963,"ACOT1",0.521222363265902,0.477996226931173,""
"APCS",-0.218588211186638,13.0650868946599,-1.78656533796226,0.0868357279023188,0.402770799372623,-4.54785279343644,"APCS",0.307511786902542,1.06130155087961,""
"FBXO40",-0.218679805650027,9.82530509054708,-1.15639225276153,0.266032339912123,0.628590213857698,-5.13473755262853,"FBXO40",0.479922825075511,0.575065565655923,""
"PIP4K2B",-0.220882913028801,10.6413361960884,-1.70244108107582,0.101783475476991,0.431522948075624,-4.67441354506207,"PIP4K2B",0.329463786994702,0.992322723882165,""
"PVALB",-0.221836450847372,10.8033853355954,-0.922375358293538,0.36950740864028,0.705581892701341,-5.42051799561742,"PVALB",0.538705261078106,0.432376849557827,""
"MACF1",-0.223283491262599,12.0492422515496,-0.850396249317722,0.404005721680301,0.724604256609035,-5.64080018586214,"MACF1",0.553228660305352,0.393612484204776,""
"C9",-0.225348806460708,11.9589547519191,-0.933354602195285,0.360481395037398,0.700231451388612,-5.57091450291793,"C9",0.534620248531623,0.443117144928191,""
"SKP1",-0.226523906348591,12.8848228785289,-1.2235425747508,0.233176655747195,0.594010806255722,-5.29990612988912,"SKP1",0.453521766611793,0.632314930703985,""
"GPX3",-0.226719405234151,12.1081604006069,-1.94544171252474,0.0637031056071869,0.363637755193586,-4.29662726264971,"GPX3",0.277634068951845,1.19583939474178,""
"MGLL",-0.227273430951552,11.680822253622,-2.0657261269289,0.0499791612471865,0.332153175788594,-4.09643956354654,"MGLL",0.253595883244775,1.30121103650039,""
"XPO4",-0.227669447120855,12.9262128192007,-1.55014328965371,0.134387537851293,0.475741826351495,-4.89143195742073,"XPO4",0.363224492325426,0.871641002810131,""
"ERLIN2",-0.22800657930326,11.5710760493381,-2.2982551519229,0.0307042006163323,0.265936082673481,-3.68721542200488,"ERLIN2",0.203039743973909,1.5128022049887,""
"CFB",-0.22851209624846,12.0812653012838,-1.76388191337029,0.0906684035977715,0.40864899364209,-4.58243238863386,"CFB",0.311999733959229,1.04254403084316,""
"QKI",-0.230825375566637,11.0381085670177,-1.80360119299009,0.0874742309571257,0.402770799372623,-4.44306927617378,"QKI",0.307511786902542,1.05811986699361,""
"DHX15",-0.230914296062334,9.89277491056399,-1.72179815484374,0.100054500076269,0.426829821276328,-4.59731196942982,"DHX15",0.325880628010834,0.999763373651045,""
"SQSTM1",-0.232322134584077,11.1478277681575,-2.20206161828486,0.0376647153996266,0.291529098985309,-3.85988489200188,"SQSTM1",0.222579775650821,1.42406530981479,""
"CP",-0.233175969581062,13.2132205351726,-1.91556981251583,0.0675879145478603,0.373686695698941,-4.34503857776131,"CP",0.285306342254906,1.17013095367974,""
"APOH",-0.235662495433585,14.0253240924455,-1.9031774767306,0.0692594553675886,0.375361399771455,-4.36496530055512,"APOH",0.286584963353243,1.15952092791478,""
"STX4",-0.236298524549117,10.9411542400004,-2.37158365341646,0.0262105089218155,0.251214193074828,-3.55258000811442,"STX4",0.191799717179227,1.58152454640211,""
"IGLC2",-0.236649845944079,15.6951029717986,-1.23935157213456,0.227374453695165,0.588068460932001,-5.28202987595842,"IGLC2",0.448984840817432,0.643258331391728,""
"ACTL6A",-0.237560584029625,10.9973200396839,-1.99564528936567,0.06078980124814,0.358564654782049,-4.13766850313045,"ACTL6A",0.273760803622984,1.21616927653622,""
"IGHM",-0.237962183769584,13.2785037996995,-1.17771185336842,0.250627989839251,0.614477334610154,-5.35059234219808,"IGHM",0.469147772061459,0.600970429136217,""
"BCAP29",-0.239147135171578,9.01683177971899,-1.15186575524312,0.262538925899738,0.626557985251992,-5.31814438630805,"BCAP29",0.478371237296784,0.580806295876513,""
"COPS7B",-0.239788327305179,8.80334280242323,-1.03228348984781,0.318682264294566,0.670264451004601,-5.25446564568097,"COPS7B",0.511740720396637,0.496642105755428,""
"MRPS14",-0.240759563084231,9.68157820074092,-1.01307631777399,0.326432408063609,0.67602034164398,-5.3189007154814,"MRPS14",0.516135289760872,0.486206731215635,""
"NUCB2",-0.241845035927236,10.3035146355744,-0.999190126432277,0.330492065877561,0.681150553578231,-5.40991818209735,"NUCB2",0.520052159210067,0.48083896216005,""
"H3-3B",-0.241922250565752,11.9043382484686,-1.10426582801361,0.280587333218821,0.638325066300504,-5.42824120682382,"H3-3B",0.487355295042507,0.551931938572584,""
"C4A",-0.242171387087316,12.515921377677,-1.58437418342313,0.126391373694126,0.461079585610974,-4.84405413464774,"C4A",0.352030006883243,0.898282565965684,""
"STT3B",-0.244214727424039,11.6532070872647,-1.62837073336384,0.116697122098025,0.449111846572963,-4.78195517395397,"STT3B",0.342892748615031,0.932939854086237,""
"MYL11",-0.244344513238588,16.4013082955041,-0.855278984557444,0.400979132200543,0.723084058686465,-5.65748456323562,"MYL11",0.552068003226082,0.396878228392217,""
"ITIH4",-0.244780552742379,13.1244525568614,-1.73347561179874,0.0960323547010331,0.419010471651468,-4.62826233420649,"ITIH4",0.319910626761235,1.0175824221606,""
"EIF5B",-0.244889831195275,10.6559957448808,-1.55082466803673,0.136901802932478,0.479908517972092,-4.81961589082334,"EIF5B",0.366405722910456,0.863590832373896,""
"THNSL2",-0.246780419544557,11.0354654056752,-1.42759610845311,0.167675036014997,0.522120083002782,-5.01544463222533,"THNSL2",0.398633863110192,0.775531591704993,""
"AP2S1",-0.248337616814245,11.8563039823389,-1.06450317755028,0.303251427441379,0.651672790557035,-5.28004800387362,"AP2S1",0.497546159284905,0.518197146179592,""
"PFKL",-0.248549203001632,15.5958502260404,-1.53010166620461,0.139259377403334,0.482866754257211,-4.91878484388459,"PFKL",0.368664309003425,0.856175550786901,""
"CNN1",-0.249314043052353,10.7182444740692,-0.939400041059689,0.363853898627635,0.702509890666294,-5.27744368330219,"CNN1",0.536359815885364,0.439072967332064,""
"SETD3",-0.249806981839157,10.2272390030058,-2.18729653678166,0.0398203150456078,0.296383859186472,-3.86734094693118,"SETD3",0.2262863402448,1.39989530829586,""
"ZBTB8OS",-0.250048717321876,11.8164808452983,-3.05326624409678,0.00552435244105364,0.135346354606264,-2.19800929644766,"ZBTB8OS",0.103335692211421,2.25771862221467,""
"USP19",-0.250956525346874,10.5721828119224,-1.02172196796173,0.324681870465518,0.674713988854732,-5.24431563145576,"USP19",0.515137901466654,0.488541960762979,""
"RPL31",-0.251156766505689,10.8585584020527,-2.26110454618868,0.0332401455159879,0.277040346554974,-3.7544448921143,"RPL31",0.211517746931805,1.47833708366493,""
"HBB",-0.252234680661154,20.1697292227903,-1.08502304289209,0.288849019642877,0.640123355022583,-5.44784621626092,"HBB",0.488728271879841,0.539329102120877,""
"GGT5",-0.252441222761382,10.9353077209633,-1.59539666228311,0.139847649169378,0.484028729250166,-4.54030054328322,"GGT5",0.369551466183082,0.854344829695371,""
"APOC1",-0.254354667414425,11.3562218312382,-1.39598789614244,0.175686717913553,0.533188760179504,-5.09429649839394,"APOC1",0.407084695947535,0.755261070348145,""
"CDKN1B",-0.254894024170962,11.4083045000337,-2.04436229637767,0.0532686593993862,0.340310568787956,-4.10948555854304,"CDKN1B",0.259823977489958,1.27352823287117,""
"HRG",-0.255373651927842,12.8893328700432,-1.40479492916435,0.173081926035452,0.529199371296894,-5.08318045102992,"HRG",0.404038834366081,0.761748280668166,""
"KCNJ11",-0.258325868732388,10.7457989734107,-2.62694961380444,0.0151817468641128,0.198190839735354,-3.06398421550647,"KCNJ11",0.151316876421197,1.81867825414564,""
"DDAH2",-0.259121170732287,10.2498107962475,-1.81731389398652,0.084453153285412,0.400175697227835,-4.43571578287329,"DDAH2",0.305530450373226,1.07338413023876,""
"ANK1",-0.26234678424748,13.0005708426514,-1.17059364240563,0.253423443259952,0.618163726082686,-5.35831179621754,"ANK1",0.47196229791762,0.596153212627383,""
"COL4A2",-0.262394823416072,13.704699682975,-1.48987537260117,0.149474349850452,0.495543716421073,-4.97281417594215,"COL4A2",0.378343052580609,0.825433326899115,""
"STRN",-0.265613672964211,9.71800614575797,-2.09635273512634,0.0538499402741557,0.340310568787956,-3.93865650261715,"STRN",0.259823977489958,1.2688147740488,""
"TNXB",-0.265880650801479,11.9655129225243,-2.73332244439131,0.0116739129268551,0.17671310679805,-2.85449877759275,"TNXB",0.134918825608045,1.93278355032065,""
"RPL23A",-0.266731271804575,11.2835537008661,-2.34136911533068,0.0279834953713136,0.257587125496573,-3.6083617830585,"RPL23A",0.196665392247709,1.5530980394631,""
"SSU72",-0.267142413028861,10.5062644217092,-1.2682383280565,0.217594929497097,0.583845834192679,-5.22955106458742,"SSU72",0.445760904285652,0.66235122899724,""
"MRPS5",-0.267550482436173,9.68598231730825,-1.09034249180273,0.299619913970288,0.648968835090743,-5.03132815887922,"MRPS5",0.495481714249565,0.523429325017984,""
"H1-0",-0.271024318345372,12.2750260313114,-2.18486966826614,0.0390497962458838,0.293557396983615,-3.89025435529618,"H1-0",0.224128362447087,1.40838122784351,""
"PRPF8",-0.271215706364961,9.79460254241732,-1.44575955535028,0.163252642656836,0.518471611800638,-4.96547429322027,"PRPF8",0.395848289030389,0.787139779841603,""
"LAMB2",-0.27157028625701,13.712199548159,-3.07483162913455,0.00524783666452831,0.1321626233672,-2.15267821622886,"LAMB2",0.100904942802906,2.28001969055274,""
"PIP",-0.271824562003374,16.5978677884431,-0.829172564676237,0.415298045084496,0.735461303209637,-5.67838518670626,"PIP",0.561517915151622,0.381640113221964,""
"XIRP2",-0.271853436920644,14.4281683311532,-1.14371193011213,0.264188738698283,0.62724371284876,-5.38709021547353,"XIRP2",0.478894783986213,0.578085698551277,""
"TRMT112",-0.272206288151631,10.9452364466666,-1.89737128459503,0.0718520791902544,0.377887379181409,-4.3234764639037,"TRMT112",0.288513525312659,1.14356066012837,""
"EGLN1",-0.272556833763236,10.4474083141681,-0.95274009342159,0.366587572720949,0.705323031375212,-5.09656985685933,"EGLN1",0.538507622845439,0.435822261660208,""
"DCD",-0.273246539526966,16.4309183975633,-1.26195384254698,0.219270175028768,0.5839271230586,-5.25612563886407,"DCD",0.445822967584317,0.659020436727884,""
"ABCB7",-0.274210163609521,11.9971070814679,-1.08474962496805,0.289444764354075,0.640706182313454,-5.42808857062503,"ABCB7",0.489173255135704,0.538434301798333,""
"SPPL2A",-0.274723307933224,12.8624894362802,-2.30025046306934,0.0305731317395949,0.265936082673481,-3.68358565771706,"SPPL2A",0.203039743973909,1.51466007231212,""
"IGHV1-18",-0.276037931853757,10.9430247777944,-2.00076508466491,0.0587377272878474,0.35306537288157,-4.1593724926507,"IGHV1-18",0.269562152661863,1.23108286144689,""
"ARF6",-0.277508298409245,11.6972767699612,-1.86664132280827,0.0749519202061057,0.388196066690626,-4.40859835889008,"ARF6",0.29638411305516,1.12521723640832,""
"HP",-0.27829985660374,15.3216164633109,-0.918085360165201,0.367843423893036,0.705535254903206,-5.60472647166269,"HP",0.538669653549795,0.434337003635335,""
"SOD3",-0.278314843376608,11.8950269623003,-3.31740040218318,0.00292566388322952,0.106077932291382,-1.6349862017982,"SOD3",0.0809895219828762,2.53377556954479,""
"LAMA5",-0.279465186577042,10.7993964683415,-2.03837675912495,0.0539116804266114,0.340310568787956,-4.11568845336262,"LAMA5",0.259823977489958,1.26831713100515,""
"ATRN",-0.280194348214716,14.5216803029366,-1.68361424832902,0.108077713005749,0.433722145529667,-4.62885541233171,"ATRN",0.331142853947663,0.96626385384069,""
"ODR4",-0.2807805838228,9.51377195920718,-1.55287271929862,0.134951344822448,0.476479523201408,-4.85083970118824,"ODR4",0.363787717059846,0.869822783237452,""
"NAA50",-0.281951014743562,11.2404007544454,-2.47383617536615,0.0209493863945063,0.227824577040256,-3.36073928038075,"NAA50",0.173941961271999,1.67882869295461,""
"MYO18B",-0.282613413802469,10.4489026979887,-1.21762584885445,0.242617369215715,0.604408538843953,-5.09441249011013,"MYO18B",0.461460339450048,0.615078110788014,""
"TNNC2",-0.28284290348315,13.8437937874933,-0.697005701279529,0.492594729032311,0.783078331700867,-5.77477083539738,"TNNC2",0.597873076799724,0.307510239602943,""
"HACD1",-0.283119285360673,12.6346922778535,-2.20914549626044,0.0371070482606954,0.29107741955316,-3.84732721637763,"HACD1",0.222234922574323,1.43054359092411,""
"NOSIP",-0.285858734070388,16.4586299448425,-1.25021771090342,0.223450331647792,0.586117624889804,-5.26962703333183,"NOSIP",0.447495395509519,0.650818996417812,""
"PDLIM2",-0.286219028060128,10.552524195065,-1.3899299881702,0.177496416279547,0.536185380160968,-5.10190864373955,"PDLIM2",0.409372587638301,0.75081041109187,""
"HBD",-0.287847569818723,16.7734272107135,-0.935902337225687,0.358783067031614,0.700231451388612,-5.58912850203735,"HBD",0.534620248531623,0.44516806191631,""
"UBFD1",-0.288411547260482,9.12040499637147,-1.84251308097441,0.0822650357615471,0.399632686415231,-4.36250959675135,"UBFD1",0.305115866630931,1.08478470916537,""
"STEAP4",-0.289839059375778,9.53301961567972,-0.99527792709701,0.338260686849161,0.687799182676832,-5.24204702287681,"STEAP4",0.52512832614607,0.470748473617842,""
"C19orf12",-0.289885310321207,11.5135753667155,-1.51553594772178,0.156292435161651,0.507023255761695,-4.66812942959819,"C19orf12",0.387107574886972,0.806062042115548,""
"AGPAT3",-0.290024274142715,9.97011323049656,-2.02549634593182,0.0547576714566704,0.340867693293152,-4.15176097668932,"AGPAT3",0.260249336906248,1.26155502830687,""
"CHCHD10",-0.291783852039073,12.5383142294986,-0.913677378471852,0.372548651980113,0.705581892701341,-5.48551225979393,"CHCHD10",0.538705261078106,0.428817003702868,""
"GOLGA3",-0.29211899955288,11.4107808907023,-3.02235193913223,0.00594524183315331,0.13728441405085,-2.2627744462317,"GOLGA3",0.104815382705012,2.22583047499518,""
"GOLPH3",-0.292316675292446,11.2250568197898,-2.18624806107497,0.0410797786641482,0.299979513069481,-3.8461542827943,"GOLPH3",0.229031588789057,1.38637190502603,""
"PECAM1",-0.293464780627049,9.64819385976778,-1.2235869535771,0.247492963469855,0.610680446635822,-4.81011649167071,"PECAM1",0.466248883146289,0.606437144082555,""
"CA1",-0.295854689428861,16.876468973317,-1.08927570554798,0.287008316859165,0.640123355022583,-5.44354014402942,"CA1",0.488728271879841,0.542105518200822,""
"PF4",-0.296316453451333,12.2574910872543,-1.36517901205222,0.185604975622483,0.548222103921964,-5.11392228665451,"PF4",0.418562515105639,0.731410385571768,""
"MT-ND2",-0.296485823018751,13.9817111261416,-2.50609284560525,0.0195044833743432,0.220281887938133,-3.2992755692354,"MT-ND2",0.168183187777353,1.70986554858948,""
"ADH1C",-0.296788639771126,10.919791645699,-1.58538029569432,0.127379951778322,0.461752325196418,-4.80504272521571,"ADH1C",0.352543637345934,0.894898919859311,""
"YBX1",-0.297777859971577,8.78667291949964,-1.25510041073835,0.226774630502061,0.588068460932001,-5.10821552401921,"YBX1",0.448984840817432,0.644405532006769,""
"XIRP1",-0.297915445496994,16.0129231431676,-1.90851143119958,0.0685356047848683,0.374612997931441,-4.35639970188711,"XIRP1",0.286013565457709,1.16408375048806,""
"EARS2",-0.301752614205734,13.9446465667426,-0.803222206220427,0.429845908342814,0.747609147205217,-5.69855672251957,"EARS2",0.570792681892191,0.366687202908732,""
"SPTA1",-0.302277294263169,13.1328775036504,-1.22677890435431,0.231979848263634,0.593066913949148,-5.29626290047635,"SPTA1",0.452801113549828,0.634549739971259,""
"NOP14",-0.304378380274931,12.0062346653713,-1.388171174189,0.18453190555586,0.547870838522103,-4.93224381610295,"NOP14",0.418294327215761,0.733928533521739,""
"VCAN",-0.304501913084469,10.7896349939973,-1.83131600454444,0.0874662248589622,0.402770799372623,-4.3284605084341,"VCAN",0.307511786902542,1.05815961771039,""
"NEDD4",-0.305614343497998,10.3644638711352,-1.7397566564289,0.0993108653972859,0.425324929437335,-4.51183096113213,"NEDD4",0.324731656985068,1.00300323364017,""
"AP1G1",-0.30645064162281,9.46854770374772,-1.64317820366926,0.117100063264643,0.44945759576576,-4.67296562543994,"AP1G1",0.343156724931742,0.931442870295035,""
"ATG7",-0.308533568520856,10.6303189252568,-1.66161152563636,0.11330912001216,0.441720665990051,-4.63609857683613,"ATG7",0.337249650476062,0.945735133282635,""
"LSM14A",-0.310198449777593,10.4030965517416,-1.69518527312706,0.109841901762714,0.435515144326313,-4.53938789258976,"LSM14A",0.332511791975766,0.959231956489595,""
"MFN1",-0.313326510354175,10.1732231997623,-1.81370357861793,0.0829962786925549,0.399802543836116,-4.49088100516068,"MFN1",0.305245551203637,1.08094137966633,""
"TXNDC9",-0.313368426068129,9.34525365576773,-2.03788880254378,0.0539644055602478,0.340310568787956,-4.11762389890974,"TXNDC9",0.259823977489958,1.26789260250637,""
"RAB1A",-0.313852654726512,10.361935886839,-1.99164205673403,0.0580811020175425,0.352095582133412,-4.22071829459585,"RAB1A",0.268821726378845,1.23596515202564,""
"TTN",-0.313913987008796,17.259262049563,-1.52670082482166,0.140100269594876,0.484028729250166,-4.92339780428229,"TTN",0.369551466183082,0.853561029000776,""
"QRICH1",-0.31543607873261,9.9533346146917,-1.78395265445867,0.0938318613704146,0.413811480790262,-4.41598794507628,"QRICH1",0.315941245236284,1.02764966836058,""
"DBNL",-0.316809110752946,13.4060482336697,-1.07727398199222,0.296720553892062,0.648807852417449,-5.29536597217654,"DBNL",0.495358805464713,0.527652368975612,""
"PEX14",-0.317017909286434,9.98454224367858,-1.69928527772192,0.107871436470682,0.433722145529667,-4.55205803117298,"PEX14",0.331142853947663,0.967093537943536,""
"METTL7A",-0.317113108401422,12.385552108193,-2.41645035272377,0.0237676569737267,0.238590710390103,-3.4689760586232,"METTL7A",0.182161804690636,1.6240136291063,""
"SERPINA3",-0.317496797681313,14.8839548955502,-2.36589983512927,0.0265359426723179,0.251434625122853,-3.56310570353121,"SERPINA3",0.191968015012845,1.57616547972806,""
"EPB41",-0.317854623043404,12.7802758247805,-1.83277050254876,0.0794576891632542,0.394523296365423,-4.47640106017598,"EPB41",0.301214894498279,1.09986406951273,""
"DST",-0.318066378021287,11.0571237399055,-2.87547920487813,0.00981368222066614,0.172853261690383,-2.60860313614841,"DST",0.1319718695028,2.00816800912722,""
"HLCS",-0.318981389463087,14.3172482102796,-0.487704570421367,0.631443367313492,0.861217157512426,-5.76497107582312,"HLCS",0.657531348921753,0.199665594223708,""
"ART3",-0.319115314638243,12.507326761359,-2.44027666531231,0.0225574802329638,0.233824803366304,-3.4242117457092,"ART3",0.178523078677275,1.64670941453078,""
"EMC10",-0.320967326262899,9.58834147298198,-1.60325653709503,0.123369254776137,0.45764943601557,-4.78027327740425,"EMC10",0.34941111933462,0.908793058655583,""
"ARSB",-0.32198390177691,13.5827552226256,-1.79289155726084,0.0863576576384901,0.402770799372623,-4.52275809977167,"ARSB",0.307511786902542,1.0636991459635,""
"DEFA1B",-0.322019685258768,11.3904684085206,-2.09595157755667,0.0480047044948528,0.323290542551058,-4.02328423125384,"DEFA1B",0.246829344588592,1.31871619937364,""
"CLU",-0.323276817033141,13.1216912563998,-2.30595705223576,0.0302010915845087,0.264317331313453,-3.67319396689336,"CLU",0.201803842254995,1.51997735967327,""
"PHAX",-0.32410846979994,13.9196698816111,-3.16354753113723,0.00424396106766092,0.1206377448045,-1.96494077253193,"PHAX",0.0921058044190632,2.37222860878992,""
"RBFOX1",-0.324296029837692,10.1857095931383,-2.58775582417892,0.0169221487144561,0.207565769866379,-3.1365118463039,"RBFOX1",0.158474549025985,1.77154449262186,""
"NPTN",-0.324781539378098,11.2772598313994,-2.26477282789572,0.0350012878020391,0.283866376496199,-3.71230547388914,"NPTN",0.21672935777337,1.45591597636314,""
"TCERG1",-0.326332700679735,11.3352757758825,-1.36209085548367,0.192455341739159,0.556596264467091,-4.96295441462013,"TCERG1",0.424956109370794,0.715670030240239,""
"PCNP",-0.327232379445979,10.4200109776765,-3.01339378286561,0.00607283893572202,0.13728441405085,-2.2814928348958,"PCNP",0.104815382705012,2.21660823711467,""
"SIGLEC1",-0.327784212976697,15.2718959944264,-1.64535842437706,0.129058636055768,0.463738853712278,-4.48057912760494,"SIGLEC1",0.354060333527972,0.889212929005615,""
"ARFIP1",-0.328991586199304,9.69737320893601,-1.22872736694397,0.237332517002003,0.600356596377397,-5.07677672669331,"ARFIP1",0.458366718784753,0.624642754883938,""
"CNIH4",-0.329942507156844,10.4070257719258,-2.20706694932921,0.0400546629621565,0.296383859186472,-3.80334000327444,"CNIH4",0.2262863402448,1.39734691826006,""
"REXO2",-0.330731211261542,10.8728984813554,-1.39443937157654,0.179576387175427,0.540423278386426,-4.98361361320785,"REXO2",0.412608183808757,0.745750770082989,""
"ALDH16A1",-0.331607813324435,10.8011460047334,-1.77099893776379,0.0948649664911634,0.416040501490217,-4.44041197789662,"ALDH16A1",0.317643081962168,1.02289414235287,""
"RPL18A",-0.331673530534488,11.8228657847711,-2.30736996039741,0.0301096186504351,0.264317331313453,-3.67061864948669,"RPL18A",0.201803842254995,1.52129474495421,""
"RPS24",-0.334319630744549,9.8110939359359,-2.63280916592688,0.0149838065479623,0.198190839735354,-3.05262975598878,"RPS24",0.151316876421197,1.82437784265997,""
"SNRPB",-0.336396481588356,11.091279531798,-1.90843248257698,0.070335303767145,0.37619570126511,-4.31469686158353,"SNRPB",0.287221944841297,1.15282663255167,""
"APOD",-0.337039525901488,13.1587693204201,-1.23182306887702,0.230123759744363,0.591481928581974,-5.29056779592498,"APOD",0.451590991854727,0.63803853911859,""
"SSPN",-0.340614560322821,10.8316470046631,-2.02175589456671,0.0595768948773406,0.35486569542084,-4.07825233958145,"SSPN",0.270936682299846,1.22492213577654,""
"MPDZ",-0.341725864651295,12.9790015718672,-0.726392261055656,0.475039176406255,0.771401287026221,-5.73386801174002,"MPDZ",0.588957760994223,0.323270572700474,""
"IRGQ",-0.344831014512236,10.5197083252493,-2.24517144940313,0.0358460590843559,0.287469373271468,-3.75510715189586,"IRGQ",0.219480212548079,1.44555858370599,""
"HBG1",-0.34517512327073,14.3270619562749,-0.558797113784666,0.58155350570724,0.832517521770072,-5.8583925000058,"HBG1",0.635619441990242,0.235410321925381,""
"EIF2B3",-0.348711805439583,11.2538528138195,-1.99016898276172,0.0582533617253119,0.352095582133412,-4.22315776642886,"EIF2B3",0.268821726378845,1.23467900701224,""
"CMA1",-0.350664497296998,11.7827355985847,-1.46311831935172,0.156600102898719,0.507447963230498,-5.00810051110204,"CMA1",0.387431835118463,0.805207956911977,""
"NOL6",-0.359054803319461,10.7472631148155,-1.98572174269644,0.0611970326865914,0.358564654782049,-4.17516782637481,"NOL6",0.273760803622984,1.21326963535577,""
"H2BC20P",-0.359911712850794,12.1829474935652,-3.07471044583769,0.00542141113439182,0.135346354606264,-2.16437145159957,"H2BC20P",0.103335692211421,2.26588765661404,""
"TINAGL1",-0.362500224393441,13.0601186008764,-3.71967369609578,0.00108643826349408,0.0771536240771049,-0.751622650776114,"TINAGL1",0.0589060796932493,2.96399494728697,""
"TECR",-0.364456957624306,11.7586672028331,-2.64157101418264,0.0143911337060202,0.19658468800844,-3.03647867260129,"TECR",0.150090594405844,1.84190499182611,""
"ABRA",-0.369439415221981,10.4231174335737,-1.52329555563541,0.152288460246262,0.500754852280834,-4.66064392159974,"ABRA",0.382321706699833,0.817333004354349,""
"HOOK2",-0.371744267309845,9.93429810270595,-1.88821761203783,0.0718732260798568,0.377887379181409,-4.37457579180189,"HOOK2",0.288513525312659,1.14343286109517,""
"TDRD7",-0.37601075231383,12.5003326519896,-1.10144570385322,0.283376786891335,0.640118002518917,-5.35982630950743,"TDRD7",0.488724185292707,0.547635728322507,""
"RABGAP1",-0.376386435899388,15.0933751786156,-1.18551383082486,0.247590400516927,0.610680446635822,-5.34208395670054,"RABGAP1",0.466248883146289,0.606266197629893,""
"NEU3",-0.382731782477705,12.0018432629425,-0.928982912446045,0.362283883750447,0.70124816811282,-5.59521910186467,"NEU3",0.53539650236413,0.440950985186903,""
"MRPL40",-0.388224653354083,11.3750908616736,-1.84994681585999,0.0786856161625802,0.392198618060361,-4.39677329381623,"MRPL40",0.299440024074016,1.10410465000623,""
"COL4A1",-0.39543349414873,13.1664648551657,-1.87949566150569,0.0725544564348651,0.380116504424266,-4.40278690107569,"COL4A1",0.290215441856084,1.139335907201,""
"PLXND1",-0.395781168719679,14.636915145896,-1.36784673450793,0.195171229447558,0.562022667747182,-4.86532917232924,"PLXND1",0.429099118178071,0.709584202105131,""
"RAB9A",-0.396390737125364,11.5381269985623,-2.35463934647622,0.029666863126431,0.263602738708893,-3.55195427485509,"RAB9A",0.2012582573986,1.52772837208231,""
"DMAC1",-0.396832201646715,11.1116265187955,-1.24665905306467,0.22647982173889,0.587905577045528,-5.21175922390357,"DMAC1",0.44886048047387,0.644970485473785,""
"CA4",-0.397780257431169,12.5662286243823,-2.32866193241059,0.0296272611511032,0.263602738708893,-3.61815450277408,"CA4",0.2012582573986,1.52830849438361,""
"LSM3",-0.397966924809058,10.4119667111237,-1.59247540035329,0.128086520374779,0.462397460369411,-4.74041245126689,"LSM3",0.353036192094564,0.892496572323076,""
"PPBP",-0.398886943259397,12.3981026514731,-1.524761754553,0.140581582194419,0.48454165013845,-4.92602427574951,"PPBP",0.369943076545952,0.85207157316594,""
"PRELP",-0.399949094978114,12.6938212369275,-3.45256073698489,0.00210280700927975,0.0914721049036692,-1.34112572940339,"PRELP",0.0698381076147497,2.67720058401882,""
"IGHV3-7",-0.400164318090109,11.8686795032782,-0.985818011091841,0.33563385799053,0.685222313493292,-5.47132823000419,"IGHV3-7",0.523160910314339,0.474134234980524,""
"MYBPC2",-0.403834413046253,13.3663624362544,-1.2053369912981,0.239996093515277,0.601771864176733,-5.32024374569975,"MYBPC2",0.459447262683658,0.619795827365755,""
"CAMKV",-0.40539544870609,9.59848413074091,-0.902046840647305,0.386980394163753,0.715402905115347,-5.19293603991872,"CAMKV",0.546203513387676,0.412311037363995,""
"MYH6",-0.414444053534737,17.7154251304869,-3.58053216265234,0.00153424230808219,0.0831096163491312,-1.05998368831016,"MYH6",0.0634534248066524,2.81410604537226,""
"TIMM17A",-0.421146738872284,10.1764218101639,-1.57217831828679,0.142661110655962,0.486033812321408,-4.5841373134718,"TIMM17A",0.371082328596857,0.84569439920025,""
"ANKRD1",-0.424400620892087,11.3782818584755,-1.41225637453994,0.192829465564153,0.556955126393041,-4.67447369249167,"ANKRD1",0.42523009713821,0.714826602413701,""
"MYH4",-0.428862249233058,15.8209886544842,-1.04625839648254,0.306018407711364,0.655166926576678,-5.48639688638684,"MYH4",0.500213899877705,0.514252448920299,""
"TM9SF2",-0.437009407175442,12.4373558111504,-2.35604025434847,0.0275123595931641,0.255624544957845,-3.5742515183799,"TM9SF2",0.195166980125121,1.5604721608155,""
"AK4",-0.446503778888484,11.5548175732126,-1.80645616631938,0.0841537642494581,0.400175697227835,-4.50201214928324,"AK4",0.305530450373226,1.07492645299529,""
"H2AC20",-0.448454496952333,13.9697729445708,-2.33452238892171,0.0284002562633504,0.258848049943108,-3.62094297717295,"H2AC20",0.197628096421664,1.54667774117631,""
"PEF1",-0.448508272933593,11.5051155530399,-2.05805860018286,0.0530964229652916,0.340310568787956,-4.06103246440419,"PEF1",0.259823977489958,1.27493473576905,""
"LTF",-0.452516568307471,11.730318521265,-1.23092278583133,0.230454208222797,0.591608232238221,-5.29158575309927,"LTF",0.451687423530224,0.637415357006796,""
"TBCEL",-0.45376573688581,8.8942953512173,-1.79693551179057,0.0962504196573199,0.419324665912239,-4.33445094607189,"TBCEL",0.320150511178662,1.01659736826662,""
"CFHR1",-0.455539880920599,10.8244482522417,-2.54142256406226,0.0201023527132674,0.220281887938133,-3.22066897704438,"CFHR1",0.168183187777353,1.69675311120663,""
"SLC2A1",-0.456872964807307,12.0298950928874,-1.60434437726605,0.121911275600474,0.455145997722966,-4.81603386452284,"SLC2A1",0.347499767310199,0.913956124532562,""
"EIF2B2",-0.463784067685987,14.5082669950073,-2.55400239412354,0.0175285643112055,0.210890686881503,-3.20718375908178,"EIF2B2",0.161013092471081,1.75625365362982,""
"DNAH7",-0.471619321116918,12.45138706056,-1.1467218221951,0.262966927304142,0.62656561528461,-5.38389743855526,"DNAH7",0.478377062756246,0.580098868211734,""
"RPL19",-0.471902702812395,9.46326342284559,-1.73967195710299,0.0993260962001816,0.425324929437335,-4.51793549852479,"RPL19",0.324731656985068,1.00293663320879,""
"RPS6KA6",-0.473251769808439,16.6794564801731,-2.23211809261674,0.0368254253117752,0.29107741955316,-3.77243861084367,"RPS6KA6",0.222234922574323,1.43385222861322,""
"ROCK1",-0.479388823078134,11.9244724722506,-2.88744411781876,0.00891115185095462,0.166993990169664,-2.56394947227139,"ROCK1",0.127498369790085,2.05006615565093,""
"TAGLN",-0.482492997919071,12.6104384249473,-3.12624906744082,0.0046411734440238,0.124979735496112,-2.04411038889063,"TAGLN",0.0954208742264364,2.33337220137736,""
"ENG",-0.488120479932725,11.5676052480385,-1.48158626130682,0.20282753642066,0.572832324672102,-4.46303187536361,"ENG",0.437352191444463,0.692873084330222,""
"PXN",-0.488517107940634,10.5287928279981,-2.24799623497941,0.0384347580307566,0.293300914985479,-3.71825731230391,"PXN",0.223932540809376,1.41527584872345,""
"PPP1R9B",-0.494449194257825,12.2774200063491,-2.83953635202892,0.00963268007259772,0.172846403052675,-2.64857367804478,"PPP1R9B",0.13196663299623,2.01625286357065,""
"YIPF3",-0.500488663200104,11.9076126905805,-2.61697558730233,0.017129763868225,0.208387932481669,-3.0860131508066,"YIPF3",0.159102262592475,1.76624862369145,""
"JCHAIN",-0.502143991486037,11.8864204757063,-1.41607678951613,0.170980900045696,0.526582903347222,-5.02866632781738,"JCHAIN",0.402041185241988,0.767052401116917,""
"IGHA1",-0.502641423520553,15.098942697792,-1.50180256598498,0.146383926163319,0.4901874045081,-4.95691650135568,"IGHA1",0.374253557885037,0.834506608809221,""
"SIX4",-0.505251475457769,11.0150786975843,-2.69591004124822,0.0133122281891627,0.188215075672831,-2.9294215298641,"SIX4",0.143700472656667,1.87574924660888,""
"KCNC1",-0.508316752173695,14.1608016279375,-2.60251606457682,0.015719175360404,0.199343134661464,-3.11298316908093,"KCNC1",0.152196642959186,1.80357024110959,""
"APOO",-0.512801472198946,10.6506297546949,-2.2382318065864,0.0348948616427598,0.283804951207828,-3.79549893784472,"APOO",0.216682460132784,1.45723851930125,""
"JAGN1",-0.528970668479252,11.7174716724445,-3.76559970849244,0.00116317194354909,0.0776620151146384,-0.774738371135404,"JAGN1",0.0592942315568916,2.93435608181925,""
"SIPA1",-0.52935794962573,9.72262308455012,-2.46298783649078,0.0250025800033586,0.246674938796023,-3.33520524360702,"SIPA1",0.188334038444188,1.6020151743916,""
"CST3",-0.534068407871152,12.3496877971303,-3.66611285279283,0.0014710154689491,0.0812170271414012,-0.982095526292987,"CST3",0.0620084504191146,2.83238276028137,""
"ITGA8",-0.545630444414211,11.1154364968786,-2.5878930502942,0.0182210543343647,0.214396094237546,-3.13873292868541,"ITGA8",0.163689438625164,1.73942649682796,""
"SRP54",-0.550055597286656,14.4153725784942,-2.2534090078729,0.0518720827671516,0.336173249716687,-3.71309893050034,"SRP54",0.256665172575168,1.28506631387028,""
"LRG1",-0.558852456614972,10.6349173447662,-3.02943972170295,0.00602959001525402,0.13728441405085,-2.25793856251342,"LRG1",0.104815382705012,2.21971221690896,""
"TRIM21",-0.561938234057557,9.03338851297012,-1.70458664524028,0.120196798906318,0.454669276450088,-4.32002019595641,"TRIM21",0.347135795019493,0.920107098355196,""
"RPL32",-0.563943137435958,10.7089792411143,-2.84539663997321,0.00979390003696504,0.172853261690383,-2.64607985561862,"RPL32",0.1319718695028,2.0090443329925,""
"ADH1B",-0.573428662323334,12.5903469448113,-3.95798554528214,0.000598861034047487,0.076513026236464,-0.218511904391915,"ADH1B",0.0584169891559804,3.22267394413519,""
"SLC35E2B",-0.608543003675491,15.4381048089995,-1.81434593232764,0.0828943553137086,0.399802543836116,-4.48989286036181,"SLC35E2B",0.305245551203637,1.0814750417003,""
"HOMER3",-0.613488492156133,10.6136140719487,-2.31109074800322,0.0370059181342593,0.29107741955316,-3.60012629694794,"HOMER3",0.222234922574323,1.43172881627026,""
"CPOX",-0.613747364538662,10.4363232058858,-1.96715415043475,0.0671540864574402,0.372514727068544,-4.14262492741521,"CPOX",0.284411555025324,1.17292755452292,""
"GALE",-0.617114846011182,10.8957092171785,-2.81455535823233,0.0101940784639221,0.176111198909758,-2.69786813240067,"GALE",0.134459274492206,1.99165202796555,""
"LYZ",-0.680953871622425,14.6144384363149,-1.76388105887737,0.0906685506617943,0.40864899364209,-4.58243368501309,"LYZ",0.311999733959229,1.04254332641869,""
"LCN1",-0.681547433138135,12.1003948164188,-2.95674254507194,0.0225029501043675,0.233824803366304,-3.12135732369355,"LCN1",0.178523078677275,1.64776054277479,""
"MYH2",-0.693878649234906,15.6712466634927,-1.69026530443878,0.104118228002407,0.433545212282292,-4.69234545779036,"MYH2",0.331007767046757,0.982473231797195,""
"MT-ND4",-0.701527844848084,9.56762344534502,-2.28570672991004,0.0324380181059377,0.273910441123962,-3.69483808200536,"MT-ND4",0.209128093030813,1.48894568812145,""
"SNCA",-0.705319043592842,9.71585599913251,-3.12382955760523,0.0048283918842462,0.12717718440065,-2.06228710146524,"SNCA",0.0970986061779933,2.3161974887282,""
"SRCIN1",-0.721683914565844,11.7857008516411,-2.38637928033083,0.0309822879299227,0.267117563503928,-3.4869380927705,"SRCIN1",0.203941793680411,1.50888651431563,""
"PPIC",-0.733483907001645,11.6122247275609,-2.12335458415002,0.0540625177673177,0.340310568787956,-3.88029377121496,"PPIC",0.259823977489958,1.26710373246285,""
"KTI12",-0.836545573525763,12.6660061139439,-2.72143463438502,0.0119964877853563,0.178455525553149,-2.87824957939773,"KTI12",0.136249146241387,1.92094588384435,""
"IKBKB",-0.951334867478582,10.9005696289382,-2.61615330148263,0.0230216579140894,0.234478185930098,-3.16061026449309,"IKBKB",0.179021930232641,1.63786340368566,""
"MYH1",-1.17309513981106,13.2649020443086,-4.42605570593737,0.000184089079668428,0.0587244164142287,0.838567504699477,"MYH1",0.0448355497828472,3.73497197347539,"+"
"SAA1",-1.19621763528293,11.3708966689035,-2.82358849727059,0.015752880488756,0.199343134661464,-2.85637410734961,"SAA1",0.152196642959186,1.80264002181145,""
"COL3A1",-1.89604277778072,10.6658592765178,-5.73595530761377,0.000148449349975731,0.0587244164142287,0.145776603258176,"COL3A1",0.0448355497828472,3.82842169973565,"+"
"COBL",NA,10.2546020712628,NA,NA,NA,NA,"COBL",NA,NA,NA
"ATP2B2",NA,10.9924353535684,NA,NA,NA,NA,"ATP2B2",NA,NA,NA
"SLC22A25",NA,NA,NA,NA,NA,NA,"SLC22A25",NA,NA,NA
"MICAL3",NA,10.6056932323726,NA,NA,NA,NA,"MICAL3",NA,NA,NA
"USP48",NA,11.5004141206461,NA,NA,NA,NA,"USP48",NA,NA,NA
"GTPBP3",NA,17.4950485051216,NA,NA,NA,NA,"GTPBP3",NA,NA,NA
"PNN",NA,8.6706480048764,NA,NA,NA,NA,"PNN",NA,NA,NA
"ACBD3",NA,NA,NA,NA,NA,NA,"ACBD3",NA,NA,NA
"ZNFX1",NA,NA,NA,NA,NA,NA,"ZNFX1",NA,NA,NA
"NISCH",NA,12.5114385639685,NA,NA,NA,NA,"NISCH",NA,NA,NA
"RBM19",NA,NA,NA,NA,NA,NA,"RBM19",NA,NA,NA
"UCHL5",NA,8.68998623289747,NA,NA,NA,NA,"UCHL5",NA,NA,NA
