"","logFC","AveExpr","t","P.Value","adj.P.Val","B","protein","q","-log10p","regulated_q"
"GTPBP3",3.00649974039959,17.1144003192772,2.7828573588914,0.0235322769304781,0.357664602219382,-3.1456411764185,"GTPBP3",0.284068870302634,1.62833604942827,""
"MYH7B",1.50490126922229,15.0985407273381,1.36022431573519,0.195108687998352,0.695952205949457,-4.84892653313294,"MYH7B",0.552747897616732,0.70972339146794,""
"THY1",1.40718607620022,12.1430952596187,5.99630311628636,4.02001410798661e-06,0.00992331376158546,4.09710577178223,"THY1",0.00788141882763987,5.39577242278369,"+"
"GCC2",1.34799416118997,11.8142984997118,1.56053522234885,0.178236923246847,0.673905497938301,-4.41424387617317,"GCC2",0.535237684417664,0.74900232329973,""
"ENG",1.07571133097295,11.9870007444757,2.65895156096141,0.0550107027645272,0.474152777452273,-3.83917722584275,"ENG",0.376587571165644,1.25955280688069,""
"UCHL5",1.02710432234129,8.53211013520979,2.07060166554494,0.0649414952812698,0.501233841660364,-3.8969631798479,"UCHL5",0.398096233942026,1.18747771594211,""
"CALML5",0.963112565846423,9.08291439838642,3.20062633234484,0.0106680747875604,0.297773932177051,-2.57265020959343,"CALML5",0.236501750506536,1.97191394838983,""
"S100A13",0.936039343906165,13.5109843927431,4.6070645983687,0.000102283549784465,0.0420093150900483,1.32728315280143,"S100A13",0.033365165593037,3.99019420805034,"+"
"LCN1",0.920640605313219,11.5064168347239,2.58294876994231,0.029298360038629,0.371069537934178,-3.3004462968813,"LCN1",0.294715506624352,1.53315668838674,""
"YBX1",0.905497701494477,8.68512709301344,3.28517500078606,0.00351379950627822,0.184809793068993,-1.735458854025,"YBX1",0.146781953853434,2.45422302252232,""
"SRP54",0.899080415579279,14.1890046847212,3.00143462000574,0.00946156684036626,0.287115113496932,-2.4824707546642,"SRP54",0.228036169729369,2.0240369382516,""
"IGFN1",0.852927416354227,12.5032194541304,2.17599519741783,0.0416525841237584,0.420179576687036,-3.80112780603258,"IGFN1",0.333720298103509,1.38035804981841,""
"ADGRE5",0.849222662266707,10.2685443658463,1.83027756408798,0.0941645625976397,0.574783688892175,-4.18466078147584,"ADGRE5",0.456511916915474,1.02611250659016,""
"SERPINH1",0.796431967226574,11.8181962848932,5.65028757515107,6.90317479066815e-06,0.00992331376158546,3.68465369679007,"SERPINH1",0.00788141882763987,5.1609511299926,"+"
"BGN",0.796385880047414,13.3760633270714,4.97145456877343,3.9707211455528e-05,0.0253299170186828,2.15849155107245,"BGN",0.0201178446726556,4.40113061134962,"+"
"MYBPC2",0.720075952679398,13.4171476124949,2.00747321649418,0.0555797888031585,0.47415991931478,-4.13585834637692,"MYBPC2",0.37659324346534,1.25508310782488,""
"PECAM1",0.699452219866677,9.30767754753045,3.15468583247903,0.00519278810964725,0.221188175775617,-2.0453496758598,"PECAM1",0.175674849641229,2.28459939831548,""
"IKBKB",0.689825743992548,11.6607055639402,1.51124674681373,0.154465627730096,0.645414278967146,-4.61300042783942,"IKBKB",0.512609030823042,0.811168146322702,""
"EIF1AY",0.68202582187846,9.65172994234274,1.67016832881565,0.11420841636898,0.595065905932606,-4.51430732021598,"EIF1AY",0.472620713945308,0.942301890416601,""
"RPL19",0.660196310567018,9.30324834399051,2.60897444580439,0.0159885716583283,0.323712278293618,-3.04572611437621,"RPL19",0.257102829375204,1.79619033228964,""
"MYBPH",0.634642002992658,14.9306514256317,2.18744460638683,0.0382352987715238,0.398980710005993,-3.82846573108457,"MYBPH",0.316883468088985,1.4175355118745,""
"CAVIN3",0.627420981044176,9.83500847210763,1.93474527782562,0.0672204066449478,0.509917332728825,-4.19450628701654,"CAVIN3",0.40499294522627,1.1724988646258,""
"MVP",0.588242280359358,10.0783783127686,3.35982006692934,0.00295028601235867,0.184809793068993,-1.5853661518883,"MVP",0.146781953853434,2.53013587976148,""
"DSC1",0.581167711799187,15.5365732287277,1.67003000661507,0.107338828093255,0.586690362677009,-4.66027756742215,"DSC1",0.465968584838808,0.96924315057508,""
"KRT71",0.577226534529643,11.4960355070206,1.26534030000909,0.217369764132516,0.724737847264829,-5.18634347218722,"KRT71",0.575610391021598,0.662800865878212,""
"MYO1B",0.569200974920427,9.31151864784036,3.89540675125295,0.000828017577548038,0.123674970941807,-0.489869486098025,"MYO1B",0.0982266879700914,3.08196044370897,""
"MESD",0.55947615532426,9.35370688635941,2.70641628442317,0.0125657193723919,0.307196305811801,-2.85667014577734,"MESD",0.24398530637811,1.90081264352049,""
"CHMP4B",0.553356092497628,9.34649475323723,2.28452226991821,0.0346243637402749,0.385633109680568,-3.61628990090344,"CHMP4B",0.306282369399971,1.46061819847989,""
"LIPE",0.551383438370278,10.3542809592526,1.69938126550071,0.104671876098858,0.586690362677009,-4.54425622305798,"LIPE",0.465968584838808,0.98016999163351,""
"GON7",0.542578360243473,10.6542921399981,2.77361825734206,0.0141264087531673,0.312581709860838,-2.82172616581713,"GON7",0.248262569587386,1.84996823142219,""
"ECM1",0.538434168646228,11.0533675184876,2.89211593344728,0.0084320485559177,0.275478859071175,-2.50181628983299,"ECM1",0.218794277664099,2.0740669012413,""
"AKT2",0.518078161069393,10.6399624004122,2.53664663510793,0.0184029778461305,0.331624246746271,-3.18286169071576,"AKT2",0.263386772282242,1.73511189669137,""
"DDAH2",0.513820104279485,10.1139112409125,3.3282983053117,0.00269901306910363,0.184809793068993,-1.55374627677102,"DDAH2",0.146781953853434,2.5687950125069,""
"MRPL30",0.513001184587903,9.81896301019803,3.11654433589344,0.0051995665021669,0.221188175775617,-2.07178988662827,"MRPL30",0.175674849641229,2.28403286281994,""
"DSG1",0.50891582762004,15.7771562896469,1.26578290998528,0.217213788152487,0.724737847264829,-5.185835594251,"DSG1",0.575610391021598,0.663112610351691,""
"PXDN",0.505949568254525,9.76144343764493,2.3582974069077,0.0280809096943054,0.365305951905556,-3.49242291160981,"PXDN",0.290137878975758,1.55158882713989,""
"VIM",0.50256563895957,17.1602883752624,3.98649675375373,0.000509874694636728,0.108731353982317,-0.0883278293691303,"VIM",0.0863579809144413,3.29253654177315,""
"DYNLT1",0.49795417476059,11.539856734766,3.29002783705727,0.00296733402653378,0.184809793068993,-1.63669122585237,"DYNLT1",0.146781953853434,2.52763356331739,""
"EGFLAM",0.487023756707561,10.6518565348091,3.86932871080334,0.000688698282793621,0.11647103311951,-0.353300604572653,"EGFLAM",0.0925050860385277,3.16197099988703,""
"APOC3",0.482966372860757,9.43850441450236,2.29762631019091,0.0305658380223761,0.3723592555692,-3.62529138977318,"APOC3",0.295739842354856,1.51476369267628,""
"FLG2",0.479725899448342,10.9306042211917,0.894163613835833,0.385264157759966,0.818774469693336,-5.32158090399318,"FLG2",0.650297337771661,0.414241392780725,""
"FLG",0.469997609133937,13.4185242865195,1.22708662713093,0.231642248097168,0.730415663588198,-5.21225824891473,"FLG",0.580119897578179,0.635182228873109,""
"LGALSL",0.465755529690611,13.5049821424947,4.93142308980444,4.40520295977091e-05,0.0253299170186828,2.06743333851547,"LGALSL",0.0201178446726556,4.3560340776542,"+"
"TNNI2",0.450137276717525,13.6675234232085,1.16344788190767,0.255588766999797,0.739253224471245,-5.29909761028853,"TNNI2",0.587138976124672,0.592458237122417,""
"PDK4",0.439887436190222,11.6318931704468,1.46837434373586,0.155488433925024,0.646930893682264,-4.90636902199833,"PDK4",0.513813575600844,0.808301910620145,""
"NES",0.439151504392676,12.6825974104564,2.52538411193646,0.0182402556297948,0.331624246746271,-3.20665709849879,"NES",0.263386772282242,1.73896907950369,""
"KRT2",0.435907169132783,17.6971786457464,1.25284762844006,0.221807490982972,0.72945343241138,-5.20061441215819,"KRT2",0.579355662253597,0.654023790749382,""
"HYCC1",0.434883126611737,9.67618042038301,3.22373821157375,0.0046842691866679,0.213766252566194,-1.94638621755383,"HYCC1",0.169780116619032,2.32935815567369,""
"RCN3",0.433574427270003,9.90210739054513,1.61408257523211,0.127206484682271,0.626230553872479,-4.54066854795138,"RCN3",0.497372691856247,0.895490748829565,""
"CHID1",0.432680786726282,10.5669094715249,4.3462576898482,0.000201296763887781,0.0655396927685081,0.731015958176572,"CHID1",0.0520537575404573,3.69616320691451,""
"LAMA4",0.429649322389936,12.5366478900743,5.16456792199455,2.40798248846901e-05,0.023076498847828,2.59642772294812,"LAMA4",0.0183281066048065,4.61834667571526,"+"
"POSTN",0.428512046403796,9.91954620416028,1.10505147378966,0.282189357189253,0.757381209013149,-5.25551653947442,"POSTN",0.601536811576456,0.549459369749425,""
"CARNS1",0.421912044863928,11.4587838257433,3.33860952150323,0.00263083317787855,0.184809793068993,-1.53134409740661,"CARNS1",0.146781953853434,2.57990668981768,""
"FBN1",0.419142428600535,12.2700590140452,0.87172074140788,0.392330723988024,0.818774469693336,-5.53544128005745,"FBN1",0.650297337771661,0.406347680307929,""
"KRT10",0.418351800209098,18.3041628544231,1.1830679029084,0.247866891746891,0.738015311505687,-5.27803616213042,"KRT10",0.586155785349076,0.605781479250295,""
"SBSN",0.414895756359003,11.397922680832,1.31606391493049,0.200045436123294,0.699579083641077,-5.12713809443332,"SBSN",0.555628481946831,0.698871352253387,""
"ARFIP1",0.411811466137683,9.77706182961663,2.54764340593899,0.0191275452003239,0.335315197871532,-3.15900501283013,"ARFIP1",0.266318245819151,1.718340763081,""
"RCSD1",0.411239835938087,10.468042657834,2.41166769682204,0.0246259146342358,0.357664602219382,-3.40931771014866,"RCSD1",0.284068870302634,1.60860763034406,""
"SEPTIN9",0.409949859778486,10.5682684729464,2.5406107479273,0.018241675183425,0.331624246746271,-3.17389599947641,"SEPTIN9",0.263386772282242,1.73893528171421,""
"CES2",0.408330850604489,15.1438025453308,2.68772180775387,0.0125870811784504,0.307196305811801,-2.88997165232294,"CES2",0.24398530637811,1.90007496687836,""
"MRPL50",0.406703976665176,10.2386969187629,3.26103896778924,0.00342425102794917,0.184809793068993,-1.73703149837949,"MRPL50",0.146781953853434,2.4654344051932,""
"WASHC2C",0.406363196447437,9.82792528033327,2.40341525040481,0.0278584491041563,0.365305951905556,-3.40552962765819,"WASHC2C",0.290137878975758,1.55504306466205,""
"AHCYL1",0.405781047618516,10.8462739863964,3.55272554638693,0.00211114789414127,0.184809793068993,-1.28315960516028,"AHCYL1",0.146781953853434,2.67548134160488,""
"VWA1",0.40235307133349,10.074106758946,2.35831590465216,0.0268054840961742,0.365305951905556,-3.51545323006937,"VWA1",0.290137878975758,1.5717763451856,""
"CKAP4",0.4008486202169,11.3894664587643,2.86659818544942,0.00828034459214454,0.275478859071175,-2.5294831802763,"CKAP4",0.218794277664099,2.08195158938023,""
"COLGALT1",0.392204152223412,9.88845840983131,2.47682903123824,0.0217986741945236,0.351083264766078,-3.28932394905797,"COLGALT1",0.27884175785192,1.66156991958402,""
"TIMM10B",0.386974038978762,10.6645693440372,1.74780897141108,0.0937782033893083,0.574665661434391,-4.519295506375,"TIMM10B",0.4564181756663,1.02789809176761,""
"SH3BGRL",0.383648824464975,10.8776138583978,3.10593287139812,0.00532855607146296,0.221188175775617,-2.09278671074945,"SH3BGRL",0.175674849641229,2.27339045985757,""
"AKAP12",0.374344196507908,11.9729554562143,1.17104552092304,0.258620338171362,0.740430621567075,-5.08877936793271,"AKAP12",0.588074103226528,0.587337324744577,""
"PICALM",0.369227983732918,10.4952568745454,2.22373296023584,0.0372155250448461,0.398980710005993,-3.73210425927723,"PICALM",0.316883468088985,1.42927584950643,""
"NEDD4",0.367468381191115,10.23816253576,2.6892878220578,0.0149387866597953,0.313642673192688,-2.92101599263665,"NEDD4",0.249105221203567,1.82568467483351,""
"MRC2",0.364361177660919,10.1630593834953,1.74308267323008,0.0973951465424667,0.578622415685174,-4.42631398970566,"MRC2",0.459560758698309,1.01146268462388,""
"MLF2",0.364073621015995,9.60990178633703,1.15765548425742,0.262918482928603,0.740430621567075,-5.1175479537469,"MLF2",0.588074103226528,0.580178882316047,""
"COL6A2",0.36035283214005,14.7069759352459,2.35646951960329,0.0265586015972307,0.365305951905556,-3.52424247339358,"COL6A2",0.290137878975758,1.57579479581737,""
"COL6A3",0.359579718038422,15.4105214839941,2.43902235719788,0.022133749998495,0.353498839025647,-3.37063611284728,"COL6A3",0.280760285564168,1.6549449997337,""
"EVI5L",0.359375091225441,13.1903938824861,2.08113357702012,0.0482156183727061,0.449718259305389,-4.00233175097842,"EVI5L",0.357180881425301,1.31681225897344,""
"CDV3",0.3568482261339,10.5664270904809,2.53536016904367,0.0184556102537055,0.331624246746271,-3.18527839017686,"CDV3",0.263386772282242,1.73387158983787,""
"TPD52L1",0.356822102355073,10.2620388249177,3.23219614426398,0.00342231111325695,0.184809793068993,-1.76140618352473,"TPD52L1",0.146781953853434,2.46568051243691,""
"PVALB",0.356461658544859,10.707383766155,1.35323289978847,0.208635190472761,0.710694517309463,-4.69195746851887,"PVALB",0.564456721212079,0.680612437332452,""
"INTU",0.35591621974384,12.663381393392,1.17117897363622,0.253466022660883,0.738015311505687,-5.25659613367779,"INTU",0.586155785349076,0.596080249979098,""
"KRT1",0.355658498081691,19.4310576021742,1.03263042690848,0.311624276019273,0.768251570236418,-5.43141656951893,"KRT1",0.610170406327835,0.506368717461134,""
"AKAP2",0.35504597279404,9.81881448795155,1.61122624100244,0.125432306199521,0.62282880884909,-4.61278844971369,"AKAP2",0.494670915220104,0.901590592714227,""
"MYH2",0.350433668400138,15.2559488542445,0.938355173239547,0.357004086664923,0.797796599134494,-5.51783139638603,"MYH2",0.633636030071577,0.447326812442801,""
"ENAH",0.350242997899402,11.8784107789949,1.5607104023862,0.131112838563468,0.635665111079206,-4.81413085959559,"ENAH",0.504865924317302,0.882354780130864,""
"S100A6",0.349022514033933,12.2662013289458,1.85388926343934,0.0755430662932271,0.531017886535521,-4.38341076400191,"S100A6",0.421751691955562,1.12180539113675,""
"WASHC2A",0.344516295394993,10.3604161882571,2.94041697993287,0.0071271545866806,0.246874330562731,-2.38569690332353,"WASHC2A",0.196075629946345,2.14708382133294,""
"THBS4",0.34170439560998,10.6603895548445,1.66247522281662,0.117029096327121,0.601893831736088,-4.49877280120305,"THBS4",0.478043674891036,0.931706148481833,""
"PPIC",0.34158002138903,11.2908622539894,2.0307759335151,0.0615753745575989,0.491299169705752,-3.97116761873342,"PPIC",0.390205794067737,1.21059293770561,""
"COL6A1",0.341012124537491,15.767420354984,2.19102877068018,0.0379458253190111,0.398980710005993,-3.82216535043764,"COL6A1",0.316883468088985,1.42083599686062,""
"CLEC3B",0.340779415265569,11.9230874862603,3.15691842187688,0.0041161543322258,0.200575317036427,-1.92254736438258,"CLEC3B",0.15930344621071,2.38550835004724,""
"SLC25A5",0.340139653511482,10.5058879661067,1.41564788330837,0.180210324816295,0.675073271918357,-4.7518304512575,"SLC25A5",0.536165168527708,0.744220330547358,""
"SKIC2",0.338999028373442,9.22711093619267,0.977801015808263,0.338302227388361,0.78563724050205,-5.44319006480788,"SKIC2",0.623978671616506,0.470695142799399,""
"RPS8",0.338709553884577,11.304857932925,2.67524713757696,0.0129552046895761,0.307196305811801,-2.91467714791154,"RPS8",0.24398530637811,1.88755572086024,""
"CTF1",0.335307883941649,10.4765932330199,1.92079096306717,0.0726469808086048,0.524774044785776,-4.13257642732516,"CTF1",0.416792629579268,1.13878243016719,""
"SEPTIN7",0.334766779032503,11.1069943504064,2.41838015585584,0.0235062712559441,0.357664602219382,-3.40508408519183,"SEPTIN7",0.284068870302634,1.6288162565152,""
"MRPL19",0.334684913290831,11.4326965145104,3.03850247451599,0.00548841465903663,0.222242142883525,-2.1730574916158,"MRPL19",0.176511944628605,2.26055308437702,""
"KRT9",0.334294567738436,19.1076159995346,0.939486673919268,0.356434409415063,0.797796599134494,-5.51683951484924,"KRT9",0.633636030071577,0.448020376751487,""
"RHOC",0.333992470853538,11.5426810450973,3.3650356400875,0.00246362716108435,0.184809793068993,-1.47382818756098,"RHOC",0.146781953853434,2.60842501653014,""
"DYNC1LI2",0.330672100204875,11.4282189366344,2.50698483835476,0.0190122625501157,0.335315197871532,-3.24186511882869,"DYNC1LI2",0.266318245819151,1.72096619693992,""
"ALDH1B1",0.32828809766227,14.3505221570197,2.09135958534569,0.0467744098145646,0.445021885359743,-3.99480800006852,"ALDH1B1",0.353450868354453,1.32999168359054,""
"AP1M1",0.327686839651017,10.3927225926118,2.20698765306573,0.0366807605458173,0.398980710005993,-3.794030658331,"AP1M1",0.316883468088985,1.43556166816485,""
"CSTA",0.326977031493396,12.416654736373,1.19349072870776,0.243835841521469,0.736373996191411,-5.26672057334756,"CSTA",0.584852199295988,0.612902456917262,""
"MMAA",0.324351640970436,9.65214540891508,1.82056544204978,0.0806167421310382,0.544068388795152,-4.43521361650554,"MMAA",0.432116825689153,1.09357475645711,""
"NAMPT",0.322380382028614,13.6656223506013,3.90941347694116,0.000621475554511875,0.111671388701353,-0.262792146744368,"NAMPT",0.0886930521965992,3.20657594948315,""
"ATP6V1D",0.322380321336116,9.74061544712714,1.1686994462753,0.256904334903416,0.740430621567075,-5.1735849639443,"ATP6V1D",0.588074103226528,0.590228567556349,""
"CLPP",0.319571348877584,12.1476346675927,3.00229155294358,0.00598901418394575,0.235777209632756,-2.24888243181345,"CLPP",0.187261935254086,2.2226446583631,""
"LSMEM1",0.319335006128549,9.1578350983385,1.75711164071776,0.0915973902432768,0.572580867641525,-4.51816190292948,"LSMEM1",0.454762364568757,1.038116899903,""
"RPL32",0.318829544077936,10.5485312376104,1.32568366875206,0.200581898032244,0.699579083641077,-5.00281941320629,"RPL32",0.555628481946831,0.697708263436441,""
"COBL",0.315775887055167,9.98722905986424,1.10105199228571,0.312407097052495,0.768251570236418,-4.69915707203699,"COBL",0.610170406327835,0.505279108675254,""
"TUBB4A",0.312813765238051,11.5996570988473,2.18888303200226,0.0381188866694351,0.398980710005993,-3.82593802161931,"TUBB4A",0.316883468088985,1.41885979219902,""
"UCHL1",0.312730637269167,13.6670152876913,1.63761882804505,0.113978409782524,0.595065905932606,-4.70675558492063,"UCHL1",0.472620713945308,0.943177406561104,""
"SUB1",0.312115121801606,11.9496576017852,3.53024674418162,0.00170170098883844,0.184809793068993,-1.13907636941503,"SUB1",0.146781953853434,2.76911674877892,""
"CRIP1",0.311729110498687,11.6935467570811,1.8858242101098,0.072530697891878,0.524774044785776,-4.29645652851643,"CRIP1",0.416792629579268,1.13947814372765,""
"CLIC4",0.310485887593645,10.7165893943981,2.43161841835351,0.0225009695797194,0.353498839025647,-3.38454049933361,"CLIC4",0.280760285564168,1.64779876748644,""
"TBCEL",0.309147311351907,9.09167960996736,1.1900997210564,0.246634620025775,0.737991332242454,-5.21715509664391,"TBCEL",0.586136740237609,0.60794596167841,""
"AIP",0.308733696542598,10.180533568645,1.40096415070824,0.177262411209939,0.671448527310375,-4.87179084133857,"AIP",0.533286278362073,0.751383347505751,""
"DNAH7",0.30705857155054,12.6780535929838,0.478336713211393,0.636906467165138,0.904737107459254,-5.78498044374569,"DNAH7",0.718571663066566,0.195924341254277,""
"CRIP2",0.307008055209995,12.5701496978462,2.78267210554196,0.0100906277843688,0.290005654266914,-2.70003049778654,"CRIP2",0.230331931305989,1.99608181346519,""
"VAMP5",0.304051491433485,10.9857888783985,2.73729167285032,0.0123099787760663,0.307196305811801,-2.808602320503,"VAMP5",0.24398530637811,1.90974269584571,""
"MMRN2",0.303711280990612,11.9672880557916,2.38849455379898,0.024753656609042,0.357664602219382,-3.46502861754525,"MMRN2",0.284068870302634,1.60636063803018,""
"RETREG1",0.301803659893064,12.2493738212762,2.35369665660421,0.0267204204911004,0.365305951905556,-3.52934668039298,"RETREG1",0.290137878975758,1.57315671178303,""
"UBE2V1",0.301084730921994,8.48139097387902,1.49390607171682,0.154538373525481,0.645414278967146,-4.72611221548956,"UBE2V1",0.512609030823042,0.810963662898716,""
"HSPB6",0.300847352165189,18.6931253200613,4.16414945934647,0.000322527813253487,0.08824587634534,0.315450690547635,"HSPB6",0.0700877477019956,3.49143282793825,""
"ENDOG",0.300786090055412,13.5102415221505,2.71364676735769,0.0118532195486546,0.307196305811801,-2.83844020414791,"ENDOG",0.24398530637811,1.92616367140028,""
"AGK",0.300634891685036,11.9517417576781,3.15751850387521,0.00411012225160454,0.200575317036427,-1.92126840564097,"AGK",0.15930344621071,2.38614526026319,""
"CTSG",0.29979711639959,12.0351523077855,1.32758342544165,0.196263987999049,0.696616006786749,-5.1134125590342,"CTSG",0.553275109850722,0.707159380726347,""
"RBP1",0.299243551126361,11.6661896520089,2.80161220992061,0.00986903434766137,0.287115113496932,-2.66614663688294,"RBP1",0.228036169729369,2.00572533952882,""
"ANXA1",0.297860500445646,13.2997821037789,1.97598842194229,0.0592452800120927,0.48389255691695,-4.1877557069954,"ANXA1",0.384323221080003,1.22734624356858,""
"PTRH2",0.297777115210067,11.3558527084038,2.56647130661718,0.0166201651373938,0.329225646283499,-3.12751693129147,"PTRH2",0.261481725711967,1.77936466539531,""
"FKBP2",0.296660238049736,13.179921898543,3.31360390839969,0.00279913877376773,0.184809793068993,-1.58563186488941,"FKBP2",0.146781953853434,2.5529755698484,""
"MRPS25",0.296529046358387,10.8493871778419,2.98569180836328,0.00623280710788394,0.235777209632756,-2.28351351674232,"MRPS25",0.187261935254086,2.20531631339003,""
"RHOT1",0.295632525687129,10.5460424045024,3.2189654092343,0.00353549169349378,0.184809793068993,-1.78982855226686,"RHOT1",0.146781953853434,2.45155017877753,""
"COL1A1",0.294178273673223,11.2399909950123,0.792750033180486,0.43565829773906,0.832790961436035,-5.61741728203201,"COL1A1",0.661429691799003,0.360854009787907,""
"POTEKP",0.293595311507911,10.5702181501747,1.43924450750404,0.16547274396645,0.658453806922978,-4.88839619571072,"POTEKP",0.522965448407303,0.781273531313037,""
"VAT1",0.290981798681461,12.0445018006286,2.527117729092,0.0181690351631086,0.331624246746271,-3.2033322699664,"VAT1",0.263386772282242,1.74066813457768,""
"TPSB2",0.290924097587791,14.2192722248233,1.24495374055964,0.22464689509254,0.730415663588198,-5.20956815675391,"TPSB2",0.580119897578179,0.648499579534766,""
"CNIH4",0.287911459476462,10.3849565862924,1.31587158825718,0.203792243717589,0.704847278419862,-5.01411442665257,"CNIH4",0.559812653738106,0.690812349155661,""
"PRKAA1",0.28642232272256,11.6243268030333,2.68824354572279,0.0125719007480515,0.307196305811801,-2.8889370843727,"PRKAA1",0.24398530637811,1.90059905628504,""
"SYNC",0.286101256991243,12.1680339015454,3.7822510876797,0.000860347623943003,0.123674970941807,-0.549336199400185,"SYNC",0.0982266879700914,3.06532603636559,""
"TGFBI",0.286098657783285,12.7451472366661,2.98425423543836,0.00625435992579074,0.235777209632756,-2.28650878196638,"TGFBI",0.187261935254086,2.20381712960301,""
"API5",0.285178522468717,9.41029993840044,1.60612889662909,0.12075427214738,0.611100497438891,-4.75121986114517,"API5",0.485355908501018,0.918097495464963,""
"SRPRB",0.283034356047876,10.5377327966241,2.45246917188764,0.0214809136536301,0.350895606557879,-3.34532026620647,"SRPRB",0.278692713594044,1.66794725061255,""
"HOOK3",0.282821503764085,10.8914491910948,2.86213773902954,0.00836825725494515,0.275478859071175,-2.53860729043674,"HOOK3",0.218794277664099,2.07736497729542,""
"ARL8A",0.282648661935783,9.78851518369076,1.60386872838568,0.121253209273085,0.611567219714314,-4.75438475486543,"ARL8A",0.485726594525584,0.916306757870881,""
"PREB",0.281343802319205,12.7699631589143,3.31780453959023,0.00277015506640917,0.184809793068993,-1.57652162796547,"PREB",0.146781953853434,2.55749591952728,""
"GSN",0.279924783043771,14.6255701132929,3.3914351866578,0.00230689597443652,0.184809793068993,-1.41622632312296,"GSN",0.146781953853434,2.63697198881085,""
"ATP1A1",0.279005052742574,12.144585656635,2.63741926522214,0.0141341294893596,0.312581709860838,-2.98922678507221,"ATP1A1",0.248262569587386,1.84973093422854,""
"TMSB4X",0.276101801856672,11.1893247489968,2.25311054449676,0.0332359509622954,0.384503945423518,-3.71197893265862,"TMSB4X",0.30538555038882,1.47839189047886,""
"NCK2",0.275862887479306,11.2834012154994,2.30095925429515,0.0334912170568382,0.384503945423518,-3.58906682081046,"NCK2",0.30538555038882,1.47506907009331,""
"CACYBP",0.275387696155544,10.9896974305558,3.21022903675786,0.00361219471776971,0.185085101499182,-1.80857304769002,"CACYBP",0.147000612770933,2.4422288467933,""
"CTNNB1",0.273398552833935,13.3449540619825,0.962843040697412,0.344811008314457,0.791840560647561,-5.49611803448067,"CTNNB1",0.628905550415599,0.462418877493766,""
"CAMK2D",0.272768112205531,15.6428529609341,3.95152233595066,0.00055782060199882,0.108731353982317,-0.167550403570163,"CAMK2D",0.0863579809144413,3.25350544996747,""
"KIAA1191",0.272162224967024,10.0166753269665,1.15457301034976,0.268891564719708,0.744900068115223,-5.03813637010945,"KIAA1191",0.591623883171012,0.570422821626252,""
"EEFSEC",0.271413480970159,11.2301210404281,2.71838341021754,0.0119643431586101,0.307196305811801,-2.83129904963169,"EEFSEC",0.24398530637811,1.92211113912505,""
"TPD52",0.269646295647512,10.676853332458,1.21297277746784,0.239202992615332,0.732916502519546,-5.14180736997816,"TPD52",0.582106145268413,0.621233391288161,""
"SLC16A1",0.269645688031956,11.8028117052603,3.54990750990464,0.00155075853703144,0.178354184294688,-1.06766292809834,"SLC16A1",0.141654699212485,2.80945581933569,""
"ACTG1",0.266629632205738,8.98850563023605,0.939709199390343,0.35852285428931,0.797796599134494,-5.41734479913777,"ACTG1",0.633636030071577,0.445483154709222,""
"MYH10",0.264614726794463,11.1549747874865,2.67385714173364,0.0129968424076892,0.307196305811801,-2.91742628826851,"MYH10",0.24398530637811,1.88616214703819,""
"HBS1L",0.264109234800838,9.6266981513092,1.40268207804032,0.175968547851129,0.669192559619041,-4.9259070960397,"HBS1L",0.531494515382064,0.754564949886741,""
"FTL",0.263847184515487,13.1905237974058,0.995314966227629,0.329081831653246,0.779752944969382,-5.46652967630878,"FTL",0.619305172550287,0.482696094097448,""
"HSPE1",0.263482531281319,16.3797813822926,3.2038164648528,0.00366951331667944,0.185085101499182,-1.82231988941811,"HSPE1",0.147000612770933,2.43539153190497,""
"DYNLT3",0.262948265271071,10.6048901110506,1.78315756030088,0.0866591967450722,0.561580777837907,-4.49252456343575,"DYNLT3",0.446025735155749,1.06218534081283,""
"CHCHD2",0.262564314723202,11.1530350726652,2.1588594780147,0.0406161051162357,0.411166557074569,-3.87847107994831,"CHCHD2",0.326561864522323,1.3913017256291,""
"CFB",0.261973067799218,11.8561373711806,1.66338750728698,0.108672481468978,0.58685717556294,-4.66986144066364,"CFB",0.46610107306315,0.963880415980003,""
"ATRN",0.260617103359341,14.4739106384549,2.35352616454656,0.027898789824898,0.365305951905556,-3.51509432980511,"ATRN",0.290137878975758,1.55441463485428,""
"UBE2D3",0.260555985662487,13.4255008594978,0.878816040900672,0.387836561334142,0.818774469693336,-5.56845266819943,"UBE2D3",0.650297337771661,0.411351252407344,""
"CLTB",0.258214799227749,12.5606580721784,2.71148599632873,0.0119128146606244,0.307196305811801,-2.84274482800234,"CLTB",0.24398530637811,1.92398561491034,""
"DNAJA4",0.257761170651088,12.6994102394331,2.48718817944831,0.0198766457682848,0.341414407174681,-3.27958410695353,"DNAJA4",0.271162436398072,1.70165690199257,""
"STX12",0.256190475436505,10.83060290844,0.8671458878605,0.401465968865102,0.818774469693336,-5.23841771767754,"STX12",0.650297337771661,0.396351262740197,""
"NUBPL",0.25618752021335,10.2854035979711,1.91564344688108,0.0668686658986087,0.508591043541005,-4.28558500923922,"NUBPL",0.403939563178002,1.174777341353,""
"HCCS",0.254627692782318,11.6477762282967,3.261343583118,0.00318517174136977,0.184809793068993,-1.69864560809904,"HCCS",0.146781953853434,2.49686714596023,""
"TIMM23",0.253881407168741,9.61574493270319,0.999862697035769,0.330556708090462,0.779752944969382,-5.28129590366204,"TIMM23",0.619305172550287,0.480754025140102,""
"CLASP1",0.253516347703819,10.9959876293412,1.90319816725264,0.0695490349578839,0.518014185243306,-4.27926268664629,"CLASP1",0.411423729073827,1.15770889177364,""
"CASP3",0.253467937161211,12.7673930356133,3.13366494906313,0.00449313227753112,0.211766480293475,-1.98598783032723,"CASP3",0.168191832380533,2.34745079561659,""
"CAMKV",0.252835255825371,9.34562062845397,0.495546388886133,0.630817826153552,0.904737107459254,-5.39106069608077,"CAMKV",0.718571663066566,0.200096042529671,""
"CCAR2",0.252580979073986,10.6749811144864,2.55723324887619,0.0172623987569361,0.32965496178938,-3.14396283772208,"CCAR2",0.261822702062442,1.76289885552022,""
"SQSTM1",0.252168608848285,11.0815801718093,2.69043090120077,0.0127575039369162,0.307196305811801,-2.88622414413944,"SQSTM1",0.24398530637811,1.89423428897412,""
"FABP4",0.251846452843173,15.7610276172084,2.66583324323658,0.0132396631344576,0.307196305811801,-2.9332814883784,"FABP4",0.24398530637811,1.87812306479869,""
"SEPTIN11",0.251357124250534,11.5910941826855,2.32394951630763,0.0285140508736585,0.36761388458192,-3.58387291577352,"SEPTIN11",0.291970914238518,1.54494107988084,""
"TAB1",0.249616337644142,10.5785574004092,2.40898168222154,0.0247689355161221,0.357664602219382,-3.41416347924173,"TAB1",0.284068870302634,1.60609265750008,""
"HYOU1",0.249360527008456,11.5582855552008,3.49673125787572,0.0017726642804666,0.184809793068993,-1.18513096256167,"HYOU1",0.146781953853434,2.75137350633161,""
"SSR1",0.249142616506061,12.669046808579,1.08230228378552,0.289406422412692,0.760077485003729,-5.38285133022854,"SSR1",0.603678281741284,0.53849183538891,""
"TOMM20",0.249105602590443,11.2452707070843,1.75081967654478,0.0952248542651127,0.576360960025682,-4.47083976634017,"TOMM20",0.457764636995337,1.02124968332342,""
"ECH1",0.247948585158436,16.5676199767602,3.13927183898541,0.00429739309090377,0.205916752272472,-1.96011625355845,"ECH1",0.163545787957371,2.3667949187382,""
"LASP1",0.247673332275026,12.2085760344284,2.22839619536502,0.0350435389495917,0.387500671077215,-3.75608092645319,"LASP1",0.307765647456772,1.45539204209668,""
"PDK2",0.246838005750931,13.8883904174385,1.95787897376184,0.0614486030683481,0.491299169705752,-4.21734229489898,"PDK2",0.390205794067737,1.21148798562706,""
"CNPY2",0.245028458875286,11.5048046697308,1.77986223921862,0.0872096194798348,0.561580777837907,-4.4975300709085,"CNPY2",0.446025735155749,1.05943560845508,""
"BOLA2B",0.243558934554301,12.8240075065669,3.42541895329353,0.00211932700497427,0.184809793068993,-1.3418714335344,"BOLA2B",0.146781953853434,2.67380202795226,""
"NMT1",0.242987426529991,9.84039402690309,1.09177511176739,0.292045142657882,0.760077485003729,-5.15732507248162,"NMT1",0.603678281741284,0.534550012620388,""
"AKR1C3",0.242611374098042,13.6308255604552,1.3028062882599,0.204467001809449,0.704847278419862,-5.14280695198474,"AKR1C3",0.559812653738106,0.689376771218575,""
"TPM4",0.242605007682979,12.815747502517,2.59360576997654,0.0156247701188641,0.318590170863365,-3.07486752478168,"TPM4",0.253034684911782,1.80618636354185,""
"PRKAR1B",0.242090877032391,12.3737755396047,1.39946709348334,0.174958446101252,0.668991805279447,-4.98992314743032,"PRKAR1B",0.531335069750309,0.75706508715291,""
"UNC45B",0.241891013053314,13.795089635559,2.42003395773526,0.0230868106609652,0.354944281552273,-3.40624592482666,"UNC45B",0.281908303072968,1.63663605876809,""
"PTPN11",0.241258601491062,12.4680770037976,3.35370088356205,0.00253404460071326,0.184809793068993,-1.49851593823233,"PTPN11",0.146781953853434,2.5961857455405,""
"RCN2",0.239274755945752,12.1327583941342,2.89020372920347,0.00782949150472877,0.267973667572562,-2.48108772265171,"RCN2",0.212833410255957,2.10626644277749,""
"CSMD3",0.238851307220653,11.0748472747533,0.927213924173655,0.368398648323372,0.803203797018246,-5.30387535844882,"CSMD3",0.637930602653848,0.43368197192464,""
"COL6A6",0.237709199151224,10.1986111335165,1.13408221039021,0.278727277659931,0.755982003087078,-4.93485045688324,"COL6A6",0.600425516680977,0.554820526954125,""
"RPL26L1",0.237284877161102,12.0633376387549,1.5620685207242,0.133145766964653,0.636928585729412,-4.73422002752932,"RPL26L1",0.505869417014966,0.87567263630815,""
"DAP3",0.235867813185402,11.4215914643435,2.80246678747762,0.00963270245564923,0.287115113496932,-2.66002368404015,"DAP3",0.228036169729369,2.0162518544201,""
"PLIN2",0.235610100781994,12.3215401339757,1.44839987985518,0.159882697066988,0.652007004893115,-4.96334856951358,"PLIN2",0.51784518836948,0.796198534220849,""
"MYH1",0.235410108814945,13.4931012781533,0.514477870890278,0.611603824032536,0.90215208485935,-5.78996121032343,"MYH1",0.716518553966294,0.213529807839447,""
"FBXO40",0.234940627651655,9.7033438852015,1.24609791003546,0.22861567559398,0.730415663588198,-5.06147794987222,"FBXO40",0.580119897578179,0.64089399445446,""
"MARS1",0.234874060640237,12.3489728850756,2.29549600093161,0.0303318791823358,0.3723592555692,-3.63562675603369,"MARS1",0.295739842354856,1.51810068255984,""
"BCAP29",0.234335520128765,9.10443256642763,1.84161214706378,0.0796336001524268,0.54014706110664,-4.34661338834362,"BCAP29",0.429002379586156,1.09890364982706,""
"DCD",0.233707837824962,15.6610802255238,0.919116992414839,0.366782952520881,0.803019317122142,-5.53452581214899,"DCD",0.637784082714903,0.435590857838885,""
"DENND10",0.233587153951643,10.306668858565,1.80799719187633,0.0919789623725752,0.572580867641525,-4.29333510974771,"DENND10",0.454762364568757,1.0363114940706,""
"LYRM7",0.233451760518456,14.3659316795215,2.61305656099167,0.0149457552095298,0.313642673192688,-3.03694253325442,"LYRM7",0.249105221203567,1.82548213515499,""
"PDLIM2",0.232800932366105,10.3818745074925,1.36384163717838,0.185220737022446,0.681830498001962,-5.05283274353785,"PDLIM2",0.54153197745439,0.732310392004769,""
"SPARC",0.23158518290496,11.7926119898383,1.92645392347122,0.0654429965460628,0.501233841660364,-4.26821998245628,"SPARC",0.398096233942026,1.18413682312608,""
"SHMT2",0.23119594702967,12.1745429809286,3.32613606667226,0.00271352567145835,0.184809793068993,-1.55844107649348,"SHMT2",0.146781953853434,2.56646606539832,""
"RPA3",0.231139358738522,10.7479387637322,2.01555425148458,0.054671895355776,0.474152777452273,-4.12244514335072,"RPA3",0.376587571165644,1.26223586980176,""
"PTGR1",0.23081791099465,11.5483315835718,1.8892492620165,0.0704638838579707,0.52078063262639,-4.32768368812444,"PTGR1",0.413620931642905,1.15203342286924,""
"RUVBL2",0.230440147577156,9.69192936675482,1.32183791764871,0.198632201337361,0.699579083641077,-5.10333507083275,"RUVBL2",0.555628481946831,0.701950344312522,""
"ANP32A",0.229926545650285,10.1598458341326,1.45502793426188,0.158563571486977,0.6512432400358,-4.9386363688716,"ANP32A",0.517238581456612,0.799796580696728,""
"NACA",0.229289782559935,13.8366051928548,2.06987489250108,0.0489025227170522,0.449718259305389,-4.0313118526027,"NACA",0.357180881425301,1.31066873650347,""
"UBXN6",0.229055405109497,9.78528951259432,0.833308475931151,0.428554297447583,0.829564941131428,-5.09837673746753,"UBXN6",0.658867481454964,0.367994145530859,""
"VAMP2",0.228496079713979,10.6128985671607,1.58277754361798,0.141525586009191,0.643410062483516,-4.50756676843975,"VAMP2",0.511017216847563,0.849165038174293,""
"AGBL1",0.228090457222317,9.79237054387064,1.10132680475681,0.283159155623083,0.758132404155385,-5.27262512918199,"AGBL1",0.602133435212419,0.547969391401749,""
"IDH3B",0.226873257573725,14.1615089787331,3.69786027611765,0.00106652811951447,0.146012778266863,-0.738469016782529,"IDH3B",0.115968101720548,2.97202768968574,""
"APOH",0.226693736553102,14.1210643266423,1.45939962776191,0.156857602355939,0.648871376652265,-4.94914107475424,"APOH",0.515354770345051,0.804494427675689,""
"NRP1",0.226388582521274,9.50749186366594,1.43130666015061,0.169382198023431,0.662549414037229,-4.85942405563004,"NRP1",0.526218312903621,0.771132235719919,""
"MRPS10",0.225713585138033,10.3721418670727,1.56635899040645,0.132139339307957,0.636349414590243,-4.74067578770294,"MRPS10",0.505409420442213,0.878967868979389,""
"UACA",0.224471277162277,11.0693901103817,2.12594221468624,0.0444122061504755,0.435785299258079,-3.91554638912392,"UACA",0.346114870989683,1.35249765296502,""
"COL18A1",0.223849723068312,11.8127808066189,2.09005295357859,0.0469014369613921,0.445021885359743,-3.99703538495031,"COL18A1",0.353450868354453,1.3288138512115,""
"JUP",0.223545144765479,14.5604346035996,0.590445696098688,0.560170828079622,0.884369360901276,-5.76889343023918,"JUP",0.702394935709615,0.251679511603002,""
"HP1BP3",0.223476011229637,10.9497626126497,1.74670002131729,0.092917145966927,0.573254924152178,-4.547509680096,"HP1BP3",0.455297722192388,1.03190413840958,""
"MT-CYB",0.222725917373239,11.6366456993755,2.05784751201752,0.0515894809094151,0.460620365262635,-4.01581393897527,"MT-CYB",0.365839688877807,1.28743884195245,""
"ILVBL",0.222649763624268,13.797091206461,2.34277653537647,0.0273665112184838,0.365305951905556,-3.5494124906129,"ILVBL",0.290137878975758,1.56278056448742,""
"LAMA5",0.222600966362796,10.8799080884283,1.23295760907965,0.229014472247476,0.730415663588198,-5.22308000843696,"LAMA5",0.580119897578179,0.640137072163943,""
"SRCIN1",0.222587085292192,11.4772031849988,1.23440093134788,0.230624611793362,0.730415663588198,-5.14446739391769,"SRCIN1",0.580119897578179,0.637094347537049,""
"GPC4",0.221244174202821,9.91958470370574,1.12496333194911,0.302905691567203,0.765922483074501,-4.77782233662399,"GPC4",0.608320569483997,0.518692566241239,""
"BORCS7",0.220951974853564,11.10957229678,2.32998028682838,0.0303377864001415,0.3723592555692,-3.54113382896676,"BORCS7",0.295739842354856,1.51801611073701,""
"SRPK2",0.220086031874409,13.9455486646786,0.9168911273117,0.367925704281744,0.803178739415348,-5.53643661088258,"SRPK2",0.637910701089914,0.434239870125473,""
"POTEE",0.220025572088053,13.5685408827709,1.66130682539864,0.109606908190774,0.588910673361852,-4.65824314028353,"POTEE",0.467732027863503,0.960162072725876,""
"TIMM21",0.219970538430111,11.155634630769,2.08561417331426,0.0473352641720819,0.446340502231141,-4.00459499599901,"TIMM21",0.354498156799258,1.32481519479764,""
"SQOR",0.219950437204732,10.1029507940943,1.78970624562054,0.0893688290586133,0.568441114034321,-4.3930600092502,"SQOR",0.451474437490616,1.04881393230491,""
"GLUL",0.219943782401263,11.2651595064118,1.23948726133468,0.226629254478177,0.730415663588198,-5.21573954879197,"GLUL",0.580119897578179,0.644684029872488,""
"CREG1",0.218758537239642,11.8085499631828,0.672490644840155,0.507415312618245,0.870936730613406,-5.71954587454661,"CREG1",0.691726303456407,0.294636430915505,""
"TNNC2",0.218585414485528,13.0326792709683,0.564835856379127,0.577199055458651,0.889650201112997,-5.78302338878946,"TNNC2",0.706589150915379,0.238674388267094,""
"HPX",0.218315625058375,14.4966326745666,2.04193165057019,0.0517990632701514,0.460942827806009,-4.0784016204778,"HPX",0.366095799127026,1.28567809392818,""
"CNN3",0.216859179349088,12.2756107391949,2.1099951911129,0.0449958311016687,0.438518692939991,-3.96293767143523,"CNN3",0.348285821233277,1.34682772207825,""
"UFM1",0.216848552393985,11.9488566419744,2.07509057438667,0.0483781203303593,0.449718259305389,-4.02247374898202,"UFM1",0.357180881425301,1.31535100959984,""
"AP2S1",0.216585639958307,11.8582159852306,1.04176190429005,0.309890540103553,0.768251570236418,-5.3168724105827,"AP2S1",0.610170406327835,0.508791681080926,""
"THTPA",0.216420831999848,10.5882654663443,0.980591341985483,0.340464436831127,0.787346188740782,-5.31174300080694,"THTPA",0.625335973939883,0.467928245556246,""
"UBR3",0.216197522888463,10.8070671555089,2.3191780475609,0.0288117778141971,0.367873404980481,-3.59257926486954,"UBR3",0.292177033787342,1.54042994300128,""
"PRDX4",0.215990183232785,13.338418081217,3.06021298828599,0.00520773607861406,0.221188175775617,-2.12741587736293,"PRDX4",0.175674849641229,2.28335103336957,""
"APOC1",0.215653113761862,11.4954568709743,1.01304290788945,0.32110254815393,0.773822150831976,-5.43181785832305,"APOC1",0.614594742778495,0.49335624801556,""
"S100A10",0.215447202781531,14.2724765293373,2.36638647897806,0.0259871841846114,0.365305951905556,-3.50595777182063,"S100A10",0.290137878975758,1.58524077549459,""
"CSRP3",0.215359186509485,17.1865111061659,2.43213985276273,0.0224749248989556,0.353498839025647,-3.38356207171853,"CSRP3",0.280760285564168,1.64830175080824,""
"SSU72",0.215043065759616,10.3693521093013,0.962041763870379,0.345991385756242,0.793241813436359,-5.45733151389639,"SSU72",0.630018470996088,0.460934713823124,""
"HMGCL",0.214937334883171,11.7377031753912,2.81072322342097,0.00944756273982408,0.287115113496932,-2.64329629256356,"HMGCL",0.228036169729369,2.02468021531792,""
"MYH3",0.214722811421407,17.577052865908,1.08742485961524,0.287181074867879,0.760077485003729,-5.37772529039232,"MYH3",0.603678281741284,0.541844183340813,""
"HLA-B",0.214632992158947,13.058312671993,1.49447612703125,0.148030096138994,0.643410062483516,-4.88734001679806,"HLA-B",0.511017216847563,0.829649978805684,""
"CIAPIN1",0.214560852919128,11.5912741832816,2.39711970524215,0.0242871639957497,0.357664602219382,-3.44899880402084,"CIAPIN1",0.284068870302634,1.61462319465984,""
"CSPG4",0.213890902993707,11.2766216972736,1.83340757772734,0.0796599491858141,0.54014706110664,-4.38743961793254,"CSPG4",0.429002379586156,1.09875997495817,""
"MAST4",0.213674972554299,10.7153765195378,0.978687532587171,0.337873183538623,0.78563724050205,-5.44626307621478,"MAST4",0.623978671616506,0.471246276124955,""
"ACSS3",0.213562090515046,11.6884233538324,1.35222918023556,0.188360440017748,0.686357750381527,-5.08370261077573,"ACSS3",0.545127668671965,0.725010303698329,""
"MFF",0.212459190223663,11.1912369869688,2.2891407215751,0.0307520634453468,0.373047183145029,-3.64713201656504,"MFF",0.296286216830002,1.51212573800688,""
"PPP6R2",0.211795496660866,9.54468273086102,1.17819307815893,0.251250416833031,0.738015311505687,-5.22743391648719,"PPP6R2",0.586155785349076,0.599893209061465,""
"PGRMC1",0.211454628835194,11.7134135580614,1.81594105668367,0.0813435196999948,0.54768763264048,-4.44234688432096,"PGRMC1",0.434991346970019,1.08967703978471,""
"IGHG2",0.211120666163303,16.4974896368114,1.16596878547797,0.254586792227064,0.738015311505687,-5.29640903759164,"IGHG2",0.586155785349076,0.594164130971809,""
"IGHG3",0.21104941130587,11.5573054887635,1.2308243061963,0.229797840423691,0.730415663588198,-5.22547083737778,"IGHG3",0.580119897578179,0.638654057007531,""
"ALG5",0.210764138039224,10.5650572049494,0.81732217275061,0.423822378075262,0.829564941131428,-5.49299902981095,"ALG5",0.658867481454964,0.372816116011204,""
"ACTN4",0.210754138861416,13.1849168163935,2.47167565187137,0.0205792316732109,0.348031123885184,-3.30902095248477,"ACTN4",0.276417648206571,1.68657084368018,""
"C8A",0.210494110123262,11.4727481881255,1.15299590538216,0.259774085022228,0.740430621567075,-5.31018944276071,"C8A",0.588074103226528,0.58540417617758,""
"SMIM11",0.210357147255715,10.7363109902365,0.950787580388595,0.350778100994357,0.795336782617331,-5.50687229590287,"SMIM11",0.63168236371811,0.454967527376056,""
"CASP14",0.210264824578896,13.5457687587414,0.733233879804921,0.470208864663227,0.854253232147717,-5.67904054408361,"CASP14",0.678475725869373,0.327709187550439,""
"ACSL3",0.210063937361459,12.4603366471094,3.57715847483998,0.00144778581698532,0.178354184294688,-1.00728146600697,"ACSL3",0.141654699212485,2.83929568218691,""
"DHRS7",0.209746307576966,14.5180168049662,2.77857151095766,0.0101880247238116,0.290005654266914,-2.70830092883536,"DHRS7",0.230331931305989,1.99191000978205,""
"SEC24C",0.209662298217609,12.7540597442969,2.35807036033633,0.026465588704513,0.365305951905556,-3.52129402809376,"SEC24C",0.290137878975758,1.57731844105386,""
"ATP1B1",0.209513655627054,14.4933003864187,3.94496413578994,0.000567294020777307,0.108731353982317,-0.182394178899081,"ATP1B1",0.0863579809144413,3.24619179383192,""
"PDK1",0.209053546499385,10.7547793838029,1.69488298704246,0.10480636238619,0.586690362677009,-4.56143561131318,"PDK1",0.465968584838808,0.979612352224978,""
"CD93",0.208907166462954,11.4143923903757,1.21762897197581,0.235656944906089,0.732447261194601,-5.20632808240833,"CD93",0.581733458532714,0.62771975688059,""
"ABRACL",0.208113654947443,9.84553056637685,1.50584554911528,0.146930883525335,0.643410062483516,-4.82453796679055,"ABRACL",0.511017216847563,0.832886909894297,""
"SNX21",0.208043065893767,10.3580398845291,1.50180301470201,0.146694724532797,0.643410062483516,-4.85941978353103,"SNX21",0.511017216847563,0.833585504067364,""
"RAB9A",0.207203398517636,11.2841856789744,1.05495850956038,0.302841125876343,0.765922483074501,-5.35500125979742,"RAB9A",0.608320569483997,0.518785147902617,""
"PML",0.207128223092587,10.5152632560208,1.69256112066228,0.102917132586906,0.586690362677009,-4.62754670556212,"PML",0.465968584838808,0.98751232233569,""
"FBLN5",0.207064521872905,13.0105648520505,1.21035645626975,0.237416771282655,0.732916502519546,-5.24822439278576,"FBLN5",0.582106145268413,0.624488605439374,""
"GMPS",0.206805952479288,11.0228924562274,1.15666098443714,0.26097276352651,0.740430621567075,-5.21307742677696,"GMPS",0.588074103226528,0.583404815525212,""
"SLC2A4",0.206156799139075,12.2498603895749,1.85976257721491,0.0746780621555526,0.528816326840428,-4.37420825011526,"SLC2A4",0.420003141577336,1.12680696022041,""
"RASA4",0.20602905738315,10.547616790063,1.37539017170087,0.187845868590958,0.686222201015252,-4.87938728667623,"RASA4",0.545020010952669,0.726198352199641,""
"SPTBN1",0.205416155691486,12.7541580767632,3.28998542199289,0.0029676452523219,0.184809793068993,-1.63678297426391,"SPTBN1",0.146781953853434,2.52758801517436,""
"SLK",0.205082937604365,11.7959322386784,0.868690188256944,0.393952387433713,0.818774469693336,-5.54068681268102,"SLK",0.650297337771661,0.404556263261502,""
"ANXA2",0.204803714996213,16.2046709364497,2.3607308529967,0.0263116670301622,0.365305951905556,-3.51639121520342,"ANXA2",0.290137878975758,1.57985163541618,""
"NDUFV3",0.204509467761804,15.2216554316085,1.03532756895974,0.310388000111744,0.768251570236418,-5.42883284164506,"NDUFV3",0.610170406327835,0.508095077317174,""
"PLCB1",0.204428230429839,9.47801033993722,0.865658193768178,0.399393054558516,0.818774469693336,-5.36311989161265,"PLCB1",0.650297337771661,0.398599491776628,""
"CORO1B",0.204086087123395,11.346286629298,1.86984848915089,0.0737009378555614,0.528404479637753,-4.34580256642321,"CORO1B",0.419676039121921,1.13252698564293,""
"HMOX2",0.20361440372786,11.9543274723741,2.66202595837963,0.0133563611222522,0.307196305811801,-2.94079599490568,"HMOX2",0.24398530637811,1.87431184723363,""
"EMC1",0.20341587402365,11.4791139891205,2.12092799559959,0.0439807702602866,0.434517919238227,-3.94415177109783,"EMC1",0.345108276520313,1.35673716886193,""
"GGA1",0.203242392106375,10.5819966970396,1.22628374985821,0.231471900724379,0.730415663588198,-5.23054741030478,"GGA1",0.580119897578179,0.635501722145053,""
"PRKCQ",0.203081330796934,10.7425229366958,1.85807523606457,0.0749256862371845,0.529266211134902,-4.37685423972698,"PRKCQ",0.420360454329298,1.12536927070254,""
"SRSF4",0.202958267965974,12.1951678551891,2.40081744579258,0.0244300363721822,0.357664602219382,-3.43752316055462,"SRSF4",0.284068870302634,1.61207588643523,""
"GMPR2",0.202936247810053,10.2439556073165,1.50394234187705,0.149844426302569,0.643410062483516,-4.76748933098148,"GMPR2",0.511017216847563,0.824359406679343,""
"RPL18",0.202837703423839,11.0813781470919,1.58056493012384,0.126497916302668,0.624514503074947,-4.7868082868599,"RPL18",0.496009748449457,0.897916628209163,""
"PLS3",0.202824835047201,13.8905794889224,2.61874872790774,0.0147523177711601,0.313642673192688,-3.02581523439078,"PLS3",0.249105221203567,1.83113974130299,""
"DDX23",0.202337402516797,12.9162394453511,0.950145458503419,0.351097869040584,0.795370490128231,-5.50744159442895,"DDX23",0.631709135320562,0.454571806441012,""
"TRDN",0.202207516590917,11.7582422205971,1.12077467547898,0.273900370221697,0.748539509873933,-5.30541445147849,"TRDN",0.594514446292199,0.562407380724749,""
"REEP5",0.202091708913237,13.3859157791924,2.6827137774345,0.0127336716868602,0.307196305811801,-2.89989694645238,"REEP5",0.24398530637811,1.89504635177256,""
"ETF1",0.201717228339431,10.123366484884,1.32382465367612,0.198512716818602,0.699579083641077,-5.08507386679502,"ETF1",0.555628481946831,0.702211666899636,""
"TBRG4",0.200561790389536,11.7890833982986,1.6144114646386,0.118940419231759,0.605227796975765,-4.73959142287148,"TBRG4",0.480691618616489,0.924670535067289,""
"DBN1",0.20036878014527,11.8883147369857,1.20117841999566,0.246054957778176,0.737991332242454,-5.09329212389732,"DBN1",0.586136740237609,0.608967879912516,""
"HOMER3",0.200249227654131,10.9859876130449,1.36939069858743,0.192292913951709,0.694525285943671,-4.83864829725805,"HOMER3",0.551614591296955,0.716036719341202,""
"ERO1A",0.200040219157328,12.2767002896172,2.48288625369019,0.0200692295000073,0.341414407174681,-3.28775809483765,"ERO1A",0.271162436398072,1.69746930067238,""
"ASPN",0.19877850821417,11.9841954301882,0.839802981763162,0.408946810109024,0.824936561011967,-5.59993721943037,"ASPN",0.655191471294305,0.388333175069286,""
"JSRP1",0.198533336165477,11.4868752770844,1.56940278560876,0.129075634516603,0.632184751678421,-4.80220327600832,"JSRP1",0.50210170958346,0.889155731348476,""
"NFS1",0.198358073595664,11.8619609034619,1.29757783717461,0.206231339635494,0.707535920587167,-5.14894864277511,"NFS1",0.561948060871982,0.685645337129379,""
"LAMB1",0.198351788579945,13.6672939056565,2.6623010984552,0.0133478955409443,0.307196305811801,-2.94025313373288,"LAMB1",0.24398530637811,1.87458720074132,""
"TFG",0.198098552733326,12.0861028229211,1.43457036003337,0.163752203410037,0.6573489099941,-4.98108366681612,"TFG",0.522087903298172,0.785812847535371,""
"GSTK1",0.197629394138476,15.5447721313367,2.32497905670875,0.028450179874623,0.36761388458192,-3.58199289738275,"GSTK1",0.291970914238518,1.54591498345839,""
"MMAB",0.197129713361614,11.8828549984638,1.52474992788257,0.139823342409368,0.643410062483516,-4.86290291625272,"MMAB",0.511017216847563,0.854420320483403,""
"PRKN",0.19625265461789,10.713679989415,1.4485101190403,0.159852149138669,0.652007004893115,-4.96320662695995,"PRKN",0.51784518836948,0.796281520463357,""
"PHYHD1",0.196114954427719,11.2990708711764,1.64081174075091,0.113309441138429,0.594461027870407,-4.70220886792183,"PHYHD1",0.472140300097436,0.9457339024623,""
"CASTOR2",0.195077229528081,10.8306638218538,1.33626408170114,0.198019692762788,0.699393878001248,-4.97031842530529,"CASTOR2",0.555481385598595,0.703291617652946,""
"TCERG1",0.194634606849982,11.3453798351207,0.975527355120511,0.340350672431341,0.787346188740782,-5.40555409902848,"TCERG1",0.625335973939883,0.468073387022267,""
"EPS15L1",0.194500460769746,10.0748038790795,0.860566668167735,0.398716589021576,0.818774469693336,-5.51819694571209,"EPS15L1",0.650297337771661,0.399335694684601,""
"CCT6A",0.193814860415285,12.1442080534951,2.84443980664447,0.00872586790400678,0.281874946337297,-2.57474420442433,"CCT6A",0.223874258385619,2.05919136583868,""
"RUVBL1",0.193744265009144,11.6499977215641,2.64667119616821,0.0138368513260379,0.311206337712295,-2.97104491045368,"RUVBL1",0.247170204253892,1.85896272543576,""
"COL15A1",0.193415672424223,14.5913101406188,2.09780209674732,0.0461525637617614,0.444258581927328,-3.98381178110827,"COL15A1",0.352844627920262,1.3358041690333,""
"SET",0.193190754196626,11.7787583499089,0.903630962885496,0.374782088161868,0.809476022253824,-5.54773039243616,"SET",0.642912208118572,0.426221173382841,""
"VARS1",0.192388476145316,12.0809050360431,2.0476909683233,0.0511898993294508,0.458476512685891,-4.06873218664365,"VARS1",0.36413697137154,1.29081572453663,""
"S100A11",0.1913248860455,11.8686751998006,1.23084452374973,0.22979040687812,0.730415663588198,-5.22544819627973,"S100A11",0.580119897578179,0.638668105877759,""
"VPS13C",0.191197663355521,12.9054474352713,1.96599824969422,0.0604520066914594,0.488995462724629,-4.20410129421843,"VPS13C",0.388376114989697,1.2185892782513,""
"GSTT2",0.190500117968105,9.98987764386476,0.525348579445002,0.604141046187631,0.900552879564068,-5.78455810670104,"GSTT2",0.715248413061117,0.218861656693623,""
"SERPINA1",0.190282488879294,16.1926260846125,1.7620223356021,0.0902416405786031,0.571464133620008,-4.52450616091865,"SERPINA1",0.453875418055313,1.04459301788469,""
"SYNPO2",0.190278567821661,16.7182483127267,2.30104198759791,0.029969481588934,0.3723592555692,-3.62557032021826,"SYNPO2",0.295739842354856,1.52332076940045,""
"FBLN2",0.18987045582038,10.60378100247,0.894006798323789,0.379810557425435,0.814892054177706,-5.55583125701344,"FBLN2",0.647213796983093,0.420432967540326,""
"MRPL3",0.189529052473379,10.8666938177756,1.43068859980191,0.164851674471564,0.6573489099941,-4.98603607477481,"MRPL3",0.522087903298172,0.782906637176776,""
"FUS",0.189063415847643,12.3615619112437,1.22004397070968,0.233787411685014,0.730619412976156,-5.23749689154997,"FUS",0.580281721974843,0.631178877190085,""
"ILK",0.189005170655696,12.4070503035177,2.80767984006114,0.00951541177357507,0.287115113496932,-2.64946488222974,"ILK",0.228036169729369,2.02157241314449,""
"KRT5",0.18736377323933,16.6946645348142,0.468004615290914,0.643819541798977,0.904737107459254,-5.83091725740866,"KRT5",0.718571663066566,0.191235845347423,""
"COL4A1",0.187256686221748,13.4143704882964,0.655408296257231,0.518167234933266,0.872718688010041,-5.73033057035103,"COL4A1",0.693141592029692,0.285530052055641,""
"METAP1",0.187226861744387,11.0727594857378,1.66802409835652,0.108253559327355,0.586708598302234,-4.6486189517533,"METAP1",0.465983068165994,0.965557815336566,""
"MTIF2",0.187136071396967,11.9062575861338,1.48891416790561,0.149479947808932,0.643410062483516,-4.89464064781064,"MTIF2",0.511017216847563,0.82541706245671,""
"CBR1",0.186479711513648,15.3063325608936,1.94370928740135,0.0632224309705873,0.497984901480653,-4.24035644853347,"CBR1",0.395515819887059,1.19912880908464,""
"F13A1",0.18613950301352,11.709649470688,1.692532211792,0.103990425582171,0.586690362677009,-4.59672279629685,"F13A1",0.465968584838808,0.983006644434333,""
"OSTF1",0.185718851097235,9.00690649832644,0.866344010087449,0.397053781218352,0.818774469693336,-5.43407301454125,"OSTF1",0.650297337771661,0.40115066375468,""
"CBX3",0.185533957633858,10.3098831509908,1.72804067897913,0.0962662364910972,0.578622415685174,-4.57531476126838,"CBX3",0.459560758698309,1.01652600650724,""
"CMC1",0.185079765152507,13.5441413819637,1.71183068847574,0.0992583128658086,0.581448199068461,-4.59928284873149,"CMC1",0.46180508785034,1.00323311095712,""
"PPP3CA",0.184931960891204,11.6643130905276,1.69329123125395,0.102776456520513,0.586690362677009,-4.62648034691087,"PPP3CA",0.465968584838808,0.988106359798506,""
"UAP1L1",0.184646923694574,10.4995615034916,1.496522523445,0.151750928967215,0.643410062483516,-4.77859888022224,"UAP1L1",0.511017216847563,0.818868641642489,""
"SEC31A",0.18382716455225,12.9447682799103,2.23245753477873,0.0347405131851363,0.385633109680568,-3.74885498975298,"SEC31A",0.306282369399971,1.45916377046501,""
"PTBP1",0.18339888783032,14.0523716954512,1.47129157809753,0.15363908800116,0.645273024447104,-4.93368065774512,"PTBP1",0.512496841884901,0.813498279463379,""
"LIN7C",0.182780480636808,10.9811881302366,1.31464795456722,0.201001819426416,0.699579083641077,-5.1118447010922,"LIN7C",0.555628481946831,0.696800011418931,""
"GRPEL1",0.182554206285751,13.422526043056,1.97725244772539,0.0590941169936289,0.48389255691695,-4.18568335638824,"GRPEL1",0.384323221080003,1.22845575235693,""
"AGPAT3",0.182248630068298,9.75376521142436,1.31642912635246,0.200942587222777,0.699579083641077,-5.09379858900813,"AGPAT3",0.555628481946831,0.696928010311077,""
"TMPO",0.182088028969551,10.6666395797676,1.21927216926413,0.234539953943164,0.730619412976156,-5.2209271741609,"TMPO",0.580281721974843,0.629783164466925,""
"MANF",0.181745520903728,10.8969591389237,1.02890666462916,0.32214599854857,0.77438941958791,-5.15509084585494,"MANF",0.615045286091017,0.491947258758325,""
"COG2",0.181331055386275,9.43730438839981,1.13153430813655,0.268525294903403,0.744900068115223,-5.33268450508694,"COG2",0.591623883171012,0.571014797787362,""
"REXO2",0.18110720733193,10.844723925681,1.26014804863319,0.220197479220047,0.729170453640902,-5.15882616566048,"REXO2",0.579130911302145,0.657187657058589,""
"ACTC1",0.181082295593805,13.5255362544755,0.684748255279345,0.500315977836814,0.86807992533545,-5.67208670220702,"ACTC1",0.689457335705761,0.300755627487252,""
"SNX9",0.180851023544969,11.2913685890522,2.23703059638441,0.0344021477428751,0.385633109680568,-3.74070849202271,"SNX9",0.306282369399971,1.46341444336561,""
"GADD45GIP1",0.180696727226463,11.6319395005471,2.24930356354677,0.0335087657274604,0.384503945423518,-3.71879261118912,"GADD45GIP1",0.30538555038882,1.47484156881126,""
"SNX6",0.180425266841937,10.3751082696603,1.04425064079262,0.306322468624167,0.766952254810251,-5.4202411938701,"SNX6",0.609138447719161,0.513821146707596,""
"HSD17B8",0.180372805401388,12.8070827465435,1.67586355861166,0.10617895491654,0.586690362677009,-4.65183613416467,"HSD17B8",0.465968584838808,0.973961553587192,""
"TMUB1",0.179415943911332,10.8369128190248,1.34469867299925,0.194474127754107,0.694550456264666,-4.96492229929916,"TMUB1",0.55163458238527,0.711138167711055,""
"ATP2B2",0.179020552238455,10.7269206134976,1.01855428580458,0.334726072698957,0.783662425903504,-5.01389233707005,"ATP2B2",0.622410209575294,0.475310457979014,""
"RALB",0.178543434715701,10.4554712427051,0.645370282154092,0.533071981775665,0.875755824344665,-5.31532894399373,"RALB",0.695553784575944,0.273214143361352,""
"MRPS5",0.178329227786909,9.50596998274957,1.08184256209437,0.290985861446345,0.760077485003729,-5.32875251634671,"MRPS5",0.603678281741284,0.53612811219968,""
"FNTB",0.177935437965168,10.3693892520185,1.44757926331082,0.160110241897231,0.652007004893115,-4.9644049014844,"FNTB",0.51784518836948,0.795580886336888,""
"ZW10",0.177863580325644,13.562663362635,1.33004235887572,0.19546404413212,0.69615841862447,-5.11046941531777,"ZW10",0.552911678436164,0.70893311996205,""
"QRICH1",0.177758978538854,9.91390813422949,1.06682668302005,0.300073153710591,0.765224690924722,-5.21967619973406,"QRICH1",0.607766360243094,0.52277285734717,""
"AGRN",0.177662325731937,10.5808037809726,0.900613110949025,0.376354150214698,0.81050051076199,-5.55027929361474,"AGRN",0.643725890242402,0.424403290456322,""
"GLUD1",0.177131921599738,13.0866193042773,2.9622994800662,0.0065924793574139,0.239916179146392,-2.33217542947344,"GLUD1",0.19054923957959,2.18095122140943,""
"MICOS10",0.176849016962128,13.7520465305456,0.810687234937619,0.425165416579367,0.829564941131428,-5.62255682176704,"MICOS10",0.658867481454964,0.371442068700897,""
"HS1BP3",0.176241834284816,10.3342009093432,1.56562303718123,0.131033867203672,0.635665111079206,-4.7742729827263,"HS1BP3",0.504865924317302,0.882616441453098,""
"YKT6",0.175908066457657,12.0964094875512,0.893653916349628,0.382082320840068,0.81854446528703,-5.45820351011792,"YKT6",0.650114660784733,0.417843056892152,""
"ACSL1",0.175460242727269,17.21430855704,2.70558418176871,0.0120770274898172,0.307196305811801,-2.85449336747626,"ACSL1",0.24398530637811,1.91803994515416,""
"AP2A2",0.175177468210812,11.9513482232904,1.79753356103623,0.0842926170023764,0.55419026171434,-4.47060585757061,"AP2A2",0.440155946663549,1.07421046257032,""
"CTNNA1",0.174951642154511,10.3698071537431,1.05351413179266,0.302553457326997,0.765922483074501,-5.39319793165681,"CTNNA1",0.608320569483997,0.519197879950333,""
"EPB42",0.174799183144081,9.97617697565485,0.639188775138596,0.528987904980071,0.875755824344665,-5.69944786274768,"EPB42",0.695553784575944,0.276554257757753,""
"CASP7",0.174536802027951,11.1022888826501,1.24182392375283,0.23456059762678,0.730619412976156,-4.91837365019795,"CASP7",0.580281721974843,0.62974494051747,""
"TXN2",0.174317401761382,15.7463613935887,2.24476680666715,0.0338365285236995,0.385633109680568,-3.72690283769945,"TXN2",0.306282369399971,1.47061420001651,""
"SGTA",0.174100255013894,12.234342674646,2.17796007644304,0.0390109381198291,0.40343014124229,-3.84510540610945,"SGTA",0.32041735122123,1.40881360581827,""
"TIMM44",0.173809091672602,13.8668799766759,2.01420411799931,0.054822662695121,0.474152777452273,-4.12468877068341,"TIMM44",0.376587571165644,1.26103987493087,""
"OPA1",0.173380924863144,14.0596514851051,2.79577819368877,0.0097851932627906,0.287115113496932,-2.67355727817117,"OPA1",0.228036169729369,2.00943059237341,""
"IGHG1",0.173304862754094,17.5487961345974,0.957406286008132,0.34749349082564,0.793743823328633,-5.50098348613484,"IGHG1",0.630417183594691,0.459053326109788,""
"MTRF1L",0.173262846099439,10.9195656722401,1.94974864722725,0.0629328508355759,0.497984901480653,-4.21894663744669,"MTRF1L",0.395515819887059,1.2011225944226,""
"RTN3",0.172881155320869,12.1898309453117,1.27432894895486,0.214218876766186,0.722015557682045,-5.17599902726323,"RTN3",0.573448260015008,0.669142262196148,""
"RPL10A",0.172850539041608,13.0742398091814,1.84966053963716,0.0761712168426595,0.532553475540588,-4.39002312670735,"RPL10A",0.422971306732121,1.11820910645426,""
"RRM2B",0.172844954577611,10.7587117610292,1.20392470260293,0.240310293571799,0.732916502519546,-5.2378115702101,"RRM2B",0.582106145268413,0.619227626009728,""
"ATP5F1D",0.172503341592654,14.0015569362609,1.6701625994676,0.107312347197242,0.586690362677009,-4.66008595560402,"ATP5F1D",0.465968584838808,0.969350305889342,""
"ARHGEF6",0.172419462521715,10.1181652993727,1.0268938724369,0.315579047967807,0.771243177174589,-5.37333573606165,"ARHGEF6",0.612546437945284,0.500891838333412,""
"ABCC1",0.172341927029525,10.4117167485123,1.02616968466097,0.315437524600864,0.771243177174589,-5.39847961785404,"ABCC1",0.612546437945284,0.50108664405176,""
"ARID4A",0.172302203403705,11.7142509439624,1.4775879644889,0.151956672148281,0.643410062483516,-4.92545274828172,"ARID4A",0.511017216847563,0.818280226064039,""
"ORM1",0.172002975734198,16.237677640712,1.45532675261639,0.15797229647389,0.649949281336916,-4.95441212151749,"ORM1",0.516210877335127,0.801419068383775,""
"YWHAQ",0.171787441658847,12.3784439275964,2.1621602630021,0.0403345401991772,0.409759021458072,-3.87271900244151,"YWHAQ",0.325443953915548,1.39432288951061,""
"FAHD2A",0.171468293065598,13.8519259537281,2.3759002522429,0.0254496093893156,0.36221597521922,-3.48837281655973,"FAHD2A",0.28768371890204,1.59431887899978,""
"TM9SF3",0.171205695057626,10.2957818669492,1.55396695672951,0.135063517465954,0.640771638142933,-4.7552229630469,"TM9SF3",0.508921694346433,0.8694619441156,""
"CANX",0.170590087474842,14.4507815512364,3.28125864432489,0.00303235463686048,0.184809793068993,-1.65565136343468,"CANX",0.146781953853434,2.51822000890244,""
"MSRB3",0.170243446209579,11.6745511489616,1.05889842214302,0.299730088883862,0.765224690924722,-5.40599199535196,"MSRB3",0.607766360243094,0.52326965752046,""
"PMVK",0.169948051932693,11.9854139051252,2.44115075656982,0.0223565278020259,0.353498839025647,-3.36282377306832,"PMVK",0.280760285564168,1.65059564593386,""
"IGHG4",0.169907734864001,12.2689876156926,0.680740313289821,0.502267643242945,0.870415596337231,-5.71424196591405,"IGHG4",0.691312401649546,0.299064798773892,""
"HSPD1",0.169577048902397,17.9586837173733,3.23424514495585,0.00340509868348983,0.184809793068993,-1.75700077428998,"HSPD1",0.146781953853434,2.46787029723899,""
"DENR",0.169125867399405,11.1615115592508,1.51754537187716,0.14213809362738,0.643410062483516,-4.85682243883202,"DENR",0.511017216847563,0.847289513662561,""
"DES",0.169025879052807,19.5157387024038,2.73383794249174,0.0113097236199113,0.307196305811801,-2.79813231155035,"DES",0.24398530637811,1.94654800796703,""
"PRRC1",0.168844621130305,10.5102159004886,1.223687197869,0.233956653552895,0.730619412976156,-5.17253979964982,"PRRC1",0.580281721974843,0.630864599284719,""
"PIP",0.168293385573689,15.3404932588986,0.467057759823455,0.644487511678801,0.904737107459254,-5.83134214978286,"PIP",0.718571663066566,0.190785493611636,""
"CYB5R3",0.167806819815423,15.8185146544463,2.72857872279196,0.0114489855823672,0.307196305811801,-2.80864584731121,"CYB5R3",0.24398530637811,1.94123299153344,""
"LDHA",0.167732963720674,19.0328731215712,0.996503107176364,0.328515800118742,0.779317609553039,-5.4654299252653,"LDHA",0.618959414990953,0.483443738008714,""
"DPYSL2",0.16728438024246,14.3131635927869,2.1318785730388,0.042984653402306,0.427615496649238,-3.92527000089154,"DPYSL2",0.339626147802406,1.36668657075364,""
"NEXN",0.166946963071121,13.6326775069518,1.79730620531214,0.0843296084800684,0.55419026171434,-4.47095353549371,"NEXN",0.440155946663549,1.07401991598193,""
"ITGB1BP2",0.16632055118313,11.7378355362859,1.70944243859914,0.0997057259620005,0.581448199068461,-4.60279933016202,"ITGB1BP2",0.46180508785034,1.00127990004046,""
"QKI",0.166235156792986,11.0936564090799,1.50166407528619,0.148001317439528,0.643410062483516,-4.82791976941338,"QKI",0.511017216847563,0.829734418698484,""
"FAM98A",0.16618307502547,10.9147749751064,0.928472732264706,0.362005443241032,0.799682244711988,-5.52644725617949,"FAM98A",0.635133671173509,0.441284899213324,""
"HEBP1",0.165627392617276,11.3111144732282,2.44624270155118,0.0217809651603479,0.351083264766078,-3.35705271127582,"HEBP1",0.27884175785192,1.66192287965251,""
"SERPINB1",0.165223841854461,14.3295893658229,2.05500707755759,0.050425248150581,0.458190917929303,-4.05642190112001,"SERPINB1",0.36391014271876,1.29735195587845,""
"MLYCD",0.16488748390312,11.9561336866664,2.19200888632269,0.0378670115097976,0.398980710005993,-3.82044129259425,"MLYCD",0.316883468088985,1.42173896834149,""
"PADI2",0.164825650229805,17.5829240420082,1.54579504021788,0.134670056481784,0.640771638142933,-4.83447235175567,"PADI2",0.508921694346433,0.870728957731794,""
"SIPA1",0.164786666751192,9.65506509123865,0.673914815143371,0.508439505334128,0.87129376641662,-5.5949151195479,"SIPA1",0.692009872914071,0.293760712480619,""
"PDLIM7",0.164518466729605,15.795926618479,1.18815635806451,0.245892780448828,0.737991332242454,-5.27252284148648,"PDLIM7",0.586136740237609,0.60925422220583,""
"TUBB2B",0.164492695421929,15.7320667037617,1.92940944108041,0.0650578818395984,0.501233841660364,-4.26346019741031,"TUBB2B",0.398096233942026,1.18670008062301,""
"PRRC2A",0.164028211671837,10.390241156988,1.08262313121266,0.290646698395257,0.760077485003729,-5.31963441853137,"PRRC2A",0.603678281741284,0.536634606053078,""
"CAV1",0.163888727096746,14.8121645349653,2.03016135021772,0.0530640416135591,0.464794247566731,-4.09810425544892,"CAV1",0.369154722078027,1.27519967512978,""
"ITGAV",0.163810092921402,10.8967580014151,1.17685367558921,0.250293681654524,0.738015311505687,-5.28474078218354,"ITGAV",0.586155785349076,0.601550113464926,""
"FASTKD2",0.162575114617498,12.2428363265959,2.4529624260545,0.021457307713717,0.350895606557879,-3.34439009327042,"FASTKD2",0.278692713594044,1.66842477064719,""
"RABGGTA",0.16255076778862,12.0812757850266,2.07061304168757,0.0488280006557239,0.449718259305389,-4.03006196569325,"RABGGTA",0.357180881425301,1.31133105826684,""
"YAP1",0.162415927107139,10.2148767643029,1.11760161223679,0.279192854812389,0.756032625186921,-5.17829072845857,"YAP1",0.600465722400597,0.554095700501811,""
"SNU13",0.162287518167904,11.2434129637631,1.50734989643534,0.14420460645481,0.643410062483516,-4.88616831380133,"SNU13",0.511017216847563,0.84102086634369,""
"WBP2",0.162219114645346,10.888707269568,1.0180681844745,0.319661555982684,0.772887194739961,-5.38160612223781,"WBP2",0.613852170214162,0.495309590905397,""
"RGN",0.161705113932399,10.7412028924616,0.853619226482291,0.401720806826155,0.818774469693336,-5.57036140754233,"RGN",0.650297337771661,0.396075673730696,""
"MRPS22",0.161616049860303,12.460047811014,1.91595872183927,0.0668267070659321,0.508591043541005,-4.28507958050722,"MRPS22",0.403939563178002,1.17504993852211,""
"HSP90B1",0.160910134440908,14.3137719747362,2.45509612610742,0.0213554695848282,0.350895606557879,-3.3403651351982,"HSP90B1",0.278692713594044,1.67049087444285,""
"ISCU",0.160795557063276,10.2236972138548,1.01665912991912,0.322021125378091,0.77438941958791,-5.32258734101732,"ISCU",0.615045286091017,0.492115636583091,""
"SMPX",0.160470518173003,16.9932650625118,0.998320030421985,0.327651511650027,0.779317609553039,-5.46374583897754,"SMPX",0.618959414990953,0.484587824046158,""
"LRPPRC",0.159915289061944,15.9871533858118,2.98360638787217,0.00626409600558118,0.235777209632756,-2.28785840713805,"LRPPRC",0.187261935254086,2.20314159476004,""
"IDH3A",0.159741840460331,15.3915861376335,2.1451952727539,0.0418005753706671,0.420198091575762,-3.90222086039553,"IDH3A",0.333735003230859,1.37881774026836,""
"APOO",0.159498075336833,10.7265311365867,0.557797930927584,0.582127128621149,0.893391859722212,-5.76777491755942,"APOO",0.709560897986748,0.234982161003848,""
"UTRN",0.159312724127693,13.5863987557195,0.675011066933727,0.506369245158787,0.870936730613406,-5.67716331853838,"UTRN",0.691726303456407,0.295532679498279,""
"COX7A2L",0.159122424977168,10.7611831822297,0.897910634955858,0.37936476399958,0.8145434626578,-5.45819841912727,"COX7A2L",0.646936934250123,0.420943009533805,""
"WDR26",0.159092957221031,9.81536097992876,0.821170610256743,0.420319189559192,0.829564941131428,-5.54904381977685,"WDR26",0.658867481454964,0.376420781944544,""
"LSM14B",0.158631348264267,10.8811155174851,1.14086585264844,0.266137910547731,0.74214014822961,-5.26906879558974,"LSM14B",0.58943186495292,0.574893257094677,""
"MRPS31",0.158053429821107,11.1242397774706,1.85534513081993,0.0758187625887082,0.531655957176917,-4.3684180574383,"MRPS31",0.422258468430366,1.12022330781886,""
"VPS29",0.157974295795588,12.4147598487463,1.90962166900882,0.0676745086687346,0.51066722420633,-4.29522715166137,"VPS29",0.405588533449266,1.16957488861593,""
"SMTNL2",0.157829530035126,14.3930804489924,1.65782688729594,0.109799583155671,0.588910673361852,-4.67786126068446,"SMTNL2",0.467732027863503,0.959399308643082,""
"SELENOO",0.157805128476282,10.862306428033,1.14359108551413,0.263582909046153,0.740430621567075,-5.32009365286813,"SELENOO",0.588074103226528,0.579082753211495,""
"PCBP2",0.157678956060503,13.1304032845775,2.46769004681941,0.0207634164707205,0.349092528381997,-3.31656700484886,"PCBP2",0.277260650210328,1.68270118491297,""
"HSPB2",0.157594200994438,16.709753184329,1.98916236968273,0.0576864143477078,0.47933075505682,-4.16611115178502,"HSPB2",0.380700089540258,1.23892645492989,""
"SCCPDH",0.157559304076615,12.4759888727744,1.60292263860358,0.121462567811086,0.611567219714314,-4.75570849727545,"SCCPDH",0.485726594525584,0.915557541800666,""
"HK1",0.157536186898321,14.4054040439558,1.42411072033418,0.166728243260395,0.66116372327398,-4.9944025418645,"HK1",0.52511775219042,0.7779908257678,""
"TNKS1BP1",0.157466667399643,9.98011008645157,1.0598104032629,0.307047667925773,0.766952254810251,-5.0925811685306,"TNKS1BP1",0.609138447719161,0.512794196802621,""
"UBE2M",0.157051268357399,13.0718576513368,2.12824176476661,0.0433132103847425,0.429398206400464,-3.93154807349652,"UBE2M",0.341042033920199,1.36337962507399,""
"BSG",0.156800089166708,15.4254602968063,1.48845517512308,0.149087938711558,0.643410062483516,-4.91118345171138,"BSG",0.511017216847563,0.82655748976561,""
"CARS1",0.156035969807119,11.2120798039547,2.09567124129246,0.0463574172445908,0.444258581927328,-3.9874513122254,"CARS1",0.352844627920262,1.33388076830094,""
"NFIX",0.1558667723636,10.3087972678336,1.08380237980066,0.288753479258784,0.760077485003729,-5.38135248571117,"NFIX",0.603678281741284,0.539472774151618,""
"AK3",0.155811407522252,15.5134421179994,1.44875032840911,0.159785601916766,0.652007004893115,-4.962897305256,"AK3",0.51784518836948,0.796462356998344,""
"PDIA6",0.155441177034442,13.3632012410315,2.53428345989848,0.0178773824257672,0.331624246746271,-3.18957588752205,"PDIA6",0.263386772282242,1.74769606950348,""
"QRSL1",0.155044192918634,11.8112387289835,1.27100371736103,0.215380411425153,0.723835207460263,-5.17983324550411,"QRSL1",0.574893485104764,0.666793797773472,""
"STAU2",0.154693050782297,10.2762345368783,0.847987009884593,0.410608790178566,0.824936561011967,-5.33316624584852,"STAU2",0.655191471294305,0.386571757631808,""
"BCO2",0.154627291406166,11.3771797489308,0.906320865605743,0.373738540097305,0.808743347001421,-5.52699035221308,"BCO2",0.642330293581999,0.427432115186061,""
"SPTAN1",0.154420732612012,13.4833527261485,2.95541397322873,0.00670206196590555,0.240855351899731,-2.34646735578532,"SPTAN1",0.191295161153614,2.17379156108349,""
"TIMM13",0.15433734465352,13.0933355117581,1.67114882239171,0.107115554980829,0.586690362677009,-4.65866037617927,"TIMM13",0.465968584838808,0.970147457722633,""
"HSD17B12",0.154150992497282,13.9806003421009,2.17289529072084,0.039430911196203,0.40343014124229,-3.85397163100398,"HSD17B12",0.32041735122123,1.40416318683978,""
"MIX23",0.153735766611323,12.8037987074725,1.6612519827882,0.10910418540853,0.587405492602105,-4.67293621972716,"MIX23",0.466536564305271,0.962158588871202,""
"LRRFIP2",0.153270266113672,11.452928770104,1.17063360235749,0.253191330271301,0.738015311505687,-5.27378930646836,"LRRFIP2",0.586155785349076,0.596551169427971,""
"VCAN",0.153192617800316,10.7852204702108,0.803690753640558,0.4320039700639,0.831411572076287,-5.47823579689873,"VCAN",0.660334135865596,0.364512262053324,""
"GLS",0.152915680715211,11.3095293641008,1.37061653078964,0.182627723904353,0.676238684260293,-5.06123314830881,"GLS",0.537090776947876,0.73843329347896,""
"TPRKB",0.152792923781313,10.6804124352144,1.15913896184635,0.261463009467355,0.740430621567075,-5.15420604256576,"TPRKB",0.588074103226528,0.582589744351358,""
"APEX1",0.152592733971417,11.7314773919661,2.0297805603844,0.0531054190483417,0.464794247566731,-4.09874034838785,"APEX1",0.369154722078027,1.27486115984677,""
"SLC25A42",0.152586760967319,11.1424894150366,1.61462637267084,0.118893658162898,0.605227796975765,-4.73928906396524,"SLC25A42",0.480691618616489,0.924841310211528,""
"MYL12B",0.152513199699348,14.3036655976522,1.12515345954779,0.271168131722979,0.746862677076267,-5.3392996193843,"MYL12B",0.593182651097584,0.566761351051628,""
"DYNC1LI1",0.15245874236728,12.0784157682698,2.10295162004376,0.0456608383772855,0.443496318698297,-3.97500597758284,"DYNC1LI1",0.35223921364946,1.34045611870461,""
"LAMTOR1",0.152066637105971,11.5264816017978,2.07601094757178,0.0482861043972096,0.449718259305389,-4.02091257387481,"LAMTOR1",0.357180881425301,1.31617783098484,""
"ORAI1",0.151931250238365,10.3989647919285,0.948020837114285,0.356324265931088,0.797796599134494,-5.33298327449736,"ORAI1",0.633636030071577,0.448154600884684,""
"ARPC4",0.151579091601819,13.6533521281887,1.10858774953262,0.279526589184696,0.756032625186921,-5.29375100877144,"ARPC4",0.600465722400597,0.553576874765175,""
"PPP1R3D",0.151404447370096,10.5136951513732,0.979568004858254,0.340955132167747,0.787346188740782,-5.31476231788235,"PPP1R3D",0.625335973939883,0.467302768028094,""
"RPL23",0.151318019487162,10.5398768885462,0.93967374644464,0.35634028248006,0.797796599134494,-5.51667541896703,"RPL23",0.633636030071577,0.448135080062849,""
"RABEP1",0.151271851508556,10.579108346572,1.37524854664854,0.181205419875814,0.676238684260293,-5.05553206814542,"RABEP1",0.537090776947876,0.741828816664963,""
"TUBB",0.150946326704254,15.7055529731836,2.38357318463142,0.0250235020577396,0.357923225950255,-3.47415945683162,"TUBB",0.28427427768879,1.60165191055309,""
"LRRC39",0.150844419362455,13.8120176016535,1.92748459888405,0.0653084700420863,0.501233841660364,-4.26656070452457,"LRRC39",0.398096233942026,1.18503049017987,""
"UBE2H",0.150590262923242,10.8307066654198,1.6052650834411,0.12094475931921,0.611100497438891,-4.75242987203715,"UBE2H",0.485355908501018,0.917412945392706,""
"FHOD1",0.150130964971112,13.3614735453677,1.86023343033825,0.0746090891908968,0.528816326840428,-4.37346956898602,"FHOD1",0.420003141577336,1.12720826173647,""
"OGN",0.15007070480487,13.3269539743945,0.898895906001219,0.37725060209195,0.811669374726752,-5.55172610694053,"OGN",0.644654240053781,0.423370058417839,""
"CALU",0.149972225136198,15.4894657211941,2.03016049308901,0.0530641347189143,0.464794247566731,-4.09810568733857,"CALU",0.369154722078027,1.27519891312399,""
"CALD1",0.149971103471032,13.0913752592577,2.00434081760343,0.0559352760325452,0.475198097228119,-4.14104745369056,"CALD1",0.377417798160396,1.2523142143969,""
"MYO18A",0.149952953824002,12.6596051807657,1.17845962864552,0.249664842117844,0.738015311505687,-5.28301109883953,"MYO18A",0.586155785349076,0.602642610829466,""
"CLINT1",0.149824827485851,11.543763658931,1.72566565869959,0.0966997819549517,0.578622415685174,-4.57883737646946,"CLINT1",0.459560758698309,1.01457450519175,""
"FKBP9",0.149136662535355,10.7188590052954,0.859489492355355,0.399730086019356,0.818774469693336,-5.50378703382235,"FKBP9",0.650297337771661,0.398233162972176,""
"PLIN5",0.149038441445501,12.8713081222954,1.10117011852065,0.281270484333219,0.757134528633108,-5.36386276879064,"PLIN5",0.601340889988327,0.550875838982172,""
"IGLC2",0.148794356497472,15.5553128624059,1.07071947608343,0.294483559862558,0.762738950094463,-5.3943611899876,"IGLC2",0.60579210395624,0.530938945563697,""
"IPO9",0.148418662180765,10.7039086646814,1.04210517223211,0.308146815893929,0.767032117484887,-5.38444451480049,"IPO9",0.609201877255164,0.511242315510269,""
"COMTD1",0.148300431321129,12.2368752211739,1.05761333983103,0.300304407323493,0.765224690924722,-5.40724933001806,"COMTD1",0.607766360243094,0.522438293967428,""
"FARSB",0.148079782837646,15.2882096549325,2.55794274258021,0.0169450205266542,0.32965496178938,-3.14400236052086,"FARSB",0.261822702062442,1.77095790073588,""
"MRPS35",0.148011482756113,11.2590084394015,1.67698841042275,0.10595651899464,0.586690362677009,-4.65020576569664,"MRPS35",0.465968584838808,0.974872318081985,""
"MLIP",0.147993813767897,13.2285603472615,1.88790865396864,0.0706508977739034,0.520823925897365,-4.329810575016,"MLIP",0.413655316568058,1.1508823151208,""
"FKBP4",0.147813965192324,11.9790109949419,1.72477440037606,0.0968629025091815,0.578622415685174,-4.58015832041348,"FKBP4",0.459560758698309,1.01384252140516,""
"SYNPO2L",0.147457428343575,13.9847334080593,1.40290745790568,0.17289328858616,0.666311266334061,-5.02115038187473,"SYNPO2L",0.529206098459069,0.762221864947987,""
"VAC14",0.147208118815035,10.9369448832577,1.16864340140233,0.253977290449311,0.738015311505687,-5.27591190336421,"VAC14",0.586155785349076,0.595205114377994,""
"ACSS1",0.146874586296144,13.2146059776262,1.20902675176344,0.237918213798591,0.732916502519546,-5.24969096219131,"ACSS1",0.582106145268413,0.623572309331231,""
"AZGP1",0.146827542705603,14.1774669013872,0.541976726639125,0.592613747188326,0.897725275048314,-5.79512048794336,"AZGP1",0.713002637506397,0.227228278170205,""
"FUBP1",0.146703892125419,12.5736782905933,1.84789659963664,0.0764345713942104,0.532553475540588,-4.39277805137088,"FUBP1",0.422971306732121,1.11671016538023,""
"MIEF1",0.146645843939426,10.669853616697,1.03249000440466,0.311688734980431,0.768251570236418,-5.43155091884149,"MIEF1",0.610170406327835,0.50627889366235,""
"BIN1",0.146282870770207,16.5319613564585,2.06551794652248,0.0493444565941337,0.451800358943103,-4.03868311857514,"BIN1",0.35883455273712,1.30676162933279,""
"SYPL2",0.145983899744254,12.6089745215179,0.782396108629643,0.441300753107201,0.837149243358635,-5.64381239511695,"SYPL2",0.664891181179084,0.355265331401611,""
"MRPS27",0.145660035877492,12.448420349777,2.03083875971944,0.0529905034403452,0.464794247566731,-4.0969724670113,"MRPS27",0.369154722078027,1.27580195441801,""
"SERPINF1",0.145394154873749,12.5041488028375,1.18017220904751,0.248995541537187,0.738015311505687,-5.2811642665017,"SERPINF1",0.586155785349076,0.603808429222065,""
"EIF3E",0.1448240802369,10.5992708415468,1.08699879093066,0.28778948912779,0.760077485003729,-5.36021081666862,"EIF3E",0.603678281741284,0.540925071751602,""
"EDF1",0.144625236403002,12.1891536802453,1.48755961557568,0.149322680036048,0.643410062483516,-4.91236264233062,"EDF1",0.511017216847563,0.825874223979983,""
"NCKAP1",0.144524650922381,10.8485538895805,1.04537577653948,0.305812503002048,0.766661883903223,-5.41915307917382,"NCKAP1",0.608907825692223,0.514544762632678,""
"BPHL",0.144506038686194,12.5743939561914,1.29797657866693,0.206096372782952,0.707535920587167,-5.14848100652838,"BPHL",0.561948060871982,0.685929651569699,""
"LARS1",0.144399346146368,12.0634438778084,2.93524301650939,0.00703315550381828,0.246589293578994,-2.3882512035742,"LARS1",0.195849244294921,2.15284978018313,""
"SERPINB9",0.144282289216928,11.22434511613,0.991536256098179,0.330886467082659,0.779752944969382,-5.47001926054348,"SERPINB9",0.619305172550287,0.480320994676081,""
"ARPC1B",0.144014223781085,10.6523315980121,1.56371124802951,0.130406571851036,0.635455752663949,-4.81001919316438,"ARPC1B",0.504699645048564,0.884700521742726,""
"MRPS17",0.14390588901577,12.5654489084695,1.22360798111488,0.232462724237635,0.730415663588198,-5.23353133432553,"MRPS17",0.580119897578179,0.633646676992405,""
"QARS1",0.143774499765593,13.8509580192007,2.40266189204053,0.0239916909950254,0.357664602219382,-3.43868047826697,"QARS1",0.284068870302634,1.61993914078052,""
"ME2",0.143713031259676,14.3021534327334,1.7587830700406,0.0908017215625677,0.572488924325399,-4.52938209948223,"ME2",0.454689340194017,1.04190591735958,""
"NOP14",0.143407266610861,11.9720359674181,0.802661540454304,0.432044830845904,0.831411572076287,-5.5022955781947,"NOP14",0.660334135865596,0.364471186567437,""
"CD44",0.143181620866558,12.1344963671263,0.663001533042824,0.513372540650306,0.871964493495252,-5.72556968323809,"CD44",0.692542586194406,0.289567364653625,""
"ALDH3A2",0.143135799530111,17.2318566419977,2.44464149430084,0.0218587493541315,0.351083264766078,-3.36006703325924,"ALDH3A2",0.27884175785192,1.6603746897851,""
"RSU1",0.142817641277146,12.7389648569655,0.92777639753628,0.362359596196602,0.799682244711988,-5.52705115077343,"RSU1",0.635133671173509,0.440860232979491,""
"CAPG",0.14268539256577,11.2864157858364,1.21443684889544,0.238655915343235,0.732916502519546,-5.15187316080137,"CAPG",0.582106145268413,0.622227796709061,""
"MRPL45",0.142345174735798,11.5681533861256,1.53418010728902,0.137494611184762,0.643410062483516,-4.85020267050381,"MRPL45",0.511017216847563,0.861714322768871,""
"GAA",0.142341344100387,12.3806340615509,1.7052666442487,0.100492114882527,0.582999903333812,-4.6089386550336,"GAA",0.463037501891223,0.997868013839059,""
"PITRM1",0.142310263192268,14.3967880042771,1.68956977712997,0.103495194488637,0.586690362677009,-4.6319119491928,"PITRM1",0.465968584838808,0.985079814994689,""
"KRT14",0.142092442533368,16.7539372209763,0.314532666977075,0.755716085988011,0.937935539361321,-5.88869807217185,"KRT14",0.744938938406982,0.121641333397578,""
"ATE1",0.141761888566442,11.1531486610376,1.06270550198925,0.298899138610596,0.765224690924722,-5.36341201164908,"ATE1",0.607766360243094,0.524475336540525,""
"AHNAK",0.14175138442015,13.6244871717109,1.95592901628337,0.0616900870482701,0.491299169705752,-4.220516479171,"AHNAK",0.390205794067737,1.20978461694103,""
"SYNPO",0.141620905320293,14.7640280663548,2.33873413676779,0.027609282155145,0.365305951905556,-3.55682596243858,"SYNPO",0.290137878975758,1.55894488492583,""
"MRPL53",0.141433149075445,10.6211411814754,1.32872305761643,0.19589292544946,0.69615841862447,-5.11204909348916,"MRPL53",0.552911678436164,0.707981247995772,""
"HPRT1",0.141340046165176,12.2899558938269,1.35539114772566,0.187364710579427,0.685359314349331,-5.07985709632329,"HPRT1",0.544334678272649,0.727312203436664,""
"ANK2",0.141146969591999,11.5672752562403,1.25422064689326,0.221790414438597,0.72945343241138,-5.18178257120978,"ANK2",0.579355662253597,0.654057227557379,""
"PYURF",0.140835733569311,12.8938974164022,1.33327230736441,0.194417127277267,0.694550456264666,-5.10659632424951,"PYURF",0.55163458238527,0.711265478327658,""
"PAM16",0.140657345384925,11.8973694324095,1.78869402079605,0.0857411292410482,0.558969946866244,-4.48409903197054,"PAM16",0.443952128206475,1.06681080097553,""
"CMC2",0.140604795211978,12.8355894686155,1.33481091944712,0.193919956782646,0.694550456264666,-5.10474851135298,"CMC2",0.55163458238527,0.712377494301456,""
"ITIH5",0.140139629507269,13.1743424332261,0.946552865104127,0.35289054584149,0.796358178409955,-5.51062018022235,"ITIH5",0.632493589506578,0.452359976505067,""
"EIF2S2",0.139930404300927,11.5459925910325,1.69635124673999,0.102188622721501,0.586690362677009,-4.62200716150954,"EIF2S2",0.465968584838808,0.990597454145743,""
"DMAC1",0.139447784488945,11.1602111714414,0.833202643573611,0.412911863663227,0.824936561011967,-5.58650955625569,"DMAC1",0.655191471294305,0.38414263892366,""
"PCNP",0.139336727624517,10.3685052846058,1.51054403489101,0.143392070405283,0.643410062483516,-4.88191388041257,"PCNP",0.511017216847563,0.843474864529086,""
"CAP1",0.139285623939239,12.0689017575844,1.47863238790014,0.15167904223957,0.643410062483516,-4.92408511588005,"CAP1",0.511017216847563,0.819074422301519,""
"MTM1",0.139006000749553,12.5183667919973,2.21504657650006,0.0360565098444572,0.394153862368116,-3.77977283872796,"MTM1",0.313049828564396,1.44301631390455,""
"IDH3G",0.138942433802223,14.4395441052383,2.11739018428892,0.0443069747327139,0.435785299258079,-3.95023796383077,"IDH3G",0.346114870989683,1.35352790245637,""
"CDK5",0.138875556053053,12.1715307921846,1.43348449770855,0.164059171460011,0.6573489099941,-4.98247015858209,"CDK5",0.522087903298172,0.784999486075636,""
"FLOT2",0.138675776056639,11.2886181795891,1.7588454022145,0.0907909161880086,0.572488924325399,-4.52928833797397,"FLOT2",0.454689340194017,1.04195760133322,""
"PACSIN3",0.138505006445897,14.7666498208161,1.99674548615674,0.0568055970640931,0.4773817272098,-4.15360616294474,"PACSIN3",0.379152108176556,1.24560887107957,""
"HNRNPUL2",0.138394461569236,12.0140434431399,1.72416029664914,0.0969754331963211,0.578622415685174,-4.58106818386295,"HNRNPUL2",0.459560758698309,1.0133382716985,""
"ARHGAP1",0.138329828770429,12.7680705950868,1.29807111685603,0.206064383279679,0.707535920587167,-5.14837011575549,"ARHGAP1",0.561948060871982,0.685997066356643,""
"PPIF",0.138254142558077,15.5717699849412,1.74091146713208,0.0939453429127526,0.574665661434391,-4.55616000870959,"PPIF",0.4564181756663,1.02712474400862,""
"ATG7",0.138105997658167,10.3179085952545,0.760874807304363,0.454428937334485,0.844587045838039,-5.61902913329712,"ATG7",0.670798526034426,0.342534021213091,""
"AASS",0.138067125597484,10.8526033645161,0.903200603934246,0.375741711397591,0.809788171115499,-5.51218217496109,"AASS",0.643160126906039,0.425110590871438,""
"MSN",0.137064560432098,16.723743165666,2.56835544343227,0.0165491839075211,0.329225646283499,-3.1238708916455,"MSN",0.261481725711967,1.78122341779153,""
"TKFC",0.13701604692295,12.2069352933588,1.77807773321425,0.0875089351204808,0.561580777837907,-4.50023775710333,"TKFC",0.446025735155749,1.05794760097306,""
"PDIA3",0.136877915907334,13.8570639293116,2.25869153666773,0.0328396488650683,0.384503945423518,-3.7019769114795,"PDIA3",0.30538555038882,1.48360149518166,""
"SNRPGP15",0.136877480401187,10.8294247850075,0.960766792780358,0.346618613703763,0.793414422291656,-5.4623523164944,"SNRPGP15",0.63015556256798,0.4601481190261,""
"SEC13",0.136710527059421,11.8099459238959,1.3774083005736,0.180545234516991,0.675073271918357,-5.05286825893459,"SEC13",0.536165168527708,0.743413970268381,""
"TFB2M",0.136388838282286,13.5648288064918,0.478304066362477,0.636573483207339,0.904737107459254,-5.82624093855877,"TFB2M",0.718571663066566,0.196151456096074,""
"SRP14",0.136292408044914,9.88073079165499,0.865136337942442,0.395157331460005,0.818774469693336,-5.57964525925209,"SRP14",0.650297337771661,0.403229956067949,""
"MATR3",0.135952091673165,11.4557341482581,1.35545404639737,0.187344945158474,0.685359314349331,-5.07978052256966,"MATR3",0.544334678272649,0.727358020314498,""
"PRKAG1",0.135267633196637,12.3472277875176,1.73739277909577,0.0945750687976473,0.574848462564981,-4.56140750368888,"PRKAG1",0.456563362275024,1.02422333411211,""
"CORO6",0.13477950114074,14.0691414422137,1.93379985976207,0.0644894536873391,0.501233841660364,-4.25637982487747,"CORO6",0.398096233942026,1.19051130210715,""
"APOA4",0.134574461457872,13.7479809553734,1.24862918166053,0.223321442096956,0.730415663588198,-5.20540539758954,"APOA4",0.580119897578179,0.65106957635838,""
"TIGAR",0.134366741049107,10.0263732031142,0.733210587226435,0.470805688710244,0.854253232147717,-5.6424918828376,"TIGAR",0.678475725869373,0.327158298248861,""
"APMAP",0.134243926277925,12.1116680778097,1.13854657315044,0.266083652172354,0.74214014822961,-5.30762018847228,"APMAP",0.58943186495292,0.574981807107512,""
"NADK2",0.134123684785774,11.6548350463239,2.18662037697293,0.0383021481605753,0.398980710005993,-3.82991363909033,"NADK2",0.316883468088985,1.41677686811697,""
"RPS2",0.134015198702638,11.8458482919242,1.52699654245017,0.139265652082986,0.643410062483516,-4.8598830578205,"RPS2",0.511017216847563,0.856155983003323,""
"GATD3B",0.133741752944307,16.3432332335689,1.43903366801619,0.162495266417421,0.6573489099941,-4.97537542909163,"GATD3B",0.522087903298172,0.789159285754254,""
"IGKC",0.133511065490097,17.3613564035043,0.71494880199124,0.481238002163036,0.856693037906333,-5.6915863783917,"IGKC",0.680413499026982,0.317640084827528,""
"CTSZ",0.133493366424267,10.6574361677263,1.41770803545613,0.168571147461218,0.661176055867668,-5.00251508106242,"CTSZ",0.525127547137796,0.773216756939493,""
"TUBB2A",0.13283919270631,10.6381047308718,0.792346691365934,0.43558359798357,0.832790961436035,-5.63641791522646,"TUBB2A",0.661429691799003,0.360928482082794,""
"NDUFAF7",0.132559026218786,13.057050208163,0.874036492218603,0.390384345283317,0.818774469693336,-5.57238194388784,"NDUFAF7",0.650297337771661,0.408507606203571,""
"MYL6",0.132533706565052,14.6482509837322,1.40409080287377,0.172544520053895,0.666311266334061,-5.01966650454664,"MYL6",0.529206098459069,0.76309882917543,""
"GBE1",0.13203005075299,15.1182718447397,2.1411904994658,0.042153552620292,0.422269908652751,-3.90916256480738,"GBE1",0.335380507798216,1.37516581799365,""
"GLRX2",0.131979927986096,10.1211969713279,0.802300856668026,0.430219592078942,0.829564941131428,-5.6102508428605,"GLRX2",0.658867481454964,0.366309815849932,""
"TRAP1",0.131755630030186,13.8761620627193,1.97814352709428,0.058987758176269,0.48389255691695,-4.18422188066491,"TRAP1",0.384323221080003,1.22923810883469,""
"USP19",0.131249643654524,10.7018621756903,0.735787756204228,0.471287725200437,0.854253232147717,-5.48895265054691,"USP19",0.678475725869373,0.326713871394912,""
"SUCLG1",0.131218732910849,17.4009515938294,1.97368375557016,0.0595217676023479,0.484330381132656,-4.19153175019028,"SUCLG1",0.384670955324809,1.22532418014116,""
"ATXN10",0.130865645666299,10.7485620361925,0.90597076285465,0.37356620468498,0.808743347001421,-5.54574870705279,"ATXN10",0.642330293581999,0.427632419868879,""
"IGHV4-61",0.130737966693784,8.29952778747018,0.536308411851951,0.598275348519155,0.897725275048314,-5.64711360214447,"IGHV4-61",0.713002637506397,0.22309889156321,""
"SWAP70",0.130716507545175,15.4862766266476,0.700151006820321,0.490272058231369,0.861950295591214,-5.70151738992133,"SWAP70",0.684588984222238,0.309562857522177,""
"RANGAP1",0.130384285315134,10.9961774359849,0.648336538428635,0.523760635764569,0.875755824344665,-5.65749550381167,"RANGAP1",0.695553784575944,0.280867144919273,""
"RTCA",0.130351193164111,14.1951995619143,1.54420901495941,0.135052924927509,0.640771638142933,-4.83662602885366,"RTCA",0.508921694346433,0.869496005581518,""
"ABLIM2",0.130280880411592,13.7890713713166,2.05845226536821,0.0500686975435491,0.456976207738742,-4.05061445253028,"ABLIM2",0.362945380342398,1.30043370592497,""
"UBL4A",0.130219010012654,9.61007252528224,0.404561364303995,0.702207234178499,0.923111933362225,-5.12110189493573,"UBL4A",0.733165547962848,0.153534700721394,""
"LPIN1",0.130213361518363,12.2115197436573,1.09851718385971,0.282404402108555,0.757381209013149,-5.36655056852969,"LPIN1",0.601536811576456,0.54912853780241,""
"ALYREF",0.130146378119527,11.1833894309524,0.839172459278763,0.409293850709504,0.824936561011967,-5.60043503156144,"ALYREF",0.655191471294305,0.38796478020934,""
"TIMM9",0.130092300301863,12.6128519564007,1.59525563819815,0.123170265152855,0.618000894091551,-4.76641286634871,"TIMM9",0.49083642815434,0.909494123654321,""
"TMX1",0.129950471589801,12.6600463322376,1.8606699667754,0.0745451924101335,0.528816326840428,-4.37278460091921,"TMX1",0.420003141577336,1.12758035995178,""
"MSRB2",0.129824000729771,12.6638106103235,1.7981120529477,0.0841985573645617,0.55419026171434,-4.46972106401247,"MSRB2",0.440155946663549,1.07469534952146,""
"LAMTOR3",0.129784219274683,12.2808952259685,1.38419347646234,0.178483489010556,0.673905497938301,-5.04447644350372,"LAMTOR3",0.535237684417664,0.748401953015447,""
"FNTA",0.129777926749918,11.7644137463621,1.73482287683845,0.0950372577599275,0.576360960025682,-4.56523489463996,"FNTA",0.457764636995337,1.02210610347518,""
"EIF2B3",0.129228724860969,11.2684551123923,1.00785649456667,0.323140813921443,0.776131863010984,-5.45486043525054,"EIF2B3",0.616429191380184,0.4906081854629,""
"EMC2",0.128896023634452,11.6272079016793,1.08171524446738,0.28966222851872,0.760077485003729,-5.38343736862759,"EMC2",0.603678281741284,0.538108132395031,""
"PPP1R12B",0.128700645907333,12.8193709613021,1.93764055338424,0.0639957672448381,0.501233841660364,-4.25017648073104,"PPP1R12B",0.398096233942026,1.19384874981301,""
"TFRC",0.12868686525756,11.9547387446103,0.666891706044078,0.510925641593804,0.871415328539076,-5.72311011927399,"TFRC",0.692106421508992,0.291642301030297,""
"STARD10",0.128469108186824,9.55748530267206,0.411807372779414,0.68483877344622,0.917907446926752,-5.74188335774395,"STARD10",0.72903197541176,0.164411659228917,""
"AP2A1",0.128219214543076,11.2962339411663,1.40488265495188,0.17231144843626,0.666311266334061,-5.01867295750076,"AP2A1",0.529206098459069,0.763685866907631,""
"TRIM63",0.12815027409466,10.901448039122,1.25814781670077,0.220906944389991,0.729170453640902,-5.15741784730221,"TRIM63",0.579130911302145,0.655790631512679,""
"MAPT",0.127466860146956,13.4026240651553,1.70345101100871,0.100835668066511,0.583304920907883,-4.61160439306586,"MAPT",0.463279756777928,0.996385820028725,""
"AGMAT",0.127448931027754,10.4214687416672,0.448089160683887,0.662005929531998,0.91096285661063,-5.46383512721265,"AGMAT",0.723516355712259,0.17913812060336,""
"HSD17B10",0.127087742432412,13.4352886584972,1.39700650176557,0.174640833618907,0.668991805279447,-5.02853422488217,"HSD17B10",0.531335069750309,0.757854204261655,""
"GORASP2",0.127050326369336,13.3855503833334,0.930322897903643,0.361065574659642,0.799125117125844,-5.52484066006468,"GORASP2",0.634691182308163,0.442413916857199,""
"TCEA3",0.126848230994913,11.8398060829511,0.859123918547699,0.399494907547054,0.818774469693336,-5.51935036052334,"TCEA3",0.650297337771661,0.398488752365784,""
"DNAJA2",0.126639242267713,15.0843722680455,2.32032444875848,0.0287399875840919,0.367873404980481,-3.59048847140685,"DNAJA2",0.292177033787342,1.5415134238205,""
"CAPN2",0.126404295724416,14.3586888759526,1.80443360313132,0.0831765648281972,0.553547740465433,-4.46003837736654,"CAPN2",0.439645635371377,1.07999901985669,""
"CLTC",0.126197950698996,14.2146562412323,1.92951454657957,0.0650442227812382,0.501233841660364,-4.26329083072763,"CLTC",0.398096233942026,1.18679127136451,""
"SFPQ",0.126116717158528,12.352442178594,1.43390606953313,0.163939940577489,0.6573489099941,-4.98193197572213,"SFPQ",0.522087903298172,0.785315226665974,""
"SYNM",0.126005997227647,16.662301360473,1.9940289668354,0.057119761447016,0.4773817272098,-4.1580897145042,"SYNM",0.379152108176556,1.24321361500046,""
"COX7A2",0.126001271449358,15.321410593207,0.745105537630007,0.463128105865377,0.850794443682402,-5.67073312856891,"COX7A2",0.67572864347469,0.334298862167724,""
"SUGT1",0.125863709273876,11.630190724493,2.26704067269286,0.0322547872130236,0.384503945423518,-3.68698464311616,"SUGT1",0.30538555038882,1.49140581883006,""
"DYNC1I2",0.125623701473273,12.036601332,1.95389747053589,0.061942560459364,0.491947130720087,-4.22382106932349,"DYNC1I2",0.390720425798693,1.20801084659967,""
"TRIAP1",0.125449499540684,11.7401076227369,1.07519485602786,0.29251438902947,0.760077485003729,-5.38992729002972,"TRIAP1",0.603678281741284,0.533852765744544,""
"SRP9",0.125412071422076,10.8676994343613,1.5018509004922,0.145612225278889,0.643410062483516,-4.89347535814013,"SRP9",0.511017216847563,0.836802161092533,""
"MAPKAPK3",0.124944261338703,11.2498918807981,0.472563149886489,0.644300355756902,0.904737107459254,-5.39458215563476,"MAPKAPK3",0.718571663066566,0.190911628853534,""
"COMT",0.124784008700329,13.491149224548,1.67785989228969,0.10578445571373,0.586690362677009,-4.64894204440183,"COMT",0.465968584838808,0.975578144150729,""
"SPEG",0.124685778003139,12.8751330327518,1.46023689174178,0.156629239268383,0.648871376652265,-4.94805598270611,"SPEG",0.515354770345051,0.805127161386776,""
"CLIC1",0.124586858687371,11.2786850765597,0.877763080102645,0.389110339696663,0.818774469693336,-5.52935796107341,"CLIC1",0.650297337771661,0.409927228683425,""
"ETHE1",0.124402332511387,13.2766661171865,2.0015331166528,0.0562556190137817,0.475690896072418,-4.14569383067752,"ETHE1",0.377809195044845,1.24983409215346,""
"RFC4",0.124385644226372,12.8866720572139,0.732201246754198,0.471106762131569,0.854253232147717,-5.66095483610601,"RFC4",0.678475725869373,0.326880661978388,""
"PGM3",0.12390726111842,13.1645159555123,1.1169915434824,0.27457613672823,0.748962422290001,-5.34771225061944,"PGM3",0.594850337100302,0.561337209770743,""
"OTUD4",0.123650811892007,9.67508959451968,0.711100693136502,0.484140655074061,0.85788743604369,-5.65755652387006,"OTUD4",0.681362128909462,0.315028446520494,""
"ACY1",0.123214238778647,14.2202684331624,1.57994184248988,0.126640680101807,0.624514503074947,-4.78766997617096,"ACY1",0.496009748449457,0.897426765836251,""
"ORM2",0.123073319598271,15.2335390907747,0.881502355658987,0.386409324017407,0.818774469693336,-5.56623543887428,"ORM2",0.650297337771661,0.412952402648746,""
"RPL17",0.123044320260076,12.1569329012388,0.536260347282351,0.596499591861965,0.897725275048314,-5.7980694577062,"RPL17",0.713002637506397,0.224389849147297,""
"ARL8B",0.122967648781616,13.6890235540257,1.12041128326795,0.273144466781184,0.747183960034162,-5.34419415793913,"ARL8B",0.593437824481616,0.563607592772458,""
"MME",0.122723274114254,12.6168517094901,1.26483653376079,0.217547395544191,0.724737847264829,-5.18692133625433,"MME",0.575610391021598,0.662446111670538,""
"DDX6",0.121926495826031,12.1560515420336,1.60670886040906,0.120626518891931,0.611100497438891,-4.75040716832314,"DDX6",0.485355908501018,0.918557205111519,""
"NDUFA12",0.12173099835681,13.6254923773397,1.23424984213551,0.228540933908354,0.730415663588198,-5.22163001385325,"NDUFA12",0.580119897578179,0.641036002253318,""
"DYSF",0.121369289527143,15.2961796902179,1.83858046320369,0.0778385565438244,0.532553475540588,-4.40729561290054,"DYSF",0.422971306732121,1.10880522632224,""
"HSDL2",0.121313653569715,16.8450884597118,1.68645132062622,0.104100731401003,0.586690362677009,-4.63645627130125,"HSDL2",0.465968584838808,0.982546219170501,""
"RO60",0.121295996583985,12.473195349908,1.78042930895194,0.0871146883371011,0.561580777837907,-4.49666920692023,"RO60",0.446025735155749,1.05990861277722,""
"DCTN1",0.121238573605153,12.3783602629735,2.80449358648431,0.00958693924923694,0.287115113496932,-2.65591961545556,"DCTN1",0.228036169729369,2.01832002466843,""
"SPAG9",0.121159252008258,12.0038204828454,1.42191270366766,0.167359086639632,0.661176055867668,-4.99719100641335,"SPAG9",0.525127547137796,0.776350702963693,""
"EIF2B5",0.121039334071837,12.2805811203668,1.84142116090777,0.0774081084246961,0.532553475540588,-4.40287466548473,"EIF2B5",0.422971306732121,1.11121354500623,""
"HNRNPL",0.12096809634742,12.8705270988906,1.75262634626369,0.0918744155723865,0.572580867641525,-4.53863066843232,"HNRNPL",0.454762364568757,1.0368054105145,""
"PRKRA",0.120966205802937,11.6714854927213,1.20601638835262,0.23905637633054,0.732916502519546,-5.25300592418751,"PRKRA",0.582106145268413,0.621499667913656,""
"DYNC1H1",0.120888756859697,13.8803825186826,2.46384065400852,0.0209427514606008,0.3500605258676,-3.32384849152247,"DYNC1H1",0.27802946532506,1.67896626126001,""
"DAZAP1",0.120879008084488,11.7625546354509,1.48871977812096,0.149018638978254,0.643410062483516,-4.91083493460513,"DAZAP1",0.511017216847563,0.826759407432416,""
"GC",0.12087731254832,13.7946084415707,0.980674447356846,0.336111598355253,0.784654193932932,-5.47998198637678,"GC",0.623197904029746,0.473516500875433,""
"IGKV2-30",0.120505314466998,11.3609327842201,0.697049427796343,0.492441377568736,0.863273756408607,-5.68471807679735,"IGKV2-30",0.685640119886639,0.30764546245318,""
"ECHDC1",0.120453644723527,12.3068455286268,1.90058678570429,0.0688994550164055,0.515639871151841,-4.30965249992517,"ECHDC1",0.409537971530249,1.16178421327821,""
"PRKAB2",0.120306003301417,14.2947198362096,2.09184753149093,0.0467270517979526,0.445021885359743,-3.99397596694083,"PRKAB2",0.353450868354453,1.3304316195379,""
"AHSG",0.1200155789957,13.9269558079918,0.85484467219044,0.400722999614202,0.818774469693336,-5.58795719688131,"AHSG",0.650297337771661,0.397155730392659,""
"SLIRP",0.119987036792534,13.9266401289817,1.55652364296576,0.132103469384414,0.636349414590243,-4.81985673688902,"SLIRP",0.505409420442213,0.879085776520817,""
"TIMM50",0.119985537610791,13.7255407001811,1.90699624712285,0.0680284898107142,0.511375452767692,-4.29942410413448,"TIMM50",0.406151031627988,1.16730916999421,""
"ARHGDIB",0.119716492082961,11.3848262465844,1.14069921361766,0.264762253817404,0.741179629722529,-5.3231245087863,"ARHGDIB",0.588668989886396,0.577143930589213,""
"DTNA",0.119715381479569,11.9481691720251,1.97689425421123,0.0591369183378689,0.48389255691695,-4.18627070455758,"DTNA",0.384323221080003,1.22814131057975,""
"PLIN3",0.119158832874319,15.0329984362421,1.72114207681669,0.0975301156350445,0.578622415685174,-4.58553637659737,"PLIN3",0.459560758698309,1.0108612608695,""
"AFG3L2",0.11912277610131,14.6339253885192,2.13657583375306,0.0425635988502868,0.424897037133939,-3.91715070664949,"AFG3L2",0.337467058760095,1.37096165856209,""
"FSCN1",0.119117378794385,14.4481237418045,0.662360060854572,0.513776644167289,0.871964493495252,-5.72597392335416,"FSCN1",0.692542586194406,0.289225642264721,""
"COMMD3",0.118908106185946,12.7028776161766,1.37775532650105,0.180439333822776,0.675073271918357,-5.05243991115693,"COMMD3",0.536165168527708,0.743668784975051,""
"MYOT",0.118907483971146,18.2589199606141,1.53214134653233,0.137995367324104,0.643410062483516,-4.85295382187343,"MYOT",0.511017216847563,0.860135493159268,""
"RAP1B",0.118553013954342,9.88211774724318,0.748382479045012,0.461184753952579,0.848851579778274,-5.66841761374461,"RAP1B",0.674185557715091,0.336125058237072,""
"TMEM205",0.118539344630873,12.9818710885535,0.923367670536272,0.364607196248556,0.802024245764803,-5.53086483657717,"TMEM205",0.63699376464989,0.438174763930642,""
"AKR1C2",0.118299963409234,14.0126229738986,0.748598392257714,0.461056879059446,0.848851579778274,-5.66826470744346,"AKR1C2",0.674185557715091,0.336245493834056,""
"HEXB",0.11757594487001,12.948138992585,1.07490390662802,0.292642121317254,0.760077485003729,-5.39021605194688,"HEXB",0.603678281741284,0.533663163723048,""
"PLG",0.117485427648676,12.520949893179,0.701859883874637,0.489223869444761,0.861837392557407,-5.70038070563933,"PLG",0.684499312957404,0.310492361702694,""
"RILP",0.117385178692505,10.7278216966776,1.09117678945357,0.285984190880537,0.760077485003729,-5.35602966685628,"RILP",0.603678281741284,0.54365797387485,""
"CAMK2B",0.117361075395557,15.8866441368502,1.97662537063114,0.0591690657617428,0.48389255691695,-4.18671155706479,"CAMK2B",0.384323221080003,1.22790528787565,""
"HGH1",0.11709517086693,12.1212683940529,0.917959923352958,0.367376694751575,0.803019317122142,-5.53551963861067,"HGH1",0.637784082714903,0.434888397463572,""
"SSBP1",0.117093537807714,13.6727370052233,1.47666525572407,0.152202288962209,0.643502324656396,-4.92666033417169,"SSBP1",0.511090494468718,0.81757881618449,""
"IGFBP7",0.11707352558814,11.650627153365,0.640982033709014,0.527583008860056,0.875755824344665,-5.72029865488903,"IGFBP7",0.695553784575944,0.277709199625185,""
"RCN1",0.116936096806294,12.1050806500337,1.33653802903147,0.193363057013261,0.694550456264666,-5.10267214281327,"RCN1",0.55163458238527,0.713626496477653,""
"FXR1",0.116883959320202,13.2973088892554,1.65685161067157,0.10999827185924,0.588910673361852,-4.67926217385974,"FXR1",0.467732027863503,0.958614137822608,""
"LYPLA2",0.116855492882117,13.0005428412778,1.28041036339376,0.212106984360314,0.718265700866787,-5.16896421597669,"LYPLA2",0.57047000166152,0.673445030591393,""
"APPL1",0.11670440677608,13.3223835919858,2.08364691014052,0.047528677569405,0.446552117686403,-4.00794190746983,"APPL1",0.354666228682641,1.32304426927983,""
"NDUFAF2",0.116565964279891,15.7377922068631,1.40096543522212,0.173466874149331,0.667626858339125,-5.02358332857694,"NDUFAF2",0.530250984456562,0.760783447372837,""
"MCM7",0.116402643187728,13.1245925565144,0.370757395572932,0.723351409867322,0.935508458555354,-5.03991172883664,"MCM7",0.743011271821007,0.140650667727073,""
"ITPA",0.115856072943377,12.4483192400111,0.872832225754105,0.391027988991898,0.818774469693336,-5.57336880779607,"ITPA",0.650297337771661,0.40779215557167,""
"DDX1",0.115700066542278,14.498728117982,2.67017842863521,0.0131076454714233,0.307196305811801,-2.92469848780268,"DDX1",0.24398530637811,1.88247531369543,""
"NDUFB11",0.115692561587723,13.4564980693659,1.22996059495069,0.230115577308051,0.730415663588198,-5.22643777957898,"NDUFB11",0.580119897578179,0.638053981461967,""
"AIFM1",0.115629237718071,15.3221902395191,2.19722735830261,0.0374498599248088,0.398980710005993,-3.81125334968546,"AIFM1",0.316883468088985,1.42654980237029,""
"RPS5",0.115582441688892,10.150329955889,0.760742205000085,0.453898597846311,0.844587045838039,-5.65959701639986,"RPS5",0.670798526034426,0.343041158849023,""
"MRPS14",0.115566280671308,9.83091658489343,0.612842990751404,0.547208259597665,0.88121654778001,-5.62747058671968,"MRPS14",0.699890868893732,0.261847355968831,""
"CLPB",0.115529020852106,12.5251797630795,0.934443966533195,0.358977946608382,0.798191489945165,-5.5212514467791,"CLPB",0.633949665208474,0.444932230977328,""
"MYORG",0.115518840089685,10.1205745318606,0.719366152690868,0.479453607805794,0.856693037906333,-5.62864141345088,"MYORG",0.680413499026982,0.319253409032787,""
"RPL28",0.115422173351115,11.4674940881455,1.10130444944554,0.281213155879882,0.757134528633108,-5.36372651703884,"RPL28",0.601340889988327,0.550964365756096,""
"TUBB4B",0.115360842296049,17.7242870935233,2.21699402668445,0.0359071064551677,0.394018820834379,-3.77632237261374,"TUBB4B",0.312942574182233,1.44481959072983,""
"PHKA1",0.115293638859113,14.0584514917904,1.23060360630607,0.229878998672647,0.730415663588198,-5.22571797205291,"PHKA1",0.580119897578179,0.638500703272684,""
"MAP4",0.115201787393497,14.7221395417895,1.49024698218864,0.148619172466424,0.643410062483516,-4.90882240559131,"MAP4",0.511017216847563,0.82792516123982,""
"ATP1A2",0.115166302847163,14.9667042598579,2.39280805607116,0.0245193412272367,0.357664602219382,-3.45701630664695,"ATP1A2",0.284068870302634,1.61049120239258,""
"EIPR1",0.11492082921705,10.1500496507432,0.964054059470229,0.344215406986284,0.791840560647561,-5.49503080534049,"EIPR1",0.628905550415599,0.463169694672677,""
"MAP2K3",0.114874825678719,11.9771683854382,1.40335789981318,0.172760463523248,0.666311266334061,-5.02058566635068,"MAP2K3",0.529206098459069,0.762555639393474,""
"TMED1",0.114805171132772,11.9831883874228,0.946259491717777,0.353407672826178,0.796780790390593,-5.49251661370528,"TMED1",0.632829241699082,0.451724025768994,""
"NASP",0.114632414341109,9.74857439123592,0.693669073205796,0.494259560604074,0.86487902418546,-5.7058047770335,"NASP",0.686915075812035,0.306044921250639,""
"TRIM28",0.114130075153918,11.5301547607218,1.35011805083683,0.189027553442053,0.687916729298609,-5.08626584749601,"TRIM28",0.546365860478068,0.723474886643322,""
"PHKG1",0.114011907732964,14.5970140399465,1.28268958467361,0.211319601832432,0.716443225552172,-5.16632018174815,"PHKG1",0.569022532438777,0.675060216280293,""
"SMAD2",0.113735805692396,10.5555874296657,0.927226498805242,0.363824880326019,0.801517314822918,-5.47153288061881,"SMAD2",0.636591143593489,0.439107604835966,""
"GNAI2",0.113675986615437,14.1524206131407,2.20304511019244,0.0369896947602549,0.398980710005993,-3.80099351148924,"GNAI2",0.316883468088985,1.43191925247709,""
"H1-0",0.113443596995698,12.1910607503131,1.06792960886464,0.295715862394707,0.765224690924722,-5.39711671685798,"H1-0",0.607766360243094,0.529125379005422,""
"PPP1R14B",0.113370981262227,10.5631001950993,0.861638887564359,0.399048772550148,0.818774469693336,-5.47361918213664,"PPP1R14B",0.650297337771661,0.398974020716979,""
"AS3MT",0.113331941302329,12.3297030944763,0.967138047043514,0.342701791949469,0.789542249162508,-5.49225636272804,"AS3MT",0.627080156616181,0.465083624686761,""
"HTRA2",0.113128294371846,11.8542995032075,1.22027565284477,0.233701126927148,0.730619412976156,-5.23723941572237,"HTRA2",0.580281721974843,0.631339193396981,""
"AKAP7",0.112932638039636,9.66858391331877,0.61797860765621,0.542634526063611,0.879906521394744,-5.71328145745621,"AKAP7",0.698850403292664,0.265492576955047,""
"AK6",0.112374438260472,9.72930572957074,0.545997739935857,0.591733952445816,0.897725275048314,-5.64218149306745,"AK6",0.713002637506397,0.227873511106919,""
"PGLYRP2",0.112274924790523,11.2961378653109,0.740463128209938,0.466479000720573,0.854221100045634,-5.63344837754362,"PGLYRP2",0.678450205507887,0.331167901920587,""
"HECTD1",0.112204157812837,11.2394654425346,1.15986469904747,0.257951690457037,0.740430621567075,-5.26858046233872,"HECTD1",0.588074103226528,0.588461621681903,""
"ABHD11",0.112193914672286,12.6267400264994,1.48918506182993,0.148896844050892,0.643410062483516,-4.91022197043229,"ABHD11",0.511017216847563,0.82711450725661,""
"DRG1",0.11213783269025,9.88331725603802,0.976323129486812,0.33822054291331,0.78563724050205,-5.48394477449168,"DRG1",0.623978671616506,0.470800017663931,""
"ACTR2",0.111971133373112,11.932382412809,1.05061439818192,0.303445971230661,0.766240708484229,-5.41407278318344,"ACTR2",0.608573314463741,0.517918624144539,""
"CPT1B",0.111835047598388,13.9238691047348,1.17137770987612,0.252446711785826,0.738015311505687,-5.29062288947881,"CPT1B",0.586155785349076,0.597830281782009,""
"TXNDC5",0.111271481241554,12.6430040385532,1.42643163581947,0.166064186202965,0.659439965930281,-4.991454240294,"TXNDC5",0.52374868799379,0.779724018430517,""
"LSM14A",0.111063201066486,10.2732620123996,0.469017841488127,0.64386657193753,0.904737107459254,-5.74506434154805,"LSM14A",0.718571663066566,0.191204121887105,""
"ILKAP",0.110882386180542,10.1419975482711,0.856531509075581,0.400140385714365,0.818774469693336,-5.56802811999313,"ILKAP",0.650297337771661,0.397787613560377,""
"CTSB",0.110668587520761,13.7372883373356,1.03436889352995,0.310827029624507,0.768251570236418,-5.42975190945456,"CTSB",0.610170406327835,0.507481221832672,""
"TNNT3",0.110508932539183,15.7069164944311,0.345594069007234,0.73252744684472,0.9359150655925,-5.87881224473795,"TNNT3",0.743334212366375,0.135176098223148,""
"MYL6B",0.110502492134277,17.6352844372534,0.525442492004507,0.603886781880195,0.900552879564068,-5.8035666453056,"MYL6B",0.715248413061117,0.219044476302129,""
"RPL7",0.110383948126154,12.8605258605768,1.03150374267367,0.312141727149363,0.768251570236418,-5.43249405547799,"RPL7",0.610170406327835,0.505648170907263,""
"GANAB",0.110365195506771,13.5989602589734,1.70956355337358,0.0996829954126462,0.581448199068461,-4.60262109127788,"GANAB",0.46180508785034,1.001378920207,""
"NID2",0.10990895770844,14.3495133348774,1.53177144559249,0.138086381187457,0.643410062483516,-4.85345265482199,"NID2",0.511017216847563,0.859849151738466,""
"PNPLA6",0.109500743246501,9.60879680392334,0.479963722261367,0.63770849244227,0.904737107459254,-5.56484928561386,"PNPLA6",0.718571663066566,0.195377799421311,""
"NIPSNAP3A",0.109410618186766,11.9148825596321,1.37325739828693,0.182314240165124,0.676238684260293,-5.04132828094495,"NIPSNAP3A",0.537090776947876,0.739179408231461,""
"CAPZA1",0.109392041773845,12.8764225653855,1.23938140439796,0.226667772563261,0.730415663588198,-5.21585882135955,"CAPZA1",0.580119897578179,0.644610223115116,""
"HSPA9",0.109279940016702,16.0311311940938,2.00349109799465,0.056032053899246,0.475198097228119,-4.14245411122485,"HSPA9",0.377417798160396,1.25156345783298,""
"RASA3",0.109209515128114,11.8080311963652,1.03503603120201,0.311366262973721,0.768251570236418,-5.39119661468004,"RASA3",0.610170406327835,0.506728445711679,""
"SNX1",0.109209309362077,9.92995350776524,0.761482504346087,0.453756211128101,0.844587045838039,-5.64031009839409,"SNX1",0.670798526034426,0.343177417184043,""
"PPIA",0.108969736963051,17.3745313203842,1.18929700013386,0.245451866490769,0.737991332242454,-5.27128408397521,"PPIA",0.586136740237609,0.610033661044008,""
"NT5DC1",0.108969075371025,12.3871048281898,1.19864017990305,0.241862393509973,0.734270730032918,-5.261097632729,"NT5DC1",0.583181716844324,0.616431653592511,""
"MCEE",0.108839783056613,13.3203768659761,0.708482799081859,0.485173633096178,0.85788743604369,-5.6959502846549,"MCEE",0.681362128909462,0.314102809025545,""
"TF",0.108723451543394,16.8339297058435,0.875685407825392,0.389504158517429,0.818774469693336,-5.5710286346875,"TF",0.650297337771661,0.409487901248076,""
"ABHD16A",0.108411576909512,11.5751337491046,1.06274238775576,0.298016814957875,0.765224690924722,-5.40222275226267,"ABHD16A",0.607766360243094,0.525759231100266,""
"CD81",0.108216393685478,9.89944149948137,0.72223452075363,0.478078797125445,0.856226361360327,-5.59031567478574,"CD81",0.680042849322208,0.320500516909965,""
"SDCBP",0.107625554648154,10.3126648641571,0.658175025923659,0.516931810202393,0.872718688010041,-5.69182555669937,"SDCBP",0.693141592029692,0.286566742024038,""
"PRMT7",0.107372569988161,10.8143610905755,0.835608147855462,0.411583196952997,0.824936561011967,-5.58462603986265,"PRMT7",0.655191471294305,0.385542363791897,""
"CDC34",0.107333644551897,11.8804879022233,0.873204864197035,0.390828752109849,0.818774469693336,-5.57306357683487,"CDC34",0.650297337771661,0.408013494023562,""
"ATL2",0.107245761418092,11.6683599172857,1.4447772583524,0.16088915371095,0.653328131241501,-4.96800799310193,"ATL2",0.518894469922601,0.793473232732901,""
"UROD",0.107150535481853,11.8774852194225,1.15182380844868,0.260246552579925,0.740430621567075,-5.31142772742646,"UROD",0.588074103226528,0.584615014768172,""
"TRMT10C",0.107130054056192,12.6955958062167,1.72875470711711,0.0961362178816125,0.578622415685174,-4.57425498861551,"TRMT10C",0.459560758698309,1.0171129675564,""
"DTYMK",0.107088389788286,11.8938186027147,0.88815563017964,0.383235543779291,0.818661689937397,-5.54221310186542,"DTYMK",0.650207764418123,0.416534218405209,""
"DUSP22",0.107018490855493,10.6544665955396,0.83439863419634,0.412602188136089,0.824936561011967,-5.56798435974031,"DUSP22",0.655191471294305,0.384468473180829,""
"DDOST",0.107011644318177,13.7113336297393,0.997773322932509,0.327911409036141,0.779317609553039,-5.46425287248441,"DDOST",0.618959414990953,0.484243472640665,""
"GLRX5",0.106942401568221,13.6980825165361,0.860703839766647,0.397548298243986,0.818774469693336,-5.58323655923698,"GLRX5",0.650297337771661,0.400610101254988,""
"LNPK",0.106746629633909,12.3646852416846,1.5020190616981,0.145569015025662,0.643410062483516,-4.89325223179442,"LNPK",0.511017216847563,0.836931056584949,""
"AIMP2",0.106257460310037,14.3687785333682,1.25366520278292,0.221514977197802,0.72945343241138,-5.19968424083798,"AIMP2",0.579355662253597,0.654596904680364,""
"CORO1C",0.105801704977942,10.6134265117912,0.608336894414335,0.549456997022695,0.882888340452553,-5.66143504277807,"CORO1C",0.7012186610569,0.260066291751068,""
"IQGAP1",0.105497746007195,13.0830875342309,0.984042067893285,0.334485593966079,0.783662425903504,-5.47690392133432,"IQGAP1",0.622410209575294,0.475622582218329,""
"ETFA",0.104989915932517,17.4056097707763,1.18074429851609,0.248772257604147,0.738015311505687,-5.28054679975973,"ETFA",0.586155785349076,0.604198052603443,""
"NHLRC2",0.104861134317369,12.7333612789236,1.50966739763352,0.143614700787569,0.643410062483516,-4.88308225398012,"NHLRC2",0.511017216847563,0.842801102265418,""
"DYNLRB1",0.104774607308915,12.7519809699399,1.45601157274992,0.15778442613269,0.649949281336916,-4.95352669653614,"DYNLRB1",0.516210877335127,0.801935865375149,""
"PTCD3",0.104675708249902,13.2972378102801,1.26815197045343,0.216380381250541,0.724206747491626,-5.18311455792088,"PTCD3",0.575188574292585,0.664782118338479,""
"PTMS",0.104674539410935,11.0726203814458,0.914280650096323,0.371967039365345,0.80807123208895,-5.4141445910998,"PTMS",0.641796478038849,0.429495541988945,""
"LTN1",0.104368561705064,10.2203715186621,1.02040922452562,0.320979820837751,0.773822150831976,-5.30030644656902,"LTN1",0.614594742778495,0.4935222696957,""
"ALB",0.104330731281483,20.0703311556283,1.13882307700831,0.265529427956071,0.74214014822961,-5.32508714208022,"ALB",0.58943186495292,0.575887340154265,""
"CCDC90B",0.104105475216704,10.790681756727,0.881640588750254,0.386679664444755,0.818774469693336,-5.54760284133682,"CCDC90B",0.650297337771661,0.412648666953708,""
"BNIP1",0.103837574480833,11.224611070126,0.933664955986502,0.359737291128594,0.798878550477937,-5.50353634049641,"BNIP1",0.634495351049798,0.44401453996319,""
"YBX3",0.103368853356175,13.7667137746662,1.14324935253582,0.26372207182076,0.740430621567075,-5.32045216707489,"YBX3",0.588074103226528,0.578853521064278,""
"PSPC1",0.102837379458425,10.2316669193848,0.773390883749147,0.446513853895291,0.839336056289224,-5.6504278901768,"PSPC1",0.666628019196883,0.350165061799091,""
"SNAP29",0.102299682122394,11.5069940021738,1.02144021432578,0.316790228934857,0.771243177174589,-5.44207047627044,"SNAP29",0.612546437945284,0.499228222237584,""
"UFC1",0.101981087869536,11.6387908190972,1.09007532397873,0.287422975246199,0.760077485003729,-5.3122613316551,"UFC1",0.603678281741284,0.541478519347807,""
"RPS27L",0.101771785013325,12.0060203464027,1.48191058488196,0.150810288038822,0.643410062483516,-4.91978724778714,"RPS27L",0.511017216847563,0.821569030574432,""
"CDK5RAP3",0.10173426542856,11.3657110340694,1.24351155677541,0.225168607087516,0.730415663588198,-5.21119862227298,"CDK5RAP3",0.580119897578179,0.647492158754197,""
"FARSA",0.101732110754721,12.5751960535771,1.83838086535222,0.0778688789749569,0.532553475540588,-4.40760605390827,"FARSA",0.422971306732121,1.10863607749975,""
"RHOG",0.101653274444411,11.2947199508587,1.02982854164358,0.312912204781512,0.768251570236418,-5.43409412105969,"RHOG",0.610170406327835,0.504577497365495,""
"ARMC1",0.101593575087591,12.2965300371653,1.249946218043,0.222847933574945,0.730415663588198,-5.20391112635272,"ARMC1",0.580119897578179,0.65199138868644,""
"STK38L",0.101443971379222,11.6562496922547,1.36662810403976,0.183859427729562,0.678083553416662,-5.06612898915734,"STK38L",0.538556032088737,0.735514095977607,""
"PPP1R3A",0.101343866232371,12.8241902890287,1.49043194650131,0.148570850790131,0.643410062483516,-4.90857854646157,"PPP1R3A",0.511017216847563,0.828066389652034,""
"ATPAF2",0.10127484570542,11.601640614736,1.24832729242726,0.223430086524203,0.730415663588198,-5.20574771826054,"ATPAF2",0.580119897578179,0.650858346298043,""
"CCDC47",0.101097692900257,10.5769835303314,0.525467698674228,0.605636004638379,0.900620030297938,-5.61085357176396,"CCDC47",0.715301746359945,0.217788314236239,""
"AP2M1",0.100996846686584,11.7490297217652,1.51091260235865,0.143298553054092,0.643410062483516,-4.88142249101979,"AP2M1",0.511017216847563,0.843758194835007,""
"CFL1",0.100962976778661,14.8966079708208,1.43459677333182,0.16374474222025,0.6573489099941,-4.98104992983813,"CFL1",0.522087903298172,0.785832636138573,""
"MRPL43",0.100866224038986,11.0995652663965,0.880675324532434,0.386848362452892,0.818774469693336,-5.56691872822943,"MRPL43",0.650297337771661,0.412459237191229,""
"NDUFAF6",0.10073519127236,12.9272587060095,1.16908000982163,0.25335418377423,0.738015311505687,-5.29308374310631,"NDUFAF6",0.586155785349076,0.596271919575168,""
"TMX4",0.100578014238705,13.9870845593562,1.48108266622687,0.151029314116625,0.643410062483516,-4.92087343086398,"TMX4",0.511017216847563,0.820938749902189,""
"COPG1",0.100467756689707,11.381667769048,1.05395737618164,0.301942553922502,0.765922483074501,-5.41081876422024,"COPG1",0.608320569483997,0.520075675875973,""
"ATOX1",0.100459510425763,12.5180507176693,1.22397988123632,0.232324820826474,0.730415663588198,-5.23311694714682,"ATOX1",0.580119897578179,0.63390438911441,""
"DDAH1",0.100384435832368,14.7411846365792,0.95794802030149,0.347225570353226,0.793743823328633,-5.50049982046893,"DDAH1",0.630417183594691,0.45938830004394,""
"SYNCRIP",0.100371026879998,14.1022211283349,1.42810464017739,0.165586818227935,0.658453806922978,-4.98932649393398,"SYNCRIP",0.522965448407303,0.780974238799495,""
"MYOF",0.100298626602191,10.4926075455935,0.630244374968548,0.53530101988041,0.875755824344665,-5.66841168404565,"MYOF",0.695553784575944,0.271401929177726,""
"VPS13A",0.10018584640439,10.0609615490256,0.555882379415243,0.584426364671237,0.894969068924469,-5.68466089439826,"VPS13A",0.710813568878796,0.233270200381539,""
"SMYD2",0.0999338798381846,13.1530422956285,1.18016090572647,0.248999954668869,0.738015311505687,-5.2811764637103,"SMYD2",0.586155785349076,0.60380073196877,""
"ARL6IP5",0.0999078598829524,14.4610980989046,0.815922172629155,0.422220292138129,0.829564941131428,-5.61854542855117,"ARL6IP5",0.658867481454964,0.374460898096484,""
"CYRIB",0.0998440675117518,12.6020572478152,0.989609885837763,0.331809071088018,0.78105482123591,-5.47179353984094,"CYRIB",0.62033916506174,0.479111745286882,""
"DBNL",0.0996945965115934,13.4399952666874,0.403875809834111,0.690018503641423,0.918852801282581,-5.82054497571674,"DBNL",0.729782806615713,0.161139262999532,""
"LMNA",0.0996774150023292,15.7079230257239,1.6753946450918,0.10627179697908,0.586690362677009,-4.6525155277243,"LMNA",0.465968584838808,0.973581975754149,""
"SOD2",0.0996536501670775,17.9307505699864,1.37418456738242,0.18153135097359,0.676238684260293,-5.05684305902543,"SOD2",0.537090776947876,0.741048360275016,""
"POR",0.0994524210843792,11.686683142391,0.757685405030491,0.455694171466347,0.846331229306039,-5.66179132825551,"POR",0.672183813323916,0.341326526204014,""
"LMOD2",0.099387393249275,12.03042366203,1.18545762561312,0.246938317084258,0.737991332242454,-5.27544951910109,"LMOD2",0.586136740237609,0.607411515952571,""
"MAPKAPK2",0.099258657316394,11.7480228743,0.731811605074164,0.471061405382841,0.854253232147717,-5.68002726163361,"MAPKAPK2",0.678475725869373,0.326922476563903,""
"SHOC2",0.0992481377631798,10.7713456348529,0.657260562177114,0.517800347555182,0.872718688010041,-5.67159825642619,"SHOC2",0.693141592029692,0.285837662396227,""
"HARS1",0.0991376866822318,12.1052871470832,1.47408715564157,0.152890255102577,0.644515371583444,-4.93003108414279,"HARS1",0.511895089316361,0.815620194705724,""
"PURA",0.098881839189966,15.2551491391363,1.41969828221241,0.167996559826949,0.661176055867668,-4.99999662365986,"PURA",0.525127547137796,0.774699611509079,""
"PELO",0.0988000498326098,11.7395526036001,0.800470299511138,0.430949901132944,0.830416196888213,-5.63031544074692,"PELO",0.659543576488322,0.365573214586718,""
"NUDT3",0.0983532704084862,11.2965191245909,0.906847006196114,0.373850402839961,0.808743347001421,-5.50634059541234,"NUDT3",0.642330293581999,0.427302147045982,""
"SNRPE",0.0977291477167785,12.4178855610715,0.808772623877821,0.426245729078996,0.829564941131428,-5.6240178411027,"SNRPE",0.658867481454964,0.370339959545996,""
"LETM1",0.0977122775853374,13.6090060517477,1.36628071553668,0.183967016231303,0.678083553416662,-5.06655483769305,"LETM1",0.538556032088737,0.735260035429638,""
"MEMO1",0.097648469973235,12.0445194739511,1.33573536398367,0.193621718110914,0.694550456264666,-5.10363741050364,"MEMO1",0.55163458238527,0.713045930463982,""
"PROB1",0.0976199768014663,13.7027540011118,0.936956238763295,0.357709249428549,0.797796599134494,-5.5190561796139,"PROB1",0.633636030071577,0.44646982998286,""
"HUWE1",0.0974895050333711,11.126960589031,1.49316756037677,0.147857660013372,0.643410062483516,-4.90496896506613,"HUWE1",0.511017216847563,0.830156171203034,""
"BRAWNIN",0.0973153157474584,11.8956165905033,0.650718641695535,0.521140709619313,0.87470464714308,-5.7332445299006,"BRAWNIN",0.694718905422991,0.283045000000649,""
"KNG1",0.0972946961582384,13.87309562184,0.936276388496749,0.358052277988082,0.797796599134494,-5.51965078428731,"KNG1",0.633636030071577,0.446053558875124,""
"NPEPL1",0.0972696488911549,14.5713508439779,1.50540196028566,0.144701963891758,0.643410062483516,-4.88875923517122,"NPEPL1",0.511017216847563,0.839525574606146,""
"LONP1",0.0972468439673833,14.2914880915816,1.6296690794339,0.11565835059815,0.596979816821689,-4.71804553395514,"LONP1",0.474140804277837,0.93682300545478,""
"CTNND1",0.0970972099076644,10.2772958762495,0.588361584299889,0.563559694904731,0.884369360901276,-5.62085557112039,"CTNND1",0.702394935709615,0.249060074658486,""
"VWA8",0.096702806624906,12.4547766389701,1.02679209160252,0.314312147099702,0.770372909558092,-5.43698832675928,"VWA8",0.611855243074042,0.502638834647607,""
"VAPA",0.0965045846202397,14.932596939197,1.52210748093317,0.140481623421381,0.643410062483516,-4.86645019048096,"VAPA",0.511017216847563,0.85238048265328,""
"ACTB",0.0964542592038136,17.4937341072022,1.60696465721242,0.120570208144891,0.611100497438891,-4.75004865030928,"ACTB",0.485355908501018,0.918759989348735,""
"TIMMDC1",0.0963661814739201,10.5750781046652,0.711702602732562,0.483481567156827,0.85788743604369,-5.67494805008598,"TIMMDC1",0.681362128909462,0.315620078839874,""
"TOMM70",0.0963079745538451,13.866415168089,1.13418837768472,0.267431567092246,0.744303732226725,-5.32992312356479,"TOMM70",0.591150253795572,0.572787330788229,""
"FKBP1A",0.0962967779831487,13.3810398681919,1.16490472489583,0.255009366717531,0.738320170506448,-5.29754450217873,"FKBP1A",0.586397914291696,0.593443867256133,""
"STUB1",0.0961812767776529,12.6612359670802,1.23479929169054,0.22833981250884,0.730415663588198,-5.22101308131197,"STUB1",0.580119897578179,0.641418359883088,""
"EIF4G1",0.0960618848639978,12.9847384335983,1.48061592168018,0.151152904759797,0.643410062483516,-4.92148555228889,"EIF4G1",0.511017216847563,0.820583502412532,""
"RDH14",0.0960591613058597,11.5748574895212,0.888148452553253,0.382892892209267,0.818661689937397,-5.56072268443251,"RDH14",0.650207764418123,0.41692269555606,""
"DNAJC11",0.0958708604297556,11.546586255951,0.756390024832658,0.456745960397038,0.846505404092391,-5.64395583662198,"DNAJC11",0.672322148609229,0.340325284993561,""
"TMOD1",0.0958124504943552,13.1629991457863,1.05874379678569,0.299799151634836,0.765224690924722,-5.40614335542784,"TMOD1",0.607766360243094,0.523169600443145,""
"DCTN2",0.0957507475051855,13.9056319217064,2.35436088416712,0.0266815754569817,0.365305951905556,-3.52812432227635,"DCTN2",0.290137878975758,1.57378853037494,""
"STIM1",0.0957206904088608,12.566449060541,1.43092708272791,0.164783956963104,0.6573489099941,-4.98573213883626,"STIM1",0.522087903298172,0.783085072624049,""
"SERPINA3",0.095612375795346,14.8958975630844,0.870196494530975,0.392439090529241,0.818774469693336,-5.57552426925585,"SERPINA3",0.650297337771661,0.406227739427682,""
"RBM20",0.0956052186096841,10.2700452476475,0.585061413302608,0.56443260187432,0.884369360901276,-5.71406857078552,"RBM20",0.702394935709615,0.248387909153694,""
"HNRNPD",0.0952320925202876,13.0402793924309,1.40663994935955,0.171795103288741,0.666311266334061,-5.01646636992524,"HNRNPD",0.529206098459069,0.764989219113546,""
"PPA2",0.0951348431298928,14.7375101361751,1.15223354759073,0.2600813167271,0.740430621567075,-5.31099497828008,"PPA2",0.588074103226528,0.584890844781285,""
"CFHR1",0.0950414076335857,10.3649647463807,0.434811602209117,0.667915347414284,0.912476156328631,-5.78705059449041,"CFHR1",0.724718267611436,0.175278577165964,""
"LRRC47",0.0949703223039116,12.8775441647305,1.03065479471714,0.312532019151048,0.768251570236418,-5.43330522351623,"LRRC47",0.610170406327835,0.505105482229462,""
"SNX12",0.0946707832131448,10.9742166578424,0.471932135523707,0.642057951341099,0.904737107459254,-5.7276989471562,"SNX12",0.718571663066566,0.192425771289698,""
"ABCF1",0.0946701373472543,13.6248399420311,1.14357266901208,0.263590407366408,0.740430621567075,-5.32011297617743,"ABCF1",0.588074103226528,0.579070398720063,""
"MYOZ3",0.094543102241774,16.0132672493419,1.46893971179107,0.154271354753289,0.645414278967146,-4.93674652337226,"MYOZ3",0.512609030823042,0.811714706649016,""
"MOB4",0.0944431058001509,12.5762468273293,1.1987170261045,0.241833033902383,0.734270730032918,-5.26101355846512,"MOB4",0.583181716844324,0.616484375676947,""
"FLAD1",0.0944353066931551,10.7383197933572,0.85832834480556,0.399529670821156,0.818774469693336,-5.54904353494467,"FLAD1",0.650297337771661,0.39845096254421,""
"DYRK1A",0.0944146766800422,10.4020054284426,0.517205236302407,0.610150775362945,0.90215208485935,-5.74060413885421,"DYRK1A",0.716518553966294,0.214562832502479,""
"AP2B1",0.0942967673534802,11.6604841142191,1.56717466560805,0.129595330516058,0.633650638152493,-4.80526578168181,"AP2B1",0.503265964340844,0.88741064636391,""
"FLNB",0.0942164853570162,13.5943285561535,1.50680295542658,0.144344113839987,0.643410062483516,-4.88689607006229,"FLNB",0.511017216847563,0.840600921370614,""
"IDE",0.0940578301550481,12.54441557287,0.953552054579785,0.349403667163277,0.79493407940424,-5.50441727756972,"IDE",0.63136252371689,0.456672541195052,""
"C1QBP",0.0938651168401243,17.081843836479,1.55779359076264,0.131802338794543,0.636349414590243,-4.81812125363773,"C1QBP",0.505409420442213,0.880076883243129,""
"EPHX1",0.0937685773267756,15.1406520579063,0.806523993502611,0.427516677160037,0.829564941131428,-5.62572957523667,"EPHX1",0.658867481454964,0.36904693904737,""
"ENO3",0.0936851164842132,18.4299090908945,1.15683235984373,0.258232030941313,0.740430621567075,-5.3061284899831,"ENO3",0.588074103226528,0.58798988910957,""
"PRXL2A",0.0936647641338499,13.4847505189551,0.708673966491712,0.485057011489568,0.85788743604369,-5.69582181052262,"PRXL2A",0.681362128909462,0.314207213314872,""
"MPDU1",0.0936007528329696,10.430835972219,0.692371698763168,0.498568698018092,0.867167590913879,-5.48585198264436,"MPDU1",0.688732730008509,0.302274991585867,""
"ATIC",0.0934454996308336,14.5502854062975,1.19432675544643,0.243514633857237,0.736373996191411,-5.26580913045077,"ATIC",0.584852199295988,0.613474935014106,""
"SND1",0.0934436775334024,12.0612604291361,1.50529448335375,0.144729446000275,0.643410062483516,-4.88890210849609,"SND1",0.511017216847563,0.839443100294737,""
"PRKDC",0.0931972361802256,11.5534702102725,1.83481820337898,0.0784118281617288,0.534203805604195,-4.4131429546067,"PRKDC",0.42428205259259,1.10561842050551,""
"ERP29",0.092971232606585,13.0205899308667,1.05395094080284,0.301945443007189,0.765922483074501,-5.41082503737978,"ERP29",0.608320569483997,0.520071520424818,""
"STBD1",0.0926414808401539,15.1346443859454,1.38376128949693,0.17861425719269,0.673905497938301,-5.045012009575,"STBD1",0.535237684417664,0.748083878185506,""
"CTBP1",0.0925957819902585,12.022805725591,1.31182063580063,0.201452491236049,0.699579083641077,-5.1321680101193,"CTBP1",0.555628481946831,0.695827357596132,""
"KTN1",0.0925278583719571,12.3422952945929,1.82334458544415,0.0801826618961531,0.542412124591624,-4.43092016037436,"KTN1",0.430801366741582,1.09591953018052,""
"SCFD1",0.0921749290774052,13.0519845738311,1.32513359843566,0.197063496520013,0.697730975979111,-5.11634014892668,"SCFD1",0.554160654679401,0.705393815741582,""
"KCTD12",0.0918044252904568,13.2348577790275,1.12681270299831,0.270479089894029,0.746862677076267,-5.33758268583684,"KCTD12",0.593182651097584,0.567866303550576,""
"SPG7",0.0915433838863873,12.5082554670474,1.34902340907516,0.189374184971195,0.688246045954528,-5.08759356385165,"SPG7",0.546627414486596,0.72267922326662,""
"PIN4",0.0911305113164342,11.2272374081134,0.935991643025658,0.358196015755765,0.797796599134494,-5.51989970689811,"PIN4",0.633636030071577,0.445879249153959,""
"HSPA5",0.0910579252554449,15.9769452005414,1.34756678200657,0.189836213718936,0.688246045954528,-5.08935891270494,"HSPA5",0.546627414486596,0.721620936702703,""
"ADA",0.0909613111526308,11.7683262889045,0.582490628197049,0.566132152737645,0.884581488652571,-5.71280965429931,"ADA",0.702563414475185,0.247082179225982,""
"SURF1",0.0908771820123189,13.1028200660526,0.931056522486507,0.36069334937257,0.798930512432998,-5.52420279292987,"SURF1",0.634536620926049,0.442861865326278,""
"SUMO2",0.0908034878286941,11.9279012871073,0.689094769782726,0.497934940851612,0.867167590913879,-5.65136832450267,"SUMO2",0.688732730008509,0.302827397551368,""
"DNAH10",0.0907777822226148,13.6791381149248,0.526123338228807,0.603420568638652,0.900552879564068,-5.80322389298078,"DNAH10",0.715248413061117,0.219379890226626,""
"EZR",0.0906796592616796,11.8944534304972,0.994756096487176,0.329348309450185,0.779752944969382,-5.46704655298332,"EZR",0.619305172550287,0.48234456145684,""
"CDC42",0.090566752735004,14.004643051175,1.47116695522471,0.15367253864012,0.645273024447104,-4.9338432167726,"CDC42",0.512496841884901,0.813403734208892,""
"UQCRQ",0.0905146297043089,16.119128058495,0.847992532103651,0.404456159930471,0.819643357777913,-5.59343941755974,"UQCRQ",0.650987436973745,0.393128545824555,""
"ANXA5",0.0904425584559636,15.6960169924708,1.0946484967837,0.284063842687815,0.759705625792994,-5.37045961738956,"ANXA5",0.603382939050815,0.546584042308391,""
"MRPL46",0.0904201963481768,11.8886850158854,1.06135838845927,0.298632869095887,0.765224690924722,-5.40358127689702,"MRPL46",0.607766360243094,0.524862393257487,""
"DCTN4",0.0903822753685795,12.5552975134085,1.02178430009103,0.316630498945511,0.771243177174589,-5.44174446236998,"DCTN4",0.612546437945284,0.499447254711213,""
"ATPAF1",0.0903685551467994,11.8487250891282,0.931729465811838,0.360352137087214,0.798930512432998,-5.52361727601171,"ATPAF1",0.634536620926049,0.443272897990741,""
"HNRNPA3",0.090324836114771,13.8358033193855,1.36641044937721,0.183926831025633,0.678083553416662,-5.06639581337492,"HNRNPA3",0.538556032088737,0.735354911782023,""
"NBAS",0.0902087966337728,11.2045981046522,0.6224243078512,0.540331423967253,0.877656973958109,-5.66814922427939,"NBAS",0.697063739487938,0.267339774532377,""
"HOMER1",0.0901843788934844,13.7042898405936,1.28720318285655,0.209766945653874,0.712452499586232,-5.16107209413427,"HOMER1",0.565852967964693,0.678262945365991,""
"SETD3",0.090148160710438,10.2723229942521,0.458760159330954,0.650693525660315,0.908278490873771,-5.79786456689141,"SETD3",0.721384345058655,0.186623514434098,""
"HSPB3",0.0901173097376695,14.9766779355931,0.979280898956249,0.336786027719926,0.784654193932932,-5.48125287172794,"HSPB3",0.623197904029746,0.472645934423004,""
"RPL13",0.0900035077722148,11.7169114832482,0.657635302899461,0.517272423307165,0.872718688010041,-5.68811826665522,"RPL13",0.693141592029692,0.28628067396819,""
"CNDP2",0.0899949570722853,13.2520795396655,1.55341501674455,0.132842973860579,0.636796160704341,-4.82410007392098,"CNDP2",0.505764240749161,0.87666141072509,""
"NDRG3",0.0899733079350558,10.5411292169225,0.851908397581628,0.403830405376485,0.819643357777913,-5.51455163895958,"NDRG3",0.650987436973745,0.393800985070188,""
"ARPC3",0.0893599434036609,12.8082232870503,1.39278724331597,0.175898903031059,0.669192559619041,-5.03379763656327,"ARPC3",0.531494515382064,0.754736868950972,""
"PSMD7",0.0893263839155285,13.2112544581731,1.50966784879307,0.143614586139041,0.643410062483516,-4.88308165282233,"PSMD7",0.511017216847563,0.842801448965602,""
"LAMC1",0.0892949004232939,13.4755171326613,0.980704847324352,0.336096896100161,0.784654193932932,-5.47995424372666,"LAMC1",0.623197904029746,0.473535498279696,""
"CRBN",0.0892458940588838,10.4533794542154,0.645276530384388,0.527836901686754,0.875755824344665,-5.5318453782771,"CRBN",0.695553784575944,0.277500251026329,""
"NUDT19",0.089216166309404,12.7556637046183,0.729021777159066,0.472736310381571,0.854253232147717,-5.68195741651506,"NUDT19",0.678475725869373,0.325381038711003,""
"CAPNS1",0.089191456095234,13.3004830653079,0.998823255284023,0.327412410676855,0.779317609553039,-5.4632789072085,"CAPNS1",0.618959414990953,0.484904862534582,""
"DSP",0.0889448720957624,12.2604711944653,0.237672114325587,0.814144306310613,0.954616477456947,-5.88996296812199,"DSP",0.758187482464765,0.0892986100004196,""
"MTARC2",0.0886731543481858,13.2244692956882,0.73603423186321,0.468532920793829,0.854253232147717,-5.67709242373503,"MTARC2",0.678475725869373,0.329259888625087,""
"SIRT3",0.0885782537266131,12.6455525717284,0.997333143951973,0.32812076727318,0.779317609553039,-5.46466092279664,"SIRT3",0.618959414990953,0.483966281571516,""
"SCARB2",0.088384180336389,11.9619798894024,1.07810465052493,0.291239118532087,0.760077485003729,-5.38703548005247,"SCARB2",0.603678281741284,0.535750292059495,""
"PAK2",0.0883785738820642,12.1361039605762,0.994156831037132,0.329634213257156,0.779752944969382,-5.46760049371374,"PAK2",0.619305172550287,0.481967718523272,""
"SORBS1",0.087551397663324,14.071733317451,1.64243571479756,0.112970451718442,0.593938340243628,-4.69989363409358,"SORBS1",0.471725164568958,0.947035134691126,""
"DHX9",0.0874136194718727,13.1669773727102,1.4124575396912,0.170094481309581,0.66353003224565,-5.00914479286378,"DHX9",0.526997151807263,0.769309776779418,""
"THAP4",0.0873251551558418,12.3562637466838,1.49057381843622,0.148533795562015,0.643410062483516,-4.9083914839025,"THAP4",0.511017216847563,0.828174721052282,""
"ATP5MG",0.0871986503786957,15.8311149338252,0.610920233085705,0.546745260636856,0.88121654778001,-5.75715956192348,"ATP5MG",0.699890868893732,0.262214972877764,""
"LUM",0.0871231123837699,15.354604125535,0.777366500742517,0.444207808711881,0.837860129115367,-5.64751625508978,"LUM",0.665455789788871,0.352413811274548,""
"DDX17",0.0869626815650157,13.0186722722487,1.4583916465101,0.15713288349043,0.649076206946818,-4.9504467289698,"DDX17",0.51551745323292,0.803732919835794,""
"CKAP5",0.0869572542709243,9.0650486990055,0.535722860278421,0.597500718739709,0.897725275048314,-5.73133766647878,"CKAP5",0.713002637506397,0.223661567962248,""
"RPRD1B",0.0868503940254524,11.8266168860914,0.789418872562843,0.437565100667571,0.834448461447684,-5.61989772699638,"RPRD1B",0.662746132265613,0.358957323767656,""
"PDHX",0.0868187054314653,14.6368764108413,1.51229447213407,0.142948370195343,0.643410062483516,-4.87957924901362,"PDHX",0.511017216847563,0.844820791821937,""
"DLAT",0.0867159628630105,17.5674543374214,1.48668504244437,0.149552209061062,0.643410062483516,-4.91351363417863,"DLAT",0.511017216847563,0.825207167547783,""
"CYGB",0.0866645262478176,12.1682300848819,0.963351238934048,0.344560982210541,0.791840560647561,-5.49566193767795,"CYGB",0.628905550415599,0.462733903237533,""
"TGM2",0.086529190587127,12.9200134747028,1.00252687993758,0.325656376146034,0.778920200848459,-5.45983574756794,"TGM2",0.618643780060748,0.487240414195167,""
"UQCC2",0.0862761989986129,11.5125538500523,0.747660259894664,0.461612641950106,0.849095550611999,-5.66892877228369,"UQCC2",0.67437932729333,0.335722305887874,""
"SEC22B",0.0862435239978208,13.4976727324631,0.959356163922028,0.346529810205759,0.793414422291656,-5.49924143300349,"SEC22B",0.63015556256798,0.460259399288848,""
"FAM120A",0.0860868795519139,10.4674940207807,0.852577197819561,0.401955920505892,0.818774469693336,-5.58977593520438,"FAM120A",0.650297337771661,0.395821570126174,""
"SVIL",0.0860558335243855,12.6049465570555,1.00331849828199,0.32528188274796,0.778731018016849,-5.45909828455815,"SVIL",0.618493524897328,0.487740124980374,""
"HNRNPM",0.0859941784441229,13.8090892620843,1.48961384827623,0.148784674192159,0.643410062483516,-4.909656947685,"HNRNPM",0.511017216847563,0.82744180169717,""
"TPPP3",0.085906760951314,11.5992514711518,0.610050147318463,0.547312339151206,0.88121654778001,-5.75766609101285,"TPPP3",0.699890868893732,0.261764760582377,""
"SUCLA2",0.085901797032907,17.7291138004941,1.31977648569997,0.198820614651623,0.699579083641077,-5.12272579564449,"SUCLA2",0.555628481946831,0.701538587920121,""
"RPS20",0.0853908595354333,13.1099200235735,0.776197184167973,0.444885317955905,0.837860129115367,-5.64837410321528,"RPS20",0.665455789788871,0.35175192654224,""
"CMPK1",0.0852665566765864,12.9473422838346,1.16674138587769,0.254280290327511,0.738015311505687,-5.29558401360332,"CMPK1",0.586155785349076,0.594687301380467,""
"TPMT",0.0851709662662063,11.5061976110311,0.864736686339165,0.395372531635077,0.818774469693336,-5.57996977498683,"TPMT",0.650297337771661,0.402993506427752,""
"UBAP2",0.085013971504571,14.0627454800763,1.20780722146822,0.23837880565084,0.732916502519546,-5.2510347671957,"UBAP2",0.582106145268413,0.622732360500875,""
"MYH9",0.0849195332037631,14.3717112621821,1.37838611250391,0.180246964366262,0.675073271918357,-5.05166107251827,"MYH9",0.536165168527708,0.744132040728272,""
"FLII",0.0846705248525428,12.8792854825863,1.03500539114832,0.310535494358677,0.768251570236418,-5.42914179535806,"FLII",0.610170406327835,0.507888752578842,""
"MARCKS",0.0846136859499289,10.9693943241303,0.447804443737282,0.658135387359913,0.908883105040333,-5.83979855001773,"MARCKS",0.721864549312021,0.181684756940537,""
"FH",0.0844547435965364,15.396695438428,1.17552676865422,0.250814140134033,0.738015311505687,-5.28616834019639,"FH",0.586155785349076,0.60064798295665,""
"PPP5C",0.08444658943937,13.7755086782019,1.51745541087661,0.141646677841068,0.643410062483516,-4.87268298130323,"PPP5C",0.511017216847563,0.848793606898657,""
"MRPS7",0.0844291741421159,12.1969644578821,0.82815154651882,0.415389752404346,0.825895946170466,-5.60907939816586,"MRPS7",0.65595344621849,0.381544221640932,""
"TAGLN2",0.0844256005474051,13.796563231845,0.823786956187808,0.417819550283139,0.829007044212577,-5.61247302033196,"TAGLN2",0.658424381560538,0.379011242715113,""
"SYNRG",0.0844091971881742,15.5785263160777,0.419917010068876,0.678118733711596,0.914442476276191,-5.85142632983086,"SYNRG",0.726279982924304,0.168694257635689,""
"CCDC124",0.0843719530203852,11.5129677827773,0.791605717604819,0.436007760751001,0.832898621217395,-5.63697160118021,"CCDC124",0.661515198702057,0.360505780407242,""
"NID1",0.0840471105360514,14.5644636535543,1.11262203856475,0.276413323442301,0.752545743273309,-5.35219335923817,"NID1",0.597696327274738,0.558441027296335,""
"C8orf82",0.0837284210390621,11.9455562255079,1.00701716945768,0.323536079225499,0.776432577440157,-5.45564556842738,"C8orf82",0.616668028569128,0.490077281811832,""
"G3BP2",0.0837016572054097,13.2140465254013,1.05884988324758,0.299751767360818,0.765224690924722,-5.40603951139565,"G3BP2",0.607766360243094,0.52323824758595,""
"C11orf68",0.0836924010985172,12.5819169169633,0.8192401494583,0.420360213098932,0.829564941131428,-5.61599032245133,"C11orf68",0.658867481454964,0.376378396471806,""
"MRPS18B",0.0835865563576039,12.0950185363495,0.829771215847131,0.415160959321931,0.825895946170466,-5.57158918221299,"MRPS18B",0.65595344621849,0.381783493185224,""
"NDUFS7",0.08312779912462,15.919061965508,0.90818986514448,0.372415437397516,0.80807123208895,-5.54386483256864,"NDUFS7",0.641796478038849,0.428972324904446,""
"ADHFE1",0.0830671865335031,15.6518180889109,0.620913475037962,0.540254366449009,0.877656973958109,-5.75129178200745,"ADHFE1",0.697063739487938,0.26740171437152,""
"ATP6V1F",0.0830408876435254,10.2660602610662,0.52316308465724,0.605843178642161,0.900620030297938,-5.76355271373575,"ATP6V1F",0.715301746359945,0.217639777589873,""
"NOS1",0.082967371886653,12.0566336435508,1.01771799406006,0.31852172533557,0.771243177174589,-5.44559077965008,"NOS1",0.612546437945284,0.496860940497936,""
"ESYT1",0.0827769512480039,13.3777363193034,1.17241678787603,0.252037119853347,0.738015311505687,-5.28950861897635,"ESYT1",0.586155785349076,0.598535491915764,""
"COPE",0.082706187922355,12.1169222692726,0.831828859796166,0.413671876158432,0.824936561011967,-5.5875829429861,"COPE",0.655191471294305,0.383344003988181,""
"PRDX3",0.0825553364734652,18.3065973503291,1.23831790851231,0.227055020856239,0.730415663588198,-5.21705660249939,"PRDX3",0.580119897578179,0.643868890124829,""
"TACO1",0.0824437606826383,13.8443672757649,0.86396779963912,0.395786764878421,0.818774469693336,-5.58059371271555,"TACO1",0.650297337771661,0.402538732707626,""
"FUNDC2",0.082401118750516,12.8906759392768,1.05780473552999,0.300218821053277,0.765224690924722,-5.40706215487263,"FUNDC2",0.607766360243094,0.522562084833049,""
"NCLN",0.0823423728096202,12.1947016560333,0.883768526401205,0.385207956501801,0.818774469693336,-5.56436006408789,"NCLN",0.650297337771661,0.414304751066868,""
"TMX2",0.0823414897300143,11.370207079216,0.511103028382623,0.614847145421356,0.903544473644998,-5.70942244173981,"TMX2",0.717624434466927,0.211232838941765,""
"SPCS2",0.0821123424773837,13.2636180910782,0.707877330681005,0.485543105128053,0.85788743604369,-5.69635697077995,"SPCS2",0.681362128909462,0.313772208622583,""
"OBSCN",0.0820888749747795,15.6492174807736,0.779294954299636,0.443091816398787,0.837860129115367,-5.64609880085289,"OBSCN",0.665455789788871,0.35350627101481,""
"RAP1A",0.0819835667630748,13.0358600241201,1.48752573834417,0.149331565700453,0.643410062483516,-4.91240723725372,"RAP1A",0.511017216847563,0.825848381420734,""
"MAVS",0.0818880430165194,11.6704382063159,0.678043937900629,0.503946911923267,0.870936730613406,-5.71598237091323,"MAVS",0.691726303456407,0.297615211715472,""
"RFTN1",0.0818124329073111,10.6096152600522,0.80394689087523,0.428976156602019,0.829564941131428,-5.62768580907695,"RFTN1",0.658867481454964,0.367566846146151,""
"LAP3",0.0816493015647506,15.521512786807,1.16581616787616,0.254647370091701,0.738015311505687,-5.29657195330227,"LAP3",0.586155785349076,0.594060804705003,""
"ARF5",0.0816402506090661,10.8740128949631,0.78200757811466,0.441524906557784,0.837149243358635,-5.64409932150433,"ARF5",0.664891181179084,0.355044792708125,""
"PPP1CB",0.081618699805432,14.9615381812705,1.80772441492251,0.0826487756536563,0.552593558149446,-4.4549877329215,"PPP1CB",0.438887792714085,1.08276357561703,""
"VPS36",0.0813321419004218,11.8178606850335,0.478409519961078,0.636670126532371,0.904737107459254,-5.80709688003033,"VPS36",0.718571663066566,0.196085527372719,""
"TUBA1B",0.0812570006836761,14.9054072715494,0.594952008156286,0.557201449245605,0.884369360901276,-5.76634417836493,"TUBA1B",0.702394935709615,0.253987762674222,""
"HNRNPC",0.0811408594140719,11.7060051217484,0.876853779664527,0.388881260402037,0.818774469693336,-5.57006827465759,"HNRNPC",0.650297337771661,0.410182984340522,""
"TBC1D4",0.0809912302685696,11.3399529271507,1.51733159656942,0.141677792863389,0.643410062483516,-4.87284865278345,"TBC1D4",0.511017216847563,0.848698217449808,""
"PHB2",0.0809173511132606,15.6062722478225,1.18810816537044,0.245911422241764,0.737991332242454,-5.27257515642415,"PHB2",0.586136740237609,0.609221298421264,""
"NAA50",0.0807691326250364,11.3048043588917,1.14813271969111,0.261738535221361,0.740430621567075,-5.31531990527276,"NAA50",0.588074103226528,0.582132332377471,""
"HNRNPA1",0.0805129589459526,14.5402138004553,1.01789119244619,0.318441011633499,0.771243177174589,-5.44542723748737,"HNRNPA1",0.612546437945284,0.496971005070246,""
"MCU",0.0799764135921546,13.3542099399906,0.713296591750214,0.48224188857164,0.85788743604369,-5.69270506638194,"MCU",0.681362128909462,0.316735068563712,""
"CLIC5",0.0799743997388074,13.5063254339609,1.01468213433081,0.319938800550479,0.772887194739961,-5.44845324640795,"CLIC5",0.613852170214162,0.494933087696034,""
"B3GLCT",0.079903715100011,10.4196120051952,0.659577531846167,0.517011391735573,0.872718688010041,-5.62527545350098,"B3GLCT",0.693141592029692,0.286499887634503,""
"PEA15",0.0797175875249714,12.8725954307547,0.949646921792799,0.351346268682732,0.795370490128231,-5.50788334633773,"PEA15",0.631709135320562,0.454264654334261,""
"PDAP1",0.0795399964869326,13.4000283501766,0.804310396714935,0.428770107947934,0.829564941131428,-5.6274102369604,"PDAP1",0.658867481454964,0.367775499448165,""
"EIF4H",0.0795316182349293,12.9385319677042,1.12378197966344,0.271738634762746,0.746862677076267,-5.34071707065793,"EIF4H",0.593182651097584,0.565848610859119,""
"DCXR",0.079159825229544,13.1706881622723,0.649402912785154,0.521976618298836,0.87470464714308,-5.73405844469391,"DCXR",0.694718905422991,0.282348950582457,""
"TMEM43",0.0790796302188195,13.4831967828071,0.997270766844526,0.328150442555079,0.779317609553039,-5.46471873362206,"TMEM43",0.618959414990953,0.483927005702048,""
"CDC37L1",0.0789611442848006,11.831422100141,0.434565611655231,0.668091237938006,0.912476156328631,-5.78443614411989,"CDC37L1",0.724718267611436,0.175164224010597,""
"TIMM8A",0.0788611620829283,14.6498870191409,1.06072859252029,0.298913506024189,0.765224690924722,-5.40419894829759,"TIMM8A",0.607766360243094,0.524454461477075,""
"MAGT1",0.0785757582739777,12.2651385465458,0.674630183791133,0.507235664738536,0.870936730613406,-5.63868309176167,"MAGT1",0.691726303456407,0.294790217952426,""
"TUFM",0.0783093046090109,16.8365012337526,1.3948884655487,0.175271481905258,0.668991805279447,-5.0311781009624,"TUFM",0.531335069750309,0.75628874140031,""
"TPPP",0.077820045175045,11.2491792997603,0.667067007014537,0.511634460721377,0.871415328539076,-5.66546405826873,"TPPP",0.692106421508992,0.291040211657984,""
"SDR39U1",0.0777896434825411,11.8529437363555,0.862836100363707,0.396396966930475,0.818774469693336,-5.58151111902216,"SDR39U1",0.650297337771661,0.401869677220055,""
"CAMK2G",0.0777110639999297,15.7259949959974,1.20248526875382,0.240396612826411,0.732916502519546,-5.25688503691388,"CAMK2G",0.582106145268413,0.619071655808908,""
"LYPLAL1",0.0774044860311935,13.9821970160744,1.15616338824064,0.258500437003315,0.740430621567075,-5.3068374738043,"LYPLAL1",0.588074103226528,0.587538718380607,""
"EEF1B2",0.0773825671859996,14.704418041273,1.16908074549301,0.253353892837199,0.738015311505687,-5.29308295588444,"EEF1B2",0.586155785349076,0.596272418293674,""
"DCAF6",0.0773787621242263,11.943525807725,1.26484977060611,0.217542726726635,0.724737847264829,-5.18690615499721,"DCAF6",0.575610391021598,0.662455432230108,""
"CDH13",0.0772278750118325,14.1817120972381,0.943355973574255,0.354490925683796,0.797353620573719,-5.51343928575592,"CDH13",0.633284202078125,0.450394877479206,""
"SAA1",0.0771419745282351,10.720899938139,0.196945805269465,0.845950435089825,0.961868985684266,-5.78530303118433,"SAA1",0.763947660593132,0.0726550818753718,""
"JPH2",0.0770714882754273,13.7023858000415,1.07273870651781,0.293593932845763,0.761807361851597,-5.39236274939092,"JPH2",0.605052206247336,0.532252923411387,""
"AP1B1",0.0768853731869097,12.4492868756497,0.8834195367478,0.385392808881268,0.818774469693336,-5.56464916470575,"AP1B1",0.650297337771661,0.414096393189442,""
"IGHV3-9",0.0767258013131595,11.325759026685,0.453296806054798,0.65422947296629,0.908278490873771,-5.83742185631781,"IGHV3-9",0.721384345058655,0.184269894851357,""
"SH3GLB2",0.076710198523239,11.7073687120531,0.501598567192792,0.620321143661204,0.903544473644998,-5.81529645904395,"SH3GLB2",0.717624434466927,0.207383415644816,""
"NEU3",0.0766780964024711,11.7680336286508,0.331785175248662,0.742919514130201,0.9359150655925,-5.86413314916778,"NEU3",0.743334212366375,0.129058233968224,""
"WARS1",0.0766680015865671,15.0290345507777,1.13174552003102,0.26843813645783,0.744900068115223,-5.33246496551816,"WARS1",0.591623883171012,0.571155784789773,""
"ATP2A1",0.0765295235653021,16.8186817958641,0.463487317988723,0.647009056104929,0.906064800926289,-5.83293675293665,"ATP2A1",0.719626160439099,0.18908964052315,""
"MAPK1",0.0765225798227895,13.4179101248798,1.29496099386516,0.207118784106731,0.708045783955828,-5.15201453996982,"MAPK1",0.562353010957189,0.683780512096588,""
"IFITM3",0.0764930961708838,10.2180546438407,0.676045872257146,0.506354333725239,0.870936730613406,-5.64020376114892,"IFITM3",0.691726303456407,0.295545468680723,""
"HNRNPU",0.0763168181887561,13.4147325633433,1.04586316587074,0.305591780151266,0.766661883903223,-5.41868139549348,"HNRNPU",0.608907825692223,0.514858331650529,""
"SH3GLB1",0.076259948250506,13.2765065033883,1.35243195311621,0.188296461187678,0.686357750381527,-5.0834562331123,"SH3GLB1",0.545127668671965,0.725157841964778,""
"PPP2R5D",0.0761073490365245,12.7747363832331,0.918431645579856,0.367134557004305,0.803019317122142,-5.53511460893105,"PPP2R5D",0.637784082714903,0.435174735054883,""
"ECI2",0.0760749973380683,15.334688279635,0.83766604606252,0.410123735078086,0.824936561011967,-5.60162295428657,"ECI2",0.655191471294305,0.38708509607424,""
"FKBP7",0.0760709519783251,11.0578228914148,0.788677674426817,0.437686358213255,0.834448461447684,-5.63915475023897,"FKBP7",0.662746132265613,0.358836989244857,""
"CCT4",0.0760649472942969,12.6960000450088,1.08367696151729,0.288808029401859,0.760077485003729,-5.38147787127696,"CCT4",0.603678281741284,0.539390736737975,""
"SUPV3L1",0.0760294024658457,11.3386579234904,0.592177186775697,0.559028921664951,0.884369360901276,-5.76791613926557,"SUPV3L1",0.702394935709615,0.252565723071399,""
"CRK",0.0760236132255656,11.237055039169,0.656831577264293,0.517266647504166,0.872718688010041,-5.72944221146291,"CRK",0.693141592029692,0.286285523276335,""
"SNX3",0.0759849964298382,12.6002003005436,1.08321281665329,0.289009971282267,0.760077485003729,-5.38194178092723,"SNX3",0.603678281741284,0.539087173166769,""
"NPTN",0.0757645525708153,11.1415135646403,0.307422051799606,0.761535796355992,0.940361508934772,-5.79215931918975,"NPTN",0.746865722415918,0.118309677627352,""
"EHD4",0.0755050963058519,11.768407526448,0.91386346493989,0.36948386654432,0.804137862463982,-5.53902879217751,"EHD4",0.638672467837913,0.43240452025629,""
"S100A4",0.0754637822924824,13.1503024430184,0.582013020244759,0.565749204640639,0.88446381910921,-5.77361329240581,"S100A4",0.702469957493298,0.247376047926348,""
"UBAC1",0.075211043057136,13.2513485659174,1.19864336966421,0.241861174787378,0.734270730032918,-5.26109414303747,"UBAC1",0.583181716844324,0.616433841968405,""
"RBMX",0.0750888436226109,10.9271515953941,0.516118537251896,0.610288609459601,0.90215208485935,-5.80821688342522,"RBMX",0.716518553966294,0.214464735720952,""
"ACOT13",0.074910036999027,13.3436946405445,0.549323700576567,0.587637621910376,0.896235283163374,-5.79128555123671,"ACOT13",0.711819237446988,0.230890407461369,""
"RPL24",0.0747370924518638,13.3813209777795,0.753329025856743,0.458548696106691,0.84779903621012,-5.6461360389493,"RPL24",0.673349593349329,0.338614537142391,""
"SARS2",0.0746148772109354,12.937174077828,0.9749132329445,0.338905803962191,0.786403701687893,-5.48522529759398,"SARS2",0.624587420041265,0.469920993549258,""
"ADSS1",0.0745530396268439,15.2228284211113,0.866269826164306,0.394547391356393,0.818774469693336,-5.57872410558672,"ADSS1",0.650297337771661,0.403900823713313,""
"MFN2",0.0744269275911034,11.8410001559796,0.850368721148934,0.403159079637705,0.819139472762122,-5.59154298723866,"MFN2",0.650587235091003,0.394523554909278,""
"PPP6R3",0.0743844645208434,10.9288566930646,0.854518000988378,0.400900475737739,0.818774469693336,-5.58821949927217,"PPP6R3",0.650297337771661,0.396963428383671,""
"LMAN2",0.074289328185202,10.4917038913864,1.05928552434508,0.299971202295782,0.765224690924722,-5.38757880174342,"LMAN2",0.607766360243094,0.522920436228153,""
"RPL10",0.0741820614713458,11.8594187181514,0.639888063511571,0.52804329092297,0.875755824344665,-5.73989704339897,"RPL10",0.695553784575944,0.277330470954344,""
"SNAP23",0.0740521460029839,10.6665342864425,0.609874208224168,0.547427044986121,0.88121654778001,-5.75776843070174,"SNAP23",0.699890868893732,0.261673750590319,""
"MIA3",0.0739779595654664,9.99601123129768,0.457338974184188,0.651523399970193,0.908278490873771,-5.8165427227027,"MIA3",0.721384345058655,0.186069981646818,""
"SIAE",0.0739477792378587,12.3632970472887,0.507525585422298,0.616216677092263,0.903544473644998,-5.81243046154818,"SIAE",0.717624434466927,0.210266552252225,""
"RPS13",0.073923208181963,12.4228619367822,0.517261823731356,0.609501911483643,0.90215208485935,-5.8076510564739,"RPS13",0.716518553966294,0.215024928034941,""
"RTN2",0.0737896903055866,15.1947998203548,0.724086867942325,0.475707539486669,0.854690829511258,-5.68535439844087,"RTN2",0.678823279940805,0.322659965394248,""
"KPNA3",0.0735724978359826,14.251206883768,1.09663262192558,0.283211896369698,0.758132404155385,-5.36845634594228,"KPNA3",0.602133435212419,0.547888507976609,""
"CCDC22",0.0734711706850621,15.8783544689722,0.673281804061152,0.506920370082717,0.870936730613406,-5.71903991603094,"CCDC22",0.691726303456407,0.295060256741145,""
"TMEM11",0.073328139799079,14.4915804704817,0.955560877495815,0.3484072038298,0.794346321182136,-5.50262918611311,"TMEM11",0.630895707003332,0.457912873896331,""
"ASAH1",0.0731962658227303,11.5584468830496,0.678605792398977,0.503596736993345,0.870936730613406,-5.71562026349662,"ASAH1",0.691726303456407,0.297917092524413,""
"CALR",0.0730595991321437,14.6507798897402,1.2047253359723,0.239545745595709,0.732916502519546,-5.25442537481786,"CALR",0.582106145268413,0.620611537937604,""
"ARCN1",0.072562452369219,11.9248168693043,0.636896273589972,0.529958706296484,0.875755824344665,-5.74171570054552,"ARCN1",0.695553784575944,0.275757968750605,""
"SLMAP",0.0724529030039207,13.8991596407257,0.832391686068104,0.413037734474343,0.824936561011967,-5.60576634775733,"SLMAP",0.655191471294305,0.384010270073921,""
"PPP4R1",0.0724239457594571,10.4129728397905,0.350406495715834,0.729351325272048,0.9359150655925,-5.80965560511745,"PPP4R1",0.743334212366375,0.137063223571078,""
"UBQLN2",0.0723920241963096,10.8536723893969,0.684991476569059,0.499626460821113,0.867658379659632,-5.71148452231093,"UBQLN2",0.689122530407257,0.301354568928244,""
"MECR",0.0721838685833553,14.6729233897169,1.05250084063013,0.302596945379569,0.765922483074501,-5.41223769609777,"MECR",0.608320569483997,0.519135460356101,""
"VPS45",0.0721495563818007,10.8502836585404,0.51637548183756,0.610111763668364,0.90215208485935,-5.80808982491538,"VPS45",0.716518553966294,0.214590601221341,""
"GNA11",0.072078861855406,11.9970176042537,0.484833178455851,0.631998966713267,0.904737107459254,-5.82322479114541,"GNA11",0.718571663066566,0.199283631766813,""
"PPP6R1",0.0720432534029047,9.99221659991686,0.416684897884243,0.681808502899752,0.916837907313745,-5.68717181442079,"PPP6R1",0.728182512233895,0.166337586944887,""
"PPIL3",0.0720418480010103,11.2726816661932,0.628476588453869,0.535369222924334,0.875755824344665,-5.74678967582382,"PPIL3",0.695553784575944,0.271346598965899,""
"GIT2",0.071585160463238,11.3293479243359,0.708731839987917,0.48529043175971,0.85788743604369,-5.67694452170295,"GIT2",0.681362128909462,0.313998271377739,""
"UGGT1",0.0713106872872373,13.1803817376415,1.31414444823644,0.200680978570616,0.699579083641077,-5.12941513395911,"UGGT1",0.555628481946831,0.697493789910668,""
"LYPLA1",0.0713081230155339,13.8468406828299,0.809403459087712,0.425889595077893,0.829564941131428,-5.62353681828475,"LYPLA1",0.658867481454964,0.370702970058805,""
"ADIPOQ",0.0708109028250146,13.9291457697303,0.637140497339281,0.529802208156267,0.875755824344665,-5.74156754974883,"ADIPOQ",0.695553784575944,0.275886235944255,""
"PDCD10",0.0707539192052593,11.3487218439347,0.629153241598146,0.534933314469077,0.875755824344665,-5.74638431461904,"PDCD10",0.695553784575944,0.271700354358579,""
"SMU1",0.0703983921330309,10.4646102125739,0.544022180280739,0.591424042447514,0.897725275048314,-5.77501955530815,"SMU1",0.713002637506397,0.228101024601834,""
"MDP1",0.0703220782559963,13.1778968399743,0.401501065483064,0.691449156225562,0.91896219635236,-5.85870123266978,"MDP1",0.72986969174132,0.160239749007304,""
"DHODH",0.070053994403585,11.2477038145842,0.328761860766834,0.745430578806231,0.9359150655925,-5.81669700119394,"DHODH",0.743334212366375,0.127592795732411,""
"UBE2G2",0.0699410258599862,11.17586604499,0.600963436534616,0.553252989673831,0.884324282900808,-5.76291420098457,"UBE2G2",0.702359133294198,0.257076230549661,""
"EIF4G2",0.0699092853572303,11.5526846954882,0.948728164526259,0.35180435566108,0.795562520511736,-5.5086968921705,"EIF4G2",0.631861652102396,0.453698787880655,""
"PGRMC2",0.0697575643778006,14.1432414275997,0.979278424285096,0.336787226195909,0.784654193932932,-5.48125512709264,"PGRMC2",0.623197904029746,0.472644388959306,""
"SRGAP3",0.0695151380027639,9.4655435802233,0.43620739398736,0.666917684424315,0.912122109075388,-5.78646943486136,"SRGAP3",0.724437071757447,0.175927766392911,""
"IARS1",0.0695019164946267,11.76743232091,0.935359810972907,0.358515098184468,0.797796599134494,-5.5204517994212,"IARS1",0.633636030071577,0.445492550121341,""
"ALDH1L1",0.0694143311598925,14.3613896734775,0.654120929196255,0.518982562341938,0.873580132747701,-5.73113249669291,"ALDH1L1",0.693825779483348,0.284847234070422,""
"ABLIM1",0.0692032577823465,11.3375614455704,0.333320010951167,0.741775202082165,0.9359150655925,-5.86364174674794,"ABLIM1",0.743334212366375,0.129727689447545,""
"ENPP4",0.0691338052101855,10.5291018252091,0.772217298883392,0.447814445083185,0.839834657282555,-5.61484694839252,"ENPP4",0.667024024336974,0.348901901559274,""
"RAB1A",0.0690942176093969,10.3571379929443,0.593037077471921,0.559176637883705,0.884369360901276,-5.70065353698245,"RAB1A",0.702394935709615,0.252450981486513,""
"AKR1A1",0.0688659933872842,12.984758773344,0.865181423485724,0.395133058987684,0.818774469693336,-5.57960864111644,"AKR1A1",0.650297337771661,0.403256633352457,""
"UQCRFS1",0.0688342540215316,17.4971398258763,1.16131689018385,0.256438029469948,0.740220215588455,-5.3013662963104,"UQCRFS1",0.587906991948866,0.591017568996292,""
"PNPT1",0.0687492770872886,12.9639066251365,0.935885673925137,0.358249518137152,0.797796599134494,-5.51999232645012,"PNPT1",0.633636030071577,0.44581438507721,""
"VCL",0.0684430722418838,14.4414703719632,0.865962802849922,0.394712543658955,0.818774469693336,-5.5789737264159,"VCL",0.650297337771661,0.403719071842881,""
"RPS21",0.0684189784723017,13.8477239196444,1.10524580443629,0.279534845416938,0.756032625186921,-5.35972213907665,"RPS21",0.600465722400597,0.553564047423197,""
"FERMT2",0.0682783712242099,13.7578333505055,0.979510426426362,0.336674880886481,0.784654193932932,-5.48104366225799,"FERMT2",0.623197904029746,0.472789284857359,""
"ACOT9",0.068184493090568,13.3137496494412,1.07544728906448,0.29240359832979,0.760077485003729,-5.38967669755029,"ACOT9",0.603678281741284,0.534017287236899,""
"DFFA",0.0677937804838589,10.7092807077801,0.52997611470405,0.600977469030215,0.898500586495954,-5.78222461717576,"DFFA",0.713618415097182,0.221141809626663,""
"PDCD5",0.0677866081023133,13.2321131538239,1.1717546551886,0.252298067683664,0.738015311505687,-5.29021876815297,"PDCD5",0.586155785349076,0.598086075671627,""
"RPL6",0.0677758570159668,12.143408641992,0.677022563946278,0.504583830558291,0.870936730613406,-5.7166398935584,"RPL6",0.691726303456407,0.297066670607631,""
"IARS2",0.0677640396781651,15.1355888125196,1.20643712419653,0.238897059455192,0.732916502519546,-5.25254305525989,"IARS2",0.582106145268413,0.621789195876926,""
"RPLP0",0.0677053910554601,14.5951872776831,1.03828828876257,0.309034867605084,0.768251570236418,-5.42598954135004,"RPLP0",0.610170406327835,0.509992517487169,""
"ANKRD2",0.0676841653923859,18.2602009781159,0.570755139167573,0.573240356752481,0.889492935654894,-5.77981160775922,"ANKRD2",0.706464245569019,0.241663242388535,""
"MOGS",0.0673622737912076,12.3174000707498,0.550394902754445,0.586913809486049,0.896124338487013,-5.79072220636658,"MOGS",0.711731121573389,0.231425671857985,""
"EFTUD2",0.0673571259656356,11.1882807431563,0.72396472516748,0.47578121719903,0.854690829511258,-5.68543819658441,"EFTUD2",0.678823279940805,0.322592706955813,""
"RAB14",0.0672060402491166,13.0824711043153,1.1108940301563,0.277142323351304,0.753104139541586,-5.35396114549869,"RAB14",0.598139823768734,0.557297146558591,""
"ACAA2",0.0671899588347955,16.1886382329403,0.922240391686669,0.365183371295371,0.802064318162102,-5.53183725694275,"ACAA2",0.63702559145232,0.437489006381663,""
"MTOR",0.0671559050425259,10.3183337625785,0.714965280683979,0.481227995755637,0.856693037906333,-5.69157520842398,"MTOR",0.680413499026982,0.317649115229696,""
"TNPO1",0.0670264853314286,11.696939194211,0.818296504182564,0.420888706567871,0.829564941131428,-5.61671800092969,"TNPO1",0.658867481454964,0.375832727236194,""
"STXBP3",0.0669501117879783,12.6788014532925,0.945070342628249,0.353632100361181,0.796780790390593,-5.51192860735285,"STXBP3",0.632829241699082,0.451448319515941,""
"XRCC5",0.0668247805502791,12.2056124612286,0.726838564884395,0.474049448951072,0.854593566335604,-5.68346296752787,"XRCC5",0.678746030360447,0.324176353924062,""
"ACHE",0.0666475304769811,12.7225090847378,0.430850626267698,0.670946196961001,0.912833896151801,-5.76387321404903,"ACHE",0.725002396224666,0.173312304420864,""
"PLN",0.0664430997759595,12.8891502711876,0.344682876258843,0.733204140933236,0.9359150655925,-5.87911536525266,"PLN",0.743334212366375,0.134775090928348,""
"PPP2R5A",0.0663001005283359,12.2062050420529,0.724640573074521,0.475373622399441,0.854690829511258,-5.68497435001296,"PPP2R5A",0.678823279940805,0.322964920134529,""
"MSI2",0.0660929421630545,12.6911488736027,1.02354244382145,0.315815216034748,0.771243177174589,-5.44007709171122,"MSI2",0.612546437945284,0.500566949436236,""
"MTX2",0.0657842260105461,13.7673286019121,0.878755700853817,0.387868659047401,0.818774469693336,-5.56850239890496,"MTX2",0.650297337771661,0.411315311280762,""
"ECHDC3",0.0657612849606259,14.2452964690852,0.450846779549246,0.656303369953473,0.908883105040333,-5.79839929700102,"ECHDC3",0.721864549312021,0.18289536574393,""
"SNRPC",0.0654801318585232,10.4678247087837,0.405571399828071,0.688957075320262,0.918851690154474,-5.79880432211738,"SNRPC",0.729781924121599,0.161807835468671,""
"LNPEP",0.0653430285435164,9.7298836673784,0.553834661022537,0.586469329964164,0.896124338487013,-5.63813000913505,"LNPEP",0.711731121573389,0.231754694845305,""
"P4HB",0.0652580285908115,16.6121612219705,1.22609120044358,0.231543094409296,0.730415663588198,-5.23076232599702,"P4HB",0.580119897578179,0.635368166968335,""
"PCBP1",0.0650599535204517,15.0950351290374,0.94683130687448,0.352751386329914,0.796358178409955,-5.51037422448668,"PCBP1",0.632493589506578,0.452531270772059,""
"SMARCC2",0.065022953304295,9.87455425341862,0.410167932755126,0.685461905242545,0.918117471375256,-5.8139600479011,"SMARCC2",0.729198783665784,0.164016676254005,""
"OSBPL9",0.06468550677004,9.72159072928598,0.471056839757739,0.642018134277243,0.904737107459254,-5.78828322514958,"OSBPL9",0.718571663066566,0.192452704788915,""
"FITM1",0.0645757088286381,11.7649239901804,0.45156168241614,0.655462334812385,0.908883105040333,-5.83817576811516,"FITM1",0.721864549312021,0.183452259356231,""
"SIRT5",0.0644647494599617,14.3559433704364,1.03025270126143,0.312716994960674,0.768251570236418,-5.43368921018317,"SIRT5",0.610170406327835,0.504848515888254,""
"EEF1A1",0.0644458808558515,14.9795176101249,0.669913303865845,0.509029540444802,0.87129376641662,-5.7211901539061,"EEF1A1",0.692009872914071,0.293257013576986,""
"CDK4",0.0643780102903442,11.0001008516996,0.627486576495799,0.536240669264911,0.875755824344665,-5.72843403711737,"CDK4",0.695553784575944,0.270640251584872,""
"PRKAA2",0.0642762979590046,14.4278921623754,1.2132962968708,0.236310944681762,0.732916502519546,-5.24497691361154,"PRKAA2",0.582106145268413,0.626516163662503,""
"YWHAH",0.0642571482050283,12.3219523922735,0.762668861802766,0.45276905124295,0.844587045838039,-5.65820965323516,"YWHAH",0.670798526034426,0.344123266744188,""
"CPOX",0.0642070679557172,10.3339352224876,0.244373493356681,0.809099031695232,0.953804954916632,-5.86730662979108,"CPOX",0.757542944845381,0.0919983185773771,""
"F2",0.0641735772895586,12.9783491052118,0.593861939851223,0.557918990303511,0.884369360901276,-5.76696256215687,"F2",0.702394935709615,0.253428855933847,""
"DEPTOR",0.0640590336826747,11.4836452809487,0.35166431945982,0.728025048284307,0.9359150655925,-5.87677268075198,"DEPTOR",0.743334212366375,0.137853678180761,""
"NIT2",0.0640197019392215,13.2369479388565,0.802847914784661,0.429599468463323,0.829564941131428,-5.62851822087321,"NIT2",0.658867481454964,0.366936264653911,""
"PTGES2",0.0639212081866152,14.2283601390336,0.880223189172972,0.387088519828999,0.818774469693336,-5.56729202664271,"PTGES2",0.650297337771661,0.41218970868324,""
"SEPTIN2",0.0638763278182246,12.4755439717658,1.1268186524528,0.27047662152858,0.746862677076267,-5.33757652544346,"SEPTIN2",0.593182651097584,0.567870266897192,""
"FGG",0.0635630221832972,14.5747890591941,0.403912040535444,0.689698068644645,0.918851690154474,-5.85776711529104,"FGG",0.729781924121599,0.161340990160323,""
"MT-ATP8",0.063404490340357,17.05902724191,1.0141729142593,0.320176921368798,0.772887194739961,-5.44893261565954,"MT-ATP8",0.613852170214162,0.494609975612855,""
"PABPC4",0.0634028602220962,12.9116565799073,1.03575597630236,0.310191949557696,0.768251570236418,-5.42842188282318,"PABPC4",0.610170406327835,0.508369477663737,""
"GYS1",0.0633415034220697,16.1416990910793,0.985197977981341,0.333928722015156,0.783662425903504,-5.47584515984424,"GYS1",0.622410209575294,0.476346224622704,""
"MRPS28",0.0633339539403419,12.6023753491871,0.470914897248939,0.641768362349621,0.904737107459254,-5.8296060091347,"MRPS28",0.718571663066566,0.19262169639547,""
"FGA",0.0633306341014546,14.6543803234364,0.374939016759846,0.710855197237018,0.924401075498409,-5.86862706491182,"FGA",0.734189426613442,0.148218856999638,""
"EIF3G",0.0631333922426958,11.9805440984724,0.845027112758249,0.406078590469219,0.82100980843812,-5.59579911027277,"EIF3G",0.652072716570776,0.391389907053136,""
"RAB35",0.0629020119852921,10.83495286907,0.394945308670954,0.696506335593746,0.921092785111325,-5.82396670786698,"RAB35",0.731561874691724,0.157074928772122,""
"CRYZ",0.0627758889569368,15.76487753102,0.871747610706774,0.391608267371822,0.818774469693336,-5.57425652939808,"CRYZ",0.650297337771661,0.407148148237485,""
"RPN2",0.0623011848588106,11.8843590310333,0.802013511849514,0.430073093564769,0.829564941131428,-5.629149513833,"RPN2",0.658867481454964,0.36645772713173,""
"SNTB1",0.0621528565477174,12.9709180245403,0.559419434619977,0.580833380836141,0.892992497274816,-5.7859337662831,"SNTB1",0.709243711330398,0.235948432431326,""
"CNBP",0.0619927852567326,10.8919674426811,0.304069989208625,0.763581042034416,0.940361508934772,-5.89182032187198,"CNBP",0.746865722415918,0.117144862680214,""
"PPP1R14C",0.0619797704433012,11.6435517334705,0.357162489610892,0.729112096881701,0.9359150655925,-5.39375265224586,"PPP1R14C",0.743334212366375,0.137205696216187,""
"RAB6A",0.0619322037279115,10.7086075917847,0.708527939515548,0.485414727236134,0.85788743604369,-5.67708125816694,"RAB6A",0.681362128909462,0.313887051530329,""
"SLC37A4",0.0615926793984283,10.5529371503131,0.286968157000589,0.776694945181433,0.941364680185443,-5.85519298846546,"SLC37A4",0.747662473679896,0.109749521273886,""
"SNRPB",0.0614811809198166,10.9309419485809,0.661271794874938,0.514979870593762,0.872718688010041,-5.68989037083698,"SNRPB",0.693141592029692,0.288209746222703,""
"ABHD5",0.0613407301121605,11.3304758578127,0.380578284974955,0.706717988222622,0.924401075498409,-5.86657583205242,"ABHD5",0.734189426613442,0.150753854367461,""
"GATD1",0.0611891361629855,11.3413021073727,0.726209869247995,0.474427985029964,0.854593566335604,-5.68389571786731,"GATD1",0.678746030360447,0.323829701208663,""
"MKNK1",0.0611028453503923,10.293582730543,0.494229429315328,0.625618911552571,0.904737107459254,-5.79973098298597,"MKNK1",0.718571663066566,0.203690131657306,""
"GFM1",0.061102670982665,13.1481569341275,0.795964100513897,0.433516477046626,0.83168905702348,-5.63370779105975,"GFM1",0.660554523443751,0.362994391257123,""
"HDHD5",0.0609683395499392,13.643270637015,1.01061336506735,0.321844864810106,0.77438941958791,-5.45227734652086,"HDHD5",0.615045286091017,0.492353415857448,""
"GPC1",0.0604761030896697,10.5777375264983,0.343086302897348,0.734636092631703,0.9359150655925,-5.83819859242617,"GPC1",0.743334212366375,0.13392773860204,""
"C4BPA",0.0603274048509626,12.0580786626888,0.533139529416111,0.598626223659891,0.897783199281266,-5.79966655157837,"C4BPA",0.713048642817842,0.222844262201254,""
"GSR",0.05994740469432,12.8049105785013,1.0452604246278,0.305864758551999,0.766661883903223,-5.41926468468192,"GSR",0.608907825692223,0.514470559131996,""
"PTGR3",0.0596415213919013,9.83244566140186,0.316528037147294,0.754865401273614,0.937935539361321,-5.78610695257114,"PTGR3",0.744938938406982,0.122130479755419,""
"IGHA1",0.0595893955962232,15.05971729403,0.19811310765277,0.844552322797867,0.961773314060845,-5.91752157947964,"IGHA1",0.763871675075368,0.073373439286011,""
"SLC16A3",0.0595498251556243,11.3528287070743,0.468557319695133,0.643596425690479,0.904737107459254,-5.81156550995651,"SLC16A3",0.718571663066566,0.191386376486016,""
"BAX",0.0594751618974296,12.7076231916798,0.727797552872147,0.473472383902708,0.854509167432696,-5.68280217748245,"BAX",0.678678998004281,0.324705346900265,""
"HADHA",0.0594379325661869,17.6646861841945,0.803227927929176,0.429383871370988,0.829564941131428,-5.62823050444543,"HADHA",0.658867481454964,0.367154272676046,""
"OXCT1",0.0593477926731616,11.6609864412815,0.332931085896247,0.74195110175831,0.9359150655925,-5.88295373809441,"OXCT1",0.743334212366375,0.12962471592894,""
"SCFD2",0.0592753655788787,11.9513877892088,0.634798615207349,0.531303907355916,0.875755824344665,-5.7429859205323,"SCFD2",0.695553784575944,0.274656990156754,""
"CAPN3",0.0592476079031936,14.8861013950977,1.09088187930576,0.285686216329777,0.760077485003729,-5.37425357348328,"CAPN3",0.603678281741284,0.544110712772052,""
"ZYG11B",0.0591336638804609,10.3821868210911,0.46619611283289,0.645095634998186,0.905148828999407,-5.83172807159724,"ZYG11B",0.718898665716715,0.190375896724172,""
"FAM162A",0.058938953490939,14.9973921177836,0.808270720604574,0.426529206945999,0.829564941131428,-5.62440029773401,"FAM162A",0.658867481454964,0.370051224798491,""
"PMPCA",0.0588277720803436,12.9949353514639,0.996466567885795,0.328533197488098,0.779317609553039,-5.46546376423331,"PMPCA",0.618959414990953,0.483420739475757,""
"YTHDF3",0.0588118396517956,11.6288178464472,0.481145930003534,0.634580556571974,0.904737107459254,-5.82493305681343,"YTHDF3",0.718571663066566,0.197513238732398,""
"COA5",0.0588091445497518,11.4901845269123,0.423299027397107,0.675682065190231,0.913298513127369,-5.85005538961188,"COA5",0.725371410151551,0.170257608516624,""
"MKRN2",0.0587098498292455,11.7269962945674,0.57590216851615,0.569809262321135,0.887433168566232,-5.77699238159184,"MKRN2",0.70482831149466,0.244270495527808,""
"NFU1",0.0585637638413097,12.5040055512615,0.583211436113258,0.564954707021945,0.884369360901276,-5.77294654556148,"NFU1",0.702394935709615,0.247986368603426,""
"SLC25A3",0.0579149657714133,17.7920763966659,0.603630606499606,0.551505793557778,0.883331006394769,-5.76138166865901,"SLC25A3",0.701570240758516,0.258449920944629,""
"MAT2A",0.057798383811992,12.4956889344965,0.596767520859228,0.556007441089938,0.884369360901276,-5.76531181570761,"MAT2A",0.702394935709615,0.254919396182916,""
"ITGB1",0.0576974597365663,15.0449497784342,0.773117398640037,0.446672753433917,0.839336056289224,-5.650627661909,"ITGB1",0.666628019196883,0.350010538224813,""
"CBX1",0.0576403875608147,11.2638735892642,0.525517408145159,0.604231827714465,0.900552879564068,-5.7664696152877,"CBX1",0.715248413061117,0.218796402140019,""
"HNRNPK",0.057630030361711,15.0534129266472,0.810257547320299,0.425407718576469,0.829564941131428,-5.62288499607918,"HNRNPK",0.658867481454964,0.371194634544343,""
"MTFMT",0.0574516013152468,9.33973062638582,0.445995891644526,0.660614670892489,0.910482827812035,-5.7090762177074,"MTFMT",0.723135101213817,0.180051785750715,""
"STT3B",0.0573153645306199,11.5798068513613,0.425347809790483,0.67420771188074,0.912833896151801,-5.84921962396451,"STT3B",0.725002396224666,0.171206284137658,""
"DPP3",0.0572199113680654,13.0740277131432,0.70066406457716,0.489957225017935,0.861950295591214,-5.70117640126321,"DPP3",0.684588984222238,0.309841833746112,""
"RPL21",0.0571844634606578,12.9416200944755,0.617701953322094,0.54233587578698,0.879906521394744,-5.75318755680126,"RPL21",0.698850403292664,0.265731665819065,""
"RPS16",0.0571530259117594,13.0720748673626,0.657320536574521,0.516957454794813,0.872718688010041,-5.72913659264392,"RPS16",0.693141592029692,0.286545197540778,""
"ACO2",0.0570716271917675,18.344207291854,0.984097686327624,0.334458784663717,0.783662425903504,-5.47685300355638,"ACO2",0.622410209575294,0.475657392682273,""
"TUBA4A",0.0570001113987288,17.0905586261347,0.776978659989184,0.444432456779187,0.837860129115367,-5.64780092343488,"TUBA4A",0.665455789788871,0.352194232167303,""
"PTRHD1",0.0568221998917302,12.8907669593296,0.821398634167422,0.419152897757775,0.829564941131428,-5.6143228609265,"PTRHD1",0.658867481454964,0.377627527057785,""
"FLNC",0.0568155657003544,18.5531038094894,0.776285081060454,0.444834368234701,0.837860129115367,-5.64830966187049,"FLNC",0.665455789788871,0.351801666214502,""
"RAC1",0.0566473652995771,13.4468311919824,1.0496148813135,0.303896500892174,0.766240708484229,-5.41504387597975,"RAC1",0.608573314463741,0.517274300420121,""
"HDHD3",0.0564338086661369,11.5860830213437,0.586077613180733,0.564040531064745,0.884369360901276,-5.68890415216598,"HDHD3",0.702394935709615,0.248689687177459,""
"NOMO3",0.0561809824597361,12.1951800753751,0.506909411942015,0.616642788731821,0.903544473644998,-5.81272994520962,"NOMO3",0.717624434466927,0.20996634294819,""
"NDUFA6",0.055885348487843,14.9754446672169,0.729903911439042,0.472206335355627,0.854253232147717,-5.68134786951548,"NDUFA6",0.678475725869373,0.325868190506906,""
"AARSD1",0.055711119202444,12.5822130628949,0.574033701859931,0.571053611088382,0.888408621146698,-5.77801865797533,"AARSD1",0.705603047688423,0.243323117836633,""
"METAP1D",0.0555186328409079,11.0963579082382,0.553430995895622,0.585066401219516,0.894969068924469,-5.77009056527554,"METAP1D",0.710813568878796,0.232794841530262,""
"TTN",0.0554580967548581,17.2130614682455,0.168674774130935,0.867404312195345,0.966790241545067,-5.92274411774711,"TTN",0.767856282201681,0.061778423139542,""
"TUBA3C",0.0551946440750513,13.0309241776694,0.541384981584869,0.593015428213171,0.897725275048314,-5.79542717301958,"TUBA3C",0.713002637506397,0.226934007646388,""
"FAHD1",0.0550057561135997,13.3619868073269,0.833161221100823,0.412611769815151,0.824936561011967,-5.60516335853419,"FAHD1",0.655191471294305,0.384458387868276,""
"A1BG",0.054866218985012,12.221574597363,0.409135765965475,0.685910136691237,0.918117471375256,-5.85572429757607,"A1BG",0.729198783665784,0.163732778893169,""
"APOA2",0.0546943959712447,13.6250011021004,0.487991516135501,0.629791464276653,0.904737107459254,-5.82175140140273,"APOA2",0.718571663066566,0.20080322976278,""
"PPTC7",0.0545528858791755,10.4154764999193,0.269153276607801,0.79069764047853,0.945481001553107,-5.75041954231907,"PPTC7",0.750931790110594,0.10198955717908,""
"DIAPH1",0.0545443227230376,11.2122097408379,0.488123473362039,0.629699309606311,0.904737107459254,-5.82168963826839,"DIAPH1",0.718571663066566,0.200866782852191,""
"S100A16",0.0544235534963207,12.120568381393,0.202903466742526,0.840846260168339,0.961264840638895,-5.91659268490101,"S100A16",0.763467828931086,0.0752834030892591,""
"BAG2",0.0543826847521025,12.2310277732,0.831675076927424,0.413434651147236,0.824936561011967,-5.60632739328069,"BAG2",0.655191471294305,0.383593126713624,""
"NUDCD3",0.054237260605472,10.4130688221706,0.375726277945457,0.710548574760843,0.924401075498409,-5.82693703303858,"NUDCD3",0.734189426613442,0.148406227336089,""
"DECR1",0.0542293100717366,17.3010295992054,0.637333319655216,0.529678665564569,0.875755824344665,-5.74145054128525,"DECR1",0.695553784575944,0.275987519256542,""
"KIAA1217",0.0541167493858268,12.263667880858,0.347361420535051,0.731334962785317,0.9359150655925,-5.85904195632654,"KIAA1217",0.743334212366375,0.135883663849407,""
"SETD7",0.053987904114468,12.0006510796431,0.589884987916699,0.560540868220585,0.884369360901276,-5.7692093106995,"SETD7",0.702394935709615,0.251392718134755,""
"HIBCH",0.0539365805968561,15.3536418707729,0.566553357309506,0.576049018934016,0.889650201112997,-5.78209483395664,"HIBCH",0.706589150915379,0.239540558683131,""
"ZRANB2",0.0538155164090437,11.2122459331326,0.556225488199446,0.583184654601106,0.894216470388362,-5.76861077422203,"ZRANB2",0.710215830621734,0.234193912175923,""
"ACTR3",0.0536395883630956,11.4328719482846,0.433271374018964,0.668518248653525,0.912625814282472,-5.84594995003256,"ACTR3",0.72483713083026,0.174886733231678,""
"MRPL38",0.0534329251803118,13.012472609851,0.689782157092076,0.496659480380854,0.866967823979936,-5.70835736820301,"MRPL38",0.688574068606466,0.303941270173535,""
"EHBP1L1",0.0533342787892455,12.2785623918939,0.595658063240881,0.556736940665829,0.884369360901276,-5.76594305390795,"EHBP1L1",0.702394935709615,0.254349961385592,""
"PHKB",0.0533066220452518,13.4612362807851,0.570150434117436,0.573644144475282,0.889492935654894,-5.78014121224405,"PHKB",0.706464245569019,0.241357435156977,""
"AMBP",0.0530827929472242,11.7825498335677,0.354035072804878,0.726269313276476,0.9359150655925,-5.87596658105127,"AMBP",0.743334212366375,0.138902305496104,""
"MYOZ1",0.0529630161481016,16.9914514545234,0.826915506825701,0.41607696420706,0.826119663049239,-5.61004217934838,"MYOZ1",0.65613112944637,0.380826327933791,""
"HSPG2",0.0528296134819222,15.2233493738992,0.611126384673814,0.546610946547048,0.88121654778001,-5.75703944625113,"HSPG2",0.699890868893732,0.262321675282626,""
"SH3BGRL3",0.0527816474635063,11.9977049367779,0.344516190121366,0.733327953624367,0.9359150655925,-5.8791707299225,"SH3BGRL3",0.743334212366375,0.134701759879031,""
"PAK1",0.052683101639678,10.4213015576752,0.35315699649079,0.72704100728646,0.9359150655925,-5.8570886570759,"PAK1",0.743334212366375,0.138441092942928,""
"NDUFA3",0.0521773357575395,13.0758651052152,0.635519509664803,0.530841400051284,0.875755824344665,-5.74254984533593,"NDUFA3",0.695553784575944,0.275035214080612,""
"PUS1",0.0521755394584389,11.9439621690371,0.398906289228958,0.693790403715212,0.919071083668613,-5.79226973938155,"PUS1",0.729956173592547,0.158771711473424,""
"MRPL40",0.0519684615522316,11.5133560120734,0.523430933283631,0.605659753786036,0.900620030297938,-5.76751379761149,"MRPL40",0.715301746359945,0.217771284334653,""
"GAPDH",0.0518973217488359,19.9800819669493,0.635574858534915,0.530805898602541,0.875755824344665,-5.74251634456668,"GAPDH",0.695553784575944,0.275064259665363,""
"LSM8",0.0517620202290932,11.7725227100072,0.389203262490433,0.700408110991301,0.922617510880024,-5.86338008002445,"LSM8",0.732772861532323,0.154648833264821,""
"ACAT1",0.0516431890541931,17.4788103275562,0.621473412502315,0.539891884062321,0.877656973958109,-5.75096027462873,"ACAT1",0.697063739487938,0.26769320102189,""
"RPL15",0.0515424038131851,12.4331690579796,0.591476056097251,0.559491168148409,0.884369360901276,-5.76831220731048,"RPL15",0.702394935709615,0.252206764639982,""
"PTGES3",0.0514681307958451,13.8843451351425,0.522875793226502,0.605645884480782,0.900620030297938,-5.80485487747431,"PTGES3",0.715301746359945,0.217781229574813,""
"FKBP3",0.051307442701706,16.1402866359004,0.624567215557379,0.537891402751704,0.876665409813576,-5.74912339700677,"FKBP3",0.696276206965507,0.269305397096353,""
"APOE",0.0512784989012243,11.8144833186294,0.549325756726921,0.587836203926938,0.896235283163374,-5.7722512920822,"APOE",0.711819237446988,0.230743669911076,""
"CAPRIN1",0.0511002331036305,15.616984949438,0.413894979972046,0.682466310256986,0.916928526558479,-5.85384060728953,"CAPRIN1",0.728254484988033,0.165918782573823,""
"EHD2",0.0510764940339623,15.6554261820726,0.695038013045718,0.493415897601067,0.864370637544913,-5.70490249736522,"EHD2",0.686511298592368,0.306786861880753,""
"TIPRL",0.0510457437954202,12.3762499383208,0.848499939944478,0.404178961219938,0.819643357777913,-5.59303487565874,"TIPRL",0.650987436973745,0.393426296619548,""
"GATM",0.0509960329755081,11.0176089107604,0.471533963213428,0.642098541255084,0.904737107459254,-5.74573592260901,"GATM",0.718571663066566,0.192398316729802,""
"SF3B1",0.0509912869971867,11.4585208950688,0.539310918633038,0.594424361615955,0.897725275048314,-5.79649952242587,"SF3B1",0.713002637506397,0.22590339995648,""
"ARG1",0.0508566224955569,12.0768694449956,0.217160193922642,0.829838981516834,0.959821702740377,-5.91369735537429,"ARG1",0.762321641832953,0.0810061681331939,""
"PRKAR1A",0.0508043391256869,15.7046097996716,0.667391431848025,0.510611785679871,0.871415328539076,-5.72279316318281,"PRKAR1A",0.692106421508992,0.291909165253151,""
"SCO1",0.0507609786829182,14.6596288003102,0.754525814273745,0.457554573203331,0.846505404092391,-5.66405058587756,"SCO1",0.672322148609229,0.339557099570007,""
"AARS1",0.0507155918906346,12.5017578091553,1.15962190241132,0.257115014259381,0.740430621567075,-5.3031681606035,"AARS1",0.588074103226528,0.589872561942866,""
"RTN4IP1",0.0505771027513795,12.2448019236816,0.529794366846305,0.600909774481779,0.898500586495954,-5.80136835116434,"RTN4IP1",0.713618415097182,0.221190731634997,""
"NDUFS8",0.0504374786355122,17.8030983983034,0.697230832127462,0.492066192653421,0.863142345258441,-5.70345363513894,"NDUFS8",0.685535748873289,0.307976472089329,""
"TUBA8",0.05028370220783,14.4312296901043,0.483396103141621,0.6330045571046,0.904737107459254,-5.82389209423017,"TUBA8",0.718571663066566,0.198593163413518,""
"UBQLN1",0.0502082407871356,13.5104611762894,0.495724078189295,0.624401649153506,0.904737107459254,-5.81810453677799,"UBQLN1",0.718571663066566,0.204535958560738,""
"LARS2",0.0501901679787515,11.0393194524123,0.39708936136377,0.694657900804138,0.919071083668613,-5.86039623667397,"LARS2",0.729956173592547,0.158229020403709,""
"TPD52L2",0.0500845792776925,12.872613234883,0.656664380165762,0.517372397642957,0.872718688010041,-5.7295466659388,"TPD52L2",0.693141592029692,0.28619674506501,""
"ENO2",0.0500506266884706,19.1043396048064,0.555258081894171,0.583633274809759,0.894427326800669,-5.78815121549652,"ENO2",0.710383299648495,0.233859955547767,""
"NDUFA4",0.0499037981038732,16.6879857480828,0.436111303153191,0.666483939967682,0.912122109075388,-5.84476358959964,"NDUFA4",0.724437071757447,0.176210311167525,""
"STAT3",0.0495923145096508,11.1051558974394,0.296749645975916,0.769099343425027,0.940847323183503,-5.89394253346756,"STAT3",0.747251571907195,0.114017559399168,""
"FBP2",0.0495512891370531,16.4707417520065,0.408562240826618,0.686325616037574,0.918188062404851,-5.8559498481231,"FBP2",0.72925484935947,0.163469791439863,""
"DNAJB4",0.0495475541608279,13.7828706946789,0.471498911448547,0.641357094976629,0.904737107459254,-5.82934191640085,"DNAJB4",0.718571663066566,0.192900096540638,""
"VAMP3",0.0495430762030598,13.3751298087081,0.645801524202364,0.524268387021707,0.875755824344665,-5.73627814776019,"VAMP3",0.695553784575944,0.280446329118158,""
"YWHAB",0.0494532098860727,14.0504797561732,0.810565792803686,0.425233889455397,0.829564941131428,-5.62264958998361,"YWHAB",0.658867481454964,0.371372131220767,""
"ANXA11",0.0494271410130942,14.4251824647762,0.968265632338047,0.342149503502311,0.789470162575556,-5.49123991292485,"ANXA11",0.627022903102157,0.465784085877704,""
"NDUFAB1",0.049265878773884,17.9340774818333,0.73460377132115,0.46938857878135,0.854253232147717,-5.67808843797129,"NDUFAB1",0.678475725869373,0.328467481913782,""
"EEF1A2",0.0490941852737343,18.0745079988787,0.837379023054941,0.410281976542389,0.824936561011967,-5.60184906603135,"EEF1A2",0.655191471294305,0.386917560927583,""
"GMPR",0.0490871685820125,12.711745398154,0.567704453362013,0.575278889028373,0.889492935654894,-5.7814709666716,"GMPR",0.706464245569019,0.240121562958177,""
"SERPINC1",0.0490762099060937,13.9383650858141,0.533716681063276,0.598232657966225,0.897725275048314,-5.79937187704288,"SERPINC1",0.713002637506397,0.223129882198416,""
"PLEC",0.0490506093072902,16.0886236506288,0.662903763997219,0.513434120157008,0.871964493495252,-5.72563131924938,"PLEC",0.692542586194406,0.28951527375665,""
"FIS1",0.0488863503473045,14.1718109871024,0.57809617230748,0.568349867934602,0.886601123338025,-5.77578316195399,"FIS1",0.704167474088468,0.245384236584748,""
"HNRNPA0",0.0486849039457677,12.864944208115,0.375111412329207,0.71072858568698,0.924401075498409,-5.86856480588272,"HNRNPA0",0.734189426613442,0.148296216770244,""
"LGALS3",0.0481226741896315,13.6971472925504,0.380434021629584,0.706823712195787,0.924401075498409,-5.86662868355265,"LGALS3",0.734189426613442,0.150688889409975,""
"LPP",0.0479878133789722,12.1457236379834,0.629364030309413,0.534797560526954,0.875755824344665,-5.74625795171149,"LPP",0.695553784575944,0.27181058243492,""
"MAPRE3",0.0477481009478939,10.3800841610698,0.477890504514986,0.636863736728944,0.904737107459254,-5.8264306345908,"MAPRE3",0.718571663066566,0.195953479308533,""
"EMC4",0.0477355059439759,11.7864948024763,0.491940729014686,0.627036112923921,0.904737107459254,-5.81989587349793,"EMC4",0.718571663066566,0.202707446103986,""
"KLHL41",0.0476072478492675,19.1848235543705,0.698783106384903,0.491112021591812,0.862045406796269,-5.70242535367073,"KLHL41",0.684664524637491,0.308819434943763,""
"CLUH",0.0475811569106455,12.6187874040817,0.73718385713257,0.467845914157231,0.854253232147717,-5.67629061123373,"CLUH",0.678475725869373,0.329897158998369,""
"COQ6",0.0475480230667937,14.4258394830877,0.750619053987041,0.459861158651708,0.848851579778274,-5.6668316691125,"COQ6",0.674185557715091,0.337373270781693,""
"NEB",0.0473921536778406,17.9368703947235,0.340981161266205,0.735955463468626,0.9359150655925,-5.88033864334774,"NEB",0.743334212366375,0.133148466307948,""
"UQCRB",0.0473560480497817,17.8649271058674,0.572035436897874,0.572385918688088,0.889052123519641,-5.77911263897307,"UQCRB",0.706114138221242,0.242311058894239,""
"TACC2",0.0473321549252095,12.78860139894,0.861385212389434,0.397180153308527,0.818774469693336,-5.58268562334747,"TACC2",0.650297337771661,0.401012460891501,""
"HNRNPA2B1",0.0472805609781499,15.6611837694472,0.831088929401899,0.413759485558002,0.824936561011967,-5.60678595952911,"HNRNPA2B1",0.655191471294305,0.383252036773259,""
"TSTD1",0.0472429438288788,10.9629656809806,0.250498158528047,0.804625051556763,0.952984237576414,-5.82265074156559,"TSTD1",0.756891104416591,0.0944064500353315,""
"OSBPL1A",0.0472400616077469,12.3735395172165,0.613914189520108,0.544796309916906,0.880306990703137,-5.75541125792605,"OSBPL1A",0.699168469054051,0.263765842703481,""
"MRPL4",0.04716575039145,12.1468568267141,0.410953332103752,0.684594101315458,0.917907446926752,-5.85500744186291,"MRPL4",0.72903197541176,0.164566847203961,""
"PMPCB",0.047091524499427,13.6716089583086,0.677946839101646,0.504007442405983,0.870936730613406,-5.7160449205138,"PMPCB",0.691726303456407,0.297563050514819,""
"EIF3C",0.0470119764229793,11.6214681371104,0.808785269186631,0.426238588441232,0.829564941131428,-5.62400820231816,"EIF3C",0.658867481454964,0.370347235080606,""
"SMTN",0.0468847500142004,16.6168861992612,0.351395084723001,0.728224534406313,0.9359150655925,-5.87686388664312,"SMTN",0.743334212366375,0.13773469346334,""
"GARS1",0.0464366373113148,14.0287274851686,0.813548943411177,0.423553873339949,0.829564941131428,-5.62036699437,"GARS1",0.658867481454964,0.373091342343354,""
"MLEC",0.046413356731696,10.936143732849,0.464331267887538,0.64641264588257,0.90569517083408,-5.83256091877321,"MLEC",0.719332588187129,0.18949015597218,""
"ACTR1A",0.0464010577681631,14.9440284074149,0.797137927002158,0.432847004268042,0.83168905702348,-5.63282585966177,"ACTR1A",0.660554523443751,0.363665583886234,""
"RPL22",0.0460218944268025,12.8289351082535,0.501058498565651,0.620695768851781,0.903544473644998,-5.8155559701974,"RPL22",0.717624434466927,0.207121215095651,""
"PPA1",0.0454974901720231,14.7272772626376,0.643831933487483,0.525524059741351,0.875755824344665,-5.73748705900496,"PPA1",0.695553784575944,0.27940739614628,""
"GFER",0.0454866880290545,12.2620488017899,0.598090157089498,0.555138417490297,0.884369360901276,-5.76455779827989,"GFER",0.702394935709615,0.25559871695436,""
"TATDN1",0.0454460436696031,12.4839340485257,0.998513213378227,0.327559708984179,0.779317609553039,-5.46356661412443,"TATDN1",0.618959414990953,0.484709523401137,""
"CISD1",0.0452180189464322,16.5015208368092,0.605461418894508,0.550308141249034,0.882888340452553,-5.76032589223015,"CISD1",0.7012186610569,0.259394062196334,""
"RMDN1",0.0451099840161575,13.1364261063179,0.312323944836547,0.757374214623271,0.938271943951359,-5.88936591680879,"RMDN1",0.745206121883523,0.1206894848469,""
"PDLIM5",0.044728444323038,18.2575019046942,0.467568943551865,0.644126853484508,0.904737107459254,-5.83111286585864,"PDLIM5",0.718571663066566,0.191028594840302,""
"GET3",0.0446510193323508,13.6239309764463,0.962419289427677,0.345019581566655,0.791840560647561,-5.49649817200597,"GET3",0.628905550415599,0.462156255868714,""
"RPL14",0.0446069437395487,12.1075359041835,0.424948689103771,0.674644079657878,0.912833896151801,-5.83024816682881,"RPL14",0.725002396224666,0.17092528643948,""
"GLRX3",0.0444176049657514,13.4277327022937,0.429300814805618,0.671366785389454,0.912833896151801,-5.84759583466846,"GLRX3",0.725002396224666,0.173040148460207,""
"UBXN1",0.0440963652681798,14.0435825235898,0.400258589502127,0.692352249393591,0.918980940446249,-5.85918046844881,"UBXN1",0.729884578910871,0.159672892471953,""
"PCCB",0.044038797538148,14.1483287213933,0.60096065451535,0.553254813606175,0.884324282900808,-5.76291579607291,"PCCB",0.702359133294198,0.257074798795182,""
"FCGRT",0.0438778234083266,10.3201344572158,0.207828059375331,0.837109418745856,0.961264840638895,-5.89638037615336,"FCGRT",0.763467828931086,0.0772177715745596,""
"EPRS1",0.043870284652419,12.756948999244,0.770651901406187,0.448106789706131,0.839835085009861,-5.65242559387759,"EPRS1",0.667024364051924,0.348618475614815,""
"STOML2",0.0438167050629623,12.3807998888347,0.418511060186249,0.679132743016624,0.914951563342452,-5.85199306020251,"STOML2",0.726684316444873,0.168045330395222,""
"RPL5",0.0437509302931502,12.9852533819776,0.748751745308137,0.460966068274427,0.848851579778274,-5.66815607971609,"RPL5",0.674185557715091,0.336331041863143,""
"MTHFD1",0.0436579104903814,14.5129045084999,0.73990562905314,0.466221767521401,0.854221100045634,-5.67438753467864,"MTHFD1",0.678450205507887,0.331407453480098,""
"GRSF1",0.0435449022467473,12.710787869591,0.580750056463059,0.566587110246425,0.884811483953542,-5.77431450886746,"GRSF1",0.702746084230359,0.24673330982357,""
"VWF",0.0435010597885874,13.5033371277978,0.535693503490435,0.596885587288197,0.897725275048314,-5.79836021887829,"VWF",0.713002637506397,0.22410890768359,""
"NSF",0.0434443061077925,13.2970711690953,0.449803030252372,0.65671293155187,0.908883105040333,-5.83893700336686,"NSF",0.721864549312021,0.182624431791704,""
"PSMD1",0.0433999954704927,12.5874667162568,0.907307507451773,0.372872725267023,0.808453307045771,-5.54461441167375,"PSMD1",0.642099934407418,0.428439383061977,""
"THNSL1",0.0433361241616304,12.1807554126739,0.587445787290155,0.562152082146005,0.884369360901276,-5.77058006756859,"THNSL1",0.702394935709615,0.250146176420665,""
"ZNF512",0.0431524565372658,12.0739092814739,0.189288546192844,0.852232246671312,0.96393957655263,-5.71117089733109,"ZNF512",0.765592191265681,0.0694420370371664,""
"NPM1",0.0430003587480403,14.2194624596238,0.668595652333048,0.509855906861062,0.871415328539076,-5.72202843532209,"NPM1",0.692106421508992,0.292552544876892,""
"VPS35",0.042757320404581,12.330937611164,0.771517126779018,0.447603222769014,0.839834657282555,-5.65179526107903,"VPS35",0.667024024336974,0.349106795187118,""
"NDUFAF4",0.0426541993381981,11.8727424717281,0.455743238834351,0.652492901965028,0.908278490873771,-5.83635405376929,"NDUFAF4",0.721384345058655,0.185424208363915,""
"DHRS7B",0.0426198504143702,12.6915599749517,0.436261743442932,0.666376248370667,0.912122109075388,-5.84470053152517,"DHRS7B",0.724437071757447,0.176280490871055,""
"OPTN",0.0424352911761687,11.9120919208004,0.46863800572628,0.643372879624084,0.904737107459254,-5.83063255802627,"OPTN",0.718571663066566,0.191537250051784,""
"XRCC6",0.0424266874091863,13.632628644451,0.703004922644267,0.488522243883904,0.861129031984197,-5.69961758002309,"XRCC6",0.683936709930574,0.311115656763839,""
"HSPA4",0.042294968882377,13.2878788772004,0.759783525740592,0.454461273012677,0.844587045838039,-5.66028610574889,"HSPA4",0.670798526034426,0.342503119336377,""
"SPR",0.0422680227964101,13.2558545207323,0.511511923893177,0.613463263651297,0.903538362191332,-5.81048435173359,"SPR",0.717619580551476,0.212211439247034,""
"EHD1",0.0421786433108871,12.6748626158318,0.780395280685303,0.442455821943801,0.837432842717858,-5.64528854359131,"EHD1",0.665116425022319,0.3541300859692,""
"TLN2",0.041932388701273,12.0904594846806,0.489889030276513,0.628466890258109,0.904737107459254,-5.82086168791108,"TLN2",0.718571663066566,0.201717597464055,""
"DERA",0.0418787144007116,11.8060648423111,0.567674809086863,0.575298715773067,0.889492935654894,-5.78148704863413,"DERA",0.706464245569019,0.240106595439637,""
"SDHA",0.0418651140814106,16.3935952805028,0.781895037497109,0.441589847108882,0.837149243358635,-5.64418240650124,"SDHA",0.664891181179084,0.354980920322509,""
"POLDIP2",0.0417565861435421,12.2566288874563,0.474838352985516,0.639007679035242,0.904737107459254,-5.82782564417192,"POLDIP2",0.718571663066566,0.194493922839106,""
"KSR2",0.0416264774547486,17.9356049419911,0.221970833917495,0.826132659868932,0.959821702740377,-5.9126762153903,"KSR2",0.762321641832953,0.0829502083418045,""
"DAD1",0.0413295303651182,11.8453367359191,0.256752591689277,0.79946260861081,0.949774793287635,-5.90463074489435,"DAD1",0.75434205928393,0.0972018436797747,""
"CALM1",0.0412342847726617,15.5522975039763,0.413722902095134,0.68259070638478,0.916928526558479,-5.85390908960622,"CALM1",0.728254484988033,0.165839629027323,""
"ATG4B",0.0412226765452139,10.9995734181028,0.342095900548574,0.735510491914502,0.9359150655925,-5.82154428201298,"ATG4B",0.743334212366375,0.133411127765719,""
"HADHB",0.0410746017070736,17.863471813708,0.423764570994685,0.675346932627829,0.913274897133118,-5.84986582799473,"HADHB",0.725352653560135,0.170473068326558,""
"CMYA5",0.0410289600322855,13.2678035856221,0.666009867835277,0.511479746299137,0.871415328539076,-5.72366887639373,"CMYA5",0.692106421508992,0.291171558911108,""
"MRPS30",0.0409849876735624,11.8030932063217,0.44150684450189,0.662626154863634,0.91096285661063,-5.84248863529672,"MRPS30",0.723516355712259,0.178731425851023,""
"BCAP31",0.0409773269825955,11.6200490322148,0.482727519518718,0.633472642556899,0.904737107459254,-5.82420188786663,"BCAP31",0.718571663066566,0.19827213601831,""
"SERPINA7",0.0409420700823091,10.9439586802386,0.261372495892863,0.796121459075541,0.947763641756596,-5.8619466310429,"SERPINA7",0.752744737268039,0.0990206697217616,""
"NDUFAF5",0.0408756227019715,12.1404804352692,0.502646561351007,0.619594487843446,0.903544473644998,-5.81479210133779,"NDUFAF5",0.717624434466927,0.207892454550377,""
"RAD23A",0.0408622632848044,13.4137918100983,0.535770359198648,0.596833244902604,0.897725275048314,-5.79832081351027,"RAD23A",0.713002637506397,0.224146993719656,""
"RABGGTB",0.0408486621974689,11.1450877803874,0.398703240514017,0.694117837774691,0.919071083668613,-5.77910056847254,"RABGGTB",0.729956173592547,0.158566794745349,""
"RNF123",0.0408383173720779,12.1574127838291,0.593027826688826,0.558468369860999,0.884369360901276,-5.76743500220545,"RNF123",0.702394935709615,0.25300141911745,""
"TMED7",0.0404094556905754,12.3485899072887,0.361623098791598,0.720660053809277,0.932447189334686,-5.87335049668245,"TMED7",0.74057991215105,0.142269550218907,""
"PRKCSH",0.0403686309997013,13.5729590706174,0.548181950974561,0.588409585240184,0.896342699255561,-5.79188481936081,"PRKCSH",0.711904550804168,0.230320261194315,""
"KIF5B",0.0403251647197784,13.3989945598381,0.767074350823163,0.450192568550365,0.842645595431185,-5.65502476756793,"KIF5B",0.669256562920376,0.346601678291978,""
"PITPNA",0.0402942855329691,11.8932572578022,0.505160769159727,0.617852799525366,0.903544473644998,-5.81357791339835,"PITPNA",0.717624434466927,0.209114981171014,""
"ACACB",0.0402578420801962,13.4892745071311,0.441173665210458,0.662864102966761,0.91096285661063,-5.8426299127449,"ACACB",0.723516355712259,0.178575499319437,""
"SAR1B",0.0400330009759955,16.0161294399768,0.520733763282428,0.607115798333115,0.902045436799847,-5.80592524944526,"SAR1B",0.716433850605674,0.216728465793458,""
"CLYBL",0.0400283820570415,11.040160396873,0.238340538241951,0.813916306578014,0.954616477456947,-5.8230220279202,"CLYBL",0.758187482464765,0.089420250467128,""
"ANO6",0.0397704394089686,11.336573059551,0.505664971244723,0.617503793045298,0.903544473644998,-5.81333370516792,"ANO6",0.717624434466927,0.209360370386381,""
"IPO7",0.0397388336479843,11.948714842287,0.499445770057682,0.62181507859462,0.904715764655634,-5.81632928193352,"IPO7",0.718554711917148,0.206338750818014,""
"RPS19",0.0396447081294351,12.2744276939655,0.294000718352517,0.771174796707915,0.940847323183503,-5.89472620829816,"RPS19",0.747251571907195,0.112847172348921,""
"LARP1",0.0396048990588262,10.6453260146803,0.240710263020483,0.811815563101589,0.954396579254628,-5.88926168062106,"LARP1",0.758012832154035,0.0905426271942029,""
"LDAF1",0.0394743165757365,11.5926230128067,0.312195043667216,0.757471019795167,0.938271943951359,-5.88940474812782,"LDAF1",0.745206121883523,0.120633978249822,""
"FN3K",0.0390167478734078,14.7036103083869,0.66946007184305,0.509313701339133,0.87129376641662,-5.72147867642831,"FN3K",0.692009872914071,0.29301464046246,""
"UGDH",0.0389724768012805,17.1485391765258,0.265281194904189,0.792959370934495,0.946026048060504,-5.90248045427017,"UGDH",0.751364683789918,0.10074906417166,""
"HSPBP1",0.0385264121234385,13.2596384213183,0.345786549512545,0.732384530066218,0.9359150655925,-5.87874811216772,"HSPBP1",0.743334212366375,0.135260837742587,""
"EIF5B",0.038490138027651,10.6505692168646,0.435912770826716,0.66694644746783,0.912122109075388,-5.80765058703543,"EIF5B",0.724437071757447,0.175909036402676,""
"MGST3",0.0380310297146593,14.2459147175178,0.295661047166978,0.769921031743738,0.940847323183503,-5.8942537411574,"MGST3",0.747251571907195,0.11355381669332,""
"H2AC8",0.03801480667539,13.9549246989134,0.292592649183444,0.772238569960394,0.940847323183503,-5.89512482207281,"H2AC8",0.747251571907195,0.112248511048351,""
"CAND1",0.0379907045638603,12.6532041006414,0.543020645479633,0.591905450008095,0.897725275048314,-5.79457865708921,"CAND1",0.713002637506397,0.227747661214926,""
"LDB3",0.0379554915428493,17.8741902190282,0.627083435412277,0.536267307203828,0.875755824344665,-5.74762294100926,"LDB3",0.695553784575944,0.270618678393555,""
"MRPL49",0.0379049796271271,10.5101331464546,0.215713550392142,0.831026233837752,0.959821702740377,-5.89476796922786,"MRPL49",0.762321641832953,0.0803852661904466,""
"TRIP10",0.0376772533145555,13.5973514769257,0.719153446361925,0.47868870188579,0.856397024220066,-5.68872829998661,"TRIP10",0.680178395321079,0.319946822709323,""
"CHCHD7",0.0376489200664718,12.6538136580706,0.17061065262894,0.865897707518435,0.966790241545067,-5.92242636424804,"CHCHD7",0.767856282201681,0.0625334101584603,""
"CAPN1",0.037531312755867,14.779615831651,0.575935383818102,0.569787154235415,0.887433168566232,-5.77697410838226,"CAPN1",0.70482831149466,0.244287346089104,""
"ACTR1B",0.037406567725796,11.0750530299349,0.270022408079482,0.789350658746776,0.944732713306253,-5.9012548624603,"ACTR1B",0.750337475225571,0.102730024258883,""
"RPS6",0.0373982090480762,12.7651091184454,0.325501880343295,0.747499109789155,0.9359150655925,-5.88531222261664,"RPS6",0.743334212366375,0.126389320212747,""
"ATAD1",0.037365665708478,13.0370150520753,0.490946263495202,0.627729430316785,0.904737107459254,-5.82036450094179,"ATAD1",0.718571663066566,0.202227509513133,""
"LMOD3",0.0372390075087417,13.7054414591805,0.464306587721096,0.646430083670098,0.90569517083408,-5.83257191906032,"LMOD3",0.719332588187129,0.189478440494764,""
"COQ3",0.0371435477074673,15.7807238563691,0.56818015170141,0.574960778354177,0.889492935654894,-5.78121278948742,"COQ3",0.706464245569019,0.240361780223983,""
"MYL4",0.0371029534000265,12.9493529929325,0.276095481177569,0.784735222284823,0.943569367484342,-5.89965347232167,"MYL4",0.749413508102879,0.105276853952973,""
"ACADM",0.0370693253006102,18.6749947885614,0.379690789594548,0.707368487810527,0.924401075498409,-5.86690065616474,"ACADM",0.734189426613442,0.150354291248482,""
"UBQLN4",0.0368527927740026,9.23560543502744,0.219322993053999,0.829778577134292,0.959821702740377,-5.59545891927083,"UBQLN4",0.762321641832953,0.0810377817900824,""
"FSD2",0.0367277895630487,13.0639944039908,0.503371124493173,0.61909232220065,0.903544473644998,-5.8144427956887,"FSD2",0.717624434466927,0.208244581945046,""
"NNT",0.0367125748104264,16.3275366606074,0.327708222510623,0.74584998522618,0.9359150655925,-5.88461729974057,"NNT",0.743334212366375,0.127348514538041,""
"SSR4",0.0366799826129505,12.2747254489963,0.530095558032045,0.600703997604647,0.898500586495954,-5.80121555320636,"SSR4",0.713618415097182,0.22133947787142,""
"CLASP2",0.0366372568661522,11.4120138404439,0.547403609218188,0.58893612483261,0.896342699255561,-5.79229264959551,"CLASP2",0.711904550804168,0.229931805615323,""
"PGPEP1",0.0364189368104029,10.3103142592037,0.228767811239387,0.820979451743501,0.958309347853254,-5.89196726265085,"PGPEP1",0.761120480349217,0.0856677126809107,""
"HINT3",0.0363876124483316,13.3034661950842,0.586650126453481,0.56267816879607,0.884369360901276,-5.77102601194996,"HINT3",0.702394935709615,0.249739934597787,""
"PLGRKT",0.0362689800827347,13.104172227167,0.313828071747355,0.756244909487698,0.937935539361321,-5.8889116254363,"PLGRKT",0.744938938406982,0.121337535696623,""
"ATP6V1G1",0.0359253182218957,12.4713938916318,0.501281011913207,0.620541407105514,0.903544473644998,-5.81544908231012,"ATP6V1G1",0.717624434466927,0.20722923386316,""
"ANXA4",0.0358857704271536,12.4172827490363,0.492390829855451,0.626722428239844,0.904737107459254,-5.81968346464022,"ANXA4",0.718571663066566,0.202924763116349,""
"NANS",0.0358786833462386,12.3234473329663,0.492011563281423,0.626986742298065,0.904737107459254,-5.81986245843727,"NANS",0.718571663066566,0.20274164227561,""
"SLC27A1",0.0356595574958956,12.657402102663,0.424658908006887,0.674703314546983,0.912833896151801,-5.84950109309203,"SLC27A1",0.725002396224666,0.170887156324728,""
"PFDN2",0.0355783916071299,12.8438622327987,0.515843811583384,0.610477720030417,0.90215208485935,-5.80835266625509,"PFDN2",0.716518553966294,0.214330181423298,""
"EIF3H",0.0355339586945274,12.6170455619286,0.452785935622143,0.65459235933581,0.908278490873771,-5.83764412481819,"EIF3H",0.721384345058655,0.184029068257562,""
"FLNA",0.0355060487264698,13.5055455869783,0.447050427944224,0.658672385312765,0.909009615924138,-5.840122609759,"FLNA",0.721965028374306,0.181330543872411,""
"FXN",0.035292201554288,12.800170487401,0.449258298065634,0.657100503775918,0.908883105040333,-5.83917219928311,"FXN",0.721864549312021,0.182368199851005,""
"AKT1S1",0.0348733736418954,11.280370685362,0.335407713583127,0.740104736700993,0.9359150655925,-5.88215578709132,"AKT1S1",0.743334212366375,0.130706816279021,""
"DNM1L",0.0346091574863703,15.1497812419366,0.560470733165535,0.580127089519072,0.892383832192259,-5.78537101269439,"DNM1L",0.708760289707677,0.236476854315265,""
"PDCD6IP",0.0345810341631623,13.6019193566557,0.5528864754034,0.585231947679305,0.894969068924469,-5.78940775270227,"PDCD6IP",0.710813568878796,0.232671973862317,""
"ODR4",0.0343750024120375,9.72497833640702,0.246311574678728,0.807526805583053,0.953804954916632,-5.88794551720812,"ODR4",0.757542944845381,0.0928430524970655,""
"SAR1A",0.0341565154449111,14.1286578684117,0.567428814241066,0.575463255762818,0.889492935654894,-5.78162046884657,"SAR1A",0.706464245569019,0.239982401537065,""
"ALDH7A1",0.0339860771713631,13.6276704896612,0.424981730026201,0.674471054583876,0.912833896151801,-5.8493692515167,"ALDH7A1",0.725002396224666,0.171036683655885,""
"PHB1",0.0337789301710796,15.9648660473991,0.496173077607769,0.624089333752884,0.904737107459254,-5.817891052771,"PHB1",0.718571663066566,0.204753239838361,""
"USP13",0.0337347761303022,10.6110583278331,0.21917172369252,0.828527757585964,0.959821702740377,-5.85194826847122,"USP13",0.762321641832953,0.0816929371366441,""
"CP",0.033719100994805,12.8540788208592,0.34749898189208,0.731113482906675,0.9359150655925,-5.878175990871,"CP",0.743334212366375,0.136015206934109,""
"RPS9",0.0336860504879741,11.5961330115733,0.272979339032653,0.787294590206134,0.944732713306253,-5.85896165017526,"RPS9",0.750337475225571,0.103862732746595,""
"MTCH2",0.0333857532552528,13.3387178655676,0.389946980067591,0.699865038460863,0.922617510880024,-5.86310120442822,"MTCH2",0.732772861532323,0.154985700989751,""
"LMCD1",0.0331926472490558,16.1732829336345,0.389392376254197,0.700270002172161,0.922617510880024,-5.86330921689416,"LMCD1",0.732772861532323,0.154734477350619,""
"TCP1",0.0330413282836979,12.6428944709663,0.539670019750933,0.594180304195533,0.897725275048314,-5.79631414435551,"TCP1",0.713002637506397,0.226081748225665,""
"ETFB",0.0329837648778195,16.156225378585,0.29835806572788,0.767885791200813,0.940847323183503,-5.89348064215559,"ETFB",0.747251571907195,0.114703368431572,""
"ARPC2",0.032980850519845,12.5452395633732,0.469939600981484,0.642455433514921,0.904737107459254,-5.83004632454846,"ARPC2",0.718571663066566,0.192156993521726,""
"MRPL44",0.0329757854253465,12.2591451116503,0.461954081162644,0.648093193223231,0.906416066063634,-5.83361782783807,"MRPL44",0.719905146646074,0.188362539819977,""
"PIP4K2B",0.0329395214596406,10.5249244393239,0.334639566323148,0.740677233312739,0.9359150655925,-5.8824039050868,"PIP4K2B",0.743334212366375,0.130371004340717,""
"CYB5B",0.0328648255566879,16.0045071432468,0.638296740619572,0.52906162785709,0.875755824344665,-5.74086540574674,"CYB5B",0.695553784575944,0.27649373613237,""
"BNIP3",0.0327627584921242,11.0434611784347,0.172037294528745,0.86490645614519,0.966790241545067,-5.88477431475145,"BNIP3",0.767856282201681,0.0630308610632875,""
"PCCA",0.0325839918305046,14.2075689679868,0.453320771143516,0.654212451982851,0.908278490873771,-5.83741142358647,"PCCA",0.721384345058655,0.184281193968335,""
"AK2",0.0325466994021415,14.4922263233672,0.453166618028769,0.654321941144012,0.908278490873771,-5.83747852165231,"AK2",0.721384345058655,0.184208516415676,""
"TARDBP",0.0323105768620771,11.1564880859031,0.421056710321677,0.677444927593223,0.914092198565281,-5.83182838485611,"TARDBP",0.726001780963548,0.169126004681639,""
"YWHAG",0.0320482373691249,15.8379398623965,0.68981555552644,0.496638830971705,0.866967823979936,-5.70833549364822,"YWHAG",0.688574068606466,0.303959327033889,""
"NXN",0.0319684581409749,12.8638901205147,0.444598265382145,0.660420066258645,0.910482827812035,-5.84117278388866,"NXN",0.723135101213817,0.180179739568834,""
"PLIN4",0.0318821883261187,13.673968196146,0.293145744109612,0.771820661496524,0.940847323183503,-5.89496847161562,"PLIN4",0.747251571907195,0.112483599625957,""
"DARS2",0.0314926599646022,13.2154212565779,0.387131837580406,0.701921548990303,0.923111933362225,-5.86415404227256,"DARS2",0.733165547962848,0.153711424543303,""
"UQCRC2",0.0314580614325948,17.9761112238788,0.364782617856164,0.718329129986266,0.930687809243134,-5.87224502791473,"UQCRC2",0.739182555208432,0.143676521516338,""
"TWF2",0.0313813085576946,14.3921288433631,0.418775181235509,0.678942204665552,0.914951563342452,-5.85188673735492,"TWF2",0.726684316444873,0.168167193706441,""
"RPS18",0.0313098840715895,14.4315039596883,0.296382102174684,0.769376739487048,0.940847323183503,-5.8940477335104,"RPS18",0.747251571907195,0.113860947825311,""
"RPL12",0.0313063337424442,12.294546989405,0.12700528405259,0.899948168947125,0.976186681000915,-5.9287063254367,"RPL12",0.775319240304123,0.045782502325624,""
"RPL3",0.0312176519071521,11.0985190430243,0.181590835824687,0.857487778722998,0.96556240223175,-5.8831442274317,"RPL3",0.766881092248628,0.0667720609889666,""
"STX4",0.0311855288094254,10.9358755036987,0.300242782921556,0.766464540477654,0.940361508934772,-5.89293625342235,"STX4",0.746865722415918,0.115507932435318,""
"PGK1",0.0311501723480099,19.160784274318,0.404435200615305,0.689318330461989,0.918851690154474,-5.8575636919058,"PGK1",0.729781924121599,0.161580172524754,""
"KPNA1",0.0309965592621406,13.4510023363543,0.583305918935437,0.564892093228418,0.884369360901276,-5.77289392273903,"KPNA1",0.702394935709615,0.248034504023275,""
"MBNL1",0.0307484183075761,13.0990357283856,0.38593221134409,0.702798601982756,0.923467084415185,-5.86460040312296,"MBNL1",0.733447620490504,0.15316911108081,""
"CNP",0.0306350215651197,11.4964710862847,0.353574491852819,0.726610291792592,0.9359150655925,-5.8761236064552,"CNP",0.743334212366375,0.13869845503224,""
"EIF3M",0.0306023924704864,13.1903023910378,0.435267691841036,0.667087968083015,0.912122109075388,-5.84511679858004,"EIF3M",0.724437071757447,0.175816892419336,""
"COA1",0.0304875815288685,12.8505197573754,0.3173448277637,0.753606671736489,0.937935539361321,-5.88784101445228,"COA1",0.744938938406982,0.12285526535648,""
"UBE3C",0.0304184855792098,11.0031730678114,0.240751315781597,0.811967175545056,0.954396579254628,-5.84992035360206,"UBE3C",0.758012832154035,0.090461527123104,""
"MAP2K1",0.0303313723019141,13.2400449272292,0.454047732568287,0.653696225004035,0.908278490873771,-5.83709469762349,"MAP2K1",0.721384345058655,0.184624023011213,""
"EPM2A",0.0302328015896798,14.0174164191422,0.323001397839248,0.749369571411381,0.9359150655925,-5.88609416551843,"EPM2A",0.743334212366375,0.125303945664994,""
"COX17",0.0298745496769026,11.4335511944653,0.195442132776795,0.846685219291743,0.962142294649708,-5.89879225091407,"COX17",0.764164731470638,0.0722780217047416,""
"PPIB",0.0298548862934247,14.3234033245187,0.219826799108641,0.827784013405607,0.959821702740377,-5.91313407545577,"PPIB",0.762321641832953,0.0820829651746539,""
"FAM114A2",0.029795397966037,12.074882209539,0.287698380729386,0.775939630792134,0.941364680185443,-5.89649557311646,"FAM114A2",0.747662473679896,0.110172066156407,""
"TOM1L2",0.029469618401361,11.8508913568463,0.397738987743718,0.694185044721542,0.919071083668613,-5.86014780619469,"TOM1L2",0.729956173592547,0.1585247468514,""
"SESN1",0.0292793099775714,12.2582615596036,0.407587842933401,0.687031730537987,0.918278114968254,-5.85633233493444,"SESN1",0.729326372036847,0.163023204600818,""
"PLXDC2",0.0290074987396185,9.96047197916307,0.120587837145205,0.905607347844961,0.976343906745159,-5.69264267376639,"PLXDC2",0.775444114108443,0.0430600623974398,""
"LDHD",0.0288999007533697,12.9846729703364,0.352847687056765,0.727148478704471,0.9359150655925,-5.87637098389092,"LDHD",0.743334212366375,0.138376900147781,""
"ELAVL1",0.0287081084359375,12.3377642752192,0.294365582900692,0.770899221853244,0.940847323183503,-5.89462260799277,"ELAVL1",0.747251571907195,0.113002392706139,""
"CRKL",0.0286038677471101,13.057176906465,0.341538279364579,0.735541151238544,0.9359150655925,-5.88015537266432,"CRKL",0.743334212366375,0.133393024831925,""
"IGKV3-7",0.0285630902638783,13.8528149992126,0.122945174321286,0.903129637194499,0.976186681000915,-5.92919755188916,"IGKV3-7",0.775319240304123,0.0442499056363687,""
"FAF1",0.0284686329170309,11.5833125725283,0.32204358864677,0.750196438618976,0.9359150655925,-5.86719969739891,"FAF1",0.743334212366375,0.124825001891238,""
"BROX",0.0283738771872724,11.2371656011196,0.164255342537245,0.871861358540291,0.968173582774561,-5.62567796471707,"BROX",0.768954976838687,0.059552570122465,""
"FHL1",0.0282356626742164,19.2958708283893,0.486254239041763,0.631005292103028,0.904737107459254,-5.82256301528584,"FHL1",0.718571663066566,0.199966998407998,""
"NARS1",0.0281795226192063,14.4559514355929,0.479854880729872,0.635485589521462,0.904737107459254,-5.82552816490086,"NARS1",0.718571663066566,0.196894293201662,""
"CRAT",0.028164588502154,17.6539803970244,0.416561895196852,0.68053955296999,0.915717514194803,-5.85277565981519,"CRAT",0.72729265954616,0.167146628524691,""
"PDCD6",0.027944648965013,12.4275890447639,0.464804898684053,0.646078041661903,0.90569517083408,-5.83234970384672,"PDCD6",0.719332588187129,0.189715019131821,""
"UBE2O",0.0279427263295631,11.145635093167,0.270997681004558,0.78860893363957,0.944732713306253,-5.9010000811876,"UBE2O",0.750337475225571,0.103138307394177,""
"KLC1",0.0278521160656968,11.9462738811259,0.379155720251979,0.707760782377572,0.924401075498409,-5.86709613006507,"KLC1",0.734189426613442,0.150113505655673,""
"DMAC2L",0.0275946860642691,13.520911137759,0.428166185707149,0.672181707957047,0.912833896151801,-5.84806342331903,"DMAC2L",0.725002396224666,0.172513310137008,""
"ATP5MK",0.0275513282279682,16.7026808224633,0.237110782047457,0.814495380591963,0.954616477456947,-5.9093171459199,"ATP5MK",0.758187482464765,0.0891113744483009,""
"DUSP3",0.0275110821781723,15.3843038014504,0.428060706925235,0.672257486569046,0.912833896151801,-5.84810682997792,"DUSP3",0.725002396224666,0.172464352574322,""
"RPS27",0.0273684453536127,12.0648458709457,0.302100175025502,0.765064710393258,0.940361508934772,-5.89239642923172,"RPS27",0.746865722415918,0.116301829972962,""
"DHPS",0.0273370460715991,9.52829688829943,0.123134654114799,0.903524437615108,0.976186681000915,-5.71999725415286,"DHPS",0.775319240304123,0.0440600965863207,""
"PALLD",0.0268610316971021,11.6634193577921,0.322802518650636,0.749518408384187,0.9359150655925,-5.88615610180603,"PALLD",0.743334212366375,0.125217696289355,""
"NLN",0.0268128082096855,12.5846897261881,0.310015335416916,0.759108597208432,0.939691782834567,-5.89005897516543,"NLN",0.746333804145234,0.119696089987712,""
"DNPH1",0.0267464877040524,12.8220042188905,0.325655664319594,0.747384124506965,0.9359150655925,-5.88526393671356,"DNPH1",0.743334212366375,0.126456131415801,""
"PYGB",0.0267229997542877,17.7842257025268,0.323736629862446,0.748819425332939,0.9359150655925,-5.88586486638731,"PYGB",0.743334212366375,0.125622897969899,""
"MAPK3",0.026644549145054,11.5081595196832,0.28746069386764,0.776119508622172,0.941364680185443,-5.89656155816195,"MAPK3",0.747662473679896,0.110071399954497,""
"FDPS",0.0266230235736842,13.5407319636589,0.441595610811244,0.662562766334093,0.91096285661063,-5.84245097817323,"FDPS",0.723516355712259,0.178772973570259,""
"RPLP2",0.0265829749023467,15.300172432356,0.409075893336342,0.685953505570104,0.918117471375256,-5.85574785829957,"RPLP2",0.729198783665784,0.163705320093031,""
"VAPB",0.0263686221495938,15.4657146145115,0.598254235592734,0.555030660612987,0.884369360901276,-5.76446414640197,"VAPB",0.702394935709615,0.255683025224647,""
"ECHS1",0.0262601251914063,16.3419101185858,0.229131407246539,0.820623477603925,0.958282899314088,-5.91111500370205,"ECHS1",0.761099474058419,0.0858560622558017,""
"TBCB",0.0262145694402971,12.5952733861248,0.254403426985017,0.801256512172513,0.951512793265582,-5.90521076053066,"TBCB",0.755722435444326,0.0962284277519474,""
"USP47",0.0261307728612792,12.7261281109851,0.398585032084972,0.693569407387551,0.919071083668613,-5.85982366077993,"USP47",0.729956173592547,0.158910071379293,""
"AGT",0.0259903933238093,10.082555507584,0.1005851121224,0.92092810083074,0.981377082447312,-5.80078388550222,"AGT",0.779441626098372,0.0357742749403439,""
"LIMCH1",0.0258545463818187,12.1580344435134,0.385312947213458,0.703251513586705,0.92364006466961,-5.86483028564515,"LIMCH1",0.733585007039675,0.152889324443037,""
"COX6A2",0.0258340490499585,16.5352664465308,0.205451095768702,0.838876803401495,0.961264840638895,-5.91608966831196,"COX6A2",0.763467828931086,0.0763018145365803,""
"TTR",0.0257624337982367,14.0735830073858,0.179857205855787,0.858708769836651,0.965819604458699,-5.9208587502696,"TTR",0.767085370630092,0.0661541017079916,""
"LMAN1",0.0257146754246147,14.1983311983605,0.37914263277964,0.70777037869675,0.924401075498409,-5.86710090782675,"LMAN1",0.734189426613442,0.150107617225124,""
"MAPRE1",0.0256645401439108,12.1236954171609,0.348884983491848,0.730085300699434,0.9359150655925,-5.87771088134244,"MAPRE1",0.743334212366375,0.13662639541538,""
"ERGIC1",0.0253885144990509,9.94343837335217,0.20314956287225,0.840655968052051,0.961264840638895,-5.91654436734883,"ERGIC1",0.763467828931086,0.0753816994994801,""
"MAIP1",0.0253420343084354,11.6119537749412,0.30473279930513,0.763082018702567,0.940361508934772,-5.89162563590866,"MAIP1",0.746865722415918,0.117428780058784,""
"RER1",0.0252666320085257,11.06818980655,0.171997099799906,0.864819017059542,0.966790241545067,-5.9221965710856,"RER1",0.767856282201681,0.0630747689700859,""
"CTSA",0.0252026766885436,11.1460843865121,0.106631206362855,0.916043560962801,0.98086601034192,-5.86960377743072,"CTSA",0.779035715995105,0.0380838736728158,""
"COX5A",0.0250450374548699,17.4193919716248,0.295452609955673,0.770078394112594,0.940847323183503,-5.89431319951373,"COX5A",0.747251571907195,0.113465061324267,""
"SNTA1",0.0248518310232289,14.5631874577806,0.388099324338597,0.701214520956937,0.922650685469654,-5.86379306031284,"SNTA1",0.732799209871355,0.15414909898701,""
"MYH14",0.0247903245225913,13.4408635272978,0.420718387600482,0.677541034832214,0.914092198565281,-5.85110246136497,"MYH14",0.726001780963548,0.169064396894117,""
"LANCL1",0.0247838861403302,13.5308835196228,0.273180262290778,0.78694975062682,0.944732713306253,-5.9004265942966,"LANCL1",0.750337475225571,0.104052997910584,""
"HRC",0.0246749825183734,16.0095357322669,0.265485414367578,0.792803834354997,0.946026048060504,-5.90242810877403,"HRC",0.751364683789918,0.100834258074761,""
"CHP1",0.0246380782059124,12.4635331049766,0.292494240502753,0.772312933117589,0.940847323183503,-5.89515260980348,"CHP1",0.747251571907195,0.112206692424903,""
"DDX3Y",0.024376544991302,13.8010500984886,0.325881239381936,0.747215471349763,0.9359150655925,-5.88519306857489,"DDX3Y",0.743334212366375,0.126554144470323,""
"AKR7A2",0.0242924440998742,14.2169839438254,0.455496370900036,0.65266804781892,0.908278490873771,-5.83646206118875,"AKR7A2",0.721384345058655,0.185307648213471,""
"MYO1C",0.024136126808612,12.9016988805779,0.389012427599938,0.700547487391685,0.922617510880024,-5.86345155363292,"MYO1C",0.732772861532323,0.154562420245217,""
"SGCD",0.0241078599661488,12.3219206444581,0.269652225617497,0.789632246982583,0.944732713306253,-5.90135133028667,"SGCD",0.750337475225571,0.102575124268728,""
"RPS27A",0.024082037485833,17.019007099398,0.316470715730265,0.754262139030665,0.937935539361321,-5.88810822633017,"RPS27A",0.744938938406982,0.122477691598303,""
"ADPRHL1",0.0240778030267528,16.2392945519333,0.279936914619148,0.781819924096035,0.942840722221519,-5.89862226641032,"ADPRHL1",0.748834794315221,0.106893266092685,""
"THOP1",0.0240433586992026,11.3307746745484,0.332651516085718,0.742159624700666,0.9359150655925,-5.88304344544031,"THOP1",0.743334212366375,0.129502676026935,""
"EIF2S3",0.0239861014353195,14.2888532891901,0.343266888358287,0.734256155743895,0.9359150655925,-5.87958484052893,"EIF2S3",0.743334212366375,0.134152403818578,""
"MTX1",0.0239789465617442,12.3667335889954,0.299955895069447,0.766680826762819,0.940361508934772,-5.89301933868459,"MTX1",0.746865722415918,0.115385397491419,""
"CCDC25",0.0236649499013861,10.6264955159013,0.157082054038478,0.876545025545824,0.969766345302379,-5.88297449725255,"CCDC25",0.77022000068821,0.0572257705640679,""
"RPS3A",0.0236199210801704,13.2815836050738,0.207138697558011,0.837572783060584,0.961264840638895,-5.91575301635816,"RPS3A",0.763467828931086,0.0769774435052511,""
"VDAC2",0.0235304146039041,17.3088841910904,0.298969243065845,0.767424816094224,0.940847323183503,-5.89330448014837,"VDAC2",0.747251571907195,0.114964161199044,""
"SF3B3",0.0234180588416333,11.7158526492955,0.249857337961387,0.804731213813372,0.952984237576414,-5.90631814410721,"SF3B3",0.756891104416591,0.0943491529864547,""
"GNAS",0.0233443650947684,12.7474212696071,0.306392154840261,0.761833164264292,0.940361508934772,-5.89113639214142,"GNAS",0.746865722415918,0.118140125474659,""
"BST2",0.0233052592967002,12.2742483846579,0.181084810335557,0.857755260973875,0.96556240223175,-5.92064442520843,"BST2",0.766881092248628,0.066636609552854,""
"RPL13A",0.0232829551715561,10.8927560052908,0.11792467053916,0.907065939101329,0.976343906745159,-5.92978293516787,"RPL13A",0.775444114108443,0.0423611407823066,""
"PURB",0.0231801085660042,12.8132874326231,0.303994845508818,0.763637623582136,0.940361508934772,-5.89184236714553,"PURB",0.746865722415918,0.11711268254188,""
"TIMM10",0.0231743257027279,11.9889130130354,0.200147983968952,0.842977588937907,0.961264840638895,-5.91712970030773,"TIMM10",0.763467828931086,0.0741839711996682,""
"GOLGA4",0.0231310859178748,13.8592405591534,0.0993608168455727,0.921641086124432,0.981377082447312,-5.93173573564858,"GOLGA4",0.779441626098372,0.0354381729406192,""
"POFUT1",0.0229503463124416,11.5069237919672,0.207957629594034,0.837009378220326,0.961264840638895,-5.89635436520335,"POFUT1",0.763467828931086,0.0772696759535498,""
"STX7",0.0229248562392783,9.45062342709214,0.192455165367681,0.848998169126987,0.962707382060953,-5.89935179802463,"STX7",0.764613542288199,0.0710932463154161,""
"CPT2",0.0228554642308687,15.5898395524172,0.309799303931786,0.75927096053033,0.939691782834567,-5.89012356816799,"CPT2",0.746333804145234,0.119603210055717,""
"CLIP1",0.0227436622660857,12.5669496751922,0.373227379783073,0.71211272416548,0.925135147752262,-5.86924367212517,"CLIP1",0.734772450694043,0.147451254104538,""
"CSDE1",0.0227393754930425,13.0970536406308,0.326333547047014,0.746877338273747,0.9359150655925,-5.88505082212377,"CSDE1",0.743334212366375,0.126750717709447,""
"PPP2R1A",0.0227230154523532,15.2583366601384,0.514635212837014,0.611310000248637,0.90215208485935,-5.80894917532557,"PPP2R1A",0.716518553966294,0.21373849965063,""
"GOLPH3",0.0226967287763173,11.1281194404277,0.303977107522789,0.763866531179665,0.940361508934772,-5.85035902228475,"GOLPH3",0.746865722415918,0.11698251817289,""
"PSMC4",0.0226583127716182,13.7252921244659,0.565125869525131,0.577004782523177,0.889650201112997,-5.78286678772437,"PSMC4",0.706589150915379,0.238820587165209,""
"GSPT2",0.0226210519058263,11.6433622964139,0.164351150535006,0.871500256259063,0.968173582774561,-5.71436674465714,"GSPT2",0.768954976838687,0.0597324808524614,""
"ATP5PO",0.0225363744244369,16.3562280000078,0.153947279742979,0.878882362624992,0.970721011351076,-5.92504301675314,"ATP5PO",0.770978227541767,0.0560692508440872,""
"DNAJA3",0.0225111358612367,12.5238401290563,0.371336124055927,0.713503181919457,0.926522876250425,-5.869921743585,"DNAJA3",0.735874629842647,0.146604085777112,""
"ACADVL",0.0223955598561183,17.6816595650401,0.332641485432671,0.7421671066445,0.9359150655925,-5.88304666265255,"ACADVL",0.743334212366375,0.129498297790186,""
"USP7",0.0223916621823719,11.2110679518265,0.285765041493588,0.777403121772104,0.941463342499916,-5.8970307225997,"USP7",0.747740834501849,0.109353719730381,""
"SERPING1",0.0222682646191963,12.945121236276,0.166006840377681,0.869481477931283,0.96740970146151,-5.92317610232704,"SERPING1",0.768348277432883,0.0607396650907286,""
"MFAP5",0.0221618993409134,11.9999773259112,0.193173022657292,0.848378046438308,0.962707382060953,-5.91845634025214,"MFAP5",0.764613542288199,0.0714105782908602,""
"KPNB1",0.0221424665317862,14.1888365252489,0.380107022396794,0.707063377106872,0.924401075498409,-5.86674840785812,"KPNB1",0.734189426613442,0.150541656791226,""
"PFDN5",0.0221348902183038,12.2662825134303,0.328455913292669,0.745291405359969,0.9359150655925,-5.8843807472187,"PFDN5",0.743334212366375,0.127673886989609,""
"DNAJB11",0.0221182018071051,11.3498909952618,0.193905858641426,0.847944569009923,0.962707382060953,-5.88091342884822,"DNAJB11",0.764613542288199,0.07163253708285,""
"SPRYD4",0.0221059477549908,11.1851646199763,0.136113194592725,0.892817566496623,0.976186681000915,-5.92754640384337,"SPRYD4",0.775319240304123,0.0492372734272206,""
"CUTC",0.0219695654541621,13.8909875462326,0.275681335029537,0.785049713746972,0.943569367484342,-5.89976380161885,"CUTC",0.749413508102879,0.105102840423719,""
"CPTP",0.0217920137614858,12.1617932003882,0.290810943399548,0.773585270400537,0.94104474100942,-5.89562648665385,"CPTP",0.747408367571171,0.11149180811413,""
"SRA1",0.0217240021237473,10.765867233513,0.208731953806043,0.836867295170248,0.961264840638895,-5.78918855096985,"SRA1",0.763467828931086,0.0773434040671557,""
"RPL38",0.0217202150714879,12.0050441188031,0.210208579388333,0.835201882031537,0.961251165268482,-5.91513358430131,"RPL38",0.763456967506724,0.0782085357079644,""
"OLA1",0.0216914536413952,14.3268082305579,0.2757291960444,0.785013367474262,0.943569367484342,-5.89975105976561,"OLA1",0.749413508102879,0.10512294787783,""
"FABP5",0.0216669579417399,14.6592256317242,0.18434152730508,0.8552267636871,0.964604529462696,-5.9200687973046,"FABP5",0.766120318513373,0.0679187166629952,""
"HIBADH",0.0216479435222059,15.5352965872214,0.313915712527905,0.756179125398326,0.937935539361321,-5.88888508856594,"HIBADH",0.744938938406982,0.121375315666222,""
"PITPNB",0.0215120986170962,12.0220036539644,0.188620938032075,0.851906652606325,0.96393957655263,-5.91929685408675,"PITPNB",0.765592191265681,0.0696079903025306,""
"PDLIM1",0.0213812821768151,16.090128853101,0.265206032842043,0.793016617678545,0.946026048060504,-5.90249970971616,"PDLIM1",0.751364683789918,0.100717711937784,""
"ERAP1",0.0213229975456599,12.421421640575,0.226889852550584,0.822347084139679,0.958843297706066,-5.91160903342081,"ERAP1",0.761544560704235,0.0849448431512219,""
"S100A1",0.0212645339962734,17.214538755471,0.297228848044325,0.768737722687496,0.940847323183503,-5.89380517975017,"S100A1",0.747251571907195,0.114221807166641,""
"SMS",0.0211751695656517,12.1899996621232,0.28955500003836,0.774535008760119,0.941364680185443,-5.89597828728734,"SMS",0.747662473679896,0.110958947475179,""
"CYC1",0.0211050173185825,17.4840887422595,0.212700386276582,0.833278600475182,0.960190772090641,-5.91462411952449,"CYC1",0.762614768725417,0.0792097711983214,""
"DDB1",0.0208687606657687,15.0366347364644,0.364113530412928,0.718822515749436,0.930907537288121,-5.87247992528554,"DDB1",0.739357070374669,0.143378327900587,""
"ADPRH",0.0207247145907594,10.7627093523651,0.221987425764344,0.826274433805183,0.959821702740377,-5.87528148912389,"ADPRH",0.762321641832953,0.0828756847712171,""
"RTCB",0.0206913233892507,13.5975454733615,0.470262009650577,0.642228268941016,0.904737107459254,-5.82990086635307,"RTCB",0.718571663066566,0.192310582022569,""
"DOHH",0.0206639785460698,11.0299147134059,0.201316259798771,0.842073793350335,0.961264840638895,-5.91690290882508,"DOHH",0.763467828931086,0.0746498483571443,""
"IMMT",0.0206088928279193,16.5390996341476,0.323888164233007,0.748706054786107,0.9359150655925,-5.88581754266121,"IMMT",0.743334212366375,0.125688654718144,""
"OGDH",0.0204911050456431,18.5518031658847,0.321988691164758,0.750127562673365,0.9359150655925,-5.88640915547126,"OGDH",0.743334212366375,0.124864876535795,""
"ATAD3A",0.0204774950095672,12.9320687357602,0.281808938587621,0.780400402912675,0.942840722221519,-5.89811460530535,"ATAD3A",0.748834794315221,0.107682515055702,""
"NME1",0.0204369500982455,12.8015368713649,0.281021412063736,0.780997475431035,0.942840722221519,-5.89832857866364,"NME1",0.748834794315221,0.107350369974355,""
"NOL6",0.0203392219534564,10.9107830537245,0.0954646325636855,0.92480609498755,0.983418398531615,-5.86423480389567,"NOL6",0.781062905784426,0.0339493166714513,""
"NDUFS4",0.020330566868715,15.982481668611,0.201724175534945,0.841758275568549,0.961264840638895,-5.91682341237961,"NDUFS4",0.763467828931086,0.074812605244491,""
"HSPB7",0.0203094876016401,17.0403416048848,0.325626088142831,0.747406238344228,0.9359150655925,-5.88527322495282,"HSPB7",0.743334212366375,0.126443281563759,""
"KLHL31",0.0200977277817991,12.1690062510581,0.219392488521621,0.828118621702051,0.959821702740377,-5.91322628372436,"KLHL31",0.762321641832953,0.0819074493736139,""
"RTN4",0.0199623488999361,15.5926377488299,0.208743517215505,0.836333167796168,0.961264840638895,-5.91543033291546,"RTN4",0.763467828931086,0.0776206793658546,""
"ALPK3",0.0199085511277186,11.8515299429471,0.210778085993019,0.834762220198299,0.961129909118987,-5.91501767253998,"ALPK3",0.763360661925488,0.0784372145307432,""
"SLC25A20",0.0198237014916796,12.7992082083011,0.169688999344377,0.866614923535445,0.966790241545067,-5.92257809476984,"SLC25A20",0.767856282201681,0.0621738364725545,""
"AIMP1",0.0196988925316326,13.6605459654708,0.392087597303218,0.698302840424009,0.921772574021591,-5.86229559318287,"AIMP1",0.732101785173738,0.155956191414569,""
"LIMS1",0.0195410128154396,13.9835307533854,0.201693971881958,0.841781636797637,0.961264840638895,-5.91682930410002,"LIMS1",0.763467828931086,0.0748005524825585,""
"ISOC1",0.0194422012662692,11.7218113189682,0.248185224859978,0.806010290224869,0.953077440140901,-5.90672045879599,"ISOC1",0.756965128927372,0.0936594135803307,""
"CBFB",0.0194206393983407,10.0916310975757,0.0817047701259644,0.935731574443264,0.988350154719295,-5.80243316942209,"CBFB",0.784979867094404,0.0288487158527616,""
"GNB2",0.0192238358944277,13.4091839113241,0.267758978604633,0.791072845988099,0.945481001553107,-5.90184264510712,"GNB2",0.750931790110594,0.101783522628764,""
"GRHPR",0.0190720575400718,15.4709206484539,0.315376486603861,0.755082929420139,0.937935539361321,-5.88844169695243,"GRHPR",0.744938938406982,0.122005347957956,""
"EIF6",0.0190104046449768,14.0609817989003,0.169045152243689,0.867116024334743,0.966790241545067,-5.92268360401348,"EIF6",0.767856282201681,0.0619227879250966,""
"RAB12",0.0189770303025405,16.5109741791373,0.248879877608375,0.8054788512385,0.952984237576414,-5.9065536498618,"RAB12",0.756891104416591,0.0939458579896373,""
"NUP54",0.0188738977368885,10.0657552451584,0.156008906062735,0.877325400291965,0.970119433015154,-5.90548707196441,"NUP54",0.770500434443922,0.0568392967819249,""
"A2M",0.0187627069749858,13.7036371173002,0.143269938206161,0.887220946867058,0.974715163336415,-5.9265787198249,"A2M",0.774150513071986,0.0519682132504805,""
"GNB1",0.0183962135164322,12.0704856420325,0.239155124696393,0.812927260284623,0.954396579254628,-5.90884667282925,"GNB1",0.758012832154035,0.0899483127949827,""
"MDH2",0.0183400036982029,20.3036028093722,0.183725612196328,0.855704836801138,0.964726271809296,-5.92017844537332,"MDH2",0.766217010248177,0.0676760131899665,""
"ACTN3",0.0183056845793832,15.6872192642807,0.0585370569751313,0.95378438057246,0.992042679511889,-5.93485710472821,"ACTN3",0.787912590489137,0.0205497939662473,""
"EIF3A",0.018196593190801,13.1143296019666,0.24927317512345,0.805178004096108,0.952984237576414,-5.90645900058859,"EIF3A",0.756891104416591,0.0941080977055942,""
"MYL11",0.0181902710307842,15.8151554492165,0.0569496561389791,0.955036222398382,0.992312663315992,-5.93494588893598,"MYL11",0.788127020415262,0.0199801562807454,""
"RIDA",0.0181472382421468,13.4978885863096,0.164092268624486,0.87097269063643,0.968173582774561,-5.92348186990015,"RIDA",0.768954976838687,0.0599954620897431,""
"EEF1D",0.0180496987713052,13.8007483803435,0.307157639313862,0.761257271284041,0.940361508934772,-5.89090980859434,"EEF1D",0.746865722415918,0.118468546098374,""
"CCT3",0.0180034068554971,13.8508718352891,0.278406900819394,0.782980678330645,0.943569367484342,-5.89903468404946,"CCT3",0.749413508102879,0.106248954925348,""
"TIMM17A",0.017641276623376,10.3654402070074,0.0816243452176423,0.935752737789885,0.988350154719295,-5.81968870417318,"TIMM17A",0.784979867094404,0.0288388935693509,""
"NDUFB5",0.0175546482388107,13.1215583863339,0.164433447353224,0.870706919145025,0.968173582774561,-5.92342764090659,"NDUFB5",0.768954976838687,0.0601280043695196,""
"POTEF",0.0174039334041467,13.7391107302878,0.168747437357527,0.867347752500795,0.966790241545067,-5.92273225620313,"POTEF",0.767856282201681,0.061806742533131,""
"CAMK2A",0.0172336581089212,15.4772910778051,0.161055483929276,0.873338963349701,0.968691944301848,-5.92395960278561,"CAMK2A",0.76936667643812,0.0588171636932448,""
"COPB1",0.0164291136944605,10.5640841915021,0.161866054583657,0.872760702597221,0.968484547085433,-5.90458742935894,"COPB1",0.769201954817345,0.0591048167613741,""
"CD36",0.0162964252241764,15.2698129759003,0.177126971899432,0.860830187681245,0.965819604458699,-5.92133020388548,"CD36",0.767085370630092,0.0650825115272377,""
"RPS11",0.0162907479716914,12.8675494230219,0.145110891055926,0.885782261810836,0.974224943651933,-5.92632179645534,"RPS11",0.773761164640225,0.0526730209069911,""
"MCCC2",0.016246217804964,13.737536903918,0.240240037148808,0.812095396903222,0.954396579254628,-5.90859536491263,"MCCC2",0.758012832154035,0.0903929511588843,""
"STRAP",0.0160333912259372,13.814082809791,0.330910233629504,0.743458847723448,0.9359150655925,-5.88360050122758,"STRAP",0.743334212366375,0.128743065744919,""
"APOA1",0.0160038496565775,16.3164260552162,0.113328692838345,0.910671519946629,0.978759110223013,-5.93029744957606,"APOA1",0.777362347333782,0.0406382452001853,""
"BAG3",0.0159486349886553,15.4809043443555,0.209203074513404,0.835978269929513,0.961264840638895,-5.91533747207232,"BAG3",0.763467828931086,0.0778050112838983,""
"ALDH5A1",0.0158615782614397,14.8394191129062,0.200768457976741,0.84249755360114,0.961264840638895,-5.91700941461582,"ALDH5A1",0.763467828931086,0.0744313515356362,""
"RPN1",0.015746931912858,13.5519907081397,0.267533751977515,0.791244274691053,0.945481001553107,-5.90190086446837,"RPN1",0.750931790110594,0.101689419444198,""
"PSMD4",0.015672829941872,14.0476645639306,0.242646902910752,0.810250721900111,0.953880264158007,-5.90803380041626,"PSMD4",0.757602757896457,0.091380573357036,""
"STEAP4",0.0156655926427867,9.70253788072523,0.108712888490146,0.91462629466734,0.980443921390232,-5.77922437852851,"STEAP4",0.778700479209219,0.0387563172077142,""
"COA6",0.0156328800647518,11.7981043067029,0.257742810016464,0.798706779130397,0.949269115336871,-5.90438466878858,"COA6",0.753940433393866,0.0976126294195016,""
"SLC25A24",0.0154727580859308,10.7427389670945,0.111208421551179,0.912411665335372,0.979332904497247,-5.89309158067837,"SLC25A24",0.777818073425368,0.0398091708324832,""
"LAMP1",0.0149792488862417,10.133814458759,0.0459787267704272,0.96422353755167,0.992924401101024,-5.50147563569816,"LAMP1",0.788612882478316,0.0158222712101576,""
"CHORDC1",0.0147112607926925,11.2342894384139,0.13715168175872,0.892005104393526,0.975842722652735,-5.92740905698819,"CHORDC1",0.775046057386964,0.0496326604180485,""
"ISOC2",0.0146346649585372,14.0545722451593,0.196956356575529,0.845447794402865,0.961868985684266,-5.91774256883624,"ISOC2",0.763947660593132,0.0729132045094703,""
"GBF1",0.0144956962015712,11.3748698371189,0.0783181865869916,0.938279716505515,0.988589402050565,-5.87488510434275,"GBF1",0.785169885113227,0.0276676720414517,""
"ATP6V1E1",0.014468208731337,11.7291545976763,0.153226051356369,0.879445176387516,0.970779553825642,-5.92515021784582,"ATP6V1E1",0.771024723880828,0.0557912287869589,""
"AFG1L",0.014439363049906,11.0398031329846,0.111161966977038,0.912408487066822,0.979332904497247,-5.91127846265465,"AFG1L",0.777818073425368,0.0398106836440238,""
"GABARAP",0.0143456718026425,10.6267798523546,0.0859016351966477,0.932354501999671,0.98748647777462,-5.84676496707846,"GABARAP",0.784293906749272,0.0304189277861624,""
"APRT",0.0140673715228417,13.0633752989651,0.137886523536253,0.891430272333724,0.975614351207754,-5.92731123958053,"APRT",0.77486467735108,0.0499126216697941,""
"HERC4",0.013897825051238,12.2263331742352,0.169479067361815,0.866778305599859,0.966790241545067,-5.92261254094355,"HERC4",0.767856282201681,0.0620919670755422,""
"NME2",0.0137664737466885,16.1450690628406,0.200068955982058,0.843038734103355,0.961264840638895,-5.91714499411045,"NME2",0.763467828931086,0.0741524709020759,""
"ABHD10",0.0136992553523161,12.3090183643276,0.186346362518949,0.85367100248912,0.964160459566477,-5.91970935332787,"ABHD10",0.765767623745784,0.0687094704500018,""
"ENDOD1",0.0136929743957221,14.6789037342617,0.251595194262539,0.803402434731954,0.952984237576414,-5.90589716382255,"ENDOD1",0.756891104416591,0.095066856461641,""
"AK1",0.0136500503162118,17.911990987958,0.176842118453579,0.861051583195537,0.965819604458699,-5.92137897771825,"AK1",0.767085370630092,0.0649708303975211,""
"ATP5PD",0.0135935784949091,17.7731078098508,0.143239071611593,0.887245072157008,0.974715163336415,-5.92658299965514,"ATP5PD",0.774150513071986,0.0519564040862727,""
"PLBD2",0.0135507918904576,9.95785197437196,0.0782712030740467,0.938386253285562,0.988589402050565,-5.81994587788814,"PLBD2",0.785169885113227,0.0276183629619577,""
"MYL1",0.0134330603347799,19.6867971962052,0.148813959694587,0.882889567399605,0.972159136834111,-5.92579507904842,"MYL1",0.772120433616353,0.0540936149595831,""
"FAM185A",0.0133858233870363,12.3890357687659,0.168466219865273,0.867566650927335,0.966790241545067,-5.92277813383719,"FAM185A",0.767856282201681,0.0616971505220668,""
"CLNS1A",0.0132756020495819,12.5494939525316,0.114993570217609,0.909365180868586,0.978086380470327,-5.93011342815085,"CLNS1A",0.776828043464519,0.0412616787279375,""
"MRPS23",0.0131829405622188,12.9904888788461,0.157088687060836,0.87643171252103,0.969766345302379,-5.92457022848909,"MRPS23",0.77022000068821,0.0572819164562473,""
"CCT2",0.0130230537394933,13.8070363951584,0.221509722022402,0.826487743534606,0.959821702740377,-5.91277505968483,"CCT2",0.762321641832953,0.082763582449166,""
"SERBP1",0.0125361399426858,12.3493945657674,0.100579553360215,0.920683298244036,0.981377082447312,-5.93161775674813,"SERBP1",0.779441626098372,0.035889735143556,""
"VPS4A",0.0124671372924112,12.8086489341724,0.163235875612842,0.871639871897889,0.968173582774561,-5.92361749507574,"VPS4A",0.768954976838687,0.059662911802125,""
"MYLK3",0.0122024914820287,10.4467442578781,0.0791235220694302,0.937587683631457,0.988589402050565,-5.91422636031382,"MYLK3",0.785169885113227,0.0279881062812188,""
"ETFDH",0.0121950696052604,15.2266941047832,0.15140723740612,0.880864782185176,0.97104534079079,-5.92541832949927,"ETFDH",0.771235820540833,0.0550907531746327,""
"DNAJC7",0.0120624667456237,10.5770382859393,0.111434516357609,0.91215808894727,0.979332904497247,-5.93050355574263,"DNAJC7",0.777818073425368,0.0399298862247493,""
"RPS3",0.0119437809374894,13.6935320938947,0.154026184913921,0.878820792559829,0.970721011351076,-5.92503125805108,"RPS3",0.770978227541767,0.0560996763906107,""
"RABGEF1",0.0117630615735287,12.1418043149505,0.103913682058017,0.918219192205684,0.981377082447312,-5.84761120303127,"RABGEF1",0.779441626098372,0.0370536340466747,""
"COX5B",0.011754718604486,19.2628073102148,0.0970539316860427,0.923454363611158,0.982580050104396,-5.93195511741911,"COX5B",0.780397062172387,0.0345845621853807,""
"EIF3L",0.0117499643600745,14.3620226336564,0.169624451285796,0.866665158187148,0.966790241545067,-5.92258869050828,"EIF3L",0.767856282201681,0.0621486626621921,""
"MRPL37",0.0117373150900431,11.9513702740444,0.126644471493139,0.900230830456138,0.976186681000915,-5.92875062481206,"MRPL37",0.775319240304123,0.0456461177386908,""
"MRPL12",0.0116770180401371,13.0731622965561,0.155177826394623,0.877922250124263,0.970406178049694,-5.92485895239694,"MRPL12",0.770728176684897,0.0565439440450953,""
"TKT",0.0115956718767425,12.0930536770815,0.105230499312368,0.917029319255585,0.981377082447312,-5.9311543196343,"TKT",0.779441626098372,0.0376167788475805,""
"HSP90AB1",0.011413857189968,16.9305781127657,0.156784733178729,0.87666877615335,0.969766345302379,-5.92461639062737,"HSP90AB1",0.77022000068821,0.057164461206341,""
"ERI3",0.0113991868482,11.8903281516945,0.0671181421049338,0.947041356350094,0.99037776164343,-5.91507545883388,"ERI3",0.786590258519172,0.0236310553763826,""
"AGO2",0.0113144475419293,11.1509199298064,0.100405499620911,0.920927670467258,0.981377082447312,-5.87298140532654,"AGO2",0.779441626098372,0.0357744778927014,""
"BTF3",0.0111498161621828,10.7404137385341,0.0905234670491011,0.928619391092911,0.985522609594728,-5.91329111752493,"BTF3",0.782734138710099,0.0321622517954943,""
"RYR1",0.0104327169799099,15.005442591138,0.133188882400621,0.895106045112106,0.976186681000915,-5.92792756365596,"RYR1",0.775319240304123,0.0481255098474316,""
"GART",0.0102877404952704,12.6090213493732,0.149658114849785,0.882230376229755,0.97180549105768,-5.9256731539245,"GART",0.771839556628318,0.054417993030238,""
"EMC8",0.0102432884707113,10.9263101696502,0.0750333662010003,0.941011209137978,0.989143782476595,-5.78090693990242,"EMC8",0.785610192094581,0.0264052033126189,""
"MRI1",0.0100652588289023,11.8113913281223,0.100566751651522,0.920801126051552,0.981377082447312,-5.86375325140738,"MRI1",0.779441626098372,0.0358341582773998,""
"CCT7",0.0100590959052287,13.8262532711769,0.178771394587774,0.859552326904085,0.965819604458699,-5.92104710824009,"CCT7",0.767085370630092,0.0657276796587642,""
"TRAPPC3",0.00969252535630893,11.0481416433769,0.11338201832428,0.910666883260245,0.978759110223013,-5.91103745206134,"TRAPPC3",0.777362347333782,0.0406404564172852,""
"AHSA1",0.00949529900100821,11.6617823557597,0.0986318284304911,0.922214045582923,0.981623613865569,-5.93180561796602,"AHSA1",0.779637429376203,0.035168267637424,""
"PFKL",0.00947011106326556,15.6693354439372,0.068622413427168,0.945833918202402,0.990266757040024,-5.93423603048975,"PFKL",0.786502095049563,0.0241851159665917,""
"RHOA",0.00944385442666373,14.0890244092729,0.122879524766222,0.903181093346711,0.976186681000915,-5.92920536379253,"RHOA",0.775319240304123,0.0442251622490949,""
"UBL5",0.00929223197382356,11.1487723843175,0.0820135514769272,0.93531326368675,0.988350154719295,-5.91400115047707,"UBL5",0.784979867094404,0.0290429068765141,""
"JPH1",0.00903144046125171,12.2056561178314,0.0889367119507048,0.929838018608485,0.986087902434302,-5.93268611678781,"JPH1",0.783183112685526,0.0315927006412959,""
"PRKAR2A",0.00897989302291613,14.7086322995286,0.10084652410696,0.920473505932327,0.981377082447312,-5.93159172096456,"PRKAR2A",0.779441626098372,0.0359887073153,""
"RPS23",0.00896495194417746,10.9344313064114,0.0506649892603311,0.960010047528088,0.992924401101024,-5.91601275948653,"RPS23",0.788612882478316,0.0177242215821291,""
"TNNT1",0.00891557510571417,20.0231554740068,0.0739859392685422,0.941608033329421,0.989143782476595,-5.933865622817,"TNNT1",0.785610192094581,0.0261298449652203,""
"TMED9",0.00866424694526025,12.9027881349879,0.110912349719371,0.912567948225435,0.979332904497247,-5.93055976274971,"TMED9",0.777818073425368,0.0397347888542606,""
"USP5",0.00863490133763634,13.4555098138551,0.15921510011049,0.874773583130835,0.969535100810004,-5.92424479022678,"USP5",0.770036338784558,0.0581043404877786,""
"CCDC51",0.00861910399755494,12.1217381999628,0.0711574777704951,0.943859613262802,0.989143782476595,-5.91480532551031,"CCDC51",0.785610192094581,0.0250925965062278,""
"GDI1",0.00850386626173716,12.7810055651547,0.161727634444099,0.872815117042907,0.968484547085433,-5.92385463045455,"GDI1",0.769201954817345,0.0590777404313299,""
"NDUFA5",0.00844968340908636,16.1772294501909,0.11996089365258,0.905469150365951,0.976343906745159,-5.92954845250983,"NDUFA5",0.775444114108443,0.0431263416548015,""
"TOLLIP",0.00843305010011619,13.9001498261366,0.109015859521465,0.914056748862772,0.98019886347649,-5.9307616862162,"TOLLIP",0.778505846236643,0.0390268404227544,""
"SCRN2",0.00837766063448697,12.8859843075837,0.0624608885215741,0.950690529497892,0.99037776164343,-5.9346271727546,"SCRN2",0.786590258519172,0.0219608323836023,""
"ESYT2",0.00813960051576323,14.2847652009957,0.120447119769845,0.905087915698101,0.976343906745159,-5.9294918678192,"ESYT2",0.775444114108443,0.0433092335592964,""
"UQCRH",0.00812862599920905,17.4697236965602,0.124366767803758,0.902015497798992,0.976186681000915,-5.92902736869339,"UQCRH",0.775319240304123,0.0447860006501166,""
"RPL35",0.00809206976305887,10.2777587998642,0.0405720900635264,0.968058120447364,0.992924401101024,-5.80484395796341,"RPL35",0.788612882478316,0.0140985676587167,""
"RPSA",0.00803200947847849,13.5860780365854,0.15177271833817,0.880579487232187,0.97104534079079,-5.92536471041933,"RPSA",0.771235820540833,0.0552314354852031,""
"RAB18",0.00798647110599759,10.6877183706848,0.0551499650265775,0.9564556208282,0.992352908654303,-5.93504359528231,"RAB18",0.788158984573074,0.0193351762656053,""
"PKM",0.00793546001741419,18.8264634522606,0.0995021923041165,0.921529974931062,0.981377082447312,-5.93172212358233,"PKM",0.779441626098372,0.0354905337651094,""
"CELF1",0.00750323999183955,12.4054654130837,0.0796569218720737,0.937141803749377,0.988589402050565,-5.93344369300184,"CELF1",0.785169885113227,0.0281946888066802,""
"PAFAH1B1",0.0073075231680626,13.4723296348282,0.119034912120905,0.90619524731622,0.976343906745159,-5.92965558160865,"PAFAH1B1",0.775444114108443,0.0427782198767098,""
"DDX39B",0.00729976566272761,14.6609302443915,0.118039535951552,0.906975851958153,0.976343906745159,-5.92976981447084,"DDX39B",0.775444114108443,0.0424042757854764,""
"NGLY1",0.00723102348807458,11.1393610297837,0.0477367794943776,0.962303818470217,0.992924401101024,-5.93541299270829,"NGLY1",0.788612882478316,0.0166877908999981,""
"AHCY",0.00718480544767885,14.6104984126632,0.123005603305117,0.903082273309961,0.976186681000915,-5.92919035751923,"AHCY",0.775319240304123,0.0442726824474189,""
"EIF3K",0.0069302297171614,13.7728239278874,0.0805584541919705,0.936431983805741,0.988589402050565,-5.93337374978174,"EIF3K",0.785169885113227,0.028523761407357,""
"SUCLG2",0.00671569137947259,14.5721890074823,0.0564589666740361,0.955423209488567,0.992352908654303,-5.93497283976425,"SUCLG2",0.788158984573074,0.0198042128847972,""
"DCAF7",0.00646571998062839,11.283775483606,0.101265291637225,0.920144439732,0.981377082447312,-5.931550742592,"DCAF7",0.779441626098372,0.0361439938991802,""
"SCN1B",0.00632994977244117,11.9699663435983,0.0560180195755997,0.955789273348079,0.992352908654303,-5.91573653966655,"SCN1B",0.788158984573074,0.0196378477971032,""
"COQ5",0.00631655681894294,14.6986824471884,0.0731646406496289,0.942255018939335,0.989143782476595,-5.93392414786153,"COQ5",0.785610192094581,0.0258315405943531,""
"C9",0.00628942206694916,11.8863382814973,0.0350190663912833,0.972352967196797,0.993867215845985,-5.91666121401142,"C9",0.789361696640645,0.0121760561850341,""
"NOL3",0.00621322708341943,15.0034619574904,0.0646344002403312,0.94897710150583,0.99037776164343,-5.93449339142299,"NOL3",0.786590258519172,0.022744266824174,""
"RCC1",0.00611619719835943,15.0475214855083,0.0488374411474866,0.96146863534637,0.992924401101024,-5.89373099875571,"RCC1",0.788612882478316,0.0170648785790878,""
"CS",0.00584314734611269,18.4383211860975,0.0850782092368043,0.932874182134215,0.98748647777462,-5.93301123706324,"CS",0.784293906749272,0.0301769261243318,""
"RAB11B",0.00581005322711015,15.2444581334287,0.0771444440763366,0.939120276650686,0.989000291344587,-5.93363446611963,"RAB11B",0.785496226766407,0.0272787824510831,""
"GALE",0.00580428665756472,10.9619981707972,0.0442553324423616,0.96511701031482,0.992924401101024,-5.85186483898678,"GALE",0.788612882478316,0.0154200298132877,""
"RRAD",0.0056218563667283,12.258713066131,0.033878060093293,0.97324235511201,0.994120964100917,-5.93596081450068,"RRAD",0.789563231765096,0.0117789990104774,""
"TMED10",0.00546084245963385,13.211193364355,0.0723436482790127,0.942901803695619,0.989143782476595,-5.93398199844693,"TMED10",0.785610192094581,0.0255335334914084,""
"ERLIN2",0.00537691166127985,11.4858032260317,0.0455575589745649,0.964023410852475,0.992924401101024,-5.93551146067415,"ERLIN2",0.788612882478316,0.0159124193330689,""
"NIPSNAP3B",0.00508917080704485,15.4090356887717,0.0188142067500677,0.985138077272274,0.994528067321412,-5.9363452715444,"NIPSNAP3B",0.789886566395431,0.00650289438077653,""
"ATP5F1C",0.00483283022128589,17.8063154961453,0.0526741249697589,0.958408529581567,0.992924401101024,-5.93517288481767,"ATP5F1C",0.788612882478316,0.0184493298319305,""
"TMED2",0.00475180628560068,9.60535441641426,0.0233246528130263,0.98161047573618,0.994528067321412,-5.85759915235455,"TMED2",0.789886566395431,0.00806081547039579,""
"LCMT1",0.00469736578420132,13.6134873233955,0.071005875488165,0.943955797809078,0.989143782476595,-5.93407486565558,"LCMT1",0.785610192094581,0.0250483417369496,""
"UQCR11",0.00464941478690051,16.0352921600526,0.0465271290469925,0.963258314267457,0.992924401101024,-5.93546821863418,"UQCR11",0.788612882478316,0.0162572337295536,""
"SGCB",0.00434476746001877,14.2312908590744,0.0492393276766019,0.961118286565822,0.992924401101024,-5.93534242135823,"SGCB",0.788612882478316,0.0172231596347671,""
"AK4",0.00415879237367811,11.536355934263,0.0183540630705966,0.985537362714397,0.994528067321412,-5.83179432275654,"AK4",0.789886566395431,0.00632690653105472,""
"NAPA",0.0041583034462942,14.2707876851464,0.0833604301053019,0.934226197598892,0.987826523757563,-5.93315134304553,"NAPA",0.784563982338598,0.0295479583786658,""
"PPIL1",0.00408695037861939,12.3090019827978,0.0369115154792812,0.970847549338659,0.993867215845985,-5.93585680752679,"PPIL1",0.789361696640645,0.0128489613165239,""
"TST",0.00395507473283807,15.6720805378166,0.0476213580191778,0.962394891349348,0.992924401101024,-5.93541832336973,"TST",0.788612882478316,0.0166466910138859,""
"EPHX2",0.003602207504521,13.4546931777445,0.0233469409425946,0.981558141358928,0.994528067321412,-5.93625270733268,"EPHX2",0.789886566395431,0.00808397041598932,""
"HSPB8",0.00347064369585404,14.5946258533485,0.0354647653675848,0.971989674028662,0.993867215845985,-5.93590752344706,"HSPB8",0.789361696640645,0.0123383487940884,""
"COPZ1",0.00320351737736146,12.3543056507007,0.0425440804851981,0.966401595190998,0.992924401101024,-5.93564004703803,"COPZ1",0.788612882478316,0.0148423618540731,""
"PEF1",0.00291770174720085,11.2330972773259,0.0170325420230792,0.986596994648414,0.994528067321412,-5.7834623855973,"PEF1",0.789886566395431,0.00586021181083082,""
"CAND2",0.00256241966674686,14.7477840466322,0.0408148429334602,0.967766423720421,0.992924401101024,-5.93570986278206,"CAND2",0.788612882478316,0.0142294496441126,""
"TXNDC12",0.00241588944915883,12.5382255023739,0.0205709417522809,0.983750572896578,0.994528067321412,-5.93631175877647,"TXNDC12",0.789886566395431,0.00711500171725019,""
"TMEM182",0.00230077832134512,11.5138570995715,0.0145335509422647,0.988623311012219,0.994528067321412,-5.61785340283516,"TMEM182",0.789886566395431,0.00496915340931368,""
"TMEM38A",0.00219363530122152,11.0784506526683,0.0139623343333757,0.988991204524428,0.994528067321412,-5.85776733839779,"TMEM38A",0.789886566395431,0.00480757073193304,""
"LSS",0.00219277835573806,13.918332145906,0.0233801744392646,0.981531895033196,0.994528067321412,-5.93625195516675,"LSS",0.789886566395431,0.00809558336722923,""
"NDUFS6",0.00211320548429406,14.9239290226411,0.030393249176155,0.975993804582611,0.994518441158237,-5.93606929607031,"NDUFS6",0.789878920983272,0.0105529391408133,""
"CD2AP",0.0020027763717998,10.8173583826865,0.0160683877618614,0.987306873770002,0.994528067321412,-5.93639166468418,"CD2AP",0.789886566395431,0.00554783935587173,""
"RRAS2",0.00186522712900405,12.9034120826605,0.016070177380542,0.987305460198026,0.994528067321412,-5.93639163682547,"RRAS2",0.789886566395431,0.00554846115540037,""
"RTRAF",0.00183514136719332,13.3593311513358,0.0208203970154726,0.983553552273801,0.994528067321412,-5.93630675759093,"RTRAF",0.789886566395431,0.0072019887453202,""
"RPS12",0.00178507572010389,15.6763731202179,0.0305622454753295,0.975860365458271,0.994518441158237,-5.93606430663238,"RPS12",0.789878920983272,0.0106123204986531,""
"SYNE2",0.00176865321276409,11.8548965214099,0.0250520844630395,0.980211523459029,0.994528067321412,-5.9362127344511,"SYNE2",0.789886566395431,0.00868019618652785,""
"NDUFA1",0.00147017742311739,13.9038453976144,0.013319578177822,0.989478132061241,0.994528067321412,-5.93643079279664,"NDUFA1",0.789886566395431,0.00459379946675981,""
"FECH",0.00135551489277752,14.2796963393911,0.0163915243502754,0.987051637502947,0.994528067321412,-5.93638658417377,"FECH",0.789886566395431,0.00566012666574801,""
"CPSF7",0.000955779485625641,9.45974291788522,0.00538029713713566,0.995749697793338,0.997484453364406,-5.93650270402695,"CPSF7",0.792234624431369,0.00184981672551946,""
"MCTS1",0.000825998220477686,13.804380694677,0.0142718832909432,0.988725905173143,0.994528067321412,-5.93641806579679,"MCTS1",0.789886566395431,0.00492408693583471,""
"NUP62",0.000728953063527271,10.8544277204543,0.00384023199201778,0.996966303856035,0.998007703198503,-5.93650958220275,"NUP62",0.792650206483201,0.00131952002002762,""
"SIL1",0.00059086473184955,9.47603169435064,0.0041718716606979,0.99671246422174,0.998007703198503,-5.83194787020546,"SIL1",0.792650206483201,0.00143011070777881,""
"OXSM",0.000565864669120231,11.616200447426,0.00633574450944375,0.994994927614353,0.997158456809326,-5.93649728194873,"OXSM",0.791975707355009,0.00217913323890938,""
"ACYP2",0.000475292745685252,15.5944067597587,0.00311254168559618,0.997541160531789,0.998235585286771,-5.93651203286351,"ACYP2",0.792831197856053,0.00106917541762766,""
"EEA1",0.000436823661370767,11.7032832611848,0.00677108625871643,0.994651024312738,0.997158456809326,-5.93649451815291,"EEA1",0.791975707355009,0.00232926578640341,""
"DCPS",-0.000200255038823371,11.7237803996044,-0.00206785268546178,0.998366440330793,0.998713819050462,-5.9365146542343,"DCPS",0.79321102667934,0.000710026043172746,""
"CTSC",-0.000201889614089623,9.79613479126433,-0.000850197446839932,0.999328638944428,0.999328638944428,-5.91725407947942,"CTSC",0.793699336653642,0.000291666319462508,""
"CHCHD3",-0.000455697882770778,15.3856636547286,-0.00881068803685639,0.993039832202998,0.996492303707059,-5.93647912456382,"CHCHD3",0.791446626875601,0.00303333100208304,""
"NDUFA10",-0.000540082418236665,16.9009687206162,-0.00873714936708953,0.993097923906963,0.996492303707059,-5.93647974961659,"NDUFA10",0.791446626875601,0.00300792601050496,""
"PBXIP1",-0.000624593499505721,13.622421766337,-0.00623130564526821,0.995077430464681,0.997158456809326,-5.93649791767989,"PBXIP1",0.791975707355009,0.00214312396264995,""
"CSRP1",-0.000699585876574815,13.1124289508478,-0.00838911986255954,0.993372849538932,0.996492303707059,-5.93648263667928,"CSRP1",0.791446626875601,0.00288771413801585,""
"ARF1",-0.0010152042691054,14.5821204540272,-0.0134383396464995,0.989384321686523,0.994528067321412,-5.93642925356739,"ARF1",0.789886566395431,0.00463497598010314,""
"PGM1",-0.00105484688338464,19.3830416221107,-0.0127221630028394,0.989950036094386,0.994528067321412,-5.93643832846665,"PGM1",0.789886566395431,0.00438672418637055,""
"MRPS36",-0.00112416399642434,15.272345018797,-0.0133909621630722,0.989421745417599,0.994528067321412,-5.93642986924984,"MRPS36",0.789886566395431,0.00461854898387486,""
"SF3B6",-0.00133280253939638,10.8882665737414,-0.0143470892594863,0.988666500337005,0.994528067321412,-5.93641702328422,"SF3B6",0.789886566395431,0.00495018109141967,""
"GUSB",-0.00143955640733573,11.6952401788056,-0.0151941267649147,0.987997434133481,0.994528067321412,-5.93640490319791,"GUSB",0.789886566395431,0.00524418329002133,""
"PDP1",-0.00146880620412126,13.4155429716449,-0.0180955403494219,0.985705708339789,0.994528067321412,-5.93635811970192,"PDP1",0.789886566395431,0.00625272838690661,""
"RALY",-0.00153224491456783,10.460568160229,-0.0168236230690317,0.986710337394814,0.994528067321412,-5.93637963244525,"RALY",0.789886566395431,0.00581032183314684,""
"APEH",-0.00153514424032331,14.7864885303825,-0.0292465641016304,0.976899243340764,0.994528067321412,-5.93610242006692,"APEH",0.789886566395431,0.0101502267803372,""
"UBR4",-0.00164720685627984,11.4046634178712,-0.023467357170052,0.981463042121893,0.994528067321412,-5.93624997689578,"UBR4",0.789886566395431,0.00812604950739907,""
"MCCC1",-0.00166561060759562,12.6698565002282,-0.0202073100617405,0.984037772333103,0.994528067321412,-5.93631894104078,"MCCC1",0.789886566395431,0.00698823083594409,""
"CAST",-0.00174040572231426,13.1889492230703,-0.0264462650404607,0.979110529304615,0.994528067321412,-5.93617795851624,"CAST",0.789886566395431,0.0091682790267358,""
"HADH",-0.00178438983332185,16.7152378121549,-0.0232181264922449,0.981659873436581,0.994528067321412,-5.93625561264978,"HADH",0.789886566395431,0.00803896096755934,""
"TSFM",-0.00184804126979721,12.8876790441067,-0.0231892539354579,0.981682675775761,0.994528067321412,-5.93625626164439,"TSFM",0.789886566395431,0.00802887314046584,""
"FNBP1L",-0.00202749471170272,10.3329268474022,-0.0122046552276638,0.990376993649114,0.994528067321412,-5.85778949723628,"FNBP1L",0.789886566395431,0.0041994568208157,""
"GSTZ1",-0.00205129743124566,13.5871536390438,-0.0188597655634805,0.985102093390385,0.994528067321412,-5.93634444019038,"GSTZ1",0.789886566395431,0.00651875803189513,""
"SDHC",-0.00208464370954431,13.2650595567781,-0.0122814384588715,0.990298171080778,0.994528067321412,-5.9364436660621,"SDHC",0.789886566395431,0.00423402302036777,""
"FGB",-0.00218503630904543,14.3234912476425,-0.0138189831273037,0.98908365024349,0.994528067321412,-5.93642422809491,"FGB",0.789886566395431,0.0047669770551096,""
"NAXE",-0.0022725590907875,13.5947484203049,-0.035850679575718,0.971685011245908,0.993867215845985,-5.93589419346389,"NAXE",0.789361696640645,0.012474496440068,""
"RPL7A",-0.00244624966967244,12.6814144775957,-0.0186603340712345,0.985259611321714,0.994528067321412,-5.93634806453893,"RPL7A",0.789886566395431,0.00644931984868301,""
"ARL1",-0.00257614729814115,12.2855387612004,-0.0213586143926319,0.983128469983809,0.994528067321412,-5.9362957618467,"ARL1",0.789886566395431,0.00738972717347858,""
"ARHGDIA",-0.00261692661786483,15.5832024535967,-0.0367113721234647,0.971005547101608,0.993867215845985,-5.93586394439564,"ARHGDIA",0.789361696640645,0.0127782890737276,""
"MT-ATP6",-0.0026266991716728,15.6870041948838,-0.0191435217007957,0.984877973983931,0.994528067321412,-5.93633921696828,"MT-ATP6",0.789886566395431,0.00661757509460775,""
"VCP",-0.00271467202293785,15.2516737762118,-0.0648625018999099,0.948797298220173,0.99037776164343,-5.93447908638305,"VCP",0.786590258519172,0.0228265606679878,""
"THOC2",-0.00271630509967125,17.3321485754886,-0.019069224731153,0.984936655915529,0.994528067321412,-5.93634059212231,"THOC2",0.789886566395431,0.00659169932061264,""
"NDRG2",-0.00276661972942804,16.2803451118516,-0.0360734637633637,0.971509134638475,0.993867215845985,-5.93588643253159,"NDRG2",0.789361696640645,0.0125531115804792,""
"ATP5F1A",-0.00310223995174752,19.1097611368685,-0.0324151129975844,0.974397393001495,0.994301576628631,-5.93600778831741,"ATP5F1A",0.789706680114169,0.0112638866637654,""
"EPN1",-0.00313449934800936,10.7579294195438,-0.0244916341771663,0.980654126363045,0.994528067321412,-5.93622618354702,"EPN1",0.789886566395431,0.00848413991702225,""
"ITGA7",-0.00314044478903419,12.7801705415476,-0.0495481399828234,0.960874640466534,0.992924401101024,-5.9353276462696,"ITGA7",0.788612882478316,0.017333268423969,""
"SIRT2",-0.00318228885200078,12.0606010582442,-0.0423965785592681,0.966518009443705,0.992924401101024,-5.93564611522169,"SIRT2",0.788612882478316,0.0147900492100236,""
"LARP4",-0.003196939066056,10.7513502391697,-0.0196768486235031,0.984477725188808,0.994528067321412,-5.8776570440286,"LARP4",0.789886566395431,0.00679410576966738,""
"NUTF2",-0.00325072304315377,15.3176531247,-0.0455855864846203,0.964001293591924,0.992924401101024,-5.93551022344859,"NUTF2",0.788612882478316,0.0159223833176489,""
"ACAA1",-0.00341960977536004,12.6881355506533,-0.0321731095262187,0.974588467109386,0.994301576628631,-5.93601535898871,"ACAA1",0.789706680114169,0.0111787321917336,""
"SLC25A4",-0.00343670588256728,20.2859409118651,-0.0425683006458607,0.966382479771403,0.992924401101024,-5.935639048614,"SLC25A4",0.788612882478316,0.0148509522821061,""
"TMX3",-0.00358435629613396,12.6660792433332,-0.0405641308102161,0.967964310706949,0.992924401101024,-5.93571974457341,"TMX3",0.788612882478316,0.0141406550353783,""
"LMLN",-0.00399023091768491,14.1001947387551,-0.0337251400432025,0.973374091806637,0.994120964100917,-5.91670424068575,"LMLN",0.789563231765096,0.0117202175081238,""
"GOT2",-0.00412741865668309,18.1913338144944,-0.0413843950574101,0.967316884283536,0.992924401101024,-5.93568718770444,"GOT2",0.788612882478316,0.0144312316547799,""
"SNF8",-0.00422634531450505,10.8965281953214,-0.0487712168376356,0.961487623031655,0.992924401101024,-5.93536464196164,"SNF8",0.788612882478316,0.01705630194412,""
"PRR33",-0.00424816442489018,12.9144711244605,-0.0306495790637661,0.975791407320127,0.994518441158237,-5.93606171735812,"PRR33",0.789878920983272,0.0106430105421419,""
"ENSA",-0.00434469899832912,13.098142662161,-0.0497349635232425,0.960727242693487,0.992924401101024,-5.93531866288213,"ENSA",0.788612882478316,0.0173998941284562,""
"SCRIB",-0.00442524827159119,10.201083218437,-0.0287326064975801,0.977480549688596,0.994528067321412,-5.66346887562934,"SCRIB",0.789886566395431,0.00989187561696128,""
"SLC25A12",-0.00448485512407437,15.6577573963443,-0.0490906430007008,0.961235596871428,0.992924401101024,-5.93534950222104,"SLC25A12",0.788612882478316,0.0171701545987047,""
"THEM6",-0.00449533712339623,12.660385767349,-0.053833447891181,0.95749403780226,0.992924401101024,-5.93511308343514,"THEM6",0.788612882478316,0.0188639216493035,""
"PSMC1",-0.00456114389479723,12.604052051792,-0.0711382835817609,0.94385147246774,0.989143782476595,-5.93406575123787,"PSMC1",0.785610192094581,0.0250963423150014,""
"CDSN",-0.00462415368823699,11.0719963061445,-0.0185198845202221,0.985466599243515,0.994528067321412,-5.65663136662967,"CDSN",0.789886566395431,0.00635809082650111,""
"GPX1",-0.00467001563964686,15.1766303379588,-0.0647635348876823,0.948875309562369,0.99037776164343,-5.93448529913191,"GPX1",0.786590258519172,0.0227908538813468,""
"ACTN1",-0.00469206435023217,15.2128737643813,-0.0553457841969354,0.956301173014292,0.992352908654303,-5.9350331162037,"ACTN1",0.788158984573074,0.0194053115109056,""
"CYB5R1",-0.00472027986590362,16.7092058786859,-0.0485540628091016,0.961658959156916,0.992924401101024,-5.93537487792021,"CYB5R1",0.788612882478316,0.0169789179998722,""
"C12orf57",-0.0048429917991033,9.41642391961248,-0.0349160618654965,0.972434253278176,0.993867215845985,-5.91666469853184,"C12orf57",0.789361696640645,0.0121397518569849,""
"RPL4",-0.00488719857588826,11.8677269801861,-0.0433492104386289,0.965766168797482,0.992924401101024,-5.93560655281784,"RPL4",0.788612882478316,0.0151280121909144,""
"USP9X",-0.00493066779748474,12.0678764129355,-0.0623694077817922,0.950762651177693,0.99037776164343,-5.93463270315281,"USP9X",0.786590258519172,0.0219278870048818,""
"PSMA1",-0.00495029651075463,15.3398761970761,-0.0786613939947604,0.937925692481507,0.988589402050565,-5.93352001460894,"PSMA1",0.785169885113227,0.0278315674029891,""
"G3BP1",-0.0050805997500909,13.2858017239315,-0.0708568326688957,0.944073230996792,0.989143782476595,-5.93408510483256,"G3BP1",0.785610192094581,0.0249943165236673,""
"DHRS7C",-0.00520080849899252,13.7105370793528,-0.0399677699837925,0.968435026472346,0.992956740766047,-5.93574300543657,"DHRS7C",0.788638567693045,0.0139295113321575,""
"NEK7",-0.00530639983804804,12.2304593144322,-0.0598452373744675,0.952752825819629,0.991840044280176,-5.9347821035021,"NEK7",0.787751650991633,0.0210197544570791,""
"WASHC5",-0.00552435834147325,10.8954781701576,-0.0416891326211026,0.967076363748772,0.992924401101024,-5.93567492643341,"WASHC5",0.788612882478316,0.0145392311442087,""
"CPPED1",-0.00552877742589075,13.2331024900827,-0.0487966202129872,0.961467579704815,0.992924401101024,-5.93536344154266,"CPPED1",0.788612882478316,0.0170653554116512,""
"HLA-A",-0.00553332390414596,12.5579522990738,-0.0640198534881766,0.94946153747039,0.99037776164343,-5.93453168106728,"HLA-A",0.786590258519172,0.0225226237681478,""
"LANCL2",-0.00555302455945927,11.7508159956565,-0.0631974916193414,0.950109821257113,0.99037776164343,-5.93458234667361,"LANCL2",0.786590258519172,0.0222261925960121,""
"ITIH4",-0.00560752627124828,12.8672317569734,-0.0435982213514077,0.965569648518075,0.992924401101024,-5.93559606659835,"ITIH4",0.788612882478316,0.0152163942034653,""
"ARHGAP10",-0.00564926310168623,9.66541654996366,-0.0302922466077371,0.976184709895146,0.994518441158237,-5.75673718805812,"ARHGAP10",0.789878920983272,0.0104679990357468,""
"INPP1",-0.00580666517383222,10.8086978489791,-0.0354729847335482,0.97199476092318,0.993867215845985,-5.91664573622559,"INPP1",0.789361696640645,0.0123360759258706,""
"CARD19",-0.00587073838323704,14.5656464169097,-0.069616704172622,0.945050397536738,0.989806882665982,-5.93416946719943,"CARD19",0.786136847851197,0.0245450308679932,""
"RPLP1",-0.00591450131856064,14.6234085564989,-0.0766592957924905,0.93950235729122,0.989040379792112,-5.93367059968601,"RPLP1",0.785528066316449,0.0271021258803426,""
"UGP2",-0.00596765762016105,16.9149292894927,-0.0866792680723218,0.931614218764325,0.987243228509928,-5.93287807964614,"UGP2",0.784100710264648,0.0307638916661656,""
"C3",-0.00620487402711589,14.2900690111049,-0.0461580927408831,0.963549519992093,0.992924401101024,-5.9354847846713,"C3",0.788612882478316,0.0161259606072189,""
"MICU2",-0.00648518046073931,10.9514916381213,-0.0571962889478549,0.954860400382993,0.992312663315992,-5.91567201897867,"MICU2",0.788127020415262,0.0200601171858387,""
"WDR43",-0.00665439969365877,12.8260814893024,-0.0713126005787709,0.943762763968526,0.989143782476595,-5.89660876381443,"WDR43",0.785610192094581,0.0251371616847556,""
"CUL3",-0.00667597449367996,13.8599475342894,-0.103246434679871,0.918587861418205,0.981377082447312,-5.93135457849415,"CUL3",0.779441626098372,0.0368792978185119,""
"RPS6KA3",-0.00681075280822263,13.6400570702445,-0.133302596105805,0.895017038752586,0.976186681000915,-5.92791289647002,"RPS6KA3",0.775319240304123,0.0481686967893512,""
"CSNK2B",-0.00686526141160648,13.6489839589359,-0.118586632751479,0.90654678995276,0.976343906745159,-5.92970714630242,"CSNK2B",0.775444114108443,0.0426097755796416,""
"CAVIN1",-0.00691442603745784,14.0726946008611,-0.083442310534156,0.934161747223709,0.987826523757563,-5.93314472951336,"CAVIN1",0.784563982338598,0.0295779205098036,""
"GMFB",-0.00709354928130246,10.5712565995683,-0.0594625591490093,0.953201406033435,0.991840044280176,-5.81017722252873,"GMFB",0.787751650991633,0.020815325712791,""
"MACROH2A1",-0.00728000667123752,13.6993435573804,-0.118201378357796,0.90684892364934,0.976343906745159,-5.92975130609373,"MACROH2A1",0.775444114108443,0.042465058133304,""
"MAOB",-0.00741701115088667,14.048299519549,-0.104617853992711,0.917510534697642,0.981377082447312,-5.93121656255514,"MAOB",0.779441626098372,0.0373889405529427,""
"PCMT1",-0.00755010826054914,15.2925666474946,-0.127071093573675,0.899896615045337,0.976186681000915,-5.92869823198969,"PCMT1",0.775319240304123,0.045807381776644,""
"MTPN",-0.00759281841103743,14.4850241512919,-0.0843902850001571,0.93341560345632,0.987695936671668,-5.93306768858029,"MTPN",0.784460265823918,0.0299249434997824,""
"SART3",-0.0076252201938658,15.548897313367,-0.0323761761052532,0.974428135562902,0.994301576628631,-5.93600901022187,"SART3",0.789706680114169,0.0112501847447539,""
"CCT8",-0.00775584109296723,14.3137802316469,-0.137852342876169,0.891457008912268,0.975614351207754,-5.92731580106223,"CCT8",0.77486467735108,0.0498995961143935,""
"SUN1",-0.00783173501238821,12.162711256525,-0.0935199699319661,0.926232973350042,0.984443548384979,-5.93228120641685,"SUN1",0.781877113170141,0.0332797624383514,""
"MIF4GD",-0.00799713349088194,10.3747503627947,-0.0582331130049549,0.954086263947955,0.992042679511889,-5.87620796261436,"MIF4GD",0.787912590489137,0.0204123566765373,""
"TOMM40",-0.00801421212309172,11.873240973965,-0.106888853908253,0.915726891271804,0.98086601034192,-5.93098401418909,"TOMM40",0.779035715995105,0.0382340321171653,""
"MPI",-0.00801598151028138,15.1288142723508,-0.125395234303465,0.901209589608399,0.976186681000915,-5.92890302978226,"MPI",0.775319240304123,0.0451741956745126,""
"BCL2L13",-0.00812467621937785,14.7113977507104,-0.196100923264518,0.846110144276699,0.961868985684266,-5.91790516388042,"BCL2L13",0.763947660593132,0.0725730980272516,""
"HNRNPH2",-0.00818397439548058,11.6325691175878,-0.076149200147155,0.939929006135577,0.989127339912073,-5.91444970812948,"HNRNPH2",0.785597132874575,0.0269049478981045,""
"DBT",-0.00819014899617265,13.6412687319368,-0.0913962373487251,0.927903239066627,0.985370420854358,-5.93247135606841,"DBT",0.782613265458227,0.0324973092664816,""
"BUB3",-0.00836151341454894,11.1388522748874,-0.06691607551986,0.94717867513197,0.99037776164343,-5.934348031391,"BUB3",0.786590258519172,0.0235680882571001,""
"PEX14",-0.00848904431455999,9.62168359842553,-0.0447759742416775,0.964750674633758,0.992924401101024,-5.81091196699956,"PEX14",0.788612882478316,0.015584909061706,""
"WDR1",-0.00868245148911484,16.4035503480624,-0.158093178000291,0.875648360749585,0.969756948056648,-5.92441703965047,"WDR1",0.770212537089737,0.0576702610069177,""
"SF3A1",-0.00869643597342851,11.0523356488761,-0.0640202246058847,0.949504886038991,0.99037776164343,-5.89290370941741,"SF3A1",0.786590258519172,0.0225027960935648,""
"CEFIP",-0.00901790739212238,10.6245936790625,-0.0850932034753361,0.932862381490568,0.98748647777462,-5.93301000152568,"CEFIP",0.784293906749272,0.0301824198842965,""
"RPS14",-0.0090564658023542,12.1923910929816,-0.073324194830458,0.942129325475064,0.989143782476595,-5.93391282927232,"RPS14",0.785610192094581,0.0258894777961631,""
"COX11",-0.00905726049980693,11.43184271021,-0.0530648391156082,0.958100321694172,0.992924401101024,-5.93515287600769,"COX11",0.788612882478316,0.0185890140142805,""
"TXNL1",-0.00933522273354725,14.6735982948196,-0.125539745238618,0.901096359214597,0.976186681000915,-5.92888547684699,"TXNL1",0.775319240304123,0.0452287650280775,""
"LRG1",-0.00934133714644858,10.4486180165497,-0.0593608680254971,0.953198169288022,0.991840044280176,-5.86692653834153,"LRG1",0.787751650991633,0.0208168004305686,""
"PRKACA",-0.00940821219270305,15.1915400858037,-0.16708880951886,0.868638976186387,0.967275379728502,-5.92300174102653,"PRKACA",0.768241594739891,0.0611606875654271,""
"SEC23A",-0.00943404567899897,11.9261396275991,-0.118566426340226,0.906562636366593,0.976343906745159,-5.92970946602913,"SEC23A",0.775444114108443,0.0426021841899705,""
"PACSIN2",-0.00963415158707903,12.255239552817,-0.11913369999346,0.906117780054566,0.976343906745159,-5.92964419210409,"PACSIN2",0.775444114108443,0.0428153476838569,""
"SHMT1",-0.00993485541525629,11.5515053152401,-0.0717838709924809,0.943342823918465,0.989143782476595,-5.93402106858416,"SHMT1",0.785610192094581,0.0253304499147866,""
"GNG12",-0.00993613103705115,11.0002273199857,-0.0801189229375784,0.936804252444116,0.988589402050565,-5.91414970373414,"GNG12",0.785169885113227,0.0283511465343026,""
"PFAS",-0.0101111891156247,11.1285324721551,-0.123233426222795,0.902903710329149,0.976186681000915,-5.92916320232471,"PFAS",0.775319240304123,0.0443585623138124,""
"FILIP1",-0.0101522877344404,11.5756671202702,-0.10108946340784,0.920282603235287,0.981377082447312,-5.93156796887453,"FILIP1",0.779441626098372,0.0360787876771567,""
"HAX1",-0.0102883222206902,12.5837028277234,-0.089398809413298,0.929503746288699,0.986087902434302,-5.91338896824475,"HAX1",0.783183112685526,0.0317488555002256,""
"ACE",-0.0103454800088834,11.9553066967543,-0.100186881450553,0.921099237049279,0.981377082447312,-5.87300255154361,"ACE",0.779441626098372,0.035693577424025,""
"SBDS",-0.0106792571189551,12.6564519546173,-0.133801673856548,0.894626415593998,0.976186681000915,-5.92784837590091,"SBDS",0.775319240304123,0.0483582825803759,""
"MYOZ2",-0.0108272987176967,16.4384966140665,-0.0633720042834547,0.949972246601054,0.99037776164343,-5.9345716497052,"MYOZ2",0.786590258519172,0.0222890824207109,""
"NSUN2",-0.0108323880919894,11.433424902035,-0.0951815973795249,0.924926382479822,0.983418398531615,-5.93212938838194,"NSUN2",0.781062905784426,0.0338928326178427,""
"PPP2CB",-0.0109398956314042,14.5265854765569,-0.129568527901536,0.897940506628232,0.976186681000915,-5.92838799597231,"PPP2CB",0.775319240304123,0.0467524367168725,""
"RPS10",-0.0112440382317622,13.1178863341725,-0.109065271556077,0.914017954877614,0.98019886347649,-5.93075646934837,"RPS10",0.778505846236643,0.0390452729448535,""
"PON1",-0.0113155631514754,10.692851644861,-0.0520047618056428,0.958953542688256,0.992924401101024,-5.91594622640398,"PON1",0.788612882478316,0.0182024320815282,""
"NDUFB6",-0.0114886291974674,13.4932269546941,-0.153013964798436,0.879610691379408,0.970779553825642,-5.92518164612638,"NDUFB6",0.771024723880828,0.0557095005722041,""
"DARS1",-0.0115371853271249,12.4108440154894,-0.192693918886921,0.848749279442009,0.962707382060953,-5.91854574453241,"DARS1",0.764613542288199,0.0712205814118748,""
"LMNB1",-0.0119413600903471,10.5560590354699,-0.0350856780505881,0.972288951494036,0.993867215845985,-5.93592047717407,"LMNB1",0.789361696640645,0.0122046492809734,""
"RAB2A",-0.0121095511770477,12.4632382508018,-0.225141182709538,0.8236923272075,0.959272741170839,-5.91199107571007,"RAB2A",0.761885638683828,0.0842349795024925,""
"NDUFA9",-0.0122347720926363,17.0592281326599,-0.13483844784607,0.893815029722161,0.976186681000915,-5.92771357266591,"NDUFA9",0.775319240304123,0.0487523468444677,""
"LSM2",-0.0122463619104636,12.5869849322701,-0.140684890076004,0.889241798916016,0.975505524404958,-5.92693396168102,"LSM2",0.77477824356161,0.0509801314297208,""
"ADPRS",-0.012299041073824,12.6853790971695,-0.183337890046681,0.856005815438439,0.964726271809296,-5.92024728179799,"ADPRS",0.766217010248177,0.067523284850598,""
"RAB7A",-0.0123602220786321,14.5095490351562,-0.130683275528456,0.897067595225989,0.976186681000915,-5.92824757365429,"RAB7A",0.775319240304123,0.0471748310611401,""
"CFH",-0.0123904455321568,12.9877113220128,-0.125807797026216,0.900886335022449,0.976186681000915,-5.92885286463711,"CFH",0.775319240304123,0.045330000570928,""
"MYG1",-0.012441769522324,11.942575712934,-0.128658736628423,0.898695319738101,0.976186681000915,-5.90924993668964,"MYG1",0.775319240304123,0.0463875200398695,""
"DDX19B",-0.0124638270783137,12.1805753435508,-0.185280956952749,0.854497687295785,0.964160459566477,-5.91990085100907,"DDX19B",0.765767623745784,0.0682891083628323,""
"COPS6",-0.0125000650042981,13.1792063304755,-0.224258482427096,0.82437159320691,0.959272741170839,-5.91218280670534,"COPS6",0.761885638683828,0.0838769818686158,""
"SERPINB6",-0.0127792940995466,14.9899119769188,-0.1506589865815,0.881448919000143,0.971316842516447,-5.92552770161916,"SERPINB6",0.771451456049671,0.05480285051061,""
"PRPF40A",-0.0129210743231187,11.0515810373351,-0.124093630326025,0.902777152421737,0.976186681000915,-5.70236327133742,"PRPF40A",0.775319240304123,0.0444194406252063,""
"LAMA2",-0.0130138550443792,14.1664500548311,-0.138937433171396,0.890608300533968,0.975505524404958,-5.92717044245883,"LAMA2",0.77477824356161,0.0503132615298575,""
"SARS1",-0.013516896509266,12.0399280180107,-0.204923168720901,0.839284832465461,0.961264840638895,-5.91619441857854,"SARS1",0.763467828931086,0.0760906253750103,""
"SARNP",-0.0135496099226966,11.7047543505749,-0.122855616522275,0.903240193942386,0.976186681000915,-5.90995549670959,"SARNP",0.775319240304123,0.0441967446670294,""
"SERPINA4",-0.0138803509745884,12.703297635828,-0.167013770708062,0.86869740189878,0.967275379728502,-5.9230138701367,"SERPINA4",0.768241594739891,0.0611314773735226,""
"TMEM256",-0.0139494228446555,11.1787850016064,-0.0680000746564263,0.946457450080914,0.99037776164343,-5.8319289622768,"TMEM256",0.786590258519172,0.0238989058527921,""
"SDHB",-0.0140034561229747,17.5970841779966,-0.218116715232036,0.829101713879453,0.959821702740377,-5.9134960922422,"SDHB",0.762321641832953,0.0813921871012855,""
"RPS28",-0.014314311343357,14.104887903033,-0.128932370283587,0.89843871336482,0.976186681000915,-5.92846759299457,"RPS28",0.775319240304123,0.0465115427678817,""
"CBR4",-0.0144088062278076,12.6705032258272,-0.125409185289893,0.901198658330923,0.976186681000915,-5.92890133611443,"CBR4",0.775319240304123,0.0451794635082494,""
"SNTB2",-0.0144506519824663,13.6958524933599,-0.107332082188651,0.915378831945511,0.98086601034192,-5.93093804613816,"SNTB2",0.779035715995105,0.0383991348140634,""
"SPPL2A",-0.0144664438423252,12.8278608942728,-0.151927269721124,0.880458849139128,0.97104534079079,-5.92534199763577,"SPPL2A",0.771235820540833,0.0552909372656272,""
"HOMER2",-0.0146636971553811,11.8808560492266,-0.141584631853118,0.888538341675034,0.975390504893365,-5.92681105017305,"HOMER2",0.77468689132122,0.0513238270386241,""
"NONO",-0.0146674099014898,11.5686009853194,-0.0911038110307504,0.928133252060383,0.985370420854358,-5.93249719676923,"NONO",0.782613265458227,0.0323896676603564,""
"ANP32B",-0.0148584565441627,12.5943939119642,-0.177310488154529,0.860687560213172,0.965819604458699,-5.92129873997553,"ANP32B",0.767085370630092,0.0651544739831223,""
"ASPA",-0.0149298424662341,15.1727063493811,-0.13884709094287,0.890678957065396,0.975505524404958,-5.9271825881189,"ASPA",0.77477824356161,0.0502788080843561,""
"TFAM",-0.0149479598344708,13.4560527207058,-0.2019755549502,0.84156385011609,0.961264840638895,-5.91677434257268,"TFAM",0.763467828931086,0.0749129281716735,""
"CASQ1",-0.0150004506264523,17.7341502306323,-0.204865667612569,0.83932927721522,0.961264840638895,-5.91620581161958,"CASQ1",0.763467828931086,0.0760676277015568,""
"COA4",-0.0151040358507899,10.290129759229,-0.0627150771476317,0.950557138316576,0.99037776164343,-5.8731887218347,"COA4",0.786590258519172,0.0220217724231939,""
"HSPB1",-0.0152059971748173,19.1648544266357,-0.192123099464764,0.849191624663158,0.962707382060953,-5.91865197470705,"HSPB1",0.764613542288199,0.0709942978085728,""
"IDH2",-0.015321006594057,19.1022888998714,-0.214839645964909,0.831628273131098,0.959821702740377,-5.91418196403647,"IDH2",0.762321641832953,0.0800707542418489,""
"PGAM1",-0.015412540295328,14.3469970487089,-0.186211101854867,0.853775946463974,0.964160459566477,-5.91973372596487,"PGAM1",0.765767623745784,0.068656084792224,""
"RBBP7",-0.0154865925897063,12.2808604910911,-0.261705416429391,0.795684147363814,0.947763641756596,-5.90339050825148,"RBBP7",0.752744737268039,0.0992592944222705,""
"RDH13",-0.0158387606048418,12.5822185828478,-0.135025422749971,0.893668714499351,0.976186681000915,-5.92768915127636,"RDH13",0.775319240304123,0.048823445554296,""
"SKIC8",-0.0158475486528431,11.6697434331679,-0.23372354974669,0.817095302399696,0.955443123756221,-5.91008781582466,"SKIC8",0.758844031865844,0.0877272863164549,""
"TBCE",-0.0161794181994459,11.637923142342,-0.177625301196709,0.86044290108752,0.965819604458699,-5.92124468951315,"TBCE",0.767085370630092,0.0652779441224552,""
"NUDC",-0.0163665775649697,12.5014837942609,-0.243329765077268,0.809727564286922,0.953804954916632,-5.90787346221559,"NUDC",0.757542944845381,0.0916610764655151,""
"PSMD10",-0.0164306566046708,13.3310245471787,-0.264016312970494,0.793922918241103,0.946714388197085,-5.90280377653024,"PSMD10",0.751911385934242,0.100221661058531,""
"GALT",-0.0164701544316728,12.403091634295,-0.146891121042329,0.884391410692267,0.9732123301719,-5.92607023342954,"GALT",0.772956914050311,0.0533554839891469,""
"PARVB",-0.0164776106249906,11.5405407566598,-0.177883200292794,0.860242483613396,0.965819604458699,-5.92120033938927,"PARVB",0.767085370630092,0.0653791133475286,""
"LAMP2",-0.0165387976455413,12.9150124134186,-0.0918360173193922,0.927557334538758,0.985370420854358,-5.9324323384298,"LAMP2",0.782613265458227,0.0326592361018949,""
"BCS1L",-0.0166121247578772,13.3831417590737,-0.276707150330676,0.784270805358118,0.943569367484342,-5.89949022155289,"BCS1L",0.749413508102879,0.105533951390341,""
"TM9SF2",-0.0167187805707218,12.465053395753,-0.139689655513127,0.890066012610874,0.975505524404958,-5.90781914075609,"TM9SF2",0.77477824356161,0.0505777822882519,""
"PDHA1",-0.0167249857948448,18.0228363681384,-0.300581331299537,0.766209331875827,0.940361508934772,-5.89283810542694,"PDHA1",0.746865722415918,0.11565256292786,""
"OCIAD1",-0.0167265973154134,14.5486081452932,-0.244477083105595,0.808848778683073,0.953804954916632,-5.9076030588927,"OCIAD1",0.757542944845381,0.0921326659307714,""
"ERP44",-0.0169924736875817,12.4558796251363,-0.274047870169739,0.786290485570157,0.944665752617719,-5.90019735518675,"ERP44",0.750284292866936,0.104416979439141,""
"SCRN3",-0.0170926133706999,12.441849349137,-0.175127730894883,0.862384293836427,0.965856971086766,-5.92167086894227,"SCRN3",0.767115048422516,0.0642991616683359,""
"PSME1",-0.017320044045972,14.5917628486885,-0.32285864831671,0.749476401128351,0.9359150655925,-5.88613862535957,"PSME1",0.743334212366375,0.125242037293471,""
"METTL26",-0.0174494786757151,11.6711228076989,-0.21379118659585,0.832437007001458,0.959990531539989,-5.91439921686875,"METTL26",0.762455731161566,0.0796486209408634,""
"MAPRE2",-0.0174623225257147,14.7420292997913,-0.322919341744959,0.749430979255098,0.9359150655925,-5.88611972455816,"MAPRE2",0.743334212366375,0.125268358424684,""
"EIF2S1",-0.0175624139867878,12.0421875488263,-0.244604994745244,0.80875082087721,0.953804954916632,-5.90757283388711,"EIF2S1",0.757542944845381,0.0921852655167374,""
"TNS1",-0.0176907645137518,13.2300913017905,-0.321243794856038,0.750685266523933,0.9359150655925,-5.8866402204916,"TNS1",0.743334212366375,0.124542107818372,""
"CAB39",-0.0178385605384719,14.321372293671,-0.2518398518308,0.803215415853097,0.952984237576414,-5.9058376646406,"CAB39",0.756891104416591,0.0951679648458614,""
"EEF2K",-0.0179772036595551,11.4507811104025,-0.134359686165279,0.894233899955511,0.976186681000915,-5.90852514290551,"EEF2K",0.775319240304123,0.0485488702714434,""
"NDUFC2",-0.0183796225677799,15.3073953454342,-0.198874502880543,0.843963022797192,0.961709746548524,-5.91737541626774,"NDUFC2",0.763821187687741,0.0736765810365879,""
"ITIH1",-0.0186767759414561,11.885034389535,-0.132380879658416,0.895738527904486,0.976186681000915,-5.92803142271454,"ITIH1",0.775319240304123,0.0478187453161164,""
"ABRAXAS2",-0.0186966457040292,12.6691464684645,-0.202564440742343,0.841108425812118,0.961264840638895,-5.91665915235871,"ABRAXAS2",0.763467828931086,0.0751480164533297,""
"MRPS34",-0.018858310472309,11.439289499546,-0.146851811720282,0.884523067387539,0.9732123301719,-5.88447431579043,"MRPS34",0.772956914050311,0.0532908366847392,""
"GCDH",-0.0189633674525815,12.8645876322681,-0.230366804564587,0.819673931205488,0.957563003744729,-5.91084066033855,"GCDH",0.760527709562144,0.0863588769344105,""
"UBE2G1",-0.0193001002963484,14.0822510567558,-0.243206653439381,0.809821876504869,0.953804954916632,-5.90790240234642,"UBE2G1",0.757542944845381,0.091610495390501,""
"NRDC",-0.0193800600695937,12.1545364519721,-0.202052804665012,0.841571284343414,0.961264840638895,-5.89752334290326,"NRDC",0.763467828931086,0.0749090917074019,""
"ILF3",-0.0193977371751632,10.933875973862,-0.17628030617541,0.861679055804021,0.965819604458699,-5.86286341954632,"ILF3",0.767085370630092,0.0646544630011423,""
"PGAM2",-0.019495521783476,18.8414033308627,-0.294326636204031,0.770928636048356,0.940847323183503,-5.89463367266962,"PGAM2",0.747251571907195,0.112985822214741,""
"YARS1",-0.0196577643387794,13.2662869426683,-0.220255937938782,0.827453422177537,0.959821702740377,-5.91304278682531,"YARS1",0.762321641832953,0.082256443546927,""
"BAG6",-0.0197562123445625,12.5380711977602,-0.233161413820423,0.817526985892279,0.955443123756221,-5.91021464631008,"BAG6",0.758844031865844,0.087497902728015,""
"CCT5",-0.0198167930836277,14.2591527811244,-0.340914936864758,0.736004718014792,0.9359150655925,-5.88036040895898,"CCT5",0.743334212366375,0.133119401693449,""
"BCAM",-0.0198248139368786,12.17588210634,-0.313596133488062,0.756419013820002,0.937935539361321,-5.88898181888074,"BCAM",0.744938938406982,0.121237562992886,""
"NIPSNAP2",-0.0199008275323713,18.8258619542,-0.280495402095056,0.781396352417668,0.942840722221519,-5.89847116586699,"NIPSNAP2",0.748834794315221,0.107128620406571,""
"TBC1D15",-0.0200363661049696,14.2606985156773,-0.220229127393742,0.827474074989874,0.959821702740377,-5.91304849529558,"TBC1D15",0.762321641832953,0.0822456039150406,""
"MUL1",-0.0200366061315282,11.8290336193395,-0.101833536943495,0.919897800848275,0.981377082447312,-5.82916717483058,"MUL1",0.779441626098372,0.0362604193860562,""
"SGCA",-0.0202349406066045,13.3099723501626,-0.284090207467275,0.778671608396204,0.942205755109044,-5.89749142095521,"SGCA",0.748330482764117,0.108645660081879,""
"RNF7",-0.0203126262359188,10.4841939628178,-0.117042725269899,0.908048116733134,0.977035305242425,-5.79470085835687,"RNF7",0.775993245302384,0.0418911379568617,""
"PSMC3",-0.0204056612525392,13.9416720458877,-0.343809401327445,0.733853030545873,0.9359150655925,-5.87940519472502,"PSMC3",0.743334212366375,0.134390907950359,""
"PCYOX1",-0.0204775574389444,14.1262339696233,-0.224125334012624,0.824474067281093,0.959272741170839,-5.912211662727,"PCYOX1",0.761885638683828,0.0838229999513515,""
"STIP1",-0.0207048141377957,15.6069150564443,-0.376803854004538,0.709486064896471,0.924401075498409,-5.86795209512605,"STIP1",0.734189426613442,0.149056130154358,""
"GMPPB",-0.0207989454781394,12.5766068941982,-0.143257316707464,0.88723081180054,0.974715163336415,-5.92658046997928,"GMPPB",0.774150513071986,0.0519633843942948,""
"PPP2R3A",-0.0208718463426241,11.2162803053847,-0.202835675062458,0.8408986813457,0.961264840638895,-5.91660598460163,"PPP2R3A",0.763467828931086,0.0752563285579099,""
"PSMD5",-0.0208907234843885,13.1288783643808,-0.173631201916544,0.863547988004307,0.966783670370865,-5.92192334920233,"PSMD5",0.767851063161215,0.0637135233583819,""
"NDUFA7",-0.0209248388756222,16.0132523612105,-0.242257117870839,0.810549386204526,0.953880264158007,-5.90812512217994,"NDUFA7",0.757602757896457,0.0912205187516984,""
"CARS2",-0.0209289572391835,11.9000552896086,-0.188465634301689,0.852027094199296,0.96393957655263,-5.91932517746302,"CARS2",0.765592191265681,0.0695465945828862,""
"CSE1L",-0.0209844812261615,13.2505813715422,-0.321374660594598,0.750587277331751,0.9359150655925,-5.88659966466996,"CSE1L",0.743334212366375,0.124598801275779,""
"HSP90AA1",-0.0211157549452672,15.611008392707,-0.239210540271237,0.812884764611821,0.954396579254628,-5.90883386385878,"HSP90AA1",0.758012832154035,0.0899710160791562,""
"H2AC20",-0.0211779052724896,14.0600382405353,-0.140245119099543,0.88958566468577,0.975505524404958,-5.92699375309952,"H2AC20",0.77477824356161,0.0508122241860611,""
"ADH5",-0.0212352673297236,13.8579719380331,-0.25035300173033,0.804352164071113,0.952984237576414,-5.90619836980357,"ADH5",0.756891104416591,0.0945537653971449,""
"NEK9",-0.0213101652155441,11.3938534047883,-0.218546976640021,0.828922180828794,0.959821702740377,-5.87306651796513,"NEK9",0.762321641832953,0.0814862390793952,""
"CKMT2",-0.0216405148887056,20.0390278328678,-0.258197566203323,0.798359732631358,0.949249061751511,-5.90427134312787,"CKMT2",0.75392450618356,0.0978013759504179,""
"EIF3F",-0.0217614245027331,12.1092841711574,-0.367382671484456,0.716413031894571,0.929461853202568,-5.87132817626516,"EIF3F",0.738208861011905,0.144836522727495,""
"RPL27",-0.0219195358487347,13.2014659308719,-0.249168390966097,0.805258154206535,0.952984237576414,-5.90648423201697,"RPL27",0.756891104416591,0.0940648687324596,""
"CDC37",-0.0219460229364756,12.0674951917509,-0.168508874659889,0.867589155890878,0.966790241545067,-5.9035270825688,"CDC37",0.767856282201681,0.0616858849268455,""
"HSPA12A",-0.02195101400733,10.966508204409,-0.214413760076643,0.831956759384007,0.959821702740377,-5.91427034016537,"HSPA12A",0.762321641832953,0.0798992454027027,""
"STRIP2",-0.0222116002747317,10.4040235643548,-0.127156537015471,0.899871476607306,0.976186681000915,-5.90943569719206,"STRIP2",0.775319240304123,0.0458195138785206,""
"IGKV3-20",-0.0222964632052083,12.9912511954631,-0.0884967562441919,0.930184155411227,0.986091241448112,-5.93272391556662,"IGKV3-20",0.78318576463899,0.0314310624552036,""
"TRIM55",-0.0224116115455626,11.5025001279352,-0.226291118522357,0.822807625130852,0.958886064957924,-5.91174017372412,"TRIM55",0.761578527847882,0.0847016922606046,""
"CD38",-0.0224204087660667,10.6328890746102,-0.199811115962958,0.843238235857841,0.961264840638895,-5.91719485045434,"CD38",0.763467828931086,0.0740497090034664,""
"PPP2R2A",-0.0225289053308817,13.3968592655256,-0.330326331917026,0.743894688045888,0.9359150655925,-5.88378664946233,"PPP2R2A",0.743334212366375,0.128488542461931,""
"TPP2",-0.0226993127801816,13.7036667042125,-0.406337234555028,0.687938430319305,0.918851690154474,-5.8568219249097,"TPP2",0.729781924121599,0.162450428870759,""
"NUDT9",-0.0227281007671181,12.7776621769325,-0.302867837564448,0.764486396177462,0.940361508934772,-5.8921723543957,"NUDT9",0.746865722415918,0.116630238332272,""
"G6PD",-0.0230616328459359,10.2051580088901,-0.127196684024182,0.900463023553664,0.976186681000915,-5.64920353709556,"G6PD",0.775319240304123,0.0455341162662298,""
"XPO4",-0.023085846731064,12.9492965898238,-0.128457120908447,0.898810932560192,0.976186681000915,-5.92852680162931,"XPO4",0.775319240304123,0.0463316537410166,""
"PFN1",-0.023088179783139,15.3063265589887,-0.290547748976818,0.77378426704218,0.94104474100942,-5.89570033490065,"PFN1",0.747408367571171,0.111380104811502,""
"UBA1",-0.023093885502055,15.185099321471,-0.531153194522193,0.599981677293487,0.898500586495954,-5.80067832975603,"UBA1",0.713618415097182,0.221862012236083,""
"SUN2",-0.0231700230419811,14.0342121961772,-0.316112820652083,0.754530566765875,0.937935539361321,-5.88821742229034,"SUN2",0.744938938406982,0.12232316184087,""
"GAMT",-0.0234322274154177,14.771967557574,-0.339583008955827,0.736995586470154,0.9359150655925,-5.8807972776436,"GAMT",0.743334212366375,0.132535112924391,""
"DMD",-0.0236540016880156,14.7361162196519,-0.349794686468634,0.729410732180295,0.9359150655925,-5.87740461044097,"DMD",0.743334212366375,0.137027850986055,""
"CCS",-0.0236638889336795,13.283044858838,-0.233551476624899,0.817227437019065,0.955443123756221,-5.91012667166936,"CCS",0.758844031865844,0.0876570610974069,""
"RRAS",-0.0237305072718126,12.5456177866963,-0.287059469397481,0.776423178141687,0.941364680185443,-5.89667282056575,"RRAS",0.747662473679896,0.109901508331608,""
"PFKM",-0.0237457264084462,17.6045516177574,-0.326591936592446,0.746684196369602,0.9359150655925,-5.88496947332573,"PFKM",0.743334212366375,0.12686304045172,""
"NDUFS5",-0.0239019624764616,15.6665677421722,-0.300844471216769,0.766010987167962,0.940361508934772,-5.89276174316216,"NDUFS5",0.746865722415918,0.115765001082544,""
"PIN1",-0.0240313267364378,13.5040757643825,-0.334375737702297,0.740873898735714,0.9359150655925,-5.88248899393622,"PIN1",0.743334212366375,0.130255705304952,""
"SELENOW",-0.0241425186694872,11.1114422752067,-0.139273195773017,0.890495619274546,0.975505524404958,-5.86573599512783,"SELENOW",0.77477824356161,0.0503682126741471,""
"MLH3",-0.0242710498742422,15.3625471188736,-0.270566345255136,0.788936952741833,0.944732713306253,-5.90111287635567,"MLH3",0.750337475225571,0.102957701695979,""
"EIF3J",-0.0242920937332958,11.9703001811048,-0.438503913608638,0.664772072570511,0.912122109075388,-5.84375817466692,"EIF3J",0.724437071757447,0.177327233783639,""
"MRPL13",-0.0243248053184519,12.0681637263201,-0.277534047311544,0.78364310375721,0.943569367484342,-5.89926895721377,"MRPL13",0.749413508102879,0.105881683947001,""
"HRG",-0.0246975958674565,12.9447666368414,-0.196320408611499,0.845940188864709,0.961868985684266,-5.91786351285005,"HRG",0.763947660593132,0.0726603421196992,""
"LTF",-0.024931101084654,10.7085081945702,-0.0660012499789909,0.947921281601938,0.99037776164343,-5.91514736762406,"LTF",0.786590258519172,0.0232277263595714,""
"MAP2K4",-0.025171538993753,12.3423323412274,-0.431297932097137,0.669933395139045,0.912823938874292,-5.84676984958621,"MAP2K4",0.724994487830724,0.173968372764028,""
"MMUT",-0.0252251449546144,13.2158985712348,-0.239086477477295,0.812979903511159,0.954396579254628,-5.90886253611801,"MMUT",0.758012832154035,0.0899201898328467,""
"CYRIA",-0.0252843230805198,11.0877832030292,-0.126478023976091,0.900747877688764,0.976186681000915,-5.77594824145584,"CYRIA",0.775319240304123,0.0453967524739417,""
"RPL11",-0.0253261753028227,12.0966316182154,-0.288792302847784,0.775111931537091,0.941364680185443,-5.89619118759254,"RPL11",0.747662473679896,0.110635577830671,""
"MMGT1",-0.0253291659818426,11.4520430687713,-0.18838977870919,0.852290227338012,0.96393957655263,-5.86073642500185,"MMGT1",0.765592191265681,0.069412491303392,""
"DNAJB2",-0.0253296604879232,11.6728531569037,-0.322747013515748,0.74955994901803,0.9359150655925,-5.88617338083776,"DNAJB2",0.743334212366375,0.125193627009763,""
"HNRNPF",-0.0253386272532303,11.6387687958,-0.280549697543119,0.781355176979469,0.942840722221519,-5.89845646010791,"HNRNPF",0.748834794315221,0.107151506022445,""
"PSMD2",-0.0255717802718962,13.5944648850163,-0.593184558415093,0.558365118940318,0.884369360901276,-5.76734627883086,"PSMD2",0.702394935709615,0.253081719906566,""
"ST13",-0.0256207029999569,14.530546382484,-0.40417153984839,0.689509699490156,0.918851690154474,-5.85766624511643,"ST13",0.729781924121599,0.161459620125661,""
"RPS4X",-0.0257097812286187,12.6532495154976,-0.226772407938649,0.82243741639762,0.958843297706066,-5.91163478443362,"RPS4X",0.761544560704235,0.0848971398792268,""
"ALDH1A2",-0.0257384733199082,12.3240030740806,-0.124298556368672,0.902202492998348,0.976186681000915,-5.86118431379864,"ALDH1A2",0.775319240304123,0.0446959771785322,""
"BCKDHA",-0.0258627081332534,12.8581131417828,-0.287343219012813,0.776208416523859,0.941364680185443,-5.89659415075261,"BCKDHA",0.747662473679896,0.110021652461694,""
"IAH1",-0.0258762521814315,13.0135449332227,-0.42227414978598,0.67642008779016,0.913437178204185,-5.8504719795809,"IAH1",0.725481542469587,0.169783503547863,""
"PSMC2",-0.0260163843784191,13.0032563589006,-0.570271916157343,0.573563014185376,0.889492935654894,-5.78007502372776,"PSMC2",0.706464245569019,0.241418861616906,""
"SEC23IP",-0.0263146533834462,11.8292467561638,-0.281937509847704,0.780302938128006,0.942840722221519,-5.8980796156253,"SEC23IP",0.748834794315221,0.107736757802679,""
"MPST",-0.0266656852768286,13.7716280803204,-0.291101322421591,0.773365738279129,0.94104474100942,-5.89554493380808,"MPST",0.747408367571171,0.111615071991309,""
"STRN3",-0.0266903930966631,11.5643778420958,-0.286305106233426,0.776994221245237,0.941364680185443,-5.89688159301731,"STRN3",0.747662473679896,0.109582211174167,""
"NAP1L4",-0.0267095992319781,15.1483245171064,-0.447728542312233,0.658189434676165,0.908883105040333,-5.83983119511618,"NAP1L4",0.721864549312021,0.181649093324945,""
"NDUFAF3",-0.0268051909933238,13.8045526632397,-0.331197453697039,0.74324449073333,0.9359150655925,-5.8835088157783,"NDUFAF3",0.743334212366375,0.12886830129959,""
"ECPAS",-0.0269671150622663,13.8958408876206,-0.57300892744121,0.571736665588961,0.888990218262986,-5.77858014993754,"ECPAS",0.706064971051176,0.24280395549894,""
"EIF1B",-0.0270036621835708,10.1727350263937,-0.13426905122799,0.894405058530818,0.976186681000915,-5.86915010675196,"EIF1B",0.775319240304123,0.0484657531899771,""
"COPA",-0.0270897510582948,11.7672633516472,-0.244440865251398,0.808876515763057,0.953804954916632,-5.90761161416845,"COPA",0.757542944845381,0.0921177733395216,""
"PDCL3",-0.0271415201896357,10.5798224869144,-0.186133721781042,0.853835984166297,0.964160459566477,-5.91974766115592,"PDCL3",0.765767623745784,0.0686255461875587,""
"YARS2",-0.0271975768039852,10.5792969655454,-0.182492196730139,0.856722850187295,0.9651560322447,-5.90115604359778,"YARS2",0.766558339976164,0.0671596496067862,""
"TRPT1",-0.0272035715438737,9.43158938961126,-0.160354006219241,0.874285912297793,0.969368298440477,-5.79331420655668,"TRPT1",0.769903858912685,0.0583465195077798,""
"PPM1F",-0.0272406505139866,10.458211500386,-0.158635551259662,0.875621238306107,0.969756948056648,-5.79181997880234,"PPM1F",0.770212537089737,0.0576837131076627,""
"PEPD",-0.0273856130915391,13.6192892824692,-0.265481870118393,0.792806533633329,0.946026048060504,-5.90242901757676,"PEPD",0.751364683789918,0.100832779424384,""
"PHYKPL",-0.0273930438979662,12.8033850184505,-0.313425694644223,0.756546962010053,0.937935539361321,-5.8890333674309,"PHYKPL",0.744938938406982,0.121164108342975,""
"SRSF7",-0.0276817803482761,12.5196848423785,-0.226863112346455,0.822367651087704,0.958843297706066,-5.9116148976695,"SRSF7",0.761544560704235,0.0849339815569939,""
"PRDX5",-0.0277992995094642,17.5667625489349,-0.326075182828477,0.747070478107942,0.9359150655925,-5.88513209915251,"PRDX5",0.743334212366375,0.126638425213319,""
"PRUNE1",-0.0278010626589946,17.333580737436,-0.348780474867508,0.730162810774075,0.9359150655925,-5.8777460158512,"PRUNE1",0.743334212366375,0.136580290650751,""
"COQ7",-0.0279184408168955,13.8894972893181,-0.503230124221829,0.619190029064894,0.903544473644998,-5.81451080929362,"COQ7",0.717624434466927,0.208176045795709,""
"CD34",-0.0280178548127452,10.4947435868069,-0.250677282795208,0.804188365858501,0.952984237576414,-5.88689880850005,"CD34",0.756891104416591,0.0946422140980701,""
"TBCA",-0.028147177289263,11.6996536031542,-0.367435493572179,0.716374124460776,0.929461853202568,-5.87130948299806,"TBCA",0.738208861011905,0.144860109320565,""
"KPNA4",-0.028584411905058,15.6466445954124,-0.589949670042015,0.560498174754867,0.884369360901276,-5.76917288625439,"KPNA4",0.702394935709615,0.251425797333379,""
"PPP1R7",-0.0286086862837216,12.6614991972177,-0.593715638962859,0.55801532962322,0.884369360901276,-5.76704547329037,"PPP1R7",0.702394935709615,0.253353870095888,""
"NIBAN1",-0.0287849229773247,11.371267816828,-0.176807226020897,0.861270073573335,0.965819604458699,-5.85357708314152,"NIBAN1",0.767085370630092,0.064860642889209,""
"STARD7",-0.0289203230581876,11.1403100105924,-0.233871229713265,0.817145118073961,0.955443123756221,-5.87267012031027,"STARD7",0.758844031865844,0.0877008095849029,""
"PET117",-0.0289332103574118,12.410126184151,-0.259952078767067,0.797021175652113,0.948240377197208,-5.90383225542895,"PET117",0.753123376074361,0.0985301399003819,""
"KCNJ11",-0.0290325566370058,10.5129657655499,-0.187613443631551,0.852688052619972,0.964010283634455,-5.91948018096622,"KCNJ11",0.765648349131826,0.0692098220613459,""
"DSTN",-0.0290490653446458,11.945826618797,-0.436656992383513,0.666093347026051,0.912122109075388,-5.84453475827061,"DSTN",0.724437071757447,0.17646490407667,""
"CROCC",-0.0292296072415681,12.3238192644053,-0.0720075936829922,0.943772333363031,0.989143782476595,-5.58561048677374,"CROCC",0.785610192094581,0.0251327581266606,""
"PLAA",-0.0292565216897618,13.328896102757,-0.498253247884006,0.622643342642905,0.904737107459254,-5.81689953295218,"PLAA",0.718571663066566,0.205760651055572,""
"RPS17",-0.0293191976628666,11.7120169731226,-0.261169773061398,0.796092541229265,0.947763641756596,-5.90352577488666,"RPS17",0.752744737268039,0.099036445064856,""
"IRGQ",-0.0296764170371091,10.536720227339,-0.166065064855775,0.869491015157058,0.96740970146151,-5.90392211667415,"IRGQ",0.768348277432883,0.060734901398901,""
"TNXB",-0.0298348628542247,11.9550165028688,-0.205573300611599,0.838782359153453,0.961264840638895,-5.91606538238633,"TNXB",0.763467828931086,0.0763507119726396,""
"ATP5F1B",-0.0298382844766216,20.3950073033902,-0.407659789506536,0.686979583279396,0.918278114968254,-5.85630412406156,"ATP5F1B",0.729326372036847,0.163056169783034,""
"EEF2",-0.0301520484937825,16.3360464993627,-0.565500176461074,0.576754091499475,0.889650201112997,-5.78266455413213,"EEF2",0.706589150915379,0.239009315906406,""
"GDI2",-0.0301795554005508,15.6985826454591,-0.631786529255979,0.533238726336558,0.875755824344665,-5.744802782906,"GDI2",0.695553784575944,0.273078317578636,""
"IDI1",-0.0301989495459605,14.2570913273168,-0.292732014258734,0.772133261634673,0.940847323183503,-5.89508545357892,"IDI1",0.747251571907195,0.11230773878599,""
"CACNA1S",-0.0303335127823896,13.7084357225497,-0.431478858599644,0.669803601685588,0.912823938874292,-5.84669483402619,"CACNA1S",0.724994487830724,0.174052521490134,""
"TPM2",-0.030670719796035,18.714800971815,-0.489645195127666,0.628637030314366,0.904737107459254,-5.82097620768011,"TPM2",0.718571663066566,0.201600040137528,""
"ITGA1",-0.0307479346318615,11.2582939896728,-0.27207052268087,0.787885023240696,0.944732713306253,-5.88150538225147,"ITGA1",0.750337475225571,0.103537154864982,""
"LUC7L2",-0.0311314777819653,9.12193374154842,-0.173750916203552,0.865864584384255,0.966790241545067,-5.41652762420465,"LUC7L2",0.767856282201681,0.062550023517542,""
"SSB",-0.0313273397248732,12.0243861467573,-0.392413073387636,0.698065430171884,0.921772574021591,-5.86217272053489,"SSB",0.732101785173738,0.156103868736677,""
"RPS15A",-0.0314771706618924,13.3372543567517,-0.32283238398291,0.749496057170491,0.9359150655925,-5.88614680335705,"RPS15A",0.743334212366375,0.125230647476946,""
"PGLS",-0.0315702496792625,13.2810526665193,-0.375385373413351,0.710527399340909,0.924401075498409,-5.86846580925211,"PGLS",0.734189426613442,0.148419170159974,""
"ASB10",-0.0317472594452166,9.86242585494619,-0.175879119068097,0.862065861702856,0.965856971086766,-5.83792909024772,"ASB10",0.767115048422516,0.0644595528743073,""
"ADRM1",-0.0317983519766649,10.7347763693779,-0.272577157520106,0.787500090079918,0.944732713306253,-5.88137233791573,"ADRM1",0.750337475225571,0.103749387860636,""
"ATP5PB",-0.0318476474038469,18.3178711244101,-0.506156524196377,0.61716363040368,0.903544473644998,-5.81309539402062,"ATP5PB",0.717624434466927,0.209599674929671,""
"UFD1",-0.0318828288413275,11.8732112631303,-0.426816490191409,0.673151629568122,0.912833896151801,-5.84861805576506,"UFD1",0.725002396224666,0.171887098528627,""
"RPS24",-0.0320494522066923,9.88305327561575,-0.190639245255983,0.850473696042474,0.963401054421636,-5.88151936951436,"RPS24",0.765164479458487,0.0703391139623621,""
"PPME1",-0.0320664473430643,13.0766924871198,-0.489488715486994,0.628746227625817,0.904737107459254,-5.82104967057909,"PPME1",0.718571663066566,0.201524607623819,""
"FYCO1",-0.0321151694806083,14.1510139476959,-0.468339645621126,0.643583263912707,0.904737107459254,-5.83076671344406,"FYCO1",0.718571663066566,0.191395258054775,""
"NAPG",-0.03219151251559,11.4696625164935,-0.262576337968238,0.795020252080755,0.947629861000071,-5.90316998524549,"NAPG",0.75263848423618,0.099621808129828,""
"PLOD1",-0.032232722315511,15.9006699243063,-0.24508843823192,0.808380616972916,0.953804954916632,-5.90745845606874,"PLOD1",0.757542944845381,0.0923841083712629,""
"DLST",-0.0323585931235506,17.2925093575835,-0.325984322361674,0.747138404736434,0.9359150655925,-5.88516066716183,"DLST",0.743334212366375,0.126598939221383,""
"ABCE1",-0.0323613365693802,12.4730874050102,-0.516360090214746,0.610122356493572,0.90215208485935,-5.80809743777827,"ABCE1",0.716518553966294,0.214583061019899,""
"RNH1",-0.0324501286274437,15.5156666459435,-0.450243038583927,0.656399940948194,0.908883105040333,-5.83874681894706,"RNH1",0.721864549312021,0.182831466689442,""
"COX6B1",-0.0326709615780736,19.0434781810988,-0.36635254284969,0.717171954980391,0.929947210632615,-5.87169219848654,"COX6B1",0.738594347682911,0.144376701869759,""
"HNRNPAB",-0.0328072154523724,13.5758750365288,-0.314837432596641,0.755487386261512,0.937935539361321,-5.88860555470981,"HNRNPAB",0.744938938406982,0.121772782314701,""
"TMEM109",-0.0328540624643203,12.9650554350696,-0.337665445067975,0.738422944791975,0.9359150655925,-5.8814232591954,"TMEM109",0.743334212366375,0.131694817071899,""
"JAGN1",-0.0328938744919345,11.7227184443137,-0.217026037569868,0.830014761605954,0.959821702740377,-5.89449379042058,"JAGN1",0.762321641832953,0.0809141837359726,""
"HSD17B4",-0.0329378815991976,13.5468067824985,-0.428637429107852,0.671843197994882,0.912833896151801,-5.84786936850339,"HSD17B4",0.725002396224666,0.172732075445739,""
"MACROD1",-0.0330244209810289,16.9614241763015,-0.643600036259386,0.52567200842877,0.875755824344665,-5.73762916022869,"MACROD1",0.695553784575944,0.279285148164346,""
"YIPF3",-0.0331146701138199,11.8140427763455,-0.215410482772162,0.831337813525871,0.959821702740377,-5.8766684584208,"YIPF3",0.762321641832953,0.0802224650988059,""
"CYB5A",-0.0331370937355135,13.7045367006266,-0.583627589657749,0.56467894849337,0.884369360901276,-5.77271470405254,"CYB5A",0.702394935709615,0.248198402671448,""
"VPS25",-0.0331932346014128,13.2109892643065,-0.397386495506444,0.694441604391236,0.919071083668613,-5.86028265619039,"VPS25",0.729956173592547,0.158364268222871,""
"EEF1G",-0.0332784961547166,15.7983801731209,-0.688423183002469,0.497500111402229,0.867167590913879,-5.70924657583173,"EEF1G",0.688732730008509,0.303206817669275,""
"DAG1",-0.0333680449487002,15.518591151899,-0.518628036478471,0.608562445087565,0.90215208485935,-5.80697329557196,"DAG1",0.716518553966294,0.215694851837328,""
"ARL3",-0.033382964653967,13.1839714122156,-0.490906836518945,0.627756925044704,0.904737107459254,-5.8203830611864,"ARL3",0.718571663066566,0.202208487707651,""
"PPIH",-0.0333995559788747,11.9598558655479,-0.270409089363582,0.78905655144564,0.944732713306253,-5.90115395467247,"PPIH",0.750337475225571,0.102891869920287,""
"HMBS",-0.0336127735865475,11.3506255236486,-0.32219257330084,0.749974940253064,0.9359150655925,-5.88634581926346,"HMBS",0.743334212366375,0.124953247930484,""
"SLC44A2",-0.0338054746534588,16.1047943430117,-0.356695171161714,0.724301109698379,0.9359150655925,-5.875055719536,"SLC44A2",0.743334212366375,0.140080849418208,""
"COX4I1",-0.0338265110724016,18.6310930587166,-0.389071101300307,0.700504633873319,0.922617510880024,-5.86342958218934,"COX4I1",0.732772861532323,0.154588987488905,""
"MAOA",-0.0340518637324934,12.9258840840017,-0.142649955424996,0.887752527279356,0.974900120675382,-5.90741518116113,"MAOA",0.774297412211596,0.0517080826625999,""
"KARS1",-0.0342904186105546,13.3420672550916,-0.731943770739098,0.470982144458944,0.854253232147717,-5.67993564749021,"KARS1",0.678475725869373,0.326995557223424,""
"DLD",-0.0344262413149359,17.0726336203094,-0.510309117538411,0.614293450360111,0.903544473644998,-5.81107312437826,"DLD",0.717624434466927,0.211624115134004,""
"AP1G1",-0.0345663159473215,9.29149774554542,-0.213259283963595,0.833171705315059,0.960190772090641,-5.83094082030524,"AP1G1",0.762614768725417,0.0792654872050765,""
"OSTC",-0.0347111048147823,9.88070965732833,-0.185720486590619,0.85443767415459,0.964160459566477,-5.83373345791233,"OSTC",0.765767623745784,0.068319610834326,""
"HSPA12B",-0.034771150808556,11.7663444536698,-0.284706029155229,0.778205124143061,0.94203778185739,-5.89732233887031,"HSPA12B",0.748197072939543,0.108905913882149,""
"GALM",-0.0348644053651821,12.2895501593025,-0.534510153817557,0.597691784133839,0.897725275048314,-5.79896624813441,"GALM",0.713002637506397,0.223522713933528,""
"PPP1R2",-0.0349391416488167,13.1508398214379,-0.535095857799751,0.597292687957984,0.897725275048314,-5.79866645483051,"PPP1R2",0.713002637506397,0.223812801842476,""
"STAM",-0.0349469927138557,11.376621187494,-0.34051053089571,0.736305520823425,0.9359150655925,-5.88049323202175,"STAM",0.743334212366375,0.132941943168334,""
"MYCBP",-0.0349529126010548,12.4223476610855,-0.53374981025602,0.598210070607447,0.897725275048314,-5.79935495292939,"MYCBP",0.713002637506397,0.223146280083655,""
"PERM1",-0.0349536009245046,14.4880871774859,-0.416399507408271,0.680656809681493,0.915717514194803,-5.85284069689626,"PERM1",0.72729265954616,0.167071806192961,""
"COPS5",-0.0350966591407627,13.9981245053387,-0.785193081232455,0.439689147783388,0.837149243358635,-5.6417428643248,"COPS5",0.664891181179084,0.356854253315825,""
"SRL",-0.035227226647212,18.0467477419962,-0.481462648304636,0.634358623632486,0.904737107459254,-5.82478682629996,"SRL",0.718571663066566,0.197665151847634,""
"COQ9",-0.0352937584362785,17.3447620645033,-0.715755923012881,0.480748032767245,0.856693037906333,-5.69103898741962,"COQ9",0.680413499026982,0.318082484229531,""
"LRRC14B",-0.0353061647088762,10.2249878307368,-0.212471245275099,0.833686847764353,0.960276317036264,-5.84690205730807,"LRRC14B",0.762682711306014,0.0789970498744682,""
"MIF",-0.0353194673468806,17.0383348937242,-0.425027892129553,0.67443784513684,0.912833896151801,-5.84935039069932,"MIF",0.725002396224666,0.171058067871825,""
"LMNB2",-0.0353525007316833,15.2902281820938,-0.613831332577487,0.544850197325227,0.880306990703137,-5.75545975313751,"LMNB2",0.699168469054051,0.263722887480955,""
"RPS29",-0.0353645058031322,10.3953153510812,-0.224340040709081,0.824383734371079,0.959272741170839,-5.89293556704064,"RPS29",0.761885638683828,0.0838705857217596,""
"PRSS3",-0.0354066337387184,13.8101806255116,-0.324657525994544,0.748130545175545,0.9359150655925,-5.88557693469981,"PRSS3",0.743334212366375,0.126022613228341,""
"OXSR1",-0.0354966101272165,15.1694283748233,-0.485754655114477,0.631354544944768,0.904737107459254,-5.82279588365537,"OXSR1",0.718571663066566,0.199726688820548,""
"MAP2K6",-0.035587290760656,13.836322921003,-0.545499818500346,0.590224989487205,0.897617629353552,-5.79328780428571,"MAP2K6",0.712917141791377,0.228982406888503,""
"NFIC",-0.0356923857017648,11.0739033622607,-0.272640620153965,0.788215439744358,0.944732713306253,-5.74810196944376,"NFIC",0.750337475225571,0.103355062327428,""
"MRPL39",-0.035741741209268,12.0026783784678,-0.440645325291235,0.663241503771128,0.911046021663638,-5.84285372875563,"MRPL39",0.723582408104668,0.178328304691204,""
"TBCC",-0.035985591767254,12.1511935483842,-0.54030718956849,0.593943568649067,0.897725275048314,-5.77694305828444,"TBCC",0.713002637506397,0.226254815942274,""
"UBE4A",-0.0360560951029161,10.7527407200634,-0.282747200310539,0.779689228039629,0.942840722221519,-5.89785890033355,"UBE4A",0.748834794315221,0.108078465824553,""
"NSFL1C",-0.0363914466664461,13.6249687491021,-0.639665413939304,0.528185707528276,0.875755824344665,-5.74003267169896,"NSFL1C",0.695553784575944,0.277213354786768,""
"TLN1",-0.036456218905105,13.4095830945449,-0.649677418393789,0.521802159089181,0.87470464714308,-5.73388876568643,"TLN1",0.694718905422991,0.282494128228176,""
"ENY2",-0.0367578194118554,11.959605505873,-0.505239963229665,0.617797975676263,0.903544473644998,-5.81353957185281,"ENY2",0.717624434466927,0.209153519074499,""
"ELOB",-0.0368051606676776,13.0084495778607,-0.548890669477883,0.587930345755173,0.896235283163374,-5.79151297856335,"ELOB",0.711819237446988,0.230674123321887,""
"CASQ2",-0.036957238284387,18.6342018263764,-0.392922123588981,0.69769417928829,0.921772574021591,-5.86198034383461,"CASQ2",0.732101785173738,0.156334900230719,""
"CAV2",-0.037202918512957,12.111191424946,-0.383654482541623,0.704465015828272,0.924389283663297,-5.86544414355898,"CAV2",0.73418006115413,0.152140569353754,""
"CCDC28B",-0.037241422798072,10.6807467084055,-0.220937528532645,0.828825056670438,0.959821702740377,-5.53323341377547,"CCDC28B",0.762321641832953,0.0815371280027817,""
"SAMM50",-0.0372671991894364,16.5904675677395,-0.454313850150368,0.65350729455885,0.908278490873771,-5.83697862958123,"SAMM50",0.721384345058655,0.184749560387988,""
"LGALS3BP",-0.0373257564194205,10.8197282818917,-0.178251575639898,0.861474730411163,0.965819604458699,-5.57492701634493,"LGALS3BP",0.767085370630092,0.0647574571642365,""
"UBE2A",-0.0373822757439992,11.6048965687891,-0.319779757337216,0.751781793913563,0.936875881014951,-5.88709281539351,"UBE2A",0.744097323252751,0.123908195912199,""
"SNRPD3",-0.0374637139884317,11.3106911101255,-0.307950803254696,0.760660702312873,0.940361508934772,-5.89067444027778,"SNRPD3",0.746865722415918,0.1188090199347,""
"EIF1",-0.0374690139490532,14.1755556217065,-0.586368610706339,0.562864365841929,0.884369360901276,-5.77118365263648,"EIF1",0.702394935709615,0.249596245047526,""
"HDGF",-0.0379761592979566,14.0510901709529,-0.422583270663957,0.676197452592443,0.913437178204185,-5.85034643356821,"HDGF",0.725481542469587,0.169926469664792,""
"PSME2",-0.0379791740250734,13.6293828339874,-0.615593838373975,0.543704527733179,0.880213350889529,-5.75442681234622,"PSME2",0.699094097265783,0.264637050368994,""
"COASY",-0.0379832084737686,13.3210856430541,-0.379182595662065,0.707741076281059,0.924401075498409,-5.86708631831643,"COASY",0.734189426613442,0.150125597831919,""
"RPL9P9",-0.0379920346216611,13.5499582410694,-0.412799699393431,0.683258251246419,0.917071649081911,-5.85427601997295,"RPL9P9",0.728368157555276,0.165415114923775,""
"MTAP",-0.0381128544375731,13.5283032435093,-0.40191905628609,0.691145444329146,0.91896219635236,-5.85853967996722,"MTAP",0.72986969174132,0.16043055027728,""
"SLC25A6",-0.0385321605581428,14.3758500923146,-0.179076766847463,0.85937437119561,0.965819604458699,-5.90175255809478,"SLC25A6",0.767085370630092,0.0658176022628819,""
"LGALS1",-0.0385613251519388,18.8080452710314,-0.376097603558864,0.710004465408657,0.924401075498409,-5.86820810867675,"LGALS1",0.734189426613442,0.148738919877768,""
"MRPL48",-0.0386225233776045,11.7167616102364,-0.337737419452125,0.738369352606188,0.9359150655925,-5.88139982683547,"MRPL48",0.743334212366375,0.131726337808582,""
"MYOM1",-0.0387326078743619,19.0996795637391,-0.594783365385017,0.557312427729704,0.884369360901276,-5.76643991950791,"MYOM1",0.702394935709615,0.253901272331824,""
"C6orf136",-0.0387660064055382,10.8713376193333,-0.237245479558053,0.814392036042009,0.954616477456947,-5.90928627111633,"C6orf136",0.758187482464765,0.0891664819620328,""
"HNRNPDL",-0.0392382373754625,15.7901806914741,-0.715653149610204,0.480810406180856,0.856693037906333,-5.69110872137883,"HNRNPDL",0.680413499026982,0.318026141467012,""
"ZYX",-0.0396399262987828,11.0212535660136,-0.374871727517658,0.710904618409385,0.924401075498409,-5.86865135811202,"ZYX",0.734189426613442,0.148188664357786,""
"PSMD11",-0.0396842435194529,13.568558454449,-0.845546770171036,0.405793979682634,0.82100980843812,-5.59538616176367,"PSMD11",0.652072716570776,0.391694400402738,""
"HARS2",-0.0397268587088,12.2748157354194,-0.442939423763751,0.661603455238396,0.91096285661063,-5.84187998604216,"HARS2",0.723516355712259,0.179402235337235,""
"ME1",-0.0399491775366752,14.2775702240648,-0.709439090250503,0.48459040927366,0.85788743604369,-5.69530727639512,"ME1",0.681362128909462,0.314625185412594,""
"SSPN",-0.0400912157271875,10.8434288192322,-0.216827625675088,0.830908344183127,0.959821702740377,-5.72702164227763,"SSPN",0.762321641832953,0.0804468797187289,""
"HAGH",-0.040317126655216,15.9355665358059,-0.642773159608734,0.526199733362951,0.875755824344665,-5.7381354487486,"HAGH",0.695553784575944,0.278849376316884,""
"CSK",-0.0405256388651072,11.087683111089,-0.204918370689045,0.839511428129593,0.961264840638895,-5.85760606355617,"CSK",0.763467828931086,0.0759733875070649,""
"DDX3X",-0.040554413528449,13.213020424348,-0.529692034543018,0.60097969663712,0.898500586495954,-5.80142024629093,"DDX3X",0.713618415097182,0.221140199856508,""
"CMAS",-0.0405612391959043,10.4017299686143,-0.198582337674183,0.844687867131699,0.961773314060845,-5.78499349187126,"CMAS",0.763871675075368,0.0733037438611524,""
"PSMB6",-0.0406141415967216,13.9816618947137,-0.578919405649921,0.567802763987429,0.886228526853343,-5.77532828599456,"PSMB6",0.703871545831029,0.245802497717934,""
"USP14",-0.0406143066546996,13.9160709101961,-0.762544977703453,0.452841630439794,0.844587045838039,-5.65829896119255,"USP14",0.670798526034426,0.344053654613069,""
"EIF3B",-0.0406222399611043,12.2251718977285,-0.684758139112505,0.499771226683948,0.867658379659632,-5.71163630045729,"EIF3B",0.689122530407257,0.301228751114929,""
"PDLIM3",-0.0408059510364147,18.3049581671318,-0.472666334540534,0.640535336425241,0.904737107459254,-5.82881304199964,"PDLIM3",0.718571663066566,0.193456906526357,""
"COX7A1",-0.0408267501909165,17.4941767085485,-0.514530151858498,0.611382373824497,0.90215208485935,-5.80900096399428,"COX7A1",0.716518553966294,0.21368708615475,""
"UBE2N",-0.0409588936235448,13.3206582032851,-0.435125596868665,0.66718973102913,0.912122109075388,-5.84517622565882,"UBE2N",0.724437071757447,0.175750646710402,""
"CPSF6",-0.0410498660108622,11.3146120815571,-0.345270873781954,0.733155275548652,0.9359150655925,-5.8204974426286,"CPSF6",0.743334212366375,0.134804036037781,""
"SIGLEC1",-0.0410499273201186,15.1238758883235,-0.239416752011675,0.816087368549781,0.955443123756221,-5.40170956380478,"SIGLEC1",0.758844031865844,0.0882633441286082,""
"USO1",-0.0412524983155826,12.9305697485215,-0.718151900991357,0.479295233917208,0.856693037906333,-5.68941054881185,"USO1",0.680413499026982,0.319396889584779,""
"NDUFA8",-0.0414721533196918,18.2278857136175,-0.471455750473934,0.641387485280394,0.904737107459254,-5.82936144489643,"NDUFA8",0.718571663066566,0.192879518256489,""
"ADK",-0.0415603547258012,12.3245976717763,-0.527630886467417,0.602388877914402,0.89967170078125,-5.80246341897139,"ADK",0.714548552186386,0.22012305524194,""
"PFKFB1",-0.0417112837848901,12.6051125586774,-0.557737464440566,0.58196426203608,0.893391859722212,-5.78683197478779,"PFKFB1",0.709560897986748,0.235103684211065,""
"NAGK",-0.0417513179134055,13.2972460573629,-0.791105888105918,0.43629402558379,0.832898621217395,-5.6373448169292,"NAGK",0.661515198702057,0.360220734007811,""
"UBA3",-0.0417642607595656,12.2011714452556,-0.903102847643894,0.375056883229058,0.809476022253824,-5.54817701676424,"UBA3",0.642912208118572,0.425902859741564,""
"EIF5A",-0.041794243959588,15.3862452091551,-0.653277516066834,0.519517101477042,0.87396820757548,-5.73165705114715,"EIF5A",0.694134001144748,0.284400151754796,""
"COQ8A",-0.0421054670357925,17.0804971246937,-0.467328932838008,0.644296178468503,0.904737107459254,-5.83122054978411,"COQ8A",0.718571663066566,0.190914444588721,""
"GCN1",-0.0422156010452888,11.8897430973166,-0.492106976979173,0.626920242907666,0.904737107459254,-5.81981744092909,"GCN1",0.718571663066566,0.202787706806182,""
"MRPL15",-0.0423734109875884,10.5009517766007,-0.218541705422239,0.829106905025251,0.959821702740377,-5.83237198495511,"MRPL15",0.762321641832953,0.0813894679187299,""
"OSBP",-0.0425234809082724,12.1987441605861,-0.602483224898996,0.552257061818925,0.884041788824839,-5.76204175043387,"OSBP",0.702134767302904,0.257858722012647,""
"LMO7",-0.0425364490366231,11.556969285911,-0.354575344185368,0.725869411448818,0.9359150655925,-5.87578212911165,"LMO7",0.743334212366375,0.139141504628374,""
"PDHB",-0.0425694161884564,18.0136187809746,-0.68538084341364,0.499384944703402,0.867658379659632,-5.7112311416914,"PDHB",0.689122530407257,0.301564554757587,""
"BCAT2",-0.0428249577114226,13.3124161477077,-0.568149601698608,0.574981205208486,0.889492935654894,-5.7812293763034,"BCAT2",0.706464245569019,0.240346351149757,""
"XPO1",-0.0429960013161477,11.6956529858653,-0.564041856244405,0.577731104514075,0.889650201112997,-5.78345173205999,"XPO1",0.706589150915379,0.238274249811581,""
"PPID",-0.0430449271413416,12.3061397928391,-0.45423246322564,0.653725963567238,0.908278490873771,-5.81790005181367,"PPID",0.721384345058655,0.184604266127761,""
"PSMC5",-0.0431599677668206,12.7356167222601,-0.855835798016173,0.400184840550413,0.818774469693336,-5.58716079074889,"PSMC5",0.650297337771661,0.397739366949185,""
"IMPA2",-0.0432704551732979,12.3792734681012,-0.454474244800291,0.653393433592856,0.908278490873771,-5.83690864066232,"IMPA2",0.721384345058655,0.184825234367343,""
"ACSS2",-0.0432875492686815,12.0961014957607,-0.66583720029912,0.511588281219484,0.871415328539076,-5.72377819998874,"ACSS2",0.692106421508992,0.291079412316923,""
"AGL",-0.0435499426993324,17.7083008981958,-0.595153379337249,0.557068948183907,0.884369360901276,-5.76622982229399,"AGL",0.702394935709615,0.254091049058471,""
"DCN",-0.0435894210376375,13.2997968055026,-0.402747898472734,0.69054336397112,0.91886565596045,-5.8582188435935,"DCN",0.729793016219341,0.160809043889057,""
"HNRNPH1",-0.0436250355994545,13.4405877931977,-0.674883167538749,0.505919394671326,0.870936730613406,-5.7180140679642,"HNRNPH1",0.691726303456407,0.295918671377589,""
"CTSL",-0.0438164337049951,10.3352131640211,-0.244117148566017,0.809392046497961,0.953804954916632,-5.83995973065878,"CTSL",0.757542944845381,0.0918410675241637,""
"LRPAP1",-0.0440225494942794,11.6198986761106,-0.455550980840433,0.652629301852638,0.908278490873771,-5.83643817369553,"LRPAP1",0.721384345058655,0.185333431088709,""
"TNNI1",-0.0443060789623217,20.0205510804357,-0.344806226520678,0.733112522409418,0.9359150655925,-5.87907437749181,"TNNI1",0.743334212366375,0.134829362178728,""
"TPP1",-0.0444118507422111,14.7544953423207,-0.557352079166932,0.582223531371268,0.893391859722212,-5.78703740799694,"TPP1",0.709560897986748,0.23491024592886,""
"GLOD4",-0.0444218261635889,12.7813103905299,-0.636337536257478,0.530316837859382,0.875755824344665,-5.74205443494012,"GLOD4",0.695553784575944,0.275464583567227,""
"EIF3I",-0.0444917126049056,12.1876144739855,-0.690805782288603,0.49602681938146,0.866916173691002,-5.70768647517774,"EIF3I",0.688533046265599,0.304494841262848,""
"PUF60",-0.044621066935564,13.7118315456246,-0.474320505441743,0.639371752399054,0.904737107459254,-5.82806146043873,"PUF60",0.718571663066566,0.194246554877297,""
"HSPA8",-0.0447777169820611,18.7216631843523,-0.797883880209693,0.432421892001457,0.831580561541263,-5.63226476272794,"HSPA8",0.660468352799871,0.364092327358045,""
"HDDC2",-0.0448398616558983,12.6801059913979,-0.402577167611939,0.690667367836707,0.91886565596045,-5.8582849850825,"HDDC2",0.729793016219341,0.160731062747638,""
"GSS",-0.0449182743160268,13.3894701155232,-0.626040886542058,0.536939903243347,0.875769625180341,-5.74824533493116,"GSS",0.695564745648903,0.270074319794557,""
"ABHD14B",-0.0451452078720891,15.9614903991856,-0.435114757481735,0.667197494047145,0.912122109075388,-5.84518075813255,"ABHD14B",0.724437071757447,0.175745593550685,""
"PSMD3",-0.0452277995810562,12.7506080911557,-0.79598407290476,0.433505080810804,0.83168905702348,-5.63369279549294,"PSMD3",0.660554523443751,0.363005808095119,""
"PSMC6",-0.0454637712513382,13.1857812415863,-1.13052685839449,0.268941311549079,0.744900068115223,-5.33373117137103,"PSMC6",0.591623883171012,0.570342481526184,""
"RAB5B",-0.0456349613764377,12.9897128068108,-0.682302061544288,0.50129644360101,0.869256499006577,-5.71323088194596,"RAB5B",0.690391808816913,0.299905376436089,""
"TRMT112",-0.045636338911148,10.8513939308668,-0.374097656128455,0.711602763357898,0.924890571724212,-5.84976472544148,"TRMT112",0.73457820045077,0.147762374094638,""
"CAP2",-0.0456944320288741,14.7409569847837,-1.01868489986399,0.318071310812728,0.771243177174589,-5.44467745541104,"CAP2",0.612546437945284,0.497475501334684,""
"EML1",-0.0457236936039891,12.1979219622355,-0.749105414364959,0.460756677173133,0.848851579778274,-5.66790547715946,"EML1",0.674185557715091,0.336528362373817,""
"FAU",-0.0457475896374682,11.3795169928744,-0.216290665304731,0.831054334704596,0.959821702740377,-5.7814810612,"FAU",0.762321641832953,0.0803705809199017,""
"NDUFB8",-0.0458086838584464,15.6104458669415,-0.582428325590277,0.565473810816206,0.88446381910921,-5.77338238530095,"NDUFB8",0.702469957493298,0.247587504056625,""
"PCNA",-0.0459672701371723,11.5960905711253,-0.279900191517466,0.783118106317003,0.943569367484342,-5.68783634294043,"PCNA",0.749413508102879,0.106172734680658,""
"ACAD8",-0.0461486000855089,12.8860007386979,-0.564493094862453,0.577428705412306,0.889650201112997,-5.78320837201154,"ACAD8",0.706589150915379,0.238501630063391,""
"HHATL",-0.0462428042917171,13.1429455638792,-0.502663229902173,0.619582933422408,0.903544473644998,-5.81478407110674,"HHATL",0.717624434466927,0.20790055350572,""
"RAB10",-0.0462428897878215,15.0192871812142,-0.953369139680315,0.349494496127638,0.79493407940424,-5.50457992068296,"RAB10",0.63136252371689,0.456559659175001,""
"EIF4B",-0.046394013374579,10.4982923299278,-0.191826642598856,0.84955417996742,0.962738773120351,-5.88130030000376,"EIF4B",0.76463847408946,0.0708089189602633,""
"DPT",-0.0464361667957913,11.6185422227214,-0.303693622085172,0.763967680224043,0.940361508934772,-5.87273007687728,"DPT",0.746865722415918,0.116925013933805,""
"GSPT1",-0.046462299236234,12.6491681674237,-0.737544259957364,0.46763066232122,0.854253232147717,-5.67603900032296,"GSPT1",0.678475725869373,0.330097020092916,""
"NDUFB7",-0.0464840242065865,14.6314173595946,-0.572021899588717,0.572394949786037,0.889052123519641,-5.77912003753095,"NDUFB7",0.706114138221242,0.242304206655329,""
"MTDH",-0.0466050730768011,9.7672100468026,-0.299406428217206,0.768997671120754,0.940847323183503,-5.59799710205383,"MTDH",0.747251571907195,0.11407497544036,""
"ACTBL2",-0.0466739748959313,16.4473996404247,-0.646245503773368,0.523985562216872,0.875755824344665,-5.73600514621243,"ACTBL2",0.695553784575944,0.280680679306211,""
"GBP2",-0.0468611080025809,11.186999838662,-0.479868707891898,0.635833086064593,0.904737107459254,-5.78427908251879,"GBP2",0.718571663066566,0.196656876985227,""
"FAH",-0.0471335996693405,12.8071817768598,-0.476284824755449,0.637991224196807,0.904737107459254,-5.82716561588675,"FAH",0.718571663066566,0.195185295117574,""
"COX20",-0.0473589841395281,11.9484253161101,-0.323880391376967,0.748711869913696,0.9359150655925,-5.88581997063473,"COX20",0.743334212366375,0.125685281607963,""
"CYTH1",-0.0475873292407414,10.4174140434623,-0.309694873069709,0.759694150212981,0.939810964656764,-5.83168021782627,"CYTH1",0.746428462228204,0.119361217731563,""
"PDF",-0.047604631595199,11.3990612417373,-0.449451570320151,0.657914734238294,0.908883105040333,-5.73538902229816,"PDF",0.721864549312021,0.181830387311993,""
"ANP32E",-0.0476277949180144,12.6375696504298,-0.502190470805535,0.619910682490863,0.903544473644998,-5.81501172611153,"ANP32E",0.717624434466927,0.207670879688334,""
"MYL9",-0.0479458912220458,13.1087056235795,-0.365996870936253,0.717434056759353,0.929947210632615,-5.87181764954475,"MYL9",0.738594347682911,0.144218011111969,""
"CAPZB",-0.0480406602669241,15.9548327884063,-0.819171989550322,0.420398372554362,0.829564941131428,-5.61604290951936,"CAPZB",0.658867481454964,0.37633897388078,""
"FN3KRP",-0.0481351443183442,12.3739744385359,-0.343569584820333,0.734031221446215,0.9359150655925,-5.87948464134087,"FN3KRP",0.743334212366375,0.134285467313579,""
"STAT5B",-0.0481841866751562,11.1717160127809,-0.428179435523667,0.672172189205088,0.912833896151801,-5.84805797000634,"STAT5B",0.725002396224666,0.172519460216179,""
"PSMA4",-0.0483488013600351,13.8345247257425,-0.424663452386398,0.674700044785269,0.912833896151801,-5.84949923783711,"PSMA4",0.725002396224666,0.170889261017086,""
"SMYD1",-0.0486424564134964,16.1005532082052,-0.927091707310199,0.362708051166759,0.799682244711988,-5.52764453627541,"SMYD1",0.635133671173509,0.440442804114937,""
"FHL3",-0.0489215797734879,15.9835141806427,-0.616416953307472,0.543169919780623,0.880213350889529,-5.75394343223454,"FHL3",0.699094097265783,0.265064288865644,""
"RARS1",-0.0490927778585313,13.2394155415987,-0.973849681471018,0.339423353567381,0.786969468956628,-5.48619012773854,"RARS1",0.625036770823777,0.469258279942552,""
"PLCD4",-0.0491937592712208,13.7216095757687,-0.876387062907837,0.389130005539202,0.818774469693336,-5.57045204303493,"PLCD4",0.650297337771661,0.409905279765072,""
"H2BC12",-0.0493152909271828,15.5206098765439,-0.431670239525139,0.669666319797212,0.912823938874292,-5.84661545016176,"H2BC12",0.724994487830724,0.174141542924419,""
"ECI1",-0.0495883821164131,15.9171578485718,-0.66462796950596,0.512348733668763,0.871658111886759,-5.72454305352568,"ECI1",0.69229924794716,0.290434332866938,""
"HNRNPR",-0.0498078005298055,10.5098651710095,-0.456522335413072,0.65194028816529,0.908278490873771,-5.83601281346562,"HNRNPR",0.721384345058655,0.185792179893654,""
"TRIM54",-0.049860228396831,13.4203961103228,-0.648695952962764,0.522426065750638,0.874767000019269,-5.73449511633032,"TRIM54",0.694768428107063,0.281975162649405,""
"ALDH4A1",-0.0499141327493895,16.6867216157024,-0.607051711415209,0.54926893198897,0.882888340452553,-5.7594063017541,"ALDH4A1",0.7012186610569,0.26021496505535,""
"CZIB",-0.0499865963941399,13.6565055338297,-0.519115238375745,0.608227589727573,0.90215208485935,-5.80673117821801,"CZIB",0.716518553966294,0.215933883773143,""
"DDT",-0.0500735158177683,16.5420647429869,-0.286623058610008,0.776753519827611,0.941364680185443,-5.89679366517516,"DDT",0.747662473679896,0.109716770080397,""
"H1-2",-0.0502151604922467,12.8998573197421,-0.46954641737484,0.642732513121702,0.904737107459254,-5.83022358113495,"H1-2",0.718571663066566,0.191969730411373,""
"CCDC134",-0.0502202879324631,9.78780084445824,-0.23537144464431,0.816887980751623,0.955443123756221,-5.69869942654039,"CCDC134",0.758844031865844,0.087837493867718,""
"TMLHE",-0.0504062905167917,12.9976862921183,-0.496123700605577,0.624123675945347,0.904737107459254,-5.81791453912447,"TMLHE",0.718571663066566,0.204729342275091,""
"METAP2",-0.0504391605052898,12.4688437004225,-0.793775837421586,0.434766211485277,0.832790961436035,-5.63534861211902,"METAP2",0.661429691799003,0.361744215127816,""
"CPNE3",-0.0504435188020853,11.200843621672,-0.604013534167738,0.551478399375783,0.883331006394769,-5.74218559843186,"CPNE3",0.701570240758516,0.258471493587565,""
"BTF3L4",-0.0505527834738668,12.1169141765636,-0.488629515200158,0.629520770482444,0.904737107459254,-5.802365178764,"BTF3L4",0.718571663066566,0.200989936156439,""
"NT5C3A",-0.0506971218032106,17.0029013825634,-0.513786953221477,0.611894457556777,0.90215208485935,-5.80936702046798,"NT5C3A",0.716518553966294,0.213323480556268,""
"IBA57",-0.0508514748180051,14.2736024184291,-0.493622275818716,0.62586457382179,0.904737107459254,-5.81910135571589,"IBA57",0.718571663066566,0.203519630375347,""
"NDUFB9",-0.0508761228634462,15.990889038334,-0.703530939915535,0.488200118357209,0.861089165814096,-5.69926660936552,"NDUFB9",0.683905046920498,0.311402119630267,""
"ACSF3",-0.0510596691157765,11.8184686464864,-0.303608279272309,0.764546598016037,0.940361508934772,-5.77876494887535,"ACSF3",0.746865722415918,0.116596039820655,""
"PREP",-0.0512240796341139,15.1456682268341,-0.620795967986265,0.540330452470094,0.877656973958109,-5.75136131459561,"PREP",0.697063739487938,0.267340555379494,""
"CAVIN4",-0.0513462915499883,12.5509876475615,-0.508257579248503,0.615710648712855,0.903544473644998,-5.8120742222651,"CAVIN4",0.717624434466927,0.210623335222486,""
"PCYT2",-0.0513482687813642,13.9788218014655,-0.815085818927875,0.422689963646241,0.829564941131428,-5.61918794169111,"PCYT2",0.658867481454964,0.373978063940091,""
"COPS4",-0.0517453935432268,13.9629613662548,-1.14573390461636,0.262711520754925,0.740430621567075,-5.31784342518949,"COPS4",0.588074103226528,0.580520881570299,""
"HMGB1",-0.0518394619939464,14.0689269801054,-0.539827650684404,0.594073188165338,0.897725275048314,-5.7962327328312,"HMGB1",0.713002637506397,0.226160047849881,""
"TUBG1",-0.0518798944867953,10.6548489404209,-0.486181543270855,0.631056107371102,0.904737107459254,-5.82259691515969,"TUBG1",0.718571663066566,0.19993202579804,""
"MAP2K2",-0.0518819833350896,11.4640891320589,-0.687603902910078,0.498007287799964,0.867167590913879,-5.70978183572899,"MAP2K2",0.688732730008509,0.302764301762068,""
"PSMB7",-0.051889098137714,12.9315385362465,-0.528732107720765,0.601635790187524,0.899013979620131,-5.80190657128307,"PSMB7",0.714026168629126,0.220666336281752,""
"VPS37C",-0.0520193299677558,10.9018562998427,-0.506486959559154,0.616935012709722,0.903544473644998,-5.81293506740593,"VPS37C",0.717624434466927,0.209760581684802,""
"PFN2",-0.0521040941249389,15.0302173554582,-0.514657276033433,0.61129480203995,0.90215208485935,-5.80893829819903,"PFN2",0.716518553966294,0.213749297086,""
"TPM1",-0.0522306650417406,20.6368946127823,-0.815849933168005,0.422260846879026,0.829564941131428,-5.61860094973348,"TPM1",0.658867481454964,0.374419185619115,""
"KHSRP",-0.0522739530941401,11.6494957879785,-0.53410879891896,0.59796533982766,0.897725275048314,-5.79917149711449,"KHSRP",0.713002637506397,0.22332398851633,""
"APOOL",-0.0525579302089589,12.9461337765043,-0.674233029041671,0.506325648190418,0.870936730613406,-5.71843083530249,"APOOL",0.691726303456407,0.295570072641913,""
"UBA6",-0.0526174208077954,10.6152638392033,-0.506150380334079,0.617167881518943,0.903544473644998,-5.81309837404161,"UBA6",0.717624434466927,0.209596683454718,""
"CLU",-0.0527279403695893,13.0261398663605,-0.427721401470088,0.672501276101431,0.912833896151801,-5.84824638964588,"CLU",0.725002396224666,0.172306887231452,""
"ALDOA",-0.052808560394304,19.7228227954918,-1.08807012187422,0.286901631149493,0.760077485003729,-5.37707804049782,"ALDOA",0.603678281741284,0.54226698261071,""
"PCYT1A",-0.0529851470159155,12.2485885622566,-0.619387924811964,0.541242604854593,0.878640592296418,-5.75219350706091,"PCYT1A",0.697844961192402,0.266608024482059,""
"RPL31",-0.0530358659881163,10.9876919876398,-0.347531899842123,0.731208525629708,0.9359150655925,-5.85898495561364,"RPL31",0.743334212366375,0.13595875352648,""
"OVCA2",-0.053130829554334,12.4787723906963,-0.607348624165799,0.549075022054344,0.882888340452553,-5.7592343522776,"OVCA2",0.7012186610569,0.260368312310841,""
"ACADS",-0.05342254996118,16.0825572723428,-0.332567122402389,0.742222575425835,0.9359150655925,-5.88307051070974,"ACADS",0.743334212366375,0.129465840294754,""
"MT-ND4",-0.0534345447843219,9.47398998238582,-0.248137315367974,0.806220638060059,0.953077440140901,-5.86935638133121,"MT-ND4",0.756965128927372,0.0935460887420345,""
"ELOC",-0.0536515242821043,14.3965388943431,-0.553159985669985,0.585047467482178,0.894969068924469,-5.78926310732535,"ELOC",0.710813568878796,0.232808896260949,""
"ATP5PF",-0.0538237444901455,18.0131556064579,-0.484335143020906,0.63234738433105,0.904737107459254,-5.82345627276836,"ATP5PF",0.718571663066566,0.199044273536363,""
"C4A",-0.0539299696681397,12.8016394177292,-0.401157473106479,0.691698849706611,0.91896219635236,-5.85883390634665,"C4A",0.72986969174132,0.160082946551313,""
"USP15",-0.0544845072381648,14.0866577588108,-1.19353270968499,0.243819704595857,0.736373996191411,-5.26667481882427,"USP15",0.584852199295988,0.612931199244943,""
"PSMD8",-0.0550196945051482,14.0049954576299,-0.63293238992978,0.532502235491875,0.875755824344665,-5.74411259451026,"PSMD8",0.695553784575944,0.273678564678431,""
"COQ10A",-0.0550221173291447,13.9352069585612,-0.623508255115402,0.538575691725086,0.877283350543696,-5.74975312480085,"COQ10A",0.696766995609476,0.268753252090303,""
"ACADSB",-0.0550574559048584,13.9624960190417,-0.471845224603594,0.641113273656574,0.904737107459254,-5.82918516100161,"ACADSB",0.718571663066566,0.193065231358152,""
"PRMT1",-0.0551864158426163,11.8311563919489,-0.87962865005767,0.387404463516247,0.818774469693336,-5.56778262538759,"PRMT1",0.650297337771661,0.411835379824165,""
"GPS1",-0.0553177185582552,13.2964090382422,-1.08037758271997,0.290245726192134,0.760077485003729,-5.38477167516544,"GPS1",0.603678281741284,0.537234166438099,""
"RBM38",-0.0553342741472544,12.9550140581493,-0.594903262749388,0.55745283736213,0.884369360901276,-5.74738612598812,"RBM38",0.702394935709615,0.253791869696487,""
"IST1",-0.0553519120155617,12.0282678045566,-0.67274901600425,0.507253648204297,0.870936730613406,-5.71938070514129,"IST1",0.691726303456407,0.294774820806598,""
"CSTB",-0.0555274600967692,16.1606994485007,-0.625890184967198,0.537037164936675,0.875769625180341,-5.74833521979999,"CSTB",0.695564745648903,0.269995658493343,""
"YME1L1",-0.0557020303569224,10.7023658211668,-0.346850452939118,0.732495723330863,0.9359150655925,-5.74641039384324,"YME1L1",0.743334212366375,0.135194906590548,""
"TXNDC17",-0.0558763691679225,15.1010695025816,-0.633881374228809,0.531892698721302,0.875755824344665,-5.74354007606863,"TXNDC17",0.695553784575944,0.27417597118875,""
"TNFAIP2",-0.0559613923721951,10.3947058084128,-0.302127528459505,0.765998853186897,0.940361508934772,-5.72615859291412,"TNFAIP2",0.746865722415918,0.115771880569714,""
"TRIM72",-0.0560648310755134,18.4305983175918,-1.20754273433735,0.238478785102284,0.732916502519546,-5.25132604868389,"TRIM72",0.582106145268413,0.622550249423925,""
"NDUFA13",-0.056145846674486,18.0531154299697,-0.716304057832491,0.480415447461499,0.856693037906333,-5.69066690429874,"NDUFA13",0.680413499026982,0.318383036574232,""
"FAM136A",-0.0562030161066964,12.22082152064,-0.576201587528819,0.569609984879971,0.887433168566232,-5.77682762091647,"FAM136A",0.70482831149466,0.244422406414271,""
"GIGYF2",-0.0563300270524163,14.4851694252953,-0.315391965755161,0.755071316331522,0.937935539361321,-5.88843698760613,"GIGYF2",0.744938938406982,0.122012027408507,""
"DNPEP",-0.0565307007309883,13.9426850698368,-0.880135295410119,0.387135216900339,0.818774469693336,-5.56736457391047,"DNPEP",0.650297337771661,0.412137320001605,""
"MCM2",-0.0566101816412932,14.4354997701822,-0.336096240770073,0.739591710307787,0.9359150655925,-5.88193290816594,"MCM2",0.743334212366375,0.131007965262677,""
"BLMH",-0.0569183388233441,15.5053504858572,-0.606379181145496,0.549708285381441,0.882888340452553,-5.75979547927008,"BLMH",0.7012186610569,0.259867717157749,""
"GNPDA1",-0.0571624346247201,12.2776435602144,-1.15477688808422,0.259057384132585,0.740430621567075,-5.30830573824064,"GNPDA1",0.588074103226528,0.586604024136055,""
"KHDRBS1",-0.0572544982528047,10.6961582530912,-0.376780663231867,0.710098986110025,0.924401075498409,-5.78971201149188,"KHDRBS1",0.734189426613442,0.148681107442982,""
"GDE1",-0.0574939443070033,10.236008570343,-0.479894721500469,0.636017531721583,0.904737107459254,-5.76735708890826,"GDE1",0.718571663066566,0.196530912928626,""
"RBM8A",-0.0579255298035104,11.3090644861054,-0.495880745041402,0.624292666555742,0.904737107459254,-5.81803006849748,"RBM8A",0.718571663066566,0.204611766611367,""
"YWHAZ",-0.0580980957465211,15.8201010122977,-0.85274587797344,0.401864119008332,0.818774469693336,-5.58964079334392,"YWHAZ",0.650297337771661,0.395920768658268,""
"ITGA6",-0.058118282721237,10.8103641503602,-0.587847935017846,0.562102576209128,0.884369360901276,-5.75136097858041,"ITGA6",0.702394935709615,0.25018442425902,""
"MACF1",-0.0581883539440735,12.3425324105217,-0.259856418319094,0.797181562325444,0.948240377197208,-5.88463841166617,"MACF1",0.753123376074361,0.098442754468436,""
"COL4A2",-0.0583371882875561,13.8459873392518,-0.23585652000507,0.81545785761694,0.955355069538999,-5.90960380483553,"COL4A2",0.758774096340057,0.0885984781274852,""
"HSBP1",-0.0585382424553718,10.4154746155793,-0.376348572222888,0.710415380465556,0.924401075498409,-5.78241138203958,"HSBP1",0.734189426613442,0.148487644668908,""
"PPCDC",-0.0586632714258588,9.14548300507024,-0.325957279095539,0.748000711363734,0.9359150655925,-5.75661948469454,"PPCDC",0.743334212366375,0.126097989112547,""
"RRAGA",-0.058857420131055,11.590386514819,-0.55038206736106,0.586922479781233,0.896124338487013,-5.79072896282653,"RRAGA",0.711731121573389,0.231419256208052,""
"PARP1",-0.0590959153779878,12.6443779906755,-0.874056612740977,0.390373597280686,0.818774469693336,-5.5723654448356,"PARP1",0.650297337771661,0.40851956329803,""
"PSMD6",-0.0591298082111908,12.8936603997218,-1.04297539164827,0.306901195196472,0.766952254810251,-5.42147319226898,"PSMD6",0.609138447719161,0.513001420247806,""
"ATP5MF",-0.059218390216742,18.5754219985244,-0.569294987044218,0.574215607598106,0.889492935654894,-5.78060690736502,"ATP5MF",0.706464245569019,0.240925007239003,""
"CUL1",-0.0593120173990993,12.8205080640603,-0.991588786598078,0.330861333121724,0.779752944969382,-5.46997083300594,"CUL1",0.619305172550287,0.480353984708067,""
"H6PD",-0.0596896387553869,12.8284100222369,-0.58312571069552,0.565011520343915,0.884369360901276,-5.77299428372553,"H6PD",0.702394935709615,0.247942697011031,""
"ISCA2",-0.0598877047191024,13.536209345227,-0.837434417842256,0.41025143330331,0.824936561011967,-5.60180543266255,"ISCA2",0.655191471294305,0.386949892969248,""
"TJP1",-0.0605384013365811,12.651115392469,-0.775988541104105,0.445304444274185,0.837860129115367,-5.62979790719388,"TJP1",0.665455789788871,0.351342970455746,""
"PPP3R1",-0.0610111776082736,12.3576936283469,-0.430211726237515,0.670864170867005,0.912833896151801,-5.8280885198987,"PPP3R1",0.725002396224666,0.173365402058046,""
"PRPSAP2",-0.0610711569667455,12.0310652097976,-0.754603642930713,0.457508692567264,0.846505404092391,-5.66399504270647,"PRPSAP2",0.672322148609229,0.339600650016914,""
"ASS1",-0.0613194138195379,13.3800004655063,-0.410833226258807,0.684681034433395,0.917907446926752,-5.85505490876424,"ASS1",0.72903197541176,0.164511701861027,""
"UFL1",-0.0617043198871112,10.206700418896,-0.638118889481023,0.530599590705642,0.875755824344665,-5.62961998466711,"UFL1",0.695553784575944,0.275233089360003,""
"FN1",-0.0617250270982286,12.8717451722175,-0.506746148656398,0.61675571559399,0.903544473644998,-5.81280923770475,"FN1",0.717624434466927,0.209886817128978,""
"KIAA1671",-0.0619536389212243,10.8512580320863,-0.436684739666399,0.666394505664288,0.912122109075388,-5.80320634499129,"KIAA1671",0.724437071757447,0.176268592287821,""
"DUSP29",-0.0620740784739144,14.5043090783762,-0.596053971726003,0.55647656293336,0.884369360901276,-5.76571792815986,"DUSP29",0.702394935709615,0.254553122080497,""
"RPS6KA6",-0.0621853320900065,16.4664477706995,-0.290808625801657,0.773685561483473,0.94104474100942,-5.87642112345731,"RPS6KA6",0.747408367571171,0.111435507868476,""
"BLVRA",-0.062293939274964,13.2311090025713,-1.12236310076077,0.272329771536341,0.746862677076267,-5.34218187694374,"BLVRA",0.593182651097584,0.56490487828111,""
"PCMTD1",-0.0623884659053555,10.6613826242762,-0.537749489276875,0.595893123292383,0.897725275048314,-5.76026663932576,"PCMTD1",0.713002637506397,0.224831626378207,""
"EIF4E",-0.0627334295831492,12.5394689011768,-0.626847499973225,0.536419480581202,0.875755824344665,-5.74776388038805,"EIF4E",0.695553784575944,0.270495458718842,""
"NDUFS1",-0.0627690082720527,18.0216527436704,-0.863518076026037,0.396029179704199,0.818774469693336,-5.58095841398301,"NDUFS1",0.650297337771661,0.402272813777409,""
"ACTN2",-0.0628836168890601,20.5911881999029,-1.02575345568007,0.314792006980387,0.770891839922157,-5.43797651501687,"ACTN2",0.61226739446216,0.501976303531468,""
"EML2",-0.0630905629752299,12.4408200375968,-0.633789845555406,0.53195147164755,0.875755824344665,-5.74359533106926,"EML2",0.695553784575944,0.274127985293275,""
"NDUFB3",-0.0632087999082245,16.4954310327349,-0.78130125410832,0.441932580514743,0.837149243358635,-5.64462058911899,"NDUFB3",0.664891181179084,0.354643979844844,""
"H2AZ1",-0.0635484134758943,11.9067229914353,-0.651818769331652,0.520442338213617,0.87470464714308,-5.73256276718685,"H2AZ1",0.694718905422991,0.283627380625783,""
"NDUFV1",-0.0638145340085643,16.4431058297668,-0.927283240302385,0.36261055310806,0.799682244711988,-5.52747858556882,"NDUFV1",0.635133671173509,0.44055956072064,""
"MYPN",-0.0640298642299406,14.8185319156377,-1.02111693003919,0.31694035362785,0.771243177174589,-5.44237668971886,"MYPN",0.612546437945284,0.4990224618442,""
"UQCRC1",-0.0641419005376882,18.0977387175737,-0.852266475198441,0.402125061289388,0.818774469693336,-5.59002481178127,"UQCRC1",0.650297337771661,0.395638859897519,""
"AUH",-0.064451755632982,12.0167868131363,-0.761263269850803,0.45359294546805,0.844587045838039,-5.65922213312711,"AUH",0.670798526034426,0.343333708454044,""
"MYOM2",-0.0644703031312481,18.6964961323142,-1.30406768336977,0.20404309297468,0.704847278419862,-5.14132203630292,"MYOM2",0.559812653738106,0.690278101864752,""
"COPS8",-0.064594386496422,12.9075432690238,-0.755301872978318,0.457097202741634,0.846505404092391,-5.66349650002986,"COPS8",0.672322148609229,0.339991436417057,""
"EIF4A2",-0.0648219698892714,14.9368311801716,-1.13790823560466,0.265904105654396,0.74214014822961,-5.32604311262771,"EIF4A2",0.58943186495292,0.575274956954694,""
"SYNGR1",-0.0648263722381444,10.6604387778216,-0.499485548718635,0.622860544770842,0.904737107459254,-5.70189204715867,"SYNGR1",0.718571663066566,0.205609178727737,""
"TECR",-0.0649034034902698,11.6604369850516,-0.382841333449682,0.705060290702551,0.924401075498409,-5.86574416418307,"TECR",0.734189426613442,0.151773744285362,""
"SAE1",-0.0649436888718107,11.0331823129715,-0.662997445773125,0.513623852413716,0.871964493495252,-5.70666937151047,"SAE1",0.692542586194406,0.289354816070199,""
"LTA4H",-0.0651886241557964,15.2238613892193,-0.918005011933895,0.367353545961638,0.803019317122142,-5.53548093306561,"LTA4H",0.637784082714903,0.434915763675491,""
"WDR44",-0.0653343141437936,10.0446183536773,-0.354782587250509,0.726115564586768,0.9359150655925,-5.81730407919735,"WDR44",0.743334212366375,0.138994253861592,""
"ATP6V1B2",-0.0655862407457892,11.6922886283844,-0.807305741143028,0.427074560418919,0.829564941131428,-5.62513499340499,"ATP6V1B2",0.658867481454964,0.369496297453381,""
"MTRR",-0.065649707575357,10.4545847713756,-0.676579885972532,0.504860019915902,0.870936730613406,-5.716924577121,"MTRR",0.691726303456407,0.296829019911344,""
"AKR1B1",-0.0661483126095384,18.5291351825978,-0.95264159965687,0.349855923706003,0.795127099331825,-5.50522654435092,"AKR1B1",0.631515826426845,0.456110768283069,""
"COPS3",-0.0663930851581735,13.9135542929696,-1.13159546320893,0.268500056605111,0.744900068115223,-5.33262094256501,"COPS3",0.591623883171012,0.571055618406568,""
"UQCC1",-0.0664800445602047,12.4676137514044,-0.588081026562463,0.561732246386084,0.884369360901276,-5.77022361341518,"UQCC1",0.702394935709615,0.250470644620268,""
"ACAD9",-0.0665316867099826,11.2155802627176,-0.511537875232763,0.613445357613968,0.903538362191332,-5.81047163363665,"ACAD9",0.717619580551476,0.212224115811646,""
"GRB2",-0.0665787962758113,14.6575235711358,-1.17477622073265,0.251108885338847,0.738015311505687,-5.28697518676694,"GRB2",0.586155785349076,0.60013791976275,""
"ANK3",-0.0666475419743993,13.2859996434785,-0.761743340668777,0.453311448898063,0.844587045838039,-5.65887652704469,"ANK3",0.670798526034426,0.343603312199943,""
"EPDR1",-0.0668066700089085,13.0229134235544,-0.666234419172163,0.511338617467686,0.871415328539076,-5.72352666199982,"EPDR1",0.692106421508992,0.291291407117391,""
"GPT2",-0.0670191247281053,12.1156391907869,-0.56525034950211,0.576921406362035,0.889650201112997,-5.78279954713257,"GPT2",0.706589150915379,0.238883346477057,""
"CFL2",-0.0670658235649917,17.4092392655378,-0.902606406881232,0.375315317448469,0.809476022253824,-5.54859663210586,"CFL2",0.642912208118572,0.425603710706561,""
"PPM1A",-0.0671375681495423,13.0592443240655,-0.983925056339734,0.334542000891887,0.783662425903504,-5.47701103487236,"PPM1A",0.622410209575294,0.47554934991262,""
"VTN",-0.0673822092424725,13.2748552405483,-0.561145735056767,0.579673829860031,0.892163951203206,-5.78500914611631,"VTN",0.708585653068284,0.236816305984122,""
"GGCT",-0.0674528311195797,13.9385574886809,-0.627518679719069,0.53598664429566,0.875755824344665,-5.74736280707906,"GGCT",0.695553784575944,0.270846031913503,""
"TOMM22",-0.0675248692135089,11.6040878597427,-0.515397828763093,0.610784776146982,0.90215208485935,-5.80857294223318,"TOMM22",0.716518553966294,0.214111796300875,""
"COPS7A",-0.0675258250705504,14.2438276089763,-0.810324756320357,0.425369813600431,0.829564941131428,-5.62283367599607,"COPS7A",0.658867481454964,0.371233333079079,""
"NUCB1",-0.0675410292882415,11.9373558594299,-0.781421199488584,0.441863334697312,0.837149243358635,-5.6445321008587,"NUCB1",0.664891181179084,0.354712034190761,""
"MAP3K20",-0.0679741401542717,14.2879239914237,-0.951273005716458,0.350536495737642,0.795336782617331,-5.50644168662788,"MAP3K20",0.63168236371811,0.455266759231289,""
"SRSF3",-0.0682743516616959,13.6017069024549,-0.632048133558088,0.533070534594176,0.875755824344665,-5.7446453167763,"SRSF3",0.695553784575944,0.273215322383715,""
"SMYD5",-0.0686196583037173,11.2386970669167,-0.628444685031582,0.535389780196388,0.875755824344665,-5.74680877773022,"SMYD5",0.695553784575944,0.271329923112993,""
"YWHAE",-0.068847381928677,17.7517777820652,-1.64382540450157,0.112681040260754,0.593938340243628,-4.6979109709655,"YWHAE",0.471725164568958,0.948149152301992,""
"ARMT1",-0.0688600001866053,13.1542060993869,-0.81651677067322,0.421886580840475,0.829564941131428,-5.61808826109203,"ARMT1",0.658867481454964,0.374804288222332,""
"CSNK2A1",-0.0691828532040564,13.4762226780518,-1.50414277286521,0.145024207418386,0.643410062483516,-4.89043259616538,"CSNK2A1",0.511017216847563,0.838559499346055,""
"ATP6V0D1",-0.0695379786554291,9.51493403756371,-0.328216760780954,0.746977457061576,0.9359150655925,-5.67711742403607,"ATP6V0D1",0.743334212366375,0.126692504505206,""
"L2HGDH",-0.0696308571328945,13.7195587172127,-0.81258127916725,0.424098379364605,0.829564941131428,-5.62110828344334,"L2HGDH",0.658867481454964,0.372533387135561,""
"CYFIP1",-0.0696667051242379,12.2735285456639,-0.475584917445034,0.638482968339736,0.904737107459254,-5.82748523104535,"CYFIP1",0.718571663066566,0.194850683137801,""
"ALDH2",-0.0699145238540666,15.3148142841726,-0.72574474585212,0.474708147978421,0.854593566335604,-5.68421564605645,"ALDH2",0.678746030360447,0.323573313906881,""
"MPO",-0.070204319257213,15.9481688367856,-0.874132403050896,0.390333113242575,0.818774469693336,-5.57230329274386,"MPO",0.650297337771661,0.408564604525767,""
"PPP3CB",-0.0702066342294501,13.9586254483211,-1.0491690351477,0.304097616828002,0.766240708484229,-5.41547677200672,"PPP3CB",0.608573314463741,0.516986983349797,""
"CDNF",-0.0702684660242916,13.2460965618162,-0.741527671042545,0.465255437081113,0.853611602813146,-5.67325021188863,"CDNF",0.677966122964602,0.332308542903208,""
"UBTF",-0.0704893324221203,13.7553173166446,-0.449171056068299,0.657162584793218,0.908883105040333,-5.83920984123768,"UBTF",0.721864549312021,0.182327170861453,""
"VPS26A",-0.070664850521247,12.1004603620963,-0.962246258613709,0.345104773040485,0.791840560647561,-5.49665334952463,"VPS26A",0.628905550415599,0.46204903407041,""
"IDI2",-0.0707004892615188,16.1472431658967,-0.280118010158457,0.781777244592235,0.942840722221519,-5.87936301820022,"IDI2",0.748834794315221,0.106916974850115,""
"SPECC1",-0.07090190555558,10.4336620510892,-0.306934447474938,0.761642977289646,0.940361508934772,-5.849490383723,"SPECC1",0.746865722415918,0.118248557962434,""
"DCTPP1",-0.0709425154809402,13.3726556217719,-0.920403492344488,0.366123539081305,0.803019317122142,-5.53341944802884,"DCTPP1",0.637784082714903,0.436372348243615,""
"ARHGAP17",-0.0709891041897315,12.7397123484974,-0.993181727264835,0.330099790270758,0.779752944969382,-5.46850119105456,"ARHGAP17",0.619305172550287,0.481354751599048,""
"VBP1",-0.071009968031106,12.5762015989421,-0.632028128553952,0.533083395290931,0.875755824344665,-5.74465736051017,"VBP1",0.695553784575944,0.273204844854199,""
"TMEM143",-0.0711993602837406,13.6542539842589,-0.691856775291113,0.495377718274859,0.866308357688698,-5.70699665128312,"TMEM143",0.688050299010056,0.305063531557007,""
"ATP2B1",-0.0712076559704204,11.8079260731852,-0.705667985932889,0.48716005302727,0.859782168479681,-5.67899518899318,"ATP2B1",0.682866987090221,0.312328330927525,""
"FMC1",-0.0719987537215641,12.4702573074161,-0.475797165371263,0.63833382836929,0.904737107459254,-5.82738835598275,"FMC1",0.718571663066566,0.194952139614027,""
"UBFD1",-0.0720750318947143,9.08453518809842,-0.302953672100768,0.765579495632247,0.940361508934772,-5.71518087889904,"UBFD1",0.746865722415918,0.116009706700673,""
"PGP",-0.0724256737273983,14.3063022336895,-0.832727340675134,0.412851903899246,0.824936561011967,-5.60550340141797,"PGP",0.655191471294305,0.384205708280058,""
"NDUFS2",-0.0726241309506985,15.5476563119884,-1.13552151371333,0.26688341596952,0.743497888480977,-5.32853389897791,"NDUFS2",0.590510226459697,0.57367841226231,""
"VDAC3",-0.0727160328485326,17.5827632871078,-0.716632991015563,0.480215928419736,0.856693037906333,-5.69044348803925,"VDAC3",0.680413499026982,0.318563438801963,""
"PSMA5",-0.0732142802780231,15.17875950555,-1.57511998535343,0.127749981895041,0.627831107603833,-4.79432902782679,"PSMA5",0.498643903733249,0.893639152742247,""
"CENPV",-0.0732637641620002,12.0654929188002,-0.482615841211109,0.633550845397581,0.904737107459254,-5.82425359394514,"CENPV",0.718571663066566,0.198218525232806,""
"PSMA7",-0.0732692816015028,13.4678200352836,-1.47790032876644,0.151873596118542,0.643410062483516,-4.92504380311227,"PSMA7",0.511017216847563,0.818517723548401,""
"LTBP4",-0.0737244554842764,10.823924322274,-0.37883833106711,0.70799352017937,0.924401075498409,-5.86721195141832,"LTBP4",0.734189426613442,0.149970717117041,""
"PDIA4",-0.0737869657394477,13.9596744820669,-0.820674893114368,0.419557469969231,0.829564941131428,-5.61488242325258,"PDIA4",0.658867481454964,0.377208542151062,""
"PA2G4",-0.074059300442638,12.4942203396877,-1.12813397047547,0.269931312081638,0.746862677076267,-5.33621385659806,"PA2G4",0.593182651097584,0.568746734281876,""
"SNCA",-0.0741324030059403,9.73825324430802,-0.301837495636919,0.765262630348155,0.940361508934772,-5.89247297376552,"SNCA",0.746865722415918,0.116189493817865,""
"NAP1L1",-0.0742358156328251,13.842040717855,-1.14110723810023,0.264595622538759,0.741179629722529,-5.32269729035226,"NAP1L1",0.588668989886396,0.57741734504265,""
"NAXD",-0.0745156330872696,13.1192412829376,-1.04175423841428,0.307456091766974,0.767032117484887,-5.42265164392882,"NAXD",0.609201877255164,0.512216897660568,""
"TSG101",-0.0746300787742022,11.9031624522687,-0.738629883374008,0.466982621878872,0.854253232147717,-5.67528037595418,"TSG101",0.678475725869373,0.330699280809776,""
"RBFOX1",-0.0748059692913099,10.1848978513403,-0.539528496851852,0.594685031093779,0.897725275048314,-5.75935291719556,"RBFOX1",0.713002637506397,0.225712993054765,""
"RPL23A",-0.0748775402001716,11.3372492813956,-0.478892955013481,0.636160280730121,0.904737107459254,-5.82597054444062,"RPL23A",0.718571663066566,0.196433449969662,""
"COA3",-0.0753095335859477,12.8201368518234,-0.584771568084613,0.563921260735673,0.884369360901276,-5.77207655946329,"COA3",0.702394935709615,0.248781531504705,""
"DHRS4",-0.0754579025531292,10.5548994642784,-0.501616142094596,0.620308954370847,0.903544473644998,-5.81528800944028,"DHRS4",0.717624434466927,0.207391949601148,""
"RPS25",-0.075984079659035,11.0966776775374,-0.390204578169578,0.700939025875324,0.922650685469654,-5.71105640705601,"RPS25",0.732799209871355,0.154319759319534,""
"H2BC20P",-0.0760351990090342,12.1224828876658,-0.469572507858615,0.642881190011021,0.904737107459254,-5.81110926715981,"H2BC20P",0.718571663066566,0.191869281026386,""
"SOD3",-0.0761369901242777,11.6259750663477,-0.655866457528767,0.517877237508037,0.872718688010041,-5.73004480592312,"SOD3",0.693141592029692,0.285773177303991,""
"SNRNP200",-0.0761753791048978,11.5619601471846,-0.953420922259433,0.350247471945745,0.795336782617331,-5.46497820169683,"SNRNP200",0.63168236371811,0.455624990728769,""
"DEFA1B",-0.0762536971181849,10.9682449837341,-0.385817845872958,0.704128581551678,0.924369713224235,-5.71393192770435,"DEFA1B",0.734164517674342,0.152348026711076,""
"COX7C",-0.0762921412033357,15.8545982245601,-0.405655884516739,0.688432614271886,0.918851690154474,-5.85708803651748,"COX7C",0.729781924121599,0.16213856329684,""
"CUL5",-0.0763555667991902,13.1687955267115,-1.3366996493692,0.193311006967283,0.694550456264666,-5.10247772153951,"CUL5",0.55163458238527,0.713743416902339,""
"IPO5",-0.0766709373807117,14.4474579378964,-1.48734722909871,0.149378393986835,0.643410062483516,-4.91264220735901,"IPO5",0.511017216847563,0.825712214106054,""
"UBE2L3",-0.0768929449955458,14.9329740232852,-0.92255046355262,0.365024827186419,0.802064318162102,-5.53156989091723,"UBE2L3",0.63702559145232,0.437677595972635,""
"HNRNPH3",-0.0771181760000736,13.2005198426194,-0.932735001497177,0.35984268621528,0.798878550477937,-5.52274164407999,"HNRNPH3",0.634495351049798,0.443887319900554,""
"IGHV1-18",-0.0772249811116339,11.0816477483879,-0.463038479728798,0.648076821364335,0.906416066063634,-5.74771631578308,"IGHV1-18",0.719905146646074,0.188373510923918,""
"ZBTB8OS",-0.0773119622469309,11.774389241821,-0.819463054482638,0.420896778651489,0.829564941131428,-5.57674794706588,"ZBTB8OS",0.658867481454964,0.375824398127569,""
"BCCIP",-0.0773321905708286,11.6852957613816,-0.745847521028294,0.462972642593728,0.850794443682402,-5.65142936648863,"BCCIP",0.67572864347469,0.334444671015761,""
"DIABLO",-0.0776762497069772,14.5053898056973,-1.0174460263733,0.318648496061286,0.771243177174589,-5.44584753309493,"DIABLO",0.612546437945284,0.496688126937217,""
"THEM4",-0.0783929638642427,11.2424639922975,-0.446933841478658,0.658913405073358,0.909009615924138,-5.82105329486523,"THEM4",0.721965028374306,0.181171656984002,""
"PGK2",-0.0784295255166008,14.8564564557543,-0.761626507305401,0.453379946225488,0.844587045838039,-5.65896065522824,"PGK2",0.670798526034426,0.343537693376289,""
"GPI",-0.0785192827463028,17.7985477682564,-1.05557949991177,0.301214943567719,0.765922483074501,-5.40923641945856,"GPI",0.608320569483997,0.521123486163195,""
"PPP1R9B",-0.0787697040303641,12.1672652128934,-0.333214217465093,0.741854058027806,0.9359150655925,-5.86367569030229,"PPP1R9B",0.743334212366375,0.129681523329081,""
"TPI1",-0.0788133867723353,18.7532047759857,-1.00429274884331,0.324821398968032,0.778731018016849,-5.45818995037278,"TPI1",0.618493524897328,0.488355367523211,""
"HSPH1",-0.0790458460800139,12.2136350924539,-0.694628195394161,0.493668378034347,0.864370637544913,-5.70517279063098,"HSPH1",0.686511298592368,0.306564690655743,""
"RAB4A",-0.0790518958822801,10.9930717089308,-0.575779329656463,0.57058134364873,0.888154500806767,-5.71918284210621,"RAB4A",0.705401217041953,0.243682432613869,""
"UCHL3",-0.0802958063052071,14.425904489201,-1.20106600757437,0.24093687261472,0.73378549657555,-5.25844133656817,"UCHL3",0.582796328636454,0.618096731144466,""
"L3HYPDH",-0.0807830519526114,11.0174898727768,-0.544654439277582,0.59198305974965,0.897725275048314,-5.69050449135677,"L3HYPDH",0.713002637506397,0.227690720916461,""
"P4HA1",-0.0808790084934419,11.1612325983436,-0.787643333778887,0.438280269639709,0.835027021348021,-5.63992412105679,"P4HA1",0.663205643372587,0.358248079835365,""
"ACOT2",-0.0809903590401184,16.9426364952786,-1.12278821078968,0.272152563306471,0.746862677076267,-5.3417431808864,"ACOT2",0.593182651097584,0.565187570865139,""
"UQCR10",-0.0812557009883186,17.373461461831,-0.517662275674752,0.609226472728681,0.90215208485935,-5.80745257834341,"UQCR10",0.716518553966294,0.21522123352018,""
"DCUN1D1",-0.0814374048547872,13.6059945920185,-0.97116029866015,0.340734469177594,0.787346188740782,-5.48862554285058,"DCUN1D1",0.625335973939883,0.467583930369847,""
"BZW2",-0.0821517497701141,14.1403384479917,-1.05462314358052,0.301643771207771,0.765922483074501,-5.41016959093904,"BZW2",0.608320569483997,0.520505638217704,""
"NT5C1A",-0.0825176339991387,14.4773005416614,-1.295718454555,0.206861606346284,0.708008474101866,-5.15112764883505,"NT5C1A",0.562323378256608,0.684320107203864,""
"EIF5",-0.0825464485358474,14.0350427059642,-1.4709033561456,0.153743311911745,0.645273024447104,-4.93418701979292,"EIF5",0.512496841884901,0.81320376766962,""
"LACTB",-0.0829202100953133,14.3376494064157,-0.948367018356796,0.351984530814236,0.795562520511736,-5.50901648208627,"LACTB",0.631861652102396,0.453476422685624,""
"RACK1",-0.0831320253324961,13.831332321118,-0.863333399829981,0.396128753380779,0.818774469693336,-5.58110812468123,"RACK1",0.650297337771661,0.402163632775229,""
"PAICS",-0.0831402215900159,12.3895506393388,-1.15597797351156,0.258574865740987,0.740430621567075,-5.30703391375465,"PAICS",0.588074103226528,0.587413692141228,""
"APOB",-0.0831473130397278,14.4322898865679,-0.686673414125521,0.498583661836745,0.867167590913879,-5.71038900906936,"APOB",0.688732730008509,0.30226195706049,""
"ERN1",-0.0832547308977301,13.2955807638043,-0.914430823518653,0.369191549146137,0.804110381662988,-5.53854364679423,"ERN1",0.638650641691168,0.432748248602802,""
"JPT1",-0.0833365792517782,11.9544426768772,-1.05886534192204,0.299744863075971,0.765224690924722,-5.40602437869389,"JPT1",0.607766360243094,0.523248250954305,""
"PANX1",-0.0833784910927111,9.93867440271779,-0.463386713595585,0.648930282873047,0.906988120204186,-5.64775142411779,"PANX1",0.720359490666841,0.187801958654024,""
"TIMM8B",-0.08368076727991,12.0940091190711,-0.491439254062826,0.627385685554996,0.904737107459254,-5.82013230240468,"TIMM8B",0.718571663066566,0.202465394397273,""
"HINT2",-0.0838109521032564,13.5306885080599,-1.09142677923252,0.285451104556594,0.760077485003729,-5.37370544903311,"HINT2",0.603678281741284,0.544468272146157,""
"RPA2",-0.0838760608809466,10.3660011042112,-0.433423480213883,0.6691057382596,0.912823938874292,-5.76281297692131,"RPA2",0.724994487830724,0.174505245589417,""
"RBP4",-0.0839222013156853,13.3896464438617,-0.531779908388108,0.599553855416671,0.898500586495954,-5.80035949899142,"RBP4",0.713618415097182,0.222171799954997,""
"HSPA1A",-0.084119943044648,18.2112221827853,-0.915782136318671,0.368495933310284,0.803203797018246,-5.53738701738644,"HSPA1A",0.637930602653848,0.433567300615374,""
"NMNAT1",-0.0842026996871521,10.0724744949979,-0.498570062998816,0.626347880969688,0.904737107459254,-5.4614267008691,"NMNAT1",0.718571663066566,0.203184387522561,""
"PSMB5",-0.0842417457498534,13.765860490553,-1.32278236655577,0.197833204108009,0.699393878001248,-5.11914554334648,"PSMB5",0.555481385598595,0.703700815111597,""
"HECTD3",-0.0845227474667496,11.5392916031712,-0.64857352465283,0.524757651833464,0.875755824344665,-5.58264109090331,"HECTD3",0.695553784575944,0.28004121996839,""
"LAMTOR5",-0.0845425478862722,13.7532618119037,-1.076356999084,0.29200458235802,0.760077485003729,-5.38877317856204,"LAMTOR5",0.603678281741284,0.534610333218749,""
"CUL4A",-0.0848512086059081,13.6353632468856,-1.63056183017659,0.115468671307546,0.596979816821689,-4.71677985472045,"CUL4A",0.474140804277837,0.937535831562735,""
"EMD",-0.0851647667648407,12.3947459941154,-1.09013673668102,0.286007952881122,0.760077485003729,-5.37500272546616,"EMD",0.603678281741284,0.543621890492056,""
"RPL3L",-0.0854233467087582,10.8669765726306,-0.776274926664966,0.44513855071206,0.837860129115367,-5.62958847689185,"RPL3L",0.665455789788871,0.351504792514774,""
"SNX2",-0.085519311622523,11.842741028066,-1.47976780663263,0.151377688748835,0.643410062483516,-4.92259742100354,"SNX2",0.511017216847563,0.819938129903974,""
"NT5C",-0.0855727216580426,12.9868648844166,-0.840040813219744,0.408815955549315,0.824936561011967,-5.59974935454213,"NT5C",0.655191471294305,0.388472162599864,""
"PRKG1",-0.0857170860704777,13.489831414992,-1.31745864495312,0.1995846144522,0.699579083641077,-5.12548174749067,"PRKG1",0.555628481946831,0.699872940583964,""
"SORD",-0.0858593302943227,11.6030900040877,-0.76686848193514,0.450606957095156,0.842872479927505,-5.6364289709657,"SORD",0.669436761973228,0.346202107319885,""
"HEBP2",-0.0860847080975056,15.8505200126863,-1.28683082783459,0.209894701617231,0.712452499586232,-5.16150564697813,"HEBP2",0.565852967964693,0.67799852419722,""
"HP",-0.0861840245207226,15.3848442785093,-0.355006810861764,0.725550102359328,0.9359150655925,-5.87563462390928,"HP",0.743334212366375,0.13933259228636,""
"EIF4A1",-0.0861975940036164,13.269232454399,-0.710664197914753,0.483843828569308,0.85788743604369,-5.6944823024996,"EIF4A1",0.681362128909462,0.315294794007082,""
"TXNRD1",-0.0863325429913697,12.9347731686572,-1.18352029889167,0.247690905605774,0.738015311505687,-5.2775468424764,"TXNRD1",0.586155785349076,0.606089938984356,""
"PTMA",-0.0864327481368026,9.42654159181981,-0.473182122533224,0.640941588432617,0.904737107459254,-5.74319774364528,"PTMA",0.718571663066566,0.193181547668849,""
"PHIP",-0.0864640113318593,15.1350609226024,-0.328290970049363,0.7454146178644,0.9359150655925,-5.8844329774679,"PHIP",0.743334212366375,0.127602094818565,""
"AHCYL2",-0.0866198969233736,11.9607970276216,-1.00326661484127,0.325306418308952,0.778731018016849,-5.45914663495892,"AHCYL2",0.618493524897328,0.487707367985707,""
"ADAL",-0.0866860908937621,11.4791942049463,-0.778266623284641,0.443686697898271,0.837860129115367,-5.64685506096547,"ADAL",0.665455789788871,0.352923591603432,""
"CYLD",-0.0867369234210695,14.7433465717776,-0.972590313633273,0.340036887011457,0.787346188740782,-5.48733134239862,"CYLD",0.625335973939883,0.468473968379546,""
"CRYAB",-0.0869294197421802,19.5511547828109,-1.14852201390016,0.261580882654627,0.740430621567075,-5.31490992863529,"CRYAB",0.588074103226528,0.582393999113015,""
"TMEM65",-0.0870203047945068,11.7593755081318,-0.719803134909734,0.478295490902499,0.856226361360327,-5.68828524819217,"TMEM65",0.680042849322208,0.320303713389783,""
"PSAP",-0.0870357125677437,15.0074958443638,-0.80432477743086,0.428761957677853,0.829564941131428,-5.62739933258146,"PSAP",0.658867481454964,0.367783754806685,""
"ACTA1",-0.087146077297497,20.8629201765485,-1.62786460334324,0.116042533778543,0.597889398948587,-4.7206021119199,"ACTA1",0.474863224013064,0.935382796983938,""
"TPR",-0.087336662541496,10.9668334368603,-0.598566387108252,0.554825688240472,0.884369360901276,-5.76428590938679,"TPR",0.702394935709615,0.255843439446595,""
"UBE2I",-0.0874204792256599,12.5427390899371,-1.18556625219228,0.24689616953206,0.737991332242454,-5.27533183142741,"UBE2I",0.586136740237609,0.607485647872822,""
"JPT2",-0.0875944420149359,10.2032461932587,-0.650982209649748,0.522084582433922,0.87470464714308,-5.65100080297213,"JPT2",0.694718905422991,0.282259131655664,""
"MT-ND2",-0.0882030578055808,13.7399172971739,-0.775474802413293,0.445304182608779,0.837860129115367,-5.64890345268086,"MT-ND2",0.665455789788871,0.351343225651661,""
"DCUN1D2",-0.0882581449945903,12.2882989768627,-0.929059331327917,0.361707279963083,0.799682244711988,-5.52593820297261,"DCUN1D2",0.635133671173509,0.441642750248669,""
"NTMT1",-0.0885960816452283,15.0526262840319,-0.908578485850462,0.372214149052202,0.80807123208895,-5.54353447674304,"NTMT1",0.641796478038849,0.429207121966936,""
"XPNPEP1",-0.0888117311847481,13.833151474511,-1.41665892224592,0.16887465717566,0.661464086348806,-5.00384143277422,"XPNPEP1",0.525356310322304,0.77243551960941,""
"TTLL12",-0.0890957155527463,11.5774569747246,-0.795755628122581,0.433635442253286,0.83168905702348,-5.63386429394001,"TTLL12",0.660554523443751,0.362875228900528,""
"HMGB2",-0.0891973790439291,10.7937304756231,-0.792910966272497,0.435566306586069,0.832790961436035,-5.61729719812175,"HMGB2",0.661429691799003,0.360945722648351,""
"GALK1",-0.0892803941897071,11.3450105620504,-0.938434703707837,0.356964025553017,0.797796599134494,-5.51776171563193,"GALK1",0.633636030071577,0.447375549408949,""
"SGCG",-0.0893120883461567,13.9374001499089,-1.27540282983628,0.213844785271883,0.722015557682045,-5.17475890825807,"SGCG",0.573448260015008,0.669901335798842,""
"PAFAH1B3",-0.0893880934313209,12.8091986114891,-1.24103346112694,0.226067204169689,0.730415663588198,-5.21399637622927,"PAFAH1B3",0.580119897578179,0.645762436686976,""
"EIF4E3",-0.0896576220081098,11.2451744466938,-1.14084443059733,0.264702940520518,0.741179629722529,-5.32297247629095,"EIF4E3",0.588668989886396,0.577241234200195,""
"PHAX",-0.0896595501145718,14.0673445979243,-0.761007271296341,0.453743096731852,0.844587045838039,-5.65940634337075,"PHAX",0.670798526034426,0.343189969281605,""
"CACNA2D1",-0.090005209340605,14.5199637576351,-1.43191992248339,0.16450227763306,0.6573489099941,-4.98446635224755,"CACNA2D1",0.522087903298172,0.783828084603844,""
"PANK4",-0.0902510037105859,13.5703240175623,-1.66566456691864,0.108213745200823,0.586708598302234,-4.66657945421164,"PANK4",0.465983068165994,0.965717572078466,""
"PSMA2",-0.0907335864872394,13.2316114985344,-1.51029118155902,0.143456256089093,0.643410062483516,-4.88225093801041,"PSMA2",0.511017216847563,0.843280507538394,""
"PPP1R1A",-0.0910383235757077,13.3065096161547,-0.827336605843666,0.415842762193459,0.826119663049239,-5.60971432747721,"PPP1R1A",0.65613112944637,0.381070853076343,""
"PFDN1",-0.0914031770321895,12.4602219442998,-1.46212164695451,0.156116152096156,0.648603955601806,-4.94561145055515,"PFDN1",0.515142375841296,0.806552161618311,""
"ARPC1A",-0.0916710234399805,10.8366033302662,-0.65723290267641,0.517526454128239,0.872718688010041,-5.68836872004003,"ARPC1A",0.693141592029692,0.28606744570046,""
"PYGM",-0.0916955695554513,19.9913308418507,-1.14818240724662,0.261718409364083,0.740430621567075,-5.31526758482604,"PYGM",0.588074103226528,0.582165727860533,""
"ACOT1",-0.0919366309280889,10.4588651608443,-0.325891027700508,0.747440524762408,0.9359150655925,-5.84787337912243,"ACOT1",0.743334212366375,0.126423359251199,""
"RAB21",-0.0919527972872292,13.5606405592883,-1.74848120817852,0.0926026943110691,0.573254924152178,-4.54484347037665,"RAB21",0.455297722192388,1.03337637716896,""
"ACSF2",-0.0921940312994476,12.5550058407469,-1.10058014044803,0.281522369081319,0.757134528633108,-5.36446100571625,"ACSF2",0.601340889988327,0.550487091460535,""
"RPS26",-0.0923131032948987,11.8582034191432,-1.03511118402016,0.310487056563702,0.768251570236418,-5.42904035452987,"RPS26",0.610170406327835,0.507956499771227,""
"LHPP",-0.0923553688540526,10.901619889861,-0.70023225548193,0.490487194291209,0.861950295591214,-5.68261245736141,"LHPP",0.684588984222238,0.309372326757557,""
"CRADD",-0.092502792661314,11.7447327786094,-0.887905192236099,0.383021232869928,0.818661689937397,-5.56092514479961,"CRADD",0.650207764418123,0.416777150149793,""
"NIF3L1",-0.0925366245380239,13.5672765403949,-1.65316780634403,0.110751476472824,0.590743033134264,-4.68454782453133,"NIF3L1",0.469187347644401,0.955650475310529,""
"BCKDK",-0.0928946483301587,12.7887616237907,-1.12193703961229,0.272507460261915,0.746862677076267,-5.34262140489703,"BCKDK",0.593182651097584,0.564621603823179,""
"VDAC1",-0.0929725582373848,18.096032527953,-1.15027744923694,0.260870848259625,0.740430621567075,-5.31305968908575,"VDAC1",0.588074103226528,0.583574449636247,""
"ANXA6",-0.0930829360596022,18.2624149963428,-1.37168851551744,0.182297782644787,0.676238684260293,-5.05991520502579,"ANXA6",0.537090776947876,0.739218613796971,""
"POTEJ",-0.0937511996841955,12.6744383873538,-0.398940434495939,0.693310857242797,0.919071083668613,-5.85968729258966,"POTEJ",0.729956173592547,0.159071998699663,""
"NAPRT",-0.0939462299836382,11.959748892296,-0.462026888039274,0.648205715418029,0.906416066063634,-5.8144772417204,"NAPRT",0.719905146646074,0.188287143986363,""
"NRBP1",-0.0939576872709385,11.102627493691,-1.39428875822337,0.175450372584592,0.668991805279447,-5.03192608006788,"NRBP1",0.531335069750309,0.755845705184336,""
"PPT1",-0.0939970794233602,12.2643350194002,-0.898623307019444,0.377743869003268,0.811669374726752,-5.53347603999962,"PPT1",0.644654240053781,0.422802575776912,""
"ACTA2",-0.0940648069460543,19.4495647779691,-1.778550341378,0.0874295790022474,0.561580777837907,-4.49952085480501,"ACTA2",0.446025735155749,1.05834161285536,""
"NGRN",-0.0941699803163285,12.5886976330807,-0.494050015596186,0.628877829307133,0.904737107459254,-5.47765613984842,"NGRN",0.718571663066566,0.201433715780747,""
"BRCC3",-0.0942473373939041,12.4550945808771,-0.976897885851001,0.337941461342294,0.78563724050205,-5.48342226895338,"BRCC3",0.623978671616506,0.471158522260205,""
"NDUFA11",-0.0942795449761569,14.0142258665819,-0.847825471606405,0.404547452064994,0.819643357777913,-5.59357256036676,"NDUFA11",0.650987436973745,0.39303052977161,""
"BPNT1",-0.0943576624824214,11.5813397282396,-0.967080505233708,0.342729991984282,0.789542249162508,-5.49230820386454,"BPNT1",0.627080156616181,0.465047889199138,""
"TMEM126A",-0.0944354518976063,14.7173358350958,-1.33761351943113,0.193016899199398,0.694550456264666,-5.10137800186614,"TMEM126A",0.55163458238527,0.714404665563458,""
"NUDT16",-0.0945530345230914,10.9107038567127,-0.640549696199709,0.529425608350174,0.875755824344665,-5.60949310040664,"NUDT16",0.695553784575944,0.276195055675034,""
"OSBPL6",-0.0947604658141969,10.6454161581636,-0.613562817539113,0.545024849896203,0.880306990703137,-5.75561686833229,"OSBPL6",0.699168469054051,0.263583696022874,""
"ATP1B4",-0.0948810853458859,12.3668618530663,-0.998630333195559,0.327504060981177,0.779317609553039,-5.46345794109512,"ATP1B4",0.618959414990953,0.484783310478972,""
"IMPACT",-0.0949056800042687,10.8667980988972,-0.605731310538697,0.550131702688159,0.882888340452553,-5.76016999144877,"IMPACT",0.7012186610569,0.259533327044771,""
"HDHD2",-0.0950642461965199,13.4990064502718,-0.980996693307907,0.335955773741754,0.784654193932932,-5.47968786824172,"HDHD2",0.623197904029746,0.473717890717611,""
"CD9",-0.0951521787664191,17.4799175223465,-1.31499348272486,0.200399667650345,0.699579083641077,-5.12840828809997,"CD9",0.555628481946831,0.698103003053,""
"GCLM",-0.0952422242477162,12.8493861723968,-0.998331314120055,0.32764614902561,0.779317609553039,-5.46373537143932,"GCLM",0.618959414990953,0.484594932138657,""
"RAB1B",-0.0958139119010148,15.7081240975042,-1.40665939730475,0.17178939578392,0.666311266334061,-5.01644193664758,"RAB1B",0.529206098459069,0.765003647807832,""
"APCS",-0.0958853529362393,13.1742900865153,-0.734644571776783,0.469364160498652,0.854253232147717,-5.67806005468904,"APCS",0.678475725869373,0.328490075137732,""
"PGM5",-0.0960982032090438,15.2664431267632,-0.940734458943387,0.355806891356325,0.797796599134494,-5.51574441259968,"PGM5",0.633636030071577,0.448785644647144,""
"ALDOC",-0.096514737561872,13.2429827617512,-0.502297518120994,0.62001687195878,0.903544473644998,-5.79588412866047,"ALDOC",0.717624434466927,0.207596492277715,""
"LAMB2",-0.0965514738908553,13.7959058219413,-0.862127942643123,0.396779105427714,0.818774469693336,-5.58208460956418,"LAMB2",0.650297337771661,0.401451206065168,""
"ANXA7",-0.0966501769689465,16.394565061991,-1.43788705916785,0.162817430285725,0.6573489099941,-4.97684327239595,"ANXA7",0.522087903298172,0.788299103920403,""
"MAN2C1",-0.0967424883730157,12.7024641708217,-1.11756994847076,0.274333606958438,0.748962422290001,-5.34711788932622,"MAN2C1",0.594850337100302,0.561720986334316,""
"AKAP1",-0.0967843246347311,11.6192271073396,-1.06428157483731,0.297332740871774,0.765224690924722,-5.40071000902529,"AKAP1",0.607766360243094,0.526757265712516,""
"NEDD8",-0.0968255076476634,12.794011500316,-1.05717516838439,0.300500409062265,0.765224690924722,-5.40767772327104,"NEDD8",0.607766360243094,0.522154932468685,""
"TMOD4",-0.0968798366624775,16.7087832923963,-1.80472907661647,0.0831290579768721,0.553547740465433,-4.45958517604198,"TMOD4",0.439645635371377,1.08024714091955,""
"NCK1",-0.0969481102280252,10.8392042445498,-0.751991829474662,0.459990242063636,0.848851579778274,-5.59992436721533,"NCK1",0.674185557715091,0.337251381063788,""
"MYH13",-0.097070509558506,16.8875522523124,-0.833522079048541,0.41241211741293,0.824936561011967,-5.60488041803454,"MYH13",0.655191471294305,0.384668582844732,""
"S100A7",-0.0972026740658034,14.6387937814986,-0.1931026320161,0.848432586311992,0.962707382060953,-5.91846948953153,"S100A7",0.764613542288199,0.0713826595994805,""
"SEPHS1",-0.0973003934874228,11.1685680148941,-0.771430012590726,0.44765390835672,0.839834657282555,-5.65185875582285,"SEPHS1",0.667024024336974,0.349057619435681,""
"CAPZA2",-0.0973396585945885,16.8705969547879,-1.85446720785674,0.0754575653913008,0.531017886535521,-4.3825061761131,"CAPZA2",0.421751691955562,1.1222972112498,""
"MT-ND3",-0.0975520745688119,10.0578093435981,-0.326321901762155,0.747923537224318,0.9359150655925,-5.73058940547611,"MT-ND3",0.743334212366375,0.126142799273163,""
"MAGOH",-0.0976452503115492,10.7723413809642,-0.730391746801298,0.472493692600304,0.854253232147717,-5.64443692966706,"MAGOH",0.678475725869373,0.325603984587875,""
"HSCB",-0.0981508270686966,10.3489615774732,-0.828829550214301,0.415334228067635,0.825895946170466,-5.5899206242316,"HSCB",0.65595344621849,0.38160227681605,""
"MT-CO2",-0.0981831957176453,17.8641128155878,-1.19703270476671,0.242477150095403,0.735360555405362,-5.26285521271845,"MT-CO2",0.584047291632704,0.615329181000027,""
"ATP5IF1",-0.0984932245642653,10.7937882744893,-0.541902962436784,0.592860667447708,0.897725275048314,-5.7761183914174,"ATP5IF1",0.713002637506397,0.227047361388963,""
"SRSF1",-0.0984955953562299,11.7273706924574,-1.41938492017827,0.168086924406359,0.661176055867668,-5.00039334882643,"SRSF1",0.525127547137796,0.774466069303144,""
"DNM2",-0.0985247625586876,13.2203218082312,-1.93398808075251,0.0644651821357279,0.501233841660364,-4.25607602396965,"DNM2",0.398096233942026,1.1906747859709,""
"MDH1",-0.0988674295044838,19.8686682206892,-1.16989697791645,0.25303124821592,0.738015311505687,-5.29220925647383,"MDH1",0.586155785349076,0.596825842105862,""
"AFM",-0.0989794844862857,10.5413881846775,-0.401410178304658,0.692154424850562,0.918980940446249,-5.77310504455862,"AFM",0.729884578910871,0.159797000372053,""
"STAT1",-0.0995314404231724,12.0126031903483,-0.871089399810078,0.391960685993408,0.818774469693336,-5.57479474894995,"STAT1",0.650297337771661,0.406757490919229,""
"DPYSL3",-0.099555373724229,15.0164086508412,-0.860425992014664,0.397698481714177,0.818774469693336,-5.58346110049492,"DPYSL3",0.650297337771661,0.400446067008522,""
"NDUFS3",-0.0996125673694088,17.0462870332042,-1.33679118771298,0.193281531762806,0.694550456264666,-5.1023675964976,"NDUFS3",0.55163458238527,0.713809641246576,""
"MOCS2",-0.0996954819520148,12.484224643892,-1.23187811737934,0.229410619098552,0.730415663588198,-5.22429026740148,"MOCS2",0.580119897578179,0.639386483081809,""
"GPD2",-0.100117570670271,12.2099236381266,-0.874616933024227,0.390074361400617,0.818774469693336,-5.5719058330573,"GPD2",0.650297337771661,0.408852593826009,""
"TXNRD2",-0.100186120169477,12.6668311852002,-1.15619635644453,0.258487204634941,0.740430621567075,-5.30680254228746,"TXNRD2",0.588074103226528,0.587560950032221,""
"PPM1B",-0.100235308608788,11.8364909055363,-1.50864465680123,0.143874790792847,0.643410062483516,-4.88444464896558,"PPM1B",0.511017216847563,0.842015294865737,""
"PPP1R27",-0.100269481257238,11.2657669866144,-0.377692566222177,0.708964839928699,0.924401075498409,-5.84846551357204,"PPP1R27",0.734189426613442,0.149375302480665,""
"TYMP",-0.100736001080614,10.7794744721483,-0.792391853664949,0.435557753457517,0.832790961436035,-5.63638415223132,"TYMP",0.661429691799003,0.36095425088607,""
"AMPD3",-0.100880995733982,10.8966561237626,-0.734282551885452,0.47049586862746,0.854253232147717,-5.62108730952158,"AMPD3",0.678475725869373,0.327444185712121,""
"MYH8",-0.101213524785155,16.3292685702558,-0.851438110172482,0.402576200140585,0.819112933760922,-5.59068788288655,"MYH8",0.650566156952313,0.395151903697584,""
"BMS1",-0.101235808288271,11.1078530512023,-0.64050861393126,0.529076748217778,0.875755824344665,-5.63692510851763,"BMS1",0.695553784575944,0.276481324354554,""
"NARS2",-0.101357084111788,11.946530827402,-0.648118171090006,0.523298873379336,0.875718428967166,-5.69400225565701,"NARS2",0.695524083949786,0.281250200260649,""
"PBDC1",-0.101522561748423,12.6199988488103,-1.3606098549399,0.185730317819798,0.682832050808082,-5.07349345775032,"PBDC1",0.542327443297019,0.731117198106572,""
"TXLNB",-0.101758983522211,14.5671756606491,-1.54994917166883,0.133671459918758,0.637322466445156,-4.82882290354345,"TXLNB",0.506182249901589,0.873961308690925,""
"ENO1",-0.102047343046571,17.550918084107,-1.6724046474766,0.106865404895069,0.586690362677009,-4.65684413274478,"ENO1",0.465968584838808,0.971162864434014,""
"DDI2",-0.102181784714828,11.4243371907572,-0.395011672563911,0.697210710612982,0.921600364603367,-5.72684690656852,"DDI2",0.731965010847772,0.156635949840319,""
"CDC123",-0.102338349319401,9.66610572351106,-0.731518194242887,0.471516100950705,0.854253232147717,-5.66142722048231,"CDC123",0.678475725869373,0.326503472736504,""
"PFDN6",-0.102356882321429,14.4672177167632,-1.69826361771607,0.10182269575069,0.586653808182833,-4.61920842996607,"PFDN6",0.465939552069558,0.99215540922216,""
"SYNJ2BP",-0.102581874716771,13.1912484492376,-0.541452736578336,0.59296942890227,0.897725275048314,-5.79539207404751,"SYNJ2BP",0.713002637506397,0.226967696519876,""
"H4C16",-0.102868947037852,17.4923343430176,-1.01894900150434,0.317948361120346,0.771243177174589,-5.44442785111269,"H4C16",0.612546437945284,0.497643409265757,""
"HGS",-0.10308279283951,11.2330093873075,-0.989248686305311,0.331982257930533,0.78105482123591,-5.47212586868838,"HGS",0.62033916506174,0.478885125599456,""
"PGD",-0.103179781857465,12.9064338011598,-1.37733560578768,0.180567424732249,0.675073271918357,-5.05295797736603,"PGD",0.536165168527708,0.743360595855692,""
"IGKV2-28",-0.103295958059229,11.8601152131603,-0.404107319429698,0.689556314846349,0.918851690154474,-5.85769121423323,"IGKV2-28",0.729781924121599,0.161430259976453,""
"PAFAH1B2",-0.103765686392611,14.6199797563481,-1.04795147577461,0.304647321013376,0.766661883903223,-5.41665811319714,"PAFAH1B2",0.608907825692223,0.516202636591616,""
"IMPA1",-0.104004291884953,15.0997341435936,-1.80254319514413,0.083481060848281,0.554094283698075,-4.46293658902601,"IMPA1",0.440079717798614,1.07841204070832,""
"CUL2",-0.104074516508629,11.5848503654552,-1.59399769142057,0.123452341974579,0.618337078705425,-4.76816523309418,"CUL2",0.491103436918651,0.908500666793299,""
"TSSC4",-0.104151362244297,11.5072190227519,-0.832545549552596,0.413625669321584,0.824936561011967,-5.56547039416982,"TSSC4",0.655191471294305,0.383392517064039,""
"NIBAN2",-0.104292626429128,11.1611144315566,-0.675112242732636,0.506935463941599,0.870936730613406,-5.63593762386337,"NIBAN2",0.691726303456407,0.295047325554277,""
"BABAM2",-0.104702813727965,11.2507397053072,-0.857428703976637,0.400016282831273,0.818774469693336,-5.54581839007207,"BABAM2",0.650297337771661,0.397922330172427,""
"NDUFV2",-0.104710732941868,16.8092828773223,-1.31101016787532,0.20172210794381,0.699579083641077,-5.13312713292237,"NDUFV2",0.555628481946831,0.695246502224279,""
"BCKDHB",-0.104712721995142,11.9071853843605,-0.845917531999407,0.405590994677039,0.82100980843812,-5.59509138793755,"BCKDHB",0.652072716570776,0.39191169619318,""
"LRRC2",-0.104812317462745,11.1645334452123,-0.700706852485339,0.48993097382144,0.861950295591214,-5.70114795272481,"LRRC2",0.684588984222238,0.309865103237055,""
"U2AF2",-0.105089592626161,10.1874401809285,-0.749915371969908,0.460277351276883,0.848851579778274,-5.66733113302539,"U2AF2",0.674185557715091,0.336980394772486,""
"NCL",-0.105173577369824,13.4134382113614,-0.831299473831912,0.413642786469409,0.824936561011967,-5.60662127742002,"NCL",0.655191471294305,0.383374544946777,""
"GYG1",-0.10521872476172,15.7139717797343,-1.17893479046307,0.249479008671666,0.738015311505687,-5.28249892690352,"GYG1",0.586155785349076,0.602965990327498,""
"MIPEP",-0.105225770088321,10.7408100839371,-0.36985741897765,0.719948965367262,0.931946544543395,-5.27597160032677,"MIPEP",0.740182283760087,0.14269828807558,""
"FKBP5",-0.105262579583146,11.5856871612093,-0.953730920105008,0.349314864344809,0.79493407940424,-5.50425820713885,"FKBP5",0.63136252371689,0.456782933498981,""
"GUK1",-0.105745758411716,10.665511171456,-1.04280873819748,0.307827684798918,0.767032117484887,-5.38264657364664,"GUK1",0.609201877255164,0.511692324027867,""
"CAVIN2",-0.106078011517031,12.2907390057347,-1.14403998428833,0.263400187165704,0.740430621567075,-5.31962256482043,"CAVIN2",0.588074103226528,0.579383920775132,""
"TAGLN",-0.106393517973585,12.7823979236304,-0.627739819088223,0.535844074860459,0.875755824344665,-5.74723057110369,"TAGLN",0.695553784575944,0.270961567171551,""
"GPD1L",-0.106684445173491,15.6739042244288,-1.1617283033194,0.256273907613391,0.740220215588455,-5.30092858818631,"GPD1L",0.587906991948866,0.59129560901815,""
"LRRC20",-0.106688957024842,14.6292677935947,-1.31822002836705,0.199333399038144,0.699579083641077,-5.12457690978606,"LRRC20",0.555628481946831,0.700419927577914,""
"CYCS",-0.107213432811529,15.8622156070338,-0.88742236795962,0.383276046836778,0.818661689937397,-5.56132683555771,"CYCS",0.650207764418123,0.41648832150137,""
"RANBP1",-0.107344528163603,12.1707088925196,-1.1935450352037,0.243814966982556,0.736373996191411,-5.26666138513064,"RANBP1",0.584852199295988,0.612939638018614,""
"RNF181",-0.10743406649854,10.8065590206873,-0.669657297486799,0.509441676990031,0.87129376641662,-5.70245918868277,"RNF181",0.692009872914071,0.29290552865706,""
"TALDO1",-0.107702015163872,15.6212107526085,-1.86421218842028,0.0740284605552867,0.528507945853045,-4.36722212197426,"TALDO1",0.419758215358289,1.13060128181185,""
"GPHN",-0.107941246964391,12.1627242015759,-1.5500130876923,0.133656142957522,0.637322466445156,-4.82873588414269,"GPHN",0.506182249901589,0.874011075880545,""
"PUDP",-0.107964040577132,12.9064130581674,-0.943447054778791,0.354445262796057,0.797353620573719,-5.51335909018052,"PUDP",0.633284202078125,0.450450823671606,""
"RPIA",-0.108466239101595,12.5406169470827,-1.017657954641,0.31854970814939,0.771243177174589,-5.4456474657839,"RPIA",0.612546437945284,0.496822788476046,""
"SYPL1",-0.108594034572286,11.5967120284564,-0.615064631073837,0.544048391141111,0.880213350889529,-5.75473726282402,"SYPL1",0.699094097265783,0.264362469656819,""
"UBE2K",-0.108918428930483,11.5549412802443,-0.853385253176434,0.401516270347366,0.818774469693336,-5.58912831557667,"UBE2K",0.650297337771661,0.396296851434091,""
"BABAM1",-0.109017685802998,11.5796543335248,-0.856340091287117,0.399911197584094,0.818774469693336,-5.58675523978751,"BABAM1",0.650297337771661,0.398036435374108,""
"RPL27A",-0.109460993321719,13.5063751282017,-0.721217115488683,0.477714547508383,0.856226361360327,-5.66850022190258,"RPL27A",0.680042849322208,0.320831533247905,""
"NUP43",-0.109711355357513,11.3315403215435,-1.04797255991316,0.30504764058294,0.766661883903223,-5.39856714054381,"NUP43",0.608907825692223,0.515632329746409,""
"ACTL6A",-0.110063832107405,10.8977203496658,-0.782864992757256,0.442014800493359,0.837149243358635,-5.58650063311567,"ACTL6A",0.664891181179084,0.354563188422447,""
"PFDN4",-0.110315918052137,11.5785020685091,-1.26200578828997,0.219023501335588,0.727968284785912,-5.17293174525955,"PFDN4",0.578176109662758,0.659509282635854,""
"TOM1",-0.110701924334572,13.5799506004727,-1.5287134358421,0.138840682861598,0.643410062483516,-4.85757279116442,"TOM1",0.511017216847563,0.857483259000232,""
"SULT1A3",-0.110885942908071,11.7459276712632,-0.72663598156964,0.474171404632184,0.854593566335604,-5.68360245087907,"SULT1A3",0.678746030360447,0.324064640119339,""
"HIKESHI",-0.111035418554138,12.8791516506297,-1.71822808016333,0.0980681929480935,0.578944670894802,-4.58984453484454,"HIKESHI",0.459816704276318,1.0084718271462,""
"SMTNL1",-0.111238931070908,16.161543745539,-1.02744300678521,0.314011678144722,0.770293152445457,-5.43636856147349,"SMTNL1",0.611791897378817,0.503054200144935,""
"RWDD1",-0.111355150421815,12.1758663812111,-1.30457641410789,0.203872319193278,0.704847278419862,-5.14072280662732,"RWDD1",0.559812653738106,0.690641736643125,""
"COA7",-0.111360179173507,11.8570782880392,-1.39596041168773,0.174952083554132,0.668991805279447,-5.02984044910961,"COA7",0.531335069750309,0.757080881013747,""
"APIP",-0.111581799902048,15.1212659533413,-0.783617055151632,0.440596807194474,0.837149243358635,-5.64290985646769,"APIP",0.664891181179084,0.355958654309277,""
"PSMD14",-0.111610270929411,12.887281818627,-1.24223177617962,0.225632337608487,0.730415663588198,-5.21264409659838,"PSMD14",0.580119897578179,0.646598657177703,""
"SLC25A11",-0.111850102630372,15.8359619598002,-1.24170347838204,0.225823977885572,0.730415663588198,-5.21324041322192,"SLC25A11",0.580119897578179,0.646229946775428,""
"QDPR",-0.112061783605455,14.1668380914967,-1.34123089976288,0.191856150163375,0.693819410968181,-5.09701865099409,"QDPR",0.551053962412749,0.717024274447392,""
"OPLAH",-0.112212233357562,13.1200581168099,-1.92751926607666,0.0653039493937511,0.501233841660364,-4.26650488288552,"OPLAH",0.398096233942026,1.18506055305805,""
"BANF1",-0.112438415410082,14.8940094249034,-1.46500621345565,0.155333505567057,0.646930893682264,-4.94186508516992,"BANF1",0.513813575600844,0.808734856483862,""
"PARK7",-0.112742065889474,16.1716852241228,-1.59294056896898,0.123689800130264,0.618449000651321,-4.76963698627394,"PARK7",0.491192328971528,0.907666112252716,""
"STAC3",-0.112822242924233,13.4209640225863,-1.70480085275158,0.100580157236025,0.582999903333812,-4.60962274697285,"STAC3",0.463037501891223,0.997487689786036,""
"SKIC3",-0.113233764846301,10.6106570129603,-1.24488965179975,0.224670059825156,0.730415663588198,-5.20964064763177,"SKIC3",0.580119897578179,0.648454799049862,""
"SYAP1",-0.1133328530351,10.5522079695697,-0.858408183254111,0.398790244429269,0.818774469693336,-5.58508974054062,"SYAP1",0.650297337771661,0.39925547433821,""
"NAE1",-0.113508815236099,13.3924365068911,-1.64264121147504,0.112927616670359,0.593938340243628,-4.69960053663467,"NAE1",0.471725164568958,0.947199837518113,""
"FAM98B",-0.114115206154329,10.8241036041797,-1.1812972578076,0.248556581259055,0.738015311505687,-5.27994972825749,"FAM98B",0.586155785349076,0.604574733162071,""
"GSTO1",-0.114274803520669,17.3049844304322,-1.16687138518983,0.254228744470609,0.738015311505687,-5.29544514559969,"GSTO1",0.586155785349076,0.594775347333488,""
"ATP5ME",-0.114707789425673,16.8542855087366,-1.15292802658194,0.259801429501599,0.740430621567075,-5.31026118529759,"ATP5ME",0.588074103226528,0.585358463644253,""
"PTPA",-0.114739708280911,13.5843673958661,-1.55798031188937,0.131758111000106,0.636349414590243,-4.81786598782876,"PTPA",0.505409420442213,0.880222640220446,""
"ATP2A2",-0.114928148508355,18.6978726970148,-1.21923577551105,0.234088593131023,0.730619412976156,-5.23839472812145,"ATP2A2",0.580281721974843,0.630619748460361,""
"PFKFB2",-0.115103384537536,11.0440313376067,-0.808912377698952,0.426818626445638,0.829564941131428,-5.58760481528976,"PFKFB2",0.658867481454964,0.369756636140621,""
"MYBPC1",-0.115231520012465,19.5801801015061,-1.64286489623365,0.112881005810719,0.593938340243628,-4.69928146475167,"MYBPC1",0.471725164568958,0.947379129515058,""
"GUF1",-0.115276640935006,10.6996679937511,-1.12107959577159,0.272865312077923,0.747131211641931,-5.34350549642388,"GUF1",0.593395929991364,0.564051670378688,""
"IGHM",-0.115733039013934,12.4289762614799,-0.545244065475486,0.590398238993936,0.897617629353552,-5.7934212346692,"IGHM",0.712917141791377,0.228854946571798,""
"XPO7",-0.115975619426246,9.63330927970404,-0.806314678852108,0.429986669921613,0.829564941131428,-5.49957807637956,"XPO7",0.658867481454964,0.366545007837208,""
"MAT2B",-0.116566907385542,13.371911108772,-1.27062197425979,0.215514065247299,0.723835207460263,-5.18027286343098,"MAT2B",0.574893485104764,0.666524380909496,""
"MEAK7",-0.116862892683598,10.6037776894881,-1.13492411489288,0.271212997774433,0.746862677076267,-5.19108724051162,"MEAK7",0.593182651097584,0.566689500916895,""
"S100A8",-0.117080102053498,13.2053403514105,-0.44872289869352,0.657481531136569,0.908883105040333,-5.83940309263315,"S100A8",0.721864549312021,0.182116442135739,""
"GPX3",-0.117456453483795,11.9664174408959,-0.802369169173795,0.429871175484137,0.829564941131428,-5.62888050642377,"GPX3",0.658867481454964,0.366661675022269,""
"CUTA",-0.117586612957531,14.0750577793144,-1.34781582122063,0.189757158403846,0.688246045954528,-5.08905720697473,"CUTA",0.546627414486596,0.721801831787425,""
"HLA-DRB1",-0.117791089242489,12.9933218569804,-1.04040298799293,0.308070925550472,0.767032117484887,-5.42395417722759,"HLA-DRB1",0.609201877255164,0.511349286651613,""
"LDHB",-0.118092812243912,18.198057726909,-1.06141452533378,0.298607863576249,0.765224690924722,-5.4035262045846,"LDHB",0.607766360243094,0.524898759696038,""
"COPS7B",-0.118555638662157,8.83811097331611,-0.458345327983982,0.652159450596893,0.908278490873771,-5.67110661338947,"COPS7B",0.721384345058655,0.185646207875177,""
"NUP133",-0.119090921809953,10.1134871637567,-1.22937928216424,0.230329613617195,0.730415663588198,-5.22708823541566,"NUP133",0.580119897578179,0.637650220942733,""
"ACP1",-0.119436258857149,15.5681416753872,-1.6315018738195,0.115269224289505,0.596979816821689,-4.7154465320472,"ACP1",0.474140804277837,0.938286629438534,""
"TXN",-0.119709081094207,16.1917862664406,-1.37101076173592,0.182506330827709,0.676238684260293,-5.06074856601483,"TXN",0.537090776947876,0.738722066024752,""
"EIF3D",-0.119846320646797,11.9314260590325,-1.39037527434613,0.176621300731615,0.670787634878986,-5.03680045236476,"EIF3D",0.532761376078729,0.752956921186817,""
"PSPH",-0.120133963678308,11.1358901984598,-0.931014487259775,0.364097952403037,0.801517314822918,-5.36449314979513,"PSPH",0.636591143593489,0.438781763424097,""
"PLPBP",-0.120209404108124,12.9329372527973,-1.40471284332692,0.172361409286903,0.666311266334061,-5.01888606214513,"PLPBP",0.529206098459069,0.763559963626235,""
"H3-3B",-0.120234807355386,11.9270305313699,-0.676611115034067,0.504840533152884,0.870936730613406,-5.71690449976858,"H3-3B",0.691726303456407,0.296845783284651,""
"TSNAX",-0.120442410058322,12.7569776084731,-0.909921064073608,0.371519303393883,0.807956125005608,-5.54239217443213,"TSNAX",0.641705056246125,0.430018616251588,""
"PSMB1",-0.120711691218002,15.3336141442161,-2.3026541884018,0.0298648763466687,0.3723592555692,-3.62264410808743,"PSMB1",0.295739842354856,1.52483927907765,""
"UBE2F",-0.120893541255874,11.4073336106098,-1.20434074736051,0.239691667404968,0.732916502519546,-5.25484795223745,"UBE2F",0.582106145268413,0.620347063433777,""
"ARPC5L",-0.120939486993576,10.8202265629827,-1.10995065760007,0.277972530268239,0.754646859793379,-5.33706397653909,"ARPC5L",0.599365102413588,0.555998119701971,""
"ALDH9A1",-0.120949159196512,15.3734569327086,-2.1918422318139,0.0378804022353309,0.398980710005993,-3.82073447925247,"ALDH9A1",0.316883468088985,1.42158541806219,""
"MYOM3",-0.121015201474965,16.6230536341844,-1.63270346349984,0.115014704005388,0.596872335768035,-4.71374135411215,"MYOM3",0.474055439326145,0.939246633905647,""
"FABP3",-0.121151081049991,20.1820376797738,-1.33335750003655,0.194389573119799,0.694550456264666,-5.1064940590047,"FABP3",0.55163458238527,0.711327033946682,""
"GPT",-0.121194313557867,14.3504888302658,-1.09281043058163,0.284854714376725,0.760077485003729,-5.37231249925523,"GPT",0.603678281741284,0.545376588526576,""
"CKM",-0.121354165150592,20.650307499447,-1.75653430930844,0.0911922816751084,0.572580867641525,-4.53276303959957,"CKM",0.454762364568757,1.04004191789702,""
"LYRM4",-0.121442413234689,10.3275344122131,-0.710815979730619,0.485788085523175,0.85788743604369,-5.56514350419026,"LYRM4",0.681362128909462,0.313553140940919,""
"POLR1B",-0.121854333532658,12.2586835597597,-0.603376768119907,0.553356307804714,0.884324282900808,-5.6144645394168,"POLR1B",0.702359133294198,0.256995135091028,""
"APOD",-0.121927196313887,12.7057191814923,-0.510295568595501,0.614486509985299,0.903544473644998,-5.79201056324318,"APOD",0.717624434466927,0.21148764687558,""
"MT-CO1",-0.122194666394051,15.8356356735408,-0.709942148954166,0.484283765154751,0.85788743604369,-5.69496868723558,"MT-CO1",0.681362128909462,0.314900089743233,""
"VPS35L",-0.122262637694849,20.1710902613035,-1.30294701115402,0.204419676340771,0.704847278419862,-5.14264135437565,"VPS35L",0.559812653738106,0.689477303669693,""
"DCAF11",-0.122713344493922,11.5265514379236,-0.938492559299297,0.356934884403955,0.797796599134494,-5.51771102191642,"DCAF11",0.633636030071577,0.447411004961729,""
"PRPF19",-0.122714056685455,10.5979445000255,-0.93254531304762,0.36069975830888,0.798930512432998,-5.48323260371903,"PRPF19",0.634536620926049,0.44285414868567,""
"INPP4B",-0.123138302004531,11.4744254649379,-1.08897451062274,0.28904930411378,0.760077485003729,-5.28148677338337,"INPP4B",0.603678281741284,0.539028071851602,""
"SUGP2",-0.123315543042315,13.2342704738862,-0.809304121228528,0.426258342719333,0.829564941131428,-5.60494447327445,"SUGP2",0.658867481454964,0.370327107913784,""
"MYH15",-0.123519250360394,14.3225234121217,-0.984252916850113,0.334383967927272,0.783662425903504,-5.47671087850817,"MYH15",0.622410209575294,0.47575455302617,""
"PTGES3L",-0.123526569201516,10.4326228591666,-0.724624111617408,0.475958570375433,0.854690829511258,-5.64438061213362,"PTGES3L",0.678823279940805,0.322430848624876,""
"CTSD",-0.1236151790176,15.9458262664245,-1.23757284059969,0.227326618599513,0.730415663588198,-5.21789521156764,"CTSD",0.580119897578179,0.643349707988025,""
"COPS2",-0.123675464131995,13.907080413151,-2.65189658599463,0.013671547763409,0.311206337712295,-2.96076117931166,"COPS2",0.247170204253892,1.86418231593275,""
"XIRP2",-0.123933312590971,14.700834923553,-0.44312022598481,0.661474430428399,0.91096285661063,-5.84180303214717,"XIRP2",0.723516355712259,0.179486938987405,""
"IVD",-0.12414983843634,12.9948902825663,-0.917576932181726,0.367573363941822,0.803019317122142,-5.53584833970548,"IVD",0.637784082714903,0.43465596712327,""
"TXNDC9",-0.124174442726567,9.44323224666598,-0.712302321571275,0.483410355180529,0.85788743604369,-5.6527295280158,"TXNDC9",0.681362128909462,0.315684050764125,""
"ADD1",-0.124481108287119,11.006539296827,-1.180344821494,0.253142432808761,0.738015311505687,-5.14453046649127,"ADD1",0.586155785349076,0.596635050455762,""
"ADSL",-0.124544915313336,14.790935381145,-2.01217571081492,0.0550498627881278,0.474152777452273,-4.12805756267174,"ADSL",0.376587571165644,1.25924375917058,""
"MSRA",-0.124659581014132,11.9585613726629,-0.851821626709224,0.403057682198202,0.819139472762122,-5.55424328579636,"MSRA",0.650587235091003,0.394632796866956,""
"SLC9A3R2",-0.124741058843744,10.8091643368009,-1.24815687022187,0.223963919217103,0.730415663588198,-5.18864345012013,"SLC9A3R2",0.580119897578179,0.649821941250869,""
"SCP2",-0.125041115346024,13.1386006959392,-1.74393360229497,0.093407332692104,0.574665661434391,-4.5516465244691,"SCP2",0.4564181756663,1.02961902930826,""
"PRMT5",-0.125151790863365,12.1197862635245,-1.77248155471217,0.0884532886999576,0.565934152902464,-4.50871562977517,"PRMT5",0.449483327349438,1.05328601535242,""
"CARM1",-0.125404186553027,12.2875864145295,-1.87830666508896,0.0720030273499812,0.524774044785776,-4.3450118626628,"CARM1",0.416792629579268,1.14264924337773,""
"DDX19A",-0.125478497934102,12.2128489852927,-1.20577923168883,0.239146213683418,0.732916502519546,-5.2532667672604,"DDX19A",0.582106145268413,0.621336490766993,""
"TPM3",-0.125518432228869,21.338774910165,-1.42004465998727,0.167896719475431,0.661176055867668,-4.99955801399522,"TPM3",0.525127547137796,0.774957789434535,""
"POLG",-0.125545725442429,13.0963376557154,-0.523332627743665,0.605332612159989,0.900620030297938,-5.80462604195261,"POLG",0.715301746359945,0.218005927938435,""
"UBE3A",-0.125566238458804,12.6471976244611,-1.67755294512034,0.105845031794867,0.586690362677009,-4.64938720202269,"UBE3A",0.465968584838808,0.975329522289939,""
"IGHV3-7",-0.12568130501869,11.5622819691938,-0.65119608056953,0.521949222823797,0.87470464714308,-5.64846637479598,"IGHV3-7",0.694718905422991,0.282371744737315,""
"SPTB",-0.12619381555351,14.641083208104,-1.4936772547525,0.147725086732789,0.643410062483516,-4.90429583131118,"SPTB",0.511017216847563,0.830545746363962,""
"IL18",-0.126436264899127,12.3224496281837,-1.10120523477883,0.282149531390627,0.757381209013149,-5.32637950118961,"IL18",0.601536811576456,0.549520666693368,""
"C19orf12",-0.12674537001527,11.5141066737613,-0.643544632107735,0.529523562632751,0.875755824344665,-5.4948507375583,"C19orf12",0.695553784575944,0.276114709978207,""
"GSK3B",-0.127277770099687,11.5904629945168,-1.33604385563255,0.195766205279458,0.69615841862447,-5.0329083596557,"GSK3B",0.552911678436164,0.70826227743275,""
"KLHL40",-0.127302824694649,16.6071434188227,-1.27503215235894,0.213973856003066,0.722015557682045,-5.1751870697349,"KLHL40",0.573448260015008,0.669639286871465,""
"ROCK1",-0.12745388999822,11.6455151645651,-0.6649696760497,0.512383377074304,0.871658111886759,-5.70542679528933,"ROCK1",0.69229924794716,0.290404968236497,""
"PPFIA4",-0.127747650217295,14.6313944704416,-0.919404405492668,0.366635566861057,0.803019317122142,-5.53427876754646,"PPFIA4",0.637784082714903,0.435765406961776,""
"GSTT1",-0.128061030085387,15.2678888580664,-1.03624266622518,0.311819101156691,0.768251570236418,-5.34906621035882,"GSTT1",0.610170406327835,0.506097284680008,""
"NDUFB10",-0.128079189159738,16.9838116614047,-1.52430479480331,0.139934056443265,0.643410062483516,-4.8635008244432,"NDUFB10",0.511017216847563,0.854076576248592,""
"GNL1",-0.128606057359573,10.1789372890626,-0.662750396525384,0.51466531298991,0.872718688010041,-5.64371996745684,"GNL1",0.693141592029692,0.288475101003207,""
"OTUB1",-0.128746049850974,14.7035885500853,-2.04989543122777,0.0509584209539649,0.458190917929303,-4.06502608756713,"OTUB1",0.36391014271876,1.29278403792554,""
"MT-ND1",-0.129037269384515,12.7485862422569,-0.65005717859447,0.521560858861731,0.87470464714308,-5.73365391205628,"MT-ND1",0.694718905422991,0.282695008185255,""
"PRDX2",-0.129254078812522,17.6927681943367,-2.08545481528013,0.0473509054540863,0.446340502231141,-4.00486619246112,"PRDX2",0.354498156799258,1.32467171190984,""
"FRMD8",-0.12930466455086,15.6719001785984,-1.2939674113732,0.207456504408612,0.708358016834632,-5.15317721929051,"FRMD8",0.562600996473795,0.683072944134675,""
"CTSH",-0.129652025209333,11.232331981608,-0.378401827368303,0.708587278129569,0.924401075498409,-5.82718210712803,"CTSH",0.734189426613442,0.149606649191277,""
"NDUFB1",-0.129899376235674,14.556283821147,-0.615417142961238,0.543819326482614,0.880213350889529,-5.75453049645766,"NDUFB1",0.699094097265783,0.264545362332174,""
"PSMB4",-0.130416614362492,13.5988917204887,-1.78469325960133,0.0864037041005954,0.561580777837907,-4.49018947850786,"PSMB4",0.446025735155749,1.06346763904927,""
"NUBP1",-0.130651871851345,9.59556150358231,-0.805796814556739,0.429790091975767,0.829564941131428,-5.52522175401391,"NUBP1",0.658867481454964,0.366743600593876,""
"PSMA3",-0.130678335077164,14.3698511830453,-2.56592827365017,0.0166406754043263,0.329225646283499,-3.12856749511818,"PSMA3",0.261481725711967,1.77882905073645,""
"IGKV4-1",-0.131208266277991,13.4824842157005,-0.416533650555755,0.680559947226349,0.915717514194803,-5.8527869737232,"IGKV4-1",0.72729265954616,0.167133613880282,""
"IDH1",-0.131542641072327,15.2512156952362,-1.96379949245879,0.0607204800670235,0.488995462724629,-4.20769090881927,"IDH1",0.388376114989697,1.21666480348881,""
"PSMD12",-0.131566064431805,12.7762865696239,-1.63861689027178,0.113768945635216,0.595065905932606,-4.70533509511929,"PSMD12",0.472620713945308,0.943976266761395,""
"HTD2",-0.131677980515313,10.4294310417583,-0.611408082555675,0.546653833000348,0.88121654778001,-5.73790823450999,"HTD2",0.699890868893732,0.262287602383957,""
"FBL",-0.132263004907688,11.5947194164373,-1.56607634239736,0.129852141279145,0.633828363629103,-4.8067741102947,"FBL",0.503407119699946,0.886550884401646,""
"FAM114A1",-0.132607457760026,8.40773576058988,-0.301975246470548,0.769457917895583,0.940847323183503,-5.38661851067007,"FAM114A1",0.747251571907195,0.113815127002729,""
"GPX7",-0.132652602124876,10.8384754266863,-0.743100911084224,0.466017578933402,0.854221100045634,-5.57251735243536,"GPX7",0.678450205507887,0.331597700713903,""
"WDR77",-0.132762119817972,12.3501589259863,-1.67166843951751,0.107011991900291,0.586690362677009,-4.65790900707642,"WDR77",0.465968584838808,0.970567551994186,""
"HTATSF1",-0.132815310466079,11.2080397414526,-0.942902443057782,0.354718358509143,0.797353620573719,-5.5138385054635,"HTATSF1",0.633284202078125,0.450116333961406,""
"MRPL47",-0.132853967517562,9.99020404680332,-0.734830149356868,0.471856647813151,0.854253232147717,-5.53048841877774,"MRPL47",0.678475725869373,0.326189921958601,""
"COX6C",-0.1332030185668,16.5306352777993,-0.413388205043842,0.682832687082332,0.916928526558479,-5.85404220955078,"COX6C",0.728254484988033,0.165685697458146,""
"CPA3",-0.133424269196617,13.1849438330078,-0.58695809041727,0.562474514786915,0.884369360901276,-5.77085347687128,"CPA3",0.702394935709615,0.249897150262203,""
"SIX4",-0.13359987311612,10.845460380287,-0.785244642264956,0.440289809123844,0.837149243358635,-5.60531217387785,"SIX4",0.664891181179084,0.356261366533433,""
"LRRFIP1",-0.134032374382841,11.9234345704875,-1.14623972651722,0.262506133799482,0.740430621567075,-5.31731169990451,"LRRFIP1",0.588074103226528,0.580860544280327,""
"NUDCD2",-0.134732188174782,11.9799992454922,-1.53248835025097,0.137910031882839,0.643410062483516,-4.85248577778823,"NUDCD2",0.511017216847563,0.860404141127305,""
"MYH7",-0.134797183166036,22.4192853090027,-1.4755423606194,0.152501625805054,0.643821107473612,-4.92812906897607,"MYH7",0.511343682159634,0.816725526321131,""
"CACNB1",-0.135134443416661,14.6794897316053,-3.25334051765191,0.00324865506692434,0.184809793068993,-1.71589763829925,"CACNB1",0.146781953853434,2.48829639837613,""
"MPC2",-0.135241530014179,14.4973942590161,-1.31114428542526,0.201677472075702,0.699579083641077,-5.13296845102057,"MPC2",0.555628481946831,0.695342610957423,""
"USP24",-0.135301299679156,11.5183901273765,-1.22659803782744,0.231355730556529,0.730415663588198,-5.23019655136241,"USP24",0.580119897578179,0.635719738791031,""
"NLRX1",-0.135386509790495,14.4668853654878,-1.74738628057349,0.0927958859365983,0.573254924152178,-4.54648268413877,"NLRX1",0.455297722192388,1.03247127760268,""
"SF3B2",-0.135495850643405,11.8213156251032,-1.44029125449266,0.162142507717652,0.6573489099941,-4.97376439148811,"SF3B2",0.522087903298172,0.790103114410414,""
"HACD1",-0.13573304648963,12.3884951295346,-0.742560927796986,0.464640491260833,0.853027721823048,-5.67252448706338,"HACD1",0.67750238567492,0.332882946139547,""
"AQP1",-0.135991329222355,13.3291242153711,-1.07179258032556,0.294010536191447,0.76220044323752,-5.39329955918288,"AQP1",0.605364404280195,0.531637105887792,""
"DHTKD1",-0.13614415298087,12.8648839636421,-0.892504815112876,0.380599271064891,0.815975320142851,-5.55708820229371,"DHTKD1",0.648074162076665,0.419532047821984,""
"CMA1",-0.136375015658487,11.5867341650946,-0.820862950918652,0.419770009166108,0.829564941131428,-5.59609126164073,"CMA1",0.658867481454964,0.376988593192737,""
"MRPS11",-0.136653995743167,11.1191411859274,-0.77020001777565,0.448986563467715,0.840935745908587,-5.61231798276886,"MRPS11",0.667898544768012,0.34776665565401,""
"UBAP2L",-0.136707023886938,11.5416886061587,-1.21915499897997,0.234118711276195,0.730619412976156,-5.23848443524008,"UBAP2L",0.580281721974843,0.630563875157455,""
"GOT1",-0.136861090888019,19.1429777374905,-1.77172868391389,0.0885809978456031,0.565934152902464,-4.50985463298429,"GOT1",0.449483327349438,1.05265943179117,""
"NIT1",-0.136928522172655,13.2789824953366,-2.33339221081462,0.0279331179384436,0.365305951905556,-3.56661063363703,"NIT1",0.290137878975758,1.55388058496192,""
"GPD1",-0.136957792041677,16.9922508983302,-1.79550940693725,0.0846224434409028,0.55419026171434,-4.47370007577271,"GPD1",0.440155946663549,1.07251443873552,""
"TAF15",-0.137597564985997,13.4497221220693,-0.957209650681712,0.347590773415913,0.793743823328633,-5.50115898150257,"TAF15",0.630417183594691,0.458931760151271,""
"RALA",-0.137853196191857,13.3750851486996,-1.27205711887811,0.215011928707244,0.723835207460263,-5.17861954512859,"RALA",0.574893485104764,0.667537445070338,""
"ITIH2",-0.138529883703571,12.2951027200017,-0.992716097743686,0.330322270855199,0.779752944969382,-5.46893100362023,"ITIH2",0.619305172550287,0.481062144493695,""
"STYXL2",-0.138801758094433,11.4232745342711,-1.17442180513376,0.251248155794626,0.738015311505687,-5.2873560279937,"STYXL2",0.586155785349076,0.599897117357154,""
"NRAP",-0.138822283609855,15.2484371644501,-0.735101044164647,0.469091021412602,0.854253232147717,-5.67774240205723,"NRAP",0.678475725869373,0.32874287954118,""
"IGBP1",-0.138986947541779,11.4701687118801,-1.56156524219896,0.130911327299134,0.635665111079206,-4.81296023571367,"IGBP1",0.504865924317302,0.883022773841344,""
"PSMD13",-0.139086318997096,13.9035298452619,-1.96412059372202,0.0606812076505366,0.488995462724629,-4.20716686856535,"PSMD13",0.388376114989697,1.21694578466274,""
"PAIP1",-0.139104477855428,12.2466358836533,-1.70768992084492,0.103093690929681,0.586690362677009,-4.53086686906156,"PAIP1",0.465968584838808,0.986767911615264,""
"ATP5MJ",-0.139105474097571,13.6879312159269,-0.671060691855739,0.508310561638887,0.87129376641662,-5.72045889928476,"ATP5MJ",0.692009872914071,0.293870866465237,""
"RNF170",-0.139390404560491,10.8288353882671,-1.21525541778106,0.235576165402495,0.732447261194601,-5.24280892657047,"RNF170",0.581733458532714,0.627868651736396,""
"RPL30",-0.139465382859878,11.1007890488549,-1.58235172462424,0.126089257067421,0.624514503074947,-4.78433575002378,"RPL30",0.496009748449457,0.899321914181001,""
"MPP1",-0.139498338670903,11.8738185799636,-1.20987642711487,0.237597702822242,0.732916502519546,-5.24875399474025,"MPP1",0.582106145268413,0.624157762581615,""
"LACTB2",-0.13960341901643,12.5708965313078,-1.63631441208393,0.11425265393906,0.595065905932606,-4.70861105795675,"LACTB2",0.472620713945308,0.94213370305065,""
"HINT1",-0.139723825735247,15.6943208468116,-1.86659943803644,0.0736819671810844,0.528404479637753,-4.3634689335971,"HINT1",0.419676039121921,1.13263878774491,""
"RBX1",-0.140153316778582,13.9069574166027,-1.52625154497644,0.139450385594869,0.643410062483516,-4.86088487273617,"RBX1",0.511017216847563,0.855580280526705,""
"HYPK",-0.140236574166321,11.8187605481839,-1.14823590274991,0.261696742372278,0.740430621567075,-5.31521125239198,"HYPK",0.588074103226528,0.582201683468447,""
"THRAP3",-0.140363395070601,11.039640781368,-1.22622684064489,0.233622099751049,0.730619412976156,-5.16003865651047,"THRAP3",0.580281721974843,0.631486077030699,""
"UBE2V2",-0.140693082972417,14.1647087369238,-2.33348838159813,0.0279272573609472,0.365305951905556,-3.56643460144599,"UBE2V2",0.290137878975758,1.55397171275915,""
"CMBL",-0.14081362372205,17.5236347486907,-1.53458680868647,0.137394896014024,0.643410062483516,-4.84965350104249,"CMBL",0.511017216847563,0.862029400275862,""
"TMEM223",-0.141353350619204,11.894248988736,-1.39599440277515,0.175443952337662,0.668991805279447,-5.01327274545393,"TMEM223",0.531335069750309,0.755861597591917,""
"GSTP1",-0.141547332457591,16.8724152100845,-1.72070270782112,0.0976110857764554,0.578622415685174,-4.5861863169696,"GSTP1",0.459560758698309,1.01050085632779,""
"PCBD2",-0.141987484482591,16.4211404851347,-2.18873955175059,0.0381304841958077,0.398980710005993,-3.82619020466444,"PCBD2",0.316883468088985,1.41872767985006,""
"RPL8",-0.142057283869097,11.4412734338685,-1.17070093622996,0.252713752216161,0.738015311505687,-5.29134816532348,"RPL8",0.586155785349076,0.597371123932546,""
"CA3",-0.142057954724969,20.7400639514002,-1.86748218224619,0.0735541992871706,0.528404479637753,-4.36208020289064,"CA3",0.419676039121921,1.13339252789653,""
"TBC1D17",-0.142191878073822,11.9697958521059,-1.84247886163713,0.0772483622067905,0.532553475540588,-4.40122728025447,"TBC1D17",0.422971306732121,1.11211071956777,""
"GSTM2",-0.142445914111555,17.0851450800638,-1.26227248655545,0.21845321190803,0.726913176198595,-5.18985941462833,"GSTM2",0.577338108075277,0.660641565494678,""
"GOLGA3",-0.142658068886149,11.4438139275509,-1.64848188054903,0.111715814368053,0.592850917213935,-4.69125793764665,"GOLGA3",0.470861497799395,0.951885344282443,""
"VTA1",-0.14346479923495,10.0753572209264,-1.08925666253187,0.286812858291936,0.760077485003729,-5.35795303315826,"VTA1",0.603678281741284,0.542401382432215,""
"PALMD",-0.143517324049386,12.5232636295244,-1.99477299170638,0.0570335632473843,0.4773817272098,-4.15686214665228,"PALMD",0.379152108176556,1.24386949444445,""
"PRPSAP1",-0.145088808487081,11.5339798953921,-1.70802498647194,0.0999720762279367,0.581821293836676,-4.6048845991521,"PRPSAP1",0.462101411860782,1.00012128833614,""
"STOM",-0.145332512137214,13.4100091200481,-1.71928730067988,0.0978723148225283,0.578944670894802,-4.58827919787494,"STOM",0.459816704276318,1.00934013986382,""
"GPX4",-0.14552088486683,13.8330818345718,-1.54293605875509,0.135360862964076,0.641124350941875,-4.83835328559277,"GPX4",0.509201830333375,0.868506885545141,""
"SRI",-0.145701241256155,12.9830020860189,-1.0500715017483,0.303690621964269,0.766240708484229,-5.41460034516925,"SRI",0.608573314463741,0.51756861898741,""
"MAP1LC3B2",-0.145794834395838,12.3179882337456,-1.11441687558568,0.275657599483598,0.751199619445825,-5.35035459011295,"MAP1LC3B2",0.596627191909963,0.559630030145358,""
"DCAF8",-0.146260452588969,12.3739432846143,-1.5908303785089,0.124164936238938,0.619161279491384,-4.77257250388264,"DCAF8",0.491758044013447,0.906001030149047,""
"ARIH1",-0.146656967400547,11.4338729977375,-1.65521704710549,0.110331949633706,0.589599173228447,-4.68160864730664,"ARIH1",0.468278856870605,0.957298707501778,""
"RNPEP",-0.147071450921949,12.9839473390363,-1.2564957822585,0.220504509748355,0.729170453640902,-5.19645973792747,"RNPEP",0.579130911302145,0.656582523934025,""
"CHCHD10",-0.14708243541447,12.6833948864522,-0.587785318300497,0.562378775394784,0.884369360901276,-5.73344987061062,"CHCHD10",0.702394935709615,0.249971078284936,""
"CARHSP1",-0.147199852601226,11.5942009351067,-1.22374116593753,0.232413331207288,0.730415663588198,-5.23338294676966,"CARHSP1",0.580119897578179,0.633738964475719,""
"RDX",-0.147329998716675,12.9038575702967,-2.48329646396916,0.0200507914880427,0.341414407174681,-3.28697901319049,"RDX",0.271162436398072,1.69786847929792,""
"TMEM70",-0.147458350581189,12.6292679368432,-0.813215138066425,0.427272441306245,0.829564941131428,-5.41987025727564,"TMEM70",0.658867481454964,0.36929511788863,""
"RAD23B",-0.148485375732559,12.5414393740847,-2.1882624565257,0.0381690707375609,0.398980710005993,-3.82702867668239,"RAD23B",0.316883468088985,1.41828841323566,""
"SPARCL1",-0.148513381244289,11.4858766719712,-1.25848473882549,0.219796586850699,0.729170453640902,-5.19419018615798,"SPARCL1",0.579130911302145,0.657979055877116,""
"ARIH2",-0.148624329156499,12.6129692534262,-1.42024782141829,0.167838181965342,0.661176055867668,-4.9993007138317,"ARIH2",0.525127547137796,0.77510923343255,""
"AAMDC",-0.149155229703283,15.4926313339289,-0.698735937404823,0.491141000463404,0.862045406796269,-5.702456632389,"AAMDC",0.684664524637491,0.308793809440465,""
"GSTM4",-0.149442076651143,11.6267002417883,-0.585488038632593,0.565073570774137,0.884369360901276,-5.64716562883956,"GSTM4",0.702394935709615,0.247895004744875,""
"NPEPPS",-0.149674861652031,16.1529613355568,-2.73111887061862,0.011381523299117,0.307196305811801,-2.80356918893366,"NPEPPS",0.24398530637811,1.94379960822853,""
"PTER",-0.149951526262027,10.6549046758116,-0.832628437135765,0.414379275244858,0.825599734115708,-5.52254361073083,"PTER",0.655718184961875,0.38260197351348,""
"PSMB2",-0.150300270682147,13.8554723879942,-1.81356330880851,0.0817194012765288,0.548932894088833,-4.44600934303135,"PSMB2",0.435980374149868,1.08767482391982,""
"PSMB3",-0.150655669271076,13.2427082608799,-2.11017292442417,0.0449791632639271,0.438518692939991,-3.96263279447713,"PSMB3",0.348285821233277,1.34698862789637,""
"GDPD1",-0.15131226812106,12.8803514983914,-0.726655700164285,0.476248594392012,0.854690829511258,-5.56215356967927,"GDPD1",0.678823279940805,0.322166293098358,""
"CD99L2",-0.151977000714014,10.0754522680186,-0.860629162720805,0.397923433604688,0.818774469693336,-5.56473252531224,"CD99L2",0.650297337771661,0.400200484614511,""
"RCC1L",-0.152446340646877,10.3822709415451,-1.22537063912472,0.232276233012228,0.730415663588198,-5.21416601871147,"RCC1L",0.580119897578179,0.633995225842039,""
"ILF2",-0.152878308857893,11.1858824877913,-0.656490505711663,0.517995301717364,0.872718688010041,-5.68883040053396,"ILF2",0.693141592029692,0.28567417934256,""
"SNX5",-0.15290688054229,12.1251806180715,-1.73078087579033,0.0957680804875957,0.578431158407222,-4.57124587710348,"SNX5",0.459408855942074,1.01877921720566,""
"LEMD2",-0.153257472548006,11.793543457731,-0.491296813763078,0.632006328403656,0.904737107459254,-5.44561290222418,"LEMD2",0.718571663066566,0.199278573019788,""
"RUSF1",-0.154117193787306,11.1848980820617,-0.706188597671976,0.50613065129907,0.870936730613406,-5.05514306657211,"RUSF1",0.691726303456407,0.295737360997944,""
"ENOPH1",-0.154140210360648,13.4505517883528,-1.86383712389778,0.074083026844792,0.528507945853045,-4.36781146910829,"ENOPH1",0.419758215358289,1.13028128179135,""
"PRDX1",-0.154340489049599,16.8171309272679,-1.87918105329618,0.0718789745816115,0.524774044785776,-4.34362993796042,"PRDX1",0.416792629579268,1.14339812712128,""
"POLR2I",-0.154413141805321,9.93799667669444,-0.600978942417183,0.561097111584998,0.884369360901276,-5.2908895852784,"POLR2I",0.702394935709615,0.250961966951374,""
"PSMA6",-0.155757209344502,14.8214643243595,-2.25663256336819,0.0329853530721304,0.384503945423518,-3.70566874782164,"PSMA6",0.30538555038882,1.48167886291118,""
"HLA-DRA",-0.156356102051713,13.1049286079206,-1.2556060680991,0.220821743702278,0.729170453640902,-5.19747395537606,"HLA-DRA",0.579130911302145,0.65595816506884,""
"PDE12",-0.157185090569739,12.0404773154672,-1.69046910850308,0.103321116251666,0.586690362677009,-4.6306001953619,"PDE12",0.465968584838808,0.985810910480523,""
"CIRBP",-0.15758962738988,15.0458748641166,-1.52908216459853,0.138749552601321,0.643410062483516,-4.8570763498509,"CIRBP",0.511017216847563,0.857768408587921,""
"DHRS11",-0.157762567334219,12.404218094801,-1.47966885346085,0.151403932831237,0.643410062483516,-4.92272711308407,"DHRS11",0.511017216847563,0.819862843563021,""
"KCNC1",-0.158528650426154,14.4069099887447,-0.727842073927362,0.473445603592423,0.854509167432696,-5.68277148005038,"KCNC1",0.678678998004281,0.324729911944201,""
"NDUFB4",-0.159249733673018,16.9166383056074,-1.71461194397141,0.0987394166229768,0.580523154991939,-4.5951829071747,"NDUFB4",0.461070387731382,1.00550944302869,""
"ACO1",-0.15960324541253,14.6036947364545,-2.55687586764611,0.016986071226898,0.32965496178938,-3.14606246678071,"ACO1",0.261822702062442,1.7699070591407,""
"PEBP4",-0.159981615968903,12.3105112841671,-1.18591192407022,0.246762083007968,0.737991332242454,-5.27495726170533,"PEBP4",0.586136740237609,0.607721572375829,""
"IMPDH2",-0.160097602880255,14.2242147655663,-2.61915860801125,0.014738479423629,0.313642673192688,-3.02501348313371,"IMPDH2",0.249105221203567,1.83154732054697,""
"MYH6",-0.160219323326512,17.8023730211892,-1.05721914382163,0.30048073400014,0.765224690924722,-5.40763473646764,"MYH6",0.607766360243094,0.522183368538647,""
"HYI",-0.160222745054851,12.7323861894272,-1.42368290728354,0.168503786271631,0.661176055867668,-4.94550422325026,"HYI",0.525127547137796,0.773390336107764,""
"SRPRA",-0.161453054154739,9.90832149168127,-1.08942332306482,0.287201826659424,0.760077485003729,-5.33706985630409,"SRPRA",0.603678281741284,0.54181280222366,""
"HOOK2",-0.161706833892053,9.80855286925267,-0.75508691036238,0.457512894704377,0.846505404092391,-5.64488500952607,"HOOK2",0.672322148609229,0.339596661116575,""
"EMC10",-0.161997225813627,9.4552119145808,-0.837778587230975,0.410061699406779,0.824936561011967,-5.60153427638939,"EMC10",0.655191471294305,0.387150792802439,""
"DBI",-0.162100503875536,18.0843381446816,-1.78261946962663,0.086748871208236,0.561580777837907,-4.49334238883305,"DBI",0.446025735155749,1.06173616761748,""
"NDUFA2",-0.162725151207557,15.1283486177762,-1.11177695713228,0.27676966698191,0.752803020409642,-5.35305820277266,"NDUFA2",0.597900665151674,0.557881508811497,""
"PREPL",-0.163613059853132,11.6387733896573,-1.37018441727155,0.182760854841825,0.676238684260293,-5.06176415907618,"PREPL",0.537090776947876,0.738116819251595,""
"MCAM",-0.164166290915775,10.5567924704117,-1.4904880688085,0.151621769071802,0.643410062483516,-4.81478526554602,"MCAM",0.511017216847563,0.819238440464945,""
"MT-CO3",-0.1642953380909,11.6520068999835,-1.23639749067519,0.227755565203682,0.730415663588198,-5.21921722368827,"MT-CO3",0.580119897578179,0.642531002246422,""
"PKIA",-0.165503112635482,12.1060364138096,-1.22818623529085,0.230769357310157,0.730415663588198,-5.22842234086704,"PKIA",0.580119897578179,0.636821859444461,""
"BDH1",-0.165698811972824,14.6681928919624,-1.50419516544881,0.145010787815901,0.643410062483516,-4.89036299350283,"BDH1",0.511017216847563,0.838599688008862,""
"C11orf54",-0.16629874393427,14.003125273867,-1.84207937389006,0.0773086639726875,0.532553475540588,-4.40184957125309,"C11orf54",0.422971306732121,1.11177183202374,""
"ATP6V1A",-0.166476657331449,13.1877491717401,-2.6334413138108,0.014263774472624,0.313040851975527,-2.99703390033617,"ATP6V1A",0.248627235201536,1.84576553649487,""
"GSTM3",-0.166603759105971,16.2881092511006,-1.14411524490735,0.263369561803125,0.740430621567075,-5.31954356785962,"GSTM3",0.588074103226528,0.579434418838148,""
"PSMD9",-0.167136492276596,12.8549681819003,-1.99071242960225,0.0575053942647204,0.47921161887267,-4.16355774517924,"PSMD9",0.380605467704511,1.24029141462305,""
"SMAP",-0.167509729921747,8.30231723235817,-0.729871830235989,0.472503588368056,0.854253232147717,-5.66256408258642,"SMAP",0.678475725869373,0.32559488894831,""
"LZIC",-0.167847525090648,11.44690965152,-1.25757951834231,0.220593390880388,0.729170453640902,-5.17796974131485,"LZIC",0.579130911302145,0.656407503442407,""
"SENP8",-0.16917422195916,11.0244739934908,-1.65073661597082,0.111765285958245,0.592850917213935,-4.67332636210626,"SENP8",0.470861497799395,0.95169306637661,""
"ALDH6A1",-0.171002404460497,13.1946299619224,-1.2522888904873,0.222007566386072,0.72945343241138,-5.20124979493875,"ALDH6A1",0.579355662253597,0.653632223820886,""
"PNP",-0.171600732211607,13.5076353625157,-1.0173546562886,0.31869109373336,0.771243177174589,-5.44593377771975,"PNP",0.612546437945284,0.496630073321068,""
"JCHAIN",-0.171737182472008,11.5557501460617,-0.497984609415937,0.624490980548265,0.904737107459254,-5.65325804374583,"JCHAIN",0.718571663066566,0.204473829710031,""
"NUDT2",-0.172127872580667,11.6830041408575,-1.41290235442667,0.169965003757131,0.66353003224565,-5.00858393550312,"NUDT2",0.526997151807263,0.769640491796913,""
"GATAD2B",-0.172234502070999,17.9584894235865,-2.00931461120383,0.0553717467598075,0.474152777452273,-4.13280525304141,"GATAD2B",0.376587571165644,1.25671177599719,""
"RANBP2",-0.172739983443099,12.009460760236,-2.17963717546708,0.040218404118351,0.409759021458072,-3.81817421640201,"RANBP2",0.325443953915548,1.39557516636843,""
"METTL7A",-0.17286270345838,12.1341512494877,-1.89000299479593,0.07035892785031,0.52078063262639,-4.32648739901163,"METTL7A",0.413620931642905,1.15268078706906,""
"MICOS13",-0.173100208224074,10.4725481204673,-1.5220023002767,0.140507878032839,0.643410062483516,-4.86659128292523,"MICOS13",0.511017216847563,0.852299324938454,""
"DDRGK1",-0.173487800010967,10.4752420925296,-1.66492516184636,0.108362527199473,0.586708598302234,-4.66764556534174,"DDRGK1",0.465983068165994,0.965120875030642,""
"LRRC40",-0.173547101428914,11.9016006108857,-1.9226241468728,0.0675090233718985,0.51066722420633,-4.23909610394863,"LRRC40",0.405588533449266,1.17063817474356,""
"KYAT1",-0.174011545178178,13.1818733285369,-2.50791311868868,0.0189725987271307,0.335315197871532,-3.24009228337972,"KYAT1",0.266318245819151,1.72187317857076,""
"CD59",-0.174114267599638,15.9705727167996,-2.52489416317999,0.0182604306143524,0.331624246746271,-3.20759651797688,"CD59",0.263386772282242,1.73848898522275,""
"PEBP1",-0.174299745057684,17.7785051746941,-2.97511629442667,0.006393031694802,0.235777209632756,-2.3055337046344,"PEBP1",0.187261935254086,2.19429314245437,""
"FLOT1",-0.174353780609666,11.4789207150338,-1.80153314591479,0.0836441457825963,0.554094283698075,-4.46448417209016,"FLOT1",0.440079717798614,1.07756444971994,""
"RAN",-0.176544840994113,14.5717136706351,-1.66533162950645,0.108280717145294,0.586708598302234,-4.66705954603553,"RAN",0.465983068165994,0.965448876551211,""
"TATDN3",-0.176937212701109,10.56756910772,-1.43410521372625,0.164390617236857,0.6573489099941,-4.96538315206056,"TATDN3",0.522087903298172,0.78412297389174,""
"NAA10",-0.176955775453486,10.6763667132806,-1.12380107821591,0.271730684238283,0.746862677076267,-5.340697342581,"NAA10",0.593182651097584,0.565861317625747,""
"PHPT1",-0.177852136944511,15.6988173183109,-2.59464183413741,0.0155878880254984,0.318590170863365,-3.07285127105834,"PHPT1",0.253034684911782,1.80721272259213,""
"TSN",-0.178106891883729,11.5058613352108,-1.75086862658141,0.0921826396266081,0.572580867641525,-4.5412665436933,"TSN",0.454762364568757,1.03535086012062,""
"RAB24",-0.178214019196568,11.1810993942222,-1.69814058782053,0.102357571947353,0.586690362677009,-4.60510013786915,"RAB24",0.465968584838808,0.989880024683769,""
"FUCA1",-0.17883021907627,10.8648599641058,-1.61119929545755,0.132896590060036,0.636796160704341,-4.48522725680699,"FUCA1",0.505764240749161,0.876486162301127,""
"CNN1",-0.179456827011146,10.9737099982367,-0.676070159957895,0.508591616841549,0.87129376641662,-5.40424823478093,"CNN1",0.692009872914071,0.293630802613832,""
"KRT16",-0.179808775172024,15.7102044818528,-0.276753073269946,0.784235941118021,0.943569367484342,-5.89947795051506,"KRT16",0.749413508102879,0.105553258093517,""
"ABCB10",-0.179944765085178,11.0779274377276,-0.822880727505113,0.418325165475546,0.829437828098066,-5.61317552356011,"ABCB10",0.658766524145899,0.378486008480763,""
"UBE2B",-0.180259885082945,13.6593527033313,-2.8759687017393,0.00809850165345449,0.273919908866843,-2.51029384155497,"UBE2B",0.217556108662597,2.09159532480405,""
"GLTP",-0.180299042120396,12.2315786608222,-1.76793868039366,0.0892262901550687,0.568441114034321,-4.51558285985836,"GLTP",0.451474437490616,1.04950716370656,""
"TTC1",-0.180986638172099,10.2118332585117,-1.63965958438541,0.114624406550997,0.595922547620465,-4.67199743157896,"TTC1",0.473301086660455,0.940722899804316,""
"HBA2",-0.181433595118921,21.0169307220259,-1.49641517685114,0.147014591473539,0.643410062483516,-4.9006767217244,"HBA2",0.511017216847563,0.832639558571884,""
"TAPT1",-0.181509920274168,12.3820389173782,-0.600630591429065,0.556447154671018,0.884369360901276,-5.50524252008584,"TAPT1",0.702394935709615,0.254576073960951,""
"S100A9",-0.182146737258027,14.7609301122132,-0.68850981873423,0.497446496500831,0.867167590913879,-5.70918993836016,"S100A9",0.688732730008509,0.303253623509232,""
"RPS6KA5",-0.183676794569164,13.2104836508429,-1.0770009432969,0.291722370911347,0.760077485003729,-5.38813319859069,"RPS6KA5",0.603678281741284,0.535030265458927,""
"SH3BGR",-0.183730468987378,16.783582627081,-2.18186406269303,0.0386899722896623,0.401565596869238,-3.83826198495595,"SH3BGR",0.318936469382784,1.41240158132686,""
"CSNK1A1",-0.183987311328792,11.022349195092,-1.07485663416375,0.29266287857361,0.760077485003729,-5.39026296231206,"CSNK1A1",0.603678281741284,0.533632360084261,""
"MB",-0.184282027818622,21.3800064698863,-2.34850138952951,0.0270260381433792,0.365305951905556,-3.53890012531725,"MB",0.290137878975758,1.56821761462603,""
"PSMB8",-0.184347100646011,10.6810280369129,-1.20771662429444,0.239922092038608,0.732916502519546,-5.19811548994809,"PSMB8",0.582106145268413,0.619929760332631,""
"KCMF1",-0.186456465564728,9.63450903247414,-0.572783361958026,0.582336120041539,0.893391859722212,-5.25088405213017,"KCMF1",0.709560897986748,0.234826271461229,""
"GAPVD1",-0.186659277659848,9.91161498759901,-1.05409040095271,0.30570936890282,0.766661883903223,-5.25747926182629,"GAPVD1",0.608907825692223,0.514691251491616,""
"RBM3",-0.186721634874262,13.6426617311957,-1.21160451858666,0.236946837521716,0.732916502519546,-5.24684657575072,"RBM3",0.582106145268413,0.625349083360585,""
"DRG2",-0.187561065029747,10.9765094791683,-2.04951175917959,0.0509986412999572,0.458190917929303,-4.06567130735136,"DRG2",0.36391014271876,1.29244139417248,""
"NPLOC4",-0.187792106506569,12.0842404489868,-2.06930001431657,0.0489606313608997,0.449718259305389,-4.03228506583241,"NPLOC4",0.357180881425301,1.31015299047878,""
"PDPR",-0.188793080868766,12.9691255322469,-1.32669581417423,0.196553371037847,0.696782912125538,-5.11447380825153,"PDPR",0.553407671504135,0.706519503303669,""
"SUOX",-0.18890453192364,13.0275890244861,-2.54843700302731,0.0173140519061553,0.32965496178938,-3.1623409442552,"SUOX",0.261822702062442,1.76160128483634,""
"PHYH",-0.189058056304482,10.0828531036603,-1.25621234238745,0.224186890074135,0.730415663588198,-5.0813011082593,"PHYH",0.580119897578179,0.649389787525754,""
"PIGK",-0.189964895656635,10.5168740081034,-1.71920296263051,0.0983974418192883,0.579698043505029,-4.57430886680209,"PIGK",0.460415057328245,1.00701619240411,""
"TNNC1",-0.190058994034842,20.2185261765016,-2.04054907210824,0.0519462525944859,0.460942827806009,-4.08072005229579,"TNNC1",0.366095799127026,1.28444577700455,""
"MFN1",-0.190349479666223,10.3926252679086,-1.67100108348392,0.107145015676614,0.586690362677009,-4.65887397395432,"MFN1",0.465968584838808,0.970028027277226,""
"GLRX",-0.190583134305397,12.0143027609073,-1.83762137356572,0.0779843524182913,0.532553475540588,-4.40878708670595,"GLRX",0.422971306732121,1.10799252987517,""
"DNAJC21",-0.190945899349911,13.2915665167947,-2.48897768388109,0.0197970400498438,0.341414407174681,-3.27618152996067,"DNAJC21",0.271162436398072,1.70339973833012,""
"RPA1",-0.190973080736823,11.5845693887338,-2.59742234438432,0.0154893076186222,0.318590170863365,-3.06743805012189,"RPA1",0.253034684911782,1.80996799503178,""
"COPG2",-0.191053979243451,10.4891296584274,-1.30334543843776,0.205297925134037,0.706864113485455,-5.1054944670959,"COPG2",0.561414489802158,0.687615439851971,""
"MAPK14",-0.191173076728017,13.6620753795037,-2.55179319941819,0.0171829127323101,0.32965496178938,-3.15587044272081,"MAPK14",0.261822702062442,1.76490321557185,""
"NT5C2",-0.1926719456221,10.2908515461303,-1.04318095114588,0.306807857419219,0.766952254810251,-5.42127469714154,"NT5C2",0.609138447719161,0.513133522199876,""
"HSPA2",-0.193002090573303,15.7925910979067,-2.34562417471531,0.0271966667306973,0.365305951905556,-3.5441854213719,"HSPA2",0.290137878975758,1.56548432056774,""
"EPB41",-0.194776176486856,12.8541633709808,-1.40664841783135,0.171792617977162,0.666311266334061,-5.01645573066027,"EPB41",0.529206098459069,0.764995501975463,""
"CA4",-0.194877570281884,12.5779382825133,-1.19345307365958,0.245346169424266,0.737991332242454,-5.2053894278432,"CA4",0.586136740237609,0.610220718245081,""
"NQO2",-0.195160962086705,14.5158990299111,-0.631546572355447,0.5333930254615,0.875755824344665,-5.74494716352505,"NQO2",0.695553784575944,0.272952667355155,""
"PTPN23",-0.195360699151538,12.2217736454928,-1.53907670170991,0.13681296279522,0.643410062483516,-4.8279972334107,"PTPN23",0.511017216847563,0.863872752003878,""
"GLG1",-0.195550952874857,12.0375993147164,-2.42266343699082,0.0229526155844872,0.354944281552273,-3.40132451173979,"GLG1",0.281908303072968,1.63916781691608,""
"ALAD",-0.195990368379194,13.0065495699713,-2.2355196166842,0.0345136150444742,0.385633109680568,-3.74340134877111,"ALAD",0.306282369399971,1.46200954920919,""
"POLR2H",-0.196569527306625,9.63960448555012,-0.90496120048348,0.374827743580708,0.809476022253824,-5.51070035181997,"POLR2H",0.642912208118572,0.426168271471324,""
"PNPO",-0.197030297647423,13.5772116840044,-2.24314133785663,0.0339546675890748,0.385633109680568,-3.72980609664707,"PNPO",0.306282369399971,1.46910051685199,""
"FGGY",-0.199320686235382,10.6840288520999,-1.62071940041076,0.117574244191587,0.602541804012146,-4.73070329942406,"FGGY",0.478558315566421,0.929687804369916,""
"PRDX6",-0.199368148968667,18.2587867405709,-2.56386191051094,0.0167189371677881,0.329225646283499,-3.13256401123719,"PRDX6",0.261481725711967,1.77679133436327,""
"ABCF2",-0.199512504221024,10.5512496954257,-1.70604986251292,0.10140969780346,0.585447552580214,-4.58043704651432,"ABCF2",0.464981504602165,0.993920511460865,""
"EIF4EBP1",-0.199534783677159,11.2204712168075,-1.87554063557674,0.0723966795660353,0.524774044785776,-4.34938031523717,"EIF4EBP1",0.416792629579268,1.14028135202409,""
"CA2",-0.200301365638737,17.9703915032678,-2.61459262170975,0.0148933230657231,0.313642673192688,-3.0339410505288,"CA2",0.249105221203567,1.82700838968307,""
"EARS2",-0.201601834804123,14.1920301186665,-0.754685431161514,0.457460480682017,0.846505404092391,-5.66393666786684,"EARS2",0.672322148609229,0.339646418019502,""
"ESD",-0.202071287332576,16.4231621153705,-2.66375498770828,0.0133032452964711,0.307196305811801,-2.93738407257116,"ESD",0.24398530637811,1.87604240095593,""
"TMEM186",-0.202534725455918,9.99002001922262,-1.25488769876518,0.225480621736223,0.730415663588198,-5.06372609935504,"TMEM186",0.580119897578179,0.646890776334382,""
"PRPS1",-0.203233658543557,13.1356572239921,-2.07336638264017,0.0485509197770694,0.449718259305389,-4.0253971197804,"PRPS1",0.357180881425301,1.31380253814893,""
"DHX15",-0.203239760083262,10.0921696167681,-1.27445654837168,0.216358658667366,0.724206747491626,-5.10625970695939,"DHX15",0.575188574292585,0.664825719664653,""
"RPS6KB2",-0.203583832222755,8.80570365158248,-0.724239874146997,0.476872452129016,0.855276543899514,-5.6036571909316,"RPS6KB2",0.679288473374987,0.32159776507696,""
"PTGR2",-0.20451488823595,13.5544018178997,-3.56665751157759,0.00148664999089274,0.178354184294688,-1.03056329398243,"PTGR2",0.141654699212485,2.82779126746753,""
"HPR",-0.204682478938395,10.3823149442605,-0.879359634164801,0.387890203646111,0.818774469693336,-5.54948107228139,"HPR",0.650297337771661,0.411291188577724,""
"SERPIND1",-0.204800037246708,11.1413399693466,-1.50697998848684,0.145977211747473,0.643410062483516,-4.83670682470169,"SERPIND1",0.511017216847563,0.835714935892081,""
"PXN",-0.205348750416652,10.5186485765883,-1.43189066438542,0.168336384804558,0.661176055867668,-4.8798482079725,"PXN",0.525127547137796,0.773822003976627,""
"PPP1R12A",-0.205429954806013,11.040219191821,-1.10907556953601,0.279878475104005,0.756250578875952,-5.28319302687355,"PPP1R12A",0.600638828315572,0.55303050097299,""
"BLVRB",-0.205856592923876,15.651958072528,-2.79137823412928,0.00988674651693785,0.287115113496932,-2.68245156185972,"BLVRB",0.228036169729369,2.00494660043538,""
"LSM1",-0.206095660996764,11.8299130357479,-2.33126021715664,0.0280633290424552,0.365305951905556,-3.57051191619165,"LSM1",0.290137878975758,1.55186081160377,""
"AGPS",-0.206290346392091,11.3354081197285,-1.98159134283455,0.0585778140881606,0.48389255691695,-4.17856265755338,"AGPS",0.384323221080003,1.232266838649,""
"PCBD1",-0.206340058342231,14.6835949481176,-3.38637542625979,0.00233616609536121,0.184809793068993,-1.42727728354792,"PCBD1",0.146781953853434,2.63149628324864,""
"MT-ND5",-0.206563646322191,10.8165045912117,-1.38269897161684,0.179978789546567,0.675073271918357,-5.0105805453399,"MT-ND5",0.536165168527708,0.744778673372554,""
"ACAT2",-0.206903137458907,10.4193061821941,-1.44703939757423,0.160768496502722,0.653328131241501,-4.94888646137593,"ACAT2",0.518894469922601,0.793799049713524,""
"PYGL",-0.207645015467843,11.7149889592663,-1.53031767880598,0.139517964057285,0.643410062483516,-4.82515937559358,"PYGL",0.511017216847563,0.855369869890996,""
"SKP1",-0.207812992753178,13.1011547196489,-1.71027867063257,0.0995488731322023,0.581448199068461,-4.60156848741005,"SKP1",0.46180508785034,1.00196365171127,""
"NOSIP",-0.208833155374087,16.4154869898309,-0.956148545589564,0.348116057443574,0.794312432658948,-5.50210543358778,"NOSIP",0.630868791635027,0.458275943684114,""
"AP4S1",-0.208987654092972,10.5661320147506,-1.61577380508656,0.118644250995262,0.605227796975765,-4.73767417244589,"AP4S1",0.480691618616489,0.925753301033025,""
"CHD2",-0.210306295484578,14.8207025598158,-0.80953427271523,0.425815768138434,0.829564941131428,-5.62343702622441,"CHD2",0.658867481454964,0.370778260491125,""
"CCDC43",-0.211168724439684,10.6618405374762,-1.2960566112807,0.206746872670976,0.708008474101866,-5.15073156494229,"CCDC43",0.562323378256608,0.684561051023349,""
"UQCC3",-0.212245471062298,12.3851697277455,-0.865517797920184,0.39495199698529,0.818774469693336,-5.57933538386249,"UQCC3",0.650297337771661,0.403455685921048,""
"MYL2",-0.212322255966818,20.8916072379767,-2.09603317592641,0.0463225649134017,0.444258581927328,-3.98683329966445,"MYL2",0.352844627920262,1.33420740142015,""
"ADH1B",-0.213177092944077,12.3739027626874,-1.16818662274485,0.253707674977458,0.738015311505687,-5.29403940709185,"ADH1B",0.586155785349076,0.595666394623199,""
"TGFB1I1",-0.213326650135045,11.0188939029567,-2.17519603389037,0.0392396312258606,0.40343014124229,-3.84994571772192,"TGFB1I1",0.32041735122123,1.40627508277339,""
"POTEI",-0.214007536995492,14.3344341132961,-1.20478567482224,0.239522857671652,0.732916502519546,-5.25435906502071,"POTEI",0.582106145268413,0.620653035539658,""
"SOD1",-0.214012336052633,17.2499022763716,-3.10450986473632,0.00467709084549821,0.213766252566194,-2.03388497430997,"SOD1",0.169780116619032,2.33002419448846,""
"ADIRF",-0.214298224790706,9.37769202003239,-1.37906530630825,0.182318203240233,0.676238684260293,-4.98153647965824,"ADIRF",0.537090776947876,0.739169967811759,""
"MAPK12",-0.214851875331886,13.0690367685059,-3.34568367533504,0.00258502527865652,0.184809793068993,-1.51596169992227,"MAPK12",0.146781953853434,2.58753520563489,""
"NUP155",-0.214979048558156,10.0032694790276,-2.34766629799374,0.0304562755428154,0.3723592555692,-3.51118925328821,"NUP155",0.295739842354856,1.516323207044,""
"RPS7",-0.215276551927417,11.680554044823,-1.58783676100181,0.125357417601831,0.62282880884909,-4.76151387566152,"RPS7",0.494670915220104,0.901849963036169,""
"KPNA6",-0.215466729748645,10.6734205520329,-1.36261460332235,0.187371276896895,0.685359314349331,-5.00133881580288,"KPNA6",0.544334678272649,0.72729698357234,""
"COL3A1",-0.215697209077378,10.8915278990338,-0.336132659443711,0.741720331230802,0.9359150655925,-5.58698612102441,"COL3A1",0.743334212366375,0.129759816417179,""
"RAPH1",-0.215963365036224,13.0463662892126,-1.34318872492519,0.191230195584577,0.692426715750199,-5.09465504536525,"RAPH1",0.54994783853358,0.718443530781881,""
"AMPD1",-0.216718089959812,17.2052549669139,-1.23555490923577,0.228063443434044,0.730415663588198,-5.22016426602026,"AMPD1",0.580119897578179,0.641944322733965,""
"ANK1",-0.217589653665369,13.1391904833993,-1.38010528802425,0.179723491364804,0.675073271918357,-5.04953685071729,"ANK1",0.536165168527708,0.745395153256507,""
"CNST",-0.219609508327304,10.626868169595,-1.09161365754974,0.285370502822903,0.760077485003729,-5.37351740792034,"CNST",0.603678281741284,0.544590919530045,""
"POLR2B",-0.220007770011192,10.7391074065461,-1.09064613699693,0.288996383703332,0.760077485003729,-5.25390176579039,"POLR2B",0.603678281741284,0.539107591663916,""
"MYL3",-0.220308135950198,21.4376250744629,-2.42044399344649,0.0230658371268175,0.354944281552273,-3.40547869706858,"MYL3",0.281908303072968,1.63703077895036,""
"SERPINB3",-0.220636626079108,12.3627153634389,-0.881016320042922,0.387383582282828,0.818774469693336,-5.52784421572152,"SERPINB3",0.650297337771661,0.411858789076542,""
"CAT",-0.221825923440877,15.4042767056603,-1.84090159720896,0.0774866834159943,0.532553475540588,-4.4036836363147,"CAT",0.422971306732121,1.11077292737593,""
"AASDHPPT",-0.222768957160316,12.4923724733532,-2.62663233788748,0.014488268725879,0.313642673192688,-3.01038266697611,"AASDHPPT",0.249105221203567,1.83898350740106,""
"SCLY",-0.223165513201275,9.79282626891779,-1.5823282649665,0.126610447675046,0.624514503074947,-4.76910765084679,"SCLY",0.496009748449457,0.897530455610858,""
"CST3",-0.223200103226384,12.3985642339915,-1.10566309973751,0.280254764995039,0.756556290479565,-5.32188347947632,"CST3",0.600881634423131,0.552446994635009,""
"ARF6",-0.225732372263677,11.9177260804914,-1.51195170645667,0.144106651656536,0.643410062483516,-4.84606985627249,"ARF6",0.511017216847563,0.841315972613783,""
"ABCB7",-0.22581889727789,11.9982964710092,-1.46744255754808,0.154674935028996,0.645414278967146,-4.93869607564499,"ABCB7",0.512609030823042,0.810580057732752,""
"EGLN1",-0.228500354558062,10.6848915194048,-1.30034881278796,0.215892306088317,0.724206747491626,-4.87876567731441,"EGLN1",0.575188574292585,0.665762834659414,""
"MOCS3",-0.230165747807428,10.0571999815976,-1.11984997876746,0.291459702034912,0.760077485003729,-4.8345523583942,"MOCS3",0.603678281741284,0.535421483421925,""
"ASB14",-0.230499038165254,10.7618110203547,-2.25591721523259,0.0334229519842499,0.384503945423518,-3.69976407435885,"ASB14",0.30538555038882,1.47595519496169,""
"KBTBD12",-0.231096851316488,9.24596260022517,-1.31435961375684,0.209704169455075,0.712452499586232,-4.88079254405013,"KBTBD12",0.565852967964693,0.678392934564079,""
"HLA-C",-0.231306346016479,10.7619054341467,-0.606270117214312,0.551473283296398,0.883331006394769,-5.6329608854115,"HLA-C",0.701570240758516,0.258475522567403,""
"F12",-0.235716723063833,10.191062407088,-1.44978868212412,0.160006899683718,0.652007004893115,-4.94536412149887,"F12",0.51784518836948,0.795861289656835,""
"TPT1",-0.235829931140842,15.8159633023973,-2.5337568840223,0.0178986657348886,0.331624246746271,-3.19058752033055,"TPT1",0.263386772282242,1.7471793425158,""
"HDLBP",-0.238044004161424,11.080553543545,-2.29771694121249,0.0301862772945151,0.3723592555692,-3.63160138363865,"HDLBP",0.295739842354856,1.52019044279466,""
"CTTN",-0.239321752229362,10.6030537179803,-2.23423478758336,0.034608656075574,0.385633109680568,-3.74569024394164,"CTTN",0.306282369399971,1.46081526491548,""
"BPGM",-0.239531139325896,12.7070601875056,-1.67881607112772,0.105595940512843,0.586690362677009,-4.6475549139691,"BPGM",0.465968584838808,0.976352777320764,""
"SEPHS2",-0.240234228945855,11.0838736825686,-2.64608701931388,0.0138554473833648,0.311206337712295,-2.97219392596917,"SEPHS2",0.247170204253892,1.85837944656961,""
"KIFBP",-0.240487630038213,10.9857764505393,-1.72653178433205,0.0976030744601912,0.578622415685174,-4.55058749478296,"KIFBP",0.459560758698309,1.01053650200476,""
"PRELP",-0.240995995004978,13.0347056582071,-1.60028975854971,0.122046771630789,0.613434385382023,-4.7593890578792,"PRELP",0.487209558281579,0.91347370400982,""
"ADI1",-0.241345755355153,12.7238980608393,-2.2583156119573,0.0328662076841665,0.384503945423518,-3.70265112176565,"ADI1",0.30538555038882,1.48325040473663,""
"EPB41L2",-0.241913292881486,11.0465790115416,-1.76397649483746,0.0922104145106178,0.572580867641525,-4.46371611798105,"EPB41L2",0.454762364568757,1.03522002570271,""
"ASPSCR1",-0.242697554216555,10.2112611625257,-1.67370512955523,0.111381136920363,0.592850917213935,-4.5354387032973,"ASPSCR1",0.470861497799395,0.953188353372818,""
"TMEM14C",-0.244839659837435,11.6294759497865,-1.3956402906132,0.175047418932115,0.668991805279447,-5.03024001029983,"TMEM14C",0.531335069750309,0.756844288508226,""
"VASP",-0.246502551585754,10.6274209032203,-2.07821223757817,0.0507111966617928,0.458190917929303,-3.96783122344603,"VASP",0.36391014271876,1.29489614103009,""
"PGM2L1",-0.24728070848054,11.874623494285,-3.84661570253039,0.000729914232680224,0.116583523275314,-0.404513151268368,"PGM2L1",0.092594429382211,3.13672816790971,""
"SFXN1",-0.24799142735851,11.8677915524824,-1.81756535838955,0.082125106165204,0.5503722149766,-4.4147167383334,"SFXN1",0.437123529653807,1.08552405600833,""
"CISD2",-0.249253176927359,13.5698110185007,-0.88119903714944,0.386913811476195,0.818774469693336,-5.54796678727198,"CISD2",0.650297337771661,0.412385767200857,""
"CDC5L",-0.25064377262891,13.5241527932038,-1.1733932638904,0.251652652954315,0.738015311505687,-5.28846068039527,"CDC5L",0.586155785349076,0.599198486854973,""
"OAT",-0.25141983059264,10.2131075041553,-1.09983534002004,0.296924627585697,0.765224690924722,-4.98186741147487,"OAT",0.607766360243094,0.527353779564618,""
"FDX2",-0.253279729760601,11.0196474144685,-0.739319940922192,0.467858310489796,0.854253232147717,-5.59813888816199,"FDX2",0.678475725869373,0.3298856518176,""
"PSMF1",-0.254054826549373,13.384236170234,-3.29311068416409,0.00294479754867364,0.184809793068993,-1.63002161512359,"PSMF1",0.146781953853434,2.5309445570793,""
"GSTM1",-0.254491158918313,13.1310240443191,-0.534244455677084,0.597872872071761,0.897725275048314,-5.79910214040579,"GSTM1",0.713002637506397,0.223391151842976,""
"CDKN1B",-0.255526575327547,11.5345179979343,-1.46124007942555,0.158022451358088,0.649949281336916,-4.89043842578188,"CDKN1B",0.516210877335127,0.801281205398519,""
"SLC35E2B",-0.259230943024887,15.7131934640238,-1.24759308975554,0.223694480007983,0.730415663588198,-5.20657994910247,"SLC35E2B",0.580119897578179,0.650344732629573,""
"CACNG1",-0.259427916965063,13.9318931579785,-1.89947947706801,0.0690509044846814,0.515639871151841,-4.31141703192647,"CACNG1",0.409537971530249,1.16083062830717,""
"MUSTN1",-0.261176526230889,14.5992542159582,-2.19088423033522,0.0379574607141238,0.398980710005993,-3.82241955937804,"MUSTN1",0.316883468088985,1.42070284879297,""
"CKB",-0.261360137894361,17.2837567759253,-1.24887604252916,0.223232631166882,0.730415663588198,-5.20512542132302,"CKB",0.580119897578179,0.651242321831691,""
"GLO1",-0.261955214328026,17.2395276030912,-2.29836672880831,0.0301437986313587,0.3723592555692,-3.63042320814205,"GLO1",0.295739842354856,1.52080202008088,""
"MTR",-0.262012410798986,10.7398409362293,-1.68310391517333,0.105823172613544,0.586690362677009,-4.61355636643332,"MTR",0.465968584838808,0.975419222317276,""
"LYZ",-0.262743328300328,13.7896761703174,-0.626958011884436,0.536348199862259,0.875755824344665,-5.74769787091688,"LYZ",0.695553784575944,0.270553172655444,""
"TCAP",-0.263199458974935,17.0541713522846,-3.35388851407946,0.00253286322014185,0.184809793068993,-1.49810748562926,"TCAP",0.146781953853434,2.59638826237745,""
"CPNE1",-0.263378717678334,12.6977763952688,-1.45386922392365,0.158881871713095,0.651619659308344,-4.94012600275485,"CPNE1",0.517537545896616,0.798925652598185,""
"MYLK2",-0.263807957661072,15.3888466532613,-2.27072934128286,0.031999420150051,0.383326387214153,-3.68034987679362,"MYLK2",0.304450295325349,1.49485789130243,""
"SEL1L3",-0.264049147016291,16.7948489682271,-1.52573320445614,0.139579034014851,0.643410062483516,-4.8615816611422,"SEL1L3",0.511017216847563,0.85517981162317,""
"SURF4",-0.264676308277085,11.5921998198614,-2.01300173121727,0.0554140289474656,0.474152777452273,-4.11587420271765,"SURF4",0.376587571165644,1.25638027275939,""
"SLC4A1",-0.266686437718755,14.7460991787764,-1.29184586529133,0.208179039327602,0.709981895690219,-5.15565724228638,"SLC4A1",0.563890733923777,0.681562999910117,""
"SPTA1",-0.267084656818751,13.2950677774671,-1.38848091903536,0.177190312711518,0.671448527310375,-5.03915576829955,"SPTA1",0.533286278362073,0.751560025400074,""
"SERPINA6",-0.267866615962275,10.7658485551028,-1.37561800341576,0.186691892838523,0.685359314349331,-4.89987236291014,"SERPINA6",0.544334678272649,0.728874541032927,""
"MRRF",-0.268719102559217,11.7389447687683,-2.26274156158339,0.0343209709893932,0.385633109680568,-3.66829628172075,"MRRF",0.306282369399971,1.46444043383702,""
"PITHD1",-0.268769991383776,12.470553362994,-2.03772432684147,0.0531886286780712,0.464794247566731,-4.06569135770663,"PITHD1",0.369154722078027,1.27418120661914,""
"NMRK1",-0.270490955677639,10.7365498531388,-2.62073994716345,0.0155759950863719,0.318590170863365,-3.02486248071486,"NMRK1",0.253034684911782,1.80754419849123,""
"AOC3",-0.271293371326454,14.7798337864418,-2.35417568006705,0.0266924012721095,0.365305951905556,-3.52846516894537,"AOC3",0.290137878975758,1.57361235493797,""
"ANXA3",-0.271361965110316,14.2588403177203,-2.94247925542804,0.00691262535280025,0.24535552949754,-2.37327593759411,"ANXA3",0.194869348698141,2.16035698016669,""
"ARSB",-0.271784384164558,13.6069979368493,-2.2187873818542,0.0357700200450838,0.394018420036843,-3.77314319748408,"ARSB",0.312942255855783,1.44648081647762,""
"VPS37A",-0.272124826761335,10.1995515836801,-1.77150291335558,0.0916384437377343,0.572580867641525,-4.44088030287487,"VPS37A",0.454762364568757,1.03792229488479,""
"PDXK",-0.273737331257811,11.5848185947219,-2.83231930268969,0.00897907818358618,0.286831664197892,-2.59943201720663,"PDXK",0.227811045068815,2.0467682468885,""
"PRPF6",-0.275322095696639,12.9625694490304,-1.75962862693528,0.093682875940095,0.574665661434391,-4.44836870096575,"PRPF6",0.4564181756663,1.0283397854662,""
"MFAP4",-0.279010894856697,13.589205434603,-1.89045359822222,0.0702962470611161,0.52078063262639,-4.32577205578173,"MFAP4",0.413620931642905,1.15306786024554,""
"ALDH1A1",-0.280312378705229,17.0070820271955,-3.46805890318398,0.00190485033120852,0.184809793068993,-1.24826373800792,"ALDH1A1",0.146781953853434,2.72013914223708,""
"ABRA",-0.283124876987427,10.417606270649,-1.09255371334814,0.286907132255258,0.760077485003729,-5.29969048537487,"ABRA",0.603678281741284,0.542258655446572,""
"RPL18A",-0.284809272948666,11.6384052112775,-1.73740792147383,0.0945723511582152,0.574848462564981,-4.56138493902209,"RPL18A",0.456563362275024,1.02423581385738,""
"NISCH",-0.285319651580412,11.8927501998604,-1.20661867417498,0.280540753996577,0.756617887185889,-4.63170899859954,"NISCH",0.60093055653248,0.552004040111251,""
"ATG3",-0.286795426146778,10.9458095953785,-1.56252576517822,0.13237080926153,0.636398121449665,-4.76301731738639,"ATG3",0.505448105015543,0.878207776031973,""
"CALCOCO2",-0.287022985802865,11.1081773059122,-2.40688676033835,0.0248810158065657,0.357664602219382,-3.41943713574046,"CALCOCO2",0.284068870302634,1.60413189286464,""
"MYH11",-0.288237225819396,10.7426216276398,-1.66276479254603,0.108798217243495,0.58685717556294,-4.67075836113177,"MYH11",0.46610107306315,0.963378220884679,""
"NCSTN",-0.2884718736136,11.8150190292192,-1.76679126700396,0.0899267778581872,0.570727342918959,-4.50367689191983,"NCSTN",0.453290234895453,1.04611096739471,""
"PPP6C",-0.288673088178008,9.52309274577813,-2.29759683770203,0.030194134807995,0.3723592555692,-3.63181912897866,"PPP6C",0.295739842354856,1.52007741028474,""
"C4orf54",-0.291275688795075,10.8668078538411,-1.61397978818603,0.128679635356141,0.631320736602229,-4.54634855927282,"C4orf54",0.501415480683269,0.890490178443367,""
"SELENBP1",-0.292288283552624,15.7425541005896,-3.2470922173579,0.00329906627133695,0.184809793068993,-1.7293566231064,"SELENBP1",0.146781953853434,2.4816089602998,""
"PPBP",-0.294392003054071,12.4960597392236,-1.01792807408559,0.31842382593158,0.771243177174589,-5.4453924087985,"PPBP",0.612546437945284,0.496994443812889,""
"ADH1C",-0.296225566795272,10.3852314084349,-1.1872734103653,0.246234487114082,0.737991332242454,-5.27348101531876,"ADH1C",0.586136740237609,0.608651120720585,""
"CA1",-0.29696451426809,17.2136903849788,-1.3175540535926,0.199553121317331,0.699579083641077,-5.12536838732639,"CA1",0.555628481946831,0.699941474794057,""
"CA8",-0.302646961256247,14.8386739210054,-1.45960634474057,0.156801195590724,0.648871376652265,-4.94887321819751,"CA8",0.515354770345051,0.804650630194473,""
"KRT17",-0.305374872595502,13.9588633201958,-0.899721231373419,0.377552247260538,0.811669374726752,-5.51233025283695,"KRT17",0.644654240053781,0.42302294038749,""
"MGLL",-0.309962359340602,11.7791724825933,-3.04634064760103,0.00538545123627589,0.221188175775617,-2.15659482474736,"MGLL",0.175674849641229,2.26877790216832,""
"AGFG1",-0.310254866668618,9.85537488342592,-1.88211226127111,0.0714644663006205,0.524133521975214,-4.33899387365548,"AGFG1",0.416283905511887,1.14590984526903,""
"WDR82",-0.311058833125159,9.20110745483523,-1.1511653958124,0.271902770590343,0.746862677076267,-5.00643546304848,"WDR82",0.593182651097584,0.565586367087134,""
"HMOX1",-0.314695633577699,10.6108468003113,-1.63934548085919,0.11750767110588,0.602541804012146,-4.5919703270645,"HMOX1",0.478558315566421,0.929933780964946,""
"GATC",-0.317746536932578,10.3176490426325,-1.87922300639049,0.0723595577631884,0.524774044785776,-4.33111658898016,"GATC",0.416792629579268,1.14050409606311,""
"GCLC",-0.320031596264402,10.667855272748,-2.41867706840089,0.0242562820017465,0.357664602219382,-3.39814263531862,"GCLC",0.284068870302634,1.61517576694306,""
"TDRD7",-0.320667727652102,12.9267807660645,-0.863204114873828,0.396534342359129,0.818774469693336,-5.56265405227568,"TDRD7",0.650297337771661,0.401719194093682,""
"EFHD1",-0.321295048954521,11.258929848422,-1.62576275246852,0.118843431847302,0.605227796975765,-4.66002003491092,"EFHD1",0.480691618616489,0.925024815545365,""
"RIC8A",-0.323491656727482,11.476467935333,-2.40653013869074,0.023787423383459,0.357664602219382,-3.43147025727778,"RIC8A",0.284068870302634,1.62365259751499,""
"DYNLL2",-0.326817797888296,15.7706705453692,-2.69293999287453,0.0124360247150173,0.307196305811801,-2.87961973171838,"DYNLL2",0.24398530637811,1.90531842352294,""
"HBB",-0.328849801252197,20.4103577076721,-1.79618029268136,0.0845130032948587,0.55419026171434,-4.47267481945185,"HBB",0.440155946663549,1.0730764647221,""
"EIF2A",-0.329515989010613,10.7216121078218,-3.0117077514511,0.00639673820916694,0.235777209632756,-2.26471797406396,"EIF2A",0.187261935254086,2.19404142271384,""
"DUSP13",-0.329896964303465,11.2205233292686,-1.79542749531646,0.0851363236674593,0.556288478508967,-4.4604751018654,"DUSP13",0.441822418746056,1.06988510733492,""
"NDUFC1",-0.331662138943988,14.5187685117145,-1.27646128880277,0.213476555376363,0.722015557682045,-5.17353570977346,"NDUFC1",0.573448260015008,0.67064981351838,""
"PLXND1",-0.331772510144281,14.7934721677279,-2.30915031494534,0.0393705060528793,0.40343014124229,-3.57383698966495,"PLXND1",0.32041735122123,1.40482900292477,""
"GHITM",-0.331930359843616,10.4209002570607,-2.48534636315183,0.0214018470697487,0.350895606557879,-3.27393692097731,"GHITM",0.278692713594044,1.66954874358618,""
"THNSL2",-0.332824705766983,10.9676701845374,-2.26743579226781,0.0326105572663415,0.384503945423518,-3.67928149780275,"THNSL2",0.30538555038882,1.48664177967827,""
"HBD",-0.334850093493479,17.1294302313008,-1.52770104244516,0.139091144386767,0.643410062483516,-4.85893533317712,"HBD",0.511017216847563,0.85670051965849,""
"SLC2A1",-0.342190452919924,12.137151630021,-1.68063554431768,0.105238003239951,0.586690362677009,-4.6449136924146,"SLC2A1",0.465968584838808,0.977827400705091,""
"FTH1",-0.347114709281136,15.5237713399728,-1.84165387892007,0.0773729361889903,0.532553475540588,-4.4025122639413,"FTH1",0.422971306732121,1.11141092199363,""
"DST",-0.347736353231859,11.0852149303831,-2.85714828376659,0.0108612625687633,0.300251248896102,-2.63789713275519,"DST",0.238469316090035,1.96411968719878,""
"SZRD1",-0.349129529899709,10.3943763771665,-2.25503113938269,0.0330990839050347,0.384503945423518,-3.70853869766014,"SZRD1",0.30538555038882,1.48018402617879,""
"ABCC9",-0.349408786897197,9.33910768239721,-1.86621408328897,0.0774425059732822,0.532553475540588,-4.28800864928593,"ABCC9",0.422971306732121,1.11102060207415,""
"HLA-DPA1",-0.349505189666679,10.1613546082582,-2.42333112443867,0.0244521243148031,0.357664602219382,-3.3866607672545,"HLA-DPA1",0.284068870302634,1.61168340491989,""
"HBG1",-0.352091885333293,14.3346169568304,-0.622118996243462,0.53947411780857,0.877656973958109,-5.75057770207651,"HBG1",0.697063739487938,0.26802938650017,""
"DMTN",-0.354916154102552,10.8503263724734,-2.3489753340558,0.0277447030053605,0.365305951905556,-3.52586429302738,"DMTN",0.290137878975758,1.55681991975316,""
"TINAGL1",-0.364623882104704,13.0383524191645,-4.33891036564518,0.000205167733884025,0.0655396927685081,0.714228906226229,"TINAGL1",0.0520537575404573,3.68789093838456,""
"STRN",-0.367354134369293,9.74406723044132,-1.5751023199675,0.143283109046698,0.643410062483516,-4.51639796965051,"STRN",0.511017216847563,0.843805003462935,""
"PPIE",-0.368593675251351,11.0530934260126,-2.27984102125419,0.0313764732359254,0.379022523333132,-3.66393164786835,"PPIE",0.301032026525386,1.50339587337666,""
"KTI12",-0.37228889082429,12.6314939412832,-1.51886525464007,0.141292771047549,0.643410062483516,-4.87079573886199,"KTI12",0.511017216847563,0.849880057362136,""
"MYH4",-0.372617368462109,15.6804548655358,-0.860089805604791,0.397880247139724,0.818774469693336,-5.58373269685955,"MYH4",0.650297337771661,0.40024762097213,""
"PRCP",-0.373485893704485,13.0374288302511,-2.08957606883243,0.0552521262734878,0.474152777452273,-3.88693592057008,"PRCP",0.376587571165644,1.25765100432024,""
"RMND5A",-0.383259793085298,9.25093882420662,-1.93999048950716,0.0681241037947917,0.511375452767692,-4.16291308633722,"RMND5A",0.406151031627988,1.1666991980296,""
"RABGAP1",-0.407425644864283,14.9863958777127,-1.50035308517284,0.145997559515997,0.643410062483516,-4.89546184191965,"RABGAP1",0.511017216847563,0.835654403788127,""
"OXR1",-0.407791577198035,9.97006080984404,-4.06167441266917,0.00155090595038859,0.178354184294688,-1.08209951254662,"OXR1",0.141654699212485,2.80941453775422,""
"ACSM5",-0.408906173913582,11.481493607594,-2.02462509770483,0.0655526693788858,0.501233841660364,-3.97477316527765,"ACSM5",0.398096233942026,1.183409618651,""
"CD63",-0.411661354081525,11.0221356196744,-2.41409025175208,0.0289180485306396,0.367873404980481,-3.40576333435967,"CD63",0.292177033787342,1.53883101777344,""
"PF4",-0.415017269406782,12.3886852477087,-1.59039578932753,0.124262976788358,0.619161279491384,-4.77317667935653,"PF4",0.491758044013447,0.905658246833699,""
"XIRP1",-0.418304653836216,16.2167591109131,-2.51017562056885,0.018876246954776,0.335315197871532,-3.23576978914941,"XIRP1",0.266318245819151,1.72408434948998,""
"KRT6A",-0.418450353275356,15.2711683332789,-0.813071983103749,0.423822205328613,0.829564941131428,-5.62073247888577,"KRT6A",0.658867481454964,0.372816293026236,""
"HBG2",-0.425130204477286,12.3425643969899,-0.550475299458492,0.588723169991061,0.896342699255561,-5.6346381571222,"HBG2",0.711904550804168,0.230088871608848,""
"PPP2CA",-0.426279460576586,12.1278356688555,-2.49517883357454,0.0195234606950567,0.340181512110836,-3.26437982072453,"PPP2CA",0.270183231003368,1.7094431975529,""
"GGT5",-0.427163232346013,11.4648151215975,-2.33037820223,0.0315485231130419,0.379506292677805,-3.5401033321164,"GGT5",0.30141625188729,1.50102096665342,""
"LSM3",-0.4298122880721,10.3169000257974,-1.47536812482858,0.163738664661994,0.6573489099941,-4.65452334184033,"LSM3",0.522087903298172,0.785848755734003,""
"RNF114",-0.430325085269962,11.4281639239067,-4.09470851225343,0.000411839599870183,0.0986699041355647,0.104911658888171,"RNF114",0.0783668499111544,3.38527189672174,""
"APOL2",-0.436066671283935,9.89333438660914,-1.98548530397832,0.0596358104072905,0.484330381132656,-4.13305134168555,"APOL2",0.384670955324809,1.22449287462392,""
"SH3KBP1",-0.439057522844799,9.96424845809925,-1.99016736326489,0.0610795181732997,0.490512890358203,-4.09919286088504,"SH3KBP1",0.3895813054138,1.21410439754067,""
"MRPS9",-0.45621693955083,10.2783615172318,-3.12506245104785,0.00582002629986563,0.232396883501579,-2.12964974331152,"MRPS9",0.184577170199397,2.23507505283109,""
"SNX17",-0.46695186586599,11.2503858890892,-1.69916013381086,0.105518043242843,0.586690362677009,-4.52365457300051,"SNX17",0.465968584838808,0.976673271069681,""
"NUCB2",-0.468170928786705,10.0718936640339,-3.24673935846388,0.00502200802475754,0.221188175775617,-1.99191144966053,"NUCB2",0.175674849641229,2.29912259765553,""
"HLA-DRB5",-0.47228173448479,10.1579523631519,-2.55113862019404,0.0229671857606285,0.354944281552273,-3.19351365533977,"HLA-DRB5",0.281908303072968,1.63889221697333,""
"ARMC10",-0.481670704256999,8.68732079828761,-2.29001191339294,0.0335688661917576,0.384503945423518,-3.59986099677569,"ARMC10",0.30538555038882,1.47406332705639,""
"RBKS",-0.483776584683065,14.0684251746552,-2.54007658334807,0.017644780725996,0.331624246746271,-3.17843867495354,"RBKS",0.263386772282242,1.75338373430496,""
"ART3",-0.493094567987646,12.2784501340839,-4.69731300642432,8.09053414749842e-05,0.0387671427900966,1.53353004981832,"ART3",0.030790126808492,4.0920228047594,"+"
"DGLUCY",-0.512262408390329,15.4674250672628,-1.40461339238569,0.17239067441876,0.666311266334061,-5.0190108577481,"DGLUCY",0.529206098459069,0.763486231307222,""
"PRPF8",-0.52136371254354,9.81876732178315,-2.79416219466287,0.0105465367625849,0.297267580317958,-2.69317761837014,"PRPF8",0.23609958937654,1.97689012916457,""
"EIF2B2",-0.522082069033928,14.4145764485736,-2.80290384905588,0.00962281659716328,0.287115113496932,-2.65913879810139,"EIF2B2",0.228036169729369,2.01669779141663,""
"MYO18B",-0.541760514818332,10.7269588944282,-3.36555143291785,0.00322937857079775,0.184809793068993,-1.64240498968169,"MYO18B",0.146781953853434,2.49088104090066,""
"ITGA8",-0.567993785250781,11.133280360813,-1.08382396965455,0.297986583697382,0.765224690924722,-5.09380253100429,"ITGA8",0.607766360243094,0.525803288800789,""
"PNN",-0.573963743857602,9.05316176474039,-1.91025896931352,0.103866538304986,0.586690362677009,-4.11675401002631,"PNN",0.465968584838808,0.983524342434195,""
"UFSP2",-0.643433767516305,11.6189433271634,-2.05006656965568,0.0647382858619504,0.501233841660364,-3.93173927587702,"UFSP2",0.398096233942026,1.18883880401518,""
"ALDH16A1",-0.644524904730263,10.8230144242353,-3.22545797515719,0.0052525262208405,0.221188175775617,-2.02268077669457,"ALDH16A1",0.175674849641229,2.27963177089956,""
"HRAS",-0.660519185979197,10.8318396453182,-2.24286620572353,0.0462591522478596,0.444258581927328,-3.67729214640578,"HRAS",0.352844627920262,1.33480233043808,""
"PON2",-0.670336488571326,12.2460269348343,-2.00021710823469,0.0568662955229649,0.4773817272098,-4.13689136065406,"PON2",0.379152108176556,1.24514506234632,""
"KRT6C",-0.689519875612202,14.1820516656169,-1.4437904972924,0.162824788150041,0.6573489099941,-4.92023546211545,"KRT6C",0.522087903298172,0.788279478210402,""
"KRT6B",-0.773133464214004,15.801555694805,-1.53939387218016,0.136735759406212,0.643410062483516,-4.82757016582925,"KRT6B",0.511017216847563,0.864117893026295,""
"KMT2A",-0.814663830507902,10.3349633877036,-4.23425361406721,0.000337636396451736,0.08824587634534,0.28435535289021,"KMT2A",0.0700877477019956,3.47155074354475,""
"HLCS",-0.824633673448622,14.647465077832,-1.64744601509645,0.113003225082875,0.593938340243628,-4.66434159991256,"HLCS",0.471725164568958,0.946909161687297,""
"MPDZ",-0.827732400771373,12.9965425142641,-1.94402233609184,0.0631827623188883,0.497984901480653,-4.23984929511507,"MPDZ",0.395515819887059,1.19940139087744,""
"OSBPL11",-0.876412094710519,11.0475148578957,-1.68261896924982,0.107918643668045,0.586708598302234,-4.56618499425666,"OSBPL11",0.465983068165994,0.966903521556918,""
"RHAG",-0.952157708730001,13.2417481036323,-3.10769785425561,0.0506802284029245,0.458190917929303,-3.91850034971341,"RHAG",0.36391014271876,1.2951614365292,""
"ANKRD1",-1.94348910140189,11.6653534227328,-2.04381427307655,0.0709780011891926,0.521897067567593,-3.94058652871892,"ANKRD1",0.414507640617027,1.14887623497894,""
"TRIM21",NA,7.55226305703503,NA,NA,NA,NA,"TRIM21",NA,NA,NA
"SLC22A25",NA,11.6024708927958,NA,NA,NA,NA,"SLC22A25",NA,NA,NA
"MICAL3",NA,NA,NA,NA,NA,NA,"MICAL3",NA,NA,NA
"USP48",NA,12.2871533876544,NA,NA,NA,NA,"USP48",NA,NA,NA
"ZC3H8",NA,11.7449449459815,NA,NA,NA,NA,"ZC3H8",NA,NA,NA
"ACBD3",NA,11.1028943892641,NA,NA,NA,NA,"ACBD3",NA,NA,NA
"ZNFX1",NA,9.93060383006232,NA,NA,NA,NA,"ZNFX1",NA,NA,NA
"RBM19",NA,12.647381826704,NA,NA,NA,NA,"RBM19",NA,NA,NA
