"","logFC","AveExpr","t","P.Value","adj.P.Val","B","protein","q","-log10p","regulated_q"
"MYH7B",2.57743858372107,13.2368558182676,2.0595183098912,0.0589748414363603,0.43083147522593,-3.93648441650835,"MYH7B",0.364260908808372,1.22933321811352,""
"ANKRD1",1.33582992821301,12.2874806229971,1.28020090326935,0.237689240211163,0.652036201717361,-4.72160831141541,"ANKRD1",0.551285857861181,0.623990477601581,""
"FTL",1.07175950446374,12.5460195725785,4.47807205379364,0.000147703929033724,0.0530072475319777,1.01236582963465,"FTL",0.0448167538114598,3.83060795198006,"+"
"RALB",1.04857990643742,10.2092223249967,2.32463827021522,0.0497756044535647,0.401420675242091,-3.74057579383261,"RALB",0.339394562343606,1.30298345738285,""
"MYL6B",0.953872345752799,17.1238333736524,3.29810144132467,0.00294980911067986,0.187416045272145,-1.63300050633681,"MYL6B",0.158457176185427,2.53020608736446,""
"NGRN",0.928554626433121,12.2499381320399,1.37908503208872,0.198832228880325,0.617355287092941,-4.70087639134664,"NGRN",0.52196371636079,0.701513219081345,""
"C4orf54",0.892513342782994,10.7222842532495,2.18959747796009,0.0495941390455359,0.401083868168264,-3.73248161646408,"C4orf54",0.339109797515917,1.30456964469087,""
"FTH1",0.857121946300268,15.2874008072524,4.71675283980267,7.98217935112191e-05,0.0327383384529586,1.55611182586074,"FTH1",0.0276797253763716,4.097878518305,"+"
"IGFN1",0.841890755110731,11.7000596293088,2.12826276770664,0.0495187026445133,0.401083868168264,-3.85235406047179,"IGFN1",0.339109797515917,1.30523074205154,""
"UQCC3",0.813096772462076,12.1024200938383,2.44552012544567,0.0219432043640007,0.312284697119166,-3.37115989723666,"UQCC3",0.264031562503464,1.65869995214927,""
"FDX2",0.708930773832067,10.8959767840072,1.37628174023062,0.185897528204682,0.602943612653437,-4.90448656816117,"FDX2",0.509778883240064,0.730726384806927,""
"TIMMDC1",0.704618881577504,10.1745411003331,3.37720867853524,0.00252351065834756,0.187416045272145,-1.48356194994295,"TIMMDC1",0.158457176185427,2.597994856632,""
"PANX1",0.697526241798228,9.6582696073116,2.20906912652527,0.0434829404426008,0.381107134005784,-3.72659858933085,"PANX1",0.32221979815542,1.36168109533972,""
"FAM114A1",0.68823687262473,8.01003309012219,1.77325693885213,0.104608638095772,0.515115229335582,-4.26060457342225,"FAM114A1",0.435521433248151,0.980432451965552,""
"ALDH1A1",0.683061163632555,16.820556790463,4.98327981908493,4.01771450135753e-05,0.031700608927546,2.16129277684047,"ALDH1A1",0.0268023421725891,4.396020927441,"+"
"COX7C",0.651255061215867,15.5812744832759,3.29386315625333,0.00298074629565788,0.187416045272145,-1.6421616897698,"COX7C",0.158457176185427,2.52567498709543,""
"GGT5",0.63448976198085,11.491884592542,2.47475794335395,0.0270622753834832,0.324254450413583,-3.31287559397702,"GGT5",0.274151791558107,1.56763569092588,""
"MCEE",0.6291131528781,12.9650767708974,3.33446626460315,0.00269683584308598,0.187416045272145,-1.55423802752437,"MCEE",0.158457176185427,2.56914548833082,""
"RBM3",0.617854752288688,13.4405267975382,3.37043369882521,0.00246736723837917,0.187416045272145,-1.47606417514027,"RBM3",0.158457176185427,2.60776620611142,""
"MCM7",0.609950602913999,12.7264951405072,1.55539657504794,0.20048574861824,0.617355287092941,-4.41804556780276,"MCM7",0.52196371636079,0.697916493449951,""
"LTBP4",0.588738490732519,10.6084700539879,3.30540663855563,0.00312738728893327,0.191036785245264,-1.65649839707301,"LTBP4",0.161518452134394,2.50481833332963,""
"RPS6KA5",0.583268151817716,13.0233677146494,2.06761038699707,0.0493046179202211,0.401083868168264,-4.04825724592205,"RPS6KA5",0.339109797515917,1.30711240235874,""
"UBL4A",0.58304663350196,9.35061414244192,1.93491139811196,0.114457673361566,0.531728123335043,-4.16221736627488,"UBL4A",0.449567361213389,0.941355086459283,""
"MYBPH",0.582290498540129,14.334843663964,1.20042081130329,0.24136245904876,0.652036201717361,-5.27415272948424,"MYBPH",0.551285857861181,0.617330278131929,""
"ALDH1A2",0.580677932637618,12.0665527200163,2.16520207265054,0.0435213048507737,0.381107134005784,-3.82331476810533,"ALDH1A2",0.32221979815542,1.3612980921473,""
"FMC1",0.580226580778922,12.2575881496573,2.76905788063654,0.0109976955297633,0.237429334558204,-2.74325952937721,"FMC1",0.200742587663969,1.95869830789237,""
"PON2",0.572570750086305,12.3394663797524,1.23326338414187,0.231298896761344,0.651072106742241,-5.14876904984873,"PON2",0.550470731455594,0.635826438701942,""
"TUBB4A",0.566528791450002,11.1723016637956,2.69821238016722,0.0123813143512523,0.245150024154796,-2.88191103189612,"TUBB4A",0.207270303420129,1.90723324988801,""
"TIMM8B",0.566304010452692,11.8650084542337,2.94921804212068,0.00687153063623694,0.219201827295958,-2.37232766653931,"TIMM8B",0.185331530806587,2.16294651289246,""
"UBE2D3",0.550655838928249,13.0318657263095,1.20027199840294,0.241419185797825,0.652036201717361,-5.27431610356345,"UBE2D3",0.551285857861181,0.617228219097699,""
"SDHC",0.540503478658239,13.0076002149267,2.52437148128033,0.018399213656898,0.300137172778148,-3.2213255610797,"SDHC",0.253761030959986,1.73520073741261,""
"NCSTN",0.53729218362451,11.6930021938459,2.10930125353435,0.0452292714166068,0.387621606677845,-3.97718051638523,"NCSTN",0.327727677389842,1.34458040810409,""
"MFAP4",0.535875458858992,13.4724226190988,3.07805446274445,0.00504511019190984,0.218889358575987,-2.10304723726413,"MFAP4",0.185067343655796,2.29712934375496,""
"GAPVD1",0.531365000380276,9.77601434022708,1.20052309180544,0.248924833662282,0.660421208097987,-5.04233360034325,"GAPVD1",0.55837524250507,0.603931774405892,""
"SH3KBP1",0.530040625998906,9.92264438652383,2.20719856914822,0.0393370253501545,0.367389275905071,-3.7634050299934,"SH3KBP1",0.310621575309586,1.40519848434698,""
"NUDT19",0.528906403757972,12.4581003848837,2.83778331587297,0.00894473781644524,0.235483239706918,-2.60117912015826,"NUDT19",0.199097196554174,2.04843238472655,""
"NDUFC1",0.521291613864516,14.4352862006426,1.89565548617919,0.0697649979724391,0.45213388076495,-4.33090936966838,"NDUFC1",0.382271741460231,1.15636241405458,""
"RRAD",0.519687808357247,12.0073557948203,2.6274688305464,0.0145650772765951,0.259616206936626,-3.02147773457856,"RRAD",0.219501222445565,1.83668720683379,""
"MRPS28",0.517736529462555,12.3230952494304,4.26586620188923,0.000255100261702787,0.0676107777552764,0.528939612268031,"MRPS28",0.0571637978340901,3.59328909585505,""
"TPPP3",0.516851568298721,11.3091082101855,3.85087696627178,0.000737845276193052,0.124609046350015,-0.410926858991211,"TPPP3",0.105354894150661,3.13203469880087,""
"PPP4R1",0.510690170407342,10.1181978738044,2.2956000239891,0.0328188053046763,0.346907663436123,-3.61403832498993,"PPP4R1",0.293304709665338,1.48387723251602,""
"HLCS",0.510466732480634,14.859003277207,0.63430295745979,0.533180249936418,0.848710668810555,-5.62660315574419,"HLCS",0.717570877044611,0.273125946097057,""
"DDT",0.490251961518869,16.3326331714737,2.01244229126204,0.0551984497307817,0.421504365449817,-4.14081410230735,"DDT",0.356374991276881,1.25807311942336,""
"CTNND1",0.489835437858266,9.98686196787155,2.13295846454314,0.0464080738554693,0.390726041170241,-3.87560087345169,"CTNND1",0.330352425567637,1.33340645638813,""
"PDPR",0.488666354222117,12.8298120771837,2.35292778962491,0.0269043562346232,0.324254450413583,-3.54355790449481,"PDPR",0.274151791558107,1.57017739525829,""
"COX20",0.488666258601132,11.7383948584141,2.30952495162701,0.0295671697775007,0.334202143429939,-3.62298844634388,"COX20",0.282562401987125,1.52919024493078,""
"LAP3",0.475710526594581,15.2531744059142,4.95980987215952,4.2677687165769e-05,0.031700608927546,2.10813789801503,"LAP3",0.0268023421725891,4.36979912435443,"+"
"DUSP13",0.472182424183792,11.1489714183869,3.07936593786984,0.00502916099089072,0.218889358575987,-2.10028204957823,"DUSP13",0.185067343655796,2.29850446174706,""
"UFSP2",0.471226113370724,11.8611589099885,1.74449598812396,0.112606455225227,0.527394996658444,-4.30076163149864,"UFSP2",0.445903774052372,0.948436712607774,""
"MUSTN1",0.469285410588283,14.5054016305315,2.2402088677549,0.0343217056403817,0.346907663436123,-3.74793405778274,"MUSTN1",0.293304709665338,1.46443113772894,""
"GBE1",0.467441229643279,14.8286979704034,5.43001143178899,1.27923207344441e-05,0.031700608927546,3.16560575477627,"GBE1",0.0268023421725891,4.89305066031146,"+"
"RAPH1",0.466094227774668,12.9314333410558,1.90627188668083,0.0683144444713376,0.448811830840298,-4.31396592023451,"RAPH1",0.37946300302248,1.1654874589693,""
"PYURF",0.464776102755497,12.6011953265605,2.37209666850072,0.0257997757769937,0.319115402755334,-3.50819232140432,"PYURF",0.269806811495029,1.58838406842582,""
"SAE1",0.464246278477338,10.8542449866223,2.76043335230785,0.0112161048315505,0.23837608152972,-2.76381564478937,"SAE1",0.201543046618541,1.9501579402163,""
"MRPS10",0.463866854654579,10.0873032014882,2.45334439246022,0.0262451379907391,0.320637409240051,-3.33071919803851,"MRPS10",0.271093642883206,1.58095113947199,""
"MRPS17",0.46325963745436,12.2719370069182,3.69262676278437,0.00110189942830673,0.137786693455304,-0.765419300455889,"MRPS17",0.116496377506796,2.95785804225794,""
"SLC25A6",0.463149129795477,14.1705862971132,1.60610349280677,0.12149422771255,0.534796142635117,-4.74962413487979,"SLC25A6",0.452161320946486,0.915444355251991,""
"GUF1",0.460655991672294,10.536992579071,3.39470494826342,0.00232334642741062,0.187416045272145,-1.42316405254279,"GUF1",0.158457176185427,2.63388602898773,""
"ACTN3",0.457467580619056,15.4592775790863,1.08018025259827,0.290496587261694,0.696805317379376,-5.40026288938023,"ACTN3",0.589137407005869,0.536858965311932,""
"AGBL1",0.456638789121872,9.40393240111188,1.95042223027052,0.0671432165881777,0.447425863455713,-4.15018305256392,"AGBL1",0.378291190450468,1.1729978571149,""
"TNFAIP2",0.449341738217138,10.2058229236703,2.13585465471916,0.0488054094290006,0.401059363398301,-3.84543839038407,"TNFAIP2",0.339089079136945,1.31153203957584,""
"APOL2",0.446155367962714,9.9117992242185,1.96929506219117,0.0631457466353066,0.438751037305335,-4.1481758339669,"APOL2",0.370956767969766,1.19965589728643,""
"PPT1",0.440766767180408,12.100626061132,2.88294216314347,0.00804160139910535,0.234044361402846,-2.50891650869416,"PPT1",0.197880648672125,2.09465745752747,""
"SF3B2",0.437145876895423,11.679993783214,3.53724933716319,0.00162866848302885,0.161238179819856,-1.11026530175563,"SF3B2",0.136324222562868,2.78816730773781,""
"S100A13",0.435925089064725,12.8344788086286,2.3950552018153,0.0245316517016106,0.313412728491497,-3.46560926219263,"S100A13",0.26498529442993,1.61027321001839,""
"COX7A2L",0.435445893301067,10.4565632092685,1.7909960400052,0.0904103467485494,0.493492536504053,-4.38466520115781,"COX7A2L",0.417239802971331,1.04378186511461,""
"RBM8A",0.43438276030653,11.1405805417769,2.76746365930366,0.0107796303336212,0.237429334558204,-2.74494562818199,"RBM8A",0.200742587663969,1.96739613217537,""
"PSMB8",0.433371212861299,10.5890678905945,2.03814593185475,0.0545156398507626,0.420737639815966,-4.04381874616137,"PSMB8",0.355726737395136,1.26347888622835,""
"ACSS1",0.425866253129144,12.9374935199381,2.7559351493041,0.0108314257614677,0.237429334558204,-2.76664544659133,"ACSS1",0.200742587663969,1.9653143725914,""
"MICU2",0.423285652025807,10.7619183206854,2.85728576188441,0.00875292290790233,0.235483239706918,-2.5653964500114,"MICU2",0.199097196554174,2.05784689660049,""
"ITPA",0.421236878217629,12.1889300878701,2.69965369470443,0.0123401965228562,0.245150024154796,-2.87904779478745,"ITPA",0.207270303420129,1.90867792392414,""
"OVCA2",0.419858319748176,12.3045360003765,4.00818244368508,0.000494028527487858,0.0886472439011026,-0.0560319768000266,"OVCA2",0.0749497831137793,3.30624797218396,""
"ALDOC",0.419115092280796,13.0961255879999,1.52805822621204,0.139203836173522,0.553336627483342,-4.87265719895914,"ALDOC",0.467836995192478,0.856348796291292,""
"MRPL43",0.416486799395582,10.8499428155356,2.98140623413417,0.00636359022492043,0.218889358575987,-2.30550322042708,"MRPL43",0.185067343655796,2.19629779395091,""
"MTDH",0.416419727083273,9.55905436573673,1.69928984846779,0.11184537727462,0.527333961224919,-4.42714613277675,"MTDH",0.445852169599671,0.951381961192851,""
"MYO18B",0.412489417175831,10.8279804226113,1.70443014276086,0.108005499350609,0.523790183506078,-4.46830926667721,"MYO18B",0.442855963967752,0.966554130838804,""
"RPS23",0.41132397255876,10.7435697468806,2.35648693940616,0.0274641954086024,0.324782563245854,-3.51943570578852,"RPS23",0.274598302250335,1.5612331195526,""
"COX11",0.411252888175516,11.2848571185005,2.0252866555037,0.0559252707280595,0.422144914848052,-4.05057671723272,"COX11",0.356916565231791,1.25239190485462,""
"CRYZ",0.410690152202507,15.5370725572273,3.75594551194966,0.000938854608681222,0.134772579076189,-0.623933090104377,"CRYZ",0.113947993495593,3.02740165750637,""
"ATP6V1E1",0.40910044627314,11.5262637581366,3.63146248081622,0.00128561981788501,0.141962096044149,-0.901590001450806,"ATP6V1E1",0.120026611552151,2.89088744152492,""
"ADI1",0.405423265918182,12.6506728548169,3.12095015925807,0.00454780219221529,0.216884143404029,-2.01236490498349,"ADI1",0.183371967289641,2.34219843331975,""
"CES2",0.405081248175597,14.7459026100316,2.400130212399,0.0242591771606995,0.313412728491497,-3.456163350203,"CES2",0.26498529442993,1.61512393391578,""
"SIL1",0.40432705293027,9.28610420063829,1.9578336014556,0.0645655551878366,0.441234524132035,-4.16602584350041,"SIL1",0.373056515134323,1.1899991102,""
"ANKRD2",0.402405460122296,18.0339041101438,1.95376099777752,0.0621435485772325,0.437859528859811,-4.23734161245749,"ANKRD2",0.370203012278155,1.20660395089584,""
"MRPL4",0.400802561493126,11.9315857699347,2.66750322420433,0.0132885641966147,0.252491123667816,-2.94273076303148,"MRPL4",0.213477082019263,1.87652194119221,""
"ARPC1A",0.396201900864714,10.7252998683198,1.88209812258943,0.0746801022471836,0.460099943243914,-4.27831236709252,"ARPC1A",0.38900691594276,1.12679509611453,""
"GSTM1",0.395502619277794,13.0691161971671,0.602901025995668,0.552070490931391,0.856368271280688,-5.77807728422128,"GSTM1",0.724045253675522,0.258005465988217,""
"LMNB1",0.395406841966011,10.3925696403868,0.890220131055806,0.38268562591696,0.759813576768736,-5.52588256124364,"LMNB1",0.64240985144732,0.417157850036239,""
"MRPS9",0.394875753623156,10.3955555782025,1.71344201271286,0.109155661248256,0.527039978405864,-4.38500899329985,"MRPS9",0.445603611973312,0.96195373512553,""
"MCAM",0.392988053474919,10.4440235973727,3.00722776222449,0.00766999873112885,0.229380899552822,-2.35842419312099,"MCAM",0.193937768568502,2.11520470789767,""
"GDPD1",0.392636373818046,12.7717798285352,1.32518346281547,0.200275267145035,0.617355287092941,-5.03303989902347,"GDPD1",0.52196371636079,0.698372680290314,""
"TDRD7",0.390077334657681,12.8850836849959,0.777548240068958,0.444219369048689,0.793624134619025,-5.66334258487495,"TDRD7",0.670996120645517,0.352402509075313,""
"GIGYF2",0.38883580224045,14.3273694899239,1.67158982496729,0.10722823040123,0.521783473698188,-4.67189208857248,"GIGYF2",0.44115932391156,0.969690861159811,""
"HSD17B10",0.385764088018067,13.1872489190985,4.25989870196045,0.000259045125499143,0.0676107777552764,0.515358854630628,"HSD17B10",0.0571637978340901,3.58662457550093,""
"CDC5L",0.38506160659932,13.4653147807099,1.80056946059889,0.083995288068694,0.478473158819882,-4.47955182104016,"CDC5L",0.404541166776974,1.07574507611862,""
"CMC2",0.384657201349931,12.5813205834074,2.48397689486843,0.0201425506854516,0.306641894820313,-3.29842101429213,"CMC2",0.259260666197598,1.69588553485113,""
"GSTM4",0.384490617697585,11.5141768117537,1.25308731585025,0.225616334058566,0.64324180246489,-5.09091320448421,"GSTM4",0.543850338294165,0.64662946171569,""
"DNAJA4",0.384054631913786,12.386851351888,2.73801235455341,0.0112919355931877,0.23837608152972,-2.80256490061867,"DNAJA4",0.201543046618541,1.94723160764192,""
"PRR33",0.383994339781172,12.7329457398211,3.00484121790966,0.00601653754750988,0.218889358575987,-2.25665741989104,"PRR33",0.185067343655796,2.22065336864513,""
"HAX1",0.383269330586744,12.3992948731857,1.97216717195979,0.0603691154204917,0.433299325930579,-4.1954194382281,"HAX1",0.366347435889541,1.2191851877512,""
"GSTT1",0.381763558878252,15.14103759367,1.32776601452553,0.198054029701116,0.617355287092941,-5.07176390228258,"GSTT1",0.52196371636079,0.703216316808518,""
"TAPT1",0.380777585574911,12.323824366157,1.05435634633462,0.31727247000103,0.71625857789844,-4.98545028140556,"TAPT1",0.605584818031826,0.498567610362071,""
"HBD",0.379504282424698,17.1153532299314,1.06477272317588,0.297277265204672,0.703707263036506,-5.41555782768677,"HBD",0.594972888260561,0.52683830295012,""
"HINT2",0.3788877062072,13.3913868202733,4.09920157746956,0.000391345432554335,0.0810604896626105,0.150184978088672,"HINT2",0.0685353074945835,3.40743973052437,""
"MRPL48",0.37802485400233,11.5552783765328,2.42866414009835,0.022778361970781,0.312284697119166,-3.40283536642865,"MRPL48",0.264031562503464,1.64247750995968,""
"ENDOG",0.377490254761392,13.1793096596283,3.16134542195503,0.00412278406873566,0.214477283986952,-1.92652992998014,"ENDOG",0.181337007336497,2.38480941082375,""
"IDI1",0.377134568513119,14.0918220954096,3.29086310078954,0.00300283458116289,0.187416045272145,-1.64864402947372,"IDI1",0.158457176185427,2.52246859136641,""
"RPS7",0.37620890784318,11.6215789626173,1.93927218948037,0.0649961424584552,0.441911769267158,-4.23467610208036,"RPS7",0.373629114729737,1.18711241810669,""
"MRPS34",0.374047359388205,11.2605597375149,2.87790008570567,0.00856605166084661,0.235483239706918,-2.53202293663812,"MRPS34",0.199097196554174,2.06721931075279,""
"TXNRD2",0.372800899371313,12.5474692910252,3.45916502728765,0.00206433783806419,0.187416045272145,-1.30678843548053,"TXNRD2",0.158457176185427,2.68521922700577,""
"HLA-DRB5",0.370615613824544,10.1239274104248,1.60268201890805,0.125761504815797,0.536326375083323,-4.6629337842072,"HLA-DRB5",0.453455107251164,0.900452274665937,""
"RPS29",0.369898746186557,10.2333545226611,2.10813257851022,0.0462713268847263,0.390726041170241,-3.95784373924874,"RPS29",0.330352425567637,1.33468804641642,""
"PLXDC2",0.369049868694598,9.7699956631663,1.2067374112875,0.245401439882514,0.657227177148038,-5.06627286079976,"PLXDC2",0.555674741999669,0.610122893397133,""
"NDUFB1",0.368478664259159,14.44500458288,1.67951581528353,0.105658538101195,0.515893984504304,-4.66039105764241,"NDUFB1",0.436179857903287,0.976095402535852,""
"ATP5ME",0.367626014247282,16.7358182662007,1.63842958184747,0.114009452263388,0.530504274632393,-4.71954616483736,"ATP5ME",0.448532617313962,0.943059140806902,""
"CBR4",0.365909009942554,12.5027076676642,3.05395700546885,0.00534694108855288,0.218889358575987,-2.15377202575546,"CBR4",0.185067343655796,2.27189460083651,""
"SUOX",0.365390393564139,12.9472893630912,3.2916172491182,0.0029972672159134,0.187416045272145,-1.64701469651871,"SUOX",0.158457176185427,2.52327453659277,""
"GSTK1",0.364862078266636,15.2714581794443,3.64361073912675,0.00124688972307495,0.141962096044149,-0.874585652928393,"GSTK1",0.120026611552151,2.90417195452292,""
"C6orf136",0.364109112090638,10.716581481971,1.73275153657089,0.0956097782732349,0.500904513544631,-4.58205128296827,"C6orf136",0.423506507351395,1.01949768896927,""
"NDUFA4",0.363513347326304,16.48917963944,2.17766919598768,0.0391954207711176,0.367389275905071,-3.85857870025918,"NDUFA4",0.310621575309586,1.40676466894901,""
"ARPC5L",0.363496046863332,10.7107796214489,2.30025251409856,0.0309732188471326,0.342015812731222,-3.6250982461498,"ARPC5L",0.289168730550564,1.50901365886968,""
"AK3",0.360445709199899,15.2631493359252,2.11633084994123,0.0445725968281004,0.385803320565911,-3.96510197636259,"AK3",0.326190346461874,1.35093206290146,""
"ETFDH",0.359978932221052,15.0484327328314,3.12627928128621,0.00448941126707214,0.216884143404029,-2.00106516085864,"ETFDH",0.183371967289641,2.34781060782208,""
"ADHFE1",0.358600762827423,15.4387797829875,2.02464131953222,0.0538439434750571,0.417799896532132,-4.12049654151504,"ADHFE1",0.353242923885796,1.26886314033795,""
"IBA57",0.35859347481316,14.1275269287536,4.17909492785135,0.000318822363947907,0.0762782505745368,0.331593057092463,"IBA57",0.0644920031945735,3.49645122241232,""
"MRPL13",0.357000903059811,11.9095865666464,2.86973453337689,0.0082963708069436,0.234044361402846,-2.53596967494635,"MRPL13",0.197880648672125,2.0811118453593,""
"RPS13",0.356832039203741,12.2152415313329,2.24032084013623,0.0343134952815853,0.346907663436123,-3.74773415815241,"RPS13",0.293304709665338,1.46453504107559,""
"AGPS",0.355828806196236,11.2860552331262,3.37596256074618,0.002639581676546,0.187416045272145,-1.5089140513583,"AGPS",0.158457176185427,2.57846489508586,""
"SUGP2",0.354945292982972,13.1218287868334,2.28303448210185,0.0313084452802272,0.342502123504251,-3.67101982381118,"SUGP2",0.28957989829093,1.50433849811233,""
"NAMPT",0.354785351401508,13.3347522089167,4.78904952293443,6.62499664107544e-05,0.031700608927546,1.72056286838549,"NAMPT",0.0268023421725891,4.17881433758176,"+"
"CYB5R1",0.351257387134449,16.5435733552067,3.82681828303707,0.000784371655988231,0.125107279130123,-0.465002171904584,"CYB5R1",0.105776141751443,3.10547810836263,""
"COX6C",0.350038597669361,16.4298270229799,1.62049936788607,0.117823118936185,0.534065797303782,-4.74499933309749,"COX6C",0.451543826010684,0.928769485089702,""
"NTMT1",0.348297919930598,14.9303470588007,3.67507145143267,0.00115182188886357,0.137786693455304,-0.804555356495568,"NTMT1",0.116496377506796,2.93861467253095,""
"DCAF8",0.347675537664857,12.2807939059387,2.92063202370998,0.00735481655817849,0.227050304715381,-2.43140953497309,"DCAF8",0.19196728906,2.13342815485547,""
"BMS1",0.346934840028998,10.9933767745754,1.26913233857238,0.219183637630794,0.638859110292397,-5.09224471987477,"BMS1",0.540144844323599,0.659191869676218,""
"COX6A2",0.346606795029647,16.3565809548178,2.60147700264067,0.0154543097538649,0.268904989717249,-3.07226727348031,"COX6A2",0.2273547351343,1.81095038735137,""
"GNL1",0.346366242782121,10.1102707259828,2.12138814725665,0.0467759240294133,0.392671572773233,-3.89114446802407,"GNL1",0.331997340460287,1.32997762452466,""
"GLRX5",0.344737691348676,13.4797367677156,2.23132818128551,0.0349785808026365,0.348692727376283,-3.76376811217862,"GLRX5",0.294813951794834,1.4561978152715,""
"NIT1",0.342982167425131,13.1834118067849,2.85014369071175,0.00868841675314165,0.235483239706918,-2.5759927455111,"NIT1",0.199097196554174,2.06105935565937,""
"SDHB",0.340934770703349,17.4410301461565,4.09529894446473,0.000395279294767171,0.0810604896626105,0.141332301929972,"SDHB",0.0685353074945835,3.40309593395926,""
"PTCD3",0.340905992071971,13.0818579599468,3.20786260654577,0.00368066667746615,0.204920377390613,-1.82718125911151,"PTCD3",0.173256800382366,2.43407351064127,""
"SEL1L3",0.340905515475299,16.7638317734644,1.40647333541909,0.172040792409625,0.582941479281683,-5.03117293832516,"SEL1L3",0.492867409266904,0.764368565778867,""
"ATP5PO",0.340354087206432,16.1821817710882,2.23798953863305,0.0344848055763456,0.346907663436123,-3.75189482246049,"ATP5PO",0.293304709665338,1.46237221819928,""
"CYC1",0.340353730790252,17.3107583623527,2.36147765089162,0.0264064342025571,0.321240985574329,-3.52780519919717,"CYC1",0.271603956722147,1.57829023986488,""
"HLA-A",0.340067871513211,12.3980778050847,2.77000068856248,0.0104824873009675,0.237429334558204,-2.73837606238128,"HLA-A",0.200742587663969,1.97953565505109,""
"TSTD1",0.339999685794783,10.8156960138634,1.4656093309484,0.159367381115219,0.570057417017177,-4.84048582040491,"TSTD1",0.481974147053062,0.797600564064858,""
"GLS",0.339593383349088,11.0706572969241,1.71401249562888,0.0990503722471665,0.508718459251547,-4.60984242522832,"GLS",0.43011306961124,1.00414388797413,""
"RILP",0.339332570577753,10.5241704159882,1.32137049272069,0.200797560393768,0.617355287092941,-5.04887410869983,"RILP",0.52196371636079,0.697241567990966,""
"CA1",0.337776324081478,17.2006274436391,1.00885105519043,0.322827333650076,0.718478507681682,-5.46939070459805,"CA1",0.607461732061634,0.491029700868077,""
"CNST",0.336406914742,10.5757826601864,2.04122073907792,0.0520503000368878,0.412807766314654,-4.09274710781568,"CNST",0.349022160096533,1.28357676271465,""
"INTU",0.335648457066368,12.336189197203,1.03203384398041,0.313421894922723,0.713307900836498,-5.38291954800446,"INTU",0.603090069226346,0.503870668007888,""
"PPP1R3D",0.33378610173169,10.2812365998172,1.65294733679566,0.117015004152221,0.534065797303782,-4.55574468144499,"PPP1R3D",0.451543826010684,0.931758447632224,""
"NQO2",0.333485117951758,14.4539866284558,0.796786805112966,0.433167278000684,0.784934683711783,-5.64901120894357,"NQO2",0.663649333174016,0.363344357957345,""
"NHLRC2",0.33288075328929,12.5217268732352,3.32551776834213,0.00275706354511722,0.187416045272145,-1.57364563586658,"NHLRC2",0.158457176185427,2.55955322410978,""
"CROCC",0.332700276954339,12.1035015874335,0.738974021538678,0.472394088947317,0.816522233213575,-5.39433247513289,"CROCC",0.69035608546624,0.325695545337997,""
"MRPL12",0.332383631963529,12.9083577026839,2.45021049302793,0.0217158901638675,0.311731603302318,-3.3623232688011,"MRPL12",0.26356393080066,1.6632223636155,""
"GSTZ1",0.332359938552383,13.4292245345388,2.50567757157772,0.0191878288383801,0.306045869972162,-3.25709084906252,"GSTZ1",0.258756737015669,1.71697416423567,""
"DPP3",0.331881756388229,12.8866917000561,2.99848429250845,0.00610884826964458,0.218889358575987,-2.26992311388181,"DPP3",0.185067343655796,2.21404066165379,""
"NDUFAF7",0.331401081737061,12.8322745255272,2.02178711296152,0.0541581919084492,0.419105576736274,-4.12525788671676,"NDUFAF7",0.354346854970507,1.26633584316506,""
"ACADM",0.330372001346458,18.4984561252671,2.65232475699161,0.0137596719417829,0.256519598343239,-2.97265949496677,"ACADM",0.216883090936349,1.86139192042986,""
"UQCRQ",0.329656320297138,15.9162090252399,2.48072359313394,0.0202894143545834,0.306641894820313,-3.30459955719588,"UQCRQ",0.259260666197598,1.6927304885134,""
"GLTP",0.329522133746087,12.164130639656,2.46391833461186,0.021063959140757,0.310126290733915,-3.33644187004264,"GLTP",0.262206665492267,1.67645999633272,""
"GATC",0.328975168223593,10.3370267791111,2.43953514012112,0.0229469662207256,0.312284697119166,-3.373233298839,"GATC",0.264031562503464,1.63927472366442,""
"PGM5",0.328406105135041,15.1574284389553,2.66283837906094,0.0134317168862534,0.252491123667816,-2.95193825321961,"PGM5",0.213477082019263,1.87186847083321,""
"NMNAT1",0.327939169673723,10.0183142063388,1.25707718090441,0.250769350752424,0.661532429834841,-4.6182399321641,"NMNAT1",0.559314762161896,0.600725544446154,""
"CA8",0.327685249398991,14.8332783693123,1.09637477466251,0.283489418347073,0.694280613181982,-5.38397286044337,"CA8",0.587002811233978,0.547463147138773,""
"TSNAX",0.327604551759665,12.6605183757041,2.05316405907321,0.050791274785952,0.406391363855074,-4.07266062648929,"TSNAX",0.343597197609795,1.29421088688479,""
"PARVB",0.327569519294244,11.3921158788316,2.13716881423082,0.042675879058733,0.380504499309386,-3.92913978021258,"PARVB",0.32171028045578,1.36981752430989,""
"HRAS",0.326952670284667,10.9741102842051,0.995270282861099,0.338189721124128,0.728412985967819,-5.17099824120414,"HRAS",0.615861169654135,0.47083959640389,""
"EIF3G",0.325861537500161,11.7931305800684,3.05197800887703,0.00537248321983231,0.218889358575987,-2.15793067476076,"EIF3G",0.185067343655796,2.26982493228987,""
"SPRYD4",0.325454592350763,11.0261777404848,1.80421276619133,0.0839230725674589,0.478473158819882,-4.45718199563867,"SPRYD4",0.404541166776974,1.07611862425843,""
"LYPLAL1",0.325251457663256,13.7879397280894,3.46481717897233,0.00195168821829676,0.186776562491,-1.26971680571094,"LYPLAL1",0.15791650403768,2.70958955956285,""
"CDK5",0.324934352456781,11.9466896282005,2.85773278119113,0.00853450588405943,0.235483239706918,-2.56050359065184,"CDK5",0.199097196554174,2.06882161784606,""
"MYL9",0.324340137920558,12.9775593727937,2.2461580325152,0.0338879425618518,0.346907663436123,-3.7373044753205,"MYL9",0.293304709665338,1.4699547976766,""
"UBTF",0.324229266081227,13.6354958121212,1.59296349294299,0.123886246643879,0.536326375083323,-4.78365440426445,"UBTF",0.453455107251164,0.906976904586071,""
"MYOZ2",0.324055027136858,16.2889274243599,1.57960644292156,0.126919180966447,0.537335951509996,-4.80221423936002,"MYOZ2",0.454308687474147,0.896472739147264,""
"LACTB2",0.323007573106432,12.486216358026,2.10232467258556,0.0458895368674801,0.390726041170241,-3.98914127971862,"LACTB2",0.330352425567637,1.33828632532806,""
"RNF7",0.321474034037292,10.3391935448552,1.1220668587937,0.27682519267504,0.687513086652283,-5.20560197798807,"RNF7",0.581280979135243,0.557794389136196,""
"COX5B",0.320792267907883,19.1035075619131,2.93327607906733,0.00713718939052702,0.22419387701465,-2.40530776285721,"COX5B",0.189552226535453,2.14647277876927,""
"RAB4A",0.319511213742635,10.8991485652999,2.11046194631763,0.0471654797420427,0.394144514945729,-3.92610623225032,"RAB4A",0.333242688781447,1.32637574379152,""
"PPIL1",0.318797329251762,12.1544902197055,1.65533319852683,0.110509140660296,0.527333961224919,-4.69534798386188,"PPIL1",0.445852169599671,0.95660179823094,""
"MRPL3",0.318431375922232,10.6196360247935,1.60751113708782,0.120651522931151,0.534553275208851,-4.76329809195557,"MRPL3",0.451955980541945,0.918467191812211,""
"COA7",0.318393347553043,11.7604832983614,2.97394586328597,0.00647802590373945,0.218889358575987,-2.32101898967811,"COA7",0.185067343655796,2.18855731970519,""
"TRMT10C",0.316654726706162,12.4905872142422,2.90726240238516,0.00759179374879894,0.229380899552822,-2.45895484701897,"TRMT10C",0.193937768568502,2.1196555991813,""
"SIAE",0.316029460297358,12.1751786331797,1.87017201253463,0.0733568214973847,0.458097600411357,-4.37129858571607,"SIAE",0.387313968092209,1.13455949462337,""
"RPS19",0.314513345758234,12.1041859136686,2.00281839057704,0.0562882101642328,0.422144914848052,-4.15678236697678,"RPS19",0.356916565231791,1.24958256068703,""
"COX5A",0.312604156488824,17.2573631171853,2.55714709391664,0.0170887864691615,0.288599446782133,-3.15826387264771,"COX5A",0.24400607386293,1.76728877686144,""
"ATP6V0D1",0.309871430514987,9.42443237463146,1.48623073630624,0.158348236078652,0.570057417017177,-4.72278397053639,"ATP6V0D1",0.481974147053062,0.80038677009172,""
"CASP3",0.309542823190011,12.5022077445508,2.11635905026611,0.045013530988573,0.387621606677845,-3.95254907359882,"CASP3",0.327727677389842,1.34665691843887,""
"PDP1",0.308952629896782,13.268517421318,3.42757352023565,0.00214126174113804,0.187416045272145,-1.35134291262539,"PDP1",0.158457176185427,2.66933024266158,""
"PTGR1",0.308444796286727,11.2927204479442,1.88057235687441,0.0723745404542564,0.456675397020154,-4.3390002586878,"PTGR1",0.386111518574058,1.14041418083016,""
"FUCA1",0.308222845933347,10.88692516217,1.24481684533857,0.24974717269211,0.660851735298662,-4.72448365874534,"FUCA1",0.558739246154763,0.602499419583123,""
"SDHA",0.307257673900594,16.2257134011618,4.01521981083143,0.000485218443964759,0.0886472439011026,-0.0401077377097492,"SDHA",0.0749497831137793,3.31406269923193,""
"PTGES2",0.306217579446329,14.0499476491181,3.68972920240862,0.00110999060311318,0.137786693455304,-0.771881659887176,"PTGES2",0.116496377506796,2.95468069781998,""
"HNRNPR",0.306215456999178,10.3955802271838,1.58040656174298,0.127268703248623,0.537335951509996,-4.7820778926444,"HNRNPR",0.454308687474147,0.895278380929991,""
"FAM136A",0.304226584350904,12.1034233579168,1.94197596811472,0.0636274971054168,0.43943923029354,-4.25648297786675,"FAM136A",0.371538623794454,1.19635516013145,""
"SEPHS2",0.302667461053732,11.0592367939289,2.31161416473693,0.0294336717299359,0.334008187891881,-3.61918579759514,"SEPHS2",0.282398415777612,1.53115555806398,""
"GOT2",0.301661829224766,18.0491244750631,2.83518338674018,0.00899955779875095,0.235483239706918,-2.60647043512357,"GOT2",0.199097196554174,2.04577882948072,""
"TUBB2B",0.301281144864367,15.5057293737243,1.94020351814575,0.0638533479495892,0.439623409983862,-4.25935465081688,"TUBB2B",0.37169434468589,1.19481632693755,""
"GMPPB",0.301124380178516,12.4429903590258,1.97991438476852,0.0589585028640925,0.43083147522593,-4.19456942385558,"GMPPB",0.364260908808372,1.22945355306825,""
"ME2",0.300744349563416,14.0864626629646,2.82264586273242,0.00926841034025834,0.235483239706918,-2.63195463376314,"ME2",0.199097196554174,2.03299474694023,""
"MRPL38",0.300167027881436,12.8421980034914,2.47949668893726,0.02034505735952,0.306641894820313,-3.30692844989701,"MRPL38",0.259260666197598,1.6915410813876,""
"ACTR1B",0.299745139883729,10.9201019552158,1.50747299096948,0.14490434130295,0.56141988017624,-4.8806252490943,"ACTR1B",0.47467125206867,0.83891860296449,""
"COQ10A",0.299471353927901,13.8194925870863,2.96055900464841,0.00668830814578006,0.219201827295958,-2.34881875909086,"COQ10A",0.185331530806587,2.1746837261598,""
"G6PD",0.298511080887765,10.0360591673548,0.672576198593394,0.512401634179247,0.841064156334522,-5.43672648304789,"G6PD",0.71110587682086,0.290389493849487,""
"PRRC1",0.29833489074394,10.3008097662182,1.40740982826051,0.178795048761644,0.593434202305988,-4.81402517337152,"PRRC1",0.501738833581258,0.747644511967783,""
"CLIC1",0.298219574118713,11.0620875742504,1.99436313831418,0.0588257456573942,0.43083147522593,-4.13428231150696,"CLIC1",0.364260908808372,1.2304325591313,""
"MRPL53",0.296632124820338,10.4085570689801,2.28126183829666,0.0314282342964927,0.342502123504251,-3.67422159759248,"MRPL53",0.28957989829093,1.50268001786345,""
"DDX19A",0.296510973829516,12.1337786380805,1.81430321075254,0.0817967576257099,0.478473158819882,-4.45843371955373,"DDX19A",0.404541166776974,1.08726391115962,""
"S100A1",0.296160382043777,17.0622645666258,2.97378416297429,0.00648052785752661,0.218889358575987,-2.32135510398149,"S100A1",0.185067343655796,2.18838961816113,""
"ARHGDIB",0.295432920220055,11.1836739952203,2.24428879228143,0.0340236930836789,0.346907663436123,-3.74064624083004,"ARHGDIB",0.293304709665338,1.46821854790119,""
"RBKS",0.295093332866239,14.1691818730173,1.27576914891437,0.213904585973331,0.632152642817567,-5.18915499860899,"RBKS",0.534474636649023,0.669779904341227,""
"ARMC10",0.293389178963219,8.81952468070825,1.29801253175898,0.213028529707185,0.631171216500855,-4.96825335360031,"ARMC10",0.533644856879876,0.671562230060405,""
"RPS15A",0.293333375792425,13.2127030667037,2.11051766959176,0.0451150234102774,0.387621606677845,-3.97509234861173,"RPS15A",0.327727677389842,1.34567881293997,""
"AUH",0.29213534022799,11.9092957891046,2.72554445155341,0.0116230973259113,0.241810959584719,-2.82748365526202,"AUH",0.204447179380206,1.93467812561971,""
"ENO2",0.291904910368011,18.9397075951992,2.46488095909381,0.0210188643523361,0.310126290733915,-3.33462124867655,"ENO2",0.262206665492267,1.67739075257217,""
"ILF2",0.291229519106595,11.1327227438534,1.14632004235732,0.263603008075438,0.668865961681793,-5.29321007961654,"ILF2",0.565515142424144,0.579049638148172,""
"UQCR10",0.290833880389794,17.2749948477909,1.47401834829499,0.153108379050981,0.567131006573305,-4.94445348511,"UQCR10",0.479499915273055,0.815001041332901,""
"SSBP1",0.290770444864329,13.4751261105148,2.14427316367541,0.0420459705985327,0.378344749296626,-3.91682557185752,"SSBP1",0.319884247429679,1.37627561771795,""
"TIMM8A",0.290633811935717,14.4714576584781,2.48943806113635,0.019898228464996,0.306641894820313,-3.28803905355193,"TIMM8A",0.259260666197598,1.70118558701361,""
"CLPB",0.289911183943893,12.3287620777238,1.74202892802243,0.0939443185732893,0.500397288727113,-4.56820651877934,"CLPB",0.423077657131242,1.02712947939399,""
"IFITM3",0.28970725623873,10.0844375879074,2.0241255387368,0.0592573457063656,0.431796547012628,-3.99602265361755,"IFITM3",0.365076861092043,1.22725780562167,""
"RBM38",0.287901191284995,12.8373265105809,1.90184263002881,0.068916399154901,0.450288500126176,-4.3210432237347,"RBM38",0.380711502556552,1.16167742228626,""
"ME1",0.287722281499025,14.1599385042901,2.62350801703034,0.0146974226963652,0.259616206936626,-3.02923465775995,"ME1",0.219501222445565,1.83275881537976,""
"NDUFA2",0.287632929487884,15.0721476184075,2.20623043920847,0.0368969896289037,0.35895050766792,-3.80829893531655,"NDUFA2",0.303486735902423,1.43300906584333,""
"GSK3B",0.287547687723929,11.5253677782699,2.21216120067594,0.0389417905435434,0.367389275905071,-3.75180126161527,"GSK3B",0.310621575309586,1.40958408349645,""
"SUPV3L1",0.286734586742588,11.1703093191927,1.77547839647401,0.088663154200809,0.489522914827928,-4.50071814706206,"SUPV3L1",0.41388355329479,1.0522568226911,""
"AFG1L",0.28622322121681,10.8913504729032,1.25961196289127,0.220606686144212,0.640167741677277,-5.16965919957286,"AFG1L",0.541251270582966,0.656381329105563,""
"COQ8A",0.285193665865609,16.9651528875802,3.23660500981186,0.00343072468496861,0.201012460623365,-1.76553472730493,"COQ8A",0.169952721188898,2.46461413259857,""
"CHD2",0.283901124082041,14.7900769090841,0.968800786755041,0.34203593705827,0.729660220617692,-5.50630994400091,"CHD2",0.616915685986355,0.465928261060353,""
"RPS9",0.282776490307677,11.4318244359022,1.35154764372574,0.188768998556423,0.60689338729618,-5.0991628506261,"RPS9",0.513118352577117,0.724069328159715,""
"LGALS3",0.281880246637618,13.5382736635854,1.81922418435481,0.0810211415146997,0.478473158819882,-4.45083764517727,"LGALS3",0.404541166776974,1.09140164229236,""
"DBI",0.281128702786386,18.030935538765,1.91260341258887,0.0674619311343849,0.447425863455713,-4.30382837796387,"DBI",0.378291190450468,1.17094123105368,""
"DECR1",0.281078231953174,17.1394862245397,2.46159576292976,0.0211731300156476,0.310143144259818,-3.34083289362276,"DECR1",0.262220914870539,1.67421493564884,""
"SLC4A1",0.28081964520403,14.7451373499295,0.787838279649546,0.438286855552271,0.788488553270944,-5.65571852148984,"SLC4A1",0.666654071290533,0.35824155386513,""
"GRHPR",0.280316173869982,15.3273203626156,2.88071929192678,0.00808395324586988,0.234044361402846,-2.5134735619763,"GRHPR",0.197880648672125,2.09237620692312,""
"NT5C",0.28020737830602,12.8956390208384,2.21784556217121,0.0359976323318596,0.352727653326857,-3.78773045184115,"NT5C",0.298225415158693,1.44372606309448,""
"ACE",0.279583881911297,11.8464200593511,1.91300836696027,0.0711846331802364,0.454157959689908,-4.21124956658093,"ACE",0.383983066818525,1.1476137485726,""
"UQCRH",0.279032630263462,17.3322089951737,3.37446169122621,0.00244288044642653,0.187416045272145,-1.467293111549,"UQCRH",0.158457176185427,2.61209778670145,""
"HBB",0.278936045177296,20.4413784127786,0.976117383619444,0.338469958349042,0.728412985967819,-5.49966800248492,"HBB",0.615861169654135,0.47047987203711,""
"PRDX5",0.278093274318838,17.4476610674937,2.71919085210993,0.0117953518977467,0.24333975353998,-2.84016036289504,"PRDX5",0.205739749462816,1.9282890980196,""
"ATP6V1A",0.277186575843771,13.138420007611,3.23716189084261,0.0034260476782586,0.201012460623365,-1.76433841956532,"ATP6V1A",0.169952721188898,2.46520659751162,""
"BCKDHB",0.27666060962061,11.8272258016265,1.66164055794184,0.109226327813128,0.527039978405864,-4.68626873943041,"BCKDHB",0.445603611973312,0.961672667072418,""
"OAT",0.276417278555604,10.1840164600701,1.32171689471642,0.209576236980669,0.625460890199066,-4.83230576997792,"OAT",0.528816870142855,0.678657961827752,""
"MRPL44",0.276269836315882,12.1105281667866,2.31567452746357,0.0291757922357288,0.333751046295424,-3.61178933599435,"MRPL44",0.282181006797526,1.53497734234569,""
"RBX1",0.276238975253216,13.8449197824796,2.0098265476173,0.0554927810061081,0.422144914848052,-4.14515950866266,"RBX1",0.356916565231791,1.25576351008685,""
"GPX7",0.276010606208473,10.8101274172759,0.887315686882344,0.385613755156661,0.760015039137382,-5.46401173899538,"GPX7",0.642580184558324,0.413847482855075,""
"SH3BGRL3",0.275417605093232,11.8395926497406,1.55992538088211,0.131499616370309,0.546993252259135,-4.82933225444964,"SH3BGRL3",0.462473776029184,0.88107551415902,""
"PTMA",0.275145095421237,9.35737544183163,1.3631023906686,0.189939801967239,0.607525706364158,-4.93784687880062,"PTMA",0.513652967923494,0.721384019130842,""
"SOD2",0.273664386953484,17.7500407772294,2.40989042245213,0.023742966207783,0.31268833019516,-3.43796387545933,"SOD2",0.264372827614166,1.62446502560042,""
"PPFIA4",0.273109307183425,14.5646508008103,1.27543649629256,0.214020330483691,0.632152642817567,-5.18954015941183,"PPFIA4",0.534474636649023,0.669544969653143,""
"DUSP29",0.272905008791621,14.4048263307998,2.30519494012127,0.0298456128459466,0.334713884690284,-3.63086289409236,"DUSP29",0.282995070785222,1.52511949893414,""
"ATP1A2",0.272845771450756,14.7786296525231,3.33986009615882,0.00266115064211955,0.187416045272145,-1.54253172010711,"ATP1A2",0.158457176185427,2.57493054025902,""
"TGFB1I1",0.272009800381763,11.0089815992892,2.08941685689298,0.0480771717790142,0.397779712327233,-3.98354638265927,"TGFB1I1",0.336316188230831,1.3180610883617,""
"ATP1B1",0.271554555878229,14.2586696405765,3.22733161518911,0.00350951973739526,0.201516623321236,-1.78544548341365,"ATP1B1",0.170378982437377,2.45475231079052,""
"ABCF2",0.270769758593641,10.5305090145435,1.46966389399478,0.156002826247948,0.568751938440709,-4.89298817284488,"ABCF2",0.480870386441225,0.806867533614963,""
"SMTN",0.270742168263283,16.4639584394325,1.81565619345834,0.0815828734546852,0.478473158819882,-4.45634677076431,"SMTN",0.404541166776974,1.08840100233424,""
"CAVIN2",0.270148780691304,12.2145764207278,2.77998441089521,0.0102412771869432,0.237429334558204,-2.71826804140439,"CAVIN2",0.200742587663969,1.98964587923385,""
"UQCRC1",0.269386841023771,18.0009724830051,2.79642752939993,0.00985539553708656,0.237037316581104,-2.68507433542101,"UQCRC1",0.200411142927874,2.00632594103173,""
"PHKB",0.269251993118781,13.3058102774013,2.32671038039344,0.0284852795022656,0.33244405467888,-3.59164588056284,"PHKB",0.281075966935251,1.54537951481723,""
"CARD19",0.269026102032862,14.4399171286073,2.41800392309911,0.023321564900383,0.312284697119166,-3.42280187640019,"CARD19",0.264031562503464,1.63224231134018,""
"PDHB",0.268691997893004,17.9063986205113,2.86878109474811,0.00831505568202379,0.234044361402846,-2.53792041044796,"PDHB",0.197880648672125,2.08013483816849,""
"UBAP2",0.268513557588028,13.891818966782,1.38387529493651,0.178775253084733,0.593434202305988,-5.05942350998696,"UBAP2",0.501738833581258,0.747692598473918,""
"PDE12",0.267523809302658,11.9974681292508,1.84161001102055,0.0780821176149997,0.472940421250346,-4.39974899233327,"PDE12",0.399863328385013,1.10744841695973,""
"LASP1",0.267430616898602,11.9568377689046,1.86910185897685,0.0735111081966584,0.458097600411357,-4.37298593917443,"LASP1",0.387313968092209,1.13364703011306,""
"RPL11",0.26628166898465,11.981942603309,1.4896765455131,0.148968494018506,0.567131006573305,-4.92386896051762,"RPL11",0.479499915273055,0.826905572666468,""
"TST",0.265368547830271,15.5431876080096,2.70839305013083,0.0120936153936891,0.245150024154796,-2.86167012841393,"TST",0.207270303420129,1.91744384712867,""
"HSD17B8",0.264605896557311,12.5903456976632,2.24818666410179,0.0337411726747814,0.346907663436123,-3.73367575930587,"HSD17B8",0.293304709665338,1.47183982757569,""
"SNTA1",0.264143104187522,14.4244322315706,2.84311374004507,0.0088333324880967,0.235483239706918,-2.5903237045527,"SNTA1",0.199097196554174,2.05387542233927,""
"XIRP1",0.264030571915129,16.2996359469153,1.10318780737744,0.280578100165005,0.692044437778118,-5.3770543835115,"XIRP1",0.585112161799789,0.551946229774734,""
"HSPH1",0.263463865570861,12.127153558047,1.77806921390204,0.08770687912515,0.487053094716259,-4.51388902213856,"HSPH1",0.411795361112457,1.05696634222201,""
"GART",0.263407969112793,12.4778997547672,2.41494027100473,0.0234798697295578,0.312284697119166,-3.42853055404806,"GART",0.264031562503464,1.62930431695982,""
"GPD1",0.263171789830292,16.9348650253018,2.58513489692024,0.0160390968369216,0.275738006100609,-3.10406255854838,"GPD1",0.233131937824517,1.7948200905272,""
"MLEC",0.262519574837743,10.7873842143434,1.77560960337788,0.0881210025320665,0.487467048688946,-4.51762281843489,"MLEC",0.412145352371143,1.05492057062627,""
"RCC1L",0.262000745189948,10.3431589836197,2.10993028011398,0.0461011164870719,0.390726041170241,-3.94913708356582,"RCC1L",0.330352425567637,1.33628855664283,""
"AKAP12",0.261950414960449,11.7117362118268,0.549734476712479,0.58977827249216,0.874614370002579,-5.59689239847775,"AKAP12",0.739472029305501,0.229311230954401,""
"PRELP",0.26140787129305,13.0301824998738,1.6530363527936,0.110979407738044,0.527333961224919,-4.6986474831152,"PRELP",0.445852169599671,0.954757597207793,""
"ISCA2",0.260747905362454,13.4414476776306,2.79930321559879,0.00978933756498875,0.237037316581104,-2.67925955643952,"ISCA2",0.200411142927874,2.0092466954904,""
"DHRS7B",0.260745789988171,12.5455455414893,2.27928415851664,0.0315623711559661,0.342502123504251,-3.67779187696633,"DHRS7B",0.28957989829093,1.50083037741226,""
"BTF3L4",0.260188831088422,12.0169003918577,1.64866903620382,0.112409747220359,0.527333961224919,-4.68961644805882,"BTF3L4",0.445852169599671,0.949196028798289,""
"SPECC1",0.260142355632205,10.3541913816062,0.823364039131783,0.418180052566094,0.782035997271198,-5.62866833974748,"SPECC1",0.661198541581679,0.378636687125919,""
"ACO1",0.259934985253077,14.5591796270832,2.70415702438066,0.0122125507980076,0.245150024154796,-2.87009674349761,"ACO1",0.207270303420129,1.91319361682498,""
"NASP",0.259565465325993,9.57327388164446,1.56159502804081,0.131638495045262,0.546993252259135,-4.80785295673267,"NASP",0.462473776029184,0.880617091413173,""
"FCGRT",0.258885195084307,10.1830547245861,1.14618106040137,0.263659312529495,0.668865961681793,-5.29335538249839,"FCGRT",0.565515142424144,0.578956884644495,""
"FN1",0.258781406121486,12.7788426654477,1.92479705598941,0.065846255075602,0.441911769267158,-4.28423653359755,"FN1",0.373629114729737,1.18146891996188,""
"PROB1",0.258772206529986,13.5301833921967,2.24558230133412,0.0339297016443131,0.346907663436123,-3.73833393644963,"PROB1",0.293304709665338,1.46941995924077,""
"QRSL1",0.258002444523648,11.6164427941044,1.58249614059913,0.126790802256789,0.537335951509996,-4.7791996516862,"QRSL1",0.454308687474147,0.896912250192504,""
"DHRS4",0.257831608405168,10.4821291548099,1.48901228095074,0.150246709425499,0.567131006573305,-4.8823951045895,"DHRS4",0.479499915273055,0.823195030766136,""
"NRAP",0.257452962768127,15.1947186284094,1.03387425746829,0.31121187636865,0.711518230289527,-5.44562920017258,"NRAP",0.601576932286745,0.506943837958208,""
"CORO6",0.257353324831492,13.878669666724,2.79606685642464,0.00986371030183744,0.237037316581104,-2.68580343235421,"CORO6",0.200411142927874,2.00595969149758,""
"ATP5MK",0.257260805325153,16.5658673818894,1.89087838263009,0.0704264165150651,0.45248515612113,-4.33851104496561,"ATP5MK",0.382568738982097,1.15226440911337,""
"HSPB7",0.257222648658157,16.9071673334648,2.83273091582966,0.00905156015387258,0.235483239706918,-2.61145957101849,"HSPB7",0.199097196554174,2.04327655805217,""
"KIAA1671",0.257020678391724,10.7778766732019,1.77699473524528,0.089590567484564,0.492748121165102,-4.45658863950513,"KIAA1671",0.416610412076075,1.0477377124924,""
"PHKG1",0.256998074825823,14.4170959633372,2.1199724392396,0.0442357823219732,0.384851306201166,-3.95883427167173,"PHKG1",0.325385434013176,1.35422628770728,""
"UQCRB",0.256943403178461,17.7183631064093,2.34476074790585,0.027388001132851,0.324782563245854,-3.5585730031085,"UQCRB",0.274598302250335,1.56243966284098,""
"CMAS",0.256803434769401,10.3223585066151,1.54277633916384,0.140574005594242,0.555976055280981,-4.72252481519597,"CMAS",0.470068587876829,0.852094979961267,""
"EGLN1",0.25666619622322,10.7227907013503,0.97285737412487,0.354257773542865,0.741848335405956,-5.05190785720073,"EGLN1",0.627220536083729,0.450680611173005,""
"ACO2",0.256618462140505,18.1929409094083,3.01070702267026,0.00593254216104799,0.218889358575987,-2.24440620295952,"ACO2",0.185067343655796,2.22675916668072,""
"EIF3A",0.256578852514343,12.9825196802557,2.47361693163953,0.020613683629509,0.306641894820313,-3.31808021488143,"EIF3A",0.259260666197598,1.68584439361517,""
"COX6B1",0.25598125306275,18.9373878452057,2.69128101708194,0.0125808565569713,0.247394788870305,-2.89566966737465,"COX6B1",0.209168214975694,1.90028978931188,""
"GORASP2",0.255579461783791,13.199791564513,1.37502271581601,0.181469513417535,0.596791492579316,-5.07038494239499,"GORASP2",0.504577367152776,0.741196325264985,""
"ACAT1",0.255508489010758,17.3307890208936,2.81684714489912,0.00939531241137856,0.236613525728665,-2.64372334546847,"ACAT1",0.200052834749548,2.02708877423488,""
"TBRG4",0.255378990473943,11.566664725051,1.7094870629769,0.0998968198600451,0.509007951522966,-4.61651898514861,"TBRG4",0.430357830553612,1.00044833699141,""
"BCKDHA",0.254560183209186,12.7492983212712,1.9352290095064,0.0644909718429876,0.441234524132035,-4.26740417854639,"BCKDHA",0.373056515134323,1.19050107843765,""
"FBLN2",0.254328263357474,10.3932420184882,1.09569279260197,0.284222913327302,0.694280613181982,-5.36262224166444,"FBLN2",0.587002811233978,0.546340913282296,""
"LARS2",0.253731626535654,10.8988918109067,1.63639644833237,0.114968676012399,0.533239206513082,-4.70391987437434,"LARS2",0.450844957125872,0.93942046997705,""
"CKMT2",0.253048799799252,19.9288247512777,2.45875487769481,0.0213073748251781,0.310525244279626,-3.34620060059785,"CKMT2",0.26254397413727,1.67147005423555,""
"TIMM50",0.252958931248186,13.5445675729527,3.15931728318049,0.00414317988045729,0.214477283986952,-1.93084935760378,"TIMM50",0.181337007336497,2.38266621094643,""
"MCCC1",0.252545952726148,12.549906458576,1.7375707991428,0.0947415271345991,0.500728285822292,-4.57486650817149,"MCCC1",0.423357509717779,1.02345961917758,""
"GATD1",0.252523668047248,11.1899353502251,2.52625797312478,0.0183213250072347,0.300137172778148,-3.21770808169175,"GATD1",0.253761030959986,1.73704312114187,""
"PDHA1",0.252282019279125,17.9105422431198,2.75939310109552,0.0107446391933912,0.237429334558204,-2.75970205446798,"PDHA1",0.200742587663969,1.96880816360206,""
"ATP5PF",0.251967605096493,17.9195612327872,1.91014529119404,0.0677917974932898,0.447425863455713,-4.30776701653534,"ATP5PF",0.378291190450468,1.16882285065956,""
"UQCRC2",0.251613152157113,17.8400454682178,2.47977581147776,0.0203323860961631,0.306641894820313,-3.30639868091708,"UQCRC2",0.259260666197598,1.69181165197735,""
"RPL3",0.251165508774873,10.9619739226369,1.2956792600205,0.208106733657236,0.623018177612017,-5.12822145745191,"RPL3",0.526751596925643,0.681713867203711,""
"DLD",0.251142100578875,16.9697353015596,2.79417141711044,0.00990751584456024,0.237037316581104,-2.68963430515069,"DLD",0.200411142927874,2.00403522444928,""
"ABHD11",0.251005699941032,12.4505968648437,2.2514966157242,0.033502938259786,0.346907663436123,-3.7277506273397,"ABHD11",0.293304709665338,1.47491710299142,""
"BCKDK",0.250733763673402,12.7152928001119,2.97558229523481,0.00645275755308554,0.218889358575987,-2.31761702305865,"BCKDK",0.185067343655796,2.19025465216161,""
"RPS17",0.250560996234517,11.6068430520158,1.8198851288229,0.0809174513628085,0.478473158819882,-4.44981623350057,"RPS17",0.404541166776974,1.09195780455298,""
"KLHL40",0.250450990692229,16.5510139225781,1.94480728840078,0.0632681746584496,0.438751037305335,-4.25189186454519,"KLHL40",0.370956767969766,1.19881469513147,""
"AK2",0.250273493003641,14.356256955273,2.95892814510848,0.00671436626184101,0.219201827295958,-2.35220179708126,"AK2",0.185331530806587,2.17299497212018,""
"MRPS23",0.249596112994261,12.8645253545243,2.19889708710637,0.0374752179726898,0.359637463141524,-3.82124922176516,"MRPS23",0.304067545428919,1.42625583242068,""
"CYCS",0.249525386729754,15.7964840950036,1.54790842432843,0.134362650545977,0.550464093400975,-4.84575504911714,"CYCS",0.465408314987818,0.871721437502761,""
"MUL1",0.24930363583257,11.7445791333441,1.48358560648217,0.155507185394951,0.568751938440709,-4.79206896696192,"MUL1",0.480870386441225,0.808249539079063,""
"STYXL2",0.249269550779458,11.3793710720549,1.76239376240949,0.0908966102724098,0.493492536504053,-4.52037008664137,"STYXL2",0.417239802971331,1.04145231223938,""
"PET117",0.249055590226538,12.3113857028631,1.8122590726221,0.082635482417966,0.478473158819882,-4.44489807101952,"PET117",0.404541166776974,1.08283343319435,""
"ATP1A1",0.248809112831804,11.8860874676051,2.31563150786871,0.0291785136259671,0.333751046295424,-3.61186774345966,"ATP1A1",0.282181006797526,1.53493683514586,""
"PNPT1",0.248530338211808,12.8106696509263,3.19664254165691,0.00378292581041535,0.204920377390613,-1.8511926930868,"PNPT1",0.173256800382366,2.42217217587436,""
"RAD23B",0.248216702724076,12.4969697258655,3.14098468024763,0.00433199800972032,0.216884143404029,-1.96984611741952,"RAD23B",0.183371967289641,2.36331175157758,""
"CD38",0.247947185665659,10.5255158423705,1.95311135896834,0.0622245516456994,0.437859528859811,-4.2383989126942,"CD38",0.370203012278155,1.20603822398414,""
"PRPF40A",0.24776539386545,10.9554625596681,1.91758307787875,0.0779298586577801,0.472940421250346,-4.12714242739493,"PRPF40A",0.399863328385013,1.10829611144466,""
"TACO1",0.24746776782378,13.6847912455948,2.29411971152193,0.0305687258972716,0.34020148597879,-3.65096240520944,"TACO1",0.287634747195774,1.51472266226559,""
"MSRA",0.247215173340676,11.905588940019,1.47687671160867,0.153448162956397,0.567131006573305,-4.90527033539193,"MSRA",0.479499915273055,0.814038306467581,""
"SPAG9",0.24689306902973,11.8251615629575,2.93051402935178,0.00718419947243045,0.22419387701465,-2.41101383584591,"SPAG9",0.189552226535453,2.14362161779772,""
"SCRN2",0.246812163160401,12.7637548774941,1.55320190871211,0.133095234612437,0.549179599966095,-4.83853345089239,"SCRN2",0.464322296967193,0.87583749387598,""
"CPPED1",0.246569515663984,13.1179423278259,1.49940384780863,0.146442673741294,0.562460653662706,-4.91099112295071,"CPPED1",0.475551208891335,0.834332350396287,""
"SLIRP",0.246373171423883,13.7488159633827,2.39299242749277,0.0246432029599804,0.313412728491497,-3.46944523335582,"SLIRP",0.26498529442993,1.60830284612437,""
"HLA-DPA1",0.246368027827621,10.2330779352627,0.980463614344785,0.339372508364162,0.728412985967819,-5.35174372686823,"HLA-DPA1",0.615861169654135,0.469323341597959,""
"THEM4",0.246028886095475,11.1797597926472,1.16409144233105,0.257026296703767,0.666596655678875,-5.25069780639236,"THEM4",0.563596481614709,0.590022441146938,""
"TXNDC17",0.245336499142267,15.0116728397496,1.80763972468503,0.0828572011670355,0.478473158819882,-4.46869503409799,"TXNDC17",0.404541166776974,1.08166974082099,""
"NAP1L1",0.245065683775589,13.7619532986483,2.75863280037798,0.0107636645484404,0.237429334558204,-2.76122906508784,"NAP1L1",0.200742587663969,1.96803984556374,""
"MOCS2",0.244838285519069,12.4169758135328,2.66768106561908,0.0132831350925635,0.252491123667816,-2.94237957447366,"MOCS2",0.213477082019263,1.87669941045666,""
"HDHD5",0.244330289476595,13.4959328505338,2.48123203546594,0.0202663966016165,0.306641894820313,-3.3036342469153,"HDHD5",0.259260666197598,1.69322346271054,""
"ANP32E",0.244009647943273,12.5446832814811,2.25708210014945,0.0331043819490291,0.346907663436123,-3.71773957635943,"ANP32E",0.293304709665338,1.4801145158821,""
"TPI1",0.243708737494256,18.6760551166572,2.80509876108286,0.00965747664646217,0.237037316581104,-2.66753202089371,"TPI1",0.200411142927874,2.01513633338504,""
"MEAK7",0.243652997656332,10.5623771030979,1.06595545899268,0.304869104056415,0.708590303600989,-5.10129829390255,"MEAK7",0.599101418546873,0.515886585531921,""
"MDH2",0.243358063546768,20.1780441684356,3.10083385975325,0.00477485870360726,0.217597132350102,-2.05495204315059,"MDH2",0.183974787687874,2.32103947542089,""
"PSMD7",0.242480079402391,13.0506225325881,2.47570630631257,0.0205178535196958,0.306641894820313,-3.31411915812478,"PSMD7",0.259260666197598,1.68786807500814,""
"OXSM",0.242416206799206,11.499979329231,1.83084118295649,0.0792152349564811,0.475788576485475,-4.43284469345457,"OXSM",0.402271396676289,1.10119128531403,""
"RTN4IP1",0.242119802694349,12.1037169449303,2.322383120586,0.0287542364926477,0.332876665203192,-3.59955131522231,"RTN4IP1",0.281441732000729,1.54129815967579,""
"RPL24",0.242073041897614,13.2244351503708,1.43015775169907,0.165200461884063,0.575595298627602,-5.00115172578072,"RPL24",0.486656334646781,0.781988742769757,""
"PSMD8",0.242009833054055,13.9167614716827,2.62046487276912,0.0147998683666748,0.259616206936626,-3.03519020459749,"PSMD8",0.219501222445565,1.8297421472997,""
"FAM162A",0.240810653355911,14.8527523285636,2.21822528828903,0.0359685678107226,0.352727653326857,-3.78705684727677,"FAM162A",0.298225415158693,1.4440768544885,""
"CDNF",0.23861948466444,13.1727673927081,1.79774470095026,0.0849706018289069,0.480217712304708,-4.46702717157343,"CDNF",0.406016157984417,1.07073130571954,""
"FASTKD2",0.238542426154579,12.0474632611263,2.39183116655357,0.0247062068761063,0.313412728491497,-3.47160387163029,"FASTKD2",0.26498529442993,1.60719392635942,""
"TAGLN2",0.238170784456424,13.6404426650921,2.19914487449579,0.0374555473239125,0.359637463141524,-3.82081209820986,"TAGLN2",0.304067545428919,1.42648385236367,""
"HMGB1",0.237526387516033,13.9812471344643,1.48728016678155,0.149596135286181,0.567131006573305,-4.92703090189993,"HMGB1",0.479499915273055,0.825079626027481,""
"PDCL3",0.235674964463177,10.4806791335704,1.40775185730847,0.171665880704652,0.582941479281683,-5.02956309570467,"PDCL3",0.492867409266904,0.765316014065349,""
"RANBP1",0.23538884476099,12.11180388302,2.03573287562459,0.0526380462068639,0.415175358955787,-4.10194961389321,"RANBP1",0.351023920638041,1.27870023902414,""
"MIEF1",0.235375440803626,10.4895418579984,1.20193944871481,0.241259450149695,0.652036201717361,-5.25092163623506,"MIEF1",0.551285857861181,0.617515666305477,""
"PHYKPL",0.235177432119849,12.7046053772117,2.74121954337489,0.0112081973023021,0.23837608152972,-2.7961457950987,"PHYKPL",0.201543046618541,1.95046423259854,""
"ARHGAP1",0.234537181387479,12.5867357243859,1.61377853507575,0.119279724621554,0.534065797303782,-4.75448275077186,"ARHGAP1",0.451543826010684,0.923433372199913,""
"EIF3I",0.234514423253261,12.0977012582972,2.21535516271453,0.036188776580848,0.353394481508893,-3.79214639108207,"EIF3I",0.298789207392026,1.44142609865935,""
"MICOS10",0.234503946589616,13.5514679606522,0.892451271766244,0.380763519551571,0.759813576768736,-5.57285466641637,"MICOS10",0.64240985144732,0.419344667473453,""
"PYGL",0.234395246980254,11.7341745442278,1.17099458248337,0.255570549150394,0.664154094326172,-5.18338741505542,"PYGL",0.561531336263642,0.592489193856341,""
"EIF3F",0.233809692336401,12.0083428566392,2.3766490438928,0.0255436387570394,0.319115402755334,-3.49976812092614,"EIF3F",0.269806811495029,1.59271723629972,""
"NME1",0.233430214397497,12.6796778589953,2.22119394650294,0.0357420753569309,0.352630578521473,-3.78178812913805,"NME1",0.298143340011298,1.44682023387024,""
"LAMTOR1",0.233085020574091,11.3389728386225,1.98324104927425,0.0585638555391076,0.43083147522593,-4.18910006284567,"LAMTOR1",0.364260908808372,1.23237033932262,""
"PSMC1",0.232963383876688,12.4949153531897,2.74933193195062,0.0109989904201467,0.237429334558204,-2.77989251243401,"PSMC1",0.200742587663969,1.9586471762128,""
"ACOT2",0.232877573718007,16.87175544389,2.77060322634437,0.0104677790424676,0.237429334558204,-2.73716349729349,"ACOT2",0.200742587663969,1.98014545317486,""
"EPB41L2",0.232647716202294,11.0717691936123,1.17251021411958,0.25571278945642,0.664154094326172,-5.17739885477232,"EPB41L2",0.561531336263642,0.592247550223776,""
"C1QBP",0.232346197231145,16.923789183731,2.41605720457515,0.0234220413453808,0.312284697119166,-3.42644251022875,"C1QBP",0.264031562503464,1.63037525672736,""
"NDUFB10",0.232190116094145,16.9368038091569,2.41597051596316,0.0234265248830986,0.312284697119166,-3.42660458994902,"NDUFB10",0.264031562503464,1.63029213035433,""
"IGFBP7",0.232174781143318,11.5003393147396,1.48799240194329,0.15051365343742,0.567131006573305,-4.89081452063355,"IGFBP7",0.479499915273055,0.822424102438391,""
"POR",0.2320628336631,11.5259703592273,1.53822850048506,0.136705918291055,0.553336627483342,-4.85890909544359,"POR",0.467836995192478,0.864212683489894,""
"SMTNL1",0.231801417057138,16.1063016637863,1.98426850922219,0.0584424378618509,0.43083147522593,-4.1874095108984,"SMTNL1",0.364260908808372,1.23327167624447,""
"HSDL2",0.231600367360308,16.6736662398416,2.13445412377576,0.0429188050364056,0.380657207633319,-3.9338380839415,"HSDL2",0.32183939282583,1.36735237834914,""
"NDUFA7",0.231442607600755,15.9130248378827,2.34306468529179,0.0274894332527839,0.324782563245854,-3.56168724214697,"NDUFA7",0.274598302250335,1.56083421387519,""
"PPCDC",0.230923801726043,9.06845620679446,1.10217771337739,0.284367933693647,0.694280613181982,-5.2488801188968,"PPCDC",0.587002811233978,0.546119377720959,""
"ARF1",0.229514866429501,14.4728600765651,2.0773716475604,0.0483221523591108,0.398657756962664,-4.03170201581397,"ARF1",0.337058560492999,1.315853729667,""
"MOGS",0.22948501682669,12.1739652301545,1.32422544066952,0.197551901224934,0.617161597841987,-5.13212400752198,"MOGS",0.521799955292633,0.704318786344344,""
"PPP1R12B",0.229108585365493,12.6454469670867,2.48900499625538,0.0199175023137764,0.306641894820313,-3.28886280406584,"PPP1R12B",0.259260666197598,1.70076512371127,""
"ATP5MG",0.227891581406206,15.678523982746,1.63093747673638,0.115590260368502,0.534065797303782,-4.73020868769579,"ATP5MG",0.451543826010684,0.937078758012501,""
"CPSF6",0.227872182705898,11.2319614253446,1.53841443914462,0.139093901445154,0.553336627483342,-4.78725301381002,"CPSF6",0.467836995192478,0.856691911178187,""
"MPDZ",0.227744377619292,13.3068885430046,0.434976159649174,0.667514936747682,0.912153918801806,-5.83822922065575,"MPDZ",0.771211098867891,0.175539011799316,""
"ATP5MJ",0.227600881605648,13.6486313574252,1.47243419226732,0.153532341905064,0.567131006573305,-4.94652603470037,"ATP5MJ",0.479499915273055,0.813800125519697,""
"SNX12",0.227120772588476,10.8570200601969,1.35040595910038,0.194902853092246,0.613648634893293,-4.91966970393913,"SNX12",0.518829803040803,0.710181803400852,""
"IARS2",0.227035789527395,14.9931244585587,3.03245390631203,0.00563081467903801,0.218889358575987,-2.19889983076492,"IARS2",0.185067343655796,2.24942876589209,""
"MAOA",0.227035472249698,12.8291868819653,0.849287129539978,0.40387810729496,0.775109069709202,-5.60822040004587,"MAOA",0.655341938538321,0.393749687653685,""
"PHKA1",0.226990999244485,13.8922437596787,1.80311932704915,0.0835833016589425,0.478473158819882,-4.4756400370548,"PHKA1",0.404541166776974,1.07788047760566,""
"THAP4",0.22677190508154,12.2041450405886,2.37035741596433,0.0258982545600811,0.319115402755334,-3.51140826482832,"THAP4",0.269806811495029,1.58672950466272,""
"COQ7",0.226484729812789,13.795137725903,2.87132565124403,0.00826527780930931,0.234044361402846,-2.53271358848714,"COQ7",0.197880648672125,2.08274254450967,""
"SYPL1",0.226410893473465,11.5539758056825,1.07860695025124,0.292091210898684,0.698828222075102,-5.35438743489357,"SYPL1",0.590847739572707,0.534481510864964,""
"CAMK2D",0.226354946932254,15.3982121910811,1.86523341795276,0.0740711823874003,0.458694072493683,-4.37907954989012,"CAMK2D",0.387818275403259,1.13035072271407,""
"CRYAB",0.225669825020365,19.4866904459332,2.2369972346971,0.0345579576875357,0.346907663436123,-3.75366494692593,"CRYAB",0.293304709665338,1.46145193144899,""
"ACTR3",0.225138920552967,11.2983770181864,1.61590937966898,0.118816293520843,0.534065797303782,-4.75147941805176,"ACTR3",0.451543826010684,0.925123999582225,""
"ESYT1",0.224491160298657,13.2289825061453,2.59051128963191,0.0158444665515136,0.274032912466238,-3.09361409691192,"ESYT1",0.231690309270025,1.80012237797156,""
"KIAA1217",0.223980159422673,12.1182238044138,1.2195506477186,0.234152974149352,0.652036201717361,-5.25300258923427,"KIAA1217",0.551285857861181,0.630500321552845,""
"LMO7",0.223954752493119,11.4764398956597,1.27048690212944,0.216241892200785,0.63544572416423,-5.17405524376539,"LMO7",0.537258882631715,0.665060167046826,""
"GADD45GIP1",0.223296845883485,11.4347969932504,1.82829446275961,0.0796081321172254,0.477150203149382,-4.43679646855094,"GADD45GIP1",0.403422629570293,1.09904256601554,""
"EPS15L1",0.223268737773074,9.86409001536639,0.527089139840381,0.604328982417639,0.87952619590109,-5.68051854774126,"EPS15L1",0.743624897117125,0.218726577351367,""
"FBLN5",0.222888731575035,12.8057195313072,1.14882419334254,0.262091156031741,0.668109415623316,-5.30790868176324,"FBLN5",0.564875495205538,0.581547633579975,""
"ELOB",0.222549799482694,12.9204152975724,1.41292116116975,0.170156656598095,0.581639308020462,-5.02304166651189,"ELOB",0.491766444935578,0.769151056457838,""
"COPG2",0.222408981459465,10.484842519486,1.37253192375677,0.184587293970326,0.601356318035825,-4.99696284800015,"COPG2",0.508436851811988,0.733798196855559,""
"PPP2CA",0.222312393554397,12.2399243111645,0.883430757271369,0.385877324313065,0.760015039137382,-5.55762264452392,"PPP2CA",0.642580184558324,0.413550741550539,""
"HDHD2",0.221684123968895,13.4405157314719,1.92880352313463,0.06532282910199,0.441911769267158,-4.2777796758605,"HDHD2",0.373629114729737,1.18493501443175,""
"UBQLN2",0.221682923379079,10.7114541095957,1.45594479510167,0.158001812379384,0.570057417017177,-4.96798943176815,"UBQLN2",0.481974147053062,0.801337931388292,""
"FKBP3",0.220418237423255,16.0092154966515,1.95352060858973,0.0621735117613137,0.437859528859811,-4.23773287988413,"FKBP3",0.370203012278155,1.2063946015801,""
"MT-CO2",0.220338097107607,17.8078253235256,1.80745744875377,0.082886374408293,0.478473158819882,-4.46897532946638,"MT-CO2",0.404541166776974,1.08151685673141,""
"NUDT2",0.220163428625451,11.668993791409,1.58685767519595,0.125798077840607,0.536326375083323,-4.77318223035642,"NUDT2",0.453455107251164,0.900325994738091,""
"TGM2",0.220102505991417,12.7714824635002,1.72507805955155,0.0970062029874115,0.50362533232705,-4.59345962695932,"TGM2",0.425806914771413,1.01320049421755,""
"KLHL41",0.219427500259687,19.0560763433652,2.45377256677096,0.0215447125427796,0.311731603302318,-3.35560581050937,"KLHL41",0.26356393080066,1.66665929604846,""
"RSU1",0.218773662885086,12.5629251540776,1.32155222824629,0.198428009579401,0.617355287092941,-5.13531795748605,"RSU1",0.52196371636079,0.702397023980297,""
"NPEPL1",0.217929406761131,14.4184889119509,2.31698285230023,0.0290931391189458,0.333751046295424,-3.60940435685568,"NPEPL1",0.282181006797526,1.53620941630935,""
"ATPAF2",0.217882356852691,11.446798586432,1.59711279406183,0.122956389816735,0.535671919823742,-4.7778634156414,"ATPAF2",0.452901776119764,0.910248896855807,""
"VCL",0.217466010566,14.3032433525281,2.34950805090939,0.0271059101704145,0.324254450413583,-3.54984893902977,"VCL",0.274151791558107,1.56693600526765,""
"PDHX",0.217366424716321,14.4895092028265,2.29370109257446,0.0305963685596946,0.34020148597879,-3.65172094453139,"PDHX",0.287634747195774,1.51433011626597,""
"UBE2F",0.215884103727539,11.3645314620637,1.37889852260101,0.180286009165035,0.595416522519115,-5.06559317585322,"UBE2F",0.503414852637211,0.744037974765017,""
"NDUFAF6",0.215075493965815,12.774028917607,1.52872358832332,0.139039284012988,0.553336627483342,-4.87176003725521,"NDUFAF6",0.467836995192478,0.856862477302263,""
"TUBA4A",0.215055224930296,16.9592060715556,2.5250557171183,0.018370927756401,0.300137172778148,-3.22001366491904,"TUBA4A",0.253761030959986,1.73586891068868,""
"ACOT13",0.214877440867651,13.2034721503257,1.44641327898347,0.160632689086345,0.570057417017177,-4.98030453337836,"ACOT13",0.481974147053062,0.794166070232979,""
"ETHE1",0.214633549601238,13.1118141228607,2.51101308807022,0.0189596068131463,0.304095146148285,-3.24689807723635,"ETHE1",0.25710743218587,1.72217067336143,""
"VAMP5",0.214418586152348,10.7299789294138,1.23541074223538,0.229885957662525,0.650890122730878,-5.1776057148656,"VAMP5",0.550316866974516,0.638487556333744,""
"MLH3",0.21422310434585,15.2722281156453,1.421452753839,0.167688891039235,0.579933063404595,-5.01223460601125,"MLH3",0.490323843245209,0.775495707341223,""
"RPL17",0.213975953471751,11.9930744155354,0.861656303352495,0.397164761975476,0.772010854185234,-5.59825384738685,"RPL17",0.652722448395794,0.401029290787143,""
"BAG6",0.213973437665761,12.4456141815706,2.39046612621341,0.0247804560667258,0.313412728491497,-3.47414051467946,"BAG6",0.26498529442993,1.60589070500436,""
"PRDX3",0.21367460922216,18.1631274776817,2.41540140269024,0.0234559790712914,0.312284697119166,-3.42766856327885,"PRDX3",0.264031562503464,1.62974643454011,""
"PF4",0.213548024769933,12.4940622183917,0.616771672126501,0.543029002331564,0.852864477950723,-5.76998788124203,"PF4",0.721082854185141,0.265176974801208,""
"NFS1",0.213392071281438,11.6607247890947,0.916658036478405,0.368185566081979,0.753966305436064,-5.55230544374982,"NFS1",0.63746607994462,0.433933241073232,""
"TPT1",0.213326360160496,15.8318526174562,2.70404708831901,0.0122156520747046,0.245150024154796,-2.87031534784848,"TPT1",0.207270303420129,1.91308334531867,""
"MKNK1",0.213309926611972,10.1867802270798,1.08983232496531,0.288938771724068,0.696509835113181,-5.26559740344108,"MKNK1",0.588887581621676,0.539194177726501,""
"TSFM",0.213167810755273,12.7866532422065,1.69242125277291,0.103144115955744,0.51321794958222,-4.64157389630419,"TSFM",0.433917314498793,0.98655554210517,""
"EEF1G",0.212986485653126,15.7131563193642,2.95701478542366,0.00674506160583234,0.219201827295958,-2.35616982638845,"EEF1G",0.185331530806587,2.17101407935741,""
"PGM2L1",0.212858374189967,11.8964620173909,2.39555092798479,0.0245049129642971,0.313412728491497,-3.4646871090772,"PGM2L1",0.26498529442993,1.61074683566074,""
"KPNA6",0.212790089515037,10.6801173972396,1.06679100164112,0.297791469951271,0.704249843682125,-5.3537203688435,"KPNA6",0.595431631250431,0.526087746497039,""
"PSMD9",0.212385057388259,12.8369609658095,1.55028659211771,0.13379202681387,0.550310757854757,-4.84251312073708,"PSMD9",0.465278672311668,0.873569767090734,""
"PLIN3",0.212383970765838,14.8718440772648,1.91255915051212,0.0674678584479534,0.447425863455713,-4.30389933128991,"PLIN3",0.378291190450468,1.17090307491951,""
"IMPA1",0.212382781966742,15.050161915552,2.63162184627364,0.0144275073196755,0.259616206936626,-3.01333778098046,"IMPA1",0.219501222445565,1.84080869668356,""
"CPNE1",0.212372814740778,12.7569063277786,1.44283158927495,0.162155088629327,0.572628855417954,-4.96808579105687,"CPNE1",0.484148255823366,0.790069418073581,""
"NDUFAF5",0.211631771957309,12.0188274286343,1.36450780942053,0.184711142305193,0.601356318035825,-5.08332716582052,"NDUFAF5",0.508436851811988,0.733506905882413,""
"ATP5F1A",0.21141492258587,19.0102007721294,2.23766261774664,0.0345088904885237,0.346907663436123,-3.75247805649234,"ATP5F1A",0.293304709665338,1.46206900368904,""
"VPS45",0.211309314675036,10.7236477454888,1.15678996104791,0.25938684890761,0.668109415623316,-5.27457017116637,"VPS45",0.564875495205538,0.586052046723953,""
"MRPS36",0.210013105697506,15.1724660502442,2.07087235168245,0.0489743415125743,0.401059363398301,-4.04273081883449,"MRPS36",0.339089079136945,1.31003139462629,""
"BPGM",0.209520289724679,12.7266204012132,0.881618705768594,0.386481913465205,0.760513758436329,-5.58188427424055,"BPGM",0.643001843502763,0.412870825331817,""
"YARS1",0.209201118360888,13.1760631160564,1.88051577184778,0.0718799712279364,0.45656503848541,-4.35495271853443,"YARS1",0.386018212252509,1.14339210540211,""
"DLAT",0.209168978349368,17.4240590185184,1.94691799830181,0.0630014638152212,0.438751037305335,-4.24846614484492,"DLAT",0.370956767969766,1.2006493597609,""
"SPG7",0.208794141807127,12.3626257072834,2.24053128129,0.0342980695325932,0.346907663436123,-3.74735844913648,"SPG7",0.293304709665338,1.46473032354138,""
"AHSA1",0.208619415812388,11.5572602030446,1.60514454987015,0.121172915478811,0.534796142635117,-4.7666196814196,"AHSA1",0.452161320946486,0.916594442649861,""
"PELO",0.208438558200353,11.590464572588,1.51842136169273,0.141605040650304,0.556601459539374,-4.88561563620778,"PELO",0.470597356865714,0.848921286987711,""
"OXR1",0.208179425488586,10.0648597838907,1.59928308555589,0.132556918901901,0.548373075169104,-4.5536641899921,"OXR1",0.463640393549216,0.877597599032395,""
"RAN",0.208158417827581,14.5604320652146,1.4662090647831,0.155207537977749,0.568751938440709,-4.95465249690946,"RAN",0.480870386441225,0.809087190148432,""
"RNF114",0.207665461787961,11.5508230788944,1.26477727364307,0.218246879364028,0.638024358791181,-5.18401909882947,"RNF114",0.539439075692599,0.661051957403248,""
"IARS1",0.207530638605007,11.6334275789821,1.90645051860051,0.0682902641635606,0.448811830840298,-4.31368024235937,"IARS1",0.37946300302248,1.16564120732033,""
"RPL3L",0.207477902660333,10.8066141750346,1.46392205864599,0.15635363110636,0.568751938440709,-4.9409385381783,"RPL3L",0.480870386441225,0.805892028388789,""
"CAB39",0.207333845321704,14.2311319087863,1.92637823135112,0.0656392453297302,0.441911769267158,-4.28168945062697,"CAB39",0.373629114729737,1.18283642077888,""
"WASHC5",0.207267812348725,10.8094112868932,1.44797043756175,0.161296927483719,0.570612291424102,-4.93528439704361,"WASHC5",0.482443284215417,0.792373905330043,""
"DNAH10",0.207172665271226,13.5449609386973,1.02849294801738,0.314552851269276,0.714463003159882,-5.40291825537073,"DNAH10",0.604066689195586,0.502306373791959,""
"SKP1",0.206976384322235,13.10607251048,1.1345583823996,0.267451228421954,0.672380560236474,-5.3447021258181,"SKP1",0.568486677553868,0.572755403019848,""
"PMPCB",0.206573257591678,13.5492672902542,2.22291156614949,0.0356116205418811,0.352630578521473,-3.77873766789736,"PMPCB",0.298143340011298,1.44840826287775,""
"RACK1",0.206554589486965,13.7741113562035,1.8332789268317,0.0788407190715435,0.475528790870591,-4.42905818908053,"RACK1",0.402051752222217,1.10324942336546,""
"PRPF19",0.20641362343766,10.5863659868814,1.21527409178302,0.238625753845143,0.652036201717361,-5.15158543317338,"PRPF19",0.551285857861181,0.622282686611818,""
"TRIP10",0.206307780592462,13.4798439117242,1.81457804169786,0.0817532723710412,0.478473158819882,-4.45800989239584,"TRIP10",0.404541166776974,1.08749485464024,""
"GRSF1",0.205851774331054,12.5905645698745,2.1610160411377,0.0405943677434439,0.371166973858049,-3.88769785269919,"GRSF1",0.31381555664262,1.39153421833473,""
"DDRGK1",0.205821183963135,10.463549774118,1.58474380450968,0.125745475041949,0.536326375083323,-4.79509062366663,"DDRGK1",0.453455107251164,0.900507634102413,""
"LIMS1",0.205595575077499,13.8754319284624,1.74859994156059,0.0927796949879594,0.49788879310361,-4.55836630571121,"LIMS1",0.420956765441332,1.03254705955237,""
"CSPG4",0.205494465019132,11.0874818330996,1.19398524300457,0.249168137616028,0.660421208097987,-5.06168603038462,"CSPG4",0.55837524250507,0.603507493883843,""
"COQ5",0.205485719694861,14.5972483897944,1.73709763316048,0.0948264760902815,0.500728285822292,-4.57557260258456,"COQ5",0.423357509717779,1.02307038824685,""
"SARS1",0.205257087016712,11.9485200333443,2.66206336357468,0.013455639819288,0.252491123667816,-2.95346717574606,"SARS1",0.213477082019263,1.87109564658996,""
"SCRIB",0.205107496111166,10.0846118123437,1.0448505724582,0.314177800700147,0.714176140783944,-5.16426341693691,"SCRIB",0.603824151786481,0.502824504763997,""
"VASP",0.204962612738404,10.6605200804515,1.37232516094859,0.185386456255118,0.602764889755713,-4.97736965060822,"VASP",0.5096277759768,0.731921997206194,""
"MT-CO1",0.204388282927974,15.7989820888157,0.787295669159442,0.438598474250678,0.788488553270944,-5.65612292400247,"MT-CO1",0.666654071290533,0.357932883432923,""
"BAX",0.20406423378067,12.580289672836,1.82052591686585,0.0808170325754321,0.478473158819882,-4.44882570697494,"BAX",0.404541166776974,1.09249709994354,""
"CD2AP",0.20368195136273,10.7237742893357,0.988934541086658,0.332684638094034,0.726893147616417,-5.4654837982267,"CD2AP",0.614576171386928,0.477967252467584,""
"FSCN1",0.203327557582007,14.2913214379116,0.823845474994992,0.417911585452411,0.782035997271198,-5.6282940281103,"FSCN1",0.661198541581679,0.37891558906621,""
"PTRHD1",0.203283471377516,12.7651333295945,2.17919274488119,0.039069629002506,0.367389275905071,-3.85590737615745,"PTRHD1",0.310621575309586,1.40816071273041,""
"RPS10",0.203202299109904,13.0263246450185,1.70158003125217,0.101390463597851,0.510687756121808,-4.62815179097983,"RPS10",0.431778077645526,0.994002891172271,""
"LSS",0.20281394942692,13.8202377809153,1.80198222048415,0.0837668109365124,0.478473158819882,-4.47738500052904,"LSS",0.404541166776974,1.07692801815004,""
"PDCD10",0.202744778935253,11.2163799900587,1.30950287271731,0.202414488946726,0.617801107415252,-5.14964564112459,"PDCD10",0.522340650092675,0.693758403668221,""
"TUBB4B",0.202447193575455,17.5697841015348,2.72631168050021,0.0116024576651962,0.241810959584719,-2.82595188033121,"TUBB4B",0.204447179380206,1.93545000755062,""
"LETM1",0.201845677306224,13.4636150238085,2.627466022191,0.0145651707180122,0.259616206936626,-3.02148323669394,"LETM1",0.219501222445565,1.83668442065141,""
"TIMM44",0.201723201911992,13.6834991168817,2.04151657684572,0.0520187821328021,0.412807766314654,-4.09225053710321,"TIMM44",0.349022160096533,1.28383981975251,""
"CRADD",0.201478044388798,11.6946251102324,1.32570221216605,0.197069199929042,0.616324262523181,-5.13035718848264,"CRADD",0.521092002086461,0.705381246578497,""
"EIF3L",0.20140188786246,14.2598250094552,2.63141486272469,0.0144343348326218,0.259616206936626,-3.01374363098237,"EIF3L",0.219501222445565,1.84060322461166,""
"GYG1",0.201114058482457,15.6703961576235,1.9553594276393,0.0619446353891299,0.437859528859811,-4.23473907000013,"GYG1",0.370203012278155,1.20799629900189,""
"SYNPO2L",0.200814562047075,13.8149629468215,1.70512032979132,0.100719380244229,0.510687756121808,-4.62294847240736,"SYNPO2L",0.431778077645526,0.996886955232795,""
"ATAD3A",0.200809708647078,12.8257905623808,1.87549284147057,0.0725938711893168,0.456793578768137,-4.36289851628656,"ATAD3A",0.386211439293412,1.13910004350123,""
"MRPS11",0.200625857604566,11.099831430437,0.878025651255855,0.391071499814828,0.766393362435748,-5.43861677776925,"MRPS11",0.647972951742101,0.407743833048534,""
"PPIF",0.199740628558855,15.4071147869601,1.96514944761902,0.0607384960502474,0.43486339690838,-4.21876609050622,"PPIF",0.367669832113066,1.21653596587783,""
"DNM2",0.19956033685734,13.1741422892744,2.9513736569343,0.00683634070979122,0.219201827295958,-2.36786225284216,"DNM2",0.185331530806587,2.1651763010281,""
"TWF2",0.199496654752615,14.2810267455069,1.89756140467253,0.0695026261831321,0.451452578669168,-4.32787264164559,"TWF2",0.381695711771471,1.15799878511788,""
"NDUFS6",0.199011804852782,14.8276928610563,1.9561549122377,0.0618458515481406,0.437859528859811,-4.23344330797779,"NDUFS6",0.370203012278155,1.20868942635296,""
"XIRP2",0.198706530234942,14.66776802191,0.564609462117514,0.577431408964915,0.870003962574202,-5.79948204091975,"XIRP2",0.735574005840626,0.238499596677763,""
"IST1",0.198141460060347,11.961180453579,1.63904021563569,0.113881410596511,0.530504274632393,-4.71867542883906,"IST1",0.448532617313962,0.943547162086316,""
"RPS28",0.198066640841896,14.0173175348238,1.76041509192721,0.0907165570670875,0.493492536504053,-4.54060183788195,"RPS28",0.417239802971331,1.04231344076091,""
"ETFB",0.197996549711283,16.0450394941103,1.85993108798263,0.0748448671125151,0.460127651991501,-4.38741676228817,"ETFB",0.389030343231986,1.125837978369,""
"EIF3D",0.197993836465242,11.8966565149595,1.70862527436685,0.10005870295247,0.509007951522966,-4.61778887193341,"EIF3D",0.430357830553612,0.99974513111717,""
"ADPRHL1",0.197674074666704,16.1327158755793,1.95865874365932,0.0615358265845097,0.437859528859811,-4.22936237927871,"ADPRHL1",0.370203012278155,1.21087196133489,""
"ZYX",0.197651110765483,10.9512321151787,1.29510433814594,0.207758612177527,0.623018177612017,-5.14555124112896,"ZYX",0.526751596925643,0.682440964445634,""
"ARID4A",0.197412671414483,11.5336850863667,0.991729760633374,0.330945759508417,0.725301737060049,-5.4853415551071,"ARID4A",0.613230660000496,0.480243179264987,""
"SMPX",0.197335308090064,16.8186520473823,0.884323449061831,0.385048919618015,0.760015039137382,-5.57963935493619,"SMPX",0.642580184558324,0.414484090827849,""
"EARS2",0.197308162223045,14.1984662628314,0.539932385406943,0.59407863648243,0.876759257213924,-5.81255242859131,"EARS2",0.741285496078063,0.226156064900902,""
"SMU1",0.197241966898364,10.3455831001605,1.36358081106143,0.186070372974903,0.602943612653437,-5.04020558845763,"SMU1",0.509778883240064,0.730322771833349,""
"SENP8",0.197118959367588,11.0167047858075,1.63290989715879,0.115704481969404,0.534065797303782,-4.70884924668976,"SENP8",0.451543826010684,0.936649817739003,""
"MPC2",0.197013402700097,14.4707912227319,1.68900122779593,0.103805488143694,0.514724622557073,-4.64657148230345,"MPC2",0.435191181657197,0.983779684950811,""
"SYNJ2BP",0.196993530701517,13.1483250893039,0.863695197719566,0.396065052078185,0.771963859142205,-5.59659801675478,"SYNJ2BP",0.652682714861762,0.402233477108966,""
"KIAA1191",0.196972576237441,9.81799567529411,0.818060221683522,0.425564684164428,0.782035997271198,-5.40659737892927,"KIAA1191",0.661198541581679,0.371034419502697,""
"MCCC2",0.196669685626054,13.6353543801509,2.08831615659693,0.0472413777182175,0.394144514945729,-4.01307701567554,"MCCC2",0.333242688781447,1.32567744537913,""
"HIKESHI",0.196640157433093,12.8406240672214,1.87807474026134,0.0722261448079544,0.456675397020154,-4.35881613957317,"HIKESHI",0.386111518574058,1.14130556572001,""
"RAB35",0.196489031883821,10.6971039098957,1.0424952048475,0.30815798667887,0.71054242176391,-5.39737768796146,"RAB35",0.600751902267344,0.511226571968311,""
"HSPB8",0.196386710942859,14.498966452354,1.30488826218446,0.203957520903533,0.618333730215463,-5.15510287831481,"HSPB8",0.522790973888436,0.690460275506579,""
"DLST",0.196228175441302,17.2148403963255,1.78223271358956,0.0870096698968916,0.485057790823254,-4.50755974289794,"DLST",0.410108364569241,1.06043247899644,""
"COX4I1",0.195869702122707,18.5543295001941,2.1510674499054,0.0414513771942285,0.374437040150646,-3.90502351767759,"COX4I1",0.316580343776569,1.38246103573089,""
"IDH3A",0.195846529178789,15.218049486057,1.90051400460329,0.0690978644387419,0.450288500126176,-4.32316384470033,"IDH3A",0.380711502556552,1.16053537486607,""
"SMTNL2",0.195758790226991,14.2205419147359,1.50321127741083,0.145463542506316,0.56141988017624,-4.9059317745845,"SMTNL2",0.47467125206867,0.837245840164754,""
"NARS1",0.19541534292012,14.3484021624519,2.80163099163534,0.00973617250030062,0.237037316581104,-2.67455059020756,"NARS1",0.200411142927874,2.01161174011232,""
"SUCLG1",0.195300499286741,17.2419376407586,2.40123774297505,0.0242000856386756,0.313412728491497,-3.45410037582871,"SUCLG1",0.26498529442993,1.61618309714608,""
"WDR1",0.194919697889198,16.314669109599,2.41617684721662,0.0234158547221363,0.312284697119166,-3.42621881150511,"WDR1",0.264031562503464,1.63048998503832,""
"SMYD5",0.194842138219384,11.1798215256158,1.39532123594642,0.175338646840132,0.58671008750352,-5.04516279323071,"SMYD5",0.49605370538213,0.756122349396437,""
"COPA",0.194670058032269,11.6877051559435,2.02464774606986,0.0538432377389359,0.417799896532132,-4.12048581560147,"COPA",0.353242923885796,1.26886883270169,""
"ARIH2",0.194664673620812,12.594180921925,1.80818848997473,0.0827694246578686,0.478473158819882,-4.46785104079872,"ARIH2",0.404541166776974,1.08213006363384,""
"ENY2",0.194027455224573,11.8851886761237,2.03754825563819,0.0524429718582334,0.414776231969665,-4.09890732601371,"ENY2",0.35068646535203,1.28031270552007,""
"MRPS31",0.193816087903651,10.9566799393838,1.35196484915467,0.190310507661774,0.607525706364158,-5.03899222891688,"MRPS31",0.513652967923494,0.720537232240865,""
"RPS14",0.193482321209085,12.1043843026958,1.24829191710111,0.223627511923948,0.642461125742888,-5.22067482457683,"RPS14",0.543190288997412,0.650474768130182,""
"AGRN",0.193416006434036,10.4040562515457,0.775913964034293,0.445474038997487,0.793624134619025,-5.64152399133517,"AGRN",0.670996120645517,0.351177600378306,""
"CDC123",0.193347716783329,9.63179274195672,0.986733883017653,0.333740243682898,0.728076269092051,-5.47109613242195,"CDC123",0.615576481087419,0.476591421287632,""
"EIF3H",0.193200331493145,12.5068784240412,1.70202118359888,0.101306635090471,0.510687756121808,-4.6275038685435,"EIF3H",0.431778077645526,0.994362109537926,""
"ACY1",0.192399132460567,14.0666443373789,2.16219536085057,0.0404938404154827,0.371166973858049,-3.88564055765541,"ACY1",0.31381555664262,1.39261103300783,""
"TLN1",0.192156090093388,13.3359104652571,2.51372902122877,0.0188444047372997,0.303945426970716,-3.24170499522067,"TLN1",0.256980847089786,1.72481757662186,""
"AMPD3",0.192074172966612,10.8785743015334,1.01084034781419,0.324994067899211,0.719952136526725,-5.32433406823883,"AMPD3",0.608707660953111,0.488124566104667,""
"TFAM",0.19205280556592,13.3716753588307,1.72728044772005,0.0966036503681055,0.50244398588194,-4.59018926412268,"TFAM",0.424808105829964,1.01500646256202,""
"EIF2A",0.191967424658351,10.7972237134499,1.36667774109742,0.186387865806163,0.603291502513523,-4.99527534524823,"EIF2A",0.510073018380803,0.729582364433535,""
"C4A",0.191597331342653,12.736970896269,1.04993354819642,0.303913285554404,0.708590303600989,-5.43010021235999,"C4A",0.599101418546873,0.517250314343056,""
"ATP5F1B",0.1915878345539,20.3182974812766,2.24585653273466,0.0339098052029245,0.346907663436123,-3.7378436059646,"ATP5F1B",0.293304709665338,1.46967470504757,""
"SNRPC",0.191424794608222,10.3383498341715,1.14107584405494,0.266274953883852,0.672380560236474,-5.27892163920277,"SNRPC",0.568486677553868,0.574669681858429,""
"NT5C3A",0.191322788671076,16.9367477401876,1.69676213277619,0.102309791245186,0.511319729598015,-4.63521938338832,"NT5C3A",0.43231240079976,0.990082801475787,""
"CIRBP",0.191087615662628,15.0332799485815,1.84142094150635,0.0776009044997676,0.472017366141595,-4.41638425296845,"CIRBP",0.39908290050978,1.11013321666747,""
"ARPC1B",0.190879773459027,10.4935609527311,1.71516165703276,0.099363281320423,0.509007951522966,-4.59039528847857,"ARPC1B",0.430357830553612,1.00277407501952,""
"FAHD1",0.190466620786786,13.2433911975895,2.68470993399176,0.0127728124761615,0.248048584875511,-2.90869652819781,"FAHD1",0.209720988718389,1.89371346386491,""
"PGP",0.189790268669151,14.2517458116244,1.68321006812087,0.104933550595926,0.515115229335582,-4.65501600088985,"PGP",0.435521433248151,0.979085631834597,""
"PURB",0.189749030333957,12.7109478420934,1.7042275594835,0.100888254658827,0.510687756121808,-4.62426140222441,"PURB",0.431778077645526,0.996159391084911,""
"RAB11B",0.189673360818269,15.1508397603368,2.66980251758113,0.0132185320738096,0.252491123667816,-2.93818935241262,"RAB11B",0.213477082019263,1.87881677084441,""
"NUP62",0.188745594326644,10.7637936118533,0.924400131595659,0.3642213207035,0.752828950136608,-5.54562519804325,"NUP62",0.636504464791502,0.438634635166961,""
"MME",0.188525819820283,12.4653255499102,1.60829280358071,0.120479720730461,0.534553275208851,-4.76220013843775,"MME",0.451955980541945,0.919086047827971,""
"MRPS27",0.188414376243767,12.2854791084173,1.89071149117837,0.0704496220084099,0.45248515612113,-4.33877636242616,"MRPS27",0.382568738982097,1.15212133271931,""
"RPS26",0.188350278112708,11.8142794029977,1.53917270006926,0.136475887441674,0.553336627483342,-4.85762897162782,"RPS26",0.467836995192478,0.864944072989989,""
"MRPL39",0.188243822729586,11.9305195947235,1.86403350294445,0.0742456570098916,0.458694072493683,-4.3809677849089,"MRPL39",0.387818275403259,1.12932894526735,""
"STXBP3",0.187992116138098,12.5554171244629,2.38625221001248,0.0250109607563719,0.314940650576947,-3.48196576868275,"STXBP3",0.266277127360991,1.60186962521565,""
"CNN1",0.18713444087777,10.9225971794944,0.746713379894224,0.46363387846739,0.807905462664506,-5.58909736029537,"CNN1",0.683070748039231,0.333824836958075,""
"ARF6",0.186916662398311,11.9436808253575,1.05440635589748,0.303295826653903,0.708590303600989,-5.36575500105899,"ARF6",0.599101418546873,0.518133565533883,""
"PRUNE1",0.186779179136106,17.2581520961352,1.59851009708276,0.122644559880068,0.535671919823742,-4.77591055380467,"PRUNE1",0.452901776119764,0.911351710942843,""
"HDDC2",0.18673714547813,12.6132168526494,1.00669623222041,0.323841442128572,0.719063248531422,-5.47141198097356,"HDDC2",0.607956120808956,0.489667575174689,""
"MRPS30",0.186649759776635,11.69333343607,1.74253263384971,0.0938546052051202,0.500397288727113,-4.56745321253381,"MRPS30",0.423077657131242,1.02754441280179,""
"HSP90AA1",0.186482353783118,15.5323790575007,1.55898542721054,0.131721736029548,0.546993252259135,-4.83062052987484,"HSP90AA1",0.462473776029184,0.880342554128632,""
"NRDC",0.186177413269062,12.0724660992911,2.01795134830294,0.0550540143917107,0.421504365449817,-4.12038677279475,"NRDC",0.356374991276881,1.25921100794375,""
"S100A4",0.185873670774045,13.0236744484585,1.19270207375631,0.24431796104429,0.655431239184631,-5.28260314881444,"S100A4",0.554156306062807,0.612044604677424,""
"SARNP",0.184961404458727,11.6231995602296,0.996906598445608,0.328879852570961,0.723310409452357,-5.45813391454024,"SARNP",0.611547025340952,0.48296273091158,""
"ASPSCR1",0.18484754634064,10.2643268090645,0.942115554606967,0.361359360512657,0.750153813472046,-5.2835895898633,"ASPSCR1",0.634242680848931,0.442060691004527,""
"ACADSB",0.184414082364352,13.9018267076025,1.16982392990513,0.25323629593166,0.662754243956058,-5.30736650783054,"ACADSB",0.560347785856267,0.596474047496979,""
"PTMS",0.184392675992473,10.9421320825392,1.27484032828779,0.219817608615677,0.639408667006697,-5.01799216250297,"PTMS",0.540609485464518,0.657937521110355,""
"CHCHD3",0.183399640172862,15.298178632283,2.39851542996236,0.0243455705669578,0.313412728491497,-3.45917016338241,"CHCHD3",0.26498529442993,1.61358004279902,""
"LMOD3",0.18302933787834,13.5992861851365,1.73380089969978,0.0954201484502247,0.500904513544631,-4.58048814820266,"LMOD3",0.423506507351395,1.02035991212143,""
"PAIP1",0.182580730414001,12.2497141841516,1.48375525982641,0.155462580267938,0.568751938440709,-4.77464440599792,"PAIP1",0.480870386441225,0.808374128430173,""
"MRPL37",0.182267114139723,11.8583303879978,1.36818079973284,0.183573667211127,0.601305492943756,-5.07881586839934,"MRPL37",0.508393880034641,0.736189616190852,""
"UBE2A",0.182093134693153,11.5364996857209,1.41320024497119,0.170075476840828,0.581639308020462,-5.02268901195947,"UBE2A",0.491766444935578,0.769358302733703,""
"MAPKAPK2",0.182076906955521,11.6113132857935,0.831889873299709,0.413441683212572,0.780748851792012,-5.62200908102383,"MAPKAPK2",0.66011028130132,0.3835857399085,""
"PSMC6",0.181998218758174,13.1214705008494,3.11140944592665,0.00465416631226507,0.216884143404029,-2.03257630406808,"PSMC6",0.183371967289641,2.33215810166629,""
"SYNGR1",0.181898219869824,10.6205238012107,1.30532130123991,0.209481665625632,0.625460890199066,-4.98414306069148,"SYNGR1",0.528816870142855,0.67885398160488,""
"MRPS7",0.181672129157032,12.0721716302851,1.22073785329402,0.234191624289238,0.652036201717361,-5.23021149249442,"MRPS7",0.551285857861181,0.63042864124492,""
"ENO3",0.181488853266885,18.2962675158726,1.75561674326651,0.091549665538497,0.49498886960645,-4.54782730465538,"ENO3",0.418504927938056,1.03834323798217,""
"FH",0.181285717992214,15.267766201503,1.99978451446668,0.0566356697967379,0.422144914848052,-4.16180517220071,"FH",0.356916565231791,1.24690995897776,""
"TUBB2A",0.181012304400983,10.4851140324138,0.997955721525397,0.327977500259904,0.723213059328866,-5.47957017931034,"TUBB2A",0.611464717416636,0.484155948508231,""
"SAR1B",0.180923215817167,15.9095844449676,1.83149156928974,0.0791151647994244,0.475788576485475,-4.43183482602958,"SAR1B",0.402271396676289,1.10174026293131,""
"MT-ATP8",0.180243365475935,16.941121648034,1.75776044393698,0.0911766644079647,0.493902270783522,-4.54460112474941,"MT-ATP8",0.417586226548975,1.04011630000105,""
"MACF1",0.180139994407464,12.2723217122084,0.67683090278121,0.505066177275838,0.836084848710198,-5.70969938998464,"MACF1",0.706895954322692,0.29665171387588,""
"CKB",0.180034499374916,17.3283333886497,0.649467438450651,0.522030521808861,0.845804554275359,-5.75021612908084,"CKB",0.715113805120753,0.282304104151661,""
"DNM1L",0.179840996283566,15.0464657519274,2.71660666829679,0.0118660973513052,0.24333975353998,-2.84531209501716,"DNM1L",0.205739749462816,1.92569209296458,""
"CTSL",0.179260688686933,10.2914471914689,0.950736340276328,0.353257402279702,0.740511211075419,-5.36634739600374,"CTSL",0.626090019508598,0.45190872902492,""
"ARPC3",0.178079092723269,12.6783750536112,1.94837445254043,0.0628180007799351,0.438751037305335,-4.24610074712591,"ARPC3",0.370956767969766,1.20191588939658,""
"ERP44",0.178004011562392,12.3792435086242,1.44899836691424,0.15991570644522,0.570057417017177,-4.97697114609472,"ERP44",0.481974147053062,0.796108879046147,""
"MTPN",0.177657466052271,14.4038539462985,1.20587716085979,0.239289398765261,0.652036201717361,-5.26815015227344,"MTPN",0.551285857861181,0.621076541502459,""
"GAPDH",0.17735441491779,19.869311629375,1.90001174480164,0.0691665721196948,0.450288500126176,-4.32396522218184,"GAPDH",0.380711502556552,1.16010374732827,""
"DHX15",0.177193821605176,10.0906381614764,1.29776896773812,0.207992738280274,0.623018177612017,-5.10684916863614,"DHX15",0.526751596925643,0.681951827440407,""
"CDK5RAP3",0.176323169439708,11.2305154290144,1.41557227811395,0.169386744368858,0.581639308020462,-5.01968931414058,"CDK5RAP3",0.491766444935578,0.771120579086237,""
"EFHD1",0.176139684063548,11.3639947431109,0.586545130861551,0.563851525551505,0.861936283125396,-5.69967445916829,"EFHD1",0.728752915885544,0.248835240205758,""
"IQGAP1",0.175905031887165,12.9462101677161,1.5479244043088,0.134358809612735,0.550464093400975,-4.84573327859803,"IQGAP1",0.465408314987818,0.871733852559688,""
"SLC9A3R2",0.1758466460211,10.7970511495209,1.53198042206147,0.139346005458187,0.553336627483342,-4.82574765904536,"SLC9A3R2",0.467836995192478,0.855905476411258,""
"GMPS",0.17575708748317,10.8016881043461,0.801800575481004,0.43273949992289,0.784934683711783,-5.50963743115235,"GMPS",0.663649333174016,0.363773461132226,""
"METAP2",0.175755580689666,12.4100062638236,1.78111117712185,0.0871970108317593,0.485160112592986,-4.50926578375246,"METAP2",0.410194875938482,1.05949840269958,""
"ERN1",0.175748606468401,13.2531544478987,1.38106957552354,0.179625727593692,0.594815990682226,-5.06290405202219,"ERN1",0.502907112870614,0.745631459696768,""
"MOCS3",0.174784274424264,10.030968011391,1.06658679810736,0.304593806883511,0.708590303600989,-5.1444023499499,"MOCS3",0.599101418546873,0.516278931149878,""
"LRPPRC",0.174611807179383,15.8236857465428,2.4065411954339,0.023918954332444,0.313412728491497,-3.44421395531699,"LRPPRC",0.26498529442993,1.62125781036824,""
"NDUFB4",0.174327043524116,16.9128893690193,1.80442365114086,0.083373231946497,0.478473158819882,-4.47363745081761,"NDUFB4",0.404541166776974,1.07897336283877,""
"NIPSNAP3A",0.174022403532858,11.775634387501,1.53126255563188,0.138944528571877,0.553336627483342,-4.85210807988228,"NIPSNAP3A",0.467836995192478,0.857158550418292,""
"TIMM13",0.173951471676745,12.932972657325,1.47304468932878,0.153368844352036,0.567131006573305,-4.94572754032057,"TIMM13",0.479499915273055,0.814262854860485,""
"PHB1",0.173601950532447,15.8649495624937,2.14286580780394,0.0421700869992757,0.378344749296626,-3.91926713969137,"PHB1",0.319884247429679,1.37499550301012,""
"MYL6",0.173429487061446,14.4990395931594,2.08616851165477,0.0474517418319156,0.394144514945729,-4.01673703772505,"MYL6",0.333242688781447,1.32374784110592,""
"MRRF",0.173397117159107,11.7946799146423,1.36395948232869,0.187962375031217,0.604977554612809,-4.98259020712315,"MRRF",0.511498547631334,0.725929076011102,""
"MYG1",0.173224114582673,11.8679741192839,1.61256194789521,0.120077689795819,0.534485344812089,-4.73745316779115,"MYG1",0.45189854651151,0.920537676182667,""
"RTRAF",0.173185518017176,13.2755857242092,1.70950564185538,0.099893332344251,0.509007951522966,-4.61649160283136,"RTRAF",0.430357830553612,1.00046349898862,""
"PPP1R27",0.173001764898563,11.226490602626,0.547254955087881,0.589114528578898,0.874507814341157,-5.80873334430315,"PPP1R27",0.739381938250646,0.229800266682033,""
"UQCRFS1",0.172767707580132,17.3800946648055,1.93651221427488,0.0643259613017262,0.441234524132035,-4.2653291706505,"UQCRFS1",0.373056515134323,1.19161371487408,""
"HLA-DRB1",0.17272673526975,12.9696089629943,1.53896909919762,0.136525462920458,0.553336627483342,-4.85790506292054,"HLA-DRB1",0.467836995192478,0.864786342216263,""
"PSMB4",0.172577460205231,13.5815629814848,1.64392204835705,0.112862071587974,0.527731282620641,-4.71170495278759,"PSMB4",0.446188098288769,0.947451982499709,""
"PPIE",0.172230557230431,11.1591036467153,1.12738358516896,0.270865128823602,0.678580964094731,-5.33026560463739,"PPIE",0.573729016784546,0.567246902439285,""
"PDLIM3",0.17221848295851,18.2429957812351,1.36777393654008,0.183699395319423,0.601305492943756,-5.0793160995602,"PDLIM3",0.508393880034641,0.735892273252549,""
"OCIAD1",0.172195108212119,14.4746172617625,1.98460083436563,0.0584032136340043,0.43083147522593,-4.18686258105146,"OCIAD1",0.364260908808372,1.23356325519726,""
"HADH",0.172120641471512,16.6338114394112,1.66669631387458,0.108207115036502,0.523883013945697,-4.67897159098898,"HADH",0.442934450573874,0.965744181747944,""
"NAGK",0.171672910012578,13.2360172810962,1.57316363061566,0.128403913084279,0.539747634648557,-4.81112175724194,"NAGK",0.456347725804272,0.891421741025621,""
"PYGB",0.171662446315267,17.6887647718032,1.39787064947855,0.174580362357858,0.58671008750352,-5.04197293219588,"PYGB",0.49605370538213,0.758004609423499,""
"TUBA3C",0.17163195129082,12.9212420093624,1.14751414960655,0.2621626753349,0.668109415623316,-5.33110422397275,"TUBA3C",0.564875495205538,0.581429139686194,""
"FARSA",0.171624884699977,12.4422485316041,2.31173463448463,0.0294259906688093,0.334008187891881,-3.61896646184724,"FARSA",0.282398415777612,1.53126890708249,""
"SUCLA2",0.171363717291317,17.6042063415339,2.2226969855273,0.0356278945487081,0.352630578521473,-3.77911884174988,"SUCLA2",0.298143340011298,1.4482098417774,""
"EEF1D",0.171260304705854,13.7098164287072,1.62493376858965,0.116870185915746,0.534065797303782,-4.73872505049682,"EEF1D",0.451543826010684,0.932296265088725,""
"UCHL3",0.17098671656275,14.3842761366062,1.68136578317967,0.105294961180807,0.515115229335582,-4.65770054583594,"UCHL3",0.435521433248151,0.977592411186124,""
"GLG1",0.170779032905164,12.0536978623731,1.54348225261383,0.135429995052473,0.552300448573367,-4.85177808150119,"GLG1",0.466960923008482,0.868285137400572,""
"SSB",0.170702628116565,11.9584094292597,2.20481728145474,0.0370077848379325,0.35895050766792,-3.81079665802846,"SSB",0.303486735902423,1.43170690954023,""
"ARF5",0.170697615060948,10.7556029446309,1.14136690979924,0.265118855235883,0.670622232054819,-5.31572711416374,"ARF5",0.567000040067372,0.576559384172976,""
"NDRG3",0.170493337389161,10.4137652423552,0.982417053049586,0.337238092031733,0.728412985967819,-5.40972943020692,"NDRG3",0.615861169654135,0.472063376440974,""
"CIAPIN1",0.169851568312744,11.4027603980637,1.5275199822305,0.139337066888998,0.553336627483342,-4.87338272411682,"CIAPIN1",0.467836995192478,0.855933335808986,""
"MTARC2",0.169639578219476,13.0990007463222,0.988984986643303,0.332260187069203,0.72651865733106,-5.48787538859239,"MTARC2",0.614259546025208,0.478521694749058,""
"CZIB",0.169276828766307,13.6005403487038,1.72823334593319,0.0964299196338652,0.50244398588194,-4.58877329568546,"CZIB",0.424808105829964,1.01578819518592,""
"NUBPL",0.169122910942278,10.0804357874361,0.895653244788537,0.379444986762372,0.759813576768736,-5.54744130424054,"NUBPL",0.64240985144732,0.420851180710313,""
"GOT1",0.168744585805229,19.1307043505928,1.77040127247163,0.0890034521983545,0.490458562881911,-4.52551637233762,"GOT1",0.414674628297586,1.05059314794364,""
"HNRNPA1",0.168737550537914,14.4192567533338,1.502353491704,0.145683667966318,0.56141988017624,-4.90707252723127,"HNRNPA1",0.47467125206867,0.836589132579159,""
"TSN",0.168728857683666,11.5142183709561,1.31272418020093,0.201342711748564,0.617355287092941,-5.14582629340888,"TSN",0.52196371636079,0.696064086467122,""
"COASY",0.168279463907727,13.2595957645525,1.53829986765063,0.136688520361307,0.553336627483342,-4.85881235979975,"COASY",0.467836995192478,0.86426795765665,""
"NDUFV2",0.168242059850389,16.7811746499518,1.65060932496854,0.111478149865943,0.527333961224919,-4.70213007864045,"NDUFV2",0.445852169599671,0.952810247616425,""
"ABLIM1",0.167651115727715,11.2230760569856,0.837329117475132,0.411534811811173,0.780327581769497,-5.55145612768487,"ABLIM1",0.659754104443131,0.385593421841656,""
"GBF1",0.167487541554472,11.30483547829,0.781180537095717,0.443539214990956,0.793396315413729,-5.56447263060784,"GBF1",0.670803503263693,0.353067976505814,""
"ECI2",0.167265683113827,15.2166541499115,1.88840875147127,0.0707704876338698,0.453531406242947,-4.34243542582185,"ECI2",0.383453326209654,1.15014781194075,""
"TMEM223",0.167149046505781,11.8923921088894,1.47683587165638,0.153459029587484,0.567131006573305,-4.8982116343208,"TMEM223",0.479499915273055,0.814007552428349,""
"IDH2",0.167111634657662,19.0300264474625,2.19515082241185,0.0377737546812475,0.360293852790238,-3.82785414879961,"IDH2",0.304622512054437,1.42280984449992,""
"DARS2",0.166614975321851,13.1199895036156,1.38447170318003,0.178594879180873,0.593434202305988,-5.05868288540534,"DARS2",0.501738833581258,0.748130997717198,""
"DGLUCY",0.1664888141433,15.6439311864329,0.91162692643333,0.37077691598815,0.755199275574039,-5.55661851963556,"DGLUCY",0.638508535867222,0.430887312205639,""
"BCCIP",0.166452847308507,11.6414574459136,1.13220684752433,0.268419420220842,0.673689833580765,-5.34715541628295,"BCCIP",0.569593646579332,0.571186066037929,""
"OXCT1",0.166257005834396,11.5517983247633,0.815879057360266,0.422367820687944,0.782035997271198,-5.634461286398,"OXCT1",0.661198541581679,0.374309177193037,""
"COQ9",0.166074752750891,17.282981888058,2.05966398985705,0.0501175099567152,0.403045857382995,-4.06169514289391,"COQ9",0.340768627047942,1.30001051467155,""
"SRSF1",0.165663692640042,11.6973880284381,2.02773773537275,0.053504855502097,0.417799896532132,-4.1153258788584,"SRSF1",0.353242923885796,1.27160680448189,""
"ALYREF",0.165124613368862,11.0393436007162,0.799942566464767,0.431370615893046,0.784655874617897,-5.64662872432618,"ALYREF",0.663413604682105,0.365149441500825,""
"NDUFA8",0.164851133485481,18.1697799438278,1.60220117844261,0.121823990694311,0.534796142635117,-4.77074536222616,"NDUFA8",0.452161320946486,0.914267178039893,""
"ACTN1",0.164749341272119,15.1364266333393,1.87710664125652,0.0723638359848675,0.456675397020154,-4.360347333627,"ACTN1",0.386111518574058,1.14047841938403,""
"TRIM63",0.164540169481281,10.761106214974,1.12564104226509,0.273199414656433,0.682182486039453,-5.27201706029136,"TRIM63",0.576774044207367,0.563520235487407,""
"TUFM",0.16435913128521,16.7187400403986,2.45238001126042,0.0216114837332008,0.311731603302318,-3.35823260071463,"TUFM",0.26356393080066,1.66531541567014,""
"FAHD2A",0.164250663302031,13.6876371421378,1.69625783616001,0.102406424423148,0.511319729598015,-4.63595826013508,"FAHD2A",0.43231240079976,0.989672797227344,""
"RPSA",0.164049348553638,13.5036036477553,1.80865060393732,0.0826955703123377,0.478473158819882,-4.46714016722899,"RPSA",0.404541166776974,1.08251775333055,""
"RPL8",0.163755376567197,11.43398428701,1.19674030624683,0.242768374763038,0.653222121785082,-5.27818812266014,"RPL8",0.552288533725138,0.614807889097869,""
"RPL22",0.162871991667945,12.7280288606772,1.46804125444546,0.154712968440221,0.568733588209827,-4.95226366339081,"RPL22",0.48085487162357,0.810473281090737,""
"RDH14",0.162803007123872,11.4489656011134,1.08552973343257,0.288168368386719,0.696406890267905,-5.39490605521885,"RDH14",0.588800543452336,0.540353692463869,""
"CCT2",0.162331819285376,13.7228879112391,2.01470476046615,0.054944984570719,0.421504365449817,-4.13705239748645,"CCT2",0.356374991276881,1.26007194423541,""
"ADSS1",0.162307712268912,15.1079264736911,1.6498700713543,0.111630435286443,0.527333961224919,-4.70319005000787,"ADSS1",0.445852169599671,0.952217381788127,""
"ACAA2",0.161901536880581,16.0776120837105,1.5298065621313,0.138771791403804,0.553336627483342,-4.87029909545652,"ACAA2",0.467836995192478,0.8576988053705,""
"MMUT",0.161856299841755,13.1511016090052,1.25952308466563,0.219613480053806,0.639408667006697,-5.20786346311307,"MMUT",0.540609485464518,0.658341006055694,""
"DES",0.161728606561354,19.3538772988698,1.69911473708337,0.101860002948005,0.511319729598015,-4.63177018329019,"DES",0.43231240079976,0.991996315590607,""
"SCP2",0.161704698862021,13.1237842237216,1.79538491968244,0.0848383454752516,0.480217712304708,-4.48749267100614,"SCP2",0.406016157984417,1.07140780972142,""
"ACAA1",0.161663284951612,12.6125281323032,1.28579570250412,0.210438364129438,0.627381665021409,-5.17750492678806,"ACAA1",0.530440853585652,0.67687508290757,""
"STX12",0.161644483899156,10.6413908001135,0.798739003667115,0.44035422270014,0.79113592899019,-5.27417454311536,"STX12",0.668892383811558,0.356197834709487,""
"TOM1",0.161191557519707,13.558209948174,1.51662950280294,0.142055219430576,0.556601459539374,-4.88801772008365,"TOM1",0.470597356865714,0.847542804684768,""
"POLDIP2",0.161148014437011,12.1586798048712,1.45691491644541,0.157735993908736,0.570057417017177,-4.96673222684467,"POLDIP2",0.481974147053062,0.802069193340243,""
"ESD",0.161077898549834,16.4471605032086,1.62266829419566,0.117356220751113,0.534065797303782,-4.74193219476063,"ESD",0.451543826010684,0.930493884622893,""
"FLNA",0.160956925414695,13.4108131635036,1.92595364305136,0.0656947770484569,0.441911769267158,-4.28237355895482,"FLNA",0.373629114729737,1.18246915691207,""
"MAPRE1",0.160637448137896,12.0340365414578,1.32104788391574,0.19859363913556,0.617355287092941,-5.13591992596985,"MAPRE1",0.52196371636079,0.702034665873702,""
"LDB3",0.160570830549222,17.7784177282115,2.00482572801724,0.0560593530971105,0.422144914848052,-4.15345614505471,"LDB3",0.356916565231791,1.25135191813435,""
"DRG2",0.160343556456462,10.9936039629432,1.30794250746914,0.20293522992249,0.617801107415252,-5.15149278564544,"DRG2",0.522340650092675,0.692642552115048,""
"STAT1",0.160293796853214,11.985706659891,1.59186065576801,0.124134369609696,0.536326375083323,-4.78519155592684,"STAT1",0.453455107251164,0.906107956895637,""
"GYS1",0.160249378269294,16.0333873323699,2.12404906172394,0.0438614368398663,0.382754362210505,-3.95180927099667,"GYS1",0.32361250244322,1.35791714554029,""
"USP5",0.160097281064569,13.3746240983294,2.1513002369154,0.0414311396577594,0.374437040150646,-3.90461871674787,"USP5",0.316580343776569,1.38267312027958,""
"SLC25A4",0.160013323426647,20.2111311536024,1.45897559269745,0.157172550793884,0.570057417017177,-4.96405943707224,"SLC25A4",0.481974147053062,0.803623298497984,""
"IDH3G",0.159959600099715,14.2935704708982,1.79075209902821,0.0855978231363942,0.481865392597231,-4.49457391177682,"IDH3G",0.407409244504999,1.06753727985407,""
"ATP1B4",0.159952996257667,12.3378031366595,0.834974072297969,0.411735933539456,0.780327581769497,-5.61958419636185,"ATP1B4",0.659754104443131,0.385381229050852,""
"COA5",0.159292930508776,11.3883740771335,1.02194015140436,0.317127940195676,0.71625857789844,-5.43470424879054,"COA5",0.605584818031826,0.498765493266977,""
"MFF",0.159222729308588,11.0126334239894,1.23772469755192,0.227940201890118,0.64857910765761,-5.21125600231628,"MFF",0.548362941833793,0.642179071400211,""
"BCL2L13",0.159119904913428,14.639359264731,2.11588525014104,0.0446139681044523,0.385803320565911,-3.96586842330361,"BCL2L13",0.326190346461874,1.35052914754462,""
"RPS12",0.159066895188724,15.5994051107458,1.64829956912744,0.111954535221676,0.527333961224919,-4.70544065840006,"RPS12",0.445852169599671,0.950958308678488,""
"POLR1B",0.158807167312611,12.2573810978923,0.845641788844157,0.411306141159274,0.780327581769497,-5.36070491118068,"POLR1B",0.659754104443131,0.385834806047172,""
"MRPS35",0.158527176887025,11.1091853525558,1.18777398445842,0.246218983928542,0.65880214618718,-5.28797319345128,"MRPS35",0.557006352354371,0.608678465224503,""
"S100A6",0.158453716603388,12.0159078596403,0.854232214382601,0.401185560060387,0.773541801835709,-5.60425209008314,"S100A6",0.654016839392199,0.396654707004938,""
"MAPT",0.158256498147875,13.2632027446633,1.11272642429792,0.276538406876252,0.687395468520968,-5.36730339803484,"MAPT",0.581181534944489,0.558244543433132,""
"PFKM",0.158238099174195,17.5407453900522,1.62054474617345,0.117813334668277,0.534065797303782,-4.74493519576305,"PFKM",0.451543826010684,0.928805551271308,""
"CPTP",0.158068451239187,12.075299238567,1.55081574297399,0.133665331984917,0.550310757854757,-4.84179123179776,"CPTP",0.465278672311668,0.873981218616784,""
"SIRT3",0.157875169614581,12.5257579289624,1.38507792527347,0.178411684555602,0.593434202305988,-5.05792979731714,"SIRT3",0.501738833581258,0.748576706171518,""
"FDPS",0.157673929855022,13.4520111810719,1.53078672618276,0.138530055466913,0.553336627483342,-4.86897611858474,"FDPS",0.467836995192478,0.858455991889435,""
"PYGM",0.157529353977552,19.9618385008131,1.55303750886284,0.133134448476629,0.549179599966095,-4.83875803251093,"PYGM",0.464322296967193,0.875709556489298,""
"TKFC",0.15751917503073,12.0630920122739,1.43695495971076,0.163277981978249,0.573653857772049,-4.99245844545941,"TKFC",0.485014878413644,0.787072375888305,""
"HLA-DRA",0.15691367306178,13.1080609892212,1.05463415064934,0.301799977174937,0.708590303600989,-5.4255136700542,"HLA-DRA",0.599101418546873,0.520280797406019,""
"GLRX2",0.156682746436083,9.98746113730951,0.754895735654396,0.458072523933052,0.80471650665575,-5.63022289814885,"GLRX2",0.680374538312933,0.339065757257154,""
"TUBA1B",0.156622795198222,14.7898722169824,0.810415533876292,0.425441018028908,0.782035997271198,-5.63865820756348,"TUBA1B",0.661198541581679,0.371160640797089,""
"GFM1",0.156465173510794,13.0427744286963,1.34962089353812,0.189378183588692,0.607439647540147,-5.10150610109713,"GFM1",0.51358020660672,0.722670053277685,""
"SLC25A20",0.156348132808304,12.7145211636035,1.03919373918719,0.308780807025092,0.71091395105777,-5.44050950711108,"SLC25A20",0.601066024159575,0.510349702060853,""
"MYOT",0.156311371804627,18.1247086060263,2.17251607920205,0.0396235967420855,0.367389275905071,-3.86760490414993,"MYOT",0.310621575309586,1.40204610491199,""
"PGLYRP2",0.156249452466046,11.16147619079,0.776274847734859,0.445600104069869,0.793624134619025,-5.62293399531507,"PGLYRP2",0.670996120645517,0.351054716404874,""
"HBA2",0.155892822716726,21.0330900826338,0.809630626229439,0.425883659752215,0.782035997271198,-5.63925896283382,"HBA2",0.661198541581679,0.370709022559692,""
"IMMT",0.155664965645403,16.4543467259032,2.02979284381306,0.0532808470270066,0.417799896532132,-4.11189105892362,"IMMT",0.353242923885796,1.27342887962922,""
"NME2",0.155501422894947,16.0638155802349,1.74585350074552,0.0932649601173546,0.499559142718144,-4.56248259481968,"NME2",0.422369018499905,1.03028149115138,""
"EEF1A2",0.155364888560467,17.975655959539,1.82023056942317,0.0808633035353473,0.478473158819882,-4.44928228569108,"EEF1A2",0.404541166776974,1.09224852026347,""
"CD9",0.155023308917084,17.4533520292042,1.60881984515995,0.120363997210038,0.534553275208851,-4.76145959912964,"CD9",0.451955980541945,0.919503398055279,""
"RPS20",0.15499398700465,12.9930970348036,1.45294730756148,0.158825416100555,0.570057417017177,-4.97186955572054,"RPS20",0.481974147053062,0.79907999819992,""
"LIPE",0.154972794442015,9.99962999175055,0.446525236116345,0.659854122441481,0.908468674914114,-5.768528170941,"LIPE",0.768095285922685,0.180552065702328,""
"CLUH",0.154842878892294,12.5209415357214,1.95604130903191,0.0618599504006905,0.437859528859811,-4.2336283787868,"CLUH",0.370203012278155,1.20859043255002,""
"SZRD1",0.154617030933013,10.502676700288,0.712805541697525,0.483229526403643,0.822378168526887,-5.65936649063488,"SZRD1",0.69530718222172,0.315846537213078,""
"CD63",0.154610391587397,11.1558954402836,0.834810340261817,0.4163469466212,0.782035997271198,-5.40255222136459,"CD63",0.661198541581679,0.380544615995299,""
"CDC34",0.154336833003361,11.7530078119892,1.4047671781425,0.172542115831107,0.582941479281683,-5.03331931852155,"CDC34",0.492867409266904,0.763104880645302,""
"OSBPL9",0.154241154740244,9.62469881917074,0.98868605271991,0.334233265979086,0.728076269092051,-5.40405260620161,"OSBPL9",0.615576481087419,0.475950327296704,""
"PSMD11",0.153993065862579,13.5147517186222,2.4157165759446,0.0234396632178623,0.312284697119166,-3.42707935616283,"PSMD11",0.264031562503464,1.63004863257181,""
"HERC4",0.153820081736697,12.1494660427383,1.08113078035876,0.290517577465383,0.696805317379376,-5.37721291601263,"HERC4",0.589137407005869,0.536827585940503,""
"NDUFAF3",0.15329389535238,13.7446407870461,1.61864121928423,0.118224346353285,0.534065797303782,-4.74762440173715,"NDUFAF3",0.451543826010684,0.927293078462428,""
"CPSF7",0.153275999980973,9.38959411906015,0.975109517291974,0.339354307619942,0.728412985967819,-5.47810173016261,"CPSF7",0.615861169654135,0.469346633687197,""
"ERO1A",0.153230388178955,12.1033960813442,1.52247206897699,0.140591646163007,0.555976055280981,-4.88017690698671,"ERO1A",0.470068587876829,0.852040483961244,""
"VPS37A",0.153208142505633,10.2358440890816,1.07896839637605,0.293014177410808,0.699826598864258,-5.31871753664255,"VPS37A",0.591691850686828,0.533111365917827,""
"PPM1B",0.153033176031311,11.8134187799996,1.41780389638251,0.168740810849985,0.580881136631063,-5.0168633323313,"PPM1B",0.491125423526475,0.772779868309126,""
"PSMD13",0.152889307537876,13.8999520315902,2.28513479739505,0.0311670514721846,0.342502123504251,-3.66722419706371,"PSMD13",0.28957989829093,1.50630428177608,""
"RPL27",0.152779503875363,13.1393572404211,1.48156277752673,0.151102241568877,0.567131006573305,-4.93455785658823,"RPL27",0.479499915273055,0.82072909294904,""
"PSMD2",0.152596330442698,13.5342699214623,2.15273952310083,0.0413062111302375,0.374437040150646,-3.90211525327359,"PSMD2",0.316580343776569,1.38398463946291,""
"GMFB",0.152573416342356,10.5382138861886,1.09435292970104,0.290305706524379,0.696805317379376,-5.14612304009222,"GMFB",0.589137407005869,0.53714442718007,""
"ECHDC3",0.152565335948639,14.1361331586305,0.620566169950123,0.540807254607759,0.852498596626505,-5.74819557120165,"ECHDC3",0.720773507558119,0.2669574912251,""
"MFN1",0.152522325346713,10.4184716780386,0.956667752510548,0.348392450407586,0.734375837652254,-5.49467939829775,"MFN1",0.620902662438577,0.457931264634095,""
"NDUFB9",0.152464425803034,15.9434093309034,1.57855029965758,0.127161590673043,0.537335951509996,-4.80367641662898,"NDUFB9",0.454308687474147,0.895644048103882,""
"MTIF2",0.152408219859822,11.7328777344186,0.870517869789132,0.392749537999766,0.768108939780196,-5.57189006485751,"MTIF2",0.649423444100608,0.405884317158187,""
"NEDD8",0.151667162553908,12.7698877850924,1.20342265351043,0.240220297825001,0.652036201717361,-5.27085334644303,"NEDD8",0.551285857861181,0.619390298927481,""
"HNRNPU",0.151651075278517,13.3040453791157,1.5187736310378,0.141516675028017,0.556601459539374,-4.88514312749462,"HNRNPU",0.470597356865714,0.849192383843022,""
"CTTN",0.151333268857009,10.6503378133373,1.35713465904785,0.187011210876669,0.604627462192473,-5.09235200034392,"CTTN",0.51120255026222,0.728132357763316,""
"CS",0.150918227831074,18.3632213295487,1.72841686301132,0.0963964916055146,0.50244398588194,-4.58850052777063,"CS",0.424808105829964,1.01593877215622,""
"EIF4A1",0.150568806935141,13.2403200828666,1.01381069410555,0.320501576125341,0.717868484179673,-5.46472341508951,"EIF4A1",0.606945967248677,0.494169830417065,""
"HMBS",0.150561064933335,11.2954244446042,1.0663666260049,0.296570638769005,0.703681242897366,-5.41398479805953,"HMBS",0.594950888661935,0.527871847413481,""
"EEF1A1",0.150461876229414,14.8753346419351,1.43636406203762,0.163444394168421,0.573653857772049,-4.99321553948254,"EEF1A1",0.485014878413644,0.78662997030216,""
"NDUFS3",0.150005528655317,17.0243515423146,1.41494032188663,0.169570018921069,0.581639308020462,-5.02048890524255,"NDUFS3",0.491766444935578,0.770650931372572,""
"NPM1",0.149574299689107,14.1264267456159,1.7211336551995,0.0977307195672046,0.504649093304756,-4.59930871441699,"NPM1",0.426672487798421,1.00996890361469,""
"CISD2",0.1494235964499,13.6271686365007,0.382642680491625,0.705394851823067,0.927708941632628,-5.85882460392316,"CISD2",0.784362614202091,0.151567714264493,""
"PHPT1",0.149411461993594,15.7162857310471,1.82329504092035,0.080384313210807,0.478473158819882,-4.4445422215698,"PHPT1",0.404541166776974,1.09482869441922,""
"SYNCRIP",0.149018490686341,13.9807659019579,1.60476443357784,0.12125683459555,0.534796142635117,-4.76715282451017,"SYNCRIP",0.452161320946486,0.916293773191841,""
"LHPP",0.1486171593957,10.8775602098439,1.1044128771914,0.281509965423732,0.692110634276275,-5.31219501354642,"LHPP",0.585168129847541,0.550506226560658,""
"NDUFA6",0.148613659991128,14.8764258947163,1.53226348462782,0.138166495747976,0.553336627483342,-4.86698156050341,"NDUFA6",0.467836995192478,0.859597257076484,""
"RPLP2",0.148605128803199,15.2158089267815,1.71446772066916,0.0989655631430731,0.508718459251547,-4.6091700583514,"RPLP2",0.43011306961124,1.0045158997327,""
"CHCHD7",0.148458991525784,12.5639870716555,0.495975446885551,0.62429628712366,0.887997885887396,-5.83442178886811,"CHCHD7",0.750787571320388,0.204609247939929,""
"GPHN",0.148451905754909,12.1456960875232,1.42548319008002,0.166533050501106,0.578505147601244,-5.00711024581972,"GPHN",0.489116563976772,0.778499562603114,""
"CA2",0.148182904242077,17.9996721014497,1.46959046738422,0.154295775923774,0.567927144457893,-4.95024185146385,"CA2",0.480173036727853,0.811645963231127,""
"LYPLA1",0.148127423133095,13.740343071128,1.21321844657213,0.236521258689186,0.652036201717361,-5.26003611484142,"LYPLA1",0.551285857861181,0.626129818492849,""
"LAMTOR5",0.148109053406532,13.7246983211742,1.37687393755238,0.180903468720387,0.595612223275493,-5.06809765174883,"LAMTOR5",0.503580314400039,0.742553105712433,""
"ACSF3",0.148010182124175,11.7619653688562,1.01822821454003,0.321562833304042,0.717891284398334,-5.32915504107783,"ACSF3",0.606965244457627,0.492734153405384,""
"NDUFAF4",0.147947397224495,11.7806579212125,1.0509519680697,0.303454538426423,0.708590303600989,-5.42910808377985,"NDUFAF4",0.599101418546873,0.517906362873422,""
"COA6",0.147338016780067,11.7198218586452,1.60275555682108,0.121701140487643,0.534796142635117,-4.76996875991794,"COA6",0.452161320946486,0.914705351883581,""
"BLVRB",0.147265818700404,15.684454890481,1.31446772985478,0.200764442140495,0.617355287092941,-5.1437556837385,"BLVRB",0.52196371636079,0.697313203626751,""
"MRPL46",0.147151695652974,11.7730980197903,1.77596430468415,0.0880611785798792,0.487467048688946,-4.51708460767769,"MRPL46",0.412145352371143,1.05521550639281,""
"ATP5F1C",0.147089327795278,17.7335520112195,1.21065235671646,0.237486096346888,0.652036201717361,-5.26287724229118,"ATP5F1C",0.551285857861181,0.624361811119439,""
"FILIP1",0.146880934562725,11.5104958606509,1.23502236934271,0.228441557841875,0.649362091647548,-5.2356821577614,"FILIP1",0.549024941887544,0.64122488685509,""
"CHP1",0.146652402699734,12.3810759602347,1.21038462654176,0.23758693143343,0.652036201717361,-5.26317336321901,"CHP1",0.551285857861181,0.624177451579899,""
"RWDD1",0.146524135842121,12.1614671958018,1.69875598641413,0.101928483412473,0.511319729598015,-4.63229639430734,"RWDD1",0.43231240079976,0.991704437580349,""
"RPS11",0.146443201229127,12.7893659962743,0.913614534826949,0.369751734721777,0.755199275574039,-5.55491721870352,"RPS11",0.638508535867222,0.432089779796713,""
"NES",0.145894183832644,12.3932461790358,0.650544755495015,0.521346238993064,0.845804554275359,-5.74954788701423,"NES",0.715113805120753,0.282873755124798,""
"STX7",0.145805329319026,9.37739968509459,0.784602478212135,0.441573719423615,0.791443378465687,-5.56197092515189,"STX7",0.669152327273902,0.354996781857074,""
"NRP1",0.145798158239074,9.34795896195235,0.601828098831227,0.557879645162566,0.859266341878609,-5.35889317991841,"NRP1",0.726495524583041,0.253459484000715,""
"GIT2",0.14571624264946,11.2199374583457,1.30338538990266,0.206102974854193,0.621497498980219,-5.09630536797767,"GIT2",0.525465888215216,0.685915739645161,""
"GCDH",0.145397153535914,12.804531546912,1.03467351852897,0.31084575079388,0.711518230289527,-5.44486148578883,"GCDH",0.601576932286745,0.507455064983564,""
"LMOD2",0.145371610654406,11.9112044124837,1.33903885161044,0.192751386173303,0.611479811827131,-5.11432474463827,"LMOD2",0.516996098897645,0.715002490033157,""
"JPH2",0.145205416606963,13.5944039870918,1.51642414903498,0.142106886047496,0.556601459539374,-4.88829285987333,"JPH2",0.470597356865714,0.847384877034024,""
"CSNK1A1",0.145028413149115,11.0449814357721,0.834721455571807,0.411875479097879,0.780327581769497,-5.61978312844872,"CSNK1A1",0.659754104443131,0.385234062885723,""
"RPS3",0.145024978806465,13.6182004309533,1.29490546100052,0.207326636196806,0.623018177612017,-5.16685167158666,"RPS3",0.526751596925643,0.683344898532449,""
"NDRG2",0.144894414440714,16.2124310930707,1.17475037246601,0.251295804577432,0.661532429834841,-5.30207002175628,"NDRG2",0.559314762161896,0.599814761960866,""
"SPTA1",0.144593955094484,13.3594564751791,0.46918081532268,0.643055434288969,0.899089004893613,-5.84686108132752,"SPTA1",0.76016492957117,0.191751587312016,""
"CALM1",0.144566014469424,15.4625400938003,1.08610025646154,0.287920853820404,0.696406890267905,-5.39433333802803,"CALM1",0.588800543452336,0.540726878466355,""
"HTATSF1",0.144446700893649,11.2125416677312,0.688456513150561,0.498141387168448,0.832768645478157,-5.67549853131244,"HTATSF1",0.704092159167143,0.302647374203813,""
"LAMTOR3",0.144199445046766,12.1504579140372,1.34917211635208,0.190030980603374,0.607525706364158,-5.0813077269906,"LAMTOR3",0.513652967923494,0.721175590582558,""
"MSRB2",0.144128038887624,12.5299678087515,1.45673267818041,0.157785900724564,0.570057417017177,-4.96696844709979,"MSRB2",0.481974147053062,0.801931806646811,""
"RPL7A",0.143999863787652,12.6137681023582,1.14858806207575,0.261727768572444,0.668109415623316,-5.32997090174665,"RPL7A",0.564875495205538,0.582150197505293,""
"TPM4",0.14395662963037,12.6255961758088,1.20673126549264,0.238966104346873,0.652036201717361,-5.26720837295499,"TPM4",0.551285857861181,0.621663696286496,""
"BPNT1",0.143833919366044,11.5597284241318,1.32762287224972,0.196442779949524,0.615706573400747,-5.12805677146328,"BPNT1",0.520569756117824,0.706763928601747,""
"LDHD",0.143818468100257,12.9014402743466,0.996633650278729,0.328606266554067,0.723310409452357,-5.48079849167486,"LDHD",0.611547025340952,0.48332415878318,""
"MRI1",0.143342568569528,11.7497864808242,0.93719253983994,0.360007666044734,0.748430129771492,-5.37796629461253,"MRI1",0.632785334699992,0.443688251217496,""
"ISOC2",0.143266191221242,13.9787362994873,1.61286549101572,0.119478759493984,0.534065797303782,-4.75576868196268,"ISOC2",0.451543826010684,0.922709295171644,""
"CAV2",0.143247454430718,12.0612832320835,1.26217139723961,0.218675015343268,0.638024358791181,-5.20482797532088,"CAV2",0.539439075692599,0.660200834330444,""
"THOC2",0.143197153512101,17.2650211328805,0.67699779829842,0.504698882024187,0.836084848710198,-5.73280500214195,"THOC2",0.706895954322692,0.296967657285859,""
"VPS26A",0.142877188093543,12.0674602191382,1.39632479509545,0.175039842612234,0.58671008750352,-5.04390771232936,"VPS26A",0.49605370538213,0.756863085844086,""
"GATD3B",0.141605270431718,16.2086380973251,1.11347347657577,0.276223809268884,0.687208454428912,-5.36653652905892,"GATD3B",0.581023417613121,0.558738889883237,""
"TBCC",0.141468489231899,12.0984280691397,1.17206092632817,0.252353789519576,0.662387987694395,-5.30496393006816,"TBCC",0.560038122225818,0.597990169214091,""
"PSME1",0.141428219111257,14.5327832876582,1.78457491762983,0.0866195409643494,0.483822377643282,-4.50399425155494,"PSME1",0.409063843094912,1.06238412212059,""
"AKAP1",0.141178545123301,11.6000990959024,1.27878246101069,0.21285830476089,0.631171216500855,-5.18566207541728,"AKAP1",0.533644856879876,0.671909400965028,""
"DNAJB11",0.140989447376478,11.2921538374267,1.0182334778711,0.320909569340567,0.717891284398334,-5.33381332393427,"DNAJB11",0.606965244457627,0.493617332297329,""
"ABCB10",0.140453503661126,11.1007264054757,0.557296937040161,0.582340100138456,0.873816778180974,-5.80341446229254,"ABCB10",0.738797678570928,0.234823303195718,""
"PSMF1",0.140305113967514,13.4441611376981,1.40481470300853,0.172528135823803,0.582941479281683,-5.03325956096454,"PSMF1",0.492867409266904,0.763140070233528,""
"HBG2",0.140302617970312,12.4389428217808,0.138941952989754,0.890906529428012,0.976376284676908,-5.83141395561031,"HBG2",0.825510050325002,0.0501678581214109,""
"DCTN2",0.139986678902787,13.7908063971742,1.97600737356186,0.059424987718856,0.431921872761609,-4.20098465938265,"DCTN2",0.365182821946452,1.22603089935382,""
"PDK2",0.139840910725852,13.6980909789985,0.947376065399001,0.352624209686159,0.740511211075419,-5.52549379712938,"PDK2",0.626090019508598,0.452687874191628,""
"TRPT1",0.139814560573132,9.38573188613103,0.608476627574708,0.551573633380451,0.856368271280688,-5.5437292284515,"TRPT1",0.724045253675522,0.258396502378462,""
"NARS2",0.139721756615229,11.9614814945969,1.09942580655747,0.284836694349657,0.694788572198696,-5.27174658660488,"NARS2",0.587432282207445,0.545404063044191,""
"MGLL",0.139694693165865,11.8673431568365,1.09086793152709,0.285858405857357,0.695158357501785,-5.38953671328717,"MGLL",0.587744929584233,0.543849032542621,""
"ATP5MF",0.139606721527986,18.5382627615976,1.09779052853788,0.282882662700822,0.694280613181982,-5.38253837137964,"ATP5MF",0.587002811233978,0.548393668746943,""
"UQCC2",0.139604606689543,11.4059591111487,0.822526505002688,0.418976286025522,0.782035997271198,-5.60640473120358,"UQCC2",0.661198541581679,0.37781055731941,""
"HNRNPA3",0.139552290023738,13.7238985017516,1.89366149673808,0.0700404169500863,0.45248515612113,-4.33408404760262,"HNRNPA3",0.382568738982097,1.15465127722904,""
"NDUFS4",0.139317827567234,15.9056861198184,1.10462875674779,0.279965130289687,0.691126301858719,-5.37558619222147,"NDUFS4",0.584335893018047,0.552896056749968,""
"EEF2",0.139292048958385,16.2845045871513,1.76396591024564,0.0901042241484733,0.493492536504053,-4.53524527607425,"EEF2",0.417239802971331,1.04525484851738,""
"ACHE",0.139214059303844,12.657887776517,0.63449381376767,0.532708870864842,0.848710668810555,-5.66195937654331,"ACHE",0.717570877044611,0.273510071122861,""
"LSM1",0.139207614866473,11.8696846776706,1.17194530854323,0.252865633755854,0.662387987694395,-5.28338137839238,"LSM1",0.560038122225818,0.597110190364422,""
"MECR",0.139066817855092,14.5703212381902,1.54773432193931,0.13440450347408,0.550464093400975,-4.84599222780569,"MECR",0.465408314987818,0.871586179190117,""
"COA3",0.139023064819163,12.7913023267464,1.1537518120137,0.259643974621393,0.668109415623316,-5.32450829607342,"COA3",0.564875495205538,0.585621751324435,""
"SLMAP",0.138956245627968,13.7964758543582,1.18350044246541,0.247876405335814,0.65978384467138,-5.29261406760627,"SLMAP",0.557836362236642,0.605764810546161,""
"NDUFS1",0.138341235923267,17.986874048017,1.476593635959,0.152421180462657,0.567131006573305,-4.94108030776158,"NDUFS1",0.479499915273055,0.816954679197796,""
"CPT2",0.138309737573927,15.5122636849403,1.44916975434057,0.159868262509673,0.570057417017177,-4.97674997244814,"CPT2",0.481974147053062,0.796237745040438,""
"ATE1",0.138173955364113,11.0155531757307,0.848758254622734,0.405281709554446,0.776744851889728,-5.54684125112761,"ATE1",0.656724965401386,0.39224299561389,""
"NOL3",0.138032873907729,14.934339621645,1.73471208061898,0.0952557488430774,0.500904513544631,-4.5791302613319,"NOL3",0.423506507351395,1.02110880446615,""
"PFDN6",0.138026350313659,14.4523835556,1.68378676407234,0.104820754565979,0.515115229335582,-4.65417609042881,"PFDN6",0.435521433248151,0.979552718296261,""
"TTR",0.137794229626307,13.9948002024046,0.815978033282056,0.42231227499069,0.782035997271198,-5.63438501042574,"TTR",0.661198541581679,0.374366295124355,""
"CDKN1B",0.137549277700943,11.5954119799239,0.718995583259216,0.479173320183027,0.820395629187075,-5.68177168859124,"CDKN1B",0.693630977897769,0.319507370960682,""
"PPP6R3",0.137408168879638,10.8259475104705,1.49389052618307,0.147869976850307,0.56529254798566,-4.91829859303472,"PPP6R3",0.477945528849475,0.830119995116314,""
"NDUFV1",0.137341454918932,16.4093280531142,1.54473550051584,0.135127078620909,0.551848993912704,-4.85007411021915,"NDUFV1",0.466579225536419,0.86925761236039,""
"FNTA",0.137297177544305,11.6338609154659,1.70223979379168,0.101265116130417,0.510687756121808,-4.62718274655576,"FNTA",0.431778077645526,0.994540134908095,""
"HIBCH",0.137114143640966,15.2610972509071,0.963442620274182,0.344663540764284,0.731699747953158,-5.51114481699641,"HIBCH",0.618640072721021,0.462604654747944,""
"NIBAN2",0.137064941038036,11.1537577341451,0.579135391551479,0.56979540941892,0.864309450887154,-5.62086808815339,"NIBAN2",0.730759390099619,0.244281053994511,""
"TOMM22",0.136696075376927,11.5724739104736,0.970521295924712,0.341195105073572,0.728847579364752,-5.50475222157774,"TOMM22",0.616228611205721,0.466997208028506,""
"UBA6",0.136600070184521,10.5794816086142,1.22292509269605,0.233379505644598,0.652036201717361,-5.22778357996977,"UBA6",0.551285857861181,0.631937284435699,""
"GSN",0.136519195697954,14.4203159325241,1.4877081382351,0.149483887434154,0.567131006573305,-4.92646651545985,"GSN",0.479499915273055,0.825405616540562,""
"GPX4",0.136458721010206,13.8405794104352,1.3134000398489,0.201118401732312,0.617355287092941,-5.14502393468135,"GPX4",0.52196371636079,0.696548190938923,""
"THBS4",0.136372299108041,10.399957677747,0.537253357723894,0.60116064058412,0.87952619590109,-5.42927117252849,"THBS4",0.743624897117125,0.22100946144623,""
"VPS35L",0.136359385352929,20.1670062219387,0.699912317592033,0.490522085170762,0.82759986874684,-5.71778367213718,"VPS35L",0.699722043662955,0.30934143425372,""
"PRPS1",0.136294606726381,13.1720896761339,1.17107244973524,0.252743467551902,0.662387987694395,-5.30602607550968,"PRPS1",0.560038122225818,0.597320060436565,""
"NDUFB8",0.13603184936639,15.5682914983041,1.27230617438234,0.215111857245925,0.634072014530854,-5.19316032238364,"NDUFB8",0.536097433786247,0.667335650074886,""
"EHBP1L1",0.136030048023237,12.1868374034447,1.35508043142361,0.187656015025091,0.604856884069537,-5.09485898865746,"EHBP1L1",0.511396522676598,0.726637510385786,""
"PGK1",0.136009126176358,19.0801613451901,1.41017827940294,0.17095614576931,0.582224311392278,-5.02650450035249,"PGK1",0.492261055640986,0.767115281964654,""
"ACYP2",0.135902044114729,15.5291724835918,0.923559766959142,0.364650243987834,0.753173273733145,-5.54635282942307,"ACYP2",0.636795584715209,0.438123491514024,""
"FHL3",0.135880169922487,15.9429888023056,1.48635179318386,0.149839862666239,0.567131006573305,-4.9282547327096,"FHL3",0.479499915273055,0.824372633679549,""
"APMAP",0.135879268540675,11.9894616056055,0.979063921474822,0.338852930264418,0.728412985967819,-5.403239182219,"APMAP",0.615861169654135,0.469988754402989,""
"MYH9",0.135825148147052,14.2642916421185,1.73348959482328,0.0954763708030551,0.500904513544631,-4.58095194471013,"MYH9",0.423506507351395,1.02010409752203,""
"ACTB",0.135778050818786,17.3805696489479,1.91081288590102,0.0677020709690938,0.447425863455713,-4.30669769431615,"ACTB",0.378291190450468,1.16939804628246,""
"CCDC124",0.135763707155517,11.4058513376275,0.962467269675481,0.345143312383184,0.731699747953158,-5.51202225100909,"CCDC124",0.618640072721021,0.462000537235021,""
"STARD10",0.135439527634118,9.40833817756184,0.540571249494011,0.594862760998362,0.876759257213924,-5.69547123823091,"STARD10",0.741285496078063,0.22558321749145,""
"TATDN3",0.135274459275358,10.6043804522048,0.890757000612422,0.382013268439536,0.759813576768736,-5.55517828370064,"TATDN3",0.64240985144732,0.417921552507139,""
"TMED2",0.135266447309606,9.55848623050944,0.833381518573991,0.415147639608546,0.782035997271198,-5.47374261501836,"TMED2",0.661198541581679,0.381797426987745,""
"PSMD4",0.135233791515368,13.9751511182349,1.52748895434233,0.13934475035039,0.553336627483342,-4.87342454176153,"PSMD4",0.467836995192478,0.85590938817639,""
"MACROD1",0.135207175624338,16.9132720854065,1.84178535786536,0.0775458096793486,0.472017366141595,-4.4158160259221,"MACROD1",0.39908290050978,1.11044166506255,""
"PPP1CB",0.134721290172324,14.8562969099811,1.6493046871978,0.111747021329055,0.527333961224919,-4.70400046820023,"PPP1CB",0.445852169599671,0.951764044371378,""
"UGP2",0.134574459454278,16.8535514203029,1.51756626945138,0.141819724952172,0.556601459539374,-4.8867622227847,"UGP2",0.470597356865714,0.848263361239507,""
"RPL15",0.134528904445068,12.3430579452515,1.07003814349185,0.294947482385075,0.702321165841612,-5.41035325350864,"RPL15",0.593800965936074,0.530255306533097,""
"HSD17B4",0.134499477284431,13.498949886336,1.41324659707936,0.170061996946911,0.581639308020462,-5.02263043506398,"HSD17B4",0.491766444935578,0.769392725542121,""
"HNRNPUL2",0.134112692790584,11.8807053592816,1.4718668667687,0.153684403731812,0.567131006573305,-4.94726781778921,"HNRNPUL2",0.479499915273055,0.813370203527517,""
"DDAH1",0.134049102060029,14.6268819785473,0.808755358042528,0.426377595845365,0.782191742921434,-5.63992822992862,"DDAH1",0.661330221961039,0.370205623532043,""
"DBT",0.133969879506067,13.5812912553668,1.09063988039898,0.285956816513273,0.695158357501785,-5.38976658069082,"DBT",0.587744929584233,0.543699546472385,""
"HNRNPH1",0.133907551626852,13.398357568915,1.33485019576449,0.194099469515262,0.613648634893293,-5.11937487568365,"HNRNPH1",0.518829803040803,0.711975651561196,""
"HGS",0.13389214463278,11.2205154102072,1.10086271724542,0.281569216591672,0.692110634276275,-5.37941979487122,"HGS",0.585168129847541,0.550414827495662,""
"PIN1",0.133825988228592,13.4520876942501,1.40461108744893,0.172588038101508,0.582941479281683,-5.03351557430148,"PIN1",0.492867409266904,0.762989308079288,""
"PLS3",0.133759283465826,13.725195240176,1.52963143413515,0.138815019170747,0.553336627483342,-4.8705354018807,"PLS3",0.467836995192478,0.857563542598025,""
"MRPL47",0.133554598905803,10.0042786665259,0.451230094259754,0.658883459652692,0.908346701617621,-5.51277053140434,"MRPL47",0.76799215951158,0.181191394670901,""
"NLRX1",0.133523150548989,14.4707197222944,1.21281816888432,0.236671567251179,0.652036201717361,-5.26047964334024,"NLRX1",0.551285857861181,0.625853913290262,""
"GARS1",0.133517207339247,13.941653110829,1.59768083652635,0.122829543090309,0.535671919823742,-4.77706968772048,"GARS1",0.452901776119764,0.910697163667287,""
"XPNPEP1",0.133252617219485,13.8138278275201,1.59558545405452,0.123297991107146,0.536326375083323,-4.77999645480284,"XPNPEP1",0.453455107251164,0.909043999301985,""
"NID2",0.133117990697745,14.2308937300373,1.45574485588855,0.158056641536559,0.570057417017177,-4.96824845162988,"NID2",0.481974147053062,0.801187250396517,""
"EHD2",0.132630000801681,15.5664561955418,1.44370968995784,0.16138529454419,0.570612291424102,-4.98378542072377,"EHD2",0.482443284215417,0.792136040799032,""
"RHOT1",0.132589053041313,10.3414022617839,1.1104500032838,0.278429586917762,0.689113227621462,-5.32247744414218,"RHOT1",0.582633871941761,0.555284616933662,""
"KRT6C",0.132552640509259,14.509073086768,0.287828818173571,0.776339720626458,0.95364517629118,-5.82437632049523,"KRT6C",0.806291272972524,0.109948193035887,""
"XRCC5",0.132516055299275,12.1088228271147,1.12055820709368,0.273253172743076,0.682182486039453,-5.35924090970912,"XRCC5",0.576774044207367,0.563434786754981,""
"IKBKB",0.132480043491226,11.3667630711174,0.317383815881585,0.755134091160456,0.950379135544513,-5.66979055588173,"IKBKB",0.803529889371286,0.121975922701572,""
"MARCKS",0.132428553714176,10.8668926840126,0.636845046867518,0.530329546482523,0.848231826156726,-5.73468680244376,"MARCKS",0.717166023475896,0.275454176168522,""
"LUC7L2",0.132333238822389,9.06595565904557,0.644004485959929,0.540980119735263,0.852498596626505,-5.11099733654678,"LUC7L2",0.720773507558119,0.266818694316562,""
"TNKS1BP1",0.132141628486169,9.79809705958133,0.407497292841992,0.694735303863252,0.924746357042623,-5.25133132838104,"TNKS1BP1",0.781857797777964,0.158180631335189,""
"FECH",0.132088620154871,14.2158457636098,1.26346488240569,0.218217764669608,0.638024358791181,-5.20334336954062,"FECH",0.539439075692599,0.661109897267659,""
"DIABLO",0.13208341615473,14.4810576010855,1.48780557553641,0.149458341228424,0.567131006573305,-4.92633800153293,"DIABLO",0.479499915273055,0.825479842094168,""
"CDSN",0.132054557622878,11.0176501792817,0.425381555797657,0.676331720110038,0.91603921551168,-5.60387515450466,"CDSN",0.774496053175806,0.169840243587959,""
"RAB10",0.132014541786063,14.9792712365583,1.58402684353835,0.125908734519735,0.536326375083323,-4.79608589712037,"RAB10",0.453455107251164,0.899944141042701,""
"VAMP3",0.131626401781467,13.2874065132328,0.876343395460101,0.389286741469107,0.764461172884956,-5.58624424559793,"VAMP3",0.646339317334604,0.40973038745795,""
"OPA1",0.131215776448188,13.9102056513287,1.7926250129753,0.0852900889681522,0.481076317146493,-4.49171283136366,"OPA1",0.406742094221577,1.06910143256659,""
"LRRFIP2",0.131152054477434,11.3237797870372,0.874779802562203,0.390855406570676,0.766393362435748,-5.54661415839833,"LRRFIP2",0.647972951742101,0.407983876216596,""
"NUP155",0.130997629632219,10.0313490781353,0.87132615160934,0.393569560353807,0.768665447466516,-5.50485614687322,"NUP155",0.649893962173763,0.404978498354478,""
"FARSB",0.130973106159741,15.1515304518721,1.7847764299795,0.0865860462241473,0.483822377643282,-4.50368732812293,"FARSB",0.409063843094912,1.06255209107886,""
"RALY",0.13092709198771,10.3987169778226,1.04358435144746,0.306784307689317,0.708590303600989,-5.43626577914779,"RALY",0.599101418546873,0.513166858732946,""
"MT-ND1",0.130636376215708,12.753724705942,0.552508137563442,0.585773839773975,0.873816778180974,-5.78256414479715,"MT-ND1",0.738797678570928,0.232270027491389,""
"AFG3L2",0.130593404033476,14.511906285496,1.93359134315987,0.0647021019364636,0.441234524132035,-4.27005093666643,"AFG3L2",0.373056515134323,1.18908161045063,""
"PGM1",0.130185520992629,19.3213064050776,1.22723915548839,0.231301452677585,0.651072106742241,-5.24441932103306,"PGM1",0.550470731455594,0.63582163965533,""
"ALG5",0.130161001495804,10.4104323519662,0.536010134768865,0.597664678449749,0.876798820556582,-5.7266160920886,"ALG5",0.741318946231965,0.223542409897701,""
"SIRT5",0.129614099303261,14.2617216438657,1.26619416131895,0.217255350577413,0.637119623603425,-5.20020648215831,"SIRT5",0.538674137008511,0.663029518917819,""
"SCFD1",0.129297243483087,12.9440592971917,1.50518369634804,0.14495840466457,0.56141988017624,-4.90330666683557,"SCFD1",0.47467125206867,0.838756599256022,""
"KLC1",0.129199471734619,11.8705567713939,1.72351185594724,0.097293339181355,0.504204290234061,-4.59578335600846,"KLC1",0.426296414136006,1.01191689103484,""
"CSNK2B",0.129029578047794,13.5907067914449,1.44922532533675,0.159852881620446,0.570057417017177,-4.97667825399692,"CSNK2B",0.481974147053062,0.79627953042402,""
"LDHA",0.128863732188485,18.887376159099,0.564505155960438,0.577501281101767,0.870003962574202,-5.79953848379665,"LDHA",0.735574005840626,0.238447048016232,""
"PPM1A",0.128649795934052,13.0312849448674,1.693058846829,0.10302121064019,0.51321794958222,-4.64064132929035,"PPM1A",0.433917314498793,0.98707335087104,""
"RMDN1",0.128341944284069,13.0524901844348,0.935352196678223,0.35866200829906,0.747268074420099,-5.53608618782426,"RMDN1",0.631802836060212,0.445314624048635,""
"RHAG",0.128215402809651,13.6152546357496,0.231977519245861,0.823480239981862,0.958988576205263,-5.11883256945693,"RHAG",0.810809029498576,0.0843468175868809,""
"RPS3A",0.128202100544929,13.208459596447,0.906763752415615,0.37329316571656,0.757402599839042,-5.56076663004459,"RPS3A",0.640371410205149,0.427949961101704,""
"ALDH6A1",0.128056686429865,13.2188866619471,0.645297568523543,0.524683725670553,0.845851945950252,-5.75279256318994,"ALDH6A1",0.715153874000488,0.280102406282102,""
"CAMK2A",0.127644774060478,15.407626748113,0.890428297838154,0.381827217335669,0.759813576768736,-5.57454875858272,"CAMK2A",0.64240985144732,0.41813311754163,""
"CCDC25",0.127581826160675,10.5517824861166,0.640420003619282,0.528604650633251,0.848231826156726,-5.67459806246512,"CCDC25",0.717166023475896,0.276869020289679,""
"KIF5B",0.127570175644971,13.3178201543436,1.44706901910219,0.160450573757677,0.570057417017177,-4.97945944674951,"KIF5B",0.481974147053062,0.794658725565376,""
"RPS27A",0.127438768031173,16.9460171046402,1.25472181088445,0.221322694832462,0.640167741677277,-5.21335250544076,"RPS27A",0.541251270582966,0.654974050441696,""
"MRPL49",0.127217465152738,10.4341846766712,0.607787737587422,0.549361045042429,0.856020031358762,-5.73336875293227,"MRPL49",0.72375082256327,0.260142139460275,""
"ACSS3",0.127153252282255,11.5208298835704,0.676095135561983,0.505262003661509,0.836084848710198,-5.73338690022571,"ACSS3",0.706895954322692,0.296483360025363,""
"HSPA12A",0.126423614826036,10.9170202434524,1.17174422035788,0.252478593172628,0.662387987694395,-5.30530432597138,"HSPA12A",0.560038122225818,0.597775438381426,""
"CCT4",0.126261118916084,12.5975818188365,1.21242098983183,0.236820783085728,0.652036201717361,-5.26091961112062,"CCT4",0.551285857861181,0.625580187154428,""
"RPL13A",0.126166192889839,10.8237662582096,0.5698428080337,0.574146703545339,0.867595004799832,-5.77326106238017,"RPL13A",0.733537271760989,0.240977124327212,""
"PGAM2",0.125960239243607,18.7909092382031,1.37243527865861,0.18226300608352,0.598715206482591,-5.07357749732672,"PGAM2",0.506203835540043,0.739301471137479,""
"HSPA8",0.125902052759635,18.6838380176105,1.91115004591061,0.067656795172537,0.447425863455713,-4.30615754437495,"HSPA8",0.378291190450468,1.16968857810948,""
"TXLNB",0.125623111565055,14.5579745338356,1.11422362769315,0.275908167460564,0.687208454428912,-5.36576601410146,"TXLNB",0.581023417613121,0.55923544330279,""
"HMGB2",0.125255959261745,10.7888635119177,1.02707966283341,0.315203440057781,0.714515092700825,-5.41208717530707,"HMGB2",0.604110730043607,0.501409051366622,""
"GPI",0.124359388542945,17.7783311803264,1.24330353938714,0.225428130995674,0.64324180246489,-5.22633292761015,"GPI",0.543850338294165,0.646991889648046,""
"RHOA",0.124266906076912,14.024870483501,1.43117048772403,0.164912884451971,0.575595298627602,-4.99985867215423,"RHOA",0.486656334646781,0.782745412106865,""
"COX17",0.124170468511362,11.3655379453277,0.803019665150513,0.430291496497497,0.784655874617897,-5.59496486552694,"COX17",0.663413604682105,0.366237236442903,""
"ALAD",0.123790175620991,13.0453407571247,0.821824446426077,0.419039311994386,0.782035997271198,-5.62986397288496,"ALAD",0.661198541581679,0.377745231970788,""
"UBE2L3",0.12356565151056,14.9123238798432,1.09428529261066,0.284386625253226,0.694280613181982,-5.38608694641305,"UBE2L3",0.587002811233978,0.546090832398347,""
"VPS25",0.123523013110896,13.1685096579454,1.03757610478031,0.309518671908865,0.711518230289527,-5.4420689186843,"VPS25",0.601576932286745,0.509313146765387,""
"TCAP",0.12330003925539,17.1268014977803,1.36715976139936,0.183889314804813,0.601305492943756,-5.08007097780035,"TCAP",0.508393880034641,0.735443505433634,""
"EML1",0.123026367835383,12.161945111377,1.61651054415996,0.118685819306349,0.534065797303782,-4.75063153307236,"EML1",0.451543826010684,0.925601167860109,""
"RPA1",0.123015007448004,11.6212226646705,1.19222227508597,0.244502562579847,0.655431239184631,-5.28312683968672,"RPA1",0.554156306062807,0.61171658476754,""
"CCAR2",0.123002929278863,10.4815488433495,0.921508021886038,0.366475797075522,0.753698865657039,-5.50744731056687,"CCAR2",0.637239964020968,0.435954701905886,""
"PRPF8",0.122910274078848,10.0349642337034,0.569226602651973,0.575635651842007,0.869358209594109,-5.68041820533292,"PRPF8",0.735028032343051,0.23985231598845,""
"FRMD8",0.122440245813504,15.6779941324413,0.986629292626271,0.333391142083358,0.727882866099863,-5.49004489910868,"FRMD8",0.615412962046328,0.477045943186548,""
"HNRNPDL",0.122394596102458,15.7512632641998,1.61669877549039,0.118644990887879,0.534065797303782,-4.75036599926675,"HNRNPDL",0.451543826010684,0.925750592682001,""
"MIX23",0.122242220675236,12.6684671534091,0.984863707361908,0.33424051642749,0.728076269092051,-5.4916678230864,"MIX23",0.615576481087419,0.475940906344631,""
"SCLY",0.122146937954348,9.8610098827548,0.598249604384018,0.556489577045165,0.858507026166936,-5.64748615433397,"SCLY",0.725853535668324,0.254542965514648,""
"CISD1",0.122010761972017,16.420558854219,1.36492974170545,0.184580194784299,0.601356318035825,-5.0828094574163,"CISD1",0.508436851811988,0.733814900045368,""
"CSNK2A1",0.121891746047334,13.4525180521964,1.74378975182144,0.0936310221630905,0.500397288727113,-4.56557243061249,"CSNK2A1",0.423077657131242,1.02858023542771,""
"MDH1",0.12188633263284,19.8598084720083,1.33493361496901,0.194072550234672,0.613648634893293,-5.11927443189863,"MDH1",0.518829803040803,0.712035887201278,""
"PA2G4",0.121663111566168,12.4730632843774,1.37842836698411,0.180429249248217,0.595416522519115,-5.06617505114847,"PA2G4",0.503414852637211,0.74369305793917,""
"SNX21",0.12158612094372,10.2079886333137,0.709341515842313,0.485335077903554,0.824007692880606,-5.66169415409317,"SNX21",0.696684918195397,0.31395831863854,""
"TFB2M",0.121360523264046,13.4385923979635,0.28996426048872,0.774263879806584,0.95364517629118,-5.91253013132778,"TFB2M",0.806291272972524,0.111111000540915,""
"YWHAB",0.120995224856843,13.9678858697769,1.45156331375616,0.159206850899707,0.570057417017177,-4.97365883546511,"YWHAB",0.481974147053062,0.798038247880248,""
"SYNPO",0.120868153749345,14.6354111053797,1.26973583589632,0.216011300465761,0.63544572416423,-5.19612709802406,"SYNPO",0.537258882631715,0.66552352847153,""
"PCCB",0.12080631299103,14.0685323903242,1.22443581761257,0.232338109966349,0.65140890011073,-5.24755438509943,"PCCB",0.550755484695645,0.633879547881182,""
"TOMM40",0.120682655175363,11.819530288421,1.01411331597941,0.320360042817927,0.717868484179673,-5.46443795369576,"TOMM40",0.606945967248677,0.494361656963072,""
"TSG101",0.120565093738508,11.8828159250852,1.14740576594184,0.262206597341288,0.668109415623316,-5.33121855099659,"TSG101",0.564875495205538,0.581356385289447,""
"YARS2",0.120458082270806,10.5411711040501,0.893150736645639,0.382557495370668,0.759813576768736,-5.44298344492822,"YARS2",0.64240985144732,0.417303284573812,""
"ETFA",0.12040948513183,17.2955276677469,1.20051249978805,0.241327512807003,0.652036201717361,-5.27405206048707,"ETFA",0.551285857861181,0.617393163051318,""
"IPO7",0.120385788459659,11.871269613591,1.08259825393216,0.289442557468023,0.696712388767996,-5.39784452426017,"IPO7",0.589058837397143,0.538437613110909,""
"RPN2",0.120294316275755,11.7956763742981,0.844388527398726,0.40655664060622,0.777630989460664,-5.61213006650122,"RPN2",0.657474180107087,0.390878940871552,""
"PSMD3",0.120153772539295,12.71575714321,1.67437066878485,0.106675282988819,0.519974087369948,-4.66786177639408,"PSMD3",0.439629517603967,0.971936196368163,""
"MMGT1",0.119999327558595,11.4013870369445,0.655512714663731,0.518726442299781,0.845437111859113,-5.70470234406881,"MMGT1",0.714803138616162,0.285061613097249,""
"ATP5PD",0.11999547214355,17.7089218817521,1.19808034243596,0.242255788457879,0.652454379608414,-5.27672014103362,"ATP5PD",0.551639420373202,0.615725837124331,""
"GBP2",0.119830788512813,11.1586402112062,0.974929653448274,0.339870617637773,0.728412985967819,-5.45247558214431,"GBP2",0.615861169654135,0.468686379251455,""
"AP1B1",0.119597911982439,12.3536451876734,0.902489508818437,0.37551394390774,0.758157899408665,-5.56439534267994,"AP1B1",0.64101000353798,0.425373931763002,""
"ATP5F1D",0.119442206291067,13.858180732021,0.809388421735377,0.426020306420116,0.782035997271198,-5.63944423108787,"ATP5F1D",0.661198541581679,0.370569699592068,""
"CALU",0.119225508209645,15.3574587133953,1.24998815449032,0.223017727260396,0.642437988092876,-5.21874634850056,"CALU",0.543170726495818,0.651660614326828,""
"ATAD1",0.119149270002207,12.9613477857418,1.3331023556638,0.194664164782315,0.613648634893293,-5.12147818731295,"ATAD1",0.518829803040803,0.710713989259064,""
"HSPD1",0.118955622353102,17.8170033735359,1.80540430960538,0.0832155896910244,0.478473158819882,-4.47213108765716,"HSPD1",0.404541166776974,1.07979530492864,""
"CRIP1",0.11892707503443,11.4961320718944,0.604487340584438,0.552418682832404,0.856368271280688,-5.64395697225247,"CRIP1",0.724045253675522,0.25773164198006,""
"PSMA7",0.118873605435557,13.4476020821804,1.43742836532997,0.163144756470207,0.573653857772049,-4.99185170186386,"PSMA7",0.485014878413644,0.787426880029032,""
"RALA",0.118558873351532,13.3873096769318,1.3060546515002,0.203566648420351,0.617801107415252,-5.15372507413166,"RALA",0.522340650092675,0.691293373650968,""
"ACADVL",0.118139279066853,17.6139603907757,1.25445932426837,0.221416428939581,0.640167741677277,-5.21365206574698,"ACADVL",0.541251270582966,0.654790157923913,""
"PAFAH1B2",0.117787418772165,14.6155294862186,1.47698936067312,0.152315805111083,0.567131006573305,-4.94056154621022,"PAFAH1B2",0.479499915273055,0.81725502958326,""
"ARHGAP17",0.117641070061609,12.718943780128,1.42370186358544,0.167043109495448,0.578505147601244,-5.00937655099358,"ARHGAP17",0.489116563976772,0.777171434242096,""
"SPARC",0.117438724741064,11.6206530517705,0.817573386511402,0.421417583287816,0.782035997271198,-5.63315434374505,"SPARC",0.661198541581679,0.375287347784491,""
"ADK",0.116992352232455,12.2894249850281,1.42086001634648,0.167859413336544,0.579933063404595,-5.01298719643923,"ADK",0.490323843245209,0.775054299066037,""
"ECH1",0.116778530106785,16.3877950828255,1.04818630643602,0.304701469243338,0.708590303600989,-5.43180031141228,"ECH1",0.599101418546873,0.516125451642978,""
"NEXN",0.116435909057365,13.4935172863018,0.871710244310896,0.391760958249816,0.767220812506972,-5.59005328562889,"NEXN",0.648672547134428,0.406978846701452,""
"ANP32A",0.116338395596374,9.99257201669085,0.668536083128901,0.51053303514265,0.839965813120084,-5.69651832878524,"ANP32A",0.710177245742398,0.291976150705425,""
"ANK1",0.116241075456868,13.1923917524048,0.440610741499836,0.663326965497621,0.909606626254492,-5.85937765540504,"ANK1",0.769057405018576,0.178272347449432,""
"MRPL30",0.11605449447789,9.55380485450602,0.429370215578042,0.672834710531322,0.914140869190669,-5.63208716207985,"MRPL30",0.772891032661087,0.172091612032717,""
"PSMB7",0.115672121586055,12.9021616358612,1.1071761732051,0.278883841702791,0.689328038430334,-5.37298639934511,"PSMB7",0.582815490938888,0.554576647665122,""
"PDIA4",0.115429947263461,13.9413623379845,1.14812373568591,0.261915743752012,0.668109415623316,-5.33046103106641,"PDIA4",0.564875495205538,0.581838395354377,""
"SURF4",0.115343406989819,11.676461205951,1.03389263130623,0.312075851751571,0.712784224644996,-5.40561065801229,"SURF4",0.602647309640738,0.505739835489702,""
"KHSRP",0.115320003133727,11.6204797195486,1.11682040060073,0.274817538017789,0.685491878061748,-5.36309515189487,"KHSRP",0.579572080597378,0.560955555377742,""
"NFU1",0.115309652809952,12.4195755745187,0.835719845148758,0.411324142133901,0.780327581769497,-5.61899658026196,"NFU1",0.659754104443131,0.385815799394708,""
"TUBB",0.115203014468566,15.5749827159552,1.3063715695679,0.203460545051462,0.617801107415252,-5.15335052954059,"TUBB",0.522340650092675,0.691519796403072,""
"ARL3",0.114785496059785,13.1457654833835,1.18327327488791,0.247964739951383,0.65978384467138,-5.29286034697317,"ARL3",0.557836362236642,0.605610070517533,""
"NT5C2",0.114759982369298,10.3323023099821,0.541483977540238,0.593025088063971,0.876260951019897,-5.81174738373233,"NT5C2",0.740864186407023,0.22692693331825,""
"YWHAZ",0.114277086241348,15.7944958015338,1.13214854212454,0.268443458591569,0.673689833580765,-5.34721618683536,"YWHAZ",0.569593646579332,0.571147174424522,""
"TNNT1",0.114142665074819,19.9641077162007,1.00918373815772,0.322670961631227,0.718478507681682,-5.46907828729448,"TNNT1",0.607461732061634,0.49124011662513,""
"PMPCA",0.11406387151697,12.910969179046,1.34492246173511,0.190870145294486,0.607525706364158,-5.10720822093135,"PMPCA",0.513652967923494,0.719261995900832,""
"ATP5PB",0.113644350568567,18.2794433021879,1.16518370936434,0.255074157627795,0.664154094326172,-5.31233719879875,"ATP5PB",0.561531336263642,0.593333538913368,""
"COMTD1",0.113574616288753,12.1084067107666,0.559799109182406,0.580658135587178,0.872780134340349,-5.80207449608764,"COMTD1",0.737921213295733,0.236079484693191,""
"DNAJC21",0.113526078133958,13.3383854329837,1.11284366904027,0.277421682199306,0.688399005699402,-5.32004534429611,"DNAJC21",0.58203000908266,0.556859599169267,""
"ACOT9",0.113437764556993,13.2254045589774,1.61140634232701,0.119797413257971,0.534065797303782,-4.75782254465885,"ACOT9",0.451543826010684,0.921552559408458,""
"SNRNP200",0.113382056038621,11.541702210817,0.893306373537308,0.381493310508739,0.759813576768736,-5.51066486370775,"SNRNP200",0.64240985144732,0.418513073002974,""
"UQCR11",0.113275247576148,15.9787923342532,0.762324898161112,0.453084788271413,0.801712058802087,-5.67444724281207,"UQCR11",0.677834327189619,0.343820518444704,""
"RHOG",0.113272655447579,11.1924057429785,0.884771995950895,0.385168025311675,0.760015039137382,-5.55651175448175,"RHOG",0.642580184558324,0.414349772967738,""
"PABPC4",0.112821847940372,12.8259968746943,1.31450815175473,0.200751050996324,0.617355287092941,-5.1437076513459,"PABPC4",0.52196371636079,0.697342172372024,""
"ATP2B1",0.112572885831975,11.7935979489831,0.893454784110488,0.38059676903132,0.759813576768736,-5.54928222440874,"ATP2B1",0.64240985144732,0.419534902853583,""
"NDUFA5",0.112463565047527,16.1192176860724,1.20432238356637,0.239878751190139,0.652036201717361,-5.26986302070237,"NDUFA5",0.551285857861181,0.620008220767406,""
"CCDC90B",0.111904169915242,10.6940133850305,0.754616694547796,0.458590708675969,0.80471650665575,-5.61315561880179,"CCDC90B",0.680374538312933,0.338574748584783,""
"HNRNPA0",0.111570188979449,12.7872421005433,1.05042961827371,0.30368976977976,0.708590303600989,-5.42961705788532,"HNRNPA0",0.599101418546873,0.517569837660369,""
"ADSL",0.111537902473723,14.7998636245751,1.36440618252943,0.184742693315081,0.601356318035825,-5.08345184108316,"ADSL",0.508436851811988,0.733432729202108,""
"DNAJB4",0.1115203157616,13.7047611144081,0.800712256514863,0.430933106775234,0.784655874617897,-5.64604628482773,"DNAJB4",0.663413604682105,0.365590139614394,""
"BIN1",0.1114003640668,16.4055414860849,1.08388336758415,0.288883478283867,0.696509835113181,-5.39655722971069,"BIN1",0.588887581621676,0.53927729545358,""
"PTPN23",0.111358665312629,12.2729505514507,0.791212329157651,0.437383046202068,0.787783391246008,-5.5865997915902,"PTPN23",0.666057868425072,0.359138055051441,""
"PPID",0.111087185210662,12.2683002227892,0.862912894854897,0.396833614616762,0.772010854185234,-5.5780769504876,"PPID",0.652722448395794,0.40139154714223,""
"FUNDC2",0.111053505215221,12.796362833929,1.18221428325342,0.248376839813702,0.660268432504757,-5.29400788006436,"FUNDC2",0.558246073259939,0.604888902899827,""
"MB",0.11102141663979,21.4190502845331,1.26918953791968,0.216202837414395,0.63544572416423,-5.19675698283547,"MB",0.537258882631715,0.665138610728091,""
"RPS27",0.110899775293976,11.9981226253022,1.00156847055727,0.326263534767315,0.720969760954939,-5.47620602520827,"RPS27",0.609568045628703,0.486431462939997,""
"GSR",0.110884247908592,12.7219052793283,1.39428774540286,0.175646785041045,0.587056949770478,-5.04645451163023,"GSR",0.496346971709821,0.755359794928099,""
"HDLBP",0.110802233568847,11.1465831730493,0.799978487110965,0.431350191710579,0.784655874617897,-5.64660155425979,"HDLBP",0.663413604682105,0.36517000460691,""
"RNPEP",0.110692996475949,13.0045429357479,0.581450530040337,0.566205776502366,0.861936283125396,-5.79023594517538,"RNPEP",0.728752915885544,0.247025704221525,""
"TRAP1",0.11068187877911,13.7573494361142,1.18112633820343,0.248800736137965,0.660421208097987,-5.29518583988308,"TRAP1",0.55837524250507,0.604148339012637,""
"PGAM1",0.110508876120514,14.3018512476685,1.01101033665815,0.32181333438546,0.717891284398334,-5.46736127777481,"PGAM1",0.606965244457627,0.492395964804899,""
"NFIC",0.110416734634374,11.057343163636,0.755132265557976,0.460100309600048,0.805947522185318,-5.51823333236937,"NFIC",0.681415341646354,0.337147474499718,""
"DOHH",0.110392248129443,10.9722717606488,0.611805983942149,0.546745426439694,0.855332728172342,-5.72276826729141,"DOHH",0.72316971905132,0.262214841176126,""
"RPS16",0.110240726947833,12.9907745284752,0.951999697130146,0.350320723873453,0.736289017745743,-5.5213873008088,"RPS16",0.622520224663349,0.455534170425198,""
"COQ3",0.110232085708324,15.7094323893505,1.23412725521765,0.228769095636789,0.649649924404768,-5.23668944396421,"COQ3",0.549268299738024,0.640602644655799,""
"ABCE1",0.110169360146282,12.4365783793119,1.4542248245591,0.158473978729673,0.570057417017177,-4.97021667521225,"ABCE1",0.481974147053062,0.800042038316022,""
"KRT6B",0.109981210121024,16.191918091321,0.22208145304122,0.826153030509417,0.959650917765912,-5.90955521564983,"KRT6B",0.8113690283675,0.0829394997133785,""
"TOMM20",0.109885553764961,11.0701711383822,0.52180587415068,0.607091092549582,0.879783106886987,-5.7584034999807,"TOMM20",0.743842111119785,0.216746139199105,""
"HNRNPL",0.109866295334815,12.7574983007742,1.18521056004068,0.247212172704366,0.6596153790281,-5.29075873334877,"HNRNPL",0.557693927312889,0.606930148436864,""
"ABHD5",0.109788347130905,11.2472980223897,0.652135168965856,0.520336947633247,0.845437111859113,-5.74855942816642,"ABHD5",0.714803138616162,0.283715335004349,""
"NDUFA12",0.109662329101015,13.5121796772869,1.05216227282853,0.302909992324383,0.708590303600989,-5.42792788768186,"NDUFA12",0.599101418546873,0.51868640002547,""
"SUCLG2",0.109525664449897,14.5164493222731,0.757235295779477,0.456072258117901,0.80471650665575,-5.67811328787592,"SUCLG2",0.680374538312933,0.34096634414305,""
"ELOC",0.109495150412958,14.3709974106345,0.962800849149984,0.344979174935837,0.731699747953158,-5.51172225223661,"ELOC",0.618640072721021,0.462207120820719,""
"TUBG1",0.109410109139858,10.6310570198734,0.790290998853834,0.437194437208686,0.787783391246008,-5.6308982132882,"TUBG1",0.666057868425072,0.359325372579932,""
"EIF3M",0.109178166067991,13.1227855501613,1.03694257632055,0.309807985206112,0.711518230289527,-5.44267904192263,"EIF3M",0.601576932286745,0.508907392625042,""
"BANF1",0.1090463030612,14.8980760528835,0.964620539846662,0.344084728573082,0.731699747953158,-5.51008405713506,"BANF1",0.618640072721021,0.4633346021353,""
"NIPSNAP2",0.109023578504331,18.7836706565076,1.41793292240395,0.168703524827648,0.580881136631063,-5.01669982764906,"NIPSNAP2",0.491125423526475,0.772875843331414,""
"USO1",0.108980448974416,12.8990749133872,1.46481865771747,0.155583705258373,0.568751938440709,-4.95646367887333,"USO1",0.480870386441225,0.808035889910227,""
"RPS18",0.108754780840965,14.3638358615981,0.91727461978867,0.367868810614744,0.753966305436064,-5.55177534018523,"RPS18",0.63746607994462,0.434307031826688,""
"ABHD14B",0.108705750774021,15.9320732962297,0.810337232702344,0.425485162474289,0.782035997271198,-5.63871816267544,"ABHD14B",0.661198541581679,0.371115580039782,""
"MAVS",0.108685236936552,11.5775142888815,0.76186567641371,0.453353857758958,0.801712058802087,-5.67477897930381,"MAVS",0.677834327189619,0.343562684342786,""
"AIFM1",0.108683684000177,15.2123964674426,1.51075526975465,0.143539222809918,0.560681780526903,-4.89587617909081,"AIFM1",0.47404720098485,0.843029409575613,""
"PACSIN2",0.108660364254419,12.208088628315,1.1514989682635,0.260551589316222,0.668109415623316,-5.32689420970836,"PACSIN2",0.564875495205538,0.584106273373597,""
"SND1",0.108631777049991,11.962584262215,1.02265534073185,0.316382909595769,0.715877593886823,-5.45634819619568,"SND1",0.60526270233162,0.49978698430431,""
"CD44",0.108547155603226,12.0109916996654,0.497447143432499,0.623273238102119,0.887997885887396,-5.83371896135483,"CD44",0.750787571320388,0.205321520298911,""
"SEPTIN7",0.108488925663979,10.8831844260826,0.625231025908302,0.538054567486402,0.852498596626505,-5.72313322798495,"SEPTIN7",0.720773507558119,0.269173677574325,""
"CYB5A",0.108482029957946,13.6692225375145,0.91815947640991,0.367414550800467,0.753966305436064,-5.55101401138751,"CYB5A",0.63746607994462,0.434843648228318,""
"POTEI",0.108441692410155,14.3895744636847,0.838368448115545,0.409863768776014,0.780327581769497,-5.61690567867045,"POTEI",0.659754104443131,0.387360470842081,""
"RAB24",0.108327078715609,11.2280904481525,0.833532390724717,0.413625567250313,0.780748851792012,-5.55441972600603,"RAB24",0.66011028130132,0.383392624235809,""
"TKT",0.108137410376299,12.035537949224,0.833329481949517,0.412644939843255,0.780437168833982,-5.62087827141266,"TKT",0.659846758499295,0.384423476161387,""
"LTN1",0.107883204451873,10.1282715939269,0.621978424227299,0.541885508358922,0.852498596626505,-5.59676604878183,"LTN1",0.720773507558119,0.266092463167178,""
"TRIM72",0.107787892750096,18.4070800018143,1.41841079512148,0.168565486024207,0.580881136631063,-5.01609414787168,"TRIM72",0.491125423526475,0.773231342900254,""
"TMEM11",0.107579226971552,14.4034654659436,1.13715480223192,0.266385174168471,0.672380560236474,-5.34198806801217,"TMEM11",0.568486677553868,0.574489949756979,""
"IDH3B",0.107550023609061,13.9966353821332,1.27870500512575,0.212885149764307,0.631171216500855,-5.18575194898646,"IDH3B",0.533644856879876,0.671854632598107,""
"AK1",0.107478408006468,17.8537632459273,1.20438532605265,0.239854871191982,0.652036201717361,-5.2697937159926,"AK1",0.551285857861181,0.62005145705918,""
"PSME2",0.107453433711441,13.5969816483553,1.30089080517686,0.205301520511427,0.621096591557753,-5.15981684488789,"PSME2",0.525126927599632,0.68760783413025,""
"PREP",0.107447050638596,15.1198925467806,0.928361855888339,0.362203763278075,0.750820941784371,-5.54218665652268,"PREP",0.634806726837473,0.441047041701664,""
"H4C16",0.107382556723145,17.492411941582,0.976655625537706,0.338208632834861,0.728412985967819,-5.49917757406492,"H4C16",0.615861169654135,0.470815311153731,""
"CRAT",0.107312259986678,17.5885748479971,1.20803151346301,0.238474564646698,0.652036201717361,-5.26577352558526,"CRAT",0.551285857861181,0.622557935377166,""
"SMARCC2",0.107311351935023,9.79377031483895,0.560033884680919,0.580941426932918,0.872780134340349,-5.75164984633183,"SMARCC2",0.737921213295733,0.235867652880172,""
"GLO1",0.107267369148246,17.3192034250104,1.05513114214297,0.301577146906429,0.708590303600989,-5.42502765056679,"GLO1",0.599101418546873,0.520601571782613,""
"NDUFA10",0.107059603500801,16.8500363427597,1.25632151174477,0.220752093352462,0.640167741677277,-5.21152568136237,"NDUFA10",0.541251270582966,0.656095169394278,""
"PFKFB1",0.107020534387896,12.5747844667321,1.01890833990676,0.318123245155656,0.716338695562266,-5.45990444215943,"PFKFB1",0.605652556195621,0.497404595985389,""
"PPP1R7",0.106956956135095,12.6246502135123,1.19563016326089,0.243193635813447,0.653753678296261,-5.27940316267667,"PPP1R7",0.552737955991103,0.614047794396286,""
"PSMC2",0.106934607430047,12.9651219127537,1.79886179395384,0.0842721732003249,0.479099820313134,-4.48216925140889,"PSMC2",0.405070998737203,1.07431580640225,""
"MSN",0.106836410663011,16.604115210785,1.56640051537967,0.129977844301033,0.543182519633576,-4.82044057980417,"MSN",0.459251864425154,0.886130670138061,""
"IMPACT",0.106440644608314,10.8633445436519,0.702445316988529,0.488969023408083,0.826755044879038,-5.7160937651787,"IMPACT",0.699007759012078,0.310718652919441,""
"RFTN1",0.106264302320762,10.5204070879982,0.639326790258955,0.528741888373799,0.848231826156726,-5.73317857030711,"RFTN1",0.717166023475896,0.276756282239163,""
"AASDHPPT",0.106229717764592,12.5529514347416,0.893254995031895,0.380341451454201,0.759813576768736,-5.57218061125697,"AASDHPPT",0.64240985144732,0.41982634049215,""
"RPS6",0.106169553617308,12.695633270887,0.892933348904731,0.380510324405576,0.759813576768736,-5.57245043280069,"RPS6",0.64240985144732,0.419633554999742,""
"SEC23IP",0.106076000031132,11.794187719205,1.09342710482546,0.285195791006388,0.695073952444261,-5.36490389732552,"SEC23IP",0.587673566499757,0.544856888203723,""
"SLC25A24",0.106002854773829,10.6880056816897,0.701968143660298,0.490909988323186,0.82759986874684,-5.58426639338117,"SLC25A24",0.699722043662955,0.308998131417114,""
"WDR44",0.105919295936012,10.0397953799411,0.650704272342862,0.522754926108888,0.845851945950252,-5.63353615749215,"WDR44",0.715153874000488,0.281701865976905,""
"CAPNS1",0.105725749149205,13.2053228485367,1.07391645579008,0.293239776535598,0.699826598864258,-5.40650489543823,"CAPNS1",0.591691850686828,0.532777120121461,""
"ANXA6",0.105513829663938,18.2584933284464,1.10165099305633,0.281232915978443,0.692110634276275,-5.37861835210219,"ANXA6",0.585168129847541,0.550933850113085,""
"RABGGTB",0.105481405074645,11.0823037438991,0.779217000906072,0.445601569141717,0.793624134619025,-5.51408430573437,"RABGGTB",0.670996120645517,0.351053288506704,""
"H1-2",0.105128934046849,12.8746858445745,0.917371594273379,0.367819008607969,0.753966305436064,-5.55169193683424,"H1-2",0.63746607994462,0.434365830507862,""
"ACSM5",0.105081457435528,11.6374529997017,0.451652858688429,0.660536002388116,0.908468674914114,-5.43539890167245,"ACSM5",0.768095285922685,0.180103506266899,""
"MRPL19",0.105036142865288,11.2151193808424,0.598761861688995,0.554783710779317,0.857734029703578,-5.78045672075658,"MRPL19",0.725199979903623,0.255876298901046,""
"MAP2K6",0.105025128352418,13.8038871571713,1.03032663121565,0.312840617220388,0.713307900836498,-5.449030274603,"MAP2K6",0.603090069226346,0.504676865939832,""
"ALDH1B1",0.10495912488563,14.136180265852,0.77429335484023,0.446105994284674,0.794029950149596,-5.66573438422762,"ALDH1B1",0.671339230985579,0.350561941144694,""
"HNRNPC",0.104897109778054,11.6152665091041,1.05599383251068,0.301190628666783,0.708590303600989,-5.42418351213557,"HNRNPC",0.599101418546873,0.521158545026516,""
"VDAC1",0.104819908737053,18.0923875463713,1.31506678964774,0.200566053838067,0.617355287092941,-5.14304370499981,"VDAC1",0.52196371636079,0.697742570210652,""
"SPARCL1",0.104770283197061,11.5152318126517,0.762703103194833,0.453493689827443,0.801712058802087,-5.62464273413716,"SPARCL1",0.677834327189619,0.343428751585556,""
"EIF4A2",0.10412691749759,14.9194423350087,1.29362896876214,0.207760516096891,0.623018177612017,-5.16834836129381,"EIF4A2",0.526751596925643,0.682436984548597,""
"SLC35E2B",0.10402983491894,15.7930555362272,0.280757940743329,0.781234351030506,0.954714160734888,-5.9150739491109,"SLC35E2B",0.807195081694398,0.107218668949201,""
"CCT5",0.104009004900671,14.2193177405398,1.23314461330402,0.229129069912441,0.65002920920812,-5.23779449012217,"CCT5",0.549588978785658,0.639919807791574,""
"PRKG1",0.103994191184713,13.4829536057215,1.05929139184417,0.299716425015981,0.706474430394813,-5.42095109610473,"PRKG1",0.597312482637303,0.523289456259082,""
"SARS2",0.10374252660068,12.8502506482396,1.21526288519562,0.235754667499499,0.652036201717361,-5.25776876277919,"SARS2",0.551285857861181,0.627539700290696,""
"GET3",0.103618417131962,13.5520488324996,1.60470990804322,0.121268876275125,0.534796142635117,-4.76722929261646,"GET3",0.452161320946486,0.916250646754005,""
"HSP90AB1",0.103458014059633,16.875391264403,0.888956468775191,0.382602333281623,0.759813576768736,-5.57577905177748,"HSP90AB1",0.64240985144732,0.417252385776984,""
"IAH1",0.103364849170129,12.9770476966669,0.643380184693632,0.525906174920659,0.847293281816618,-5.75397188294864,"IAH1",0.716372499710936,0.279091729893474,""
"SSR4",0.103358097376216,12.2069533241621,1.16702252395552,0.254344680056278,0.663839614946886,-5.31036952519803,"SSR4",0.561265449133553,0.594577341761209,""
"PPIB",0.103180865586912,14.2591285108739,0.903821776383835,0.374820807060154,0.758157899408665,-5.56326599826599,"PPIB",0.64101000353798,0.426176308551093,""
"AIMP1",0.102966406451738,13.6014517161193,1.46993611899949,0.154202818204709,0.567927144457893,-4.94979051538982,"AIMP1",0.480173036727853,0.811907689063468,""
"KLHL31",0.102719560200974,12.1122666779849,0.754735493033064,0.457842312638564,0.80471650665575,-5.65683976456612,"KLHL31",0.680374538312933,0.339284073399618,""
"CDC37",0.102580226795634,12.0313134223088,0.516669275471222,0.609982412752773,0.879783106886987,-5.82435216000131,"CDC37",0.743842111119785,0.214682686554041,""
"FKBP5",0.102386324190988,11.5893510785617,0.628577729932939,0.535395430424269,0.849707175648467,-5.76296232907166,"FKBP5",0.718413407145786,0.271325339816986,""
"UGGT1",0.102297232755447,13.0958016305061,1.16507511615712,0.255117285969569,0.664154094326172,-5.31245331570611,"UGGT1",0.561531336263642,0.593260113923099,""
"PSMD1",0.102199134918393,12.5168888713867,1.30876099625227,0.202661946488302,0.617801107415252,-5.15052410344557,"PSMD1",0.522340650092675,0.693227790436844,""
"PFN2",0.102081835653802,15.007447655034,0.857407788749557,0.399462540031049,0.77221790820524,-5.60169236635026,"PFN2",0.652897509155828,0.398523940807031,""
"CD59",0.101650600479742,16.0090143460221,0.97801523147233,0.337549133967297,0.728412985967819,-5.49793763741489,"CD59",0.615861169654135,0.471663001921069,""
"FSD2",0.101643997184173,12.9970181627298,1.00570040363235,0.324310845235583,0.71954902370275,-5.47234475525105,"FSD2",0.608366835706913,0.489038527900527,""
"CAV1",0.101626609922185,14.6816161405845,0.960560524170738,0.346082539180782,0.731915581820426,-5.51373520714662,"CAV1",0.618822556697155,0.460820311508322,""
"RTCB",0.101385346786371,13.5387111675517,1.56746930620054,0.129728059747074,0.542928949757799,-4.81897005671904,"RTCB",0.459037475276013,0.886966077306002,""
"ABCC9",0.101286705455564,9.47974172025234,0.398605518388027,0.695234050852384,0.924746357042623,-5.66411848014835,"ABCC9",0.781857797777964,0.15786896536384,""
"LRRFIP1",0.10108982493978,11.9445008372517,0.623034294329765,0.539211617551837,0.852498596626505,-5.74297665527631,"LRRFIP1",0.720773507558119,0.268240759306003,""
"SEPHS1",0.100722790736087,11.1690464421553,0.705936030342319,0.486833372928417,0.825163835754587,-5.71375532925987,"SEPHS1",0.697662417933011,0.312619658088097,""
"PDF",0.100254886032049,11.3715826346186,1.0028392510561,0.327517756221311,0.722754402852715,-5.39111664221107,"PDF",0.611076930928321,0.484765149962595,""
"AP1M1",0.100211393447568,10.1809519846157,0.608860699657958,0.548176114698663,0.855332728172342,-5.77462341583187,"AP1M1",0.72316971905132,0.261079891599438,""
"HCCS",0.100084815830636,11.4725957308561,0.834761056921635,0.411853601331528,0.780327581769497,-5.61975194669314,"HCCS",0.659754104443131,0.385257132104548,""
"HSPB1",0.0999647622329682,19.1246481911117,0.926117584295676,0.363345772288584,0.75210217176678,-5.54413622718772,"HSPB1",0.635889985662842,0.439679888676779,""
"BROX",0.0995296737042004,11.161128475756,0.421144492901607,0.680181651763398,0.917238854961351,-5.56296223024343,"BROX",0.775510328550999,0.167375087553819,""
"PSMC5",0.0995129080542583,12.7096035762045,1.41120004014449,0.170657976836385,0.581899111041877,-5.02521520838525,"PSMC5",0.491986104106585,0.767873407267791,""
"MAGOH",0.0993117130999224,10.7790120403358,0.642712525709714,0.526849589389903,0.847861643014805,-5.71259542782944,"MAGOH",0.716853039732934,0.278313354088359,""
"KPNB1",0.0990915308639746,14.1303736902654,1.47286821891242,0.153416090544036,0.567131006573305,-4.94595838141069,"KPNB1",0.479499915273055,0.81412908844431,""
"ASPA",0.0989174950595153,15.1328629034118,0.828240118024814,0.415465949420938,0.782035997271198,-5.62486770254909,"ASPA",0.661198541581679,0.381464564141168,""
"HSPA9",0.0988946640507802,15.9291937760612,1.28125090035139,0.212004140498309,0.63021626043438,-5.18279542565641,"HSPA9",0.532837457270867,0.673655657099511,""
"RPL23",0.0988463257404106,10.4169435491007,0.516657290586627,0.609990657756511,0.879783106886987,-5.82435810829753,"RPL23",0.743842111119785,0.214676816326717,""
"CARNS1",0.0987763640076622,11.2005869335685,0.490857555595161,0.627859967396992,0.890165909331735,-5.83685002908847,"CARNS1",0.752620599396479,0.202137206849022,""
"XRCC6",0.0987759345236316,13.564174636409,1.22880912458735,0.230722413269849,0.651072106742241,-5.24266082670364,"XRCC6",0.550470731455594,0.636910214379625,""
"RCN3",0.0987193388297385,9.5645148885405,0.286490225214439,0.779973405112623,0.95411318537637,-5.49089223256954,"RCN3",0.806686966937577,0.10792020527073,""
"VPS35",0.0986987335000364,12.262355208853,1.45230161020026,0.159003281687629,0.570057417017177,-4.97270451421173,"VPS35",0.481974147053062,0.79859391213162,""
"ATP5IF1",0.0986801686699241,10.8071340316094,0.403726794621137,0.690191617150523,0.922504717336662,-5.83212250377292,"ATP5IF1",0.779962528366448,0.161030319816163,""
"MAP2K2",0.0986670158983891,11.4428415509055,0.803882861272283,0.429133747087528,0.784655874617897,-5.64364144022305,"MAP2K2",0.663413604682105,0.367407331196534,""
"LANCL2",0.0985799440383897,11.7064455781788,0.839249971666763,0.409378445482654,0.780327581769497,-5.61620839177648,"LANCL2",0.659754104443131,0.387875027463391,""
"HSPE1",0.0984876765169851,16.2009373148394,0.967486450556099,0.342679215119635,0.7298457170686,-5.50749820710351,"HSPE1",0.617072520177155,0.465112236488133,""
"RIDA",0.0984295315946255,13.4417399738172,0.717431138972176,0.479838516984008,0.820395629187075,-5.70597630062472,"RIDA",0.693630977897769,0.318904893837501,""
"DPYSL2",0.0984063626176344,14.1824574901094,1.0445141667668,0.306362669312259,0.708590303600989,-5.43536498127726,"DPYSL2",0.599101418546873,0.513764155160221,""
"RPS21",0.0980131399417026,13.7666385808709,1.14751489807688,0.262162372039329,0.668109415623316,-5.3311034344256,"RPS21",0.564875495205538,0.581429642121061,""
"NUDT9",0.0980125764701487,12.7421506472652,0.982419355738533,0.335418869325407,0.728412985967819,-5.49391025726237,"NUDT9",0.615861169654135,0.474412509370385,""
"MOB4",0.0978675964296816,12.4822190326585,0.821171626373649,0.419403988944378,0.782035997271198,-5.6303703095684,"MOB4",0.661198541581679,0.377367443283422,""
"NUP133",0.0976636428984925,10.1286400597078,0.75418219467076,0.458168168200916,0.80471650665575,-5.65723450529809,"NUP133",0.680374538312933,0.338975087243769,""
"HSP90B1",0.0973252771015911,14.1867700358585,1.10922859031401,0.278014858995718,0.688726380900789,-5.37088786787556,"HSP90B1",0.582306799417712,0.555931991825114,""
"MAP4",0.0970353327093463,14.6181304454926,0.954607771435249,0.349025864592388,0.734643150472688,-5.51906277732167,"MAP4",0.621128671020833,0.457142388417511,""
"ARMC1",0.0969136598204834,12.199383238403,0.810563678770529,0.425357505028016,0.782035997271198,-5.63854475822942,"ARMC1",0.661198541581679,0.371245900079018,""
"PRCP",0.0968943780699991,13.1320805233121,0.381778470779739,0.706929273046464,0.927808977843945,-5.74322169055254,"PRCP",0.784447193169375,0.150624034381526,""
"UBE2K",0.0968926359966726,11.5630605383633,0.72572031056106,0.474830805996272,0.817289714637468,-5.7002922491098,"UBE2K",0.691004978356004,0.323461112716215,""
"UBE2G1",0.0968160267167271,14.0455977897786,1.0360463422569,0.310217591992027,0.711518230289527,-5.44354158556145,"UBE2G1",0.601576932286745,0.50833357761065,""
"CAPRIN1",0.0967995048139354,15.5451394175404,0.585337161785848,0.563630961344098,0.861936283125396,-5.78806461418864,"CAPRIN1",0.728752915885544,0.249005158267489,""
"ACAD8",0.0966948277143764,12.8628296863555,0.97224233872119,0.340355418970493,0.728412985967819,-5.50319146803305,"ACAD8",0.615861169654135,0.468067330382587,""
"ASB14",0.0964239828799816,10.838256118993,0.613515090160934,0.546218927949747,0.855332728172342,-5.67432405877113,"ASB14",0.72316971905132,0.262633254467799,""
"EEF1B2",0.0958554330739396,14.6198828549055,0.919982489801771,0.366479838543095,0.753698865657039,-5.54944334377115,"EEF1B2",0.637239964020968,0.435949912565356,""
"PAM16",0.0958211754195162,11.7834856799809,0.960443777639715,0.346528711530304,0.732070589259383,-5.4913087427775,"PAM16",0.61895361293105,0.46026077622506,""
"CARM1",0.0955830027562357,12.3045748977921,1.31229736441029,0.201484466738449,0.617355287092941,-5.1463328122641,"CARM1",0.52196371636079,0.695758429770067,""
"MRPL15",0.0945791665368745,10.4808186629917,0.518512977197996,0.610521915464941,0.879923905271007,-5.63068259290944,"MRPL15",0.743961153832008,0.214298741883449,""
"AP2M1",0.0944121776072571,11.6556166722368,0.791569411718866,0.436462801105536,0.787608235055935,-5.62994443505157,"AP2M1",0.665909776754319,0.360052764473923,""
"CTSB",0.094356066205231,13.6368272293032,0.701231125283212,0.489713131452546,0.82752583896425,-5.71690455109664,"CTSB",0.699659452702368,0.31005825040098,""
"PARK7",0.094330085833537,16.1829418681907,0.92238136297001,0.365252267167326,0.753698865657039,-5.54737211763937,"PARK7",0.637239964020968,0.437407079664155,""
"PPME1",0.094301761870863,13.0476248681574,1.30839438052036,0.202784319806159,0.617801107415252,-5.15095805802069,"PPME1",0.522340650092675,0.692965629639177,""
"MPP1",0.0942932071661602,11.8984709980457,0.613850010256311,0.54492694244542,0.854909973639782,-5.77170661209805,"MPP1",0.722812287064365,0.263661719043755,""
"PRRC2A",0.0939609477282346,10.2565597633725,0.419246532954706,0.679812520736869,0.917171873606932,-5.72893032734672,"PRRC2A",0.775453696920217,0.16761084087556,""
"HYOU1",0.0938034504197205,11.3887427719306,1.06483071841174,0.297251533192039,0.703707263036506,-5.41550062931308,"HYOU1",0.594972888260561,0.526875896658388,""
"ITGA1",0.093697711208911,11.220924900822,0.593923542498706,0.558436025016788,0.85966210607142,-5.74130458299203,"ITGA1",0.726830136682752,0.253026572903983,""
"CLASP1",0.0935011182791996,10.8358123160871,0.525257705691775,0.604087565452214,0.87952619590109,-5.82005492519159,"CLASP1",0.743624897117125,0.218900103702859,""
"MRPL45",0.0934458183118583,11.4522893204347,0.671933164771121,0.507862967350803,0.837492578554943,-5.7360602437164,"MRPL45",0.708086166695952,0.294253454156162,""
"PFDN4",0.0934034482028014,11.5846577496429,0.711873442338783,0.483213129850004,0.822378168526887,-5.70975234907409,"PFDN4",0.69530718222172,0.315861273592359,""
"DHRS7",0.0933490326605035,14.3684984616444,0.870096153971922,0.392625296707669,0.768108939780196,-5.59137583351698,"DHRS7",0.649423444100608,0.406021722396165,""
"HNRNPA2B1",0.0932227737921227,15.592958684101,1.29877015339231,0.206017281478741,0.621497498980219,-5.16231253952972,"HNRNPA2B1",0.525465888215216,0.686096347902383,""
"PSMB1",0.0931646133683941,15.3494130008228,0.89301225545078,0.38046889179991,0.759813576768736,-5.57238424830713,"PSMB1",0.64240985144732,0.419680846572616,""
"STAM",0.0926995437041995,11.3497601194706,0.743479877034693,0.464204957927687,0.808206448884408,-5.68790431952355,"STAM",0.683325226925535,0.333290225385622,""
"TUBA8",0.0925859417979442,14.3618076059666,0.65466861232322,0.518731411338443,0.845437111859113,-5.74698006223069,"TUBA8",0.714803138616162,0.285057452877991,""
"CFL2",0.0924753194726726,17.398544850616,0.972827605567803,0.340070191465189,0.728412985967819,-5.50266012952548,"CFL2",0.615861169654135,0.468431434075911,""
"WARS1",0.0923947812254333,14.9465117415722,0.885893634544058,0.38421860714097,0.760015039137382,-5.57833316323265,"WARS1",0.642580184558324,0.415421606723234,""
"DNAJA3",0.0922385968009003,12.4684704496122,1.05706394006049,0.300711666480336,0.70823887979085,-5.4231355469027,"DNAJA3",0.598804295509632,0.521849722582064,""
"MRPS18B",0.0920910488121507,12.0124338348112,0.689392015946708,0.498616963280025,0.832768645478157,-5.59244329436535,"MRPS18B",0.704092159167143,0.302232950594395,""
"GALM",0.0919377505770296,12.2630121334482,0.646050466975708,0.524204129712314,0.845851945950252,-5.7523285544869,"GALM",0.715153874000488,0.280499561977352,""
"HADHB",0.091760338760885,17.7990491334471,0.91243522374929,0.370359781451996,0.755199275574039,-5.55592707036379,"HADHB",0.638508535867222,0.431376180850297,""
"MT-CO3",0.0913300933801278,11.6904749591515,0.469483423599475,0.64284218922128,0.899089004893613,-5.8467243780415,"MT-CO3",0.76016492957117,0.191895628572138,""
"RAB14",0.0913213177012935,13.0051926713771,0.97165073902368,0.340643898109363,0.728412985967819,-5.50372825648531,"RAB14",0.615861169654135,0.467699386090993,""
"CALR",0.0909631139026956,14.5707459922207,1.17970731481687,0.249354437331319,0.660421208097987,-5.29672082736531,"CALR",0.55837524250507,0.603182898986185,""
"SEPTIN2",0.0905995371834685,12.4002755944211,1.23200448853227,0.229547271509075,0.650572770486234,-5.23907566992985,"SEPTIN2",0.550048550884133,0.639127865065658,""
"LGALS1",0.0905977249389167,18.7839965868975,0.537537350709572,0.595706673798725,0.876759257213924,-5.81379067175748,"LGALS1",0.741285496078063,0.224967534402206,""
"CSDE1",0.0904286652424506,13.0424354608118,0.764804786026135,0.451633415053693,0.800889150475079,-5.67265251600517,"CSDE1",0.677138571767143,0.345213933362285,""
"TYMP",0.0903321900156993,10.7866401209419,0.588658937572125,0.561435109791962,0.861400287155588,-5.78619771988095,"TYMP",0.728299740130506,0.250700431900854,""
"CFL1",0.0901397640112016,14.8030161605131,0.666847251047003,0.511051438421076,0.840337159053213,-5.73930550373014,"CFL1",0.710491212606154,0.291535384996132,""
"HMOX2",0.0899997544491775,11.8094769096866,0.911403997902043,0.370892016217135,0.755199275574039,-5.55680912114356,"HMOX2",0.638508535867222,0.430752515148503,""
"MAP2K1",0.0899305560921917,13.1818689751211,0.799176507743295,0.431806332242205,0.784655874617897,-5.64720788972064,"MAP2K1",0.663413604682105,0.36471099322531,""
"STOML2",0.089908941111668,12.3158916079455,0.560786068251125,0.579995364780597,0.872728874363257,-5.80154435187008,"STOML2",0.737877873830269,0.236575477227154,""
"LRRC39",0.0895792610507495,13.6937531366872,0.73407146639198,0.469816588711912,0.813536445230337,-5.694502622672,"LRRC39",0.687831650955709,0.328071652822666,""
"OGDH",0.0895105290274216,18.498748229914,1.01112821926273,0.321758040280136,0.717891284398334,-5.46725037007365,"OGDH",0.606965244457627,0.492470591880709,""
"ALDH1L1",0.089184589038684,14.2840290087921,0.566682668102837,0.576043496710678,0.869464079368168,-5.79835806869667,"ALDH1L1",0.735117543491451,0.239544722013924,""
"ALDH16A1",0.0891345922408693,11.0559702566168,0.391183277156937,0.700607504836531,0.927114230591015,-5.66688149520012,"ALDH16A1",0.783859795821929,0.154525214874969,""
"YME1L1",0.0888882835943612,10.6783140498295,0.52909474776527,0.603312427774204,0.87952619590109,-5.6538737392232,"YME1L1",0.743624897117125,0.219457728457558,""
"ENO1",0.0888674742724724,17.5594399201087,0.993697510086119,0.330005636788544,0.724347234877607,-5.48352106251344,"ENO1",0.612423644142953,0.481478641924376,""
"CD81",0.0888546073536052,9.81027455248457,0.385320678799464,0.7045911232769,0.927590957058745,-5.71609536466445,"CD81",0.784262860190188,0.152062832537325,""
"EMC4",0.0888123274164361,11.7222578097696,0.812253652489147,0.424729885058387,0.782035997271198,-5.61431051629724,"EMC4",0.661198541581679,0.371887179886826,""
"MCM2",0.0887990147031825,14.4213357670143,0.503183480523309,0.61929300372409,0.884844822422659,-5.83096004812526,"MCM2",0.748121708148267,0.208103826273626,""
"SHMT2",0.0886880879184329,12.0165289653658,0.911996145852353,0.37058633610021,0.755199275574039,-5.55630274557961,"SHMT2",0.638508535867222,0.431110597606646,""
"RAC1",0.0886873517636548,13.3760918193587,1.10691024000573,0.278996579817502,0.689328038430334,-5.37325805197628,"RAC1",0.582815490938888,0.554401120652892,""
"PERM1",0.0884514823457465,14.4632610950872,0.905290627670901,0.374057583724444,0.758157899408665,-5.56201907505602,"PERM1",0.64101000353798,0.42706153585101,""
"KHDRBS1",0.0884075008643617,10.7070357874199,0.470407641111493,0.644148722496866,0.899089004893613,-5.60118014033664,"KHDRBS1",0.76016492957117,0.191013850182296,""
"ECI1",0.0879948423652248,15.8998675498032,0.96032149129373,0.346200404079463,0.731915581820426,-5.51394972509499,"ECI1",0.618822556697155,0.460672429558895,""
"AKR1A1",0.0878120506877487,12.9083287089301,0.803858938117648,0.42914730640885,0.784655874617897,-5.64365961914004,"AKR1A1",0.663413604682105,0.367393609028475,""
"CAMK2B",0.0875453809917133,15.7860940691129,1.0447084422352,0.306274623768538,0.708590303600989,-5.43517667654885,"CAMK2B",0.599101418546873,0.513888984955891,""
"EEFSEC",0.0874047901595638,11.0586373398896,0.560335614616751,0.580739068983219,0.872780134340349,-5.75148869000092,"EEFSEC",0.737921213295733,0.236018956000301,""
"GAA",0.0872477029278684,12.2677362272308,0.694421858691582,0.493898104696369,0.829714136093197,-5.7214265748044,"GAA",0.701509621844526,0.306362640413645,""
"DYNLL2",0.0872379670970478,15.8923569383105,0.974409816670343,0.33929992148953,0.728412985967819,-5.50122223407128,"DYNLL2",0.615861169654135,0.469416240846093,""
"DNAJA2",0.0868691421899186,14.9795065354295,1.0258496873015,0.314904506976535,0.714515092700825,-5.45330705768282,"DNAJA2",0.604110730043607,0.501821123609146,""
"GAMT",0.0868194434062399,14.7421613287831,0.978881890407341,0.337129205153239,0.728412985967819,-5.49714643127233,"GAMT",0.615861169654135,0.472203623368991,""
"DDX39B",0.0867827183738825,14.6157755832075,0.979810571341218,0.336679620229948,0.728412985967819,-5.49629788714178,"DDX39B",0.615861169654135,0.472783171374156,""
"VPS29",0.0867324155292426,12.2942919803781,1.07735489204174,0.291731658692802,0.698641448431705,-5.40308248406124,"VPS29",0.590689825536716,0.535016438723552,""
"PHIP",0.0867032137828545,15.1368261738505,0.226196336140317,0.822910065697684,0.958988576205263,-5.92847499762791,"PHIP",0.810809029498576,0.084647625426173,""
"P4HA1",0.0865914274420483,11.160258811205,0.588749879117036,0.561375054940215,0.861400287155588,-5.78614646499077,"P4HA1",0.728299740130506,0.250746889426034,""
"TMEM43",0.0863078893003522,13.4023792815106,0.892715328558181,0.380624818811396,0.759813576768736,-5.57263327349191,"TMEM43",0.64240985144732,0.419502896759942,""
"ORAI1",0.085910953660651,10.2920900118238,0.494407331846812,0.626486621987941,0.889536642792967,-5.72370802911852,"ORAI1",0.752088564913219,0.203088198506781,""
"PSMC4",0.085863732430612,13.6728977047437,1.20460831542887,0.239770284688154,0.652036201717361,-5.26954816117404,"PSMC4",0.551285857861181,0.620204641068763,""
"KPNA4",0.0858001980798093,15.6199019240224,1.00468975102044,0.324787716619472,0.719952136526725,-5.47329055035993,"KPNA4",0.608707660953111,0.488400404016016,""
"LSM8",0.0856822826706729,11.7076952077696,0.470937338121044,0.641991239032921,0.899089004893613,-5.82257516022076,"LSM8",0.76016492957117,0.192470898513109,""
"RPL6",0.0856499246211264,12.0685577060565,0.735940064601006,0.468698908155922,0.813072244903717,-5.69319851784073,"RPL6",0.687439177233228,0.329106058176847,""
"ARIH1",0.0856423738636813,11.4662420852421,1.01520001940935,0.319852159770143,0.717868484179673,-5.46341223065554,"ARIH1",0.606945967248677,0.495050712405889,""
"MAPK14",0.0855281878465863,13.7167571323759,0.9615628528916,0.345588595689475,0.731699747953158,-5.51283513952281,"MAPK14",0.618640072721021,0.461440597532412,""
"REEP5",0.0852777389027981,13.2440849191735,0.858340055524542,0.398957604445931,0.77221790820524,-5.60093920520901,"REEP5",0.652897509155828,0.399073252517378,""
"CMPK1",0.0850282818716117,12.8640433054708,0.957742082952162,0.347474013114956,0.73298889908379,-5.51626145643954,"CMPK1",0.619730028746608,0.459077669873272,""
"TMEM65",0.0849162349368164,11.762273548168,0.631080774842091,0.533784414112984,0.848710668810555,-5.76145627381245,"TMEM65",0.717570877044611,0.27263411125954,""
"NDUFA11",0.0848344192343795,14.0207926559579,0.658694171576266,0.516185865590803,0.844427133966494,-5.74445836564487,"NDUFA11",0.713949218960341,0.287193891655694,""
"TPD52",0.0847511241578918,10.4827625947895,0.306276486247408,0.76341821182891,0.950379135544513,-5.67306199556594,"TPD52",0.803529889371286,0.117237483891165,""
"LMCD1",0.0846387098418546,16.1162072270421,0.839694226705855,0.40913399821415,0.780327581769497,-5.61585672388719,"LMCD1",0.659754104443131,0.388134430002232,""
"HINT1",0.0845111164308925,15.7237643996471,0.874003849743506,0.390534852579966,0.766387943784746,-5.5881700119616,"HINT1",0.647968370362021,0.408340202227822,""
"COPS8",0.0845035039060509,12.8994257430126,0.908214985565435,0.37254111217974,0.757399406455065,-5.55953094311968,"COPS8",0.640368710251648,0.428825793230933,""
"HNRNPM",0.0844968206901289,13.7256806499235,0.900764923119693,0.376412438908071,0.759437886229847,-5.56585494415531,"HNRNPM",0.642092211291028,0.424336033332252,""
"CSRP3",0.0844719399849723,17.0384318894401,0.499953101308442,0.621532998550384,0.886448702850547,-5.83251751908429,"CSRP3",0.749477762605468,0.206535808763445,""
"THRAP3",0.0841682076559405,11.0747544381591,0.610320207106135,0.548292296515422,0.855332728172342,-5.68618976264727,"THRAP3",0.72316971905132,0.26098785589355,""
"NCL",0.0841658144754298,13.4257717844276,0.690017762334892,0.496615648004923,0.832624773562867,-5.72432878892285,"NCL",0.703970517834907,0.303979600256437,""
"NDUFA3",0.0841649264788806,13.0095236464117,0.759797049894822,0.454567104102647,0.80311517284843,-5.67627097408131,"NDUFA3",0.679020636981435,0.342401996291701,""
"SAR1A",0.0837258520533357,14.0715368118811,1.02939966099657,0.313267176292691,0.713307900836498,-5.44991719526533,"SAR1A",0.603090069226346,0.504085107517758,""
"NUCB1",0.0836988865882784,11.9310964717927,0.70389997305856,0.488078400736008,0.825906002858332,-5.71512063775393,"NUCB1",0.698289907982469,0.311510411046043,""
"SRSF3",0.0835524165906101,13.5958842268728,0.762344100526627,0.453073539211222,0.801712058802087,-5.67443336710431,"SRSF3",0.677834327189619,0.343831301118371,""
"DYNC1I2",0.0835174831042202,11.9338463371701,1.07548311207427,0.292551944572312,0.699347737607916,-5.40494676756297,"DYNC1I2",0.591286981389995,0.533797010818626,""
"HSD17B12",0.0833362852344877,13.8636683616097,1.03426320771202,0.311033668304719,0.711518230289527,-5.44525566924899,"HSD17B12",0.601576932286745,0.507192597572719,""
"NDUFS2",0.0832357044809662,15.5441599970598,0.912764764867303,0.37018980540326,0.755199275574039,-5.55564500434749,"NDUFS2",0.638508535867222,0.431575545383418,""
"UQCC1",0.0831712186427822,12.4610762343336,0.581930720670355,0.565887335639369,0.861936283125396,-5.78996843929764,"UQCC1",0.728752915885544,0.24727002531451,""
"HSPA12B",0.0830717877035667,11.7459701255724,0.613186389971607,0.545593206009025,0.855332728172342,-5.74878063229245,"HSPA12B",0.72316971905132,0.263131046363237,""
"SAMM50",0.0830467365405241,16.5693831629017,0.817356775740835,0.421538991697777,0.782035997271198,-5.63332157191899,"SAMM50",0.661198541581679,0.375162247620539,""
"POTEF",0.0829702731706963,13.6907273285911,0.580267952300635,0.566990398040381,0.862654707352376,-5.79089382424195,"POTEF",0.729360331724167,0.246424295804427,""
"PSMA3",0.0826220466631007,14.3956754587015,1.17393210266093,0.251617350532792,0.661532429834841,-5.30295112232641,"PSMA3",0.559314762161896,0.599259414972223,""
"CCT3",0.082397934428867,13.802462424091,0.747815793844692,0.461632195267422,0.806258562328496,-5.68483649059489,"CCT3",0.68167832095902,0.335703910122262,""
"STK38L",0.0823274860259922,11.5661536915092,0.77528724014401,0.445529396504944,0.793624134619025,-5.66500505388421,"STK38L",0.670996120645517,0.351123635468422,""
"MAPK3",0.0822636713612983,11.4554937501117,0.614879551259887,0.54425774362979,0.854326944757314,-5.77110186353618,"MAPK3",0.722319345757144,0.264195383156389,""
"NLN",0.082187084922829,12.531976455381,0.833493057393003,0.412554471083389,0.780437168833982,-5.62074966675884,"NLN",0.659846758499295,0.384518701831284,""
"NT5DC1",0.082028330218801,12.2933893499649,0.636515694581796,0.530295349107565,0.848231826156726,-5.75816623599384,"NT5DC1",0.717166023475896,0.275482181792955,""
"PEA15",0.0815441750666306,12.7937372489169,0.72649234968694,0.474365951695042,0.816979392511377,-5.69975966983785,"PEA15",0.690742606114947,0.323886490642166,""
"CYLD",0.0813580726109144,14.7478046509351,0.709533991796591,0.484637717524541,0.82354420087386,-5.71133342962099,"CYLD",0.696293043345692,0.314582789382693,""
"PPP6C",0.0813422866211848,9.62852645713527,0.45862875535336,0.650510787764879,0.903976995001437,-5.85157386633118,"PPP6C",0.76429764461477,0.186745496907296,""
"THY1",0.0812782448776801,11.3339678358447,0.27490485745896,0.785875868056465,0.954801226565436,-5.87423705963678,"THY1",0.807268694418596,0.104646046931975,""
"SOD1",0.0812687326905923,17.3180407896329,1.08856212686792,0.286854546698314,0.696161795072577,-5.3918588856086,"SOD1",0.588593319505786,0.542338262078073,""
"OSBPL6",0.0812670153697717,10.653929557633,0.512330639468403,0.612970605535575,0.881272557763905,-5.82649668444507,"OSBPL6",0.745101417278341,0.212560351190852,""
"CCDC51",0.0812268386130821,12.0773868841408,0.582828607150108,0.56551339277264,0.861936283125396,-5.76610912337715,"CCDC51",0.728752915885544,0.24755710543635,""
"HSPB6",0.0811950952256879,18.5038692071316,0.770497105775281,0.448312518737813,0.796476015653627,-5.66851196038098,"HSPB6",0.673407339038817,0.348419133668576,""
"LRRC47",0.0810262775686006,12.7913073056109,0.791166857342181,0.436378227941347,0.787608235055935,-5.65323198712867,"LRRC47",0.665909776754319,0.360136925638252,""
"RPL9P9",0.0808152625709528,13.5303034806289,0.799596244992283,0.431567561951877,0.784655874617897,-5.64689061968451,"RPL9P9",0.663413604682105,0.364951205774874,""
"TXNDC5",0.0807484139068677,12.5487494912814,0.882595975241044,0.385963750282934,0.760015039137382,-5.58107388856641,"TXNDC5",0.642580184558324,0.413453482352502,""
"CNDP2",0.0805471338344326,13.1685595188607,0.928749518836808,0.362006741050326,0.750820941784371,-5.54184945503125,"CNDP2",0.634806726837473,0.441283342246667,""
"EIF2B5",0.080492956069385,12.1815648221673,0.664891822193161,0.512280288861678,0.841064156334522,-5.74054692467396,"EIF2B5",0.71110587682086,0.290492354260872,""
"GSTP1",0.0804686090040043,16.9047038893983,0.823340559454583,0.418193148492028,0.782035997271198,-5.62868658968859,"GSTP1",0.661198541581679,0.378623086765789,""
"HPRT1",0.0803996336254755,12.1808338720539,0.606800114224159,0.549520982633599,0.856020031358762,-5.77582132949736,"HPRT1",0.72375082256327,0.260015720041202,""
"PSMD12",0.080226353171625,12.8037004764099,0.965328974116608,0.343736931885066,0.731555768303947,-5.50944551029658,"PSMD12",0.618518340301531,0.463773803759751,""
"EIF5A",0.0801890180928932,15.3687910616122,0.962178742265601,0.345285324638831,0.731699747953158,-5.51228165563775,"EIF5A",0.618640072721021,0.461821879698086,""
"PCCA",0.0800912112973151,14.1529724797119,0.858811588583677,0.398702367465933,0.77221790820524,-5.60055796994275,"PCCA",0.652897509155828,0.399351185520605,""
"LTA4H",0.0797943393048985,15.2182931911948,0.738082527978375,0.467419342806808,0.811342764932495,-5.69169938831761,"LTA4H",0.685976930433008,0.330293319542328,""
"SKIC3",0.07976197675465,10.6291268630225,0.601700635553018,0.552856633586972,0.856584670819319,-5.77876897531098,"SKIC3",0.724228215917466,0.257387475050458,""
"OTUB1",0.0796095168697253,14.729887458247,1.15829426439511,0.257821005116381,0.666769564613442,-5.31968490660791,"OTUB1",0.563742673267984,0.588681702830106,""
"CAP2",0.0793768860080046,14.7258413422726,1.08945586238772,0.286468145158125,0.695812220599812,-5.39095933192894,"CAP2",0.588297760052802,0.54292366392766,""
"MYL12B",0.0792541948039283,14.1895048176789,0.581432125667912,0.566217983272204,0.861936283125396,-5.79024619366488,"MYL12B",0.728752915885544,0.247016341414118,""
"TMEM186",0.0792354913716355,10.0334930612143,0.326112014940025,0.747778387663667,0.949523109678191,-5.78961407692022,"TMEM186",0.802806133615357,0.126227091005881,""
"EIF3B",0.0790337107602976,12.2076842864759,0.943100136373097,0.354763506759598,0.741880510950127,-5.52927501638489,"EIF3B",0.62724773997582,0.450061060847246,""
"G3BP1",0.0789895545871246,13.2505644107431,0.920054685741813,0.366442854009797,0.753698865657039,-5.54938108176369,"G3BP1",0.637239964020968,0.435993743050901,""
"SEPTIN11",0.0788746329865297,11.4276929700014,0.647821858970104,0.523076695311451,0.845851945950252,-5.75123479356313,"SEPTIN11",0.715153874000488,0.281434628707221,""
"VWA8",0.0788176144136923,12.3687298548511,0.66233485947796,0.51388962657067,0.842352507587293,-5.74216494021694,"VWA8",0.712195156562904,0.289130148939825,""
"PRKAR1A",0.0784491805111873,15.6416884568208,0.88331535914497,0.385582609897555,0.760015039137382,-5.5804768143138,"PRKAR1A",0.642580184558324,0.413882561376675,""
"PSMA6",0.0783809503492741,14.8618563875603,1.01926686246691,0.317956437892612,0.716338695562266,-5.45956468747867,"PSMA6",0.605652556195621,0.497632377118705,""
"INPP4B",0.0782328924670175,11.5037192401586,0.540047787321974,0.595894083825111,0.876759257213924,-5.64141680658931,"INPP4B",0.741285496078063,0.224830926330311,""
"TIMM10",0.0779503233686931,11.9400452607469,0.522599844059258,0.605908941444631,0.879783106886987,-5.82139218393992,"TIMM10",0.743842111119785,0.217592638539267,""
"ANO6",0.0778059610701902,11.2794762932477,0.907554910629826,0.372883050519357,0.757399406455065,-5.5600932077031,"ANO6",0.640368710251648,0.428427357140735,""
"H6PD",0.0777488640692159,12.8210706022772,0.724436482423972,0.475604402375237,0.817493690914817,-5.7011766801766,"H6PD",0.691177436935367,0.322754134039839,""
"PTGR2",0.0777093290739597,13.6194939307214,0.814802414178998,0.422972330870984,0.782035997271198,-5.63529043911787,"PTGR2",0.661198541581679,0.373688041473845,""
"TRIM54",0.0777046868865128,13.4081631134015,0.733265543119248,0.470299124743712,0.813881125460637,-5.69506410422099,"TRIM54",0.688123072407383,0.327625829502549,""
"FHOD1",0.07750080403396,13.2493424609528,0.714373215314545,0.481693586323274,0.82171258843382,-5.70805741272081,"FHOD1",0.694744445227034,0.31722913621194,""
"DCAF7",0.0773610794679023,11.2435438464789,0.945900795602512,0.353361323292694,0.740511211075419,-5.52680017189247,"DCAF7",0.626090019508598,0.45178098736966,""
"HNRNPK",0.0770909597687179,14.9877283220118,0.913266678239039,0.369931019269492,0.755199275574039,-5.55521521670462,"HNRNPK",0.638508535867222,0.431879250915602,""
"SYNPO2",0.0770762672160394,16.5862464662343,0.672309891855058,0.507627230473698,0.837492578554943,-5.7358189153376,"SYNPO2",0.708086166695952,0.294455089242284,""
"YBX3",0.0769144840171538,13.6782441599799,0.566282231470851,0.5763114395812,0.869464079368168,-5.79857547448224,"YBX3",0.735117543491451,0.239342759738995,""
"ATP6V1G1",0.0768885094778824,12.4166584671184,0.700418393919133,0.490211568914072,0.82759986874684,-5.7174465077304,"ATP6V1G1",0.699722043662955,0.309616443683174,""
"AKR1B1",0.0765403037840748,18.525603106658,0.817385240698202,0.421523036099449,0.782035997271198,-5.63329959874633,"AKR1B1",0.661198541581679,0.375178686335798,""
"ECHDC1",0.0765142975179991,12.2100249117999,0.653189033498029,0.519668744713582,0.845437111859113,-5.74790315868236,"ECHDC1",0.714803138616162,0.284273402874302,""
"KPNA1",0.0763577578867345,13.3989851290383,0.770945522078137,0.448051539831732,0.796476015653627,-5.66818454591397,"KPNA1",0.673407339038817,0.348672025785174,""
"PFDN1",0.076205378231629,12.4694774823573,0.891088753394608,0.381479731302818,0.759813576768736,-5.57399607008179,"PFDN1",0.64240985144732,0.418528531935013,""
"MAP2K4",0.076158261550761,12.3184945943304,0.937196262553829,0.357731552323302,0.746943481251054,-5.53446980004065,"MAP2K4",0.631528397887636,0.446442752902265,""
"PSMD14",0.0760140206429885,12.9067324224798,0.707056055423199,0.486149266689538,0.824902213159376,-5.71300266946058,"PSMD14",0.69744122034236,0.313230365004009,""
"VTA1",0.0757890493790274,10.1093908558362,0.517682702721869,0.609478366051482,0.879783106886987,-5.80040803976153,"VTA1",0.743842111119785,0.215041705420844,""
"CTSZ",0.0756574586248444,10.5582648593893,0.578277605965975,0.568769866488685,0.863531616440516,-5.74175440270239,"CTSZ",0.730101743899823,0.245063420654431,""
"SF3A1",0.0755247778778543,11.0271825339148,0.422817447552193,0.67658890452945,0.91603921551168,-5.80313567839757,"SF3A1",0.774496053175806,0.169675128542045,""
"MYH14",0.0754482083301387,13.3923844393134,1.04686592346178,0.305298051003843,0.708590303600989,-5.43308336136838,"MYH14",0.599101418546873,0.515275968190621,""
"TRAPPC3",0.0754073746907782,11.0086024374764,0.49393087780313,0.626317523222263,0.889536642792967,-5.75344698408995,"TRAPPC3",0.752088564913219,0.203205437361006,""
"NPLOC4",0.0753003395444303,12.142123296371,0.845196005853923,0.406114341831366,0.777473697378935,-5.61148706585543,"NPLOC4",0.657341192245397,0.391351673232837,""
"TBC1D17",0.0752460883316317,12.004904531506,0.762465070814179,0.453002676684818,0.801712058802087,-5.6743459458384,"TBC1D17",0.677834327189619,0.343899231837032,""
"EIF1",0.0750279537052645,14.1584071943002,0.739861906987905,0.466358190519151,0.810480850472448,-5.69045115711189,"EIF1",0.685248195968175,0.33128039144099,""
"TALDO1",0.0750110716155596,15.6391868998525,0.896684635476562,0.378543837886198,0.759813576768736,-5.56929792776699,"TALDO1",0.64240985144732,0.421883819071078,""
"PRKAB2",0.0745270472609558,14.1989234641297,0.728494855290919,0.473161456191334,0.816979392511377,-5.69837575114418,"PRKAB2",0.690742606114947,0.32499064030191,""
"NAP1L4",0.0743578069036293,15.1261168873337,0.879651901738613,0.387526108669001,0.76204620410185,-5.58351267162897,"NAP1L4",0.64429750104619,0.411699032592758,""
"CUL1",0.0743320595532122,12.8146139573214,0.900172291960587,0.376721519760797,0.75952772698964,-5.56635591624993,"CUL1",0.64216817017215,0.423979570541559,""
"NAPA",0.0742805532159228,14.2331830514504,1.09683464746304,0.283292226177404,0.694280613181982,-5.38350708480841,"NAPA",0.587002811233978,0.547765342791876,""
"TMED1",0.0741190870776904,11.8940809502842,0.341371477658859,0.735710976351126,0.946081489479297,-5.89682984754567,"TMED1",0.799896300482193,0.133292764505054,""
"RAB21",0.0740052019345949,13.5712231657023,1.15012087258527,0.261107937243664,0.668109415623316,-5.32835165771186,"RAB21",0.564875495205538,0.583179926152041,""
"TATDN1",0.0739820069046591,12.4258283277364,1.02494568921879,0.315322404197821,0.714515092700825,-5.45416857637699,"TATDN1",0.604110730043607,0.501245170787745,""
"NMRK1",0.0738746173649218,10.8486160095702,0.489074343047631,0.629695784852421,0.891008673391475,-5.77420866386175,"NMRK1",0.753333142513601,0.200869213830636,""
"CCT8",0.0736369497522986,14.2824404805728,0.890654060365476,0.381708413526339,0.759813576768736,-5.57435987693901,"CCT8",0.64240985144732,0.418268267329412,""
"PPP1R14C",0.073612800557564,11.5657173388032,0.235400824303407,0.817650719408398,0.95776222579417,-5.56094083428536,"PPP1R14C",0.809772170445908,0.0874321768032971,""
"MAPK12",0.0732324704639247,13.1414384811674,0.688187675314876,0.497747386104098,0.832768645478157,-5.72552956951384,"MAPK12",0.704092159167143,0.302991011970662,""
"DMAC2L",0.0730545182566527,13.4721746772998,0.78771626980455,0.438356913463128,0.788488553270944,-5.6558094772948,"DMAC2L",0.666654071290533,0.358172139662374,""
"SF3B1",0.072915359028368,11.3981526885567,0.67136436194431,0.508219011116809,0.837598611318231,-5.73642436781031,"SF3B1",0.708175815649057,0.293949093184316,""
"ITGB1",0.0727661622017628,14.9812998405564,0.65010069829633,0.5216282327986,0.845804554275359,-5.74982345775633,"ITGB1",0.715113805120753,0.282638910725493,""
"CTBP1",0.0727477105307184,11.9417154512986,0.752900678707511,0.458625821417243,0.80471650665575,-5.68121708838274,"CTBP1",0.680374538312933,0.338541497396462,""
"MYL3",0.0726021598480706,21.5130563703367,0.886288331118888,0.384010075042149,0.760015039137382,-5.57800448613449,"MYL3",0.642580184558324,0.415657381159004,""
"TSSC4",0.0722576596619522,11.5309098723129,0.429150573137501,0.671689565503865,0.913943479887012,-5.8406501885991,"TSSC4",0.772724143259374,0.172831398283549,""
"AS3MT",0.0721799263500671,12.2385162894838,0.552023984996759,0.585892475791841,0.873816778180974,-5.80621910309582,"AS3MT",0.738797678570928,0.232182079297598,""
"COX7A1",0.0717855958779872,17.480257842137,0.654216687737832,0.519017613332333,0.845437111859113,-5.74726222757113,"COX7A1",0.714803138616162,0.284817903725252,""
"MICOS13",0.0716677758733884,10.5265219628187,0.549104894607546,0.588070143794288,0.874507814341157,-5.78435775963432,"MICOS13",0.739381938250646,0.230570869083825,""
"KCNC1",0.0712143099333815,14.4521152961635,0.262335509396498,0.79523832866397,0.956559864186966,-5.91991945682416,"KCNC1",0.808755593531404,0.099502696108094,""
"BDH1",0.0712106262018484,14.7169850419392,0.556446356408131,0.582912411583326,0.873816778180974,-5.80386863538645,"BDH1",0.738797678570928,0.234396697425856,""
"PSMA2",0.0710700945316987,13.2429882465673,0.930119206433182,0.361311194751133,0.750153813472046,-5.54065701142466,"PSMA2",0.634242680848931,0.442118582181427,""
"ACTR1A",0.0708438928469892,14.8869460167345,1.07726777495516,0.291769800302896,0.698641448431705,-5.40316931727792,"ACTR1A",0.590689825536716,0.534959661861856,""
"UNC45B",0.0706831545917375,13.6403391420537,0.582116642670018,0.565764065039575,0.861936283125396,-5.78986480778229,"UNC45B",0.728752915885544,0.247364640566965,""
"DIAPH1",0.0705665663342714,11.1528618675063,0.530340548183498,0.60081007661039,0.87952619590109,-5.79405333913726,"DIAPH1",0.743624897117125,0.221262792083132,""
"THEM6",0.0704322179666779,12.6289484621005,0.852287825844823,0.402242891769789,0.77402100688409,-5.60581499531858,"THEM6",0.654421999359533,0.395511621790607,""
"CRKL",0.0701195919165496,13.0093395155879,0.86207131816279,0.396940758819972,0.772010854185234,-5.59791710221431,"CRKL",0.652722448395794,0.401274304414166,""
"USP15",0.0700315476347573,14.0804066635611,0.804074877534972,0.429024924438189,0.784655874617897,-5.64349551084797,"USP15",0.663413604682105,0.367517476506336,""
"CA3",0.0695858704356596,20.7778127298586,0.835676052697862,0.411348315720343,0.780327581769497,-5.61903109925372,"CA3",0.659754104443131,0.38579027658766,""
"FAM98A",0.069526614498006,10.8000804310037,0.305859470317294,0.762382122952124,0.950379135544513,-5.88432476083121,"FAM98A",0.803529889371286,0.117827295992857,""
"APOOL",0.0692726258269207,12.9392823553437,0.817718112252671,0.421336477934544,0.782035997271198,-5.63304258905564,"APOOL",0.661198541581679,0.375370939449268,""
"AHCYL2",0.0692096556390709,11.971006705995,0.528874827141063,0.601613031245003,0.87952619590109,-5.8182243905748,"AHCYL2",0.743624897117125,0.220682765274619,""
"PRDX2",0.0690654020731927,17.7243639544905,0.753842230776543,0.458070421842335,0.80471650665575,-5.68054433244413,"PRDX2",0.680374538312933,0.339067750235221,""
"PPP2R2A",0.0690117421634007,13.3751181023738,0.659964497473231,0.515384009915499,0.843596061840021,-5.74365951562112,"PPP2R2A",0.71324656118002,0.287869059811482,""
"CRIP2",0.0688815700401033,12.3837023106568,0.512810694554232,0.612639634729292,0.881272557763905,-5.82626026993687,"CRIP2",0.745101417278341,0.212794909933284,""
"USP14",0.0687733198056915,13.9034864757903,1.04639294451679,0.305511954603224,0.708590303600989,-5.43354260943833,"USP14",0.599101418546873,0.514971791258956,""
"SBDS",0.0684679880244747,12.6290460236868,0.583259683801437,0.565006503219266,0.861936283125396,-5.78922697896402,"SBDS",0.728752915885544,0.247946553426601,""
"ATIC",0.0684229288885412,14.4708386470136,0.73004606247967,0.472229643268934,0.816522233213575,-5.69730122116812,"ATIC",0.69035608546624,0.325846754436351,""
"COQ6",0.0681072076227736,14.3694924592129,0.884540739552429,0.384933947250555,0.760015039137382,-5.57945872636586,"COQ6",0.642580184558324,0.414613786869875,""
"BRCC3",0.067854230271525,12.4697662264008,0.5035339658253,0.619050196810179,0.884844822422659,-5.83079047757524,"BRCC3",0.748121708148267,0.208274133994758,""
"MT-CYB",0.0678146973713698,11.5069359910456,0.468873231153293,0.643272217819266,0.899089004893613,-5.84699994384734,"MT-CYB",0.76016492957117,0.191605204869389,""
"MAPK1",0.0676774196328473,13.3472813734048,0.78301481859974,0.441061683652366,0.791430058603714,-5.65930413993865,"MAPK1",0.66914106555022,0.355500669043474,""
"TCP1",0.0676666474803156,12.5940114971599,0.795044798746375,0.43416101627806,0.784934683711783,-5.65032254192369,"TCP1",0.663649333174016,0.362349174836916,""
"NDUFB7",0.0673820176031583,14.6224331893659,0.608993009331094,0.548089820086805,0.855332728172342,-5.77454636371849,"NDUFB7",0.72316971905132,0.26114826419524,""
"PUF60",0.0672267234978143,13.7019901678543,0.509173776668659,0.61514916904087,0.882605329493422,-5.82804596387008,"PUF60",0.746228253801075,0.21101955831246,""
"FLNC",0.0670206900737753,18.4926426531257,0.653394961838381,0.519538230742614,0.845437111859113,-5.7477748023449,"FLNC",0.714803138616162,0.284382488935192,""
"FIS1",0.0669227652701849,14.1153612720169,0.724106202199607,0.475803537972365,0.817493690914817,-5.70140396870107,"FIS1",0.691177436935367,0.322572332966759,""
"GSPT2",0.0668555641216457,11.6122398397856,0.304562786382323,0.764699013832993,0.950411631478148,-5.67355649313327,"GSPT2",0.803557364147386,0.11650946988321,""
"NT5C1A",0.0666766978346107,14.4866705031749,0.780539231917314,0.44248997388865,0.792012914609921,-5.66113630922883,"NT5C1A",0.669633860693412,0.354096565269353,""
"AQP1",0.0665315016820731,13.3653004661343,0.380145441048932,0.707086744521961,0.927808977843945,-5.88331392094742,"AQP1",0.784447193169375,0.150527304228121,""
"IDE",0.066530814326633,12.4655675726797,0.637634034668216,0.529578934562923,0.848231826156726,-5.75748586726179,"IDE",0.717166023475896,0.276069298464569,""
"BTF3",0.0661508887336115,10.70507642759,0.316662292277172,0.754393569141303,0.950379135544513,-5.86231953559448,"BTF3",0.803529889371286,0.122402022415943,""
"VCP",0.065938960018741,15.2214950878665,1.04009126048626,0.308371946192209,0.71054242176391,-5.43964333589522,"VCP",0.600751902267344,0.510925138299741,""
"TMEM256",0.0658567500179004,11.1415480475018,0.244102215539585,0.809675820506156,0.9576948208888,-5.81204563418935,"TMEM256",0.809715180709781,0.0916888299439604,""
"SERPING1",0.0658478631664998,12.9024946476694,0.407470062230964,0.687172757145941,0.920268753666549,-5.87292749573887,"SERPING1",0.778072057949655,0.162934066370809,""
"HTRA2",0.0658378960105441,11.7662476666253,0.517810783952061,0.609197352769636,0.879783106886987,-5.82378499250763,"HTRA2",0.743842111119785,0.215241992532379,""
"LNPK",0.0656846294733278,12.2798975388587,0.546830353403886,0.5894018184431,0.874507814341157,-5.80895616460887,"LNPK",0.739381938250646,0.229588528583505,""
"ACTN2",0.0653341948454482,20.5913832195083,0.895694226459031,0.379062380331419,0.759813576768736,-5.57013144521652,"ACTN2",0.64240985144732,0.421289314558461,""
"VIM",0.0650994534984903,16.8778710345442,0.55314400522289,0.585137028175683,0.873816778180974,-5.80562554517284,"VIM",0.738797678570928,0.232742418341945,""
"SEC23A",0.0650895112594281,11.901270508957,0.508172053269127,0.616030105621478,0.883427788830802,-5.80508413784649,"SEC23A",0.746923629610223,0.210398063183311,""
"TIPRL",0.0650674720809814,12.3196078406452,0.734329287778581,0.46966228287098,0.813536445230337,-5.69432287589093,"TIPRL",0.687831650955709,0.328214315266435,""
"MIF",0.0650541162009652,17.0248817892145,0.491012737156819,0.627751775521015,0.890165909331735,-5.83677676407215,"MIF",0.752620599396479,0.202212050263166,""
"RPLP0",0.0649281510635102,14.5302819881685,0.670499660773369,0.508760539479236,0.838010045235161,-5.73697734567042,"RPLP0",0.70852367624215,0.293486580832546,""
"CANX",0.0648190834549087,14.3344860762814,0.853090672950782,0.401806099679186,0.77402100688409,-5.60517006973685,"CANX",0.654421999359533,0.395983474663667,""
"C4BPA",0.0645582070390649,11.9970392960273,0.365966352013054,0.717505960538389,0.935070182798782,-5.8884230760183,"C4BPA",0.790586422236856,0.144174486763755,""
"RANGAP1",0.0645431726500423,10.9200952539124,0.2328438055787,0.818064843419352,0.957856511197781,-5.86304291858048,"RANGAP1",0.809851887200095,0.0872122708725707,""
"MRPS25",0.0634873406648566,10.6722647725423,0.478996934998899,0.636330668342719,0.896420681458266,-5.81889961030801,"MRPS25",0.757908906101565,0.196317145173259,""
"PGM3",0.0634857397008535,13.0721995798788,0.629475453352734,0.534817336240459,0.849259166120773,-5.76242284368936,"PGM3",0.718034622476846,0.271794523415403,""
"CAST",0.063480166280014,13.1594593464062,0.781137223291059,0.442144705564132,0.791888614893714,-5.66069424289317,"CAST",0.669528767332797,0.354435571051537,""
"PALMD",0.0630406392518754,12.5648724206025,0.645245450928571,0.524716933381191,0.845851945950252,-5.75282466376842,"PALMD",0.715153874000488,0.280074920258786,""
"MYH11",0.0630211280823705,10.8580942732394,0.418105544407244,0.679634031605597,0.917171873606932,-5.84515206426847,"MYH11",0.775453696920217,0.167724882645136,""
"PSAP",0.0629921680918795,15.0208870115602,0.596564609979728,0.556226815607523,0.858507026166936,-5.78171337392313,"PSAP",0.725853535668324,0.254748077698309,""
"CLTC",0.0629590379043243,14.1214464216677,0.795448897515197,0.433930371138218,0.784934683711783,-5.65001858985893,"CLTC",0.663649333174016,0.362579952184371,""
"RPL10A",0.0629454985522351,12.9577101707878,0.468912706323664,0.643244394145262,0.899089004893613,-5.84698212731143,"RPL10A",0.76016492957117,0.191623989963924,""
"CDK4",0.0628625364720783,10.9415004661568,0.432247603767483,0.669826363653889,0.912788550083267,-5.78070436887835,"CDK4",0.771747669152645,0.174037763090446,""
"GPT",0.0625759415918505,14.3811583628051,0.502908063941984,0.619483835969886,0.884844822422659,-5.83109321814179,"GPT",0.748121708148267,0.207970021072692,""
"DUSP3",0.0624487018383046,15.3406814899169,0.715119398798275,0.481240537245847,0.821427813574807,-5.70755037164008,"DUSP3",0.69450367277907,0.317637797041503,""
"PRKRA",0.0622899771325542,11.5812115311912,0.585849624328953,0.563291912751597,0.861936283125396,-5.78777727055597,"PRKRA",0.728752915885544,0.249266483936969,""
"CMC1",0.0620810812877757,13.4219105474672,0.430490562067742,0.670571902263992,0.913288392504706,-5.86362593253346,"CMC1",0.772170277678633,0.173554647965582,""
"RAB7A",0.0620306990904975,14.4860622901088,0.511019376989255,0.613875073772791,0.881978433672708,-5.82714134360673,"RAB7A",0.74569822372084,0.211920000668747,""
"SF3B6",0.0619913317766354,10.8592849467701,0.519033542027727,0.608356943968587,0.879783106886987,-5.82317609886004,"SF3B6",0.743842111119785,0.215841530415463,""
"COL15A1",0.0615711946681596,14.4651552113045,0.575796599034213,0.569962061141794,0.864309450887154,-5.79336951894436,"COL15A1",0.730759390099619,0.244154051669843,""
"PBDC1",0.0614973088301252,12.6413483732875,0.590659232637385,0.560114941975688,0.860414971781632,-5.78506857435109,"PBDC1",0.727466672227582,0.251722841666139,""
"KMT2A",0.0610862566819126,10.7244202250507,0.136116588111527,0.893265240058989,0.976376284676908,-5.7489386803567,"KMT2A",0.825510050325002,0.0490195655346334,""
"FABP3",0.061083695184827,20.2133992791234,0.633605486182224,0.532162090420022,0.848710668810555,-5.75993132458016,"FABP3",0.717570877044611,0.273956066477229,""
"NIF3L1",0.0610125395127312,13.5843649424622,0.827017673954492,0.416145341769452,0.782035997271198,-5.625822517648,"NIF3L1",0.661198541581679,0.380754962391468,""
"MYOZ3",0.0609168309062795,15.9368615617006,0.676469759915757,0.505028253486341,0.836084848710198,-5.73314549065242,"MYOZ3",0.706895954322692,0.296684324871481,""
"NDUFAB1",0.0603828277223428,17.8805657987531,0.590645722530746,0.560123853103403,0.860414971781632,-5.78507621313099,"NDUFAB1",0.727466672227582,0.251715932329288,""
"CLIP1",0.0603607404067983,12.5267096638646,0.646330056330127,0.524026092179602,0.845851945950252,-5.75215611165429,"CLIP1",0.715153874000488,0.280647088192791,""
"PRKACA",0.0599970035052539,15.1675499728323,0.756074553997937,0.456755228473961,0.80471650665575,-5.67894609906534,"PRKACA",0.680374538312933,0.340316472581021,""
"SELENBP1",0.0599968590370246,15.8600040923916,0.371038587093902,0.713772190682055,0.931896298066476,-5.88661743921743,"SELENBP1",0.787902955026304,0.146440376622164,""
"MTHFD1",0.0599962854018976,14.4623816776277,0.684938512421725,0.499760276539973,0.833085013184718,-5.72765391031698,"MTHFD1",0.704359642846809,0.301238266747181,""
"ANXA5",0.0598167792460593,15.622187688386,0.450664893423753,0.656162245323097,0.907351262815726,-5.85506099330773,"ANXA5",0.767150532417248,0.182988761940761,""
"CUL4A",0.0598133580229412,13.6491824625689,0.727185480504036,0.47394883526833,0.816979392511377,-5.69928106338712,"CUL4A",0.690742606114947,0.324268539676104,""
"NDUFV3",0.0597772592818231,15.0908115737233,0.206608595559507,0.83800921497186,0.963034132792224,-5.93258552300539,"NDUFV3",0.814229480890224,0.0767512057260171,""
"OLA1",0.0590673889263851,14.2877128829463,0.57824023907785,0.568337039882325,0.863531616440516,-5.79201883211707,"OLA1",0.730101743899823,0.24539403902424,""
"RPS4X",0.0590104234641604,12.6378820296725,0.488746538298186,0.629332601735031,0.890933875533173,-5.83784443893649,"RPS4X",0.753269902157665,0.201119769624069,""
"DAZAP1",0.0588177186863224,11.6739849181239,0.527444310397404,0.602591091705944,0.87952619590109,-5.81894980532776,"DAZAP1",0.743624897117125,0.219977292927429,""
"MYCBP",0.0587814707798007,12.4117112400566,0.753783348224589,0.458105143537556,0.80471650665575,-5.6805864285538,"MYCBP",0.680374538312933,0.339034832001612,""
"CPT1B",0.058526670798301,13.8399605644668,0.536753192706161,0.596240178337466,0.876759257213924,-5.81419491811309,"CPT1B",0.741285496078063,0.224578761878829,""
"DCTN1",0.0582047895033924,12.2899039029302,0.907678267874208,0.372819132141982,0.757399406455065,-5.55998815853639,"DCTN1",0.640368710251648,0.428501808843571,""
"BOLA2B",0.0580459922093191,12.6744669125809,0.544969673298173,0.590661582043409,0.87502033129341,-5.80993061517648,"BOLA2B",0.73981526288346,0.228661275712639,""
"IPO5",0.0578576874932573,14.4581223386552,0.638612186172656,0.528952754110734,0.848231826156726,-5.7568898402929,"IPO5",0.717166023475896,0.276583117275461,""
"GFER",0.0578484023172106,12.2116388305802,0.52610792783681,0.603505477842857,0.87952619590109,-5.81962575169011,"GFER",0.743624897117125,0.219318783584646,""
"COPS3",0.057836627119725,13.9190898399697,0.545034802096212,0.590617464726189,0.87502033129341,-5.8098965614604,"COPS3",0.73981526288346,0.228693714969877,""
"SFPQ",0.0578025097403412,12.2617391414433,0.505550989247211,0.617653714938782,0.884430830717827,-5.82981236345615,"SFPQ",0.747771684987674,0.209254942129732,""
"NDUFB6",0.0577560634212144,13.4713488041783,0.495949301685866,0.624314468906968,0.887997885887396,-5.83443425641346,"NDUFB6",0.750787571320388,0.204596599885883,""
"MYH13",0.0574485484875247,16.9086121143367,0.479337869143525,0.635915019623989,0.89627492456577,-5.84222538868926,"MYH13",0.757785671052181,0.19660091732998,""
"SCO1",0.0572693771165493,14.6068586088695,0.63058022775615,0.534106369446042,0.848710668810555,-5.76175791023303,"SCO1",0.717570877044611,0.272372242853228,""
"ACAD9",0.0572540887119057,11.2214637158191,0.583654316595532,0.564745076733045,0.861936283125396,-5.7890064876303,"ACAD9",0.728752915885544,0.248147546431488,""
"SNX1",0.0571080532620059,9.85724591313113,0.335742812536424,0.740289254744319,0.946190801317198,-5.83025333164391,"SNX1",0.799988721838819,0.130598554331315,""
"SFXN1",0.0564347402275516,11.9659077196158,0.336015349078731,0.739815961734029,0.946190801317198,-5.87881250566766,"SFXN1",0.799988721838819,0.130876302895957,""
"CSK",0.0563674786608992,11.069357181845,0.240046167054944,0.812774546512451,0.9576948208888,-5.78993224935935,"CSK",0.809715180709781,0.0900299055550854,""
"FAM114A2",0.0560181688471442,12.0331932124117,0.466266652609632,0.645110612058424,0.899089004893613,-5.84817312731742,"FAM114A2",0.76016492957117,0.190365813910465,""
"MATR3",0.0560148251643859,11.3609684034299,0.517810771508384,0.609197361325038,0.879783106886987,-5.82378499869704,"MATR3",0.743842111119785,0.215241986433266,""
"OSBP",0.055946240429094,12.1932490034438,0.611134889212701,0.546693841971458,0.855332728172342,-5.77329675897818,"OSBP",0.72316971905132,0.262255818028833,""
"UBE2I",0.0557123205364842,12.5598043066847,0.635980251187467,0.530638541875041,0.848253482028532,-5.75849157744605,"UBE2I",0.717184333158448,0.275201209092187,""
"SIRT2",0.0554448793781575,12.0356750864459,0.649458644619135,0.522036109430838,0.845804554275359,-5.75022157935636,"SIRT2",0.715113805120753,0.282299455648742,""
"WDR77",0.0553401345152107,12.3900729650402,0.553050380325886,0.585200159255811,0.873816778180974,-5.80567520683347,"WDR77",0.738797678570928,0.232695564358226,""
"VAPA",0.0552234499920665,14.8579334316733,0.830312508528383,0.414315776384129,0.78153784099792,-5.62324598351695,"VAPA",0.660777358666161,0.38266852925029,""
"STRAP",0.055186569169738,13.7796725376186,0.618504123223889,0.541905238189959,0.852498596626505,-5.76896499983202,"STRAP",0.720773507558119,0.266076650969526,""
"BRAWNIN",0.0549745285908383,11.8249691211932,0.324832647466482,0.74841849161018,0.94991577781292,-5.81963675818843,"BRAWNIN",0.803138128049008,0.125855490673563,""
"ANK3",0.0549211133104635,13.2930567950563,0.408470394540621,0.686447969242718,0.920268753666549,-5.87253377132415,"ANK3",0.778072057949655,0.163392375436892,""
"CNP",0.0548196531464065,11.4562355513447,0.46237183605789,0.648031484164058,0.902278560152769,-5.82641440500387,"CNP",0.762861645953801,0.188403893718055,""
"AFM",0.054657856486779,10.5548595918269,0.175485949912211,0.862324985900812,0.972097850354129,-5.86971412221386,"AFM",0.82189270464738,0.0643290300171453,""
"PANK4",0.0545036229590252,13.5893825693068,0.811765187874685,0.424680559665046,0.782035997271198,-5.63762391911066,"PANK4",0.661198541581679,0.371937618979735,""
"CELF1",0.0543985620229108,12.3756970895116,0.426846645382156,0.673188577632172,0.914140869190669,-5.86513180149956,"CELF1",0.772891032661087,0.171863261551536,""
"BAG3",0.0541477560080672,15.4470332739878,0.465817638836272,0.645427530158738,0.899089004893613,-5.84837457391571,"BAG3",0.76016492957117,0.190152514077711,""
"PCNA",0.0539940259569498,11.6037006188481,0.212094400879739,0.834762294580787,0.962104595640883,-5.696163435431,"PCNA",0.813443572554856,0.0784371758324146,""
"GUK1",0.053971801630091,10.6995332712321,0.350378259975742,0.730189826848914,0.943887885134279,-5.69947495031483,"GUK1",0.798041644176353,0.136564222021949,""
"ALDH5A1",0.0539318090662153,14.8056948498742,0.569593725418036,0.574097509130553,0.867595004799832,-5.79677309975444,"ALDH5A1",0.733537271760989,0.241014337426411,""
"PKM",0.0533934562696778,18.7969597214273,0.516529941609563,0.610078270756427,0.879783106886987,-5.82442130537048,"PKM",0.743842111119785,0.214614443059793,""
"TMED9",0.0533008117373974,12.8729643189452,0.41894034721064,0.67888047284502,0.917144154860765,-5.86835578334892,"TMED9",0.775430261177356,0.168206683088196,""
"STRN3",0.0529326259513763,11.5524074349282,0.548212054908991,0.588467196718841,0.874507814341157,-5.80823046427842,"STRN3",0.739381938250646,0.230277741284536,""
"PPP2R1A",0.0526889786597735,15.2217760756619,0.812265418922618,0.424398920362791,0.782035997271198,-5.63724016114584,"PPP2R1A",0.661198541581679,0.372225729580025,""
"RPL35",0.052688319712999,10.2408236860075,0.2426734571274,0.810537342025651,0.9576948208888,-5.86078818841449,"RPL35",0.809715180709781,0.0912269721021988,""
"FAM120A",0.0526868391168094,10.3992525275141,0.458780211898176,0.6504035135431,0.903976995001437,-5.85150696692273,"FAM120A",0.76429764461477,0.186817121306579,""
"PLAA",0.052392184680178,13.3184672317983,0.546953286569048,0.589318633544471,0.874507814341157,-5.80889166970306,"PLAA",0.739381938250646,0.229649826819997,""
"GANAB",0.0522500525737026,13.5187885056413,0.633152053875883,0.53245326057795,0.848710668810555,-5.76020563521034,"GANAB",0.717570877044611,0.273718509136134,""
"DDB1",0.0522379496161829,15.0012169889238,0.719010044206653,0.478882306003076,0.820395629187075,-5.70489842668538,"DDB1",0.693630977897769,0.319771209203349,""
"EEA1",0.0522346417477149,11.6780830641704,0.631029986532555,0.533817076757802,0.848710668810555,-5.76148689007339,"EEA1",0.717570877044611,0.272607537286883,""
"TMX1",0.0519003811827083,12.5702491750075,0.554093341382104,0.584497082542919,0.873816778180974,-5.80512152434146,"TMX1",0.738797678570928,0.233217652232977,""
"CBR1",0.0518211034952731,15.1883086991173,0.400562198953227,0.692186132989726,0.923880236082521,-5.87562040430968,"CBR1",0.781125506786691,0.159777105455597,""
"LCMT1",0.0516489175213657,13.5864369842975,0.510251474327013,0.61440503913111,0.881978433672708,-5.82751811954848,"LCMT1",0.74569822372084,0.211545231033413,""
"HSBP1",0.0515217067297282,10.4325742139057,0.259714358903224,0.79845896908272,0.956559864186966,-5.65699713511357,"HSBP1",0.808755593531404,0.0977473963179907,""
"NCLN",0.0513843165798757,12.128955361699,0.353473906419019,0.72673232953818,0.940689142517636,-5.8927653928206,"NCLN",0.795337160034447,0.138625519278703,""
"UBE3A",0.0512952728373328,12.6854482218987,0.485457420869084,0.631630192518796,0.892426320236941,-5.83938543408477,"UBE3A",0.75453173954746,0.19953711848181,""
"RPS25",0.0512559229316025,11.0971768981104,0.257547047197824,0.799569236086788,0.956559864186966,-5.78116134702193,"RPS25",0.808755593531404,0.0971439239771009,""
"NAE1",0.0509819217959375,13.424808256259,0.55221079743059,0.585766438424246,0.873816778180974,-5.80612018273282,"NAE1",0.738797678570928,0.232275514908947,""
"MYORG",0.0506877874425751,10.0540930356757,0.212650547845889,0.834173503222785,0.962054134751373,-5.68361687646176,"MYORG",0.813400908704768,0.0787436092479096,""
"RARS1",0.0506805918601447,13.2397233865949,0.687387799299234,0.498242492199655,0.832768645478157,-5.72605343333654,"RARS1",0.704092159167143,0.30255923677364,""
"RAB5B",0.0505263052672191,12.988365532806,0.529550387715548,0.60115140731209,0.87952619590109,-5.81788114723442,"RAB5B",0.743624897117125,0.221016131859455,""
"GSTM2",0.050451645249499,17.1322389893916,0.374517719433646,0.711215329257681,0.92940337291707,-5.88536472218029,"GSTM2",0.785795227915518,0.147998891323168,""
"EML2",0.0503020482104262,12.4483078177664,0.376275751171896,0.709924636298644,0.928985246496538,-5.88472732183015,"EML2",0.785441708920974,0.148787752375066,""
"CNN3",0.0502982371031511,12.1431254709058,0.384675606577946,0.70376996897568,0.927556509371994,-5.88164113707549,"CNN3",0.784233735239009,0.152569269166659,""
"FXN",0.0502615226243748,12.7584862671078,0.493766196192898,0.625833490772671,0.889489085152642,-5.83547301748315,"FXN",0.752048355712448,0.203541199789086,""
"SLC2A1",0.0499152811899535,12.2843743306945,0.161533767673841,0.872987050736534,0.974852428836224,-5.94063569748974,"SLC2A1",0.824221655336847,0.0589921982593528,""
"EPHX2",0.0498545929424541,13.4290485730198,0.285215692440398,0.777856838594725,0.95364517629118,-5.91385239483056,"EPHX2",0.806291272972524,0.109100325798791,""
"UBXN1",0.0496096764928975,13.9978079739374,0.345606242146649,0.732564816164378,0.945088962844464,-5.89542359019592,"UBXN1",0.799057135577096,0.135153943592026,""
"RMND5A",0.0491494495870128,9.43828266320393,0.257789726104445,0.799917600415574,0.956559864186966,-5.68599371062474,"RMND5A",0.808755593531404,0.0969547474179408,""
"SGCG",0.0490860937800939,13.9585802361871,0.497129487418507,0.623493991286832,0.887997885887396,-5.83387083455453,"SGCG",0.750787571320388,0.205167727531945,""
"DDX1",0.049079730821191,14.4174051699703,0.66427959216234,0.512665368716619,0.841064156334522,-5.74093488295834,"DDX1",0.71110587682086,0.290166018785961,""
"SHOC2",0.0490388208767616,10.693804639574,0.234926592410052,0.816690290481589,0.9576948208888,-5.79109535927398,"SHOC2",0.809715180709781,0.0879426076481011,""
"KIFBP",0.0490313935761257,11.0934157284689,0.264719051270273,0.793724022508329,0.956402130033241,-5.85077445625536,"KIFBP",0.80862223190513,0.100330475326305,""
"DAP3",0.0490274553949437,11.280209644301,0.449059147864086,0.657304292804853,0.907351262815726,-5.85575682902115,"DAP3",0.767150532417248,0.182233531365803,""
"PSPC1",0.0489805112743493,10.1579843608945,0.261401694079624,0.796040979989049,0.956559864186966,-5.89651083761255,"PSPC1",0.808755593531404,0.0990645743163481,""
"ECHS1",0.0487663743928231,16.3054570073674,0.369671830661801,0.714777574954994,0.932784735316267,-5.88710640085638,"ECHS1",0.788654114072561,0.145829081272822,""
"RTN2",0.0487429733904019,15.1345931183631,0.386595664526014,0.702365991061577,0.927196995303487,-5.88092624361068,"RTN2",0.78392977202171,0.153436525364866,""
"STOM",0.0486949577063882,13.4593864833006,0.303552815339295,0.764010813248602,0.950379135544513,-5.90862660387303,"STOM",0.803529889371286,0.116900494695297,""
"LARP4",0.0486079179338752,10.7225963419601,0.299797454003155,0.767471936353879,0.951014033672587,-5.79185900070238,"LARP4",0.804066685270452,0.114937496123718,""
"PSMA5",0.0484714657636367,15.1921846403237,0.697016856091625,0.492300827582974,0.828971070962299,-5.71970823013967,"PSMA5",0.700881372527916,0.307769434155303,""
"PNP",0.0484458092976308,13.5702659937401,0.191278834481006,0.849870770518986,0.967751053650447,-5.93554389505926,"PNP",0.818217559703853,0.0706471071295977,""
"DCPS",0.0482444061494132,11.7008071154872,0.421816659223989,0.676807487340055,0.91603921551168,-5.86718976704064,"DCPS",0.774496053175806,0.169534845458862,""
"APCS",0.0478517627302395,13.1993471373298,0.290503012283219,0.77385656077318,0.95364517629118,-5.91237874396179,"APCS",0.806291272972524,0.1113395310971,""
"PFKFB2",0.0476412185708401,11.0791873178968,0.334471244458737,0.741094611011672,0.946190801317198,-5.85672986979983,"PFKFB2",0.799988721838819,0.130126344763733,""
"PNPLA6",0.0475887816298037,9.53362902683194,0.177581323042676,0.862088937973483,0.972097850354129,-5.56419196985664,"PNPLA6",0.82189270464738,0.0644479275875308,""
"HYPK",0.0474035195725939,11.8662075867758,0.309229480131166,0.759740414072445,0.950379135544513,-5.90694337804606,"HYPK",0.803529889371286,0.119334770868559,""
"HTD2",0.0473233982173493,10.5049694691333,0.189142126974236,0.852133285833622,0.967751053650447,-5.70180068244244,"HTD2",0.818217559703853,0.0694924700516362,""
"MTM1",0.047293285994833,12.4262452635381,0.313177328310863,0.756775125020044,0.950379135544513,-5.90575454115359,"MTM1",0.803529889371286,0.121033151505943,""
"DSTN",0.0472911885773275,11.9377336264975,0.399701488823262,0.692811802948515,0.924285634881593,-5.87595275578323,"DSTN",0.781468264787142,0.159384722157357,""
"KCTD12",0.0470969580026299,13.166430934294,0.387992803039946,0.701345057398344,0.927114230591015,-5.88040383967381,"KCTD12",0.783859795821929,0.154068259274774,""
"MRC2",0.0468868338031836,9.85449703428768,0.109759863019646,0.914459853213472,0.981357886709364,-5.55579641725592,"MRC2",0.829721912707416,0.0388353562461522,""
"RPL27A",0.0468039109486167,13.5330104391435,0.259378537430964,0.797492773184154,0.956559864186966,-5.92066677483175,"RPL27A",0.808755593531404,0.0982732437948743,""
"DAD1",0.0465608333231522,11.8035079555896,0.26350778095701,0.794436736046033,0.956559864186966,-5.89597636024156,"DAD1",0.808755593531404,0.099940681565548,""
"EIF3C",0.0465543041767358,11.5756970469013,0.598321040010736,0.555073076511416,0.857734029703578,-5.78070919486469,"EIF3C",0.725199979903623,0.255649837352151,""
"CHORDC1",0.0465370098609341,11.2046769772145,0.354191830018202,0.726200945692486,0.940425311268889,-5.89251988530884,"CHORDC1",0.795114095063648,0.138943189864381,""
"ORM2",0.0464545460355072,15.1497850393934,0.273665677891589,0.786616974648572,0.954801226565436,-5.91697803950674,"ORM2",0.807268694418596,0.104236686051539,""
"UBAP2L",0.046447301211348,11.5878281914358,0.391379146787753,0.698872925529689,0.927114230591015,-5.87912993455352,"UBAP2L",0.783859795821929,0.155601783851276,""
"IMPA2",0.0464191903693827,12.3787082133373,0.408949081510816,0.686101246188931,0.920268753666549,-5.87234502655517,"IMPA2",0.778072057949655,0.163611791849096,""
"COPZ1",0.046357488176092,12.3316323064775,0.25147255000355,0.80361643888478,0.956960947058742,-5.89897319957322,"COPZ1",0.809094702486486,0.0949511878472244,""
"FLNB",0.0462584817877314,13.5250966917504,0.587194572752252,0.562402582924281,0.861610360499259,-5.78702198158306,"FLNB",0.728477353678917,0.249952693416421,""
"LMNA",0.0461357898336772,15.6360193752588,0.522045447206867,0.606289186515771,0.879783106886987,-5.8216702843599,"LMNA",0.743842111119785,0.21732017756482,""
"STIP1",0.0459880344129981,15.5952731861852,0.548982595278673,0.587946297448651,0.874507814341157,-5.80782498433666,"STIP1",0.739381938250646,0.23066234022798,""
"CAP1",0.0459325813520035,11.977291189316,0.393205181960733,0.697541268976266,0.927114230591015,-5.87843846653842,"CAP1",0.783859795821929,0.15643009291678,""
"PPBP",0.045709617647848,12.6213946192669,0.120715717183918,0.904892822023051,0.97724455413548,-5.94622817257391,"PPBP",0.826244157836307,0.043402856773169,""
"RCN1",0.0455428544120249,12.024831236477,0.342133473672334,0.735144512618701,0.946081489479297,-5.89657807432272,"RCN1",0.799896300482193,0.133627280148771,""
"PEBP1",0.0455338581984961,17.8438779846063,0.570168396812078,0.573713742991104,0.867595004799832,-5.79645927794157,"PEBP1",0.733537271760989,0.241304746712095,""
"PPP1R14B",0.0452217992701041,10.4662811943346,0.186476839662136,0.854619808806612,0.96904165524636,-5.65304861019316,"PPP1R14B",0.819308742073921,0.0682270451068129,""
"KSR2",0.0450204620620198,17.8954972195229,0.216659367377908,0.830409097755693,0.961223556711784,-5.87958926348915,"KSR2",0.812698668666761,0.0807079014471449,""
"LRRC14B",0.0447966840248295,10.2277208340759,0.235613928252893,0.815756335330755,0.9576948208888,-5.90270936388853,"LRRC14B",0.809715180709781,0.0884395447071071,""
"DEPTOR",0.0447664608731095,11.4302057176029,0.216018428979937,0.830747382988943,0.961223556711784,-5.93065710092522,"DEPTOR",0.812698668666761,0.080531018156686,""
"IL18",0.0447329740751616,12.3633012735956,0.242550737993797,0.810440164464984,0.9576948208888,-5.90495138356794,"IL18",0.809715180709781,0.0912790439887537,""
"MMAA",0.0446587454047798,9.47210609026795,0.192933442230063,0.848805381167629,0.967751053650447,-5.85245282002405,"MMAA",0.818217559703853,0.0711918758032291,""
"AHNAK",0.0443947018021085,13.5323792308129,0.506477488177965,0.617012746380728,0.884395204622601,-5.82936179486352,"AHNAK",0.747741563711559,0.209705864126183,""
"YWHAH",0.0442954358383147,12.2686390445092,0.527037023148853,0.602869697580183,0.87952619590109,-5.81915598981943,"YWHAH",0.743624897117125,0.219776544803495,""
"SDR39U1",0.044247946121077,11.7928868534259,0.423041415468473,0.675925581226052,0.91603921551168,-5.86669088323098,"SDR39U1",0.774496053175806,0.170101116842377,""
"PPP2R5A",0.0442185872472169,12.151906971801,0.333471335944598,0.741592837946216,0.946272461219371,-5.89940739871257,"PPP2R5A",0.800057763939708,0.129834473113097,""
"BCO2",0.0441611988575925,11.2785283050474,0.254516408943849,0.801291995209676,0.956808795439884,-5.90207326559806,"BCO2",0.808966060801398,0.0962091957759133,""
"IDI2",0.0440859895429071,16.1409359035601,0.173341870128933,0.863795420637389,0.972719620932261,-5.93871686353622,"IDI2",0.822418401419514,0.0635891026700719,""
"GMPR",0.0436894088656867,12.6663068791881,0.406566298444017,0.687827839219706,0.920631107878684,-5.87328239310458,"GMPR",0.778378422461564,0.162520250475591,""
"EZR",0.043544737021298,11.8282878570736,0.330868955304075,0.743533913786735,0.947256795920393,-5.90024338102,"EZR",0.800890002699835,0.128699217815144,""
"HOMER3",0.0435101381095055,10.8713893272069,0.175755803944774,0.862732609788339,0.972097850354129,-5.71204274408123,"HOMER3",0.82189270464738,0.064123786077717,""
"GNG12",0.0434847588218492,10.9914354170243,0.280586527148103,0.781462305025074,0.954714160734888,-5.89532577191942,"GNG12",0.807195081694398,0.107091965967805,""
"ENDOD1",0.0432954063363358,14.6513507483812,0.46055096993306,0.649149885302016,0.90339763485317,-5.85072320161534,"ENDOD1",0.763807805161827,0.187655015304357,""
"CRBN",0.042994382966949,10.4024411756109,0.22774781385988,0.822781658273674,0.958988576205263,-5.70207468917475,"CRBN",0.810809029498576,0.0847153983085225,""
"DYNLT3",0.0429129489625755,10.4528923941286,0.200701043409303,0.842575779399917,0.965297311515228,-5.93375248006016,"DYNLT3",0.816142961185517,0.0743910292159954,""
"RTN3",0.0423714113162497,12.0831257796304,0.244381945807527,0.808953662316674,0.9576948208888,-5.92432716539543,"RTN3",0.809715180709781,0.092076354502102,""
"PFN1",0.0422199407424113,15.2976785033078,0.389528335294169,0.700223655089346,0.927114230591015,-5.87982754329984,"PFN1",0.783859795821929,0.154763221903972,""
"OXSR1",0.0420885187605737,15.1670473883057,0.54309116076385,0.591934751963271,0.875551093707651,-5.81091112069463,"OXSR1",0.740264013753557,0.227726162236562,""
"MRPS22",0.0418578087740453,12.3592208340615,0.44086829880033,0.663143014413769,0.909606626254492,-5.85926827042893,"MRPS22",0.769057405018576,0.178392800897122,""
"ACP1",0.0417513331916002,15.6078917758981,0.391772826110545,0.698585747109707,0.927114230591015,-5.87898112786373,"ACP1",0.783859795821929,0.155780279297785,""
"NUDT3",0.0412873544427068,11.2266988121653,0.251567714009737,0.803543738741341,0.956960947058742,-5.90279531266536,"NUDT3",0.809094702486486,0.0949904786056568,""
"PBXIP1",0.0412144272276969,13.6030228152823,0.315236968882386,0.755229602096263,0.950379135544513,-5.90512837446274,"PBXIP1",0.803529889371286,0.1219209957027,""
"EPDR1",0.0411377849918004,13.0366421657367,0.315715521095624,0.754870652411088,0.950379135544513,-5.90498230361515,"EPDR1",0.803529889371286,0.122127458644513,""
"CCT7",0.0409366451206257,13.8016453277318,0.616844764195857,0.542981565861338,0.852864477950723,-5.76994478199215,"CCT7",0.721082854185141,0.265214914390152,""
"LZIC",0.0409281761949032,11.5202980697423,0.297781813448495,0.768577993280349,0.951014033672587,-5.8679146592031,"LZIC",0.804066685270452,0.11431205486222,""
"TMX4",0.0406597888459057,13.917349566267,0.355677521527053,0.725101729332328,0.939621242044246,-5.89201026012923,"TMX4",0.794434267791604,0.139601059100253,""
"PPP1R12A",0.0406578102232142,11.1455964718399,0.199743798041558,0.8438369328926,0.966303339074535,-5.78103797450502,"PPP1R12A",0.816993540899655,0.0737414704207892,""
"TARDBP",0.040587418646469,11.1268864045564,0.275479173214011,0.785335684922759,0.954801226565436,-5.89285734350251,"TARDBP",0.807268694418596,0.104944668162176,""
"LRRC40",0.0405765370670998,11.9702074049191,0.413982706857555,0.682772154828049,0.918974764970316,-5.82809158190383,"LRRC40",0.776978011842113,0.165724198821385,""
"MRPS14",0.0402606817524536,9.77960091323558,0.14240327985694,0.888369885859557,0.976376284676908,-5.77725078861354,"MRPS14",0.825510050325002,0.0514061716754391,""
"ADPRH",0.0402373309856117,10.7352733653195,0.281382766249471,0.780965848328275,0.954714160734888,-5.87249766560788,"ADPRH",0.807195081694398,0.107367957424713,""
"ODR4",0.0401719197136412,9.6752046852543,0.224958326139474,0.824024416512098,0.958988576205263,-5.88629609021974,"ODR4",0.810809029498576,0.0840599196143306,""
"ELAVL1",0.0400456572292374,12.3042579501524,0.345999201686481,0.732273113051346,0.945088962844464,-5.89529222828702,"ELAVL1",0.799057135577096,0.135326911606428,""
"MARS1",0.0400112085306343,12.2124000593713,0.25943284745452,0.797451350081804,0.956559864186966,-5.92065312493529,"MARS1",0.808755593531404,0.098295802359172,""
"ZRANB2",0.0399966203110385,11.1630575623519,0.287932359211091,0.775901406785653,0.95364517629118,-5.89330661037754,"ZRANB2",0.806291272972524,0.11019346071254,""
"BLVRA",0.0396342194306136,13.2433004759594,0.474439688089012,0.639354015712027,0.898870358073478,-5.84447308072082,"BLVRA",0.759980067289767,0.194258602722888,""
"HOMER2",0.0395054679825524,11.8692939783344,0.341632016865254,0.735517275723279,0.946081489479297,-5.89674382458491,"HOMER2",0.799896300482193,0.133407122170743,""
"AARSD1",0.0392943612272312,12.5355645479242,0.334282728204912,0.740987988994686,0.946190801317198,-5.89914542248592,"AARSD1",0.799988721838819,0.130188831636875,""
"COL4A2",0.0392588387126285,13.8563799670548,0.146447855516856,0.884756548060531,0.976376284676908,-5.94289071871502,"COL4A2",0.825510050325002,0.0531762144762264,""
"PUS1",0.0390163624953033,11.8953071190948,0.212351283894365,0.83401470188944,0.962054134751373,-5.81900928868512,"PUS1",0.813400908704768,0.0788262936150426,""
"CARHSP1",0.0386534885432788,11.651235080603,0.246558488994389,0.807465887713459,0.9576948208888,-5.87290569358955,"CARHSP1",0.809715180709781,0.0928758158584553,""
"C11orf54",0.0386479640008321,14.0677908369642,0.30576616967777,0.762344852366417,0.950379135544513,-5.90797398673477,"C11orf54",0.803529889371286,0.117848527872367,""
"OSBPL1A",0.0384903680791453,12.3315110495052,0.418562375098314,0.679153073226745,0.917144154860765,-5.86850842377871,"OSBPL1A",0.775430261177356,0.168032329746954,""
"FAM185A",0.0384222752398404,12.3639669863055,0.38100986698058,0.706453393868772,0.927808977843945,-5.88299623854517,"FAM185A",0.784447193169375,0.150916484138513,""
"ALDH4A1",0.0381861833468413,16.6934157248243,0.400576811700266,0.692175512571976,0.923880236082521,-5.87561475570992,"ALDH4A1",0.781125506786691,0.159783769016147,""
"PPA1",0.0381580733179039,14.6862790042256,0.413456415527186,0.682839937990466,0.918974764970316,-5.87055711545859,"PPA1",0.776978011842113,0.16568108576815,""
"CD93",0.0377085768604655,11.2939869807347,0.166130800072582,0.869592147564837,0.973332965169063,-5.87125666648708,"CD93",0.822936973858989,0.0606843905922518,""
"COPS6",0.0375734755523389,13.1674864398874,0.303681234108164,0.763914122444339,0.950379135544513,-5.90858886757411,"COPS6",0.803529889371286,0.116955461116509,""
"PEPD",0.0374486443013566,13.6150718678273,0.357234738579361,0.72395023874634,0.939205212580543,-5.8914738353237,"PEPD",0.794082521739485,0.140291284328524,""
"TJP1",0.0374092173417093,12.6616300582713,0.355871834763674,0.725084682587304,0.939621242044246,-5.86835409371358,"TJP1",0.794434267791604,0.13961126924598,""
"ARHGDIA",0.037388938364769,15.5666292507312,0.391376685432375,0.698874721165858,0.927114230591015,-5.87913086445584,"ARHGDIA",0.783859795821929,0.15560066800625,""
"PRDX4",0.0373642965890557,13.2125531086232,0.345336735267461,0.732764901181392,0.945088962844464,-5.8955135978715,"PRDX4",0.799057135577096,0.135035341180143,""
"MTRF1L",0.0373354390994187,10.8214961114165,0.278535796386667,0.783364507066129,0.954801226565436,-5.81663412829403,"MTRF1L",0.807268694418596,0.106036109498035,""
"CALCOCO2",0.0373159813827861,11.2327080938383,0.251709761063632,0.803633870901647,0.956960947058742,-5.85401117993312,"CALCOCO2",0.809094702486486,0.0949417672502115,""
"SEC31A",0.036976923798985,12.8351700819042,0.277764635596557,0.783504759606113,0.954801226565436,-5.91588347663354,"SEC31A",0.807268694418596,0.105958360951112,""
"NANS",0.0368081946973486,12.2879040720901,0.384471084139339,0.703919582452481,0.927556509371994,-5.88171707963702,"NANS",0.784233735239009,0.152476952920407,""
"SYNC",0.0367251236162982,12.0074190834942,0.346923614931005,0.731587061346412,0.944843208783422,-5.89498262488752,"SYNC",0.798849354570448,0.135733983944043,""
"ITIH2",0.0366520703192634,12.3468384108313,0.209005046414805,0.836158388319992,0.962940526621219,-5.93210252080683,"ITIH2",0.814150338416005,0.0777114490466362,""
"ARMT1",0.0363728267679928,13.1712403997216,0.388982972498793,0.700621855353555,0.927114230591015,-5.88003247918012,"ARMT1",0.783859795821929,0.154516319328625,""
"DHRS7C",0.0360975562668191,13.6958734349529,0.231091965795687,0.819146888877721,0.95804959978618,-5.92738977414021,"DHRS7C",0.810015140417966,0.0866382138573549,""
"PSMC3",0.0360208060470306,13.9346475344915,0.472026809202597,0.641051126710327,0.899089004893613,-5.84557198603635,"PSMC3",0.76016492957117,0.193107332161818,""
"ANXA2",0.0358560393263332,16.0851205384042,0.334391801990795,0.74090669334647,0.946190801317198,-5.89911015748389,"ANXA2",0.799988721838819,0.130236481786213,""
"STRN",0.0358221741887981,9.88064139861381,0.191065561124424,0.851276688740625,0.967751053650447,-5.64104127092974,"STRN",0.818217559703853,0.0699292591131239,""
"KPNA3",0.0357467965634992,14.1973243408414,0.319653240163789,0.751919211362532,0.950379135544513,-5.90377203444557,"KPNA3",0.803529889371286,0.123828818908711,""
"RPL38",0.0357266291000133,11.9770973625674,0.229523752842513,0.820351867478226,0.958969955834685,-5.92773992092541,"RPL38",0.810793286282263,0.0859998289251191,""
"ABHD16A",0.035549557220131,11.5039259985011,0.287361355915387,0.776232712773478,0.95364517629118,-5.91325760821463,"ABHD16A",0.806291272972524,0.110008058738953,""
"ADAL",0.0355090745260735,11.5073190755963,0.270392692740372,0.789301317907384,0.954944830894269,-5.86696349799711,"ADAL",0.807390109510894,0.102757172046495,""
"RBP1",0.0354382146570433,11.4941459858353,0.196358837851129,0.846076585537386,0.966915941217439,-5.89212117194109,"RBP1",0.817511485910974,0.0725903235202169,""
"MACROH2A1",0.035300641962726,13.6861006449947,0.40841099460425,0.686490998756127,0.920268753666549,-5.87255717733566,"MACROH2A1",0.778072057949655,0.163365152842627,""
"GUSB",0.035092511551948,11.6791765819192,0.335545434224197,0.74004704817575,0.946190801317198,-5.89873647533607,"GUSB",0.799988721838819,0.130740669304705,""
"UBE3C",0.034951350371708,10.9661291091703,0.166705281156949,0.869077965496694,0.9731368326603,-5.89732866032925,"UBE3C",0.822771147056637,0.060941260989598,""
"MPI",0.0347058000659661,15.1162238369875,0.363001477319517,0.719691792118517,0.936327761872136,-5.88946714776228,"MPI",0.791649684608572,0.142853450290085,""
"MSI2",0.0343886507352966,12.6416556565173,0.429910640194306,0.67098805811615,0.913421865742753,-5.86386643145783,"MSI2",0.772283127100712,0.173285209101367,""
"PLIN5",0.0342877518515188,12.7803904115567,0.210232447661987,0.835210814033524,0.962235251641351,-5.931852990484,"PLIN5",0.813554040049012,0.0782038912040229,""
"UBE2N",0.0342825761205905,13.3247416354305,0.329638693055021,0.744452151256823,0.947814690136736,-5.90063632889376,"UBE2N",0.801361693061263,0.128163210756576,""
"PRKCSH",0.0341937648750203,13.5364212153947,0.362003984687121,0.720427734578735,0.936327761872136,-5.88981652411816,"PRKCSH",0.791649684608572,0.142409576331892,""
"CAT",0.0340784605045865,15.4988912732264,0.168244513208193,0.867760970531041,0.9731368326603,-5.93956175048711,"CAT",0.822771147056637,0.0615998871224359,""
"ADPRS",0.0337737547464645,12.6753759523929,0.437114613552503,0.665826077522045,0.91114712515052,-5.86085624772726,"ADPRS",0.770359871435615,0.176639199413444,""
"MYL2",0.0336432584262809,20.9816781119301,0.325603392895546,0.747466701604692,0.949523109678191,-5.90191503072818,"MYL2",0.802806133615357,0.126408149667676,""
"WASHC2C",0.0336057747194918,9.64828874823904,0.111985187320755,0.912349937008001,0.981032460355795,-5.53897030239939,"WASHC2C",0.829446770091062,0.0398385535989002,""
"CPNE3",0.0335760648602292,11.2108374913919,0.28918723550923,0.774952660227254,0.95364517629118,-5.89295650073074,"CPNE3",0.806291272972524,0.110724826564689,""
"ASB10",0.0335014963944875,9.86038183059521,0.150662746481932,0.881945418702669,0.976376284676908,-5.7689645793647,"ASB10",0.825510050325002,0.05455829138715,""
"COPS7A",0.0334987820115842,14.2615693648973,0.439180190308096,0.66434907751373,0.909606626254492,-5.85998406844032,"COPS7A",0.769057405018576,0.177603663701593,""
"SNU13",0.0331224793288563,11.1464280189132,0.249195974246592,0.805269743059182,0.9576948208888,-5.92317577246659,"SNU13",0.809715180709781,0.0940586186392265,""
"TNNC1",0.0329660914792846,20.2977892819419,0.407382002285851,0.687236575360878,0.920268753666549,-5.87296210999741,"TNNC1",0.778072057949655,0.162893735011066,""
"GOLGA4",0.0327858605947107,13.831994821997,0.10977354942993,0.913475974887701,0.981357886709364,-5.94745280072939,"GOLGA4",0.829721912707416,0.0393028704361376,""
"MCTS1",0.0327500136444598,13.7883046455629,0.270297698366798,0.789176894090547,0.954944830894269,-5.91786530581053,"MCTS1",0.807390109510894,0.102825638721259,""
"GPT2",0.0326010994525667,12.133556922978,0.216380692349762,0.830468116270073,0.961223556711784,-5.93058114993387,"GPT2",0.812698668666761,0.0806770365344116,""
"PSMB3",0.0324424157980125,13.3025201575251,0.305249156556421,0.762733896621491,0.950379135544513,-5.90812685130595,"PSMB3",0.803529889371286,0.117626952721613,""
"HOMER1",0.0321651121309845,13.6438143366494,0.387488614701834,0.701713417998703,0.927114230591015,-5.88059257521899,"HOMER1",0.783859795821929,0.153840218914993,""
"PLXND1",0.0320944632756923,14.8952208705067,0.169912298782229,0.867562527556018,0.9731368326603,-5.63230159112558,"PLXND1",0.822771147056637,0.0616992146420547,""
"CAPG",0.0319538473142718,11.2105744216188,0.191294541773498,0.850252608614594,0.967751053650447,-5.81742004954752,"CAPG",0.818217559703853,0.0704520269575037,""
"ACTR2",0.0318532508427687,11.8619180957394,0.286975536134617,0.776625050179927,0.95364517629118,-5.88973258379717,"ACTR2",0.806291272972524,0.109788605317841,""
"ERAP1",0.0316842276070961,12.3956068155553,0.230982677265031,0.819230848998632,0.95804959978618,-5.9274142527524,"ERAP1",0.810015140417966,0.0865937022451666,""
"LDAF1",0.0312411170378422,11.5579444507181,0.13962255758183,0.890090459909176,0.976376284676908,-5.94383850540481,"LDAF1",0.825510050325002,0.0505658537562215,""
"SNX3",0.0310866732923003,12.547340262928,0.30182067932237,0.765315377809086,0.95062972727619,-5.90913405077075,"SNX3",0.803741760548693,0.116159560118173,""
"GPS1",0.0307827206308584,13.3093457267848,0.313921408365178,0.756216659116761,0.950379135544513,-5.90552879737849,"GPS1",0.803529889371286,0.121353759553765,""
"PHAX",0.0304502564704876,14.0976112068435,0.235945477562488,0.815420447813233,0.9576948208888,-5.92629105628633,"PHAX",0.809715180709781,0.0886184022030803,""
"DTYMK",0.0301998725231112,11.8264424890426,0.205166279431211,0.839123604022629,0.963649546859587,-5.93287354520785,"DTYMK",0.814749803337309,0.0761740623045931,""
"CASQ2",0.0301474597157956,18.6382620952197,0.240129324281693,0.812211713991356,0.9576948208888,-5.92532569578312,"CASQ2",0.809715180709781,0.0903307512592773,""
"ARL1",0.0298613435653614,12.2725453227095,0.154762674816895,0.878266097746258,0.976376284676908,-5.94167510028436,"ARL1",0.825510050325002,0.056373881275988,""
"DDX3Y",0.0298366046179304,13.7745921455235,0.318658694447045,0.752664292383781,0.950379135544513,-5.90407911454112,"DDX3Y",0.803529889371286,0.123398687112444,""
"ST13",0.029828360757195,14.5290909962305,0.318807104540075,0.752553092860039,0.950379135544513,-5.90403335103171,"ST13",0.803529889371286,0.123462855039432,""
"PAFAH1B1",0.0297651709830653,13.454440356687,0.309196798119596,0.759764977758383,0.950379135544513,-5.90695315733651,"PAFAH1B1",0.803529889371286,0.119320729624196,""
"CTSD",0.0296440638243816,15.9934562601912,0.255293386800222,0.800610308693479,0.956559864186966,-5.92168536232671,"CTSD",0.808755593531404,0.0965788222000988,""
"RAB1B",0.0296165213995838,15.7418666301766,0.326703734527016,0.746644287931021,0.94934267079272,-5.9015679029977,"RAB1B",0.802653575512745,0.12688625304673,""
"MYPN",0.0295766580899226,14.8364014895357,0.30968040449269,0.759401527170796,0.950379135544513,-5.9068083453456,"MYPN",0.803529889371286,0.119528533820948,""
"ARL6IP5",0.0294310842716481,14.3970684330071,0.206293965849826,0.838252280685395,0.963034132792224,-5.93264852417728,"ARL6IP5",0.814229480890224,0.0766252562853821,""
"SLC16A3",0.0294118702044823,11.3174251903969,0.190977853694594,0.850169503098987,0.967751053650447,-5.91577748912937,"SLC16A3",0.818217559703853,0.0704944779073284,""
"CKAP5",0.0293567205745866,9.01320399908481,0.120470136247928,0.905467673002231,0.97724455413548,-5.77287994498061,"CKAP5",0.826244157836307,0.0431270502503783,""
"SCFD2",0.0293327071610587,11.9077214203858,0.266145647238269,0.792336093322697,0.956367214616716,-5.91894410194412,"SCFD2",0.808592711496139,0.101090560186186,""
"HIBADH",0.0288952656150148,15.5106531406009,0.286371571908001,0.77698178546217,0.95364517629118,-5.91353253033109,"HIBADH",0.806291272972524,0.109589162107697,""
"CLTB",0.0287326579801679,12.417808966574,0.267966248102038,0.790950391200573,0.956134136057619,-5.91847311209155,"CLTB",0.808395647417392,0.101850754812667,""
"CKM",0.0286205255554073,20.6972965045828,0.360478249227212,0.721553942545831,0.936943179126676,-5.89034908096434,"CKM",0.792170009750363,0.141731195999058,""
"IGHV1-18",0.0285734384330087,11.1209471045401,0.142059497654312,0.888552330708626,0.976376284676908,-5.80328654306988,"IGHV1-18",0.825510050325002,0.0513169896158736,""
"YWHAG",0.0285508357514157,15.8082609961787,0.321294629762292,0.75069007316518,0.950379135544513,-5.90326315772003,"YWHAG",0.803529889371286,0.12453932703769,""
"RDH13",0.0283919544884377,12.5765592023079,0.223395300234789,0.825065121250983,0.959401362135104,-5.92908550393706,"RDH13",0.811158033196294,0.0835117718333409,""
"GNAI2",0.0283254793596015,14.0820356514436,0.382494064680364,0.705366450074728,0.927708941632628,-5.88244912378913,"GNAI2",0.784362614202091,0.151585200883335,""
"MT-ND5",0.0282596659509355,10.898326230816,0.106298423752858,0.916240210172711,0.981433914739672,-5.92411991777326,"MT-ND5",0.829786193153501,0.03799065266807,""
"PCBP1",0.0282404659998239,15.0489988424511,0.287092820265456,0.776435919871823,0.95364517629118,-5.91333228969989,"PCBP1",0.806291272972524,0.109894381267607,""
"USP9X",0.0280454594915103,12.0569287009905,0.266589745769407,0.79199801506724,0.956367214616716,-5.9188295078276,"USP9X",0.808592711496139,0.101275906852962,""
"SCRN3",0.0276511414522265,12.4371711968669,0.245593734042651,0.80802591822093,0.9576948208888,-5.92403944072253,"SCRN3",0.809715180709781,0.0925747085820937,""
"L2HGDH",0.0275600918582608,13.7411932322817,0.314650723805534,0.755669405902254,0.950379135544513,-5.90530701752725,"L2HGDH",0.803529889371286,0.121668160310732,""
"FBL",0.027273973688235,11.6484536581238,0.278512458106323,0.783034574449037,0.954801226565436,-5.8920452019155,"FBL",0.807268694418596,0.10621906149132,""
"IGHG4",0.0272291525612918,12.1716568607328,0.076756878650201,0.939461253418376,0.987982878594929,-5.92674150106531,"IGHG4",0.835323234114629,0.0271211269776093,""
"MYO1C",0.0271618407051513,12.876640371619,0.343935448154534,0.733805543403265,0.945886747948196,-5.89598046802785,"MYO1C",0.799731649728521,0.134419011767376,""
"PSMA1",0.0270862673930843,15.3293970435347,0.294578574121113,0.770777413654816,0.951785786926012,-5.91122448864585,"PSMA1",0.804719189921652,0.113071020104802,""
"LMNB2",0.0270687183298435,15.2949585236932,0.313036333350185,0.756880963357276,0.950379135544513,-5.90579725724476,"LMNB2",0.803529889371286,0.120972417755044,""
"DYNC1H1",0.026969350044336,13.807039755449,0.375244232678546,0.710681838695611,0.92940337291707,-5.88510167160253,"DYNC1H1",0.785795227915518,0.148324782707367,""
"PRMT1",0.026795107211127,11.8459345485953,0.320219587265592,0.751495032313313,0.950379135544513,-5.90359674289147,"PRMT1",0.803529889371286,0.124073885930096,""
"ADA",0.0266389484530016,11.702553173533,0.0755036696544433,0.940575451093459,0.988430497836501,-5.8322737626426,"ADA",0.835701688803088,0.0266063604759458,""
"PFDN5",0.0264797916694413,12.2425508201314,0.23710434330167,0.814531342638476,0.9576948208888,-5.92602535596935,"PFDN5",0.809715180709781,0.0890921996635798,""
"ASAH1",0.026175171765507,11.5093301897286,0.168514191954846,0.867551081216564,0.9731368326603,-5.93951768140437,"ASAH1",0.822771147056637,0.0617049446208158,""
"RPL7",0.0260687747908044,12.7928662116138,0.234601514360187,0.816451879529653,0.9576948208888,-5.92659757252504,"RPL7",0.809715180709781,0.08806940684965,""
"MAT2B",0.0259846211227721,13.4177671349713,0.177199331338486,0.860796876240851,0.972097850354129,-5.93806077161966,"MAT2B",0.82189270464738,0.0650993176928148,""
"BAG2",0.0257299998400295,12.1915307787266,0.241436659485475,0.811209757600796,0.9576948208888,-5.9250205855257,"BAG2",0.809715180709781,0.0908668340872974,""
"H2BC12",0.0256458521282674,15.5330021144679,0.234813249559261,0.816289359768193,0.9576948208888,-5.92654939794918,"H2BC12",0.809715180709781,0.0881558644390547,""
"AHCY",0.0255038152539449,14.5947085330788,0.282650715196623,0.779799709736642,0.95411318537637,-5.91455760802119,"AHCY",0.806686966937577,0.108016930804609,""
"DCAF11",0.0253373168748823,11.5763911479547,0.189590225534634,0.85124459466828,0.967751053650447,-5.91218046301235,"DCAF11",0.818217559703853,0.0699456328039067,""
"SET",0.0252706840107795,11.6700769935011,0.111458826491482,0.912153300250895,0.981032460355795,-5.94727175416344,"SET",0.829446770091062,0.0399321662131586,""
"SMIM11",0.0251235039255278,10.6191168277747,0.0905065758280945,0.928614619369899,0.984595234452681,-5.94932676497279,"SMIM11",0.832459036847409,0.0321644834291618,""
"UCHL1",0.0251024406575358,13.4986444539596,0.136874433435191,0.892239602599467,0.976376284676908,-5.9442073710497,"UCHL1",0.825510050325002,0.0495185042408789,""
"RPL4",0.0250469973611054,11.8581915807361,0.159890254594691,0.87426786513315,0.975523917915769,-5.94089206748311,"RPL4",0.824789388282175,0.0583554843839193,""
"SNX5",0.0250130336292536,12.1896713031286,0.25559523043427,0.800379844095217,0.956559864186966,-5.92161065103427,"SNX5",0.808755593531404,0.0967038567030487,""
"CLPP",0.0249866981363436,11.9758988331757,0.211938595584666,0.833894061413655,0.962054134751373,-5.93150371329665,"CLPP",0.813400908704768,0.0788891189855565,""
"BCS1L",0.0247482099690615,13.3796117210327,0.231588578345837,0.818765397633967,0.95804959978618,-5.92727839691985,"BCS1L",0.810015140417966,0.0868405196174586,""
"NDUFB5",0.0245242498174161,13.1010520731714,0.162623937977216,0.872137659391958,0.974852428836224,-5.94046419985356,"NDUFB5",0.824221655336847,0.0594149600263653,""
"AKR7A2",0.0245228527921064,14.1931094008749,0.266125809479879,0.792351196152589,0.956367214616716,-5.91894921640096,"AKR7A2",0.808592711496139,0.101082282116781,""
"TNNI1",0.0244599395493843,20.0310058879584,0.259526058872687,0.797380257690552,0.956559864186966,-5.92062969121521,"TNNI1",0.808755593531404,0.0983345212221494,""
"SPTAN1",0.0244477607202978,13.3944499525415,0.362276855326525,0.720226385339701,0.936327761872136,-5.88972104437504,"SPTAN1",0.791649684608572,0.142530972387764,""
"TXN2",0.0242402445943064,15.6476095322499,0.233496827411981,0.817299930339703,0.957742081634812,-5.92684821241134,"TXN2",0.809755138891305,0.0876185380970858,""
"MAIP1",0.0241873031942035,11.5877149171289,0.214657519959265,0.831796702309422,0.961596957315104,-5.93094129229325,"MAIP1",0.813014372720287,0.0799828057451412,""
"ANXA1",0.0241076902057493,13.1393220886751,0.135723832917501,0.89313966871257,0.976376284676908,-5.9443596357245,"ANXA1",0.825510050325002,0.0490806210575521,""
"CHCHD10",0.0240743605440237,12.7607218112848,0.0760260847155351,0.940165117271702,0.988361058838175,-5.81476315075191,"CHCHD10",0.835642979274905,0.0267958663762837,""
"UBE2G2",0.024051359973905,11.1299630957082,0.189943408852112,0.850970931100991,0.967751053650447,-5.91211556044765,"UBE2G2",0.818217559703853,0.0700852750247611,""
"EIF3J",0.023954353598155,11.9709897979898,0.319196299235516,0.75226150608172,0.950379135544513,-5.90391323922453,"EIF3J",0.803529889371286,0.123631160863277,""
"VAT1",0.0237274684474702,11.8876629815956,0.176437562824983,0.86138885921432,0.972097850354129,-5.93819147731068,"VAT1",0.82189270464738,0.0648007494912658,""
"LARS1",0.0236832752112992,11.9799174209385,0.276144453109843,0.784734479086136,0.954801226565436,-5.91631805322323,"LARS1",0.807268694418596,0.105277265260166,""
"NUBP1",0.0234968050216757,9.62683271513976,0.132989985719402,0.89548562335727,0.976800617271551,-5.85574946931458,"NUBP1",0.82586881653743,0.0479413821731021,""
"NDUFA9",0.0231307715745608,17.0542829757792,0.237545989643163,0.814192569326573,0.9576948208888,-5.92592375603996,"NDUFA9",0.809715180709781,0.0892728654977545,""
"COPS5",0.0228998365127637,14.0047207391856,0.299241066343103,0.767259532519771,0.951014033672587,-5.90988443400994,"COPS5",0.804066685270452,0.115057707138541,""
"CYGB",0.0227069319264732,12.1140379847497,0.221217705702123,0.826741483311428,0.959795713136721,-5.92955489333335,"CYGB",0.811491450466151,0.0826302702816949,""
"LPP",0.0221759190532573,12.1111238569641,0.251475470823369,0.803526959983838,0.956960947058742,-5.92262278146946,"LPP",0.809094702486486,0.0949995471821708,""
"CYB5R3",0.0221684075138366,15.7240089626842,0.268834408993666,0.790289860166387,0.955738074362973,-5.91824739504055,"CYB5R3",0.808060783784785,0.102213590251128,""
"RPL31",0.0220730884673515,10.9956531792885,0.167252008086424,0.868533516304647,0.9731368326603,-5.939723332571,"RPL31",0.822771147056637,0.0612134176713388,""
"YTHDF3",0.0220134025725791,11.5906065655922,0.167937153215633,0.86818801682341,0.9731368326603,-5.85679561660403,"YTHDF3",0.822771147056637,0.0613862128112837,""
"MTOR",0.0218696406971688,10.2748150642858,0.211398712951395,0.834383418854378,0.962054134751373,-5.90794710386471,"MTOR",0.813400908704768,0.078634334940584,""
"RPA3",0.0218349871521468,10.6219262644206,0.200851686983734,0.842459260640835,0.965297311515228,-5.93372314156949,"RPA3",0.816142961185517,0.0744510914140929,""
"UGDH",0.021750382273602,17.1186505813856,0.10820981601727,0.914703484790755,0.981357886709364,-5.94761832552259,"UGDH",0.829721912707416,0.0387196663588044,""
"HSPA1A",0.021601091522367,18.2429511974926,0.161098120543966,0.873326522802776,0.974852428836224,-5.94070390845776,"HSPA1A",0.824221655336847,0.0588233501793517,""
"IDH1",0.0215946209459457,15.3066591535808,0.226313877416077,0.822819662889157,0.958988576205263,-5.9284492130655,"IDH1",0.810809029498576,0.0846953385351352,""
"GSPT1",0.021417140115723,12.6621563369865,0.26420906735324,0.793810834494182,0.956402130033241,-5.91944159279194,"GSPT1",0.80862223190513,0.100282977828797,""
"DCUN1D1",0.0211636827439925,13.6365915331335,0.275894700683656,0.784924092183186,0.954801226565436,-5.91638481888765,"DCUN1D1",0.807268694418596,0.1051723406305,""
"CCDC28B",0.0210469388989445,10.6692469946234,0.140063386426924,0.89039098452742,0.976376284676908,-5.71740481194873,"CCDC28B",0.825510050325002,0.0504192460114154,""
"G3BP2",0.020929671217857,13.1621858540422,0.236999627013325,0.8146116726833,0.9576948208888,-5.92604941816404,"G3BP2",0.809715180709781,0.0890493711397511,""
"SRP14",0.0206923570196604,9.80317897080542,0.0973213724542597,0.923289531557274,0.984316466803168,-5.92500598522765,"SRP14",0.832223343396031,0.0346620885297971,""
"CSE1L",0.0201688931411077,13.2514276197834,0.161339633198434,0.873138324307629,0.974852428836224,-5.9406661165835,"CSE1L",0.824221655336847,0.0589169490495448,""
"ACSL1",0.0199853902384781,17.1170202055624,0.22246349336912,0.825782344312779,0.959650917765912,-5.92928691910198,"ACSL1",0.8113690283675,0.0831344068203678,""
"RABGEF1",0.0197816198843022,12.1057892998381,0.150156710014494,0.8821676896451,0.976376284676908,-5.82985343792952,"RABGEF1",0.825510050325002,0.0544488527759413,""
"SPEG",0.0196236375073937,12.8034049258119,0.167499886273597,0.868340560454129,0.9731368326603,-5.93968306679046,"SPEG",0.822771147056637,0.0613099124749598,""
"GCN1",0.0195402376055966,11.9019689716549,0.146575123558434,0.884707043741817,0.976376284676908,-5.91918417253945,"GCN1",0.825510050325002,0.0532005150072491,""
"ARHGEF6",0.0195087461639378,10.0119509109826,0.109779583367572,0.913819239177833,0.981357886709364,-5.77405763627,"ARHGEF6",0.829721912707416,0.0391397027250366,""
"DST",0.0193912514949286,11.2285973579363,0.153842282424093,0.879382152458911,0.976376284676908,-5.80161293968815,"DST",0.825510050325002,0.0558223528705841,""
"GDI2",0.0192416607998389,15.7044698897334,0.255265488707229,0.800631610463699,0.956559864186966,-5.9216922631344,"GDI2",0.808755593531404,0.0965672671175707,""
"ADRM1",0.0191301942968565,10.7449573067844,0.118787858301638,0.90644453070804,0.97724455413548,-5.92661627751103,"ADRM1",0.826244157836307,0.0426587671277494,""
"SERPINB1",0.0191004900349618,14.2378424279224,0.211317843031792,0.834373082168506,0.962054134751373,-5.93163111724997,"SERPINB1",0.813400908704768,0.0786397151930443,""
"PRKAA1",0.0190928886750346,11.4724370559107,0.157968460601229,0.875819861049327,0.976376284676908,-5.91750319397617,"PRKAA1",0.825510050325002,0.0575852104954281,""
"TMEM126A",0.0189068337182992,14.7555111623098,0.257607443660158,0.798843945196765,0.956559864186966,-5.92111035182598,"TMEM126A",0.808755593531404,0.0975380521745135,""
"CEFIP",0.0186788301352188,10.6201692792156,0.142007643498671,0.888225921795717,0.976376284676908,-5.94351243506457,"CEFIP",0.825510050325002,0.051476556619933,""
"SMAD2",0.018646850879577,10.4865066947964,0.122160467784971,0.904075154550318,0.97724455413548,-5.79299236915256,"SMAD2",0.826244157836307,0.0437954657084544,""
"PRPSAP2",0.0184584344407401,12.0527728413746,0.150045547974092,0.881947195844562,0.976376284676908,-5.94237296068283,"PRPSAP2",0.825510050325002,0.0545574162738789,""
"LSMEM1",0.0183237289675997,8.9885715800602,0.064292325991721,0.949300275291088,0.994511338124316,-5.90027487139844,"LSMEM1",0.840842939006307,0.0225963931838884,""
"MIPEP",0.0182506648546354,10.7280044358005,0.0530623562841751,0.958759033374591,0.996664816703361,-5.36681183798629,"MIPEP",0.842663669638605,0.0182905311250947,""
"COL18A1",0.0181845341672542,11.6921589939613,0.136044174054076,0.892889064659531,0.976376284676908,-5.9443173723015,"COL18A1",0.825510050325002,0.049202495869595,""
"EIF5",0.0181241159727357,14.0676478747669,0.224290646992902,0.824376108002295,0.958988576205263,-5.92889118012782,"EIF5",0.810809029498576,0.0838746033958862,""
"HSPB3",0.0179140367705894,14.9230516979209,0.138646570913388,0.890853623111711,0.976376284676908,-5.9439703449788,"HSPB3",0.825510050325002,0.0501936493831599,""
"COPS4",0.0177900663786819,13.9803257704105,0.224627488854904,0.8241169288278,0.958988576205263,-5.92881787247175,"COPS4",0.810809029498576,0.0840111645868892,""
"PDIA6",0.0176432522411893,13.2770425753555,0.169525515225419,0.866764062934307,0.9731368326603,-5.9393517906716,"PDIA6",0.822771147056637,0.062099103343071,""
"ACADS",0.0172397416275913,16.1010234535015,0.0931314184267416,0.926550454937868,0.984595234452681,-5.9490926617535,"ACADS",0.832459036847409,0.0331309263672347,""
"RETREG1",0.0172270542377611,12.0906415121307,0.101579501683838,0.919944955890718,0.983193069663852,-5.92459542373292,"RETREG1",0.83127352963717,0.0362381575110603,""
"NSFL1C",0.0171883359164546,13.6349439639535,0.203637527789546,0.840305150427787,0.963849814973303,-5.93317663334382,"NSFL1C",0.81491912672546,0.0755629745556478,""
"JSRP1",0.0171474253298172,11.3794076664526,0.0912430040650032,0.928035443397048,0.984595234452681,-5.94926175968431,"JSRP1",0.832459036847409,0.0324354369515981,""
"ITGA7",0.0166971549608323,12.7737551680913,0.184711710363663,0.854963383114014,0.969048508851296,-5.93674170945119,"ITGA7",0.819314536683893,0.0680524850988035,""
"MTR",0.0166548416984327,10.8674881896184,0.0994805240361697,0.921630057674329,0.983643083859851,-5.90598981743285,"MTR",0.83165400922011,0.0354433697832432,""
"SH3GLB2",0.0166328232965824,11.6610587842583,0.0861098662709567,0.932073307500066,0.986478143668794,-5.94970391338267,"SH3GLB2",0.834051005544462,0.030549929072266,""
"COPS2",0.0163036393619773,13.9611207524786,0.197844425015246,0.844785986700427,0.966303339074535,-5.93430466670231,"COPS2",0.816993540899655,0.0732532988220457,""
"SH3BGRL",0.0162832901350214,10.6702035241033,0.099039882696973,0.922059433092687,0.983735649353067,-5.85954955314521,"SH3BGRL",0.831732271818416,0.035241084768155,""
"CSRP1",0.0162078854892584,13.1050271463782,0.134216254836529,0.894319204283915,0.976376284676908,-5.94455719865203,"CSRP1",0.825510050325002,0.04850744326651,""
"NUDCD3",0.0161577098833874,10.3728929221626,0.106092536476792,0.916483568588318,0.981433914739672,-5.8837907288982,"NUDCD3",0.829786193153501,0.0378753169924283,""
"LPIN1",0.015979952741267,12.1387704768045,0.114212153223031,0.909992933962449,0.97985214780111,-5.9469700408664,"LPIN1",0.828448835286921,0.040961979934985,""
"PSMB2",0.0159608603511305,13.9229890683847,0.195828993676851,0.84634613733174,0.966915941217439,-5.93468950472209,"PSMB2",0.817511485910974,0.0724519835460688,""
"DHTKD1",0.0156517593745793,12.9254704160839,0.0906332647892644,0.928514979905723,0.984595234452681,-5.94931561949637,"DHTKD1",0.832459036847409,0.032211085313629,""
"ATOX1",0.0156147437790661,12.4603530415186,0.17527534798374,0.862292194882756,0.972097850354129,-5.93838981031394,"ATOX1",0.82189270464738,0.0643455449380886,""
"VDAC2",0.0154212858873422,17.2897435861902,0.162628619827402,0.872134011928918,0.974852428836224,-5.94046346085711,"VDAC2",0.824221655336847,0.0594167763409875,""
"APIP",0.0153189877884419,15.1700936770248,0.12215534561873,0.90380587582911,0.97724455413548,-5.92236411019347,"APIP",0.826244157836307,0.0439248395573022,""
"HSPBP1",0.0153095319490237,13.233053265194,0.0926228877165068,0.926950320674244,0.984595234452681,-5.94913853864927,"HSPBP1",0.832459036847409,0.0329435409743721,""
"PRKDC",0.0151202487975812,11.4996401688444,0.218107411659664,0.829137311465007,0.961223556711784,-5.93021738957218,"PRKDC",0.812698668666761,0.0813735410137897,""
"SNRPE",0.0150822889918398,12.3618077185649,0.129397447585885,0.898091110806377,0.977231152624692,-5.94517390937412,"SNRPE",0.826232827079898,0.0466796021820702,""
"SRI",0.0150024927124761,13.0486776014367,0.124476822638377,0.901945238532716,0.97724455413548,-5.94578041734711,"SRI",0.826244157836307,0.0448198297807037,""
"STIM1",0.0148383523089155,12.5114921120584,0.147545671019199,0.883899125244041,0.976376284676908,-5.94273405736399,"STIM1",0.825510050325002,0.0535972959028164,""
"TXNDC9",0.0146793418766418,9.50927753974012,0.0806940625027881,0.936424855370657,0.98704616296666,-5.88608459348476,"TXNDC9",0.834531256495377,0.028527067415544,""
"NAXE",0.0145815721053886,13.5889109044956,0.154799926831519,0.878237038444304,0.976376284676908,-5.94166950336562,"NAXE",0.825510050325002,0.0563882510704139,""
"SERPINF1",0.0143957853765517,12.4245667845683,0.10334234182215,0.918525756126713,0.982887605605589,-5.94811837265623,"SERPINF1",0.831015264812361,0.0369086612559658,""
"HINT3",0.0143235707085054,13.2784219854777,0.178679510584715,0.859646842072452,0.972054385029543,-5.93780519393098,"HINT3",0.821855955432092,0.0656799278719325,""
"PPIA",0.0143232782612905,17.3131961883864,0.122278288442072,0.903668061326185,0.97724455413548,-5.94604381610765,"PPIA",0.826244157836307,0.0439910668782414,""
"ECPAS",0.013950441314206,13.902652494958,0.196937649325335,0.845487844537289,0.966704739811452,-5.93447829763187,"ECPAS",0.817332918604474,0.0728926318135232,""
"ILF3",0.0137242934061117,10.9501069471,0.0836011305746401,0.934139988275156,0.986935783373055,-5.88121044515595,"ILF3",0.834437932368909,0.0295880364253535,""
"DHX9",0.0136536770470226,13.116740543517,0.177084468279567,0.860886132925476,0.972097850354129,-5.93808051599702,"DHX9",0.82189270464738,0.0650542877013077,""
"HSPA5",0.0136218790523053,15.924901426193,0.122905229128551,0.903176726482059,0.97724455413548,-5.94596918228037,"HSPA5",0.826244157836307,0.0442272620603288,""
"MLYCD",0.0135725162762679,11.8671987412783,0.106563347001609,0.915996174463358,0.981433914739672,-5.94779004401471,"MLYCD",0.829786193153501,0.0381063401017166,""
"ACACB",0.0135462627081164,13.4626669387089,0.138960251991811,0.890608331524402,0.976376284676908,-5.94392807256337,"ACACB",0.825510050325002,0.0503132464177433,""
"PCMT1",0.0135023751479935,15.2898840439454,0.172691923125962,0.864300854405502,0.972719620932261,-5.93882599130401,"PCMT1",0.822418401419514,0.0633350576774538,""
"KYAT1",0.0134449151595391,13.2624489243105,0.146624049297436,0.884618926395694,0.976376284676908,-5.94286565404215,"KYAT1",0.825510050325002,0.0532437731494559,""
"SPTBN1",0.0133953213570983,12.6450435408771,0.151057793063149,0.881157040313084,0.976376284676908,-5.94222502389535,"SPTBN1",0.825510050325002,0.054946684478337,""
"GSS",0.0133206636307897,13.4055585005099,0.142740742186155,0.887652954150032,0.976376284676908,-5.94341110378888,"GSS",0.825510050325002,0.0517567972363794,""
"DARS1",0.0132120649598431,12.4102937944766,0.157374086998139,0.876229428963517,0.976376284676908,-5.94127949364598,"DARS1",0.825510050325002,0.0573821647371252,""
"ADIRF",0.0128972313143763,9.48381419783423,0.0484568541114789,0.961816634967809,0.996664816703361,-5.86315010407335,"ADIRF",0.842663669638605,0.0169077159165568,""
"EPB41",0.0123483229220476,12.9456457395659,0.0554379864926009,0.956235527721327,0.996664816703361,-5.95181276007463,"EPB41",0.842663669638605,0.0194351246784101,""
"ANXA7",0.0122165139992596,16.4370474698671,0.131624842577724,0.89634731478718,0.977231152624692,-5.94489164553107,"ANXA7",0.826232827079898,0.0475236782075203,""
"RPL21",0.0121044185091979,12.9072387930233,0.0794615515973377,0.937305794365932,0.987515002480588,-5.95023856132128,"RPL21",0.834927652574236,0.0281186981840491,""
"TMEM70",0.0119603817380955,12.6828923597909,0.061775156085794,0.951397361351631,0.995793592577664,-5.79831450223462,"TMEM70",0.841927064004962,0.0216380574063585,""
"MVP",0.0117838044307934,9.73721555396889,0.0489796588147723,0.961483952215343,0.996664816703361,-5.77867757996615,"MVP",0.842663669638605,0.01705796001883,""
"NPEPPS",0.0117562349895977,16.2221762192139,0.134799176650891,0.893863094172726,0.976376284676908,-5.94448107000743,"NPEPPS",0.825510050325002,0.048728993506546,""
"PFDN2",0.011527092256058,12.8205600798292,0.129706478486049,0.897849143460308,0.977231152624692,-5.94513503521466,"PFDN2",0.826232827079898,0.0467966273265142,""
"CDC37L1",0.011522277718937,11.7816259973767,0.0500096966213642,0.960618228137536,0.996664816703361,-5.83381373247481,"CDC37L1",0.842663669638605,0.0174491766972246,""
"RPL5",0.0113345512043903,12.9579570445159,0.127551479993287,0.899536689169477,0.97724455413548,-5.94540419200674,"RPL5",0.826244157836307,0.0459811185008654,""
"NDUFA1",0.0112674433413638,13.8977215316526,0.0848037588812343,0.933101027372048,0.986715672038729,-5.94981233560675,"NDUFA1",0.834251831864904,0.0300713324004493,""
"CALD1",0.0110422173042508,13.0111086470724,0.0775363819197072,0.93882152671108,0.987982878594929,-5.95038536842033,"CALD1",0.835323234114629,0.027416960802619,""
"HBG1",0.0110133815866895,14.5053956300425,0.0133642708580664,0.989444532522008,0.997775170279277,-5.95321907535865,"HBG1",0.843602455279672,0.00460854698039016,""
"LRRC20",0.0108252245049751,14.6774349908222,0.111454953424502,0.912156339698179,0.981032460355795,-5.9472721733996,"LRRC20",0.829446770091062,0.0399307190737534,""
"RPS6KA3",0.0107502805997139,13.6383210081009,0.163238346363322,0.871659020356631,0.974852428836224,-5.94036703851482,"RPS6KA3",0.824221655336847,0.0596533711892034,""
"MLIP",0.0107270726691144,13.149433101275,0.0850406670511705,0.932914605652457,0.986715672038729,-5.94979279240163,"MLIP",0.834251831864904,0.0301581075838526,""
"HSPG2",0.0102044182982102,15.1920541931895,0.0921800570154495,0.927298541416024,0.984595234452681,-5.94917828398868,"HSPG2",0.832459036847409,0.0327804233351932,""
"RPS5",0.00997843059050574,10.0880030847761,0.0446328634396868,0.964773877150607,0.996664816703361,-5.92863232510382,"RPS5",0.842663669638605,0.0155744642865672,""
"PRMT5",0.00992263356637757,12.1776165515983,0.119254942067029,0.906038011124002,0.97724455413548,-5.94639837718847,"PRMT5",0.826244157836307,0.0428535819312239,""
"AGL",0.0098658747635838,17.725357407702,0.100398646074499,0.920838322505098,0.983193069663852,-5.94840962968771,"AGL",0.83127352963717,0.0358166149797296,""
"PLCB1",0.00982320926378044,9.35407901103861,0.0301023241414418,0.976390325775069,0.996664816703361,-5.62276689168058,"PLCB1",0.842663669638605,0.0103765322897923,""
"GPC1",0.00972466335601752,10.5447147416279,0.0441599134412712,0.965132001122478,0.996664816703361,-5.95235843955663,"GPC1",0.842663669638605,0.0154132841291747,""
"HEBP2",0.00969776672002709,15.8889243043907,0.136909997020137,0.89221178505292,0.976376284676908,-5.94420264429837,"HEBP2",0.825510050325002,0.0495320445446942,""
"EIF2S3",0.00934366319567381,14.2723915299876,0.0786447580369125,0.937948846442634,0.987515002480588,-5.95030128680125,"EIF2S3",0.834927652574236,0.0278208463901034,""
"AARS1",0.00934033162956283,12.4719328980828,0.140295271231809,0.889564500965216,0.976376284676908,-5.94374709547583,"AARS1",0.825510050325002,0.0508225564078498,""
"THNSL1",0.00933375981801987,12.1546233785063,0.095579648656499,0.924625650380625,0.984595234452681,-5.94886828267435,"THNSL1",0.832459036847409,0.0340340628076863,""
"CAVIN1",0.00927192448191683,14.0717174152146,0.0942261529630861,0.925689714847202,0.984595234452681,-5.94899304893938,"CAVIN1",0.832459036847409,0.0335345616028106,""
"PSMD6",0.00911060106425765,12.9188680598401,0.119013127374675,0.906227604226007,0.97724455413548,-5.94642635296675,"PSMD6",0.826244157836307,0.0427627130899117,""
"SLC25A11",0.00892161938756431,15.8876201496691,0.0730248090839246,0.942374508340433,0.989958731593627,-5.95071530792645,"SLC25A11",0.836993785247412,0.0257764702615784,""
"ACAT2",0.0088567238396724,10.5106910779978,0.0502957415678144,0.960291233812445,0.996664816703361,-5.95207688744753,"ACAT2",0.842663669638605,0.0175970356517309,""
"SLC25A3",0.00878420431969928,17.7589177725839,0.0692260053341232,0.945367113194836,0.991651071239449,-5.95097779405267,"SLC25A3",0.838424630514872,0.0243995097191992,""
"WDR43",0.00780247087445751,12.8254989015235,0.0445598683228233,0.964847792741253,0.996664816703361,-5.90982111823303,"WDR43",0.842663669638605,0.0155411923414383,""
"PRKAR1B",0.00753769189932108,12.2583305141094,0.0412247095598224,0.967511789840896,0.996664816703361,-5.86346317573136,"PRKAR1B",0.842663669638605,0.014343734079959,""
"UAP1L1",0.0075342311011628,10.4035165833072,0.044733509374129,0.964850254323132,0.996664816703361,-5.75479875957419,"UAP1L1",0.842663669638605,0.0155400843427765,""
"CTF1",0.00744331869636916,10.2670374551135,0.0294493333510175,0.976877322954809,0.996664816703361,-5.68835989161363,"CTF1",0.842663669638605,0.0101599719096685,""
"TPPP",0.00741797570243996,11.2194186084442,0.0507063592553723,0.960023355520144,0.996664816703361,-5.88334545649586,"TPPP",0.842663669638605,0.0177182012832049,""
"GRPEL1",0.0070265215212153,13.3278884296204,0.0694088797934813,0.945223030042846,0.991651071239449,-5.95096547903208,"GRPEL1",0.838424630514872,0.0244657054710276,""
"PCYT2",0.00701795334024702,14.0011395233891,0.064007466292525,0.949479476767242,0.994511338124316,-5.95131553101617,"PCYT2",0.840842939006307,0.0225144182077079,""
"PPIL3",0.00680645762606247,11.2334054798498,0.0433957567230986,0.965734970261199,0.996664816703361,-5.95239094307737,"PPIL3",0.842663669638605,0.0151420420580246,""
"PSMB6",0.00665690807426245,13.9987852268679,0.0584491783450665,0.953861141644389,0.99622706838598,-5.95164616889348,"PSMB6",0.842293560653798,0.0205148431228193,""
"GLRX",0.00649088597693748,12.1064899912884,0.048630079595683,0.961605186487755,0.996664816703361,-5.9521569354101,"GLRX",0.842663669638605,0.017003202936034,""
"NSF",0.00645762061975219,13.2722605887885,0.047626366949653,0.962397016043987,0.996664816703361,-5.9522038702584,"NSF",0.842663669638605,0.01664573221605,""
"COPE",0.0064308090416052,12.0723001543827,0.0476421522948402,0.96240063344779,0.996664816703361,-5.93235989347454,"COPE",0.842663669638605,0.016644099817433,""
"ARL8B",0.00626989233102115,13.6245410854765,0.0449198778588821,0.964532360974817,0.996664816703361,-5.95232555175217,"ARL8B",0.842663669638605,0.0156831967841987,""
"ABCB7",0.00607220115562335,12.1083018234432,0.0234088496286407,0.981512233042017,0.996807878888858,-5.95303962058172,"ABCB7",0.842784626357652,0.00810428321676461,""
"UBE2B",0.00547527978672768,13.7468640338009,0.0549138402409361,0.956648870479075,0.996664816703361,-5.95184085802015,"UBE2B",0.842663669638605,0.0192474369312701,""
"VAPB",0.00537962123900115,15.449957441105,0.0711776632613673,0.943829539636951,0.991124582405884,-5.95084469058024,"VAPB",0.837979492886774,0.0251064343881044,""
"HSCB",0.00535825615830277,10.3881425766818,0.0329917692377358,0.973957429349635,0.996664816703361,-5.92907053251374,"HSCB",0.842663669638605,0.0114600252595655,""
"SERPINH1",0.00518102607587068,11.4175024192436,0.0401737651671564,0.968277554729845,0.996664816703361,-5.95252175253937,"SERPINH1",0.842663669638605,0.0140001352436641,""
"STEAP4",0.00495314781814393,9.68631582482167,0.0240112211085086,0.981146183620456,0.996807878888858,-5.71724527829774,"STEAP4",0.842784626357652,0.00826628109105744,""
"ENPP4",0.00488955991582429,10.4953192778231,0.0303559268815721,0.976048506716966,0.996664816703361,-5.91033658482163,"ENPP4",0.842663669638605,0.0105285986488397,""
"S100A10",0.004806072216061,14.1624543716693,0.0439087816641737,0.965330158040874,0.996664816703361,-5.95236918406393,"S100A10",0.842663669638605,0.0153241257314265,""
"EMD",0.00470850317459437,12.4350764846752,0.0425993510259289,0.966363408066253,0.996664816703361,-5.95242421462982,"EMD",0.842663669638605,0.0148595232343038,""
"DNAJB2",0.00469013903488325,11.6832748771745,0.044030837762314,0.96523384871647,0.996664816703361,-5.95236396962669,"DNAJB2",0.842663669638605,0.0153674567041709,""
"COMT",0.00467080724499347,13.4265233558633,0.0494957182600431,0.960922315847543,0.996664816703361,-5.95211567112331,"COMT",0.842663669638605,0.0173117207210954,""
"ACTBL2",0.00449020670151867,16.4685891377111,0.0306974395742606,0.975757531343161,0.996664816703361,-5.95284802878109,"ACTBL2",0.842663669638605,0.0106580879502203,""
"PDIA3",0.00433469078286386,13.7865518583749,0.0564971067124805,0.955400341703421,0.996664816703361,-5.95175516936545,"PDIA3",0.842663669638605,0.0198146077251753,""
"TPMT",0.00403881511781812,11.4616805206678,0.0345915955478082,0.972683431691076,0.996664816703361,-5.95272450995203,"TPMT",0.842663669638605,0.0120284816637618,""
"CORO1C",0.00388098064849629,10.547029554118,0.0171997011886506,0.986469692746516,0.997775170279277,-5.78682726640335,"CORO1C",0.843602455279672,0.00591625301203286,""
"SMYD1",0.00386707226830296,16.1230249670662,0.0460677826772666,0.963626661939071,0.996664816703361,-5.95227481190015,"SMYD1",0.842663669638605,0.0160911923050493,""
"DCTN4",0.0037599150269223,12.5083973234392,0.0336808822766445,0.973413679297718,0.996664816703361,-5.92904825160231,"DCTN4",0.842663669638605,0.0117025549470718,""
"MIA3",0.00375246403858753,9.95226554409066,0.0246334428469104,0.980572464166572,0.996807878888858,-5.8842948710141,"MIA3",0.842784626357652,0.00852030650939884,""
"MYO18A",0.00356708567096398,12.5829227063589,0.0241939216231205,0.980892325195425,0.996807878888858,-5.95302146414086,"MYO18A",0.842784626357652,0.0083786635068921,""
"MKRN2",0.00356621580957928,11.6959357881786,0.0220580431114361,0.98257888319734,0.996951906303732,-5.95306945917508,"MKRN2",0.842906399162222,0.00763257361196125,""
"UBE2M",0.00348450216691276,12.9916655161218,0.0303128058159585,0.9760611879982,0.996664816703361,-5.95285942950284,"UBE2M",0.842663669638605,0.0105229561273378,""
"CCDC22",0.00338595653749785,15.8399995131117,0.0215774974363261,0.982958349113541,0.996951906303732,-5.95307964663067,"CCDC22",0.842906399162222,0.00746488413468764,""
"STRIP2",0.00300675877067391,10.4322532186094,0.0161525557571642,0.987253813709884,0.997775170279277,-5.91065659186988,"STRIP2",0.843602455279672,0.00557117993129266,""
"PRDX1",0.00274093273130305,16.8929902909212,0.0318942564184643,0.974812704913447,0.996664816703361,-5.95281163512673,"PRDX1",0.842663669638605,0.011078819210491,""
"PTGR3",0.00267293182746364,9.79589882275781,0.0125202456946745,0.990136475313181,0.997775170279277,-5.84063596851315,"PTGR3",0.843602455279672,0.0043049403615671,""
"COPS7B",0.00263890290183966,8.91850269583806,0.01188278187473,0.990638647633423,0.997775170279277,-5.83494958162,"COPS7B",0.843602455279672,0.00408473295912994,""
"RABGGTA",0.00250225649179292,11.9988036697666,0.0199172441058178,0.984269409535012,0.99747175247971,-5.9531131168811,"RABGGTA",0.843345920532852,0.00688601227983297,""
"ESYT2",0.00248029712231634,14.2795091716794,0.0186028646324979,0.985307374221678,0.997775170279277,-5.9531377149453,"ESYT2",0.843602455279672,0.00642826685829983,""
"DDX17",0.00225241747335225,12.9741136883267,0.0295645351510627,0.976651935443959,0.996664816703361,-5.95288119677669,"DDX17",0.842663669638605,0.0102601849494945,""
"PDXK",0.00217493400634083,11.7206470745217,0.0202128735023428,0.984035955004982,0.99747175247971,-5.95310735306493,"PDXK",0.843345920532852,0.00698903289489518,""
"MCU",0.00212106120091171,13.3132073126202,0.0189047708546311,0.985068956654215,0.997775170279277,-5.95313221339894,"MCU",0.843602455279672,0.00653336701893502,""
"ATPAF1",0.00181732094241838,11.8026716580606,0.0146630783112645,0.988418771897378,0.997775170279277,-5.9532013896394,"ATPAF1",0.843602455279672,0.00505901513759309,""
"OPLAH",0.00171286126981229,13.1753450389683,0.0214463060616312,0.983061945923325,0.996951906303732,-5.95308238886794,"OPLAH",0.842906399162222,0.00741911500098419,""
"SNTB1",0.00162097888268242,12.9390663454965,0.013515363764428,0.989325202720602,0.997775170279277,-5.95321710219244,"SNTB1",0.843602455279672,0.00466092727852908,""
"DCN",0.00161074653935778,13.3208211589809,0.0111770329377604,0.991171990817311,0.997775170279277,-5.95324515432855,"DCN",0.843602455279672,0.00385097903449032,""
"YWHAE",0.00138548835730035,17.785538848163,0.0178780261039202,0.985879790191661,0.997775170279277,-5.95315056189679,"YWHAE",0.843602455279672,0.00617603601123179,""
"NDUFA13",0.00115527009837635,18.0806358328251,0.0112657377710837,0.991101931727953,0.997775170279277,-5.95324418711802,"NDUFA13",0.843602455279672,0.00388167739114186,""
"SELENOO",0.00115358552633893,10.782852148978,0.00774272778757765,0.993884455510903,0.99816413449176,-5.95327672271668,"SELENOO",0.843931318108133,0.00266410177047849,""
"ACTN4",0.00110119617027493,13.0790130879248,0.0126543221246511,0.990005237478336,0.997775170279277,-5.95322804979623,"ACTN4",0.843602455279672,0.00436250782474936,""
"COX7A2",0.00105904579016602,15.2579034573218,0.00439839754848268,0.996525929100582,0.999167710548453,-5.95329644998604,"COX7A2",0.844779825117232,0.00151139669374813,""
"CARS2",0.000968443639079553,11.9100565995312,0.00841057881683701,0.993356970034211,0.99816413449176,-5.95327148141171,"CARS2",0.843931318108133,0.00289465658304098,""
"RIC8A",0.000912915908273249,11.6377771517406,0.00567800169885886,0.995515244780528,0.999167710548453,-5.95329018557649,"RIC8A",0.844779825117232,0.00195208503549893,""
"USP7",0.000844016457733687,11.1994684606903,0.00939284607772753,0.992581156411015,0.99816413449176,-5.95326298508203,"USP7",0.843931318108133,0.00323397389428287,""
"GLUD1",0.000806205318431452,12.9976677670208,0.0103334072587935,0.991838290023519,0.998095944850166,-5.95325397083514,"GLUD1",0.843873664890468,0.00355912973624053,""
"ARPC4",0.000786654104542706,13.5434614906213,0.00370944222452144,0.997079585761518,0.999167710548453,-5.81297377881093,"ARPC4",0.844779825117232,0.00127017541190227,""
"EHD1",0.000709878699250766,12.6534337869723,0.00790549904191731,0.993755894424892,0.99816413449176,-5.95327548522777,"EHD1",0.843931318108133,0.00272028232680673,""
"ATP6V1B2",0.000470924305309595,11.7248565240895,0.00490382807650369,0.996126718347205,0.999167710548453,-5.95329416571543,"ATP6V1B2",0.844779825117232,0.00168541099558834,""
"GNB2",0.000453602676335763,13.3993550529664,0.00443970254446913,0.996493304603466,0.999167710548453,-5.95329627262397,"GNB2",0.844779825117232,0.00152561496001875,""
"APPL1",0.000343176279315571,13.263867260812,0.00400773069515165,0.996834495209597,0.999167710548453,-5.95329804550461,"APPL1",0.844779825117232,0.00137694177241667,""
"PCMTD1",0.000248549091713457,10.6828232640707,0.00155241673161246,0.998776214651431,0.999472468548017,-5.85394287126978,"PCMTD1",0.845037492981051,0.000531808700177759,""
"PDLIM5",0.000138213905756857,18.2350715802299,0.00104908486812932,0.999171378507126,0.999519521844585,-5.95330531441897,"PDLIM5",0.845077275767491,0.000360014920599844,""
"GRB2",0.000112356050751217,14.6907592337711,0.00161251922817646,0.998726349237083,0.999472468548017,-5.95330458582367,"GRB2",0.845037492981051,0.000553492050862988,""
"AOC3",-9.40051257334318e-05,14.9155254310783,-0.000597829269489752,0.999527803459319,0.999527803459319,-5.95330567549044,"AOC3",0.845084277736202,0.000205120784466041,""
"KTN1",-0.000120706374861612,12.2960890945427,-0.00160093776263365,0.998735496867082,0.999472468548017,-5.95330460390521,"KTN1",0.845037492981051,0.000549514237480908,""
"LGALS3BP",-0.000598636835787758,10.8284351275542,-0.00158222231835598,0.998760377166707,0.999472468548017,-5.64587926389719,"LGALS3BP",0.845037492981051,0.000538695314672106,""
"PGLS",-0.000603736012054767,13.2971265346691,-0.00760646504833534,0.993992079593153,0.99816413449176,-5.95327773887452,"PGLS",0.843931318108133,0.00261707616877584,""
"SCCPDH",-0.00131374113566451,12.397837531714,-0.0151526356883369,0.988032138794019,0.997775170279277,-5.95319429803884,"SCCPDH",0.843602455279672,0.005228928414511,""
"FHL1",-0.00138544337744051,19.2824156004066,-0.015118200623006,0.988059334153709,0.997775170279277,-5.95319480447027,"FHL1",0.843602455279672,0.00521697472227683,""
"YWHAQ",-0.0014817476321074,12.2932588686779,-0.0134528421676609,0.989374580850149,0.997775170279277,-5.95321792137053,"YWHAQ",0.843602455279672,0.00463925178296199,""
"PPA2",-0.00148590004642735,14.6906533624584,-0.0131477696255724,0.98961552079419,0.997775170279277,-5.95322186404617,"PPA2",0.843602455279672,0.00453350199816327,""
"NAPG",-0.00173090623521333,11.4865860974725,-0.0114565245642233,0.9909512485405,0.997775170279277,-5.95324208093029,"NAPG",0.843602455279672,0.00394771081305409,""
"HADHA",-0.00195377863154533,17.6359016337787,-0.0233849183980514,0.981531129787113,0.996807878888858,-5.95304016463622,"HADHA",0.842784626357652,0.0080959219627271,""
"HNRNPD",-0.00231394243606964,12.9937700142923,-0.0271279148649222,0.978575699727243,0.996807878888858,-5.9529483083796,"HNRNPD",0.842784626357652,0.00940557296745551,""
"CUTA",-0.00231582273441866,14.1349586531879,-0.0236199688761274,0.98134552806879,0.996807878888858,-5.95303479687214,"CUTA",0.842784626357652,0.00817805224026367,""
"CAPN2",-0.00252101452887565,14.2966924306912,-0.0247485938304631,0.980454352784785,0.996807878888858,-5.95300827516465,"CAPN2",0.842784626357652,0.00857262106316051,""
"SRL",-0.00256371323515836,18.065587479041,-0.0256141117380344,0.97977094734431,0.996807878888858,-5.95298709775483,"SRL",0.842784626357652,0.00887544260485443,""
"EIF2S1",-0.00260034705121193,12.0522124000615,-0.0319179698353588,0.974793984743383,0.996664816703361,-5.95281089997231,"EIF2S1",0.842663669638605,0.0110871594224962,""
"RAB12",-0.00274426128547844,16.5027981367747,-0.0361623475782916,0.971443577895993,0.996664816703361,-5.95267051732898,"RAB12",0.842663669638605,0.0125824184507275,""
"AIMP2",-0.00292837145719993,14.3170503286927,-0.0264632781459558,0.979100468222639,0.996807878888858,-5.95296561307323,"AIMP2",0.842784626357652,0.00917274174540059,""
"IGBP1",-0.0029711075907084,11.5410126891013,-0.0349598125154241,0.972404564413273,0.996664816703361,-5.92900567980611,"IGBP1",0.842663669638605,0.0121530112696263,""
"VWF",-0.00308742489716707,13.4830631924195,-0.0234406415481533,0.981487129301981,0.996807878888858,-5.95303889696105,"VWF",0.842784626357652,0.00811539113252066,""
"CHMP4B",-0.00330603997053913,9.06587171538276,-0.0081106317791065,0.993624821567942,0.99816413449176,-5.75572362971649,"CHMP4B",0.843931318108133,0.00277756799746379,""
"NAXD",-0.0034716826282839,13.1581594694339,-0.0373406409583998,0.970513554433369,0.996664816703361,-5.95262844149523,"NAXD",0.842663669638605,0.0129983947686524,""
"NDUFS8",-0.00351188772203415,17.7795592574614,-0.0404121830963073,0.96808939886499,0.996664816703361,-5.95251241854747,"NDUFS8",0.842663669638605,0.0140845356244391,""
"LAMB2",-0.00380313240072816,13.8460004482958,-0.0293524058098571,0.976819410576432,0.996664816703361,-5.95288726867215,"LAMB2",0.842663669638605,0.0101857190237817,""
"COA4",-0.00385562199406664,10.3056837825186,-0.0151245817195532,0.988064934269638,0.997775170279277,-5.91067216773532,"COA4",0.843602455279672,0.00521451323796111,""
"PDAP1",-0.00385728535582075,13.3621031405815,-0.0323548775651359,0.974449077713968,0.996664816703361,-5.95279725736028,"PDAP1",0.842663669638605,0.0112408511032236,""
"SNX9",-0.00399183626763033,11.2028522163643,-0.0304016764823965,0.975991026980769,0.996664816703361,-5.95285680810414,"SNX9",0.842663669638605,0.0105541751106154,""
"ALDH7A1",-0.00400476191747856,13.6125927719926,-0.0358800993899831,0.971666361723742,0.996664816703361,-5.95268039591797,"ALDH7A1",0.842663669638605,0.0124828319214225,""
"TMLHE",-0.00408441802109216,13.0248428546911,-0.0297009344843477,0.976544249378773,0.996664816703361,-5.95287726944902,"TMLHE",0.842663669638605,0.0103080730872034,""
"EIF4G2",-0.00418374515502862,11.5197309744055,-0.0474166227573061,0.962562488375316,0.996664816703361,-5.95221355453808,"EIF4G2",0.842663669638605,0.0165710670395453,""
"PTPA",-0.00431288741444469,13.6437999352917,-0.0411281061123762,0.967524414505145,0.996664816703361,-5.95248405849484,"PTPA",0.842663669638605,0.0143380671864851,""
"MTX1",-0.00443160743819426,12.3568635801415,-0.0519038713878095,0.959022773821439,0.996664816703361,-5.95199704735718,"MTX1",0.842663669638605,0.0181710795576505,""
"RPL10",-0.00455498157337786,11.8242798223757,-0.0312674281186702,0.975329553306417,0.996664816703361,-5.90180150059735,"RPL10",0.842663669638605,0.01084861609648,""
"ARSB",-0.00473044633302067,13.7450403318103,-0.024812348638437,0.980412374971928,0.996807878888858,-5.92929982042546,"ARSB",0.842784626357652,0.00859121562874814,""
"SGCA",-0.00478890065682691,13.3223801642583,-0.0593165135475119,0.953177309838139,0.996203879339387,-5.95159655076382,"SGCA",0.842273954697242,0.0208263044806145,""
"RPL12",-0.00482973132845466,12.2810891549559,-0.0227825046213653,0.982014493983198,0.99694611464843,-5.92934667241921,"RPL12",0.842901502413156,0.00788210222275451,""
"H2AC8",-0.00490264025452269,13.938262036567,-0.0351489195184216,0.972243506682739,0.996664816703361,-5.9527056270083,"H2AC8",0.842663669638605,0.01222494869094,""
"MTFMT",-0.00502864421233795,9.3426056152495,-0.0312975892003023,0.975382419642482,0.996664816703361,-5.78649941423371,"MTFMT",0.842663669638605,0.0108250764264979,""
"AP2A2",-0.00541789551967575,11.8663506566075,-0.044410927447417,0.96493393941662,0.996664816703361,-5.95234763886464,"AP2A2",0.842663669638605,0.0155024179814703,""
"LACTB",-0.00553046778759203,14.3817545177966,-0.0563035763737525,0.955552949262628,0.996664816703361,-5.95176577412393,"LACTB",0.842663669638605,0.0197452427424573,""
"MTX2",-0.00553288631967774,13.7370826519293,-0.0564855637449786,0.955409443814739,0.996664816703361,-5.95175580289826,"MTX2",0.842663669638605,0.0198104702157809,""
"EHD4",-0.0056882386813939,11.7333754402732,-0.0501693584805071,0.960390926781502,0.996664816703361,-5.95208305561993,"EHD4",0.842663669638605,0.0175519515589296,""
"TMEM143",-0.00648544244318572,13.6929553977432,-0.0584081500509055,0.953893490419038,0.99622706838598,-5.95164849792327,"TMEM143",0.842293560653798,0.0205001149244527,""
"MRPL50",-0.00656140942117567,10.0235166592809,-0.0360542384570588,0.971601939648612,0.996664816703361,-5.8343918319503,"MRPL50",0.842663669638605,0.01251162686624,""
"STAT3",-0.00671576040174315,11.083412358549,-0.0374284931356568,0.970456834746758,0.996664816703361,-5.92891901871431,"STAT3",0.842663669638605,0.0130237769661912,""
"SERBP1",-0.00672926592479328,12.3463448403688,-0.0447789370516873,0.964643566907845,0.996664816703361,-5.95233169340659,"SERBP1",0.842663669638605,0.0156331276096622,""
"TPM3",-0.00709236104003708,21.4049261250377,-0.0907458013521823,0.928426472143926,0.984595234452681,-5.94930570601299,"TPM3",0.832459036847409,0.0322524850384729,""
"ANP32B",-0.00743315748573181,12.6052018481843,-0.0770094775540866,0.939262436080505,0.987982878594929,-5.92672266919264,"ANP32B",0.835323234114629,0.0272130460538937,""
"LYRM7",-0.00747646573160132,14.2527815002644,-0.0601946700310204,0.952484983514797,0.996203879339387,-5.95154556920069,"LYRM7",0.842273954697242,0.0211418625059589,""
"HPR",-0.00750304195178408,10.497451561584,-0.0254619583165125,0.97989966728593,0.996807878888858,-5.93314665658856,"HPR",0.842784626357652,0.00881838979197912,""
"ABHD10",-0.00753787266397765,12.3057738061864,-0.0809769020558813,0.936112891881596,0.98704616296666,-5.95012047473983,"ABHD10",0.834531256495377,0.0286717737354103,""
"HECTD3",-0.00763454980055478,11.5691250902771,-0.0485410173839533,0.961860863454447,0.996664816703361,-5.75462905145212,"HECTD3",0.842663669638605,0.0168877456380574,""
"CAPN3",-0.00806307517239802,14.8603338444894,-0.0899681016502141,0.929038136583878,0.984595234452681,-5.94937396346911,"CAPN3",0.832459036847409,0.031966458053731,""
"MDP1",-0.00811246918542885,13.1459807885205,-0.0357371115959822,0.971818681765408,0.996664816703361,-5.86977032569977,"MDP1",0.842663669638605,0.0124147565287805,""
"HRC",-0.00829523965458989,16.0011655295381,-0.0876479434190669,0.930863214860996,0.985801656165961,-5.94957411161803,"HRC",0.833479046514657,0.0311141314735234,""
"CASQ1",-0.00831564295628695,17.7456275025768,-0.105947565030167,0.916479703215933,0.981433914739672,-5.94785359118761,"CASQ1",0.829786193153501,0.0378771486820463,""
"C11orf68",-0.00837366390319083,12.5438769272791,-0.0670473256939591,0.947106437424024,0.993112703376324,-5.9274184962818,"C11orf68",0.839660416387392,0.0236012115052882,""
"PREB",-0.00874717146759885,12.633474687587,-0.0699241162650249,0.944817095714377,0.991651071239449,-5.95093060764496,"PREB",0.838424630514872,0.0246522571099873,""
"HDGF",-0.00875355574178371,14.0742647337828,-0.0983749714936573,0.922428534187356,0.983763863912295,-5.94860497990408,"HDGF",0.831756126763045,0.0350672711421921,""
"ACTA1",-0.00897969694156231,20.9107878528649,-0.14131309088554,0.888768820217935,0.976376284676908,-5.9436079578777,"ACTA1",0.825510050325002,0.0512111897161778,""
"GDE1",-0.00927968178121397,10.2636002494788,-0.0366551510299728,0.971148428946787,0.996664816703361,-5.7994997493644,"GDE1",0.842663669638605,0.0127143880671106,""
"PGK2",-0.00941629052145743,14.8999513505678,-0.0646849459703212,0.948967359679525,0.994511338124316,-5.92756939077637,"PGK2",0.840842939006307,0.0227487251436819,""
"PDCD6IP",-0.00954723425617843,13.5891949081314,-0.104447712686564,0.917657564970678,0.982324708810893,-5.94800683279749,"PDCD6IP",0.830539344853418,0.0373193508119261,""
"GSTO1",-0.00972312509387407,17.3667720224549,-0.0827575658115136,0.934711326298428,0.986964405223533,-5.94997886405609,"GSTO1",0.834462131671575,0.0293224947457089,""
"GNA11",-0.0102284241373294,11.9656274570247,-0.0456210415804507,0.963994523228454,0.996664816703361,-5.92858907592426,"GNA11",0.842663669638605,0.0159254334606732,""
"PLOD1",-0.0106713810204262,15.9218899894303,-0.063019109545827,0.950258495712458,0.994964311156261,-5.95137651732204,"PLOD1",0.841225920236254,0.0221582389313337,""
"DAG1",-0.0109677311157483,15.5405206109939,-0.134374288875491,0.894195546081101,0.976376284676908,-5.94453659220933,"DAG1",0.825510050325002,0.0485674976498458,""
"RAP1A",-0.0110241942733023,13.0001406814779,-0.145885818217808,0.885195569526207,0.976376284676908,-5.94297047102742,"RAP1A",0.825510050325002,0.0529607684175491,""
"ABRA",-0.0111773470928114,10.5433506571528,-0.0370156144497864,0.970864841036808,0.996664816703361,-5.79948701879934,"ABRA",0.842663669638605,0.0128412261966101,""
"LMAN1",-0.0111787952229658,14.1908202409723,-0.12380104939646,0.902474738458443,0.97724455413548,-5.94586187836653,"LMAN1",0.826244157836307,0.0445649457676199,""
"GDI1",-0.0111811939701614,12.7821011595748,-0.0834938278056116,0.934131874871163,0.986935783373055,-5.94991941187575,"GDI1",0.834437932368909,0.0295918084744358,""
"FYCO1",-0.0115638647605198,14.1726020764521,-0.100363474501817,0.920865957619679,0.983193069663852,-5.94841305882077,"FYCO1",0.83127352963717,0.035803581641099,""
"SULT1A3",-0.0116695350880889,11.8069517247159,-0.0785995119250316,0.937984469440809,0.987515002480588,-5.95030474253167,"SULT1A3",0.834927652574236,0.0278043523373486,""
"UFL1",-0.0117438955048819,10.2437487768384,-0.0895276818212452,0.929667798634368,0.984898985195303,-5.78312647608398,"UFL1",0.832715853092092,0.031672211654372,""
"UROD",-0.0117734904522777,11.8295407514631,-0.0911958514215689,0.928072526151468,0.984595234452681,-5.949265937671,"UROD",0.832459036847409,0.0324180836123693,""
"PRSS3",-0.0118893602960739,13.8335701581747,-0.0804752914507682,0.936507749188848,0.98704616296666,-5.95015981055352,"PRSS3",0.834531256495377,0.0284886246784584,""
"HSPA4",-0.0119014707231759,13.2724234004964,-0.161932206898172,0.872676594158931,0.974852428836224,-5.94057315139001,"HSPA4",0.824221655336847,0.0591466719809535,""
"DERA",-0.011975578104412,11.7908529355085,-0.113912040819368,0.910228379723288,0.97985214780111,-5.9470032846999,"DERA",0.828448835286921,0.0408496278879878,""
"CUTC",-0.0120893956769255,13.8857846483945,-0.116058366404208,0.908544718525707,0.97914109868142,-5.94676361155197,"CUTC",0.827847654979912,0.0416536918771413,""
"TMX3",-0.0125339080136513,12.673865899227,-0.142277000386136,0.888015393418109,0.976376284676908,-5.94347526421208,"TMX3",0.825510050325002,0.051579505822076,""
"ALDH9A1",-0.0125910160634302,15.4399533025981,-0.140406938006395,0.889477199654109,0.976376284676908,-5.94373187948226,"ALDH9A1",0.825510050325002,0.0508651798918231,""
"ILKAP",-0.0126394631927251,10.0897791174767,-0.0915954413687487,0.927822969685602,0.984595234452681,-5.89821630338525,"ILKAP",0.832459036847409,0.0325348800558598,""
"ARCN1",-0.0126967641603457,11.8946080085877,-0.0903213326917,0.928760313182761,0.984595234452681,-5.94934303371564,"ARCN1",0.832459036847409,0.0320963506919379,""
"LSM2",-0.0128166029613741,12.5992377929025,-0.0943658030407749,0.925579920947032,0.984595234452681,-5.94898025815082,"LSM2",0.832459036847409,0.0335860753144003,""
"ENOPH1",-0.0129047708148811,13.5337937404446,-0.140443178441888,0.889448867113864,0.976376284676908,-5.9437269386724,"ENOPH1",0.825510050325002,0.0508790137055132,""
"PCYT1A",-0.0130272904476829,12.2813115790222,-0.131024134572225,0.896817548611073,0.977231152624692,-5.94496824320498,"PCYT1A",0.826232827079898,0.0472959022079223,""
"PCBD2",-0.0132836055668299,16.4984872561254,-0.148451914627229,0.883191433852109,0.976376284676908,-5.94260385396217,"PCBD2",0.825510050325002,0.0539451518531026,""
"MYH10",-0.0135326681892085,11.0284671390275,-0.106578051459361,0.916060010609207,0.981433914739672,-5.89678048381805,"MYH10",0.829786193153501,0.0380760749972669,""
"BPHL",-0.0136709333548755,12.5086792093224,-0.102867611724339,0.918898654993623,0.982920282595638,-5.94816591239382,"BPHL",0.831042892668674,0.036732384156946,""
"TIMM21",-0.0137373192479124,11.0518935975758,-0.138347542300019,0.891134516506366,0.976376284676908,-5.92032001439073,"TIMM21",0.825510050325002,0.0500567343840082,""
"NDUFB3",-0.0138741242799512,16.5336708834316,-0.129177952706698,0.898262978675222,0.977231152624692,-5.94520146422031,"NDUFB3",0.826232827079898,0.0465964991148958,""
"TBCA",-0.0139374945373589,11.7203929500559,-0.135653345479847,0.893194812816646,0.976376284676908,-5.94436892195944,"TBCA",0.825510050325002,0.0490538077363461,""
"ABCF1",-0.0139684312686104,13.5841854274424,-0.12503330980041,0.901509239587654,0.97724455413548,-5.94571300316046,"ABCF1",0.826244157836307,0.0450298178252508,""
"TBCE",-0.0140498327408967,11.6527323366657,-0.100966473186848,0.92039218173782,0.983193069663852,-5.94835410194652,"TBCE",0.83127352963717,0.0360270790978575,""
"RNH1",-0.0140937439375399,15.5386321964883,-0.124079723929298,0.902256378339177,0.97724455413548,-5.94582833922953,"RNH1",0.826244157836307,0.0446700390908802,""
"SVIL",-0.0146431004905363,12.568921862267,-0.140221965658349,0.889621812184581,0.976376284676908,-5.94375707770527,"SVIL",0.825510050325002,0.0507945773860397,""
"BCAM",-0.014668862020919,12.1928100560141,-0.127260981884772,0.899764210780585,0.97724455413548,-5.94544013046257,"BCAM",0.826244157836307,0.0458712854198649,""
"AGO2",-0.0148186518428304,11.1630279785165,-0.140842145033571,0.889293865771989,0.976376284676908,-5.87964306871787,"AGO2",0.825510050325002,0.0509547033782124,""
"TPP2",-0.0148501592901464,13.7221186106979,-0.182235262953592,0.856885475121453,0.970078154208868,-5.93718257018129,"TPP2",0.820185084857057,0.0670772187377326,""
"PTGES3",-0.0150586207170935,13.8658130187832,-0.136589705753488,0.892462319346119,0.976376284676908,-5.94424516996798,"PTGES3",0.825510050325002,0.0494101111771283,""
"TMOD4",-0.0151967108297342,16.7644912028635,-0.194315789505216,0.847517933487272,0.967100153832257,-5.93497586327355,"TMOD4",0.817667234639528,0.0718511033524181,""
"DDX19B",-0.0153466360967673,12.1941469526145,-0.146561983522543,0.884667404389562,0.976376284676908,-5.9428744867207,"DDX19B",0.825510050325002,0.0532199740335415,""
"ENAH",-0.015428803384026,11.7094608013988,-0.0503799736252381,0.960280447968476,0.996664816703361,-5.86916230009148,"ENAH",0.842663669638605,0.0176019136081883,""
"POFUT1",-0.0155766497561771,11.5020146759067,-0.119045206682163,0.906286766259967,0.97724455413548,-5.90391978708883,"POFUT1",0.826244157836307,0.042734361596192,""
"CACYBP",-0.015642537172452,10.8594847959084,-0.121510695339384,0.904269679105235,0.97724455413548,-5.94613467476609,"CACYBP",0.826244157836307,0.0437020311604096,""
"DYNLRB1",-0.0158587174419775,12.7071782702795,-0.180250974033901,0.858426230005423,0.971056621885567,-5.93753153421153,"DYNLRB1",0.821012363144854,0.0662970205707935,""
"PNPO",-0.0160045330456491,13.6833811747195,-0.134332914607614,0.894227920283318,0.976376284676908,-5.94454198944032,"PNPO",0.825510050325002,0.048551774374408,""
"TAGLN",-0.0160902412896231,12.8432900154079,-0.0953127338262243,0.924835476932075,0.984595234452681,-5.94889302782981,"TAGLN",0.832459036847409,0.0339355189534828,""
"DTNA",-0.0162793912163242,11.8960972770844,-0.185579373219921,0.854290162973138,0.96904165524636,-5.93658584332445,"DTNA",0.819308742073921,0.0683945944459825,""
"ZW10",-0.0164385671006997,13.4815934958681,-0.110234133674195,0.913114464025695,0.981357886709364,-5.94740359453624,"ZW10",0.829721912707416,0.0394747778010535,""
"OPTN",-0.0165010178162213,11.8987660663418,-0.156897191603127,0.876601300365531,0.976376284676908,-5.94135223222564,"OPTN",0.825510050325002,0.0571978894416355,""
"APOA4",-0.0166201648517355,13.6886424991387,-0.115282873212402,0.909152995621365,0.979428987027744,-5.94685072394171,"APOA4",0.828091059830062,0.0413630259496688,""
"ADH5",-0.0166585506365653,13.8765567046111,-0.124264628420407,0.902111497645706,0.97724455413548,-5.94580604397525,"ADH5",0.826244157836307,0.0447397819483998,""
"GPD1L",-0.01671762317687,15.7352418320132,-0.185200802123982,0.854583882698214,0.96904165524636,-5.9366539390336,"GPD1L",0.819308742073921,0.0682453021591621,""
"NUDCD2",-0.016927397918364,12.0554610516275,-0.14995274849885,0.882019641097088,0.976376284676908,-5.94238647338966,"NUDCD2",0.825510050325002,0.0545217437512773,""
"MYOF",-0.017048894742441,10.4565503180081,-0.0951501707237868,0.92526446334201,0.984595234452681,-5.75345029475533,"MYOF",0.832459036847409,0.0337341174724822,""
"SERPINA4",-0.0173210083026341,12.7185217718079,-0.154112570614692,0.878773254678514,0.976376284676908,-5.94177255858042,"SERPINA4",0.825510050325002,0.0561231692325148,""
"SLC25A5",-0.0174494043976576,10.3474471996905,-0.0597047549194196,0.953144134031961,0.996203879339387,-5.72504833178661,"SLC25A5",0.842273954697242,0.0208414205772242,""
"PPIH",-0.0175869215448365,11.9849667799284,-0.133489269716175,0.894888089428733,0.976519842170237,-5.94465168014423,"PPIH",0.825631425818654,0.0482312721504802,""
"TNPO1",-0.0177709180518288,11.6719250862657,-0.120384511739768,0.905152455489652,0.97724455413548,-5.94626694494649,"TNPO1",0.826244157836307,0.0432782660968622,""
"PPP3CB",-0.0179647343167133,14.0023205948917,-0.208561021152656,0.836501245518682,0.962949108213366,-5.93219243248017,"PPP3CB",0.814157594010673,0.0775334080530656,""
"SEC13",-0.0181772987237867,11.749853068877,-0.190226545825337,0.850751556633632,0.967751053650447,-5.9120634429663,"SEC13",0.818217559703853,0.0701972475959162,""
"WDR82",-0.0186790631824714,9.42015158471282,-0.0614298482049769,0.952149226504555,0.996203879339387,-5.52691848566195,"WDR82",0.842273954697242,0.0212949810602221,""
"ITGA8",-0.0189523004335665,11.3927868432064,-0.0366931103757511,0.971223334532411,0.996664816703361,-5.66879539365887,"ITGA8",0.842663669638605,0.0126808918197619,""
"PGRMC2",-0.0193354098697451,14.1176100153485,-0.198118733360073,0.844573693713054,0.966303339074535,-5.93425198506914,"PGRMC2",0.816993540899655,0.0733624498507068,""
"SF3B3",-0.0195813199016985,11.7135085989581,-0.168365948524044,0.86766645694364,0.9731368326603,-5.93954191506062,"SF3B3",0.822771147056637,0.0616471915834168,""
"SERPINB6",-0.019618083122074,15.0056841854617,-0.194674855365986,0.847239847306299,0.967100153832257,-5.93490811405146,"SERPINB6",0.817667234639528,0.0719936267222385,""
"FLAD1",-0.0203033771343399,10.6897971070487,-0.125215759094911,0.901560823110054,0.97724455413548,-5.84639170967599,"FLAD1",0.826244157836307,0.0450049686087896,""
"CYB5B",-0.0204886235684096,15.9978736373925,-0.235719145360783,0.815594123944119,0.9576948208888,-5.92634279764679,"CYB5B",0.809715180709781,0.0885259118147378,""
"JPT1",-0.020691805107262,12.0060070472066,-0.139757950302477,0.889984599421727,0.976376284676908,-5.94382014317588,"JPT1",0.825510050325002,0.0506175084607395,""
"TINAGL1",-0.0207043528563187,13.2305664420177,-0.174958418944462,0.86253856235775,0.972097850354129,-5.93844366768812,"TINAGL1",0.82189270464738,0.0642214793911488,""
"NRBP1",-0.0207313074432491,11.1595213104515,-0.214423330299254,0.831977304761657,0.961596957315104,-5.93099001646249,"NRBP1",0.813014372720287,0.079888520525636,""
"PRDX6",-0.0213380998926631,18.3686759932648,-0.215710698737639,0.830984628268425,0.961223556711784,-5.9307215191065,"PRDX6",0.812698668666761,0.0804070098138985,""
"TPM1",-0.02159750126647,20.6733391850394,-0.21266210826575,0.833335825593459,0.962054134751373,-5.93135474894826,"TPM1",0.813400908704768,0.0791799471997831,""
"RAP1B",-0.0218683642091158,9.83330002314863,-0.100550819115316,0.920718757812673,0.983193069663852,-5.94839477939559,"RAP1B",0.83127352963717,0.0358730088724614,""
"UBQLN1",-0.0219355548464311,13.4958479734311,-0.255756591810683,0.800256648517809,0.956559864186966,-5.92157067541626,"UBQLN1",0.808755593531404,0.0967707090581155,""
"SKIC8",-0.0221310387031632,11.6882516173088,-0.253211055532124,0.802200717856412,0.956960947058742,-5.92219838187656,"SKIC8",0.809094702486486,0.0957169537219372,""
"TAF15",-0.0223398922434885,13.5292052008527,-0.176312046965235,0.86148640761903,0.972097850354129,-5.93821295967095,"TAF15",0.82189270464738,0.0647515703838225,""
"ACTA2",-0.0229289302152935,19.5075631915451,-0.323462427929009,0.749067768679008,0.949917274210776,-5.90258712100627,"ACTA2",0.803139393228723,0.125478889600998,""
"APEX1",-0.0230072915958495,11.6661845122654,-0.252980247401581,0.802377054454914,0.956960947058742,-5.92225498835245,"APEX1",0.809094702486486,0.0956214993122891,""
"PRKAA2",-0.0231167935611722,14.406809871186,-0.328208331083359,0.745520223232349,0.948520917208948,-5.90109136580993,"PRKAA2",0.801958796406636,0.127540571232997,""
"GATAD2B",-0.0232836249645523,18.0557423213442,-0.240146849182512,0.812198280547233,0.9576948208888,-5.92532161666323,"GATAD2B",0.809715180709781,0.0903379342619376,""
"PSMA4",-0.0239754670669008,13.8701656541501,-0.186570299101083,0.85352144076564,0.968944269054232,-5.93640694353229,"PSMA4",0.819226403654168,0.0687855647785987,""
"GLRX3",-0.024148057987933,13.4170729710225,-0.221813811270838,0.826282503907118,0.959650917765912,-5.92942685545098,"GLRX3",0.8113690283675,0.0828714431010407,""
"THNSL2",-0.0241508412467137,11.1456824293129,-0.137183591626018,0.892044432736985,0.976376284676908,-5.92047541403896,"THNSL2",0.825510050325002,0.04961351287512,""
"DPT",-0.0241942468566023,11.644914157889,-0.120488327782858,0.905258147346385,0.97724455413548,-5.82563428963591,"DPT",0.826244157836307,0.043227557831962,""
"KARS1",-0.0243242389728717,13.3708457960796,-0.334776721681278,0.740619826819927,0.946190801317198,-5.89898561678676,"KARS1",0.799988721838819,0.130404665817186,""
"ALDOA",-0.0243392874137065,19.7608676044521,-0.337177497692219,0.738831482129347,0.946190801317198,-5.89820564385816,"ALDOA",0.799988721838819,0.131454607244043,""
"NUDC",-0.0245665672354516,12.5214163108516,-0.291931626875601,0.772776788331651,0.95364517629118,-5.91197595760958,"NUDC",0.806291272972524,0.111945931171851,""
"POLG",-0.0246618537708247,13.1709053180662,-0.0813787163951519,0.935796604123412,0.98704616296666,-5.95008878863446,"POLG",0.834531256495377,0.0288185351356524,""
"SEC22B",-0.0248378279305879,13.4664299316484,-0.235571277971633,0.815707595256698,0.9576948208888,-5.92637657463031,"SEC22B",0.809715180709781,0.0884654938498615,""
"RPLP1",-0.0251129747618375,14.6383763603051,-0.248265036888694,0.805981784827237,0.9576948208888,-5.92340017140699,"RPLP1",0.809715180709781,0.0936747731308999,""
"CLASP2",-0.0251662747590444,11.4057312564608,-0.234960523512747,0.816176322915334,0.9576948208888,-5.92651586426815,"CLASP2",0.809715180709781,0.0882160081615813,""
"MANF",-0.0252297323144184,10.8158959545286,-0.120786227024788,0.905750316562781,0.97724455413548,-5.60969408770275,"MANF",0.826244157836307,0.0429915055060175,""
"ANXA3",-0.0254589849351401,14.4066973365488,-0.233983847645259,0.816926024505981,0.9576948208888,-5.92673785862642,"ANXA3",0.809715180709781,0.0878172685635664,""
"DBN1",-0.0254804404405444,11.7842944393725,-0.109417849636925,0.914257369133901,0.981357886709364,-5.72104405824624,"DBN1",0.829721912707416,0.0389315304580157,""
"ITIH1",-0.025518486670455,11.9065772711307,-0.135798690796665,0.89308110610221,0.976376284676908,-5.94434976844041,"ITIH1",0.825510050325002,0.0491090984091681,""
"LRRC2",-0.0255986167953353,11.2291824206719,-0.130733894948019,0.897044761793951,0.977231152624692,-5.94500512697903,"LRRC2",0.826232827079898,0.0471858854786616,""
"AKR1C2",-0.0260337687467853,13.9659239250729,-0.140647271358221,0.889289311380337,0.976376284676908,-5.94369909006299,"AKR1C2",0.825510050325002,0.0509569275611333,""
"CDC42",-0.026145172090855,13.9718638875466,-0.298839538165936,0.767562289102881,0.951014033672587,-5.91000065965209,"CDC42",0.804066685270452,0.114886370618226,""
"LMLN",-0.0261697777234122,14.1099153803046,-0.240847795401889,0.811661029125235,0.9576948208888,-5.92515822060856,"LMLN",0.809715180709781,0.0906253056309865,""
"SNX2",-0.0262250798885422,11.8980431133892,-0.313882351715174,0.756245969549014,0.950379135544513,-5.90554065984417,"SNX2",0.803529889371286,0.121336926927623,""
"DYNC1LI1",-0.0263940262863365,12.0148096270492,-0.243215084120168,0.809847280252123,0.9576948208888,-5.92460288468686,"DYNC1LI1",0.809715180709781,0.0915968719820329,""
"GHITM",-0.0264912118532692,10.6399343268892,-0.134535649273268,0.894416450261326,0.976376284676908,-5.80428564972123,"GHITM",0.825510050325002,0.0484602217653215,""
"UBR4",-0.0265262810110798,11.418173503522,-0.202662800443282,0.841058700456884,0.964328885388065,-5.93336870219833,"UBR4",0.815324172862289,0.0751736921986916,""
"ALDH3A2",-0.0266986409163792,17.1730576574535,-0.313719976839614,0.756367829301341,0.950379135544513,-5.90558996139998,"ALDH3A2",0.803529889371286,0.121266951342108,""
"RABEP1",-0.026959722376489,10.5163662010847,-0.183591275731307,0.855832894827549,0.969651239561916,-5.93694190578355,"RABEP1",0.819824135561974,0.0676110249711151,""
"PSMB5",-0.0271389937730877,13.8209608821889,-0.286679323686943,0.776748854001418,0.95364517629118,-5.91344715018449,"PSMB5",0.806291272972524,0.109719378821269,""
"TOLLIP",-0.0274051703409164,13.9090401216844,-0.236431795392934,0.815047304158228,0.9576948208888,-5.92617971294944,"TOLLIP",0.809715180709781,0.0888171847094617,""
"SMAP",-0.0276224463428623,8.40627783801105,-0.127225099747205,0.899933798006414,0.97724455413548,-5.87676744441402,"SMAP",0.826244157836307,0.0457894374695563,""
"HMGCL",-0.0278072299121774,11.6435336179076,-0.245460110899312,0.808128205959554,0.9576948208888,-5.92407123739771,"HMGCL",0.809715180709781,0.0925197348641224,""
"SNX6",-0.0279488004875947,10.2968736935911,-0.12985678776086,0.897823546356761,0.977231152624692,-5.89411944777466,"SNX6",0.826232827079898,0.0468090089603018,""
"MAPRE2",-0.0280768542555414,14.7641885217851,-0.270175039726985,0.789270169760408,0.954944830894269,-5.91789741316808,"MAPRE2",0.807390109510894,0.102774310919787,""
"CACNB1",-0.0281792531708316,14.7605339874388,-0.274914787832884,0.785668176960054,0.954801226565436,-5.9166461967349,"CACNB1",0.807268694418596,0.104760837348346,""
"NDUFS7",-0.0285174152191487,15.8911368297461,-0.27085028491564,0.78875671986916,0.954944830894269,-5.91772048013391,"NDUFS7",0.807390109510894,0.103056927729219,""
"APOB",-0.0285964671482919,14.4875401143326,-0.224436574687003,0.82426382308467,0.958988576205263,-5.92885943500133,"APOB",0.810809029498576,0.0839337609102489,""
"NDUFC2",-0.0288083408107074,15.3303630588449,-0.22580143433511,0.823213809039122,0.958988576205263,-5.92856152799737,"NDUFC2",0.810809029498576,0.0844873530911158,""
"ITGA6",-0.0293580600314911,10.8565537280022,-0.237506397299642,0.814598841703661,0.9576948208888,-5.8268013905237,"ITGA6",0.809715180709781,0.0890562117826336,""
"MTRR",-0.0294315715053521,10.5007876122112,-0.235328822421679,0.815975027371273,0.9576948208888,-5.90277431782645,"MTRR",0.809715180709781,0.0883231324726265,""
"CUL3",-0.029770487855119,13.8775235809452,-0.341914428541805,0.735307333941599,0.946081489479297,-5.89665050654867,"CUL3",0.799896300482193,0.133531102361616,""
"ARPC2",-0.0298472003161496,12.5430238860905,-0.330883638101216,0.743522957243307,0.947256795920393,-5.90023868255312,"ARPC2",0.800890002699835,0.128705617525128,""
"VPS4A",-0.0300833732956978,12.816803065798,-0.3167996820913,0.754057659171918,0.950379135544513,-5.90465056724588,"VPS4A",0.803529889371286,0.122595444444833,""
"NXN",-0.0300928375620391,12.8622981181043,-0.340753232296349,0.736170688783263,0.946081489479297,-5.89703371533777,"NXN",0.799896300482193,0.133021478322529,""
"LONP1",-0.0303202611667235,14.257365664069,-0.396463880701609,0.695167284526185,0.924746357042623,-5.87719659881556,"LONP1",0.781857797777964,0.157910674539931,""
"SEC24C",-0.0303699246615974,12.6637533417654,-0.204235538336199,0.839842912488821,0.963849814973303,-5.93305834158061,"SEC24C",0.81491912672546,0.0758019384847381,""
"FAH",-0.0305988151729029,12.8453827926467,-0.273616633700516,0.786654234461255,0.954801226565436,-5.91699103811935,"FAH",0.807268694418596,0.10421611524219,""
"SUN1",-0.0309951448080632,12.1814508889394,-0.363817361721261,0.719090043806359,0.936327761872136,-5.88918067385781,"SUN1",0.791649684608572,0.143216724248898,""
"DYNC1LI2",-0.0310752470587961,11.2777449612123,-0.181064967336708,0.857794113224972,0.970724043779619,-5.93738884334684,"DYNC1LI2",0.820731173839781,0.0666169385150892,""
"RPS2",-0.0313284196607011,11.7938238498019,-0.264373430578634,0.793685638391191,0.956402130033241,-5.919399509523,"RPS2",0.80862223190513,0.10035147810924,""
"PPP2R5D",-0.0315688722137164,12.751780864991,-0.290745874845855,0.773672968060973,0.95364517629118,-5.91231040920842,"PPP2R5D",0.806291272972524,0.111442577017346,""
"SPCS2",-0.0317090642627651,13.2377271244869,-0.207092997848234,0.837635024336907,0.963034132792224,-5.93248833971243,"SPCS2",0.814229480890224,0.0769451716369532,""
"ORM1",-0.0319640726752652,16.1669633180374,-0.203955918665827,0.84005903988314,0.963849814973303,-5.93311369584075,"ORM1",0.81491912672546,0.0756901903733365,""
"HGH1",-0.0320013897417155,12.0780258211046,-0.217170622709551,0.829859242442566,0.961223556711784,-5.93041509611596,"HGH1",0.812698668666761,0.0809955647498598,""
"PPM1F",-0.0321236759478349,10.51217595012,-0.17126719301951,0.865956365865282,0.9731368326603,-5.77291579797321,"PPM1F",0.822771147056637,0.0625039908248634,""
"HP",-0.0328301008431655,15.4436376433468,-0.0859625686689826,0.932189203682842,0.986478143668794,-5.94971622366083,"HP",0.834051005544462,0.0304959312340689,""
"LYPLA2",-0.0331645602069432,12.9579764062401,-0.260027070316587,0.796998166621852,0.956559864186966,-5.92050359156618,"LYPLA2",0.808755593531404,0.0985426776339113,""
"PARP1",-0.0333923152236935,12.6898961860802,-0.304882330538721,0.763009966045521,0.950379135544513,-5.90823515462922,"PARP1",0.803529889371286,0.117469789475907,""
"VBP1",-0.0334584431057348,12.6277084470517,-0.216254944620305,0.830565051887154,0.961223556711784,-5.9306075281673,"VBP1",0.812698668666761,0.0806263468739603,""
"RDX",-0.0336617489825066,12.9936216669945,-0.35547334241474,0.725252759446203,0.939621242044246,-5.89208042316647,"RDX",0.794434267791604,0.139510610115813,""
"TTC1",-0.0336682737895302,10.3200206539481,-0.247734110588171,0.80656722456291,0.9576948208888,-5.88109429643496,"TTC1",0.809715180709781,0.0933594298372952,""
"SETD7",-0.033720640209717,11.9897843902948,-0.296489044684168,0.769335340699903,0.951014033672587,-5.91067792258638,"SETD7",0.804066685270452,0.113884317063845,""
"NDUFS5",-0.0339306912244837,15.6947464453004,-0.296141407845274,0.769597683174342,0.951014033672587,-5.91077763891358,"NDUFS5",0.804066685270452,0.113736248384632,""
"NOL6",-0.0340699725137963,10.9304565185492,-0.153814879384565,0.87940345963401,0.976376284676908,-5.80161698618228,"NOL6",0.825510050325002,0.055811830168434,""
"H2AZ1",-0.0341638523760643,11.9548364319183,-0.272421923716361,0.787562038556294,0.954852454685439,-5.91730696760826,"H2AZ1",0.807312006949416,0.103715225549224,""
"DNPEP",-0.0342692812713228,13.9873400764625,-0.413160632593916,0.683053761727932,0.918974764970316,-5.87067503489623,"DNPEP",0.776978011842113,0.165545112566049,""
"TBCB",-0.0343858526408631,12.5986115091894,-0.26596233622727,0.792475654327122,0.956367214616716,-5.91899134770896,"TBCB",0.808592711496139,0.101014070881564,""
"EIPR1",-0.0347088231162243,10.1064727653811,-0.240484792277389,0.812211817217822,0.9576948208888,-5.84253780379227,"EIPR1",0.809715180709781,0.0903306960634696,""
"TXNRD1",-0.0347382169739348,12.99455337001,-0.491013396145324,0.627751316095351,0.890165909331735,-5.83677645289918,"TXNRD1",0.752620599396479,0.202212368105523,""
"P4HB",-0.0347685546505936,16.5961606468558,-0.431445362945548,0.669886964481172,0.912788550083267,-5.86322927278782,"P4HB",0.771747669152645,0.173998473185131,""
"SUB1",-0.0350149167651423,11.8012721848797,-0.273529241989517,0.786919713594522,0.954801226565436,-5.87460125112895,"SUB1",0.807268694418596,0.104069574783924,""
"TPP1",-0.0351967577886096,14.7935344996776,-0.330667807914487,0.743684018810368,0.947256795920393,-5.90030772700255,"TPP1",0.800890002699835,0.128611551061991,""
"APEH",-0.0354554826693434,14.804213072475,-0.476555920789082,0.637867200046015,0.897704280064759,-5.84350475489693,"APEH",0.758994167559543,0.195269729257692,""
"NACA",-0.0355890703865107,13.7389811613249,-0.284680433413874,0.778262155364067,0.95364517629118,-5.91400008094923,"NACA",0.806291272972524,0.108874087521369,""
"PCBD1",-0.035646065993852,14.8038130958075,-0.376788417581082,0.709548418489208,0.928916328993396,-5.88454089172588,"PCBD1",0.78538344030837,0.149017963610011,""
"SNX17",-0.0359896752614404,11.4425493657758,-0.0816315857603224,0.935807056276694,0.98704616296666,-5.79694971871611,"SNX17",0.834531256495377,0.0288136844158226,""
"PFAS",-0.036243357759302,11.1509218465108,-0.297894344004755,0.768275124319187,0.951014033672587,-5.91027364255496,"PFAS",0.804066685270452,0.114483228436023,""
"UBE2O",-0.0366128104294532,11.147354934472,-0.247736426514454,0.806565454501912,0.9576948208888,-5.87262481066049,"UBE2O",0.809715180709781,0.0933603829240856,""
"AP2B1",-0.0366236141999963,11.6308513721163,-0.346954212961382,0.731564356962197,0.944843208783422,-5.894972363053,"AP2B1",0.798849354570448,0.135747462232971,""
"SRPRB",-0.0370045298967199,10.4139134372465,-0.246317522274525,0.807471923134544,0.9576948208888,-5.92386691047484,"SRPRB",0.809715180709781,0.0928725697271736,""
"EEF2K",-0.0370272033031611,11.4762265028277,-0.248571528812504,0.80574734087024,0.9576948208888,-5.92332638492785,"EEF2K",0.809715180709781,0.0938011190731981,""
"MYH7",-0.0370888619473142,22.5044220519518,-0.538645577604687,0.594953082265785,0.876759257213924,-5.81321838104284,"MYH7",0.741285496078063,0.2255172811899,""
"EMC1",-0.0370938280212574,11.3951465785536,-0.245384986671172,0.808185714648386,0.9576948208888,-5.92408910623727,"EMC1",0.809715180709781,0.0924888303400532,""
"FXR1",-0.0371384145101317,13.2566287600131,-0.445718601048879,0.65968289700302,0.908468674914114,-5.85719660405082,"FXR1",0.768095285922685,0.180664775330639,""
"PRKN",-0.0377567612251202,10.6336112435615,-0.138687583855949,0.890821551277143,0.976376284676908,-5.94396482339583,"PRKN",0.825510050325002,0.0502092848042276,""
"CSTB",-0.0379036213336335,16.2065909974478,-0.318413778401544,0.752847813029295,0.950379135544513,-5.90415459028699,"CSTB",0.803529889371286,0.123292806855792,""
"DHODH",-0.0379720868903739,11.2324793428923,-0.147240385334108,0.884438728858448,0.976376284676908,-5.83027086155009,"DHODH",0.825510050325002,0.0533322482719221,""
"COA1",-0.0380740950100265,12.8534853163984,-0.397837660899706,0.694167424533799,0.924746357042623,-5.87667003074761,"COA1",0.781857797777964,0.158535770493417,""
"F13A1",-0.0381411405072605,11.6231275676302,-0.304157705588561,0.763778409556817,0.950379135544513,-5.86606331397709,"F13A1",0.803529889371286,0.117032622400072,""
"H3-3B",-0.0381514387038138,12.0053942752973,-0.170523753411278,0.86598736505366,0.9731368326603,-5.93918707532908,"H3-3B",0.822771147056637,0.0624884443885479,""
"POSTN",-0.038251511176318,9.63349186756553,-0.0839116150817645,0.93434045949424,0.986935783373055,-5.60349604740293,"POSTN",0.834437932368909,0.029494844607728,""
"ABLIM2",-0.0382568178726945,13.7422276700934,-0.495718471624935,0.624475002301168,0.887997885887396,-5.83454430163781,"ABLIM2",0.750787571320388,0.204484941725314,""
"MIF4GD",-0.0383730107312079,10.4158399342643,-0.271072927078279,0.789019638386432,0.954944830894269,-5.82887884417851,"MIF4GD",0.807390109510894,0.102912187238336,""
"UBA3",-0.0383830247716386,12.2404106744392,-0.401091769398597,0.691801286836988,0.923880236082521,-5.87541556754935,"UBA3",0.781125506786691,0.160018634478808,""
"ZNF512",-0.0385611828757977,12.0995598777551,-0.173909132519534,0.864027508716308,0.972719620932261,-5.74131483576334,"ZNF512",0.822418401419514,0.0634724303295402,""
"EDF1",-0.0385852036058214,12.1352948550727,-0.307241669306668,0.761234912948938,0.950379135544513,-5.90753631660408,"EDF1",0.803529889371286,0.118481301633885,""
"TACC2",-0.0390508620405008,12.7836118207141,-0.48928671356438,0.628955629024282,0.890839472584466,-5.83759038516412,"TACC2",0.753190086021037,0.201379991676541,""
"HSPA2",-0.0395333529161235,15.9079993989358,-0.31963366553117,0.751933873669819,0.950379135544513,-5.90377808754169,"HSPA2",0.803529889371286,0.123820350316652,""
"CLINT1",-0.0395825444292743,11.4877820273064,-0.313393838077771,0.756612610671426,0.950379135544513,-5.90568890982698,"CLINT1",0.803529889371286,0.12112642447683,""
"MYH6",-0.040164474401859,17.9016917793055,-0.283042503118405,0.779502850661825,0.95411318537637,-5.91445029948112,"MYH6",0.806686966937577,0.108182292246228,""
"SLC44A2",-0.0404517333281618,16.1410435614954,-0.264174603205801,0.793837086683808,0.956402130033241,-5.91945041363191,"SLC44A2",0.80862223190513,0.100268615474346,""
"CCS",-0.0410822385777099,13.3145248304507,-0.403526683919226,0.690032889629488,0.922504717336662,-5.87447031313153,"CCS",0.779962528366448,0.161130208619001,""
"MEMO1",-0.0412895355852196,12.0154424081574,-0.414705969763437,0.681936924069105,0.918974764970316,-5.87005803952293,"MEMO1",0.776978011842113,0.166255793665479,""
"ANXA11",-0.0413037280471702,14.4202228511617,-0.504644286759135,0.618281287379638,0.884447222753832,-5.83025252348907,"ANXA11",0.747785544183847,0.208813897461572,""
"MAP3K20",-0.0413673875480924,14.3416954642412,-0.33469361253492,0.740681761778753,0.946190801317198,-5.89901251874748,"MAP3K20",0.799988721838819,0.130368349092654,""
"STAU2",-0.0414025266033811,10.2422748801923,-0.190472943920277,0.851732020888349,0.967751053650447,-5.62882164398901,"STAU2",0.818217559703853,0.069697025134773,""
"FKBP1A",-0.0415719285400815,13.3527737058934,-0.477190330372054,0.637421779492428,0.897517375636469,-5.84321364441932,"FKBP1A",0.75883614294708,0.195573101590581,""
"GOLGA3",-0.0416974284848131,11.5350852103997,-0.334603560035195,0.740748873107825,0.946190801317198,-5.89904166076535,"GOLGA3",0.799988721838819,0.130329000534277,""
"MTAP",-0.0418267123392937,13.5673637505425,-0.305940211109307,0.762213903258449,0.950379135544513,-5.90792247040836,"MTAP",0.803529889371286,0.11792313368855,""
"MBNL1",-0.0419034923274673,13.1037023199101,-0.439131996120375,0.664383523251714,0.909606626254492,-5.86000446426736,"MBNL1",0.769057405018576,0.177581146614369,""
"ETF1",-0.04196559009781,10.0464735279308,-0.260976958229,0.796570999583209,0.956559864186966,-5.85172208847199,"ETF1",0.808755593531404,0.0987755088107579,""
"RPL23A",-0.0422312852726368,11.3948856227131,-0.276194566401647,0.784696434496836,0.954801226565436,-5.91630464933843,"RPL23A",0.807268694418596,0.10529832073328,""
"SART3",-0.042647576274252,15.5731065903777,-0.182381326644634,0.856772082809331,0.970078154208868,-5.93715673237135,"SART3",0.820185084857057,0.0671346930625046,""
"NOMO3",-0.0429721011450983,12.1855061989217,-0.336766050694798,0.739386835078656,0.946190801317198,-5.84755220391552,"NOMO3",0.799988721838819,0.131128286388817,""
"COL4A1",-0.0434394570545713,13.3415175376899,-0.136810483755597,0.892289623872259,0.976376284676908,-5.94421586750874,"COL4A1",0.825510050325002,0.0494941572451167,""
"RTN4",-0.0435329155430768,15.6034766644222,-0.336047067549818,0.739673356534438,0.946190801317198,-5.89857358972783,"RTN4",0.799988721838819,0.130960024556804,""
"TRIAP1",-0.0440585394785113,11.6984543483693,-0.288756804520437,0.775177006850084,0.95364517629118,-5.91286840890174,"TRIAP1",0.806291272972524,0.11059911772487,""
"COL6A3",-0.0441338703800138,15.2518391282001,-0.282879968039496,0.779625999916778,0.95411318537637,-5.91449483485521,"COL6A3",0.806686966937577,0.108113685931916,""
"COL1A1",-0.0441778568101299,11.0841340542596,-0.118930230222693,0.906332950166522,0.97724455413548,-5.92659986498625,"COL1A1",0.826244157836307,0.042712230737091,""
"GNB1",-0.0448088842027712,12.0827178711973,-0.439510209169389,0.664113224003439,0.909606626254492,-5.85984434499118,"GNB1",0.769057405018576,0.177757871885019,""
"ACSF2",-0.0448359257630209,12.6225461252398,-0.460011907203812,0.649531409400466,0.903490637785242,-5.85096211312112,"ACSF2",0.763886437607473,0.187399842898144,""
"HNRNPAB",-0.0448624929894645,13.613734619163,-0.381880477195195,0.705815730152126,0.927808977843945,-5.88267556314599,"HNRNPAB",0.784447193169375,0.151308666970465,""
"RPL30",-0.0452206344185928,11.1921490002242,-0.362426188665064,0.720116202087624,0.936327761872136,-5.88966876126129,"RPL30",0.791649684608572,0.142597417661113,""
"FUBP1",-0.0452743238022002,12.5219792820012,-0.432569232793756,0.66908111636339,0.912788550083267,-5.86276126752122,"FUBP1",0.771747669152645,0.174521227144791,""
"PHB2",-0.0454546642138407,15.5875527594986,-0.481890639648201,0.634126019718017,0.895071682699324,-5.84104499444703,"PHB2",0.756768349893002,0.197824426298743,""
"PTBP1",-0.0456547452778437,13.9814244084805,-0.285093860477242,0.778048759226041,0.95364517629118,-5.8902527108528,"PTBP1",0.806291272972524,0.108993185530534,""
"HK1",-0.0457579179823764,14.3485201721504,-0.396127989730581,0.695411837288409,0.924746357042623,-5.87732507198886,"HK1",0.781857797777964,0.157757921036593,""
"AASS",-0.0457658043347742,10.8130186016441,-0.206958597873475,0.837971855999994,0.963034132792224,-5.86390666861035,"AASS",0.814229480890224,0.0767705672756368,""
"LANCL1",-0.0458573115881311,13.5404233342687,-0.360750947452955,0.721352605658664,0.936943179126676,-5.89025405908452,"LANCL1",0.792170009750363,0.141852395115905,""
"EFTUD2",-0.0460199075732355,11.1766117011867,-0.302652688077546,0.764688658890147,0.950411631478148,-5.90889066489522,"EFTUD2",0.803557364147386,0.116515350791784,""
"CLIC5",-0.046062660595851,13.4883682022025,-0.388181535652175,0.701207188289891,0.927114230591015,-5.88033312806298,"CLIC5",0.783859795821929,0.154153640469526,""
"NEK9",-0.0461656518865361,11.425283030745,-0.341404700942651,0.736082678886744,0.946081489479297,-5.82841061601753,"NEK9",0.799896300482193,0.133073401739104,""
"HDHD3",-0.0462321607316714,11.5851167376776,-0.302373387382728,0.765536722209178,0.95062972727619,-5.77377755936909,"HDHD3",0.803741760548693,0.11603397169297,""
"QDPR",-0.0463340583757628,14.2450287503487,-0.378570775546889,0.708241029116613,0.928739685520298,-5.88389078973309,"QDPR",0.785234091164341,0.149818917732096,""
"HSPB2",-0.046398211155747,16.6531465326454,-0.407941062429364,0.686831457221849,0.920268753666549,-5.87274223161388,"HSPB2",0.778072057949655,0.163149822152641,""
"IGKV4-1",-0.0464340349638448,13.5702959307788,-0.135529905407234,0.893291384425963,0.976376284676908,-5.94438517273699,"IGKV4-1",0.825510050325002,0.0490068546536515,""
"PDCD5",-0.0465825128938366,13.2204984428959,-0.41119856950382,0.68447283502676,0.92000070663007,-5.87145514288732,"PDCD5",0.777845428599838,0.164643783223321,""
"ALB",-0.047151587802194,20.0407165493712,-0.376929072331427,0.709445212806929,0.928916328993396,-5.88448969907654,"ALB",0.78538344030837,0.149081137478316,""
"FAM98B",-0.047186297497122,10.902609524301,-0.305315745474317,0.762791051488019,0.950379135544513,-5.88448524603764,"FAM98B",0.803529889371286,0.117594410424367,""
"CAND2",-0.0472140445117599,14.7690834667828,-0.432304755041676,0.669270718420147,0.912788550083267,-5.86287150993502,"CAND2",0.771747669152645,0.174398175604206,""
"CLNS1A",-0.0476568196404799,12.5656485435088,-0.258729365421771,0.797987953645823,0.956559864186966,-5.92082971316837,"CLNS1A",0.808755593531404,0.0980036646701156,""
"UBL5",-0.0478069586978744,11.1655360850161,-0.359036466801152,0.722746681337785,0.938067686311384,-5.87109020417458,"UBL5",0.793120762034301,0.141013893818489,""
"ITGB1BP2",-0.0485785366969811,11.6779084738972,-0.405218943330985,0.6888049148798,0.921509278014867,-5.8738100411112,"ITGB1BP2",0.779120900832548,0.161903762690347,""
"NBAS",-0.0486293170371646,11.2006222505909,-0.167650155631481,0.868759084712022,0.9731368326603,-5.76637941177869,"NBAS",0.822771147056637,0.0611006409115598,""
"TMSB4X",-0.0488354539829103,11.0734717816971,-0.313882382063643,0.756356458291743,0.950379135544513,-5.88192382163458,"TMSB4X",0.803529889371286,0.121273480445611,""
"LYRM4",-0.0491687464544004,10.4373923569204,-0.261678764646484,0.796769128311044,0.956559864186966,-5.72310216757023,"LYRM4",0.808755593531404,0.098667501471782,""
"RCN2",-0.0491893167905175,12.0366463415828,-0.419673570975339,0.678351785677941,0.916924659454505,-5.86805929097882,"RCN2",0.775244681430376,0.168545027434916,""
"TIMM9",-0.0492558820407734,12.5713629672258,-0.49026334341263,0.628274327917268,0.890313719373384,-5.8371303615045,"TIMM9",0.75274557034962,0.201850685742683,""
"C8orf82",-0.0495040301066449,11.9273678554741,-0.466072065609959,0.645247944975394,0.899089004893613,-5.84826045067462,"C8orf82",0.76016492957117,0.190273369949174,""
"HAGH",-0.0495268641221358,15.9794118602354,-0.516817998400036,0.609880103157029,0.879783106886987,-5.82427833513683,"HAGH",0.743842111119785,0.214755534915888,""
"C8A",-0.0498506967949019,11.3913427706615,-0.218313579502725,0.828978449952953,0.961223556711784,-5.93017376467313,"C8A",0.812698668666761,0.0814567591821328,""
"PPP1R1A",-0.0498618364602823,13.3758757432061,-0.383460593464349,0.704658961109412,0.927590957058745,-5.88209170630953,"PPP1R1A",0.784262860190188,0.152021020801177,""
"RPL14",-0.0499715579380862,12.1096561356612,-0.409846427763964,0.685760592074193,0.920268753666549,-5.82972925538417,"RPL14",0.778072057949655,0.163827475675532,""
"EIF2S2",-0.0501292455923963,11.5000022454697,-0.451905545058667,0.655280445735026,0.907092651738313,-5.85452169660362,"EIF2S2",0.766931881015242,0.183572791659433,""
"PPP1R3A",-0.0504791054866587,12.7976605367975,-0.453945805800886,0.653831429382218,0.905960441002099,-5.85363165190742,"PPP1R3A",0.765974615505521,0.184534206913807,""
"ATP6V1F",-0.0508087978950531,10.2402126547993,-0.234226072757072,0.816909094070114,0.9576948208888,-5.87576645949928,"ATP6V1F",0.809715180709781,0.0878262692207196,""
"STUB1",-0.0508662742614128,12.6374726772512,-0.442255098218778,0.662152913426152,0.909154000213526,-5.85867821425717,"STUB1",0.76867471716378,0.179041705743826,""
"BUB3",-0.0521036789791811,11.1653631797287,-0.304026163062065,0.763877333839612,0.950379135544513,-5.8576529912627,"BUB3",0.803529889371286,0.116976376389948,""
"RPS8",-0.0521122177298832,11.1604263905492,-0.388416636430978,0.701035461862219,0.927114230591015,-5.88024499642038,"RPS8",0.783859795821929,0.154260012701606,""
"DPYSL3",-0.0525359419115841,15.0913122229653,-0.528230551370343,0.602053435765204,0.87952619590109,-5.81855134007244,"DPYSL3",0.743624897117125,0.22036496085503,""
"SH3GLB1",-0.0525804881314258,13.2635237192389,-0.605714319869889,0.550230334675389,0.856020031358762,-5.77645096947248,"SH3GLB1",0.72375082256327,0.259455470254999,""
"TOM1L2",-0.0529310153197979,11.8614713810595,-0.588310267178972,0.561665390998001,0.861400287155588,-5.78639416021038,"TOM1L2",0.728299740130506,0.250522335891815,""
"HBS1L",-0.052936730002866,9.52532829282868,-0.25930209423578,0.797739201117377,0.956559864186966,-5.87826141991612,"HBS1L",0.808755593531404,0.0981390660775755,""
"HUWE1",-0.0530204292698553,11.1035734331216,-0.703735259100498,0.488179201271539,0.825906002858332,-5.71523092397882,"HUWE1",0.698289907982469,0.311420727510837,""
"EIF1B",-0.0531664649147245,10.2113150316849,-0.225191652843292,0.824149668047689,0.958988576205263,-5.81064044827952,"EIF1B",0.810809029498576,0.0839939119621398,""
"TFG",-0.0537822234195708,12.0115000117451,-0.31203987173756,0.757738910412666,0.950379135544513,-5.88248066284792,"TFG",0.803529889371286,0.120480410858496,""
"MPST",-0.054029984437312,13.8108013502984,-0.500220475548439,0.621347455316308,0.886448702850547,-5.83238898185845,"MPST",0.749477762605468,0.206665475945935,""
"PITRM1",-0.0542334009547378,14.3515705861811,-0.333999269526732,0.741199272783831,0.946190801317198,-5.8992370151546,"PITRM1",0.799988721838819,0.130065015454225,""
"CORO1B",-0.0543081254454343,11.2717899719992,-0.449785282055409,0.656952128119997,0.907351262815726,-5.83573716146102,"CORO1B",0.767150532417248,0.182466276179646,""
"FERMT2",-0.054406806854443,13.7497148116499,-0.517392411841157,0.609485028223753,0.879783106886987,-5.82399300597753,"FERMT2",0.743842111119785,0.215036958199282,""
"TBC1D15",-0.0544245516269974,14.2954551312875,-0.366188512223012,0.717472985157059,0.935070182798782,-5.86476254361231,"TBC1D15",0.790586422236856,0.144194446674938,""
"SERPINC1",-0.054690861633091,13.939983479903,-0.505826226931994,0.617463268269995,0.884430830717827,-5.8296785960084,"SERPINC1",0.747771684987674,0.209388872662841,""
"USP47",-0.0547535971960507,12.7392492275613,-0.621349977129168,0.540061936482344,0.852498596626505,-5.76727871400237,"USP47",0.720773507558119,0.267556430676981,""
"UTRN",-0.0550245680033239,13.5298941643583,-0.170901827257422,0.866044047113316,0.9731368326603,-5.82096913444015,"UTRN",0.822771147056637,0.0624600191468725,""
"COPG1",-0.0550250570685087,11.3577502223446,-0.443216182761482,0.66146711775106,0.908646935436983,-5.85826822254541,"COPG1",0.768246002255633,0.179491740190332,""
"EPRS1",-0.0551496004817569,12.7613897528003,-0.677031940006764,0.504677589785963,0.836084848710198,-5.7327829781743,"EPRS1",0.706895954322692,0.296985979689496,""
"RBMX",-0.055316886280746,10.9133144105603,-0.296866467377335,0.769267821820488,0.951014033672587,-5.85972556858485,"RBMX",0.804066685270452,0.113922433554812,""
"OBSCN",-0.0555027560020953,15.6347178396351,-0.444122202509852,0.660820890415404,0.908468674914114,-5.85788091982978,"OBSCN",0.768095285922685,0.179916236195047,""
"PFKL",-0.0555244391356435,15.6911555549487,-0.311051631343365,0.758371299356644,0.950379135544513,-5.90639652220213,"PFKL",0.803529889371286,0.120118111280347,""
"IVD",-0.0557165285195644,13.0836122371634,-0.454014550437621,0.653782630237997,0.905960441002099,-5.85360159411041,"IVD",0.765974615505521,0.184566621981404,""
"RBBP7",-0.0566509655498635,12.3156977274315,-0.676868653559266,0.504779426787235,0.836084848710198,-5.73288830054824,"RBBP7",0.706895954322692,0.296898353872587,""
"CLIC4",-0.0573906074335788,10.5887941324174,-0.399125613803624,0.693230544019095,0.924414719869402,-5.87617472835638,"CLIC4",0.781577404015998,0.159122310345439,""
"PITPNA",-0.0577188613946227,11.9007147878766,-0.550252724807788,0.587088161232549,0.874507814341157,-5.80715539548519,"PITPNA",0.739381938250646,0.231296677181894,""
"APRT",-0.0578412644476902,13.0840048266352,-0.467371022502245,0.644331428730383,0.899089004893613,-5.84767684987129,"APRT",0.76016492957117,0.190890684436232,""
"ABCC1",-0.0584410851180674,10.3497217855225,-0.273396636315595,0.787133507633881,0.954801226565436,-5.83440884835399,"ABCC1",0.807268694418596,0.103951599647027,""
"TRIM28",-0.0585313325600989,11.5010829691519,-0.617895883769907,0.542299635766469,0.852651836958123,-5.7693244354684,"TRIM28",0.720903069731895,0.265760687256719,""
"LGALSL",-0.0590441746265977,13.300342895949,-0.479829478581024,0.635570320360183,0.89627492456577,-5.84199854762295,"LGALSL",0.757785671052181,0.196836391522481,""
"MFN2",-0.0591237101340685,11.8320632492047,-0.535378585739882,0.597175954064315,0.876798820556582,-5.81490216161045,"MFN2",0.741318946231965,0.223897687931987,""
"DDOST",-0.0592858167490498,13.6861818938515,-0.435835237147765,0.666741592588329,0.91196527504578,-5.86139442959257,"DDOST",0.771051603682506,0.176042451926825,""
"METAP1D",-0.0594463740643736,11.0912598183426,-0.440204945163096,0.6643508595071,0.909606626254492,-5.76103421872675,"METAP1D",0.769057405018576,0.177602498788635,""
"SDCBP",-0.0596265783715477,10.2817961441693,-0.34415495860317,0.734042380504556,0.945886747948196,-5.82750452652248,"SDCBP",0.799731649728521,0.134278865032257,""
"NIPSNAP3B",-0.0596897918160106,15.4350383951063,-0.195325119442118,0.846736287908014,0.966976882491611,-5.93478510368813,"NIPSNAP3B",0.817563010753494,0.0722518276140708,""
"RPA2",-0.059773465813258,10.4581414892107,-0.448375757552085,0.659033848648382,0.908346701617621,-5.71691505100738,"RPA2",0.76799215951158,0.18109227902709,""
"SNF8",-0.0598835460309868,10.927281324776,-0.535073513003945,0.597383731126192,0.876798820556582,-5.8150588834712,"SNF8",0.741318946231965,0.223746608947039,""
"HRG",-0.0599042612319511,12.9857652988426,-0.334619564105022,0.740736945974392,0.946190801317198,-5.89903648223297,"HRG",0.799988721838819,0.130335993362921,""
"NFIX",-0.0603951755369998,10.2597485308216,-0.466811785183055,0.644725944385228,0.899089004893613,-5.84792830175845,"NFIX",0.76016492957117,0.190624853014223,""
"SUN2",-0.0604793685991396,14.0747221231151,-0.653348465649189,0.519567697687437,0.845437111859113,-5.74780378709938,"SUN2",0.714803138616162,0.284357857506984,""
"B3GLCT",-0.0605486223372864,10.4047888041436,-0.326998218750107,0.74711815225801,0.949523109678191,-5.78933680047039,"B3GLCT",0.802806133615357,0.126610711683861,""
"FKBP7",-0.0606310867621431,11.0487848917032,-0.485650127738403,0.631495473890362,0.892426320236941,-5.83929542951659,"FKBP7",0.75453173954746,0.199629757810922,""
"CAPN1",-0.0606575670946778,14.7898603160574,-0.741000906238864,0.465679681642072,0.809791863109866,-5.68965064648532,"CAPN1",0.68466566851305,0.331912710624779,""
"LSM14B",-0.0607577990835004,10.8259685516685,-0.352808496233646,0.727350450768735,0.941064959061306,-5.87322926136591,"LSM14B",0.795654906725705,0.13825628767871,""
"RO60",-0.0607651370302875,12.4416089388914,-0.599700672204691,0.554167714505778,0.857690300995197,-5.77991843015085,"RO60",0.72516300800168,0.256358779565006,""
"CD36",-0.0608071595301709,15.2907464482809,-0.637171937751519,0.529874892933616,0.848231826156726,-5.75776713468426,"CD36",0.717166023475896,0.275826658177145,""
"FN3K",-0.0610817787857609,14.7133149590868,-0.684953803815749,0.499750792628,0.833085013184718,-5.72764393523095,"FN3K",0.704359642846809,0.301246508398052,""
"PADI2",-0.0610996693777466,17.5297327979,-0.56439005659339,0.577578388250237,0.870003962574202,-5.79960075539701,"PADI2",0.735574005840626,0.238389065506395,""
"SORD",-0.0614176927873959,11.6830370189922,-0.470186054347758,0.642520032018027,0.899089004893613,-5.82671609817474,"SORD",0.76016492957117,0.192113327670954,""
"GNPDA1",-0.0617043168709284,12.3357355377694,-0.852311732758511,0.402229880754716,0.77402100688409,-5.60579579917565,"GNPDA1",0.654421999359533,0.395525669778912,""
"PRPF6",-0.0618283430475692,13.1055043050868,-0.456589657916758,0.65250327223536,0.905499150741462,-5.78433632847356,"PRPF6",0.765584602195849,0.18541730604302,""
"WDR26",-0.0619491676083275,9.75805713744325,-0.198650249698408,0.844800202395361,0.966303339074535,-5.76095336909825,"WDR26",0.816993540899655,0.0732459907629406,""
"SORBS1",-0.0621808603887093,14.0576962909791,-0.859936788264607,0.398093727945047,0.77221790820524,-5.59964745063055,"SORBS1",0.652897509155828,0.400014664767859,""
"AGFG1",-0.0622237116356086,10.0371696217469,-0.386473440461326,0.702744918767115,0.927196995303487,-5.83026668853616,"AGFG1",0.78392977202171,0.153202285897514,""
"BCAT2",-0.0627201838021332,13.3638252362079,-0.611234785404181,0.546628779913608,0.855332728172342,-5.7732383743641,"BCAT2",0.72316971905132,0.26230750650975,""
"IGHG1",-0.0631167643238761,17.4923299818101,-0.27705302624568,0.784044801035588,0.954801226565436,-5.91607466045133,"IGHG1",0.807268694418596,0.105659120623421,""
"RRAS",-0.0631219778352392,12.5876718123404,-0.512693416484942,0.612720483579023,0.881272557763905,-5.8263180462823,"RRAS",0.745101417278341,0.212737600724615,""
"EIF4G1",-0.0632488475625639,12.9669569400006,-0.8624789212167,0.396720834921718,0.772010854185234,-5.59758622299294,"EIF4G1",0.652722448395794,0.401514990718375,""
"HMOX1",-0.063273232868962,10.7375587837549,-0.291554020328549,0.774701366385001,0.95364517629118,-5.37960959913668,"HMOX1",0.806291272972524,0.110865678042644,""
"API5",-0.0633056087443151,9.2979872726525,-0.338449502281237,0.7378845691961,0.946190801317198,-5.89779015364205,"API5",0.799988721838819,0.132011571621517,""
"EVI5L",-0.0637338841702917,13.0480369768064,-0.228046511677367,0.821487357481235,0.958988576205263,-5.9280675848483,"EVI5L",0.810809029498576,0.0853991158788115,""
"TMUB1",-0.0638375788138035,10.7562435083442,-0.38743394327365,0.70398663668463,0.927556509371994,-5.62023847805047,"TMUB1",0.784233735239009,0.152435584706194,""
"TPR",-0.064041053571902,11.0411300981002,-0.396220317953357,0.695344612353969,0.924746357042623,-5.87728976855765,"TPR",0.781857797777964,0.157799905983856,""
"LMAN2",-0.0640789236340478,10.4873211916723,-0.595345601880656,0.557501629282135,0.859172731933869,-5.74049874693627,"LMAN2",0.726416378918192,0.253753859065081,""
"EIF2B2",-0.0645415457596972,14.7064851788887,-0.254119861886491,0.801506497050826,0.956808795439884,-5.92197499501986,"EIF2B2",0.808966060801398,0.0960929528832786,""
"TNS1",-0.0646539904261267,13.2698581577294,-0.713100707574965,0.482466763838545,0.822180228344924,-5.70892092938387,"TNS1",0.695139827061484,0.316532598959944,""
"IMPDH2",-0.0647737017543761,14.3352422939324,-0.75206813272666,0.459117254581023,0.80471650665575,-5.68181129061691,"IMPDH2",0.680374538312933,0.338076385237655,""
"EMC2",-0.0649516538361929,11.5938237243055,-0.543458128355398,0.59168593298816,0.875551093707651,-5.81071983823023,"EMC2",0.740264013753557,0.227908755715789,""
"RNF123",-0.0651758025891951,12.168164661164,-0.811550759832596,0.424801322104336,0.782035997271198,-5.63778835166161,"RNF123",0.661198541581679,0.371814140274695,""
"RPS27L",-0.0656652932298236,11.9865395941364,-0.688341026765087,0.497652496617429,0.832768645478157,-5.72542906804837,"RPS27L",0.704092159167143,0.303073812825457,""
"RNF170",-0.0659421480325264,10.9300681396064,-0.447265400469465,0.658581057273319,0.908346701617621,-5.85653124735372,"RNF170",0.76799215951158,0.181390765030095,""
"JPH1",-0.0660452918612648,12.2327272763171,-0.449339211594654,0.6571050430075,0.907351262815726,-5.85563564159091,"JPH1",0.767150532417248,0.182365199767443,""
"VPS37C",-0.0663164239591225,10.9595825154157,-0.53196247527918,0.59950456714359,0.879048831598185,-5.81665210840799,"VPS37C",0.743221293469742,0.222207504011832,""
"SLC25A12",-0.0663697139375437,15.6917418610069,-0.646158361737817,0.524135420345358,0.845851945950252,-5.75226201656614,"SLC25A12",0.715153874000488,0.280556490286439,""
"DDI2",-0.066501851857808,11.530292825143,-0.190192540612216,0.851207635484189,0.967751053650447,-5.79561274632884,"DDI2",0.818217559703853,0.0699644893326537,""
"CAND1",-0.0666245811287158,12.6660726784645,-0.705862542007545,0.486878278567841,0.825163835754587,-5.71380467366277,"CAND1",0.697662417933011,0.312579600497347,""
"CUL2",-0.0669792874472961,11.6689211959669,-0.802090927650681,0.430150122548894,0.784655874617897,-5.64500169293501,"CUL2",0.663413604682105,0.366379949033639,""
"SYNRG",-0.0669798778540329,15.5683555721094,-0.188555979013398,0.85198147175709,0.967751053650447,-5.93604559413862,"SYNRG",0.818217559703853,0.0695698498355904,""
"ITGAV",-0.067100489795747,10.8469444935523,-0.473952568478439,0.639696472798791,0.898870358073478,-5.84469537392663,"ITGAV",0.759980067289767,0.194026043917805,""
"SYNM",-0.0672840608865286,16.6314776953267,-0.721107752084438,0.477613610132009,0.81956695978891,-5.70346287619022,"SYNM",0.692930351584617,0.320923305997173,""
"RPS6KB2",-0.0673192487051466,8.87521323718391,-0.206994087275047,0.838138985397035,0.963034132792224,-5.79700211423275,"RPS6KB2",0.814229480890224,0.0766839579973641,""
"CDH13",-0.0675140636818838,14.1753874945365,-0.656556410114323,0.517536813373686,0.845437111859113,-5.74579935960537,"CDH13",0.714803138616162,0.286058752583285,""
"HLA-B",-0.0676091985499614,12.985674106234,-0.378144630974459,0.708688953534399,0.928739685520298,-5.86047343705096,"HLA-B",0.785234091164341,0.149544336614022,""
"C19orf12",-0.0680525541984114,11.6397140595688,-0.298939943913536,0.769821182255343,0.951014033672587,-5.57475330443704,"C19orf12",0.804066685270452,0.113610143111465,""
"PCBP2",-0.068061615063316,13.0841150137515,-0.811549301948835,0.424802143234025,0.782035997271198,-5.63778946948851,"PCBP2",0.661198541581679,0.371813300795791,""
"GALK1",-0.068455716145035,11.4223904494755,-0.642131305184819,0.526703242470361,0.847861643014805,-5.75473820671943,"GALK1",0.716853039732934,0.278434008047206,""
"HNRNPH2",-0.0685518202939051,11.6698287442407,-0.444165156153026,0.660952328976583,0.908468674914114,-5.83815333090402,"HNRNPH2",0.768095285922685,0.179829862767019,""
"PALLD",-0.0687455534103805,11.6828671500964,-0.57546112332308,0.570185336112947,0.864309450887154,-5.79355451440497,"PALLD",0.730759390099619,0.243983955962232,""
"TPD52L2",-0.0688899662240328,12.8805183203948,-0.62029583901633,0.540744328799715,0.852498596626505,-5.7679042074274,"TPD52L2",0.720773507558119,0.267008026644128,""
"PDCD6",-0.0690479220985996,12.4466396395459,-0.689734461418062,0.496790747862484,0.832624773562867,-5.72451487223236,"PDCD6",0.703970517834907,0.303826500974965,""
"BSG",-0.0690763276951447,15.3800967567728,-0.695152079936822,0.493448340205676,0.829714136093197,-5.7209436613733,"BSG",0.701509621844526,0.306758307508986,""
"PRKAG1",-0.0691971120984682,12.3126882419229,-0.598081926570987,0.555230068956782,0.857734029703578,-5.78084606814257,"PRKAG1",0.725199979903623,0.255527022329146,""
"SNAP29",-0.0692387688666116,11.4889583549184,-0.542619107310773,0.592254898417101,0.87557353931797,-5.81115699411596,"SNAP29",0.740282991147002,0.227491338630998,""
"CYRIA",-0.0694012449165591,11.1593265127706,-0.286564824679057,0.778192536750377,0.95364517629118,-5.67858437243787,"CYRIA",0.806291272972524,0.108912938610239,""
"LARP1",-0.0696515431883427,10.6644709703739,-0.31148895027171,0.758152432217042,0.950379135544513,-5.88648241827084,"LARP1",0.803529889371286,0.120243467434926,""
"RAB2A",-0.0697531652058014,12.5026532358366,-0.90727564301616,0.373027781514267,0.757399406455065,-5.5603309786725,"RAB2A",0.640368710251648,0.428258822590653,""
"TM9SF3",-0.0701979202181029,10.230449273488,-0.429954684696345,0.673071545475284,0.914140869190669,-5.60205191200963,"TM9SF3",0.772891032661087,0.171938769128708,""
"LUM",-0.0702052536503235,15.344618995002,-0.474441382031093,0.639352824971343,0.898870358073478,-5.84447230731291,"LUM",0.759980067289767,0.194259411558959,""
"SQOR",-0.0703655155667136,10.0119417495779,-0.332837193441441,0.742773046959368,0.947256795920393,-5.7818525293991,"SQOR",0.800890002699835,0.129143863910709,""
"CMYA5",-0.0704181291926158,13.2809673413067,-0.738332585596249,0.467270132419928,0.811342764932495,-5.69152414648191,"CMYA5",0.685976930433008,0.330431977888084,""
"YKT6",-0.0704212119374379,12.0224764351,-0.305969369124938,0.762837817369094,0.950379135544513,-5.79571563162512,"YKT6",0.803529889371286,0.117567785123138,""
"CCT6A",-0.0704724114594892,12.0810048200725,-0.720689144241374,0.477866628591653,0.81956695978891,-5.70374966663413,"CCT6A",0.692930351584617,0.320693297004924,""
"MYH8",-0.0704894565656637,16.4135876814407,-0.67357909866367,0.506833473676073,0.837237573604146,-5.73500491426209,"MYH8",0.707870564214542,0.295134709982881,""
"ENSA",-0.070527837645967,13.1340457166212,-0.836316795273328,0.410994712848162,0.780327581769497,-5.61852587009872,"ENSA",0.659754104443131,0.38616376497463,""
"LIMCH1",-0.0706140086725426,12.1788790875137,-0.904644114310044,0.374393389846943,0.758157899408665,-5.56256813938877,"LIMCH1",0.64101000353798,0.426671827611121,""
"MAPRE3",-0.0713828803363974,10.3886568743851,-0.522623644257194,0.606087688525033,0.879783106886987,-5.79794532507648,"MAPRE3",0.743842111119785,0.217464537735488,""
"USP13",-0.0715840704806041,10.6193998068397,-0.428158131153532,0.673426659121653,0.914140869190669,-5.71272139099613,"USP13",0.772891032661087,0.17170969507556,""
"GABARAP",-0.071723687292554,10.6647891315119,-0.323763098727157,0.749081403278717,0.949917274210776,-5.86012710635211,"GABARAP",0.803139393228723,0.125470984605251,""
"CARS1",-0.071835597245995,11.1684179742557,-0.433523705356404,0.668397048715167,0.912490692753801,-5.86236286244982,"CARS1",0.771495835691616,0.174965476387185,""
"CUL5",-0.07196121944156,13.2413895454962,-0.942158640869025,0.355235714230042,0.742272005498145,-5.53010545730989,"CUL5",0.627578742161255,0.449483378159992,""
"UFD1",-0.0720721634792145,11.923621973128,-0.718247907981936,0.47934373025593,0.820395629187075,-5.70541899844591,"UFD1",0.693630977897769,0.319352948762207,""
"UBAC1",-0.0728030086675258,13.2485618746212,-0.746655754987526,0.462319687267679,0.806391143466286,-5.68565892864169,"UBAC1",0.68179041612504,0.335057612316477,""
"SRSF7",-0.0732608736111029,12.568563541671,-0.510516378894643,0.614222191989842,0.881978433672708,-5.82738820515989,"SRSF7",0.74569822372084,0.211674496449414,""
"PACSIN3",-0.0732848142355405,14.7324465765753,-0.819611063702505,0.420276549693667,0.782035997271198,-5.63157916637635,"PACSIN3",0.661198541581679,0.376464841787957,""
"YAP1",-0.0736657273940935,10.168444081451,-0.656107456392842,0.520193559913741,0.845437111859113,-5.57639455547766,"YAP1",0.714803138616162,0.283835028747678,""
"RGN",-0.0737832230361732,10.6957648682998,-0.304553290985683,0.763364602491227,0.950379135544513,-5.88470981430427,"RGN",0.803529889371286,0.117267982321361,""
"CENPV",-0.0739353614621034,12.1374851911457,-0.455748437833986,0.652552331203095,0.905499150741462,-5.85284199343118,"CENPV",0.765584602195849,0.185384654500926,""
"ZYG11B",-0.0748393441851878,10.3866378728714,-0.51429729360961,0.611806743509623,0.881272557763905,-5.80208224721619,"ZYG11B",0.745101417278341,0.21338574040646,""
"RRAGA",-0.0749033980728697,11.6556385891803,-0.479394558307752,0.635875266900936,0.89627492456577,-5.84219924249824,"RRAGA",0.757785671052181,0.196628067070706,""
"MAN2C1",-0.0750702028086447,12.7867385554819,-0.638125884311337,0.529264018574834,0.848231826156726,-5.75718627378074,"MAN2C1",0.717166023475896,0.276327630032093,""
"BABAM2",-0.0751259624947629,11.3362552427663,-0.540157710485253,0.593925581833588,0.876759257213924,-5.81243565829379,"BABAM2",0.741285496078063,0.226267968190073,""
"POTEE",-0.0752653061637076,13.4901327974166,-0.328520005707996,0.745667610637616,0.948520917208948,-5.81848114231785,"POTEE",0.801958796406636,0.12745472083164,""
"ATL2",-0.0755526559076998,11.6508709154891,-0.78377752639476,0.440622204965278,0.79113592899019,-5.65873855505688,"ATL2",0.668892383811558,0.355933620551349,""
"NDUFB11",-0.0755796496067429,13.4347985775144,-0.6381067666351,0.52927625713749,0.848231826156726,-5.75719792282868,"NDUFB11",0.717166023475896,0.276317587636258,""
"PLIN4",-0.0756101088425609,13.6941884583859,-0.594598725118798,0.557519609750191,0.859172731933869,-5.78283390631856,"PLIN4",0.726416378918192,0.253739852483348,""
"TXNDC12",-0.0762301246563926,12.5734754433545,-0.678282307309358,0.503898153409339,0.836084848710198,-5.73197566193971,"TXNDC12",0.706895954322692,0.297657233161603,""
"ADD1",-0.076258916743706,11.0843194732001,-0.557204582734435,0.584779007398425,0.873816778180974,-5.59303287040578,"ADD1",0.738797678570928,0.233008226225751,""
"CA4",-0.0764054080303076,12.7075486036789,-0.366194890326736,0.717468288485517,0.935070182798782,-5.86476029183209,"CA4",0.790586422236856,0.144197289632447,""
"FITM1",-0.0765471858792282,11.7692456594474,-0.58315380676907,0.565076652503524,0.861936283125396,-5.78928611050527,"FITM1",0.728752915885544,0.247892636249006,""
"USP24",-0.0769919484829416,11.6228630134471,-0.638334950935962,0.529130190369939,0.848231826156726,-5.7570588604137,"USP24",0.717166023475896,0.276437458394205,""
"COL6A1",-0.0770361461077869,15.6337576669407,-0.456968110870124,0.651687499251027,0.905174073705709,-5.85230596167685,"COL6A1",0.765309754921948,0.185960609614141,""
"KRT17",-0.0771315060475235,14.1501165095173,-0.219420653160255,0.828201150832854,0.961101658868683,-5.9101240121518,"KRT17",0.812595606050256,0.0818641703562069,""
"OSTC",-0.0774553955975072,9.9286065379292,-0.557631435459506,0.583710336593173,0.873816778180974,-5.66486371028173,"OSTC",0.738797678570928,0.233802615948657,""
"PLEC",-0.0775671168117213,16.1011956627112,-0.865034779034567,0.395343591403164,0.771605337130173,-5.59550811668886,"PLEC",0.652379590411854,0.403025296807799,""
"ILVBL",-0.0776789630631498,13.7229171330704,-0.599824143692416,0.554086725697556,0.857690300995197,-5.77984757383962,"ILVBL",0.72516300800168,0.256422254145019,""
"VPS13C",-0.077775171729515,12.8470454248555,-0.469589474015356,0.642767463931297,0.899089004893613,-5.84667644930325,"VPS13C",0.76016492957117,0.191946114784738,""
"UBE2V2",-0.0779310117599739,14.2723266318604,-1.06904455726007,0.295386116241481,0.702612708972073,-5.41133713776202,"UBE2V2",0.594047460845952,0.529609921283424,""
"FAF1",-0.0783614505973134,11.6028025455672,-0.632377382632632,0.533458636498801,0.848710668810555,-5.71885922925023,"FAF1",0.717570877044611,0.272899249410556,""
"IGKV2-28",-0.0784067464956237,11.9492620709487,-0.259800239907969,0.797171150036567,0.956559864186966,-5.92056071250061,"IGKV2-28",0.808755593531404,0.098448426989414,""
"LAMP1",-0.0785235728892779,10.1293436387482,-0.315208379116873,0.758154145255167,0.950379135544513,-5.51549099027131,"LAMP1",0.803529889371286,0.120242486151831,""
"HYI",-0.0785520996476752,12.8630184553329,-0.558976951669398,0.581650546417612,0.873388451236905,-5.76052089534839,"HYI",0.738435535201919,0.235337859583017,""
"STARD7",-0.0785841959545728,11.1904691815826,-0.619098443919701,0.541757325985903,0.852498596626505,-5.74906342586794,"STARD7",0.720773507558119,0.266195207163216,""
"HEXB",-0.0787100814853261,12.9269949721647,-0.536494587629969,0.596416171835177,0.876759257213924,-5.81432810706707,"HEXB",0.741285496078063,0.224450589156736,""
"PTRH2",-0.0788199556784086,11.2446606513407,-0.502106327729598,0.620039502568321,0.885198116297191,-5.83148046928131,"PTRH2",0.748420412294118,0.207580640822815,""
"XPO4",-0.0792080295718112,12.9987216142889,-0.427500294357198,0.672718885629073,0.914140869190669,-5.8648626047548,"XPO4",0.772891032661087,0.172166379944128,""
"PPP2CB",-0.0793372741290863,14.5699993380866,-0.724739354755629,0.475421834460705,0.817493690914817,-5.70096816585131,"PPP2CB",0.691177436935367,0.322920876524445,""
"TMED7",-0.0796416887995139,12.3664746827823,-0.587202889961931,0.562397085516769,0.861610360499259,-5.78701730561854,"TMED7",0.728477353678917,0.249956938605701,""
"HARS1",-0.0796984795884317,12.0938349678931,-0.916802387471254,0.368111392930049,0.753966305436064,-5.55218136861475,"HARS1",0.63746607994462,0.434020741069811,""
"SGCB",-0.0801714678273484,14.2674613512618,-0.608404751054241,0.548473546696371,0.855332728172342,-5.77488881871702,"SGCB",0.72316971905132,0.260844313943126,""
"MYOZ1",-0.0801843006462981,17.003318959802,-0.848886706219976,0.404096635211313,0.775109069709202,-5.60854078293537,"MYOZ1",0.655341938538321,0.393514765779187,""
"SYNE2",-0.0803683103290425,11.892449212787,-0.823555105770364,0.418073493574106,0.782035997271198,-5.62851981201178,"SYNE2",0.661198541581679,0.378747366435279,""
"LDHB",-0.0803767011297758,18.2955451640061,-0.684137446591637,0.50025724929657,0.833085013184718,-5.72817617322682,"LDHB",0.704359642846809,0.300806609225111,""
"SMS",-0.0803799341725551,12.2178546545534,-0.817360947219322,0.421536653415525,0.782035997271198,-5.6333183518428,"SMS",0.661198541581679,0.375164656664343,""
"MTCH2",-0.0805077835226928,13.3605287114943,-0.823123942382607,0.418313980011707,0.782035997271198,-5.62885493549872,"MTCH2",0.661198541581679,0.37849762109834,""
"PLCD4",-0.080586338146766,13.7847477475615,-1.0416693790377,0.307653965219272,0.710027760566342,-5.43811868992763,"PLCD4",0.600316764710469,0.511937483105607,""
"DHRS11",-0.081466098183343,12.5220614254254,-0.624201246548955,0.538218472798444,0.852498596626505,-5.76558171158009,"DHRS11",0.720773507558119,0.26904140040959,""
"PSMD10",-0.0814742111177722,13.3782058025374,-0.934335458479355,0.359175711839493,0.747268074420099,-5.53697613212416,"PSMD10",0.631802836060212,0.444693038849726,""
"NOSIP",-0.0816557443596828,16.5589563148204,-0.277950622037301,0.783363632448699,0.954801226565436,-5.91583342846902,"NOSIP",0.807268694418596,0.106036594383082,""
"STBD1",-0.0817734226389213,15.1274326737439,-0.766592530570647,0.450588857640845,0.799569643273876,-5.6713552653208,"STBD1",0.676022950184395,0.346219551904081,""
"UBE4A",-0.0821321678215376,10.8100493696164,-0.531286897197062,0.599965595826747,0.879275766012552,-5.8169968874641,"UBE4A",0.743413162775423,0.221873652901341,""
"NMT1",-0.0825719431054193,9.80778993933612,-0.353593495774229,0.728067862790779,0.941568844176723,-5.6962451224024,"NMT1",0.796080933282795,0.137828138458989,""
"RPS24",-0.0826234738213572,9.93640657113773,-0.52308653395385,0.605982832965831,0.879783106886987,-5.77907780671903,"RPS24",0.743842111119785,0.217539678892813,""
"LNPEP",-0.083143032280045,9.75544151554826,-0.422315434034189,0.677368107236781,0.91603921551168,-5.7495829603384,"LNPEP",0.774496053175806,0.169175255251391,""
"NNT",-0.0832165701394381,16.3489796023993,-0.674309894331144,0.506376751382724,0.836964682337248,-5.73453555150948,"NNT",0.707639839147777,0.29552624173077,""
"PPP3R1",-0.083351300657263,12.4337860291443,-0.687646855095621,0.498350197614124,0.832768645478157,-5.70642109392552,"PPP3R1",0.704092159167143,0.302465365189321,""
"NIT2",-0.0833663160604416,13.2448089346984,-0.712979464923158,0.482540468394704,0.822180228344924,-5.70900312710279,"NIT2",0.695139827061484,0.316466258561605,""
"CBX3",-0.0842797953247736,10.2574239003727,-0.578594347201729,0.568101753140891,0.863531616440516,-5.79182264295002,"CBX3",0.730101743899823,0.245573870504047,""
"PAFAH1B3",-0.0848627440361227,12.8944791879612,-0.925102949852002,0.363862858498842,0.752629875180241,-5.54501618960968,"PAFAH1B3",0.636336150198216,0.439062272999177,""
"BABAM1",-0.085248906562537,11.6729126794092,-0.486082144104571,0.631373032563615,0.892426320236941,-5.81561797513787,"BABAM1",0.75453173954746,0.199713971792754,""
"CLYBL",-0.0861076406911252,11.0684340728239,-0.300873140528867,0.766830839401989,0.951014033672587,-5.76958572910531,"CLYBL",0.804066685270452,0.115300429554034,""
"CAMK2G",-0.0862039053329724,15.7283674187219,-0.934454704561426,0.359115437760168,0.747268074420099,-5.53687180325382,"CAMK2G",0.631802836060212,0.444765924893577,""
"PGD",-0.0866929223552209,12.9994855245193,-0.993717758815859,0.329995972196106,0.724347234877607,-5.4835023118826,"PGD",0.612423644142953,0.481491360921145,""
"FGG",-0.0869427990870406,14.5845888867963,-0.521404251516343,0.606729105705265,0.879783106886987,-5.82199156586751,"FGG",0.743842111119785,0.217005170798505,""
"CYFIP1",-0.0873129317821366,12.3501202569044,-0.374950867539941,0.710897243420429,0.92940337291707,-5.88520795172035,"CYFIP1",0.785795227915518,0.148193169791481,""
"APOE",-0.0877740277219754,11.8297020684895,-0.603161180022989,0.552130423180839,0.856368271280688,-5.75835909248566,"APOE",0.724045253675522,0.257958321949635,""
"EIF3K",-0.0884196242507969,13.8116464594096,-0.694840147973979,0.493640439676599,0.829714136093197,-5.72115000927723,"EIF3K",0.701509621844526,0.306589269540057,""
"NAA10",-0.0884407280080275,10.8071423404894,-0.469298342437167,0.642972610381146,0.899089004893613,-5.84680799872593,"NAA10",0.76016492957117,0.191807526941538,""
"ACSS2",-0.0884514489733839,12.1600481372954,-0.92170575969456,0.365597716467113,0.753698865657039,-5.54795595138345,"ACSS2",0.637239964020968,0.436996525544413,""
"TXN",-0.0886972941535902,16.2940612520176,-0.653253859688672,0.519627657010941,0.845437111859113,-5.7478627563445,"TXN",0.714803138616162,0.284307741803044,""
"ILK",-0.0887112150872635,12.3549748210577,-0.974928750024561,0.339047547390417,0.728412985967819,-5.50075016470777,"ILK",0.615861169654135,0.469739392884556,""
"AKR1C3",-0.0890324460309273,13.5521006084645,-0.421025177466188,0.677377657447334,0.91603921551168,-5.86751140613133,"AKR1C3",0.774496053175806,0.169169132178188,""
"ERP29",-0.0890951123311989,13.0167150204609,-0.795548091013108,0.433873766528444,0.784934683711783,-5.64994395686654,"ERP29",0.663649333174016,0.362636607986396,""
"COPB1",-0.0892563959395041,10.5999938216658,-0.884971688686529,0.385062492633021,0.760015039137382,-5.55999183996188,"COPB1",0.642580184558324,0.414468782171395,""
"EIF4B",-0.0897489478164477,10.5779504384491,-0.306277294968471,0.762067930307747,0.950379135544513,-5.88803802608262,"EIF4B",0.803529889371286,0.118006314168425,""
"TPM2",-0.0901445818152453,18.7732489577986,-1.03592421483744,0.310273437387038,0.711518230289527,-5.44365906947844,"TPM2",0.601576932286745,0.508255402920572,""
"TIMM17A",-0.0901537749994326,10.3873145525672,-0.299036955562139,0.769399832195097,0.951014033672587,-5.56529442892051,"TIMM17A",0.804066685270452,0.113847912748142,""
"MFAP5",-0.0901538493895142,12.0320134346444,-0.570825639382725,0.573274994015417,0.867595004799832,-5.79609998773339,"MFAP5",0.733537271760989,0.241637001532439,""
"RHOC",-0.0905656611646268,11.4189988215318,-0.676202999286667,0.505194694935869,0.836084848710198,-5.73331740554625,"RHOC",0.706895954322692,0.296541218631702,""
"SEPTIN9",-0.0906620889336089,10.4064659663588,-0.381726524358885,0.706214128464234,0.927808977843945,-5.84043326701015,"SEPTIN9",0.784447193169375,0.151063598224809,""
"SH3BGR",-0.090988766322976,16.918964228077,-0.864296001041085,0.395741372032481,0.771856983087808,-5.59610939147885,"SH3BGR",0.652592352919928,0.402588544866188,""
"PLPBP",-0.0913175612000217,13.0367155710774,-0.794551710645699,0.434442555197391,0.784949387018067,-5.65069323126343,"PLPBP",0.663661764577053,0.362067640642484,""
"RABGAP1",-0.0914596964204328,15.2338502940851,-0.240691614857858,0.811780728054822,0.9576948208888,-5.92519466854504,"RABGAP1",0.809715180709781,0.0905612631921692,""
"DNAJC7",-0.0916227063621911,10.6126537372766,-0.695736193172787,0.493360475997889,0.829714136093197,-5.69737719499364,"DNAJC7",0.701509621844526,0.306835645570975,""
"MRPL40",-0.0931641251672186,11.5304151947264,-0.38853385663876,0.70158829289843,0.927114230591015,-5.78148513758517,"MRPL40",0.783859795821929,0.153917666466461,""
"TPSB2",-0.0937905519012396,14.1186665269387,-0.410201593944782,0.685194357089527,0.920268753666549,-5.87185013393545,"TPSB2",0.778072057949655,0.164186222319153,""
"CAPZA1",-0.0937991069994286,12.8665869869765,-0.968702888325176,0.342083823389556,0.729660220617692,-5.50639850312393,"CAPZA1",0.616915685986355,0.465867462438029,""
"BCAP31",-0.0940361755893537,11.6445341918315,-0.973584649589377,0.339701490350169,0.728412985967819,-5.50197240504981,"BCAP31",0.615861169654135,0.468902547773967,""
"RASA3",-0.0942229459039101,11.8005379117531,-0.709764653773298,0.48477523492749,0.82354420087386,-5.69174672045196,"RASA3",0.696293043345692,0.314459574504006,""
"SRSF4",-0.0942526524282687,12.1390168622581,-0.56117749532829,0.57994437357696,0.872728874363257,-5.77794643144356,"SRSF4",0.737877873830269,0.236613660587284,""
"PML",-0.0952759326112727,10.4525316870222,-0.551409216634177,0.58674048186363,0.874507814341157,-5.75622070625297,"PML",0.739381938250646,0.231553946821201,""
"FGGY",-0.0953272332744888,10.8245437237638,-0.610163016092287,0.547814096587717,0.855332728172342,-5.7237227156274,"FGGY",0.72316971905132,0.261366796486054,""
"NUTF2",-0.0953523580033568,15.3648817878754,-0.795495071961668,0.433904021201013,0.784934683711783,-5.64998384939237,"NUTF2",0.663649333174016,0.362606325032534,""
"GCLM",-0.095595236413013,12.9427267454139,-0.891411783294746,0.38130985036247,0.759813576768736,-5.57372560992401,"GCLM",0.64240985144732,0.418721975469029,""
"NSUN2",-0.0958051548351673,11.4846609527413,-0.448975924878937,0.657363506324177,0.907351262815726,-5.85579282644154,"NSUN2",0.767150532417248,0.182194409536349,""
"EPN1",-0.0960026449987144,10.8054109776954,-0.48247492174856,0.63371686913216,0.894934152129086,-5.84077395973903,"EPN1",0.756652070063452,0.198104732083374,""
"VAC14",-0.0964678801338774,10.9090460329488,-0.623885360281461,0.539206502563214,0.852498596626505,-5.69824002173052,"VAC14",0.720773507558119,0.268244879064922,""
"QARS1",-0.0966759425410988,13.8253070896636,-1.42410895125717,0.166926435670698,0.578505147601244,-5.0088588400241,"QARS1",0.489116563976772,0.777474879876981,""
"CNBP",-0.0969873507461134,10.9073563047573,-0.423009096237576,0.675948847169,0.91603921551168,-5.8667040662209,"CNBP",0.774496053175806,0.170086168308064,""
"HOOK3",-0.0974435662181481,10.7966418839257,-0.747039809076845,0.462092012136397,0.806391143466286,-5.68538677876926,"HOOK3",0.68179041612504,0.335271538763417,""
"SPTB",-0.0974941163268461,14.7508077367327,-0.678459509767305,0.503787746024001,0.836084848710198,-5.73186113300997,"SPTB",0.706895954322692,0.297752400352953,""
"EIF3E",-0.0975331010563973,10.5697950506621,-0.676177566292386,0.5057593443859,0.83642573602069,-5.69164450894406,"EIF3E",0.707184168923206,0.296056084478575,""
"PLGRKT",-0.0977721237072231,13.1327983180291,-0.705185697112558,0.487291981792733,0.825377746151586,-5.71425891589656,"PLGRKT",0.697843275646745,0.312210734713144,""
"USP19",-0.0981739683487213,10.6629642299022,-0.376442260499305,0.712801890688268,0.931052879056423,-5.5504315724277,"USP19",0.78718985815949,0.147031157014963,""
"DUSP22",-0.0983787412464761,10.6349639972972,-0.537381946062829,0.596232840156859,0.876759257213924,-5.77182996458828,"DUSP22",0.741285496078063,0.224584106957998,""
"RPL26L1",-0.0984718376541949,12.0092791807442,-0.525281809729583,0.604071059417723,0.87952619590109,-5.82004276733662,"RPL26L1",0.743624897117125,0.218911970488478,""
"NGLY1",-0.0989636892760082,11.1830759781282,-0.610303463407697,0.547235504758641,0.855332728172342,-5.77378232968695,"NGLY1",0.72316971905132,0.261825733253333,""
"RBP4",-0.0989814951780446,13.4789465204743,-0.597836850578012,0.555391000076263,0.857734029703578,-5.78098629945889,"RBP4",0.725199979903623,0.255401162124266,""
"DMD",-0.0989878573561853,14.7952852392315,-1.01457771175526,0.320142933794208,0.717868484179673,-5.46399974042518,"DMD",0.606945967248677,0.494656079496696,""
"ERI3",-0.0990104321612186,11.9313101601731,-0.505265675580799,0.618038813066935,0.884447222753832,-5.8064962196328,"ERI3",0.747785544183847,0.20898425020003,""
"CACNG1",-0.0990455301434849,14.108976717834,-0.496034959854538,0.624254901774185,0.887997885887396,-5.83439340723878,"CACNG1",0.750787571320388,0.204638038796203,""
"EIF4E3",-0.0992076653028686,11.3374504019731,-0.856488216862077,0.399960999477949,0.77221790820524,-5.60243451916886,"EIF4E3",0.652897509155828,0.397982355015278,""
"PPP5C",-0.0994042547152567,13.7808265487808,-1.61226696928532,0.119609381308556,0.534065797303782,-4.75661132573946,"PPP5C",0.451543826010684,0.922234756043619,""
"PDLIM1",-0.0999162065378805,16.127224223835,-1.04395803143708,0.30661480800134,0.708590303600989,-5.43590384857967,"PDLIM1",0.599101418546873,0.51340687466764,""
"RUVBL1",-0.100127752439979,11.6010127750091,-1.04751247176417,0.30500582174136,0.708590303600989,-5.43245527751951,"RUVBL1",0.599101418546873,0.515691871059713,""
"MYOM3",-0.100279138352207,16.7315208228294,-1.19881424057537,0.241975402835197,0.652454379608414,-5.27591555653001,"MYOM3",0.551639420373202,0.616228778465304,""
"VPS13A",-0.10036522641604,10.0619560481504,-0.557326744407176,0.584283960479396,0.873816778180974,-5.63250339448027,"VPS13A",0.738797678570928,0.233376035597831,""
"DMTN",-0.100404393508192,11.0841803478954,-0.412434386044285,0.68426117259188,0.92000070663007,-5.7825293677479,"DMTN",0.777845428599838,0.164778102715225,""
"C3",-0.100741032418894,14.341351941884,-0.660089124405163,0.515305379845682,0.843596061840021,-5.74358106358451,"C3",0.71324656118002,0.287935323432392,""
"BNIP1",-0.101077880845287,11.2163595893758,-0.700510483265414,0.490726788284395,0.82759986874684,-5.66757926103797,"BNIP1",0.699722043662955,0.309160233670721,""
"TOMM70",-0.101407376701912,13.8667603609739,-0.958406653439937,0.347145572456391,0.732834513619337,-5.51566640048961,"TOMM70",0.619599498381902,0.459488369425201,""
"GNAS",-0.102221474418336,12.7846376183032,-1.19819153404624,0.24221329214037,0.652454379608414,-5.27659826780433,"GNAS",0.551639420373202,0.615802027399342,""
"MYBPC1",-0.102322095592594,19.6867325159262,-1.17411309818276,0.2515462006029,0.661532429834841,-5.30275627598194,"MYBPC1",0.559314762161896,0.599382237947283,""
"PTER",-0.102444279351147,10.7661238201094,-0.378966231537364,0.708766510266448,0.928739685520298,-5.7488997525559,"PTER",0.785234091164341,0.149496811366623,""
"ISOC1",-0.102789864383965,11.7612505882578,-0.868931227062379,0.39324987202855,0.768563909185819,-5.59232892118532,"ISOC1",0.649808113231584,0.405331410032847,""
"PURA",-0.102863880615754,15.2549039885314,-0.856613917137499,0.399892839472779,0.77221790820524,-5.60233311517032,"PURA",0.652897509155828,0.398056372323847,""
"RANBP2",-0.102980235443919,12.1462496742595,-1.03541118356943,0.313020239052858,0.713307900836498,-5.33363199576439,"RANBP2",0.603090069226346,0.504427581224129,""
"RUVBL2",-0.103098209717411,9.62416609944812,-0.453211457168446,0.654698917897657,0.906724839982717,-5.81175653927227,"RUVBL2",0.76662090224032,0.183958376889925,""
"COMMD3",-0.103168094556743,12.6927648256977,-0.971933772947729,0.340505862790638,0.728412985967819,-5.5034714829873,"COMMD3",0.615861169654135,0.467875406054565,""
"EPHX1",-0.103556349841881,15.1432947191673,-0.697778959034286,0.49183229599768,0.828668146601725,-5.7192024165038,"EPHX1",0.700625254975629,0.308182956863945,""
"RASA4",-0.103844175813313,10.4949862056732,-0.585500216754356,0.565602283761571,0.861936283125396,-5.61739155817401,"RASA4",0.728752915885544,0.247488845634343,""
"APOC1",-0.103971738727648,11.4291530403919,-0.443841717776822,0.661020920200482,0.908468674914114,-5.85800090373533,"APOC1",0.768095285922685,0.17978479560686,""
"LIN7C",-0.10397738834002,10.937046190758,-0.606355485854002,0.550294938096418,0.856020031358762,-5.72592509629742,"LIN7C",0.72375082256327,0.259404482040569,""
"HNRNPF",-0.10411427957826,11.7012318953119,-0.850336845814235,0.40330558939011,0.775027006117139,-5.60737983735683,"HNRNPF",0.655272555124286,0.394365759087197,""
"TAB1",-0.104762835839006,10.4875580347321,-0.695024040784829,0.495586351351763,0.831577098030924,-5.57175529678718,"TAB1",0.703084725446592,0.304880662776679,""
"CACNA2D1",-0.105239658133424,14.615298372717,-1.1246631009706,0.271542631187862,0.679685173618441,-5.35499484561091,"CACNA2D1",0.574662607730774,0.566161978096438,""
"PRPSAP1",-0.10533833419148,11.6569035029446,-1.06987624729863,0.295018922328451,0.702321165841612,-5.41051362528088,"PRPSAP1",0.593800965936074,0.530150127753087,""
"FGB",-0.105385670390742,14.3749856081578,-0.619293793793576,0.54139342294678,0.852498596626505,-5.76849783808881,"FGB",0.720773507558119,0.266487024508015,""
"BZW2",-0.105480713914879,14.231861620836,-1.08244761272526,0.28950814343442,0.696712388767996,-5.39799533080079,"BZW2",0.589058837397143,0.538339215705486,""
"POLR2B",-0.10576079591698,10.880358404442,-0.527598539103313,0.603982207551172,0.87952619590109,-5.66776126322385,"POLR2B",0.743624897117125,0.218975854882444,""
"PITPNB",-0.105999199535901,12.0619428739991,-0.685523003311586,0.499397840216539,0.833085013184718,-5.72727247530937,"PITPNB",0.704359642846809,0.301553340206672,""
"DCXR",-0.106220919617058,13.1819095590396,-0.848773867447686,0.404158229660284,0.775109069709202,-5.60863104078282,"DCXR",0.655341938538321,0.393448573466543,""
"EPM2A",-0.106305671692077,14.0531418613305,-0.903055419840239,0.375219415602075,0.758157899408665,-5.5639158175219,"EPM2A",0.64101000353798,0.425714697290088,""
"MYH15",-0.106593394859948,14.4352624870175,-1.13455319569078,0.267453361125062,0.672380560236474,-5.34470754197452,"MYH15",0.568486677553868,0.572751939893117,""
"FKBP9",-0.106837589964298,10.6825818049033,-0.635535737923765,0.533210234085604,0.848710668810555,-5.58879758966461,"FKBP9",0.717570877044611,0.273101523616297,""
"ASS1",-0.106908981308393,13.461790554781,-0.59181720513294,0.559351426424417,0.860414971781632,-5.78441321255498,"ASS1",0.727466672227582,0.252315250069892,""
"TMED10",-0.107163814193532,13.2597152020873,-1.32692845944416,0.196669082570134,0.615743659824271,-5.12888881465504,"TMED10",0.520601112077437,0.70626390812616,""
"GLOD4",-0.107811914357887,12.855083523522,-1.30411807185545,0.204215939510673,0.618464095290233,-5.15601208847527,"GLOD4",0.522901195409711,0.689910363270821,""
"TXNL1",-0.107824531732609,14.7298341604933,-1.01980403531684,0.317706625160775,0.716338695562266,-5.45905543006146,"TXNL1",0.605652556195621,0.497973728702075,""
"NADK2",-0.108507610482588,11.6396681480748,-1.06262026227163,0.298233412801475,0.704714508767929,-5.41767871635767,"NADK2",0.595824497919138,0.525443701652978,""
"ATP2A2",-0.108513214627205,18.8072343956559,-1.1577924237232,0.258021938796773,0.666769564613442,-5.32021861351629,"ATP2A2",0.563742673267984,0.588343365768154,""
"GPX1",-0.109410604448815,15.231292156602,-1.29800088438679,0.206277399729674,0.621497498980219,-5.16321698713726,"GPX1",0.525465888215216,0.685548351815311,""
"TMEM38A",-0.109723564588267,11.1344267038703,-0.604030541689516,0.552386237651562,0.856368271280688,-5.68980730608348,"TMEM38A",0.724045253675522,0.257757150126787,""
"CYRIB",-0.110148111226284,12.6048147455154,-0.728009776957923,0.473453063927267,0.816979392511377,-5.6987113196011,"CYRIB",0.690742606114947,0.324723068588376,""
"XPO7",-0.110373409802136,9.72994833774927,-0.607462979171251,0.551258067212317,0.856368271280688,-5.58387476392102,"XPO7",0.724045253675522,0.258645041931983,""
"RPL28",-0.110509684958641,11.4626354594936,-0.805082479734173,0.428454158621506,0.784655874617897,-5.64272920869303,"RPL28",0.663413604682105,0.368095637504431,""
"MT-ATP6",-0.110756686977243,15.7412881338936,-0.952960199945688,0.349843476667817,0.735824631145276,-5.52053190791344,"MT-ATP6",0.622127593449402,0.456126219718351,""
"DCAF6",-0.110806200656114,11.9578306965419,-1.31590773285266,0.200287818248462,0.617355287092941,-5.14204377874101,"DCAF6",0.52196371636079,0.698345464227922,""
"NOS1",-0.110897361978186,12.0681878263796,-1.13681367818036,0.266525057635001,0.672380560236474,-5.34234496402265,"NOS1",0.568486677553868,0.57426195406317,""
"HNRNPH3",-0.110980674184049,13.2921566443596,-0.672453542740544,0.507537357032315,0.837492578554943,-5.73572685946421,"HNRNPH3",0.708086166695952,0.294531986211001,""
"PLBD2",-0.112263865328167,9.98080730874515,-0.52745724979242,0.60442535162412,0.87952619590109,-5.5883824216614,"PLBD2",0.743624897117125,0.218657328185494,""
"MYOM1",-0.112748751408315,19.1729691835672,-1.46309819596493,0.156050183435268,0.568751938440709,-4.95870282754635,"MYOM1",0.480870386441225,0.806735716489978,""
"TGFBI",-0.112942756265978,12.6561140085973,-0.971457945610749,0.340737945020822,0.728412985967819,-5.5039031227068,"TGFBI",0.615861169654135,0.467579500140529,""
"PLIN2",-0.112946248777716,12.2577528547393,-0.549245106138348,0.587768887050689,0.874507814341157,-5.8076867170437,"PLIN2",0.739381938250646,0.230793406592467,""
"RAB6A",-0.113616871262922,10.7340331901024,-0.983785967666878,0.335157891249581,0.728412985967819,-5.47020185458053,"RAB6A",0.615861169654135,0.474750550741977,""
"BLMH",-0.113759710889033,15.5882164735201,-1.20077077497061,0.241229093871164,0.652036201717361,-5.27376845184793,"BLMH",0.551285857861181,0.617570314501533,""
"EIF4E",-0.113919458693379,12.6253188353435,-0.978096243116714,0.337509865669619,0.728412985967819,-5.49786370610708,"EIF4E",0.615861169654135,0.471713527889981,""
"AP2A1",-0.113951070317988,11.2866226718729,-1.14770452717395,0.262085538720599,0.668109415623316,-5.33090338349114,"AP2A1",0.564875495205538,0.581556941766533,""
"LAMA4",-0.114034276467207,12.3763613611028,-1.02879118818991,0.313547394934051,0.713307900836498,-5.45049898329132,"LAMA4",0.603090069226346,0.503696803150365,""
"DHPS",-0.11461249105221,9.58739569301591,-0.3937035479193,0.698502171915341,0.927114230591015,-5.71299282744685,"DHPS",0.783859795821929,0.155832239156984,""
"NCKAP1",-0.114632705472644,10.8311159015193,-0.726636687517661,0.474279073561394,0.816979392511377,-5.69966004058861,"NCKAP1",0.690742606114947,0.323966037138784,""
"PTGES3L",-0.114775128260293,10.5524275555411,-0.473523728594108,0.640795230717449,0.899089004893613,-5.75666781179092,"PTGES3L",0.76016492957117,0.193280729259653,""
"GCLC",-0.114904823705297,10.8569365619922,-0.750021234583405,0.461682018971803,0.806258562328496,-5.58677947950337,"GCLC",0.68167832095902,0.335657039491293,""
"COLGALT1",-0.115561501677725,9.72524494592278,-0.823311119655641,0.420707059286391,0.782035997271198,-5.49345911445738,"COLGALT1",0.661198541581679,0.376020200644273,""
"BGN",-0.115680592098496,13.0331958876166,-0.467712931363047,0.644090280465573,0.899089004893613,-5.84752297063704,"BGN",0.76016492957117,0.191053254441383,""
"SUGT1",-0.115943287519709,11.6227100073655,-1.21264228888855,0.236737634739318,0.652036201717361,-5.26067448680686,"SUGT1",0.551285857861181,0.625732695765981,""
"PSMD5",-0.116026841662633,13.1948148243095,-0.935657668405962,0.358507765598015,0.747268074420099,-5.5358186351499,"PSMD5",0.631802836060212,0.445501432688399,""
"FNBP1L",-0.1165170598189,10.3838553820929,-0.570971460972195,0.574165973221763,0.867595004799832,-5.7082272953042,"FNBP1L",0.733537271760989,0.240962548655779,""
"OGN",-0.116726797392333,13.3077444816145,-0.573826480440921,0.571273901302223,0.86550257025788,-5.79445442633034,"OGN",0.731768152855566,0.243155616267361,""
"AHSG",-0.116850180866809,13.9228328876041,-0.65062745257513,0.521293732293375,0.845804554275359,-5.74949654724667,"AHSG",0.715113805120753,0.282917496724171,""
"NAA50",-0.116956469237959,11.3203554952582,-1.09501736950805,0.284072045388684,0.694280613181982,-5.38534666273124,"NAA50",0.587002811233978,0.546571501689855,""
"ACSL3",-0.117072852883517,12.4112960428512,-1.24577140623491,0.224535953541525,0.642714578881076,-5.22353620546905,"ACSL3",0.543404579446846,0.648714108226349,""
"VARS1",-0.11723759646773,12.0407809528028,-0.912354796829198,0.370401273160948,0.755199275574039,-5.55599589625271,"VARS1",0.638508535867222,0.431327529209801,""
"CAVIN4",-0.118595212059613,12.6333802425824,-0.741419746040708,0.465430322689003,0.809791863109866,-5.6893559825039,"CAVIN4",0.68466566851305,0.332145325932136,""
"POLR2I",-0.11878375252957,10.0662408270634,-0.438268116913865,0.668023190389752,0.912414167273538,-5.56821244374632,"POLR2I",0.771431134659797,0.17520846075277,""
"PXN",-0.119376979957526,10.6845274762683,-0.656386368193757,0.520018309468503,0.845437111859113,-5.57622381939798,"PXN",0.714803138616162,0.283981364901453,""
"APOA2",-0.11944150522285,13.6547781022649,-0.752611498425674,0.458796482535724,0.80471650665575,-5.6814235522226,"APOA2",0.680374538312933,0.338379920372298,""
"COL6A2",-0.119701019726817,14.5840478329583,-0.77217724946557,0.447335144492137,0.795724411299209,-5.66728426005157,"COL6A2",0.672771869949515,0.349366980523019,""
"CST3",-0.119812463369909,12.5640798941211,-0.517390379355868,0.61011778676837,0.879783106886987,-5.75604619865317,"CST3",0.743842111119785,0.214586313832799,""
"ACTG1",-0.120285788884203,8.94230201496034,-0.388559638882004,0.702510869923658,0.927196995303487,-5.66784600114226,"ACTG1",0.78392977202171,0.153346951549087,""
"MAT2A",-0.12042330826994,12.5243834987196,-0.926262862798528,0.363271774251176,0.75210217176678,-5.54401015815538,"MAT2A",0.635889985662842,0.43976834494812,""
"DYRK1A",-0.12127793911815,10.3989825180722,-0.693831463749137,0.495500915379557,0.831577098030924,-5.63475932195706,"DYRK1A",0.703084725446592,0.304955538870081,""
"SNAP23",-0.121632344018193,10.6876802040584,-0.857925686883287,0.399181984972878,0.77221790820524,-5.60127406079805,"SNAP23",0.652897509155828,0.39882906659161,""
"DNAJC11",-0.122373878495472,11.5557377732038,-1.01457879971652,0.320552907251251,0.717868484179673,-5.44522644725555,"DNAJC11",0.606945967248677,0.494100279933111,""
"PDK1",-0.122723381127036,10.7113206491477,-0.71259437976715,0.484052390043814,0.823290528326889,-5.62234099757528,"PDK1",0.696078567389749,0.31510763117459,""
"MAP2K3",-0.123019647481899,11.9785664561771,-1.32795966574427,0.196333095048309,0.615706573400747,-5.12765309217099,"MAP2K3",0.520569756117824,0.707006487025602,""
"H2AC20",-0.123372999875423,14.1296316713729,-0.652609590803637,0.520036082237807,0.845437111859113,-5.74826411946601,"H2AC20",0.714803138616162,0.283966522186112,""
"RRM2B",-0.123794870173143,10.7248048646122,-0.799654345599524,0.431853207522315,0.784655874617897,-5.62756424796397,"RRM2B",0.663413604682105,0.364663850399758,""
"SRP9",-0.123817979340267,10.8612742983504,-1.33233118126124,0.195421163417351,0.614128300275476,-5.10155804050486,"SRP9",0.519235352212777,0.709028405521693,""
"PSPH",-0.123873621686704,11.2713689035747,-0.653921669793483,0.523260770225604,0.845851945950252,-5.4914156670445,"PSPH",0.715153874000488,0.281281823856145,""
"F12",-0.124803439541648,10.372659240228,-0.641171749974997,0.527832038169452,0.848231826156726,-5.713535439045,"F12",0.717166023475896,0.277504252657232,""
"SESN1",-0.124890845474329,12.3033523089721,-1.7308048262111,0.0959624153626081,0.501836237715934,-4.58494918567802,"SESN1",0.424294264776081,1.01789882942606,""
"RPL18",-0.124896771025245,11.0396925336964,-0.820780895320761,0.419622353044534,0.782035997271198,-5.63067318466609,"RPL18",0.661198541581679,0.377141385241765,""
"SNRPGP15",-0.125579035919877,10.811922721905,-0.749892398416245,0.461021362357226,0.806085463658707,-5.64191682904838,"SNRPGP15",0.681531968887742,0.33627895023093,""
"MYO1B",-0.125835232210424,9.0509937221161,-0.580964364769641,0.568588839151682,0.863531616440516,-5.6198728159799,"MYO1B",0.730101743899823,0.245201669342041,""
"SCN1B",-0.126158316090024,12.0263280249149,-1.02443722352807,0.316422384758752,0.715877593886823,-5.41458869742398,"SCN1B",0.60526270233162,0.49973280066953,""
"PTPN11",-0.126344714122373,12.4078734358932,-1.38525355944857,0.178358637295141,0.593434202305988,-5.05771156115706,"PTPN11",0.501738833581258,0.748705854428852,""
"STAC3",-0.126362269185766,13.5378092727894,-1.47380940523857,0.153164243675357,0.567131006573305,-4.94472695057553,"STAC3",0.479499915273055,0.814842609291844,""
"RRAS2",-0.126589949221563,12.9630224882889,-0.727466944174863,0.473779515491279,0.816979392511377,-5.69908658840682,"RRAS2",0.690742606114947,0.324423720526342,""
"AIP",-0.126648019967059,10.0296317736467,-0.393666720764025,0.700906573167622,0.927114230591015,-5.48999358980879,"AIP",0.783859795821929,0.154339867142949,""
"SGCD",-0.12738834114732,12.3707915732846,-1.14171875558702,0.264518808097161,0.670285523430669,-5.3372038990066,"SGCD",0.566715358477263,0.577543442863536,""
"PGRMC1",-0.127961993765561,11.6658507862645,-0.815732319292594,0.422776077526019,0.782035997271198,-5.61164387672211,"PGRMC1",0.661198541581679,0.373889594903817,""
"ZBTB8OS",-0.128459981014769,11.8772752134519,-1.30847345947919,0.203260396032815,0.617801107415252,-5.1332639947981,"ZBTB8OS",0.522340650092675,0.691947232576592,""
"TNXB",-0.128519313629086,12.0313996929881,-0.857716033923426,0.399295542714457,0.77221790820524,-5.60144342573188,"TNXB",0.652897509155828,0.39870553775287,""
"QKI",-0.128634790124403,11.0712552482608,-1.01868097490631,0.320113277763819,0.717868484179673,-5.37644134515019,"QKI",0.606945967248677,0.494696311672908,""
"PPP2R3A",-0.129150902419775,11.2884840514524,-0.766554905606093,0.45061082647758,0.799569643273876,-5.67138259698121,"PPP2R3A",0.676022950184395,0.346198378029439,""
"CAVIN3",-0.129333450320193,9.56171382794186,-0.274340937251173,0.787187218140155,0.954801226565436,-5.66948236276502,"CAVIN3",0.807268694418596,0.103921966325021,""
"TMEM109",-0.129683965749656,13.0435052325299,-0.995744940790083,0.329029395592051,0.723310409452357,-5.48162333592537,"TMEM109",0.611547025340952,0.482765300307994,""
"VTN",-0.129871295778024,13.3706587040199,-0.903373514782281,0.375053929678381,0.758157899408665,-5.56364615656093,"VTN",0.64101000353798,0.425906279798279,""
"EIF5B",-0.129993583713949,10.6866344986849,-1.26800206069686,0.218233527632992,0.638024358791181,-5.13693584426776,"EIF5B",0.539439075692599,0.661078527132482,""
"KRT6A",-0.130227952977737,15.5426764439494,-0.225541688866504,0.823413610639742,0.958988576205263,-5.92861836101582,"KRT6A",0.810809029498576,0.0843819585956599,""
"ABRAXAS2",-0.130252267529926,12.7407893540483,-0.796097359510191,0.433560409367475,0.784934683711783,-5.64953052888203,"ABRAXAS2",0.663649333174016,0.362950382323573,""
"PIGK",-0.130300680189862,10.6690959080473,-0.995755184443368,0.329024516287457,0.723310409452357,-5.48161383225677,"PIGK",0.611547025340952,0.482771740677157,""
"PGPEP1",-0.130717069820017,10.3600241810527,-0.535991782213491,0.59695925075138,0.876798820556582,-5.79495094216759,"PGPEP1",0.741318946231965,0.224055313389593,""
"SLC27A1",-0.130761638927842,12.7021104990544,-1.58817894866778,0.124965684054065,0.536326375083323,-4.79031700338647,"SLC27A1",0.453455107251164,0.903209229168011,""
"C12orf57",-0.132315518593382,9.47384059574673,-0.620503827363041,0.540847591457869,0.852498596626505,-5.74447654214897,"C12orf57",0.720773507558119,0.266925099984046,""
"BCAP29",-0.133478104567622,9.05884703348977,-0.649738446457117,0.522382292769648,0.845851945950252,-5.70828149317003,"BCAP29",0.715153874000488,0.282011552794941,""
"TIGAR",-0.133641982710953,10.0223003898407,-0.555074950182276,0.584272218368188,0.873816778180974,-5.76259637210894,"TIGAR",0.738797678570928,0.233384763520709,""
"DFFA",-0.133677838503203,10.7316445882141,-0.9010443929768,0.377025361602822,0.759606886429264,-5.52483184576271,"DFFA",0.642235098173181,0.423629434850724,""
"FNTB",-0.134175831940375,10.3445925830944,-0.842936129077291,0.407352964033814,0.778635392637204,-5.61328516692309,"FNTB",0.658323386432379,0.390029119272704,""
"VDAC3",-0.134507847404194,17.683451143595,-1.26818568976688,0.216555133871563,0.635715531027872,-5.19791381158704,"VDAC3",0.537486999886382,0.664431515994809,""
"TIMM23",-0.134559061541202,9.55060257379239,-0.547946334150079,0.591434642439809,0.875551093707651,-5.5762440681805,"TIMM23",0.740264013753557,0.22809324088562,""
"PHYH",-0.135306954697809,10.2295107045559,-0.564820686926248,0.582862788979337,0.873816778180974,-5.25773924725402,"PHYH",0.738797678570928,0.234433669945246,""
"APOH",-0.135437881796523,14.0724920974858,-0.800080569633526,0.431292151681658,0.784655874617897,-5.64652433362082,"APOH",0.663413604682105,0.36522844473455,""
"SMYD2",-0.13571443292995,13.1679822584151,-1.21091904571019,0.237385685309559,0.652036201717361,-5.26258221564617,"SMYD2",0.551285857861181,0.624545473159463,""
"OSTF1",-0.135853730242259,8.97338615291063,-0.522332894051349,0.609220480224202,0.879783106886987,-5.5629394863606,"OSTF1",0.743842111119785,0.215225505370705,""
"CAPZB",-0.136003788054813,16.0438984084791,-1.53951972376697,0.136391423432889,0.553336627483342,-4.85715832460663,"CAPZB",0.467836995192478,0.865212938131722,""
"RPIA",-0.136016238138382,12.6599013109605,-1.16806142918448,0.253933216955327,0.663368758761368,-5.30925659797947,"RPIA",0.560867347992114,0.595280485432557,""
"FAU",-0.136201735245672,11.4608067386205,-0.673687336942943,0.509212443209571,0.838273465857041,-5.57232430741819,"FAU",0.708746394034704,0.293100992388322,""
"AKAP2",-0.1362544835973,9.736264192528,-0.728799701609562,0.47622102194847,0.817721623214149,-5.50624534233784,"AKAP2",0.691370149936334,0.322191437333683,""
"DCTPP1",-0.136303647275939,13.4733155803835,-1.30663364527442,0.203372835055854,0.617801107415252,-5.15304074037608,"DCTPP1",0.522340650092675,0.691707057181332,""
"FLII",-0.136535424255023,12.9022497708907,-1.40087856652751,0.173689047479601,0.585970922813083,-5.03820307440404,"FLII",0.49542875382362,0.76022756652205,""
"STAT5B",-0.13673129920531,11.2612013361732,-1.22933105060406,0.230530157794109,0.651072106742241,-5.24207579014241,"STAT5B",0.550470731455594,0.637272252457255,""
"OSBPL11",-0.137522315417852,11.4515806006365,-0.312870320884729,0.75784154909628,0.950379135544513,-5.75334686546832,"OSBPL11",0.803529889371286,0.120421587964981,""
"FN3KRP",-0.137724979173511,12.4639104789955,-0.664820342354287,0.512325239923344,0.841064156334522,-5.74059223779655,"FN3KRP",0.71110587682086,0.290454247892126,""
"FUS",-0.137845577265287,12.3329563489685,-0.884050608610321,0.38519331604135,0.760015039137382,-5.57986610218099,"FUS",0.642580184558324,0.414321257454938,""
"CAPZA2",-0.13859053538819,16.9855492140535,-1.55824084299069,0.131897907095655,0.546993252259135,-4.83164059182342,"CAPZA2",0.462473776029184,0.879762095613751,""
"MYOM2",-0.138815948946039,18.7951215203323,-1.85695962739046,0.0752815005257951,0.461823051302474,-4.39208135371548,"MYOM2",0.390463775395883,1.1233117330508,""
"STX4",-0.139020762980893,10.9867709302849,-1.0801562267882,0.290507074080273,0.696805317379376,-5.40028689429238,"STX4",0.589137407005869,0.536843287725901,""
"FGA",-0.139183972304016,14.6892812540093,-0.677575039425174,0.504338957238763,0.836084848710198,-5.73243249469321,"FGA",0.706895954322692,0.297277483833005,""
"SCARB2",-0.139739870085403,11.9846199110142,-1.22639750333394,0.231612323516979,0.651282057607489,-5.24536122873207,"SCARB2",0.550648241450517,0.635238336598165,""
"SSPN",-0.140061690899032,10.909200850942,-1.05089618559521,0.30669773843494,0.708590303600989,-5.29857969147108,"SSPN",0.599101418546873,0.513289426459143,""
"TMPO",-0.140347106126107,10.6400021102859,-0.806768591486648,0.428171938260973,0.784655874617897,-5.59213205384159,"TMPO",0.663413604682105,0.368381799110156,""
"PIN4",-0.141198387257756,11.2458532375724,-1.09572286455992,0.284210016636634,0.694280613181982,-5.36259192929069,"PIN4",0.587002811233978,0.546360619957605,""
"EIF4H",-0.141554546789024,12.966466159225,-1.47968586699453,0.151599333501995,0.567131006573305,-4.93702359878458,"EIF4H",0.479499915273055,0.81930270805121,""
"RYR1",-0.141831936465097,15.068058897914,-1.61758106546904,0.118453773066232,0.534065797303782,-4.74912104469401,"RYR1",0.451543826010684,0.926451101292025,""
"ART3",-0.141887000600448,12.5928564183649,-1.21022567425096,0.23764681274438,0.652036201717361,-5.26334914392125,"ART3",0.551285857861181,0.624068005971834,""
"FKBP4",-0.142252865514417,11.9731379915049,-1.05435804693486,0.301923820830409,0.708590303600989,-5.42578358844154,"FKBP4",0.599101418546873,0.520102621170058,""
"UBA1",-0.143414949020265,15.2652360224491,-1.59059517414204,0.124419592216825,0.536326375083323,-4.78695435397843,"UBA1",0.453455107251164,0.905111226384067,""
"PDK4",-0.143819066727561,11.4843333776728,-0.44979132471567,0.657126598383377,0.907351262815726,-5.81323843196467,"PDK4",0.767150532417248,0.182350953601845,""
"AGK",-0.143978631855965,11.8702836575058,-1.18340211953778,0.247914635553918,0.65978384467138,-5.29272066765706,"AGK",0.557836362236642,0.605697834052323,""
"VWA1",-0.14495606015916,9.9418156640798,-0.718665204238165,0.479679903278366,0.820395629187075,-5.66358044504319,"VWA1",0.693630977897769,0.31904847640202,""
"SLK",-0.145312206645979,11.7456722562076,-0.521896484373609,0.607561106227209,0.879783106886987,-5.68782054361553,"SLK",0.743842111119785,0.216410035815756,""
"SLC2A4",-0.145425721510767,12.2163334220322,-1.06825349168921,0.295735675721007,0.702861858439579,-5.41211988711611,"SLC2A4",0.594258112612784,0.529096281716028,""
"EGFLAM",-0.146084494761435,10.4782111539499,-0.630471515931799,0.534176307398354,0.848710668810555,-5.76182339087805,"EGFLAM",0.717570877044611,0.272315378378186,""
"SETD3",-0.146216065058061,10.2832034163966,-0.735631456660043,0.469488267220981,0.813536445230337,-5.65191883871308,"SETD3",0.687831650955709,0.328375256528551,""
"LEMD2",-0.146853980094315,11.9383958214024,-0.428445292481927,0.676108190838848,0.91603921551168,-5.47693909764912,"LEMD2",0.774496053175806,0.169983802690466,""
"RTCA",-0.147520456622496,14.2005772271952,-1.39924247460653,0.174173410444423,0.58671008750352,-5.04025445459418,"RTCA",0.49605370538213,0.759018144269013,""
"RAD23A",-0.147874466548261,13.4640832494138,-1.62289670698142,0.117307140858246,0.534065797303782,-4.74160900051235,"RAD23A",0.451543826010684,0.930675550195302,""
"SPR",-0.148229578077922,13.3056129162409,-1.40923854058695,0.171230744637858,0.582468563809586,-5.02768960145505,"SPR",0.492467567032617,0.766418254683422,""
"SYAP1",-0.14858013521769,10.6725515968948,-0.973644280242413,0.340494872397587,0.728412985967819,-5.45363515261979,"SYAP1",0.615861169654135,0.467889423857513,""
"DNAH7",-0.14868636283302,12.6096212274664,-0.278891993497737,0.782649432690036,0.954801226565436,-5.91557959891983,"DNAH7",0.807268694418596,0.106432725223333,""
"BST2",-0.148957532953197,12.333836314248,-0.798671575540104,0.432093673901392,0.784655874617897,-5.6475893478601,"BST2",0.663413604682105,0.364422091961922,""
"DYSF",-0.148970963941155,15.3067420282088,-1.65687322138432,0.11019476548835,0.527333961224919,-4.69313367129343,"DYSF",0.445852169599671,0.957839035007994,""
"CFH",-0.150801782001883,13.0660291361711,-1.23883751322681,0.227049505607535,0.646685645435748,-5.23138174731578,"CFH",0.546762050744376,0.643879439423235,""
"METTL26",-0.150891395429289,11.7520129970247,-0.967934037179001,0.342460059811986,0.7298457170686,-5.50709372064848,"METTL26",0.617072520177155,0.465390071805769,""
"RPN1",-0.150891994111031,13.6162829784972,-1.70858319702703,0.100066612671803,0.509007951522966,-4.61785086223394,"RPN1",0.430357830553612,0.99971080115296,""
"KBTBD12",-0.150897914762087,9.47593699098565,-0.818728004551103,0.426015353015886,0.782035997271198,-5.36103799232383,"KBTBD12",0.661198541581679,0.370574749230778,""
"IRGQ",-0.15155986057133,10.6146211186972,-0.750003388963174,0.460955824788685,0.806085463658707,-5.63369188497646,"IRGQ",0.681531968887742,0.336340692766038,""
"C9",-0.152041353567208,11.9626287478065,-0.539280094691971,0.594724064536565,0.876759257213924,-5.79325727568374,"C9",0.741285496078063,0.225684488129286,""
"DCUN1D2",-0.153185630837223,12.4056907423691,-1.26223233978786,0.218653455591262,0.638024358791181,-5.20475805783218,"DCUN1D2",0.539439075692599,0.660243654690687,""
"RPRD1B",-0.15320832648146,11.860340212507,-1.13133374888344,0.269232723651562,0.675080480003173,-5.32968311413775,"RPRD1B",0.570769415200675,0.569872155303961,""
"PRKCQ",-0.153599372649385,10.7108001679561,-1.24923666816958,0.223776080021904,0.642461125742888,-5.19828041564451,"PRKCQ",0.543190288997412,0.650186338136939,""
"UBE2H",-0.154193845066137,10.8254996453519,-1.22390596448737,0.233016000313609,0.652036201717361,-5.22669354610393,"UBE2H",0.551285857861181,0.632614256616349,""
"MAGT1",-0.154519187823013,12.3007630632509,-0.822109713740828,0.420383485417762,0.782035997271198,-5.54363655567871,"MAGT1",0.661198541581679,0.376354353378365,""
"LAMA5",-0.15493017330094,10.8427046446517,-0.854331689250132,0.401131514673623,0.773541801835709,-5.60417204199057,"LAMA5",0.654016839392199,0.396713216574331,""
"NONO",-0.155584584385311,11.6503447088892,-0.943047394603099,0.354789948287887,0.741880510950127,-5.52932155727575,"NONO",0.62724773997582,0.450028692856497,""
"RUSF1",-0.155652563139927,11.3457705075673,-0.52706024165014,0.612992440910665,0.881272557763905,-5.20461853937382,"RUSF1",0.745101417278341,0.212544880931875,""
"UBFD1",-0.156050837124786,9.18632885815031,-0.720053171153487,0.480396121856732,0.820474280696417,-5.56747362938392,"UBFD1",0.693697476452122,0.318400507228789,""
"EMC8",-0.156307084575488,10.9734911577937,-0.844277999356714,0.412043404375673,0.780327581769497,-5.30003478856089,"EMC8",0.659754104443131,0.385057033267903,""
"NEK7",-0.156366920893237,12.3078966939089,-1.27596935018435,0.213834950235073,0.632152642817567,-5.18892315418267,"NEK7",0.534474636649023,0.669921310101397,""
"LRPAP1",-0.156414935800713,11.713007648949,-1.34677391043347,0.190791371173214,0.607525706364158,-5.08420460971174,"LRPAP1",0.513652967923494,0.71944127080907,""
"ATP6V1D",-0.156511423424341,9.67459083868282,-0.437145228523275,0.667292636518273,0.912153918801806,-5.66722188998145,"ATP6V1D",0.771211098867891,0.175683667502182,""
"DDX6",-0.156775516988487,12.1700678892021,-1.43226436618206,0.164602715314969,0.575595298627602,-4.99846115696802,"DDX6",0.486656334646781,0.783563004867486,""
"NID1",-0.156851663555345,14.597456111291,-1.56770643929382,0.129672693588093,0.542928949757799,-4.8186436815233,"NID1",0.459037475276013,0.887151467806112,""
"CMBL",-0.157679272805144,17.6694533866759,-1.37987070436139,0.179990103590367,0.595335930193485,-5.06438944858063,"CMBL",0.503346713154686,0.744751373086968,""
"U2AF2",-0.158516386357283,10.3079205713947,-0.87962089312841,0.388281799826679,0.76300961485448,-5.53463347452003,"U2AF2",0.645112048952943,0.410852965931136,""
"DRG1",-0.158953987631563,9.90326981203842,-0.989675571767788,0.331929140449591,0.726347989505164,-5.48723848333033,"DRG1",0.614115249192362,0.478954618694382,""
"MYLK2",-0.159050990318457,15.5968184970267,-1.15699153116311,0.258342849621221,0.666998490343998,-5.32106993536377,"MYLK2",0.563936226198671,0.587803554296457,""
"TM9SF2",-0.159408531426175,12.5593983700698,-0.845652593691429,0.406203603646256,0.777473697378935,-5.59193026880317,"TM9SF2",0.657341192245397,0.391256228058879,""
"PKIA",-0.159689532065396,12.2651612245934,-1.41285261479594,0.170176600047784,0.581639308020462,-5.02312827380881,"PKIA",0.491766444935578,0.769100157346507,""
"ALPK3",-0.160056965890162,11.9181246510698,-1.48083622779841,0.151294508638271,0.567131006573305,-4.93551264832385,"ALPK3",0.479499915273055,0.820176834775074,""
"PRKAR2A",-0.160444941715165,14.7808768903592,-1.50701664549465,0.144490264644222,0.56141988017624,-4.90086465072791,"PRKAR2A",0.47467125206867,0.840161413486856,""
"FBN1",-0.160497180573147,12.1407363900315,-0.296313057683251,0.76957201776435,0.951014033672587,-5.89093975265225,"FBN1",0.804066685270452,0.113750731967475,""
"RPL13",-0.161912840108075,11.7473006713619,-1.16596251215325,0.255734264730299,0.664154094326172,-5.26488270892374,"RPL13",0.561531336263642,0.59221107883198,""
"PPP1R2",-0.16240577405949,13.2459817189864,-1.52587903088207,0.139743892250766,0.554150158359045,-4.87559335615362,"PPP1R2",0.468524822134491,0.854667164620471,""
"ABRACL",-0.162889465339536,9.81208771532754,-0.689047032738574,0.500255566165459,0.833085013184718,-5.48414206671273,"ABRACL",0.704359642846809,0.300808070424893,""
"TMOD1",-0.162941844195737,13.1930216286328,-1.50100742358166,0.146029642338301,0.561998797792576,-4.90886156006379,"TMOD1",0.475160717368162,0.83555897848077,""
"SLC37A4",-0.163747733775992,10.6052890867578,-0.894206440451586,0.37984220302438,0.759813576768736,-5.5713819347488,"SLC37A4",0.64240985144732,0.420396783879259,""
"S100A16",-0.163889517354731,12.1717385477275,-0.547043901517618,0.589257321019317,0.874507814341157,-5.8088441209847,"S100A16",0.739381938250646,0.229695013031827,""
"FLOT1",-0.163909108327113,11.6444889180168,-1.34972682548416,0.189344650931688,0.607439647540147,-5.10137734419625,"FLOT1",0.51358020660672,0.722746959376873,""
"F2",-0.164125657596895,13.0247571962873,-1.08580866378459,0.288047338777948,0.696406890267905,-5.39462608606967,"F2",0.588800543452336,0.540536132794306,""
"SPPL2A",-0.164756974052805,12.9138909298714,-1.2493891743427,0.223232911733735,0.642437988092876,-5.21942759848676,"SPPL2A",0.543170726495818,0.651241775995004,""
"SWAP70",-0.165189421819203,15.4999220093973,-0.744244442909156,0.463750680066565,0.807905462664506,-5.68736459429458,"SWAP70",0.683070748039231,0.333715440505869,""
"LAMC1",-0.166772543005946,13.5106304638872,-1.40587460747534,0.172216585866362,0.582941479281683,-5.03192639976075,"LAMC1",0.492867409266904,0.763925024755962,""
"ANXA4",-0.168021968098177,12.4796981963914,-1.68124012437628,0.105319623692089,0.515115229335582,-4.65788337157098,"ANXA4",0.435521433248151,0.977490701301075,""
"SERPINB9",-0.168262259270351,11.2326772259552,-1.02059459381323,0.317339223645704,0.71625857789844,-5.45830550891766,"SERPINB9",0.605584818031826,0.498476245075469,""
"MSRB3",-0.168581868011692,11.6700555366451,-1.49746352929129,0.146943707520739,0.563251514408602,-4.91356538356715,"MSRB3",0.476219868612378,0.832849006716457,""
"MYH4",-0.168656229333861,15.9474252246656,-0.362839488526603,0.719811287478291,0.936327761872136,-5.88952394972374,"MYH4",0.791649684608572,0.142781347387052,""
"SRPRA",-0.168849917948108,10.0708759872162,-1.13832957753096,0.267394699586478,0.672380560236474,-5.28176592554662,"SRPRA",0.568486677553868,0.57284720576199,""
"RBFOX1",-0.169191875957861,10.2899763410427,-1.22256607381351,0.23460637972785,0.652036201717361,-5.18770978332293,"RBFOX1",0.551285857861181,0.629660182148329,""
"NUP43",-0.169222847534328,11.4535217408396,-1.14736017004127,0.263725624738346,0.668865961681793,-5.25552128796369,"NUP43",0.565515142424144,0.578847670199776,""
"LSM3",-0.169893917049601,10.5394342147674,-0.637677482841124,0.531846747479876,0.848710668810555,-5.59438232066767,"LSM3",0.717570877044611,0.274213492351797,""
"CBX1",-0.170029021475854,11.3113305858948,-1.08618809194606,0.288795816738812,0.696509835113181,-5.35461601858517,"CBX1",0.588887581621676,0.539409101893286,""
"CACNA1S",-0.170585736673038,13.8051869616976,-1.69641822985445,0.102375681472316,0.511319729598015,-4.63572327571083,"CACNA1S",0.43231240079976,0.989803194304236,""
"HP1BP3",-0.171262691383946,10.9199328507402,-1.20554437702763,0.239415452223447,0.652036201717361,-5.26851693765065,"HP1BP3",0.551285857861181,0.620847823023976,""
"MAOB",-0.171464301536103,14.1340126910765,-1.95160246713095,0.0624130522433333,0.438112158901247,-4.2408536979876,"MAOB",0.370416606812856,1.20472457819425,""
"EIF6",-0.171853531941602,14.1336674162021,-1.00711112900348,0.323646011219586,0.719063248531422,-5.47102310531908,"EIF6",0.607956120808956,0.489929741082319,""
"SRA1",-0.172150187991578,10.8325170472211,-1.3670823725244,0.185595319590404,0.602764889755713,-5.02080039973554,"SRA1",0.5096277759768,0.73143298017368,""
"ALDH2",-0.172379970298975,15.4322141405905,-1.64618933592309,0.112391257897438,0.527333961224919,-4.70846207059681,"ALDH2",0.445852169599671,0.949267468077954,""
"UBXN6",-0.173038626697251,9.70153468435924,-0.42227219287954,0.683069365533492,0.918974764970316,-5.34190667942908,"UBXN6",0.776978011842113,0.165535191576475,""
"VPS36",-0.173208582610631,11.8567246995674,-0.71752321650006,0.480064318019605,0.820395629187075,-5.68649401540735,"VPS36",0.693630977897769,0.318700572854168,""
"NCK1",-0.174347144728369,10.9476282598584,-1.01151054098486,0.323450092261388,0.719063248531422,-5.35418673296014,"NCK1",0.607956120808956,0.490192720644668,""
"THOP1",-0.174758105442994,11.4023329586716,-1.90437003575505,0.068572349846933,0.449477663037773,-4.31700626125387,"THOP1",0.380025953167287,1.16385096781521,""
"SNRPD3",-0.175382354675572,11.4133014845732,-1.58435613169336,0.125833730428435,0.536326375083323,-4.7956288295671,"SNRPD3",0.453455107251164,0.90020292824368,""
"HECTD1",-0.175790289342636,11.2665690932074,-1.54068312061889,0.137850539251628,0.553336627483342,-4.80015687122345,"HECTD1",0.467836995192478,0.860591530656877,""
"NEB",-0.176534095108842,17.9976036677193,-1.21119466538946,0.237281945242047,0.652036201717361,-5.26227724926928,"NEB",0.551285857861181,0.624735305946408,""
"CD34",-0.176559476377298,10.5921387127761,-0.965493387149619,0.345442723309372,0.731699747953158,-5.41535540108886,"CD34",0.618640072721021,0.461623951221138,""
"NCK2",-0.177499638965086,11.2368764085952,-0.782187832199862,0.444442628158371,0.793624134619025,-5.49899154617125,"NCK2",0.670996120645517,0.352184292921782,""
"DYNLT1",-0.177731031903296,11.3716664800691,-1.00281630883132,0.326078798097355,0.720969760954939,-5.45265062838599,"DYNLT1",0.609568045628703,0.486677438448473,""
"BORCS7",-0.178057053943196,11.0776169209602,-1.67803457343079,0.109974242882731,0.527333961224919,-4.56036115411307,"BORCS7",0.445852169599671,0.958709019239565,""
"TBCEL",-0.178983898025384,9.00886405226907,-0.625544324099885,0.540068858629839,0.852498596626505,-5.52247042416561,"TBCEL",0.720773507558119,0.267550864220634,""
"MPO",-0.179036275973088,16.0688970414448,-1.35489531983128,0.187714205400891,0.604856884069537,-5.09508474078002,"MPO",0.511396522676598,0.726502860603053,""
"DDX23",-0.179381540500916,12.8966078079568,-0.591181913621116,0.559995175440678,0.860414971781632,-5.76142594743243,"DDX23",0.727466672227582,0.251815714580437,""
"PPP6R2",-0.179716722980208,9.5230575018183,-0.899899920989665,0.378051789861442,0.759813576768736,-5.50516502878845,"PPP6R2",0.64240985144732,0.422448701458111,""
"METAP1",-0.179838774716266,11.060669846394,-1.29941492847366,0.206299936094792,0.621497498980219,-5.14051176316037,"METAP1",0.525465888215216,0.685500906557548,""
"ATG4B",-0.180051192068856,11.0643312985585,-1.24900684261185,0.224389432745872,0.642714578881076,-5.18165237989475,"ATG4B",0.543404579446846,0.648997599324154,""
"PCYOX1",-0.180324471457803,14.222714886866,-1.6587324841774,0.109816221288513,0.527333961224919,-4.69045818709108,"PCYOX1",0.445852169599671,0.959333504186842,""
"LAMB1",-0.180748856813297,13.654563116799,-1.8448554689688,0.0770829915347832,0.470862273822048,-4.41102555980643,"LAMB1",0.39810628899862,1.11304143903685,""
"MMRN2",-0.181242629329644,11.8931078278661,-1.6242167519349,0.118135277797931,0.534065797303782,-4.69984974063334,"MMRN2",0.451543826010684,0.927620393113326,""
"SLC25A42",-0.182058964103861,11.1532677130374,-1.49016923957659,0.148839716144915,0.567131006573305,-4.92321834773519,"SLC25A42",0.479499915273055,0.827281166901072,""
"PPP6R1",-0.182599610347744,10.0262536386498,-0.828861474578827,0.421388914725844,0.782035997271198,-5.33117424684983,"PPP6R1",0.661198541581679,0.375316893352311,""
"TMEM182",-0.18476296104881,11.6068390259112,-0.870675538282077,0.397926911334939,0.77221790820524,-5.3414042598214,"TMEM182",0.652897509155828,0.400196689028903,""
"NDUFAF2",-0.184967294695367,15.7679718439253,-1.75918716121015,0.0909291368201477,0.493492536504053,-4.54245231392633,"NDUFAF2",0.417239802971331,1.04129693160078,""
"HARS2",-0.185502001704275,12.383397513415,-1.34615907166684,0.190476578676667,0.607525706364158,-5.10570908972214,"HARS2",0.513652967923494,0.720158418291904,""
"PAK2",-0.186233178474735,12.1809827155144,-1.65561344396733,0.110451876385422,0.527333961224919,-4.69494515504744,"PAK2",0.445852169599671,0.956826901821403,""
"CBFB",-0.186300425561491,10.1689347117572,-0.608147651800927,0.55040507763437,0.856020031358762,-5.62471546363244,"CBFB",0.72375082256327,0.259317568271062,""
"DDX3X",-0.186302412068917,13.3223987847104,-1.80685527326889,0.082982815331191,0.478473158819882,-4.46990117613174,"DDX3X",0.404541166776974,1.08101183508839,""
"NUP54",-0.188543939420587,10.1440494962348,-1.33959124921099,0.19308301341204,0.611855774289147,-5.09285467223442,"NUP54",0.517313968960458,0.714255931844187,""
"MGST3",-0.188981457431238,14.3172816388233,-1.70803083248538,0.100170495510441,0.509007951522966,-4.61866452200347,"MGST3",0.430357830553612,0.999260177908926,""
"AP2S1",-0.189198212247568,11.8726679957747,-0.752846642379799,0.460444413585707,0.806058482563759,-5.54976203188986,"AP2S1",0.681509156816825,0.33682279180833,""
"GATM",-0.189425006768468,11.0818385290577,-1.76427717664585,0.0924383176141037,0.49698578627358,-4.47249665518881,"GATM",0.420193288055204,1.03414796732058,""
"HEBP1",-0.190920980378266,11.3196108110135,-2.0015683046212,0.0564311495411801,0.422144914848052,-4.15885262165529,"HEBP1",0.356916565231791,1.24848110276369,""
"DENND10",-0.191858664683094,10.2830130276938,-1.18581874084794,0.255853162077585,0.664154094326172,-5.02955543704161,"DENND10",0.561531336263642,0.592009211232961,""
"LAMA2",-0.191929629280541,14.2647494137483,-1.69027595330289,0.103558561860365,0.514388635123023,-4.64470968062277,"LAMA2",0.434907109821426,0.984813989334545,""
"RAB1A",-0.19200134309389,10.43246160981,-1.07036910498649,0.296214560638018,0.703417703549835,-5.34599300218684,"RAB1A",0.594728070488801,0.528393597235063,""
"SYPL2",-0.192100905388825,12.6278569177013,-0.832127199249331,0.413310269958667,0.780748851792012,-5.62182278873321,"SYPL2",0.66011028130132,0.383723803208578,""
"TPRKB",-0.192580212110956,10.7090334250289,-1.0222168823021,0.321258521229665,0.717891284398334,-5.27282388972277,"TPRKB",0.606965244457627,0.493145344053047,""
"CHCHD2",-0.192695813281642,11.1093419213407,-1.7439475287516,0.0941269003921694,0.500441353751701,-4.54788908568185,"CHCHD2",0.423114913382993,1.02628624243532,""
"ATG3",-0.19287357896329,11.1715204783577,-1.14324311115689,0.267362795472107,0.672380560236474,-5.1963256997563,"ATG3",0.568486677553868,0.572899026562879,""
"AP4S1",-0.193608561609633,10.7632212408278,-1.50584356407457,0.144789730828003,0.56141988017624,-4.90242781365425,"AP4S1",0.47467125206867,0.839262239263768,""
"MAP1LC3B2",-0.193660384911107,12.4835058350315,-1.44707201213544,0.160449742897854,0.570057417017177,-4.97945558873969,"MAP1LC3B2",0.481974147053062,0.794660974474571,""
"SERPINA3",-0.194611919204061,14.9411666408931,-1.31522922642322,0.20051228646663,0.617355287092941,-5.14285060185268,"SERPINA3",0.52196371636079,0.697859010668861,""
"GSTM3",-0.194738601045476,16.4645469833275,-1.0017748250889,0.326165822651569,0.720969760954939,-5.47601353357456,"GSTM3",0.609568045628703,0.486561548542425,""
"PAICS",-0.19572534313388,12.524728522937,-1.99873324853882,0.0567565089276726,0.422144914848052,-4.16354437680803,"PAICS",0.356916565231791,1.24598432568947,""
"GPX3",-0.196374435586241,12.1190638759616,-1.21312553919206,0.236556140019579,0.652036201717361,-5.26013907252507,"GPX3",0.551285857861181,0.626065774979547,""
"MYLK3",-0.197111811940809,10.5333494753997,-1.17715304470612,0.25082131062542,0.661532429834841,-5.27779736496483,"MYLK3",0.559314762161896,0.600635567148167,""
"PICALM",-0.198003240907914,10.3792268725892,-0.863342969201438,0.397841909050023,0.77221790820524,-5.51128841469095,"PICALM",0.652897509155828,0.400289469802622,""
"GALT",-0.198395739728726,12.5062116305115,-1.59952670017505,0.122418101412925,0.535671919823742,-4.77448889837683,"GALT",0.452901776119764,0.912154360274539,""
"CD99L2",-0.198999178111659,10.2428045417018,-1.11473367921252,0.276141238464921,0.687208454428912,-5.34679875967987,"CD99L2",0.581023417613121,0.55886873171498,""
"ADIPOQ",-0.199045020324963,13.988935762821,-1.58835324603012,0.124926224782615,0.536326375083323,-4.79007457163723,"ADIPOQ",0.453455107251164,0.903346384020868,""
"NUCB2",-0.200028722102031,10.3179732955048,-0.823496965227435,0.419184130753919,0.782035997271198,-5.56658999591058,"NUCB2",0.661198541581679,0.377595166998706,""
"FKBP2",-0.200586994018153,13.1275246897008,-1.65731736005958,0.110104239930284,0.527333961224919,-4.69249476872144,"FKBP2",0.445852169599671,0.958195956751487,""
"PDLIM7",-0.201093358381101,15.8098424695573,-1.20916960023465,0.238044949671175,0.652036201717361,-5.26451650931066,"PDLIM7",0.551285857861181,0.623341028023569,""
"CASTOR2",-0.201235788567969,10.7911168332743,-0.968120915244499,0.348643074440969,0.734375837652254,-5.24239666852253,"CASTOR2",0.620902662438577,0.457618957339729,""
"ERLIN2",-0.20196456878873,11.5797065204913,-1.4442238298431,0.161241954757561,0.570612291424102,-4.98312388025129,"ERLIN2",0.482443284215417,0.792521945477581,""
"CCDC134",-0.202936919159093,9.87559517081111,-1.50238974066332,0.152841569636215,0.567131006573305,-4.7221012094567,"CCDC134",0.479499915273055,0.815758510889108,""
"CNPY2",-0.203637316656378,11.4796822004331,-1.64727179673376,0.112167059768876,0.527333961224919,-4.70691259413254,"CNPY2",0.445852169599671,0.950134664122629,""
"BNIP3",-0.203758373079454,11.1366736366008,-1.17077288633202,0.253834044253037,0.663368758761368,-5.26740380469473,"BNIP3",0.560867347992114,0.595450130705885,""
"SUMO2",-0.204476371412078,11.9765411038694,-1.58939442474389,0.126435671980857,0.537335951509996,-4.73822333148436,"SUMO2",0.454308687474147,0.898130378911245,""
"LAMP2",-0.205652558914215,13.0216373838959,-1.04410087307079,0.306550033035687,0.708590303600989,-5.43576546709966,"LAMP2",0.599101418546873,0.513498632734542,""
"SLC16A1",-0.205912672252829,11.7664688349304,-1.75399377713928,0.0918329245961715,0.495587079916557,-4.55026780598391,"SLC16A1",0.419010704892036,1.0370015845194,""
"ACTL6A",-0.205925563300458,11.0203623072246,-1.57131327392264,0.132032853993584,0.546993252259135,-4.70734515959169,"ACTL6A",0.462473776029184,0.879317989000443,""
"H2BC20P",-0.206554891178333,12.2676754659671,-1.25318579940497,0.222892971543897,0.642437988092876,-5.17693687482911,"H2BC20P",0.543170726495818,0.651903625857255,""
"TCEA3",-0.206711455569291,11.8805025107514,-0.783815234020546,0.441620443156402,0.791443378465687,-5.59206298991653,"TCEA3",0.669152327273902,0.354950830784926,""
"TCERG1",-0.207232288357268,11.3666568282148,-0.816746354838701,0.424930098764664,0.782035997271198,-5.46682552615248,"TCERG1",0.661198541581679,0.371682505755755,""
"RPL18A",-0.207892702286522,11.8802367923237,-1.20334279753356,0.240250629530929,0.652036201717361,-5.27094121176173,"RPL18A",0.551285857861181,0.61933546567211,""
"PREPL",-0.208344198716347,11.8098702904623,-1.52208606753335,0.141796859564747,0.556601459539374,-4.83890642152531,"PREPL",0.470597356865714,0.848333387550725,""
"RER1",-0.208470056692784,11.1552595611379,-1.21813191504086,0.234682033244011,0.652036201717361,-5.25458125139219,"RER1",0.551285857861181,0.62952015778812,""
"RAB18",-0.209788563143453,10.7790835729243,-1.24483598060262,0.22536101714357,0.64324180246489,-5.20325291694444,"RAB18",0.543850338294165,0.647121205874772,""
"PMVK",-0.21048299129032,11.9912155681173,-2.03714333357675,0.053459836378526,0.417799896532132,-4.07023480975009,"PMVK",0.353242923885796,1.27197237479781,""
"UBR3",-0.210893017561661,10.7998302720289,-1.62134080730051,0.117641801478321,0.534065797303782,-4.74380981701483,"UBR3",0.451543826010684,0.929438333654057,""
"KCMF1",-0.212774244916371,9.95108081376986,-0.789627786754437,0.445452814043629,0.793624134619025,-5.22978612330999,"KCMF1",0.670996120645517,0.351198293166518,""
"CLEC3B",-0.213146137283976,11.8546372355894,-1.24338202156645,0.225399716990032,0.64324180246489,-5.22624406190439,"CLEC3B",0.543850338294165,0.647046633586028,""
"GGCT",-0.213349532517762,14.074320637184,-1.65394153881514,0.110793875823147,0.527333961224919,-4.69734758166611,"GGCT",0.445852169599671,0.955484244749467,""
"ERGIC1",-0.213797815524559,10.0223717513275,-1.4985201761167,0.147776598809963,0.56529254798566,-4.86997192185595,"ERGIC1",0.477945528849475,0.830394333277751,""
"TMEM14C",-0.214529552715668,11.8544968701344,-1.37695809217489,0.180877770017751,0.595612223275493,-5.06799361191567,"TMEM14C",0.503580314400039,0.742614804902832,""
"CKAP4",-0.214805858023729,11.2866811750303,-0.935058351797588,0.359188416126693,0.747268074420099,-5.51373349213702,"CKAP4",0.631802836060212,0.444677677832621,""
"UACA",-0.217341659286481,11.0374855404368,-1.57849955190329,0.130373675882442,0.544044801538505,-4.71142491744288,"UACA",0.459980909558575,0.884810089379365,""
"IGHV4-61",-0.217394619498082,8.30956881024764,-0.809242329750588,0.429755014494679,0.784655874617897,-5.44934002853393,"IGHV4-61",0.663413604682105,0.366779047148965,""
"ATXN10",-0.217777798423974,10.7872838126056,-1.18668067471255,0.246642218860579,0.658815692636887,-5.28916188735614,"ATXN10",0.557017805654247,0.607932581232525,""
"EPB42",-0.218630635243519,9.99749123528965,-0.454252772952989,0.653779770727361,0.905960441002099,-5.82998972433274,"EPB42",0.765974615505521,0.184568521500218,""
"TBC1D4",-0.219357588181387,11.4043674628858,-2.89776387051503,0.00776454840707986,0.229814623471405,-2.47849034377562,"TBC1D4",0.194304474990479,2.10988379814747,""
"CTSH",-0.219430107816967,11.4068730481212,-0.662507748764558,0.51403747589444,0.842352507587293,-5.72255910737645,"CTSH",0.712195156562904,0.289005217617837,""
"SGTA",-0.222524013225625,12.2537170752035,-2.35436729752551,0.026819925256474,0.324254450413583,-3.54090809606227,"SGTA",0.274151791558107,1.57154243680307,""
"SERPIND1",-0.223580287549682,11.3421242522596,-1.2550286444563,0.222235485231287,0.641889414586543,-5.17485311421493,"SERPIND1",0.542706916641024,0.653186594316393,""
"STT3B",-0.22416528188073,11.6583586517346,-1.1444897575614,0.263390323201557,0.668865961681793,-5.3342908465561,"STT3B",0.565515142424144,0.579400184793238,""
"EIF2B3",-0.22436796657745,11.3111471687598,-1.51096772951357,0.143485330079571,0.560681780526903,-4.89559238866309,"EIF2B3",0.47404720098485,0.843192498868454,""
"PHYHD1",-0.224565874595667,11.303088791506,-1.4257332922099,0.166984228101664,0.578505147601244,-4.98655417589711,"PHYHD1",0.489116563976772,0.777324546648139,""
"AMBP",-0.225340265115417,11.8637798682363,-1.1593052892127,0.257416547382999,0.666769564613442,-5.31860905812029,"AMBP",0.563742673267984,0.589363538992859,""
"DENR",-0.22558370526227,11.1742838326277,-1.62490514391387,0.118619697328121,0.534065797303782,-4.68563427494575,"DENR",0.451543826010684,0.925843188453879,""
"THTPA",-0.226069560810245,10.6250207954384,-0.907172485605454,0.375278855219325,0.758157899408665,-5.44758874719604,"THTPA",0.64101000353798,0.425645904865547,""
"CSMD3",-0.226373495324495,11.0677244036888,-0.927551145659554,0.366116596202634,0.753698865657039,-5.37846109631855,"CSMD3",0.637239964020968,0.436380583940487,""
"TRDN",-0.226784129205697,11.7739066624695,-1.18911939586898,0.246682991844184,0.658815692636887,-5.24772821870581,"TRDN",0.557017805654247,0.607860792962043,""
"UFC1",-0.226810723467771,11.6882030712105,-1.51402472486976,0.145139519823935,0.56141988017624,-4.81927266606954,"UFC1",0.47467125206867,0.838214318061424,""
"TRMT112",-0.22685330331856,10.9624408168852,-1.51201900008638,0.144956309503622,0.56141988017624,-4.8264336915136,"TRMT112",0.47467125206867,0.838762876390599,""
"ISCU",-0.227673586708425,10.2198654524114,-1.35788072684417,0.192566080464729,0.611479811827131,-4.92429167745774,"ISCU",0.516996098897645,0.715420209238077,""
"JPT2",-0.228446418715169,10.3738358843623,-1.15243376753222,0.262278300064538,0.668109415623316,-5.24442684312837,"JPT2",0.564875495205538,0.581237639840748,""
"AAMDC",-0.228489783198171,15.6764866711796,-1.00885214189578,0.322826822777162,0.718478507681682,-5.46938968424377,"AAMDC",0.607461732061634,0.491030388137834,""
"AKT1S1",-0.229071631556472,11.3670574674303,-2.24845233807345,0.0341246086209127,0.346907663436123,-3.72295057265515,"AKT1S1",0.293304709665338,1.46693232089632,""
"PRMT7",-0.230609024519842,10.863844737876,-1.29926010709777,0.20689619599876,0.62264043890193,-5.12405294989383,"PRMT7",0.526432225074373,0.684247494215536,""
"ANK2",-0.230800485816784,11.6075839935382,-1.43696548634692,0.163799086689943,0.574196798396612,-4.97557869378886,"ANK2",0.485473925759775,0.785688524105662,""
"CLU",-0.230825828371081,13.1628987979401,-1.504867098757,0.145039389298559,0.56141988017624,-4.90372821922546,"CLU",0.47467125206867,0.838514037544818,""
"TTN",-0.230886623199321,17.2957564570503,-0.754534735710199,0.457662185146332,0.80471650665575,-5.68004901433322,"TTN",0.680374538312933,0.339454970161162,""
"COG2",-0.232027687969781,9.42398142336326,-0.99498758015046,0.331807188419876,0.726347989505164,-5.32733909355109,"COG2",0.614115249192362,0.479114209459131,""
"JAGN1",-0.233886668491031,11.842371071875,-1.2475947587604,0.224366429953582,0.642714578881076,-5.20013745117349,"JAGN1",0.543404579446846,0.649042122355937,""
"TTLL12",-0.23416168064734,11.728441960068,-2.06934149150044,0.0495861457732002,0.401083868168264,-4.03208458189161,"TTLL12",0.339109797515917,1.30463964719352,""
"MYL1",-0.234384941306644,19.7921778118801,-1.68135393402344,0.105297286555857,0.515115229335582,-4.65771778607538,"MYL1",0.435521433248151,0.977582820163061,""
"GSTT2",-0.234496346055714,9.99602476510831,-0.474407949256094,0.639948105852382,0.898870358073478,-5.77640319070666,"GSTT2",0.759980067289767,0.193855242040673,""
"PLG",-0.235970833396511,12.5750627953269,-1.45147976182329,0.159229901709346,0.570057417017177,-4.97376680919379,"PLG",0.481974147053062,0.797975372980505,""
"EIF4EBP1",-0.236513412969666,11.4333537191968,-1.4622106365975,0.156291272296904,0.568751938440709,-4.95985711631502,"EIF4EBP1",0.480870386441225,0.806065273414753,""
"DBNL",-0.237428195810855,13.486006477742,-0.843302604287722,0.409182115254683,0.780327581769497,-5.48285096807262,"DBNL",0.659754104443131,0.388083356914781,""
"AK4",-0.241753773738745,11.6604126673459,-0.92229695363074,0.366999147396476,0.753966305436064,-5.46250418451832,"AK4",0.63746607994462,0.435334944689152,""
"SRGAP3",-0.241868252305299,9.55874876218112,-1.35780438535978,0.187313631073101,0.604856884069537,-5.07419743039231,"SRGAP3",0.511396522676598,0.727430617262108,""
"PEBP4",-0.241899481706554,12.5004564020182,-1.53119760392305,0.138960522898212,0.553336627483342,-4.84897986407619,"PEBP4",0.467836995192478,0.857108560339738,""
"RFC4",-0.241963617003735,12.9370945922308,-1.07270522622587,0.293772349470096,0.70051529512346,-5.40770812298769,"RFC4",0.592274132018845,0.531989083418716,""
"FLOT2",-0.242172218256206,11.3351017872485,-2.42715963828739,0.0228543121893551,0.312284697119166,-3.40565639843291,"FLOT2",0.264031562503464,1.64103184446271,""
"SNTB2",-0.242432061577055,13.8190235879315,-1.10209989747839,0.281041530121046,0.692110634276275,-5.37816171871571,"SNTB2",0.585168129847541,0.551229498708068,""
"MPDU1",-0.242906680407572,10.5028013898364,-1.09782230279513,0.287858793428672,0.696406890267905,-5.18722645059144,"MPDU1",0.588800543452336,0.540820499301712,""
"PIP4K2B",-0.243322974008708,10.6248265357287,-2.00055944470358,0.0565467399680773,0.422144914848052,-4.16052272486534,"PIP4K2B",0.356916565231791,1.24759242795667,""
"CASP7",-0.243565376150976,11.012640766317,-0.646690168920374,0.53934323258876,0.852498596626505,-4.98622183190398,"CASP7",0.720773507558119,0.268134766208763,""
"POTEKP",-0.244201665773671,10.5181104612013,-0.816490188171058,0.423983480126532,0.782035997271198,-5.51986077477076,"POTEKP",0.661198541581679,0.372651064703632,""
"OTUD4",-0.244898143269314,9.73857304957756,-1.14305357347237,0.264928663765878,0.670622232054819,-5.29662099630423,"OTUD4",0.567000040067372,0.576871050982127,""
"TMX2",-0.245696424204565,11.4271846494812,-1.64124857837416,0.116614544976275,0.534065797303782,-4.62641708933001,"TMX2",0.451543826010684,0.93324727797339,""
"DSP",-0.245990815200336,12.3711292692169,-0.625115207020269,0.537868265099147,0.852498596626505,-5.74549315616493,"DSP",0.720773507558119,0.269324078880271,""
"VCAN",-0.246913443908106,10.7910292367489,-1.05985293040262,0.304300100974529,0.708590303600989,-5.22344059822539,"VCAN",0.599101418546873,0.516697903531831,""
"GGA1",-0.247073575517957,10.5985411240602,-1.1529513117034,0.259966209761973,0.668109415623316,-5.32535655574149,"GGA1",0.564875495205538,0.585083097673773,""
"TECR",-0.248006994848556,11.8115007278112,-1.5716529435356,0.128754114004112,0.54042845220147,-4.81320612071333,"TECR",0.456923345820026,0.890238885310153,""
"IGHV3-9",-0.248091619176769,11.4060486395478,-1.03491192300697,0.310736600892783,0.711518230289527,-5.44463238641452,"IGHV3-9",0.601576932286745,0.507607589263268,""
"MMAB",-0.248700840628867,11.8837704780345,-1.83056662607251,0.0809342889203278,0.478473158819882,-4.37648310934184,"MMAB",0.404541166776974,1.09186744459352,""
"HOOK2",-0.249493880911686,9.99696868383989,-0.897474961904322,0.378885786507188,0.759813576768736,-5.52782719903543,"HOOK2",0.64240985144732,0.421491686509855,""
"GC",-0.253598369118222,13.8554559618313,-1.86371421453593,0.0742921434028431,0.458694072493683,-4.38147007970556,"GC",0.387818275403259,1.1290571116392,""
"GPD2",-0.253728146385136,12.3813306673851,-2.04419841483014,0.0517338370493793,0.4125773504688,-4.08774674674024,"GPD2",0.348827347297931,1.28622530918858,""
"GOLPH3",-0.253969263328633,11.2147130182239,-1.89724864979935,0.071182100547484,0.454157959689908,-4.27443435462659,"GOLPH3",0.383983066818525,1.14762920033441,""
"SHMT1",-0.258062582320404,11.6798939779705,-1.23025065569128,0.230191708345207,0.651072106742241,-5.24104445784535,"SHMT1",0.550470731455594,0.637910323993704,""
"EMC10",-0.259015518086926,9.64721717809629,-1.48283082715577,0.151870570205859,0.567131006573305,-4.89043763012804,"EMC10",0.479499915273055,0.818526376469686,""
"A2M",-0.262604034725751,13.819848997812,-1.48040821918814,0.151407865252803,0.567131006573305,-4.93607493281706,"A2M",0.479499915273055,0.81985156375822,""
"FABP4",-0.263585356556728,15.7611669526183,-2.17658523403944,0.0392851401263192,0.367389275905071,-3.86047852924591,"FABP4",0.310621575309586,1.40577169342965,""
"S100A11",-0.263767077161145,11.8991622284636,-1.27341278680404,0.214725501673173,0.633583674515601,-5.19188142678417,"S100A11",0.535684550355039,0.668116373923126,""
"SURF1",-0.264683144168004,13.1839690657354,-2.20195398392098,0.0372331968084184,0.359637463141524,-3.81585430034579,"SURF1",0.304067545428919,1.42906967405148,""
"DMAC1",-0.265436185862775,11.2071033761696,-1.00294773523361,0.326457920320941,0.720969760954939,-5.42685334416462,"DMAC1",0.609568045628703,0.486172790346537,""
"KTI12",-0.266640514011476,12.9451621107878,-1.06468332981601,0.297316931404835,0.703707263036506,-5.41564598724072,"KTI12",0.594972888260561,0.526780358180485,""
"MYL4",-0.267380824039734,13.0586793016428,-1.21548599404463,0.235671122740262,0.652036201717361,-5.25752112429975,"MYL4",0.551285857861181,0.627693629197683,""
"NAPRT",-0.267470013356064,12.1252063480558,-1.05959298335507,0.299581851220948,0.706474430394813,-5.42065500618682,"NAPRT",0.597312482637303,0.523484499895587,""
"ATP2A1",-0.272909442072681,16.9109389411597,-1.78562487709535,0.0864451417798126,0.483822377643282,-4.50239477160988,"ATP2A1",0.409063843094912,1.06325940907029,""
"UBQLN4",-0.273386868043231,9.36226861274038,-1.17225204634213,0.258576800285079,0.667002689684152,-5.06976699181942,"UBQLN4",0.563939776671532,0.58741044295195,""
"DNPH1",-0.274688192312633,12.9400035887532,-2.29227941683619,0.0306904161854777,0.34020148597879,-3.65429638515093,"DNPH1",0.287634747195774,1.51299722216346,""
"VAMP2",-0.275387397223053,10.5806603144782,-1.24023850475764,0.244047792147919,0.655431239184631,-4.83838363910185,"VAMP2",0.554156306062807,0.612525116965922,""
"H1-0",-0.276199238668822,12.2664342398743,-2.32434514146288,0.02863200259232,0.332803560496157,-3.59596803271113,"H1-0",0.281379923176272,1.54314827529735,""
"NIBAN1",-0.277948026295832,11.5080503893956,-1.02256840651935,0.320285261529085,0.717868484179673,-5.29468892991369,"NIBAN1",0.606945967248677,0.494463045675425,""
"XPO1",-0.278336048392701,11.8502682270591,-3.00432179472745,0.00602402995425067,0.218889358575987,-2.25774179785287,"XPO1",0.185067343655796,2.22011287728985,""
"SNCA",-0.279397356200072,9.90894426834146,-0.83701562710128,0.410609271126239,0.780327581769497,-5.61797442173439,"SNCA",0.659754104443131,0.386571248941291,""
"QRICH1",-0.280991834011951,9.9818286829077,-1.33898242429814,0.20091449564172,0.617355287092941,-4.89388750108796,"QRICH1",0.52196371636079,0.696988728507575,""
"TPD52L1",-0.281813730736294,10.2184082536575,-1.86701114997954,0.0738133436612316,0.458694072493683,-4.37628039790546,"TPD52L1",0.387818275403259,1.13186512117689,""
"PPTC7",-0.282998730369805,10.5256744647597,-1.40944060218034,0.178204541324726,0.593434202305988,-4.84108325486153,"PPTC7",0.501738833581258,0.749081232694551,""
"CTNNB1",-0.283785693867436,13.3439783782848,-0.883850933030511,0.385299013396132,0.760015039137382,-5.5800320034687,"CTNNB1",0.642580184558324,0.414202103048157,""
"APOO",-0.283898437036521,10.7589095671231,-0.946630817708493,0.35299644101041,0.740511211075419,-5.52615396118399,"APOO",0.626090019508598,0.452229673244846,""
"ARHGAP10",-0.284020040312043,9.80773143590979,-1.15729803658958,0.26171968341502,0.668109415623316,-5.19318031707494,"ARHGAP10",0.564875495205538,0.58216361371065,""
"RCC1",-0.284625440763827,15.1729240705144,-1.76527559349933,0.0904006090908329,0.493492536504053,-4.51605118605034,"RCC1",0.417239802971331,1.04382864337534,""
"PCNP",-0.284790246605954,10.435040951779,-2.42175821844922,0.0231289138092985,0.312284697119166,-3.41577597035653,"PCNP",0.264031562503464,1.63584476228794,""
"RNF181",-0.285242239990653,11.0028502138908,-1.60037151184778,0.122230175148386,0.535671919823742,-4.7733069332508,"RNF181",0.452901776119764,0.912821565920894,""
"NOP14",-0.288976189391754,12.0306455528313,-1.94714790791115,0.0666937802310363,0.446335298469243,-4.15949014990762,"NOP14",0.377369135735506,1.17591466589292,""
"HHATL",-0.290376279307907,13.3049425778679,-3.19782944202345,0.0037719802725706,0.204920377390613,-1.84865410795214,"HHATL",0.173256800382366,2.42343058728575,""
"ACOT1",-0.290915906519588,10.6544894774326,-1.21409620259092,0.237191196635624,0.652036201717361,-5.22051306701489,"ACOT1",0.551285857861181,0.624901433872361,""
"IPO9",-0.291193040135678,10.7523069294376,-1.8274971722731,0.0820776374170106,0.478473158819882,-4.37132492830759,"IPO9",0.404541166776974,1.08577515310364,""
"POLR2H",-0.291644922182158,9.86901999648852,-1.32332462840316,0.200158523305136,0.617355287092941,-5.0465932217136,"POLR2H",0.52196371636079,0.698625911701398,""
"AMPD1",-0.292050693183263,17.4532904303728,-1.43308125121653,0.164371391924289,0.575500324651992,-4.99741694053216,"AMPD1",0.486576035716322,0.784173767152141,""
"NUDT16",-0.292762788065469,11.0746817882575,-1.30260671627618,0.209402943899248,0.625460890199066,-4.98905273249885,"NUDT16",0.528816870142855,0.679017217068774,""
"APOA1",-0.295671084620732,16.4498320404239,-1.65085641273034,0.111427288875661,0.527333961224919,-4.7017757110263,"APOA1",0.445852169599671,0.953008436121215,""
"GALE",-0.29593836845237,11.0941701080421,-1.12912242166059,0.272408281619779,0.681257993493368,-5.2469976052505,"GALE",0.575992401002569,0.564779693355806,""
"PON1",-0.296343742133541,10.8155356446631,-1.05512580797954,0.30246877396187,0.708590303600989,-5.37738530225265,"PON1",0.599101418546873,0.519319454056282,""
"FBXO40",-0.296504409656203,9.74638236727113,-1.6296169109724,0.119068276748519,0.534065797303782,-4.64236072556345,"FBXO40",0.451543826010684,0.924203931785325,""
"TMEM205",-0.297402271565772,13.0648372852477,-1.59457663425074,0.123524052426196,0.536326375083323,-4.78140444865797,"TMEM205",0.453455107251164,0.908248468971861,""
"CMA1",-0.297943943077314,11.8026188334537,-1.42551406961888,0.16652421952979,0.578505147601244,-5.00707093818774,"CMA1",0.489116563976772,0.778522593129442,""
"ECM1",-0.298160177919941,10.9274238192323,-1.50332305950455,0.14654147298492,0.562460653662706,-4.87073363136516,"ECM1",0.475551208891335,0.834039447395024,""
"PITHD1",-0.298562174731845,12.7437907521682,-1.11139016587628,0.278033394449326,0.688726380900789,-5.3292377833869,"PITHD1",0.582306799417712,0.555903038060132,""
"TLN2",-0.299179122419456,12.212578957574,-3.00255642655463,0.0060495611614171,0.218889358575987,-2.26142669745082,"TLN2",0.185067343655796,2.2182761281719,""
"CCDC43",-0.301455366646591,10.9115992054835,-1.39707669589371,0.174816232716023,0.58671008750352,-5.04296686419927,"CCDC43",0.49605370538213,0.757418243030688,""
"ITIH5",-0.302419130573828,13.2489078548338,-2.25524993028622,0.0332346407396088,0.346907663436123,-3.72102516294671,"ITIH5",0.293304709665338,1.47840901150843,""
"PLN",-0.303067542959012,13.0008740679322,-1.47721289101255,0.152256308468143,0.567131006573305,-4.94026846613328,"PLN",0.479499915273055,0.817424704106284,""
"IGKV3-20",-0.303209570695227,13.1474127000069,-0.810375045072383,0.425463844353822,0.782035997271198,-5.6386892104738,"IGKV3-20",0.661198541581679,0.371137340079481,""
"IGKC",-0.305752848096471,17.4408304937619,-1.25483790731262,0.221281246367682,0.640167741677277,-5.21321999409021,"IGKC",0.541251270582966,0.655055391062121,""
"HYCC1",-0.305778054858541,9.5797622951417,-2.04146642281084,0.0564006422569688,0.422144914848052,-4.01082275151273,"HYCC1",0.356916565231791,1.24871595050124,""
"GPC4",-0.307802512369637,9.97781525856776,-1.47760568445796,0.179205596262291,0.594110007931914,-4.515342361937,"GPC4",0.50231021609538,0.746648432241511,""
"SIGLEC1",-0.309640701765467,15.3307292530848,-1.47926622609335,0.1743386441415,0.58671008750352,-4.56142277140226,"SIGLEC1",0.49605370538213,0.758606335912329,""
"RBM20",-0.309760300466522,10.3767041631815,-2.02928252141939,0.0538043616881615,0.417799896532132,-4.10163470213783,"RBM20",0.353242923885796,1.269182516521,""
"ATRN",-0.311173604800773,14.4848791375588,-1.82089303337766,0.0824414825881962,0.478473158819882,-4.40497255922824,"ATRN",0.404541166776974,1.08385420667833,""
"GON7",-0.312064052293449,10.5767195141693,-1.22168596151966,0.241056420850045,0.652036201717361,-5.00274492928706,"GON7",0.551285857861181,0.617881296030776,""
"AP1G1",-0.312167674835859,9.44705640929602,-1.47318139419038,0.156500881702598,0.568751938440709,-4.85303591132831,"AP1G1",0.480870386441225,0.805483211360379,""
"GLUL",-0.312396139297135,11.3045944644402,-1.75145358401436,0.0922777690451371,0.49698578627358,-4.55408411398503,"GLUL",0.420193288055204,1.03490291375106,""
"HS1BP3",-0.312815360780037,10.3866835694547,-2.10695172392148,0.0475005232222996,0.394144514945729,-3.93844201947759,"HS1BP3",0.333242688781447,1.32330160655816,""
"SQSTM1",-0.313203928841832,11.1073868710286,-2.76747394654668,0.0107793746249887,0.237429334558204,-2.74670526558096,"SQSTM1",0.200742587663969,1.96740643439927,""
"REXO2",-0.31356501952888,10.8659188112602,-1.09716639635154,0.285798955419077,0.695158357501785,-5.25837985539667,"REXO2",0.587744929584233,0.543939362866812,""
"HLA-C",-0.314594091202089,11.0447198877791,-0.794197243992925,0.437043691627826,0.787783391246008,-5.51526098735981,"HLA-C",0.666057868425072,0.359475144072224,""
"CTSA",-0.317717355605007,11.3106633900726,-1.52341822212043,0.141464837194179,0.556601459539374,-4.84416152519697,"CTSA",0.470597356865714,0.849351495901367,""
"UFM1",-0.318998743260572,11.9929969821194,-2.42731785340739,0.0228463142091003,0.312284697119166,-3.40535978350902,"UFM1",0.264031562503464,1.64118385457724,""
"HACD1",-0.319890267754403,12.6093526504011,-1.68764237296811,0.104069257689625,0.515115229335582,-4.64855495603546,"HACD1",0.435521433248151,0.982677543184502,""
"IGHA1",-0.320340813320383,15.1831290721677,-0.752334664009746,0.458959893081872,0.80471650665575,-5.68162113082623,"IGHA1",0.680374538312933,0.33822526429774,""
"METTL7A",-0.323526061176848,12.3753124565623,-2.33791006440979,0.027799816524609,0.32710357886128,-3.57114353302826,"METTL7A",0.276560682684564,1.55595807036296,""
"IGHG3",-0.32657893367502,11.6079707079116,-1.62489610492603,0.116878252542236,0.534065797303782,-4.73877839848845,"IGHG3",0.451543826010684,0.93226629020293,""
"FBP2",-0.328605693696524,16.6031253522493,-2.44217303494704,0.0221067586922433,0.312284697119166,-3.37745980753343,"FBP2",0.264031562503464,1.65547492930123,""
"PPP3CA",-0.328804835305323,11.7291015965323,-2.75961280011576,0.0107391474726987,0.237429334558204,-2.75926076610047,"PPP3CA",0.200742587663969,1.96903019373873,""
"CRK",-0.328962556640256,11.3563731509494,-3.02407185514337,0.00574533095627558,0.218889358575987,-2.21645565612141,"CRK",0.185067343655796,2.24068494898712,""
"CNIH4",-0.329679384203747,10.419891449029,-1.89575537494648,0.0735545684738445,0.458097600411357,-4.24578443623527,"CNIH4",0.387313968092209,1.13339034807085,""
"TF",-0.330310651966744,16.9375426397081,-1.94161421905479,0.063673535284609,0.43943923029354,-4.25706922572212,"TF",0.371538623794454,1.19604103655089,""
"CCDC47",-0.330955494972338,10.7320581338763,-1.874151807635,0.0785134034025215,0.474551539302399,-4.23679689062306,"CCDC47",0.401225502134111,1.10505619641579,""
"IGLC2",-0.332512210613505,15.6399432631462,-1.64094942522927,0.113481850196904,0.529766490919208,-4.71595133060068,"IGLC2",0.447908833348949,0.94507359212402,""
"INPP1",-0.336193238378115,10.9573382749884,-1.78952379660873,0.0858001594234881,0.482059212729617,-4.49644905465728,"INPP1",0.40757311623125,1.06651190519702,""
"ATP2B2",-0.337542292899235,10.7995540433403,-1.5982609414979,0.145609343475869,0.56141988017624,-4.43815610759625,"ATP2B2",0.47467125206867,0.836810756274235,""
"TRIM55",-0.338337728569488,11.6587078173807,-2.5576978815693,0.0176967528095235,0.295391728582221,-3.14887529007817,"TRIM55",0.249748836134617,1.75210641534895,""
"PPP1R9B",-0.340561918051282,12.3530619021285,-1.25198976356883,0.223320484889129,0.642437988092876,-5.17078520826467,"PPP1R9B",0.543170726495818,0.651071437849888,""
"YIPF3",-0.340672802844248,11.9801411203154,-1.94192192081981,0.0658788705142263,0.441911769267158,-4.19636599890065,"YIPF3",0.373629114729737,1.18125385536816,""
"SNRPB",-0.340695866750979,11.0637309771211,-1.74292703575999,0.0948785048719356,0.500728285822292,-4.53607938169887,"SNRPB",0.423357509717779,1.02283216768749,""
"PUDP",-0.341422758007402,13.1236842235899,-2.5655137890195,0.016768472059639,0.284865581557536,-3.14209450386188,"PUDP",0.240849152379033,1.77550650843142,""
"A1BG",-0.341440541773023,12.3574391382837,-1.97274883565984,0.059816529439,0.432334670324569,-4.20632826801971,"A1BG",0.365531835479779,1.22317878838287,""
"IGHG2",-0.341824930206222,16.5554107920892,-1.39555522837989,0.175268940787717,0.58671008750352,-5.0448702233784,"IGHG2",0.49605370538213,0.756295037925644,""
"TFRC",-0.342646556393877,12.054269751996,-1.97060597104174,0.060075249297104,0.432334670324569,-4.20983890789471,"TFRC",0.365531835479779,1.22130441830797,""
"PRXL2A",-0.344354923319944,13.6026096219542,-2.23870241294779,0.0344323395412649,0.346907663436123,-3.75062285104321,"PRXL2A",0.293304709665338,1.46303346770071,""
"MT-ND2",-0.345935211574263,13.9494661011774,-2.36798637509919,0.0260330615809457,0.319405640166218,-3.5157901291725,"MT-ND2",0.270052202440533,1.58447475430632,""
"KNG1",-0.348192912179309,13.9909753187162,-2.61957224478689,0.0148300445620365,0.259616206936626,-3.03693641765336,"KNG1",0.219501222445565,1.82885754398055,""
"COL6A6",-0.351790486585738,10.2844201316756,-1.44613698739044,0.183181593385183,0.601044976695842,-4.59490044980186,"COL6A6",0.508173617842388,0.737118167637909,""
"AGT",-0.352278761559994,10.2346305836312,-1.23549616287789,0.231942715645801,0.65140890011073,-5.110205059523,"AGT",0.550755484695645,0.634619262311031,""
"LSM14A",-0.353068652566227,10.3338233038801,-1.26521076642961,0.220556669190781,0.640167741677277,-5.08164601569899,"LSM14A",0.541251270582966,0.656479805493989,""
"POTEJ",-0.354013769708908,12.8906249205349,-1.33411052264703,0.194338288452325,0.613648634893293,-5.12026526969948,"POTEJ",0.518829803040803,0.711441626444009,""
"ARL8A",-0.355619509608111,9.80883608436291,-1.87819932884267,0.0727114822351231,0.456793578768137,-4.34272649142164,"ARL8A",0.386211439293412,1.13839700210385,""
"KCNJ11",-0.356425884154953,10.6894938093934,-2.10681356664898,0.0459100720714576,0.390726041170241,-3.9687918846482,"KCNJ11",0.330352425567637,1.33809202546069,""
"JUP",-0.356893462813403,14.6193502090842,-0.851588022028383,0.402623869268036,0.774235183301093,-5.60637668130641,"JUP",0.654603081988794,0.395100481846495,""
"WASHC2A",-0.357977111747752,10.3258104595119,-2.2969885844557,0.0327248537768803,0.346907663436123,-3.59913997480995,"WASHC2A",0.293304709665338,1.48512228531306,""
"CPA3",-0.360138195208977,13.4238959740104,-1.5732708709254,0.128379083001814,0.539747634648557,-4.81097373166069,"CPA3",0.456347725804272,0.891505730760125,""
"UBE2V1",-0.360203374546717,8.50222382048752,-1.45674215350048,0.162698771641109,0.573138863044936,-4.82536954557609,"UBE2V1",0.484579458863038,0.788615725929166,""
"SSR1",-0.360897531171148,12.7085198326765,-1.59335511348159,0.124331159057965,0.536326375083323,-4.76419364427895,"SSR1",0.453455107251164,0.905420017688868,""
"FABP5",-0.364357363693955,14.8226500223461,-1.97053257114952,0.0600841286866955,0.432334670324569,-4.20995911059592,"FABP5",0.365531835479779,1.22124023239133,""
"HPX",-0.36644440425909,14.5627308814657,-2.47986756386838,0.0203282224288549,0.306641894820313,-3.30622452931138,"HPX",0.259260666197598,1.69190059593605,""
"SSU72",-0.368163107646259,10.4374636085598,-1.33384681562535,0.194931227803094,0.613648634893293,-5.09974441770397,"SSU72",0.518829803040803,0.710118581733108,""
"SOD3",-0.370140822578753,11.841067433078,-3.03683266114638,0.00557186345510768,0.218889358575987,-2.18972081425496,"SOD3",0.185067343655796,2.2539995350011,""
"TIMM10B",-0.370755034846734,10.5826026807956,-1.55204405608892,0.138347792585147,0.553336627483342,-4.65921422062024,"TIMM10B",0.467836995192478,0.859027765874226,""
"CPOX",-0.371976809434452,10.4584535030084,-1.28872237343343,0.2117118579107,0.63021626043438,-5.08656524516214,"CPOX",0.532837457270867,0.674254816609963,""
"WBP2",-0.374996597750544,10.9533573740626,-1.49989383324998,0.152308938585012,0.567131006573305,-4.74102482927465,"WBP2",0.479499915273055,0.81727460838928,""
"SERPINA1",-0.375213093265376,16.2769345804302,-3.07251368712777,0.00511302990090568,0.218889358575987,-2.11472456258912,"SERPINA1",0.185067343655796,2.29132166751982,""
"ITIH4",-0.376807313123537,13.050247713342,-2.13823139057147,0.0425811301156367,0.380504499309386,-3.92729970422218,"ITIH4",0.32171028045578,1.37078281644227,""
"MRPS5",-0.378468667022641,9.51731416217715,-1.23661348811753,0.23441021705399,0.652036201717361,-4.89632390588398,"MRPS5",0.551285857861181,0.630023462988985,""
"CYTH1",-0.378626752850327,10.5966147547216,-2.26689144896471,0.0342406879722512,0.346907663436123,-3.66310865701694,"CYTH1",0.293304709665338,1.4654575179566,""
"ADGRE5",-0.379101153892487,9.83445429235855,-0.699415357512655,0.504866503394769,0.836084848710198,-5.15860820216912,"ADGRE5",0.706895954322692,0.296823442680222,""
"PXDN",-0.381221271939522,9.57758706333986,-1.52586474887822,0.151554199155969,0.567131006573305,-4.5622108651992,"PXDN",0.479499915273055,0.819432026007007,""
"ARFIP1",-0.386039736557873,9.64920855608026,-1.76146554160781,0.0989366486220189,0.508718459251547,-4.35703624654068,"ARFIP1",0.43011306961124,1.00464280500494,""
"SRPK2",-0.386845950587988,14.0113447171905,-1.31968039732079,0.199548130523972,0.617355287092941,-5.11662760032294,"SRPK2",0.52196371636079,0.699952336569139,""
"NPTN",-0.389927165181078,11.2557500021913,-1.35549833376038,0.192303880233609,0.611411340144732,-4.95259077985541,"NPTN",0.516938207219129,0.716011952646368,""
"SIX4",-0.390687167229807,11.087324226734,-1.88030492157179,0.0735572949458849,0.458097600411357,-4.31081648629856,"SIX4",0.387313968092209,1.13337425022891,""
"AKAP7",-0.396246212058683,9.77895810463946,-1.55511585777643,0.135075259586594,0.551848993912704,-4.75683110810367,"AKAP7",0.466579225536419,0.869424189164171,""
"ADH1B",-0.396569966813564,12.6701552063311,-2.01240849636324,0.0552022436116793,0.421504365449817,-4.14087026923067,"ADH1B",0.356374991276881,1.25804327066989,""
"CTSG",-0.407929664234722,12.0803505455241,-1.44681332872459,0.160521565619529,0.570057417017177,-4.97978900626167,"CTSG",0.481974147053062,0.79446661310088,""
"CTNNA1",-0.409008739601948,10.4808134425116,-2.17559188086879,0.039793184375075,0.367389275905071,-3.85325602400725,"CTNNA1",0.310621575309586,1.40019130586021,""
"CDV3",-0.409289985064191,10.5780089700723,-2.1909958940028,0.0394898911123188,0.367389275905071,-3.80516718689568,"CDV3",0.310621575309586,1.40351406376622,""
"MAPKAPK3",-0.411638343479831,11.3977296811498,-1.39282099907421,0.189573641308245,0.607439647540147,-4.69910522624874,"MAPKAPK3",0.51358020660672,0.722222047958814,""
"AK6",-0.421739934226915,9.87448202335319,-1.825387426404,0.0848641981733283,0.480217712304708,-4.3303187495612,"AK6",0.406016157984417,1.07127548778962,""
"PDLIM2",-0.423240896814825,10.4748123716265,-1.8053845717758,0.0832187600466448,0.478473158819882,-4.47216141245764,"PDLIM2",0.404541166776974,1.07977875945045,""
"IGHV3-7",-0.424159182988509,11.842419418813,-1.04072192260092,0.31127373641367,0.711518230289527,-5.30819343200299,"IGHV3-7",0.601576932286745,0.506857521179991,""
"IGKV3-7",-0.428219901174669,14.0433342763816,-1.57353366537384,0.128318253153358,0.539747634648557,-4.81061095779106,"IGKV3-7",0.456347725804272,0.891711561240564,""
"PAK1",-0.428377589804814,10.610993538437,-2.54031493433357,0.0180565489411672,0.299655213931162,-3.18856568213924,"PAK1",0.253353542701336,1.74336525064629,""
"SERPINA7",-0.429332657210649,11.1582198332082,-2.10708390374938,0.0463708781826762,0.390726041170241,-3.95960985638608,"SERPINA7",0.330352425567637,1.33375467925453,""
"L3HYPDH",-0.432567365122157,11.2829629705842,-2.09781031776364,0.0490323359640556,0.401059363398301,-3.9435921183572,"L3HYPDH",0.339089079136945,1.30951741590877,""
"AHCYL1",-0.434230624400357,10.8309441862284,-3.24645726520249,0.0051614346176905,0.218889358575987,-2.00169816871674,"AHCYL1",0.185067343655796,2.28722956970014,""
"MT-ND4",-0.4365772961613,9.69180500895074,-1.63163064336263,0.116554224899232,0.534065797303782,-4.69628699688271,"MT-ND4",0.451543826010684,0.933471979396366,""
"IGKV2-30",-0.436897684387121,11.5073282358624,-2.30572098220558,0.029811658314089,0.334713884690284,-3.62990673438479,"IGKV2-30",0.282995070785222,1.52561386507348,""
"FLG2",-0.44448814541702,10.8992887380318,-1.24618181102365,0.232191872415868,0.65140890011073,-4.99478024743348,"FLG2",0.550755484695645,0.63415298626289,""
"AGPAT3",-0.446611422313291,9.88328600742672,-2.65049903413309,0.0140879878357842,0.259273160747029,-2.97661331332357,"AGPAT3",0.219211182548363,1.85115103203042,""
"MYH3",-0.44748964933579,17.6837082490101,-2.2645159569331,0.032580613221071,0.346907663436123,-3.70439136274788,"MYH3",0.293304709665338,1.48704074580955,""
"MYH1",-0.452249372399422,13.6154934199188,-1.15861206453208,0.257693819641064,0.666769564613442,-5.31934682014412,"MYH1",0.563742673267984,0.588895997157161,""
"CHID1",-0.455889489591618,10.5686031818795,-3.3456189316459,0.00262355581007293,0.187416045272145,-1.53002656501371,"CHID1",0.158457176185427,2.58110969275823,""
"AKT2",-0.456668868591359,10.5522102921514,-1.73993586896657,0.0974702513487633,0.504210975896035,-4.47503799546144,"AKT2",0.426302066752972,1.01112791400881,""
"GMPR2",-0.458808293493387,10.321630715737,-2.78755004473648,0.0127869002304339,0.248048584875511,-2.76623073668463,"GMPR2",0.209720988718389,1.8932347233851,""
"RPS6KA6",-0.459040563054867,16.704843575118,-1.58885678149628,0.127250298365173,0.537335951509996,-4.71160035434881,"RPS6KA6",0.454308687474147,0.895341190694965,""
"NEU3",-0.461474562238507,11.9624718730621,-1.06284422928288,0.298562774393573,0.704912603029561,-5.39883641504078,"NEU3",0.595991983351195,0.524964342234837,""
"ROCK1",-0.462622578844101,11.9066602096189,-2.48997748112662,0.0205498423167667,0.306641894820313,-3.27541347206055,"ROCK1",0.259260666197598,1.68719150620742,""
"MLF2",-0.46374384270392,9.61770607650692,-1.63822160212305,0.125897994938775,0.536326375083323,-4.48848018041758,"MLF2",0.453455107251164,0.899981186444641,""
"SELENOW",-0.468617183758855,11.3487029724116,-2.36719409639116,0.0282859671111966,0.331465353372431,-3.48781560857829,"SELENOW",0.280248491117352,1.54842896792672,""
"SIPA1",-0.469438276705063,9.78330236325566,-1.46562952887273,0.162489041405272,0.573103240632107,-4.74523994307659,"SIPA1",0.484549340700329,0.789175923409435,""
"CFB",-0.470370512127042,11.9501106474287,-2.8254065882917,0.00920856490863276,0.235483239706918,-2.62634763751547,"CFB",0.199097196554174,2.03580804633128,""
"KRT10",-0.471730481656351,18.320597184676,-1.20074115384968,0.241240379840522,0.652036201717361,-5.27380098114971,"KRT10",0.551285857861181,0.617549996390303,""
"PEF1",-0.480982868867878,11.4556696402691,-1.95113443380529,0.0654085035945533,0.441911769267158,-4.17642808644462,"PEF1",0.373629114729737,1.18436578647516,""
"KRT2",-0.48315271699461,17.7102980997427,-1.14669075084188,0.262496489314908,0.668109415623316,-5.33197253354159,"KRT2",0.564875495205538,0.580876500567963,""
"CP",-0.492589249601386,13.0728054332146,-3.60939494057794,0.00135900741369506,0.143350189552582,-0.950589209420095,"CP",0.121200221726821,2.8667781740857,""
"NEDD4",-0.49401844582461,10.2771133948273,-2.50670299651683,0.0228414731355922,0.312284697119166,-3.25025549137479,"NEDD4",0.264031562503464,1.6412758901798,""
"LRG1",-0.494049772354696,10.691651777527,-2.26076630246588,0.0346786831787416,0.346907663436123,-3.67961379779676,"LRG1",0.293304709665338,1.45993740194162,""
"SKIC2",-0.496303572386463,9.27239262625351,-1.76336829210768,0.09072862087624,0.493492536504053,-4.51891018487673,"SKIC2",0.417239802971331,1.0422556905819,""
"MT-ND3",-0.502423218776144,10.3151191869392,-1.60971032917872,0.125150066433192,0.536326375083323,-4.62957999150852,"MT-ND3",0.453455107251164,0.902568915519912,""
"CAMKV",-0.50458436735355,9.51475204373595,-1.01235308307921,0.330267959643128,0.724369222410558,-5.15623400868083,"CAMKV",0.612442234239535,0.481133556569358,""
"JCHAIN",-0.511009656116917,11.9090932148425,-0.983150294670454,0.33745447527731,0.728412985967819,-5.36573217375887,"JCHAIN",0.615861169654135,0.471784807927532,""
"MYBPC2",-0.511170006622258,13.301582248018,-2.27852873664708,0.0316137452903611,0.342502123504251,-3.67915511938469,"MYBPC2",0.28957989829093,1.50012405010842,""
"DDAH2",-0.512576117533708,10.0620316357863,-2.78092764111154,0.0109838267722146,0.237429334558204,-2.72199511840189,"DDAH2",0.200742587663969,1.95924632504885,""
"KRT5",-0.51327055644213,16.8464598708407,-1.08691526165212,0.287567537708472,0.696406890267905,-5.39351472733599,"KRT5",0.588800543452336,0.541260141202206,""
"ADH1C",-0.516474593467532,10.7803537800127,-1.68229587480731,0.10511256731482,0.515115229335582,-4.65634698924709,"ADH1C",0.435521433248151,0.978345356386698,""
"CREG1",-0.517154258769933,11.9465053400616,-1.30796679221611,0.202927117441808,0.617801107415252,-5.1514640521392,"CREG1",0.522340650092675,0.692659913694007,""
"PVALB",-0.523592462147169,10.7661943301292,-1.9995935904704,0.0715761309085463,0.455643174808063,-3.98508640188966,"PVALB",0.385238791712885,1.14523178136489,""
"PEX14",-0.525216281023594,9.87181970577451,-2.17017721707726,0.0430907671476241,0.380657207633319,-3.81520808323254,"PEX14",0.32183939282583,1.36561577407097,""
"SERPINB3",-0.527397893252889,12.7367326231049,-1.61422548632884,0.119715061288315,0.534065797303782,-4.73826912893198,"SERPINB3",0.451543826010684,0.921851207798048,""
"KRT1",-0.532450577012781,19.507878629096,-1.28112487331636,0.21204768637395,0.63021626043438,-5.18294189953582,"KRT1",0.532837457270867,0.673566461711738,""
"ATG7",-0.548339434977079,10.483231661292,-2.22423447392025,0.0386575209001029,0.367389275905071,-3.71942874631684,"ATG7",0.310621575309586,1.41276600064186,""
"RCSD1",-0.549552338641128,10.5413619097395,-2.1811203024608,0.0397973057493825,0.367389275905071,-3.83355052900559,"RCSD1",0.310621575309586,1.40014632837311,""
"APOD",-0.552083285539878,13.0512474406009,-1.95050758326612,0.063037727664636,0.438751037305335,-4.23049880993711,"APOD",0.370956767969766,1.20039945034871,""
"DEFA1B",-0.559206694940441,11.2893663805722,-3.08622443627719,0.00566277846450982,0.218889358575987,-2.14463497418122,"DEFA1B",0.185067343655796,2.24697042822388,""
"ENG",-0.5609410204297,11.5503303673752,-1.43042032881353,0.231310884318038,0.651072106742241,-4.48227227426003,"ENG",0.550470731455594,0.635803931051054,""
"CTSC",-0.563996688333146,10.0661946584319,-1.85686260723267,0.0763547540791727,0.46740831335033,-4.36398751492426,"CTSC",0.395186022368248,1.11716391727064,""
"RAB9A",-0.574847338304107,11.4399082690867,-2.40005889624909,0.0258897941135792,0.319115402755334,-3.43095342521466,"RAB9A",0.269806811495029,1.58687140324191,""
"SERPINA6",-0.580387239686431,11.1299310496618,-2.99092177046666,0.00760489181475619,0.229380899552822,-2.36623451451371,"SERPINA6",0.193937768568502,2.11890695972914,""
"ARG1",-0.582662435913319,12.3301057770107,-2.19758326140475,0.0375796722195949,0.359637463141524,-3.82356641874133,"ARG1",0.304067545428919,1.42504701225683,""
"MAST4",-0.584273145300056,10.8909641002704,-1.90343282617778,0.0703320956464305,0.45248515612113,-4.27495487072029,"MAST4",0.382568738982097,1.15284644196209,""
"APOC3",-0.588089923795113,9.48510006082379,-2.25175125527968,0.0334846739236223,0.346907663436123,-3.72729456949474,"APOC3",0.293304709665338,1.47515392590089,""
"RPL32",-0.590336976256458,10.7154664404951,-2.18113403178115,0.0414736951473025,0.374437040150646,-3.80344847231998,"RPL32",0.316580343776569,1.3822272689381,""
"AGMAT",-0.598909604705367,10.7132357335582,-2.72270656259691,0.0202857724455883,0.306641894820313,-3.04439565349951,"AGMAT",0.259260666197598,1.69280845049505,""
"ACTC1",-0.605645714865249,13.723397828043,-1.98022365093907,0.0599254984731832,0.432334670324569,-4.16897073436457,"ACTC1",0.365531835479779,1.22238834472439,""
"KRT71",-0.618079662366796,11.5030255565399,-1.17552291506412,0.250992506909433,0.661532429834841,-5.30123765990691,"KRT71",0.559314762161896,0.600339243684144,""
"KRT9",-0.6205569169332,19.2372568063725,-1.43024778120099,0.165174880810517,0.575595298627602,-5.00103680779247,"KRT9",0.486656334646781,0.782055997904559,""
"EIF1AY",-0.632756260895745,9.50601099524264,-1.20141819546685,0.251514488277653,0.661532429834841,-4.95560589303073,"EIF1AY",0.559314762161896,0.599436992724135,""
"KRT16",-0.676884959060832,16.1238364585549,-0.981544798103507,0.335841157938318,0.728412985967819,-5.49471132669584,"KRT16",0.615861169654135,0.473866081366026,""
"CSTA",-0.678309582703879,12.5775751514847,-2.00482969643226,0.0560589014726797,0.422144914848052,-4.15344956695826,"CSTA",0.356916565231791,1.25135541690445,""
"S100A9",-0.68997151994771,15.1819898599476,-2.41303801090941,0.0235786605055454,0.312284697119166,-3.43208541568489,"S100A9",0.264031562503464,1.62748087063931,""
"MESD",-0.691647664679685,9.30458383354663,-2.21565459425733,0.0400762898834274,0.36877893671577,-3.71911025233956,"MESD",0.311796510612478,1.39711249067713,""
"FLG",-0.696125387887264,13.49945142351,-1.73930971088457,0.0944298907084328,0.500728285822292,-4.57227030589401,"FLG",0.423357509717779,1.02489051295868,""
"YBX1",-0.716805489005086,8.53271151633639,-2.6951238672365,0.0144727265045877,0.259616206936626,-2.90978723264308,"YBX1",0.219501222445565,1.83944964480674,""
"MYL11",-0.717420238422283,16.1491743407726,-3.11759139704056,0.00458497807538202,0.216884143404029,-2.01948294642166,"MYL11",0.183371967289641,2.33866273671443,""
"CFHR1",-0.718736881472893,10.6631275045319,-3.043143163317,0.00624915283941324,0.218889358575987,-2.22928818586589,"CFHR1",0.185067343655796,2.20417885339275,""
"ASPN",-0.720492305049049,12.2293894524089,-2.56621658781341,0.0167418219284526,0.284865581557536,-3.14073497293255,"ASPN",0.240849152379033,1.7761972816822,""
"RPL19",-0.720540243033083,9.27245969168365,-2.53012994116359,0.0195936195249481,0.306641894820313,-3.19761529504285,"RPL19",0.259260666197598,1.70788532947177,""
"S100A8",-0.721771061077897,13.6090752577354,-2.51507018068315,0.0187877564779303,0.303945426970716,-3.23913943258413,"S100A8",0.256980847089786,1.72612507766574,""
"SRCIN1",-0.728086726169009,11.6491303687052,-2.80906020221454,0.0109419012522689,0.237429334558204,-2.68447336447729,"SRCIN1",0.200742587663969,1.96090720893236,""
"KRT14",-0.728964409971283,17.0315261523046,-1.41177158434604,0.170491369965614,0.581899111041877,-5.02449367256282,"KRT14",0.491986104106585,0.768297599493593,""
"GCC2",-0.790646567727247,11.4323245452955,-2.36602134540384,0.0580269150174103,0.430478741640788,-3.76072754929143,"GCC2",0.363962678377961,1.23637051795054,""
"CALML5",-0.794528204930687,9.13123843848859,-3.29741298047617,0.00594182800315914,0.218889358575987,-2.11302200500893,"CALML5",0.185067343655796,2.22607992378109,""
"PPIC",-0.830085490427807,11.5182891598597,-2.50647216734833,0.0236035455502818,0.312284697119166,-3.25376099258359,"PPIC",0.264031562503464,1.62702275562026,""
"DSC1",-0.843135076392661,15.6492278876246,-2.13384055128353,0.0429738825733663,0.380657207633319,-3.93489944168917,"DSC1",0.32183939282583,1.36679540721869,""
"SBSN",-0.857768188766849,11.6007117624975,-2.54631549020045,0.0175119299150845,0.294016086469051,-3.17915392636058,"SBSN",0.248585753409345,1.75666598953703,""
"TNNT3",-0.878866165856856,16.0719893248757,-4.89761412801752,5.00870403365947e-05,0.031700608927546,1.96713225304438,"TNNT3",0.0268023421725891,4.30027463018832,"+"
"CASP14",-0.896679481671827,13.8694830550776,-2.82786894993967,0.00915549606164419,0.235483239706918,-2.62134444266893,"CASP14",0.199097196554174,2.03831811984964,""
"IGHM",-0.910642110597442,12.9223672686639,-3.70416538826241,0.00107024860585348,0.137786693455304,-0.73967405104102,"IGHM",0.116496377506796,2.97051532922179,""
"MYH2",-0.937453968065743,15.5290795699889,-3.75609141533302,0.000938507737984532,0.134772579076189,-0.623606496424446,"MYH2",0.113947993495593,3.02756214227532,""
"AZGP1",-0.945538539138589,14.5562672139702,-3.41710876063936,0.00219767480395826,0.187416045272145,-1.37423187700549,"AZGP1",0.158457176185427,2.65803657091849,""
"PECAM1",-0.946242801558874,9.11945000345283,-1.9126137993857,0.080582605207838,0.478473158819882,-4.05589968726871,"PECAM1",0.404541166776974,1.09375869612984,""
"DSG1",-0.948584314116539,15.9763691347621,-2.12757522866922,0.0435399303218033,0.381107134005784,-3.94572557583786,"DSG1",0.32221979815542,1.36111227030826,""
"S100A7",-0.968805612618521,15.1507369332621,-1.67062540593751,0.107420558976655,0.521834898175933,-4.67328861007129,"S100A7",0.441202802459613,0.968912592047606,""
"SRP54",-1.02090818023342,14.0562527587935,-3.48331569035812,0.00468367011182509,0.216884143404029,-1.97352343833921,"SRP54",0.183371967289641,2.32941370148596,""
"DCD",-1.02331536071542,16.0336380008665,-3.5981250567325,0.00139805130876778,0.143350189552582,-0.975585278835116,"DCD",0.121200221726821,2.85447688960191,""
"LYZ",-1.0338675376585,14.4155062220434,-2.05292110332861,0.050816614289088,0.406391363855074,-4.07307003581776,"LYZ",0.343597197609795,1.293994273653,""
"TNNC2",-1.06182867550936,13.4312176694039,-4.34883767488015,0.00020605709823109,0.0657322143357178,0.717866373705228,"TNNC2",0.0555755034363706,3.68601242035562,""
"COL3A1",-1.1636463027957,11.3217134133089,-1.09306281709352,0.303705068376547,0.708590303600989,-4.87010638951965,"COL3A1",0.599101418546873,0.517547960305642,""
"LTF",-1.2187475258645,11.3472030424865,-2.38131707133954,0.0256422651969874,0.319115402755334,-3.48573726825674,"LTF",0.269806811495029,1.59104361257371,""
"LCN1",-1.30879316929826,11.6251319786465,-3.59881519180298,0.00608727611726215,0.218889358575987,-2.21628650835191,"LCN1",0.185067343655796,2.2155769983154,""
"SAA1",-1.39462699810777,11.0683564738702,-2.81663792158368,0.0139587173869126,0.258551468502103,-2.79119698740954,"SAA1",0.218601003654449,1.85515448553644,""
"TNNI2",-1.39822568557383,14.1111714170807,-4.84446865445041,5.74340570295604e-05,0.031700608927546,1.84649331432366,"TNNI2",0.0268023421725891,4.2408305049217,"+"
"PIP",-1.47743350333305,15.9629451981406,-3.15533944871319,0.00418346496108301,0.214477283986952,-1.93931814867392,"PIP",0.181337007336497,2.37846386412826,""
"GTPBP3",-2.04850738288834,16.4707948136774,-1.41747517633006,0.195511412905533,0.614128300275476,-4.59489311831522,"GTPBP3",0.519235352212777,0.708827885750345,""
"COBL",NA,9.73460835022011,NA,NA,NA,NA,"COBL",NA,NA,NA
"TRIM21",NA,9.46546112055067,NA,NA,NA,NA,"TRIM21",NA,NA,NA
"SLC22A25",NA,NA,NA,NA,NA,NA,"SLC22A25",NA,NA,NA
"MICAL3",NA,NA,NA,NA,NA,NA,"MICAL3",NA,NA,NA
"USP48",NA,NA,NA,NA,NA,NA,"USP48",NA,NA,NA
"ZC3H8",NA,10.4210526148474,NA,NA,NA,NA,"ZC3H8",NA,NA,NA
"PNN",NA,9.28274726228343,NA,NA,NA,NA,"PNN",NA,NA,NA
"ACBD3",NA,NA,NA,NA,NA,NA,"ACBD3",NA,NA,NA
"ZNFX1",NA,NA,NA,NA,NA,NA,"ZNFX1",NA,NA,NA
"NISCH",NA,11.954451492383,NA,NA,NA,NA,"NISCH",NA,NA,NA
"RBM19",NA,NA,NA,NA,NA,NA,"RBM19",NA,NA,NA
"UCHL5",NA,7.86463370205162,NA,NA,NA,NA,"UCHL5",NA,NA,NA
