"","logFC","AveExpr","t","P.Value","adj.P.Val","B","protein","q","-log10p","regulated_q"
"LDAF1",1.33155655234526,9.99931958822691,3.5537751094668,0.00593279497332544,0.10027734978145,-2.01709022441164,"LDAF1",0.071065348771199,2.22674065983581,""
"THY1",1.33001679833142,11.7986062194964,8.54431556168493,1.25477176145885e-08,1.79808793417053e-05,9.72301785363119,"THY1",1.27428323985035e-05,7.90143526362794,"+"
"S100A13",1.32628039363636,15.0749143905676,8.71919151679076,4.3661934183578e-09,1.25135103370135e-05,10.7307059638883,"S100A13",8.86817390357843e-06,8.35989702935412,"+"
"S100A6",1.26285121300899,13.2129084361571,5.97599618461902,2.9527049991828e-06,0.000940272503073099,4.67201813176012,"S100A6",0.00066635978629761,5.52977994064984,"+"
"COL3A1",1.15630728029932,11.7368857134655,2.27606229919893,0.0358781723698866,0.232995105497727,-3.8704425898989,"COL3A1",0.165120822102552,1.44516968797714,""
"KRT6A",1.06816284586807,15.0822548951558,2.02644772856638,0.0534113140300324,0.281838298140841,-4.42603645613995,"KRT6A",0.199735403838575,1.27236673734687,""
"ACHE",1.01939339435686,11.9942492466686,1.55888427884275,0.161608709943173,0.486875869952317,-4.64915038926775,"ACHE",0.345043058894669,0.791535236517363,""
"S100A4",0.89837042200811,13.8147642284046,5.62964351000058,7.14362773947239e-06,0.00170613642511066,3.83847194792705,"S100A4",0.00120911831401595,5.14608118498531,"+"
"UCHL1",0.807568832765313,14.2625723695519,3.8469884632796,0.000724084497869238,0.0441537483168774,-0.518135140882251,"UCHL1",0.0312912290814756,3.14021075035387,"+"
"XPO4",0.796215040467185,13.2222653213871,1.48889796212138,0.152728613908176,0.479184068672558,-5.15047837224095,"XPO4",0.339591972065827,0.816079589674037,""
"ALDH1B1",0.793332064631555,15.1653816314595,4.62439141667437,9.66623775781198e-05,0.0125924715517678,1.37704548963318,"ALDH1B1",0.00892413276445921,4.01474252684292,"+"
"KRT6B",0.780120143247775,15.3857415661841,1.47411764012749,0.152817250093063,0.479184068672558,-5.28958147892556,"KRT6B",0.339591972065827,0.815827619599436,""
"FKBP9",0.778587363371408,10.3415326207569,1.75686990172845,0.120977886878211,0.422828636081472,-4.28292979494328,"FKBP9",0.299653556451874,0.917294005587862,""
"MPO",0.749621436912674,11.8940589545733,1.11863185538966,0.291552971991186,0.625065190612564,-5.20469601042472,"MPO",0.442976164332524,0.535282527171101,""
"HSPB6",0.744227369796519,17.6233701811916,6.91294329450634,2.87251234970507e-07,0.000205815509856368,6.86043683970042,"HSPB6",0.000145858970369105,6.54173809548659,"+"
"COL1A1",0.74116099190163,11.6576346714652,1.65546325807056,0.110725046101654,0.405778813283694,-5.01210722375923,"COL1A1",0.287570552600536,0.955754130219632,""
"POSTN",0.677990046886604,10.112849561191,1.95987387442751,0.0654762518133785,0.31341813078868,-4.42285539393307,"POSTN",0.222115650485958,1.18391618972677,""
"MRPS11",0.662491465295188,11.0165710865798,4.12700051267989,0.00114920090174126,0.0477334751360936,-0.643780137809887,"MRPS11",0.0338281383183837,2.93960404190294,"+"
"CHD2",0.661630734670048,12.3139598206364,0.96695384098528,0.347752895326731,0.673418782436764,-5.66028961012915,"CHD2",0.477243771871177,0.458729245464779,""
"CES2",0.649074772549113,13.7168626154137,4.15801643864802,0.000324833757858433,0.027381575000655,0.234443889047919,"CES2",0.0194049920701658,3.48833884368638,"+"
"MYBPH",0.644814295379414,15.7880142373653,2.87897301900232,0.00801628385810366,0.116875432072848,-2.744232655477,"MYBPH",0.0828282095721871,2.0960269127561,""
"NES",0.644601997052975,12.8329595397643,2.75316200206713,0.0107824817835788,0.133198257860279,-3.01330556230436,"NES",0.0943959994075136,1.96728126689849,""
"SMARCC2",0.639780878210411,9.98421587078616,2.7635270452864,0.0109958692415656,0.13331088557068,-2.9836146637783,"SMARCC2",0.0944758173079505,1.95877043325237,""
"SERPINH1",0.63380381528507,11.7362887299069,4.92131699991626,4.46179996627279e-05,0.00710417705740989,2.10737307323586,"SERPINH1",0.00503464462730121,4.35048990413091,"+"
"OSBPL11",0.628439659324341,12.0354090202693,1.74051794503444,0.097743391451524,0.38165198896467,-4.73789579440616,"OSBPL11",0.270472163096727,1.00991259611274,""
"KRT16",0.623639566585155,15.8683436940633,1.13300768262455,0.267861973235727,0.600082854049197,-5.70815424284735,"KRT16",0.425271483615847,0.572088936209215,""
"XPO7",0.603758859796054,9.30868182420545,2.53896167682841,0.0256668258883827,0.19774614411741,-3.32922410340182,"XPO7",0.140140308160229,1.59062783543426,""
"FCGRT",0.600915962517565,10.2292492261533,4.94223774275516,5.89076756743259e-05,0.00888575781487463,1.9020652948035,"FCGRT",0.00629722943004307,4.22982811292398,"+"
"WDR82",0.600259203844834,9.11931619220765,3.15744144468342,0.00538397133460263,0.0940881819815313,-2.202810914518,"WDR82",0.0666791601726438,2.26889726105322,""
"CARNS1",0.594319489051031,12.1000442334116,7.63139340459397,5.16333894979179e-08,4.93270981003443e-05,8.45858230437349,"CARNS1",3.49575196992348e-05,7.28706936455331,"+"
"NAMPT",0.589018826238645,14.5166884850148,6.51312860038146,7.67273907006786e-07,0.000314143859640207,5.93986191245748,"NAMPT",0.000222629965773104,6.11504957077575,"+"
"BGN",0.566156752959532,13.2659178759874,2.94758881652706,0.00680620066032041,0.107732411969218,-2.59501595967541,"BGN",0.0763486614598504,2.16709525118713,""
"COX20",0.562361849410129,11.2945624912173,3.22977500372991,0.00342794697711304,0.0794384073482053,-1.96512284731707,"COX20",0.0562970415186728,2.46496590428831,""
"SLC25A6",0.562216360339571,13.9255788280673,3.73449069675335,0.000965373577283596,0.0448893812937242,-0.787277770542258,"SLC25A6",0.0318125633028243,3.01530459219329,"+"
"KRT17",0.561501240526624,13.3906426189875,1.05922645962232,0.299531071119803,0.632870114660502,-5.78583848965116,"KRT17",0.448507419903282,0.523558120466762,""
"NDUFAF2",0.559843328195978,14.1517549263378,1.69262194101139,0.102840469189481,0.38986876282679,-4.97349757952424,"NDUFAF2",0.276295291665225,0.987835950641217,""
"PDLIM2",0.553913437026957,9.69931279082312,2.67524126039469,0.0137497972767086,0.143477638520391,-3.16398097237147,"PDLIM2",0.101680872545414,1.86170370490687,""
"AGBL1",0.544748857399231,9.75075121965624,3.03966362512698,0.00770558991644565,0.115624192149389,-2.45586838626973,"AGBL1",0.0819414709243184,2.11319410741279,""
"VIM",0.540554521631236,17.1935509477968,4.22961610447077,0.00026982652567579,0.0241663382058379,0.409047418453225,"VIM",0.0171263925189845,3.56891535863608,"+"
"CASP3",0.536975870421612,12.8122721452812,5.92368788125652,3.37194018747463e-06,0.000966398057730228,4.54685589684834,"CASP3",0.000684874651893842,5.47212013762977,"+"
"ARPC1B",0.535688081940544,10.2893679177009,4.63038543356299,0.000114303502452034,0.0128465471019186,1.25925180653743,"ARPC1B",0.00910419304352579,3.94194046188567,"+"
"COMTD1",0.516753985775741,12.0138796628882,4.65297779623778,8.97271667653494e-05,0.0122456219023567,1.44734369513156,"COMTD1",0.00867832459980104,4.0470760453617,"+"
"AKR1C2",0.506364275864327,13.179207394624,2.49641812127003,0.0194300621583106,0.175114962722384,-3.54219446224329,"AKR1C2",0.124101862764065,1.71152581005549,""
"PXDN",0.505497940994095,9.86307548451112,1.99367129518979,0.0591902832450412,0.298660830599099,-4.40536536853717,"PXDN",0.211657329766678,1.22774958178074,""
"GSN",0.505390425743071,14.5853044740374,5.42215693869865,1.21819091626885e-05,0.00232755677735102,3.33432850572535,"GSN",0.00164951142533901,4.91428464324292,"+"
"SRP54",0.500730366053535,14.4167915881368,3.0074897739528,0.00717132526200609,0.110500097854352,-2.49045206660605,"SRP54",0.0783100870773486,2.14440057922874,""
"IGFN1",0.495025797209738,13.3955327492221,1.25877083980004,0.220104678161339,0.559237595399287,-5.54565102457327,"IGFN1",0.396324941271719,0.657370726742138,""
"KRT71",0.483054164617252,11.7090433087111,0.98681101345821,0.33310361391592,0.660782072912532,-5.85743292802296,"KRT71",0.468288288188999,0.47742065552489,""
"POR",0.481974190509506,11.5313395464889,2.39181536884459,0.0252392586406322,0.197100041591422,-3.72708841855811,"POR",0.139682423089958,1.59792340588635,""
"ANXA1",0.466653718596749,13.0737577533855,3.63403879085575,0.00124636582493903,0.0495153008502531,-1.0258695591117,"ANXA1",0.0350908967189817,2.90435446776192,"+"
"KRT14",0.465367240054306,16.9214196074748,0.978123958594473,0.337298009781461,0.664532845433478,-5.86570786851197,"KRT14",0.470946415452468,0.471986221347055,""
"SMPX",0.46482824654338,16.6034465879903,3.22544708824357,0.0034646897831562,0.0794384073482053,-1.9749630038691,"SMPX",0.0562970415186728,2.46033564460043,""
"TUBB4A",0.464224781356922,11.5227378910475,2.49494877646916,0.0198007665014637,0.176788152003723,-3.53683299237413,"TUBB4A",0.125287631834526,1.70331799757115,""
"NEK9",0.463729370447219,11.5433495026796,1.9778444023335,0.0691532473800743,0.319947935690541,-4.24777188316775,"NEK9",0.226743244491683,1.16018742096128,""
"TUBA1B",0.463474980150478,14.7489497464444,2.92336006910344,0.00721215971523019,0.11053502536818,-2.64789617209607,"TUBA1B",0.0783348397852866,2.14193466427422,""
"S100A16",0.461501293767538,12.52364918738,2.29766530661429,0.0301423418705901,0.213091127181852,-3.93048596303019,"S100A16",0.151015112647378,1.52082300875782,""
"TPPP3",0.454323309300353,10.7789800673405,3.71301566919029,0.00101967931667049,0.0449600141781171,-0.838429838746834,"TPPP3",0.0318626199763905,2.9915363899029,"+"
"CAMK2D",0.453615234443587,15.6394601416585,4.56986008540217,0.000111411655319156,0.0128465471019186,1.24298588921801,"CAMK2D",0.00910419304352579,3.9530693731119,"+"
"UCHL5",0.450512989675147,9.15514828174057,1.80258007557491,0.0863707980802054,0.361898694879925,-4.71462855703475,"UCHL5",0.256473241739393,1.06363306743215,""
"APOL2",0.449512084960466,10.297962177473,2.30308376920964,0.0305584275197981,0.213091127181852,-3.89664758402751,"APOL2",0.151015112647378,1.51486899751275,""
"CSRP3",0.442643673896111,17.172986678509,3.43909559397084,0.00203755020349668,0.0637837419843601,-1.48342481622614,"CSRP3",0.0452027689196988,2.69089168181107,"+"
"AKR1C3",0.433341142383851,12.5156813436021,2.36852684788293,0.0258209323400656,0.19774614411741,-3.79433350403093,"AKR1C3",0.140140308160229,1.58802808031765,""
"DNAJB11",0.432907518107951,11.4898651070046,2.69603298037094,0.0151722267696315,0.149955125769538,-3.11297685062031,"DNAJB11",0.106271389661442,1.81895067479711,""
"CROCC",0.431589163561643,13.2161796829623,2.15365348501366,0.0476759999781615,0.266873859252756,-4.05500788163328,"CROCC",0.189130286421084,1.32170018909595,""
"ATP1A1",0.430789478616456,12.3770858088598,4.7529720783948,6.91548496158522e-05,0.00990988994995162,1.69331143705825,"ATP1A1",0.00702301952646723,4.16017735875709,"+"
"CLIC1",0.42982566057518,11.2838238588128,3.51821760640727,0.00167028227270491,0.058371189961879,-1.2986570136348,"CLIC1",0.0413669585591519,2.7772101281824,"+"
"PDK2",0.428694523293396,13.3752779488455,3.23484593423817,0.00338537408416854,0.0794384073482053,-1.95358679229517,"PDK2",0.0562970415186728,2.47039333474434,""
"STAU2",0.427026776237692,10.4038591500952,2.46772340784167,0.0217574910591559,0.184488075075564,-3.57458062229454,"STAU2",0.130744474479494,1.662391186271,""
"AKAP2",0.425849217605007,9.52689498538168,1.68713039515483,0.108610878497018,0.399587647974908,-4.84729726290142,"AKAP2",0.283182948391531,0.964126673507612,""
"ARPC4",0.417004446695584,13.5273169380118,2.78483797320221,0.0104707192899672,0.133198257860279,-2.94253361538998,"ARPC4",0.0943959994075136,1.98002348327496,""
"KRT5",0.41571242377637,16.5219496726018,0.946506831484439,0.352866524311118,0.674797487574439,-5.89525266206035,"KRT5",0.478220843579545,0.452389540270087,""
"LAMA4",0.41543510787314,12.238273727805,3.75054397825068,0.000926640778719428,0.0446300313477555,-0.748990828958132,"LAMA4",0.0316287651230337,3.03308859169693,"+"
"GBE1",0.414212450604387,14.8599322286595,6.17628437257755,1.78025591429137e-06,0.000637776681294883,5.14861943350101,"GBE1",0.000451984644519822,5.74951756276089,"+"
"TPM4",0.414179454215605,12.5893004571485,3.05627722281335,0.00523831036835968,0.0931811099744741,-2.35535053458824,"TPM4",0.0660363291775826,2.28080877332722,""
"PTMS",0.413161081258123,11.224183587129,2.4694021845276,0.0236274185277007,0.188785910291031,-3.53659556907577,"PTMS",0.133790298478771,1.62658372569805,""
"CLPB",0.408722450470165,12.821717121354,4.03344012272899,0.000448243602549791,0.0305872896406596,-0.0682689565094599,"CLPB",0.0216768433850378,3.34848590008625,"+"
"HTATSF1",0.407828040263862,10.974539522865,2.78865614994734,0.00992223250448561,0.130445497054384,-2.93801004195695,"HTATSF1",0.0924451510137242,2.00339060049757,""
"ADIRF",0.40538993800164,9.79260049664265,2.31436728324792,0.0302633446812865,0.213091127181852,-3.86396806712528,"ADIRF",0.151015112647378,1.51908307577236,""
"NASP",0.404508550041744,9.52169086083228,2.72309128521731,0.0118023595143419,0.135419844086183,-3.07266519662725,"NASP",0.0959704107807021,1.92803116035311,""
"PPP1R3D",0.400465483731724,11.4719625806807,2.4655612450796,0.0208220057550459,0.180289632912271,-3.60375952247232,"PPP1R3D",0.127769089137934,1.681477437823,""
"TOMM20",0.39978399513056,10.9694624119832,3.34901602364369,0.00300708296372676,0.0779635247189178,-1.74994918552091,"TOMM20",0.0552518099815875,2.52185458979383,""
"PDK1",0.39602062091247,10.5301217962999,2.28226135572491,0.0334226748900491,0.22433111530417,-3.90070608331636,"PDK1",0.15898075671194,1.47595879551084,""
"RILP",0.395186632061826,10.0195504204633,2.26733979083489,0.0344707005663225,0.228159417605266,-3.92948554740375,"RILP",0.161693828395844,1.46254989010536,""
"PPP6C",0.391996560340122,9.4989463843328,2.43671677754069,0.0259429693608326,0.19774614411741,-3.59015451641004,"PPP6C",0.140140308160229,1.58598031725653,""
"TIMMDC1",0.389246743066661,9.98617443355793,2.22133643450937,0.0400019316276019,0.244446771950335,-3.96529956305478,"TIMMDC1",0.173236480047638,1.39791903679819,""
"ABLIM1",0.388227596266828,10.6618135390229,1.91630807759647,0.0688850271468618,0.319947935690541,-4.5498829805762,"ABLIM1",0.226743244491683,1.16187516610617,""
"TMSB4X",0.387729234981821,11.1698126365992,1.88643552061234,0.0712752878903331,0.324425877040522,-4.64865770420256,"TMSB4X",0.229916707536996,1.14706101984199,""
"COA4",0.3803662522146,10.3662781399023,2.50840352285205,0.0203052163348815,0.178453338172738,-3.48329651582118,"COA4",0.126467729195773,1.69239237910944,""
"ITGAV",0.37987806048702,10.7481501570581,3.09270873588278,0.00479490154505733,0.0914370713888437,-2.27415931874416,"ITGAV",0.0648003500593832,2.3192203058817,""
"L3HYPDH",0.378240628566372,10.6723674568275,2.22627573955995,0.0396124970145186,0.243528103468751,-3.96183017577421,"L3HYPDH",0.172585430770896,1.40216778053318,""
"FBN1",0.376129855951083,13.1523978336488,1.07797025666067,0.291660715036921,0.625065190612564,-5.74682588327016,"FBN1",0.442976164332524,0.535122063821906,""
"DNAJA4",0.372002162626853,12.0956143598551,2.66784757574707,0.013145988871227,0.141110127733845,-3.19220629695953,"DNAJA4",0.100003046195475,1.88120673970868,""
"SEPTIN9",0.371533131038113,10.8698000221244,1.60087782513185,0.121850634179476,0.423301718252579,-5.11052438503678,"SEPTIN9",0.299988824082704,0.914172206159765,""
"CLIC4",0.371316881859469,10.8357332307952,2.76751281296042,0.0104265316272578,0.133198257860279,-2.98292232726344,"CLIC4",0.0943959994075136,1.9818601350681,""
"TMEM43",0.369294645828779,13.8107673517343,5.52427678271951,9.36416883360767e-06,0.00191697913407997,3.58284899769731,"TMEM43",0.00135853999978472,5.0285307646846,"+"
"CTNNB1",0.365781297423286,13.1802410817037,1.20281245524956,0.240213759593777,0.574516849342723,-5.63033631946311,"CTNNB1",0.407153164323291,0.619402119562168,""
"CNN3",0.362489030468312,12.2131274804094,3.69864312293782,0.00105768532115758,0.0459291837945096,-0.872621381604786,"CNN3",0.0325494587984923,2.97564352286096,"+"
"METAP1",0.361147797790013,11.3032291089391,3.39975543684343,0.00224827544520855,0.0657505859792624,-1.57477422411356,"METAP1",0.0465966475451402,2.64815048269105,"+"
"GIT2",0.360968985617118,11.1714074326113,3.78518981194117,0.00100241465554723,0.0448893812937242,-0.753934324279871,"GIT2",0.0318125633028243,2.99895259247604,"+"
"ALDOC",0.359424467797774,13.7774760887158,1.25939121661856,0.219884432165356,0.559173720129468,-5.54491347630676,"ALDOC",0.396279673638127,0.65780551763337,""
"CBR1",0.359068657711619,15.5902485627715,3.43715305237944,0.00204748927514345,0.0637837419843601,-1.48794378226715,"CBR1",0.0452027689196988,2.68877836441893,"+"
"PGM5",0.356701875594618,13.82388933293,3.20577976518851,0.00363649630388455,0.0807922357126598,-2.01961422278724,"PGM5",0.0572564833577918,2.43931684950692,""
"PSMB8",0.354154414215586,10.1483042360949,1.69298534366867,0.104425361443448,0.393793534074897,-4.92031111174224,"PSMB8",0.279076729728774,0.981194012853616,""
"TUBB2B",0.353275927418938,15.4819898512796,3.62937139179999,0.00126120619751168,0.0495153008502531,-1.03691216522027,"TUBB2B",0.0350908967189817,2.89921390381494,"+"
"MRPS17",0.353030503676459,12.2141602805619,3.57686961216155,0.00144050577539099,0.0528114115777579,-1.16084473311457,"MRPS17",0.0374268106511821,2.8414849961719,"+"
"MRPL30",0.352024364671374,9.91539189218027,2.09363127062201,0.0513783013485104,0.276814843514924,-4.18045303330058,"MRPL30",0.196175342111723,1.28922025832509,""
"MTIF2",0.348841200438594,11.6067582797029,2.68569898719097,0.0126144625704891,0.139766113678728,-3.15502158777778,"MTIF2",0.099050559639054,1.89913124753585,""
"GSTK1",0.347855900201479,15.0622491946098,4.55271636395126,0.000116497596151654,0.0128465471019186,1.20085367551958,"GSTK1",0.00910419304352579,3.93368303591558,"+"
"SLC25A5",0.347751823775361,11.086602345086,1.94065339187298,0.0710379911817515,0.324195673132006,-4.38631212417631,"SLC25A5",0.229753564802542,1.14850932807145,""
"ACAD9",0.347517672160656,10.6493187423107,2.33833235759992,0.0275878663650139,0.204836334202409,-3.85266806016006,"ACAD9",0.14516504038882,1.55928188639042,""
"COL6A3",0.344506023204247,15.5767045178427,3.09081377985313,0.00481705004327641,0.0914370713888437,-2.27839262390623,"COL6A3",0.0648003500593832,2.31721884187201,""
"VPS36",0.34432779615484,11.4539737884318,2.52118212998313,0.0212099945660739,0.181999534210682,-3.43017804705151,"VPS36",0.128980875572266,1.67345944274815,""
"TPSB2",0.34369861694748,14.3621711930049,1.79300296440227,0.0849688516856723,0.358646139810216,-4.81671590945086,"TPSB2",0.254168195176733,1.07074025099427,""
"IGKV2-28",0.343255215051315,11.3356797731057,1.74402852627619,0.10129242648002,0.387627392928233,-4.69112491172673,"IGKV2-28",0.274706859841754,0.994423025132271,""
"DPYSL3",0.341047919743115,12.6271164844276,2.96934927585496,0.00646022314593306,0.104817709275819,-2.54734945137551,"DPYSL3",0.0742830468028795,2.18975248055389,""
"PREB",0.340903121301164,12.5218762258326,4.38441179362213,0.000180513444339911,0.0178397079820064,0.787751331160398,"PREB",0.0126427859579526,3.74349044702592,"+"
"MRPS35",0.337923950435853,10.5830425542104,3.02578868165036,0.00579727944697957,0.098898826756211,-2.42588899547175,"MRPS35",0.070088406123719,2.23677576477393,""
"YBX1",0.337604555321573,9.2044564835074,1.24194269068959,0.230894272169431,0.565109294652084,-5.39479884672481,"YBX1",0.400486143738567,0.636586840560796,""
"CASQ2",0.337356672850802,16.6869920214916,2.06575128249705,0.0492645412971338,0.273340496528351,-4.35687320293334,"CASQ2",0.193713114291671,1.30746555657772,""
"AKT2",0.334889154208186,11.1097896530716,3.24174778754478,0.00344248638300737,0.0794384073482053,-1.94667714866538,"AKT2",0.0562970415186728,2.46312776894946,""
"TFRC",0.332413394378447,11.6431159399499,1.42528873930355,0.166326715544356,0.493470358954579,-5.35526914497229,"TFRC",0.349716493742468,0.779037988413374,""
"DYNLT1",0.327891879759274,11.0537467993916,2.06532332305623,0.0493081077128952,0.273340496528351,-4.35763132167976,"DYNLT1",0.193713114291671,1.30708166397904,""
"TIMM17A",0.325492818086969,10.1533257242497,2.59581137558102,0.0176307767667574,0.16641820177841,-3.30778085698616,"TIMM17A",0.117938573137741,1.75372855337935,""
"SPARC",0.325231064202635,11.9376241736634,2.42260930467832,0.02291319071972,0.187626298864907,-3.68869148683272,"SPARC",0.132968495842222,1.63991442999518,""
"MT-ND3",0.323813781711122,9.67849042724261,1.39389122171708,0.190309641829633,0.521441140997827,-4.83892060706688,"MT-ND3",0.369539049739798,0.720539208101165,""
"LCN1",0.321967552149715,12.0563400659075,0.537684585249407,0.599720584090214,0.835179394559063,-5.85680352525041,"LCN1",0.591881567375026,0.222051044703362,""
"ADA",0.321574686515175,12.3386048759196,1.61862741790654,0.163842015939776,0.489136685086874,-4.4292968827676,"ADA",0.346645271322447,0.785574717038891,""
"UBL4A",0.32135976781943,10.3629185755758,2.84629917287968,0.010620861954575,0.133198257860279,-2.82114974409872,"UBL4A",0.0943959994075136,1.97384023589815,""
"PRKAA1",0.318867311716996,11.3097572417391,2.8853430117195,0.0078958686568469,0.116875432072848,-2.73045100300801,"PRKAA1",0.0828282095721871,2.10260008451282,""
"AIP",0.318213468142433,10.5192466199177,1.59226574545667,0.126827884618646,0.433935676415644,-5.02632575232025,"AIP",0.307524982021896,0.89678525114962,""
"RFTN1",0.31777957408581,10.3528353682589,2.61326970093452,0.0151734077017327,0.149955125769538,-3.29885610559659,"RFTN1",0.106271389661442,1.81891687274919,""
"ME2",0.314833165805515,13.1741929517968,3.78426105516437,0.000850187543963364,0.0443025000181637,-0.668443071176711,"ME2",0.0313966476187152,3.07048526213954,"+"
"TIGAR",0.314082014119231,11.1689956210832,2.14181663278109,0.0424617158785102,0.251957096703541,-4.20704499325147,"TIGAR",0.178558956650129,1.37200245996956,""
"PPP4R1",0.313959576737508,10.3390688919755,2.03041570478592,0.0529790700255086,0.28118150869094,-4.41909656420859,"PPP4R1",0.199269945074176,1.27589566941241,""
"ECH1",0.313941276086746,15.6869313407906,3.32665312240999,0.00269735548607053,0.0722838692330099,-1.74354609742766,"ECH1",0.0512267066169096,2.56906181384926,""
"HBS1L",0.313660381679798,9.51658398834685,1.07423086115598,0.295363444007522,0.62975076208404,-5.66045341475654,"HBS1L",0.446296772341597,0.529643256648419,""
"IDH3A",0.311922314839729,15.3319173980609,3.6033071069095,0.00134730994611856,0.0508077671786288,-1.09850332410084,"IDH3A",0.0360068520229585,2.87053248415478,"+"
"UAP1L1",0.311460732311366,10.2994139782093,2.17502985861723,0.0438284080612811,0.255880786433546,-4.05106701956845,"UAP1L1",0.181339628254839,1.35824430353625,""
"ARFIP1",0.311422757351876,9.87367574827626,1.46407575363862,0.160201191795752,0.484685099410497,-5.14340091873319,"ARFIP1",0.343490486225253,0.795334257362935,""
"SYNC",0.311333974869365,12.3195812330579,3.50787918555575,0.00171433074708149,0.0584913323944709,-1.32287586075311,"SYNC",0.0414521020526025,2.76590538557789,"+"
"MRPS22",0.311328268472206,12.1038560057225,2.89833931663935,0.00765549592906443,0.115477112277361,-2.70228753553746,"MRPS22",0.0818372371923179,2.11602667011533,""
"RPL17",0.311269777051114,12.3551983749862,1.38058023243899,0.179515669247592,0.508391213501581,-5.41376856659411,"RPL17",0.360290723462919,0.745897637499244,""
"SRPRB",0.311182709007229,10.7486088937468,3.83740929497604,0.00074207777898282,0.0443025000181637,-0.541125807334432,"SRPRB",0.0313966476187152,3.1295505728709,"+"
"BRAWNIN",0.309848115165543,11.9764541504627,1.97476833513467,0.0597934720562531,0.299233067272034,-4.50039234938474,"BRAWNIN",0.212062866997472,1.22334622746142,""
"RBP1",0.309791436029505,11.7738480546727,1.78473047019541,0.0873698048736294,0.365017289749012,-4.79366069387106,"RBP1",0.258683352322996,1.05863863421385,""
"EPHX1",0.309169470514705,15.6644400740458,2.05013646374198,0.0508764769819859,0.276563906958044,-4.38446302552224,"EPHX1",0.195997506399341,1.29348296969173,""
"ABCC1",0.308982154192114,10.4982459094398,1.88503207175785,0.0719939812687814,0.32699643473269,-4.63621343661085,"ABCC1",0.231738430780865,1.14270380927727,""
"MICOS13",0.308686618230153,10.1989141265592,2.53719413782461,0.0186869813488296,0.17186673052621,-3.43166579560018,"MICOS13",0.12179987976976,1.7284608478682,""
"TUBB2A",0.307847882668279,10.4330642460909,2.23566929619976,0.0344527537260054,0.228159417605266,-4.04742085584794,"TUBB2A",0.161693828395844,1.46277606025233,""
"ACOT1",0.307112912049169,9.58789425118494,1.69431684095633,0.105543027402447,0.396963669993981,-4.86922701916308,"ACOT1",0.281323366833093,0.976570452651595,""
"MCU",0.305259615561203,12.5997303105032,2.95901861964975,0.00662233140317188,0.10656576709794,-2.56999913682413,"MCU",0.0755218743055213,2.1789890895206,""
"TOMM40",0.30414035990152,11.4170464439534,2.03912293885807,0.0520414067885527,0.278266178835806,-4.40383412019583,"TOMM40",0.197203885955245,1.28365097205957,""
"ANXA2",0.302510907766518,15.9624049450815,4.13657376671181,0.000343373147823033,0.0281173554760232,0.182236073458624,"ANXA2",0.0199264308219382,3.46423367017759,"+"
"COL6A2",0.302097274032514,14.861415634486,2.49791372354287,0.0193648355356397,0.175077661341146,-3.53919896724089,"COL6A2",0.124075427724915,1.71298618709863,""
"F13A1",0.301994839852091,11.6401147024004,2.68148324689386,0.012986924665713,0.140199998361313,-3.15893793682622,"F13A1",0.0993580484823629,1.88649367870642,""
"SLC2A4",0.301422830125219,12.7471850278726,2.58877300393228,0.0157624713280043,0.153657288524015,-3.35527595484026,"SLC2A4",0.10889506776949,1.80237569040147,""
"MRPL19",0.300520975682689,11.3681893543702,3.37263046936392,0.00240573328822998,0.066940112660846,-1.63754889552948,"MRPL19",0.0474396507625529,2.61875252241204,"+"
"COL6A1",0.299759742781923,15.9815070544669,2.62586850896699,0.0144797085204046,0.147159023473332,-3.27911499897927,"COL6A1",0.104289825676026,1.83924018049067,""
"OBSCN",0.297064925817324,15.620082281342,2.29454395603053,0.030347049571651,0.213091127181852,-3.93642274568231,"OBSCN",0.151015112647378,1.51788352590792,""
"ORAI1",0.296420769237926,10.6256516372983,1.78958674828357,0.0885000003214907,0.36613130045856,-4.73290417824534,"ORAI1",0.259472838281505,1.05305672772453,""
"HAX1",0.295865979649131,12.0627087192309,2.182823215039,0.0385596101117926,0.241653114333401,-4.14543248583075,"HAX1",0.171256648576948,1.41386736603355,""
"SLK",0.295404648223336,11.3878911636568,1.0707715871164,0.29575873194875,0.62975076208404,-5.71380190271924,"SLK",0.446296772341597,0.529062424447531,""
"LTBP4",0.293886558616968,10.4554990875338,1.97370577392732,0.0599212978024995,0.299233067272034,-4.50220481058163,"LTBP4",0.212062866997472,1.22241878906092,""
"S100A10",0.293176557102573,13.7921116673626,3.24469046817963,0.00330417578859773,0.0794384073482053,-1.93117103688798,"S100A10",0.0562970415186728,2.48093685542335,""
"EHBP1L1",0.293035077148408,12.2675077085522,3.68447450607595,0.00109650918854037,0.046904407975473,-0.906293437313368,"EHBP1L1",0.0332405884175071,2.95998772466529,"+"
"MRC2",0.292869258256868,10.1326366060364,2.33454099119433,0.0299777971509763,0.212664273848263,-3.80696683307722,"MRC2",0.150712606836327,1.52320028343986,""
"UBE2D3",0.29208934612379,12.3882005425246,1.03982391214347,0.30868556817509,0.642007223548699,-5.78568763372291,"UBE2D3",0.454982778808511,0.510483674400102,""
"MRPL4",0.291450390104314,12.0370575207651,3.02850985494495,0.0056023497454412,0.0961457147930209,-2.41695003370479,"MRPL4",0.0681373088689882,2.25162978237895,""
"SNX9",0.290500049590191,11.070447038375,3.50047233913357,0.00174658236363737,0.0588906476962908,-1.34021337956329,"SNX9",0.0417350919925576,2.75781092950541,"+"
"IDH3B",0.28892442126023,14.010216230538,3.26427707904664,0.00314817647883657,0.0779635247189178,-1.88649492181455,"IDH3B",0.0552518099815875,2.50194093017681,""
"AGFG1",0.288316074719225,9.97964417495379,1.78053733066979,0.0886584516811725,0.36613130045856,-4.77734511588666,"AGFG1",0.259472838281505,1.05227985742868,""
"PCNA",0.287251185236297,11.3169245209721,1.4945560137862,0.149743936579376,0.474216709653583,-5.18156619308071,"PCNA",0.336071664619285,0.824650754003302,""
"HTD2",0.286866444806618,10.0767840256357,1.31585051483202,0.206504389023947,0.539017831459592,-5.28339647504988,"HTD2",0.381995438352292,0.68507071345734,""
"ABCB10",0.286676026565111,10.6635272003897,1.60446178389096,0.121566921190207,0.422828636081472,-5.08736700627353,"ABCB10",0.299653556451874,0.915184582126583,""
"TPD52",0.285802910904922,11.4086753963756,2.31857129284339,0.0288033789502109,0.208377975376803,-3.8905900186963,"TPD52",0.147674958788432,1.54055656177711,""
"DPP3",0.285688808554111,12.8405963836436,3.79307424021079,0.000831246960539737,0.0443025000181637,-0.647360041708909,"DPP3",0.0313966476187152,3.08026992968671,"+"
"C8orf82",0.284109770707397,11.5163216214366,2.75226614685019,0.0108050775051676,0.133198257860279,-3.01519953046971,"C8orf82",0.0943959994075136,1.96637211356132,""
"CARD19",0.283647608003216,14.5015780965855,3.30231005609971,0.00286532590106888,0.0760372595598463,-1.79945333176925,"CARD19",0.0538866890878506,2.54282597439943,""
"CYTH1",0.283316718539567,9.66394715785298,1.58578386726415,0.162033561920103,0.486875869952317,-4.56303471268382,"CYTH1",0.345043058894669,0.790395020969316,""
"MSN",0.283149739408572,16.8257376301561,4.11096655187102,0.000366890196768462,0.0284123701546694,0.119942307106958,"MSN",0.0201355041677766,3.43546389234937,"+"
"DCD",0.282842112942538,15.6225459609064,0.806069232536537,0.427734492157925,0.733624808213413,-6.01548212828965,"DCD",0.5199110564501,0.368825727180968,""
"SLC16A1",0.28127738800772,11.6917982666679,3.47961565243387,0.00184060498482811,0.060634182603648,-1.38897076137745,"SLC16A1",0.0429707141600375,2.73503940612756,"+"
"CBX3",0.281210739820299,10.4744140175074,3.1340280874487,0.00433554799878572,0.0871827262092408,-2.1815798046797,"CBX3",0.0617853469241739,2.3629560013464,""
"PTGES3L",0.280091920039904,10.9883081765698,1.77046556845749,0.0897715072401654,0.368225757565323,-4.81606414290254,"PTGES3L",0.260957154780723,1.04686148306439,""
"TXNDC5",0.279442218952182,12.3539095483533,3.18973295026832,0.00378272728978072,0.0827579878817676,-2.05596541350127,"TXNDC5",0.0586495882194564,2.42219496740737,""
"SHMT2",0.278229722745596,12.2495592330554,3.74800272871912,0.000932669034391858,0.0446300313477555,-0.75505444658143,"SHMT2",0.0316287651230337,3.03027244203846,"+"
"PSME2",0.276068337288438,14.0818646121394,3.48350761051997,0.00182269387352122,0.060634182603648,-1.37987948673274,"PSME2",0.0429707141600375,2.73928626618016,"+"
"FSCN1",0.275958929017548,13.7494300469313,1.1520028622214,0.260117819025242,0.593836536956154,-5.68739102099589,"FSCN1",0.42084479400229,0.584829896019181,""
"COX7A2",0.274829390286865,14.7963623634833,1.9688425125639,0.0600469827629667,0.299233067272034,-4.52569075388096,"COX7A2",0.212062866997472,1.22150881011479,""
"ARHGAP1",0.274393105876879,12.8599950267729,2.9833979388122,0.00624583157362755,0.104618655776894,-2.51648985769201,"ARHGAP1",0.0741419799881299,2.2044097312218,""
"MYH10",0.273155487715519,10.9708064982246,3.34796011248118,0.00265465975839969,0.0722838692330099,-1.70647245999109,"MYH10",0.0512267066169096,2.57599113353486,""
"DES",0.272948304608807,19.5470519162605,3.03197018411979,0.00555569827276166,0.0959194653598489,-2.40928715636154,"DES",0.067976968623532,2.25526134861349,""
"FAM98B",0.27123326646918,10.9823285867021,2.6439758666308,0.0138896046349808,0.143477638520391,-3.24172036834806,"FAM98B",0.101680872545414,1.8573101161983,""
"GATC",0.270789941586122,10.9150912897778,2.79383816458667,0.00980219410002292,0.129461236362515,-2.92697584445991,"GATC",0.0917476173283811,2.00867670197292,""
"FIS1",0.268995616325503,13.9512091562957,2.61059892366765,0.0149954538061613,0.149955125769538,-3.31053837999344,"FIS1",0.106271389661442,1.82404038668808,""
"NPEPL1",0.268285893871587,14.6715315995972,4.05108821837452,0.000428283808581052,0.0299380828144706,-0.0254779916678771,"NPEPL1",0.0212167583346419,3.36826834394763,"+"
"VAT1",0.267511798968677,11.7660301680585,1.71991367538318,0.0976919963103168,0.38165198896467,-4.93156903414114,"VAT1",0.270472163096727,1.01014101561233,""
"HOMER2",0.266772674282407,11.7873190152336,2.35081826794731,0.0268442123315378,0.20035289724528,-3.82860268114805,"HOMER2",0.14198768267298,1.57114933467282,""
"CKAP4",0.266344544757676,11.0033353015213,2.42387082508397,0.0231782614433353,0.188596178086212,-3.67674259519943,"CKAP4",0.133655837552769,1.63491914274182,""
"PTCD3",0.266295612600338,12.8886474154426,3.13914304863572,0.00428171335119077,0.0871827262092408,-2.17008351450005,"PTCD3",0.0617853469241739,2.36838241087697,""
"ATP5IF1",0.266211903346164,10.1077573395164,1.34793028493412,0.190147016230843,0.521441140997827,-5.43642908667218,"ATP5IF1",0.369539049739798,0.720910485107236,""
"PRKAR1B",0.265666194013997,12.3939972798977,2.10870415196089,0.0450624305507238,0.25832909709218,-4.28022768854911,"PRKAR1B",0.183074716499944,1.34618538726156,""
"PGRMC1",0.265182499180487,11.6634364320608,1.48837602348669,0.14955039846639,0.474216709653583,-5.25154922905639,"PGRMC1",0.336071664619285,0.825212425484393,""
"PROB1",0.264618006083079,13.875737927061,2.4359592353145,0.0222433694850362,0.185886957512093,-3.66239022894674,"PROB1",0.131735845596286,1.6527994240182,""
"QRSL1",0.263932808574131,11.6489234916064,2.33056807271143,0.0280597500931976,0.206203189146421,-3.86759220545915,"QRSL1",0.146133714007813,1.5519162012203,""
"IMPACT",0.263722656914153,10.7100568501897,1.5035955355531,0.151890190661328,0.478370644434469,-5.05254843143423,"IMPACT",0.339015508115546,0.818470272741671,""
"MVP",0.263685836053989,9.81953607998771,1.47626661333516,0.1560575963675,0.483410928453801,-5.14172781732399,"MVP",0.342587496630603,0.806715086465533,""
"HTRA2",0.263275727101231,11.8334756564091,2.62956315375287,0.0143574326857261,0.146435594581107,-3.27149648580542,"HTRA2",0.103777140342307,1.84292321121509,""
"PXN",0.261887209880769,10.1487096437829,1.34155669330769,0.193912449831626,0.524790444964531,-5.38079286196184,"PXN",0.371912661079281,0.712394306859399,""
"FAM136A",0.261820654830128,12.0912486515005,2.94338744857156,0.00687500104314275,0.107732411969218,-2.6042002923458,"FAM136A",0.0763486614598504,2.16272723160227,""
"TRDN",0.261082222008531,12.8633518925008,1.25520562532095,0.220904444519289,0.559780847031196,-5.56921936696189,"TRDN",0.396709937153404,0.655795546189298,""
"PON2",0.260611459189146,11.8638334857481,1.46753901103187,0.154584126741904,0.481563160045974,-5.2985397105684,"PON2",0.341278005438058,0.810835103058848,""
"PLXDC2",0.259647821859373,10.5498025967673,1.72808548582028,0.0961935334257991,0.379216873175159,-4.91891235476566,"PLXDC2",0.268746425896283,1.01685412226455,""
"GLUD1",0.259514773869972,13.094843413581,4.28154257515658,0.000235816193083116,0.0225283069792071,0.535915840929011,"GLUD1",0.0159655395380038,3.62742637597893,"+"
"TBRG4",0.258066945372072,11.5682298271269,2.77595770609533,0.0102222762929236,0.132565809300991,-2.96500488518144,"TBRG4",0.0939477907388198,1.99045238488827,""
"CTSG",0.257352499665153,12.0289768525947,1.01797449306364,0.318351599456269,0.649934283864775,-5.82719315916455,"CTSG",0.460600590879932,0.497092963820286,""
"FAHD2A",0.255186306392869,13.3799156305633,3.06226911615623,0.00516277934393656,0.0931811099744741,-2.3420256831639,"FAHD2A",0.0660363291775826,2.28711643620759,""
"EEF1A1",0.254971004805421,15.0583020712056,2.30265929881911,0.0298174350750334,0.212161874658185,-3.92097667425806,"EEF1A1",0.15035656258762,1.52552971771297,""
"HPRT1",0.25463765251884,12.3279009211893,2.49300594322873,0.0195796371321416,0.175675696837245,-3.54902465006918,"HPRT1",0.124499248270636,1.70819536120341,""
"GIGYF2",0.254261596588671,13.5036083650853,2.03175651493036,0.0528337132252051,0.280930282195617,-4.41674934392732,"GIGYF2",0.199091903885916,1.27708886543371,""
"HSPB2",0.253948941920477,16.7773646509668,3.07550625029532,0.0049995967864285,0.0930444440902862,-2.31254856810741,"HSPB2",0.065939475713205,2.30106501976205,""
"MRPS18B",0.253594746871547,11.9945112530245,1.37908436256595,0.186574181632851,0.516455666847115,-5.19466588192684,"MRPS18B",0.366005904317802,0.729148454641864,""
"CSMD3",0.253394313322875,11.145634052835,1.23775680273523,0.230703566852005,0.565109294652084,-5.45419442875383,"CSMD3",0.400486143738567,0.636945690905136,""
"CALU",0.252809192167717,15.5704066053057,3.51345328641948,0.00169044269603488,0.058371189961879,-1.30982071496541,"CALU",0.0413669585591519,2.77199954670694,"+"
"MRPS34",0.252552157355701,11.3723641068157,1.61339699551357,0.120159733669337,0.422549443799167,-5.05358264678007,"MRPS34",0.299455696247556,0.920241042940317,""
"BOLA2B",0.252363443205526,13.3321592909427,2.84307093434613,0.00872818723387718,0.120845336291266,-2.82162900790602,"BOLA2B",0.0856416328276382,2.05907594599356,""
"ARMC1",0.251324285180514,12.2521717227592,2.97450516901723,0.00638073862017735,0.104817709275819,-2.53603167676003,"ARMC1",0.0742830468028795,2.19512904540106,""
"PPIB",0.251315570034205,14.3881716210608,3.32645772349009,0.00269866504114866,0.0722838692330099,-1.74399545607429,"PPIB",0.0512267066169096,2.56885101681746,""
"LDHD",0.251054002922332,12.5615470193602,2.79997848148815,0.00966173207296235,0.128196870931065,-2.91388762734448,"LDHD",0.0908515767912505,2.01494500999247,""
"CRIP2",0.250406087889191,12.3862323346534,1.95225036733462,0.0620881550399074,0.30406000194563,-4.55400922281066,"CRIP2",0.215483657403506,1.20699124509672,""
"CAPN2",0.250354544115304,14.3725178522499,3.79600161080109,0.000825047863572733,0.0443025000181637,-0.640354540584842,"CAPN2",0.0313966476187152,3.08352085595607,"+"
"MEAK7",0.249919471437103,10.5247687904997,1.57437086776885,0.138997125766945,0.457891680974786,-4.85907088239589,"MEAK7",0.324502313621407,0.856994180152103,""
"OPTN",0.249342263284371,11.8203069554667,3.24825229011148,0.00327526312998591,0.0794384073482053,-1.92305437482292,"OPTN",0.0562970415186728,2.48475380366902,""
"LMNB1",0.248435241594589,10.4417503039511,2.05945138569666,0.0513497165119894,0.276814843514924,-4.31724201083745,"LMNB1",0.196175342111723,1.28946194968342,""
"SEPTIN7",0.247740622072822,11.2681938949132,1.63200680257077,0.11509684997381,0.413886539554503,-5.06471627786428,"SEPTIN7",0.293316400455832,0.938936562188736,""
"MRPL37",0.245989880315824,11.7707990310357,3.11630126547145,0.00452719630794344,0.0891215640869928,-2.22136166794366,"MRPL37",0.0631593779520536,2.34417067325201,""
"EIPR1",0.245757238032281,10.0750054075812,1.2483836638885,0.227683072062668,0.564421025748772,-5.42185596213374,"EIPR1",0.399998375865076,0.642669257408843,""
"LASP1",0.245719490768407,12.1291161414345,2.66454695602176,0.0132465356624038,0.141593956506434,-3.19906680664533,"LASP1",0.100345929813206,1.87789768696674,""
"MRRF",0.244315947620301,11.4927526200279,1.7515226163483,0.0976315374241068,0.38165198896467,-4.72159506801893,"MRRF",0.270472163096727,1.0104098717097,""
"HSPB3",0.244208944330618,15.1465006209017,2.28158563062997,0.031210498303917,0.215604568634295,-3.96101384653014,"HSPB3",0.152796358300789,1.50569929737395,""
"HMOX2",0.243888385949507,11.822338744051,3.37950046202102,0.00236487108201056,0.066940112660846,-1.62166640391985,"HMOX2",0.0474396507625529,2.62619252930142,"+"
"TPMT",0.243723496796793,11.4740113477812,3.78930838671246,0.000992407952256583,0.0448893812937242,-0.745935606872545,"TPMT",0.0318125633028243,3.00330976434409,"+"
"LYRM4",0.243109177268783,10.2995555554282,2.52200756120108,0.0206325380448231,0.179190466777161,-3.44817498888865,"LYRM4",0.126990123350353,1.68544734541205,""
"UBXN6",0.242995703420819,10.5131906789385,1.64269949615562,0.116693807747706,0.415975687817072,-4.92845375100681,"UBXN6",0.294796954641176,0.932952188790552,""
"NOL6",0.242930230945795,11.0181443920401,1.43260060245556,0.17217326283508,0.502493453447391,-5.11641026891484,"NOL6",0.356111052020332,0.764034290192185,""
"COA1",0.242817869896871,11.9291634131867,2.16030677455381,0.0417883990861185,0.250130061544283,-4.13977263358004,"COA1",0.177264158860869,1.37894426636253,""
"TSTD1",0.242718482289089,11.6020139344713,2.1553860864005,0.0408613846163814,0.247135033734289,-4.19569912533051,"TSTD1",0.175141618762227,1.38868692108425,""
"CHCHD7",0.242303312198771,11.7610508574002,0.801517081247625,0.430315777156844,0.735170780441046,-6.01907487268782,"CHCHD7",0.521006668328424,0.366212730592913,""
"MYL9",0.242268258932699,12.6351080628822,1.75660017622106,0.0911166796777341,0.369887257728592,-4.87438234394039,"MYL9",0.26213463991414,1.04040211447671,""
"YWHAQ",0.241904193567406,12.1686045342249,3.27059606908399,0.00309938311779961,0.0779635247189178,-1.8720597250591,"YWHAQ",0.0552518099815875,2.50872473687388,""
"MRPS25",0.2418758943983,10.6410473203124,2.64966223106123,0.0139672927938552,0.143477638520391,-3.22444756455102,"MRPS25",0.101680872545414,1.85488776272082,""
"UBTF",0.241754241229831,13.83531423502,1.84385130338898,0.0769789801450619,0.3372196414183,-4.73465561623146,"UBTF",0.238983494100312,1.11362784694766,""
"RPL35",0.241010269504024,10.0371297171723,1.36826699471607,0.186231699891054,0.516189605307312,-5.32898102440445,"RPL35",0.365817349712381,0.729946392549114,""
"ITPA",0.240570518714616,12.3637726692096,1.85797868240548,0.0748776679267187,0.332757346861694,-4.711548609441,"ITPA",0.235821119748814,1.12564769020918,""
"RPS13",0.240463322604278,12.4070805275306,1.41148951248147,0.170312541265998,0.500207905271262,-5.37349393014985,"RPS13",0.354491311584191,0.768753370815561,""
"EML2",0.239436729700403,11.6015694239235,1.49393881521198,0.148099164659455,0.473718979814731,-5.24391212880653,"EML2",0.335718929483494,0.829447391072392,""
"COPA",0.236948068473863,11.6977980585687,2.08557855530814,0.0472832935542855,0.266235597891124,-4.32162949134385,"COPA",0.188677958289453,1.32529227995603,""
"DYNC1LI2",0.236479823999289,11.7011236946184,2.20916230377872,0.036460506911175,0.234742498608729,-4.09677699573506,"DYNC1LI2",0.166359178532437,1.43817729763398,""
"KCTD12",0.235858867641843,13.0754377943181,2.70030125891924,0.0121947377462424,0.136523899924729,-3.12450574373096,"KCTD12",0.096752841842155,1.91382753496357,""
"RHOC",0.234897794811173,11.5186502342872,1.76388480975402,0.0914893218669412,0.370350842472674,-4.80328497952067,"RHOC",0.262463176832946,1.0386295914514,""
"KRT10",0.234331161965777,18.0917461501072,0.657284059911617,0.516949266673955,0.796975039423106,-6.12282451008705,"KRT10",0.564806601510524,0.286552076412213,""
"CALD1",0.233444150166005,12.9194223453955,2.57867305651899,0.0161296492711923,0.155648400037836,-3.375906604699,"CALD1",0.110306144493001,1.79237507596143,""
"COX11",0.233327819299543,11.1294776038343,0.88297317681341,0.388153846915523,0.69970782808509,-5.81578198119531,"COX11",0.495874501561701,0.410996105273062,""
"PDLIM1",0.232974790044539,12.5696247862411,2.16970258753213,0.0396453647000615,0.243528103468751,-4.16952383446785,"PDLIM1",0.172585430770896,1.40180758269353,""
"MTDH",0.232735597018038,9.94542547522051,1.24840359747723,0.226136131450271,0.564421025748772,-5.46138080774262,"MTDH",0.399998375865076,0.645630041653666,""
"JUP",0.232523623484894,14.4692108231492,0.557720237354726,0.581950024872837,0.825953632498184,-6.18287159288128,"JUP",0.585343381035186,0.235114308913424,""
"LGALS3",0.232484720685102,13.484351379055,2.22989493036202,0.0348814041509996,0.229816331716701,-4.05820584206263,"LGALS3",0.162868063449619,1.45740604086227,""
"SEC23A",0.231924615511764,11.736526170981,2.32104234197482,0.028648754234724,0.208085340981506,-3.88585918021125,"SEC23A",0.147467572320704,1.54289425819041,""
"FBLN2",0.230945581896243,10.4635620528046,1.24534863364724,0.224444322012581,0.564126580044611,-5.58089309956772,"FBLN2",0.399789705744595,0.648891376895411,""
"KRT2",0.23085196777097,17.692779358551,0.676686456422979,0.50476119821734,0.788033999377247,-6.11001504194599,"KRT2",0.558470194229906,0.296914037376793,""
"ESYT1",0.230155911227154,13.5190386006726,3.0907740954449,0.00481751492662784,0.0914370713888437,-2.2784812664531,"ESYT1",0.0648003500593832,2.31717693104883,""
"TMEM186",0.229936352764767,9.78717600552539,1.56623664570322,0.137826819312757,0.455082562385209,-4.93298824715224,"TMEM186",0.322511525145814,0.86066626612766,""
"MYOM3",0.229842954137265,15.5481131463507,1.50158115675938,0.145616443242169,0.469427211350433,-5.25182309292541,"MYOM3",0.332677404917625,0.83678958102487,""
"MYL6B",0.229032637475706,13.1326029182844,1.01219269993304,0.321053756433273,0.651196083466214,-5.83286894138815,"MYL6B",0.46149481304427,0.493422244331202,""
"ZW10",0.228920768530022,13.3827296319876,2.10266417690913,0.0456333045977708,0.259745656640732,-4.29107154570307,"ZW10",0.184078615172898,1.3407180800634,""
"MOGS",0.228557066321963,12.136518719329,2.48544363174739,0.02022439320217,0.178348033592059,-3.5556790897363,"MOGS",0.126393101109078,1.69412449977267,""
"VPS13C",0.227965543297328,12.8047871725817,2.15560179441992,0.0408428168297211,0.247135033734289,-4.19530561012667,"VPS13C",0.175141618762227,1.38888431331828,""
"OXSM",0.226881688086783,10.8548695723629,1.70956488677074,0.0996179837320828,0.384579539145525,-4.94752999757245,"OXSM",0.272546882613159,1.00166225263467,""
"RAB4A",0.225647619515611,11.1742622349074,2.1181364873136,0.0441836846343401,0.256228084553126,-4.26325050143957,"RAB4A",0.181585754244898,1.3547380695955,""
"SPTBN1",0.22533797879189,12.5152384832614,3.1552894971958,0.00411595375887443,0.0867376725951038,-2.13374223616867,"SPTBN1",0.061469942793735,2.3855295130103,""
"CASP7",0.225185023188573,11.4203918886257,1.44721408506303,0.162440252196596,0.486980923426197,-5.24508826933188,"CASP7",0.345117509025004,0.789306344917626,""
"UBQLN4",0.224883095494208,9.30310688167091,1.32587466339431,0.201252646737666,0.531137487942346,-5.33192872679058,"UBQLN4",0.376410733912949,0.696258399377462,""
"ATP5MK",0.224369681830009,16.1943964568983,2.30649930590359,0.0295697796484228,0.211339123372518,-3.91365575727108,"ATP5MK",0.149773488671174,1.52915191178875,""
"CCDC51",0.22425998932211,12.1341126233872,1.96112062973183,0.0609894817536408,0.30033652011329,-4.53889164927252,"CCDC51",0.212844870722015,1.21474505696022,""
"CD44",0.22419554727993,12.1222782354966,1.04565243930591,0.305635287218386,0.63798305401886,-5.79961218657818,"CD44",0.452130898381119,0.514796505595321,""
"HSCB",0.223430260235261,10.0108436685953,0.444628827025884,0.669587617416528,0.868325214341552,-5.54141399406433,"HSCB",0.615371610224021,0.174192586283312,""
"TMEM11",0.223266276893012,14.4039764522204,3.25941668405441,0.00318621079835057,0.0780485482741259,-1.89759084964196,"TMEM11",0.0553120651500558,2.49672549484626,""
"ACTN4",0.222961029071888,13.0036525869397,2.60172343356916,0.0153030611308349,0.150716746395095,-3.3287562942337,"ACTN4",0.106811141016105,1.81522168687813,""
"ILKAP",0.222826502097249,10.3343642487546,2.13019455219322,0.0439602649196915,0.255880786433546,-4.21581168870821,"ILKAP",0.181339628254839,1.35693969903259,""
"LGALSL",0.221987820168865,13.0614108536892,2.38277538651871,0.0250236761575779,0.195950425867809,-3.76664392177057,"LGALSL",0.138867704287262,1.60164888898018,""
"RHOG",0.221128829493429,11.0334982752937,2.48242079884228,0.0203608658696739,0.178453338172738,-3.56166383555573,"RHOG",0.126467729195773,1.69120375706094,""
"PMPCA",0.221112216476257,12.8861300298544,3.22583332389047,0.00346139538042349,0.0794384073482053,-1.97408504953188,"PMPCA",0.0562970415186728,2.46074879026702,""
"SLC25A3",0.220039925262508,17.5174688637914,2.43184104426595,0.0224480469610443,0.186481456783632,-3.67051299817423,"SLC25A3",0.132157160062297,1.64882143777593,""
"ACY1",0.2200381051665,14.4164798723347,3.44928774151325,0.00198616530542731,0.0637837419843601,-1.45970074607251,"ACY1",0.0452027689196988,2.70198460868692,"+"
"TMX1",0.219661159606172,12.7721748547728,2.51383331721161,0.0186830029921856,0.17186673052621,-3.50724888412467,"TMX1",0.12179987976976,1.72855331664358,""
"ACOT9",0.219598998389904,12.9424385235318,2.75837279146092,0.0106519324479296,0.133198257860279,-3.00228285130118,"ACOT9",0.0943959994075136,1.97257159641864,""
"ATP1B1",0.21943852154368,14.4408573807859,3.37385743414065,0.00239838552386978,0.066940112660846,-1.63471315068554,"ATP1B1",0.0474396507625529,2.62008100579435,"+"
"GPT2",0.218926390306937,11.4182580519605,0.767007421451772,0.452894698022136,0.74985338216721,-5.86927814718151,"GPT2",0.531412051147301,0.344002763514896,""
"ANK2",0.218874986193097,12.0251983760757,3.22572171749148,0.0034623470185182,0.0794384073482053,-1.97433874686538,"ANK2",0.0562970415186728,2.46062940651411,""
"PHYKPL",0.218501329725662,13.09252350909,2.36199971266463,0.0261938671261405,0.198602177734177,-3.80698334137013,"PHYKPL",0.140746968863448,1.58180037986559,""
"CDK5",0.218261101181968,12.3149146362795,3.13266437222283,0.00435001041448759,0.0871827262092408,-2.18464354889001,"CDK5",0.0617853469241739,2.36150970328695,""
"LAP3",0.218203085252453,15.3924856867306,3.07012827531709,0.00506528977040268,0.0931811099744741,-2.32453116343328,"LAP3",0.0660363291775826,2.29539570487681,""
"IDH3G",0.218119661018676,14.3415057948188,2.76908558598852,0.0103882019543088,0.133198257860279,-2.97958752177599,"IDH3G",0.0943959994075136,1.98345961595558,""
"RHOT1",0.217201326976275,10.7175992034841,2.05109411821637,0.0507762854264455,0.276563906958044,-4.38277518287059,"RHOT1",0.195997506399341,1.29433907340723,""
"SIAE",0.216969460680383,12.7186090151428,2.73512701346043,0.011246050694395,0.134296588708901,-3.05137218460321,"SIAE",0.0951743732376315,1.94899996313087,""
"ARHGEF6",0.215783406392854,9.80694270776745,1.30903214336649,0.207710049262366,0.540267633187653,-5.29711159339571,"ARHGEF6",0.382881157768422,0.682542491266466,""
"AP2M1",0.215322270503886,11.6172456743064,2.81725294890769,0.0094868011782147,0.127499301987627,-2.87495339521789,"AP2M1",0.0903572180914501,2.02288020114895,""
"PLS3",0.214922154710289,13.3705329673964,3.03310953626753,0.00554041918258457,0.0959194653598489,-2.40676321785107,"PLS3",0.067976968623532,2.25645737574153,""
"COL18A1",0.214908084907906,12.2724895579989,2.71522612040931,0.0117793146131692,0.135419844086183,-3.09322454505081,"COL18A1",0.0959704107807021,1.92887997851141,""
"ATP1A2",0.214873218250178,14.9791681352583,3.78520243079483,0.00084814436760058,0.0443025000181637,-0.66619166246223,"ATP1A2",0.0313966476187152,3.07153021765379,"+"
"REEP5",0.21479682259241,13.5679289815121,3.20173140720262,0.00367286603567397,0.0809725696787815,-2.02879190693799,"REEP5",0.0573842838653407,2.43499491184762,""
"TIMM13",0.214141311968358,12.5237083824994,2.73554045554279,0.0112352167284169,0.134296588708901,-3.05050099462333,"TIMM13",0.0951743732376315,1.94941854558151,""
"MRPS27",0.214128619629982,12.1589351051592,1.861654916188,0.0743390722459216,0.332111735279897,-4.70551396151364,"MRPS27",0.235363582604772,1.12878286321596,""
"SUPV3L1",0.213877584174314,11.3169014114539,2.01407991866021,0.0547786703231692,0.284928619140114,-4.44760548905044,"SUPV3L1",0.201925477071533,1.26138851385495,""
"BAX",0.213139789237637,12.5103706550242,2.95692128269358,0.00665571259962712,0.10656576709794,-2.57459302601748,"BAX",0.0755218743055213,2.17680543958555,""
"NUBP1",0.212192464528053,9.73346289468883,1.75067143341536,0.0921530429600403,0.371986790314754,-4.88368760123547,"NUBP1",0.263622553344414,1.03549031949065,""
"MTCH2",0.211530653916963,13.0512934584589,1.84262053162488,0.0771644357938596,0.3372196414183,-4.73666239584231,"MTCH2",0.238983494100312,1.11258281491327,""
"CYB5R1",0.211280376002314,15.4782341628558,2.87139502756504,0.00816180343168043,0.116875432072848,-2.76060856488004,"CYB5R1",0.0828282095721871,2.08821386895561,""
"COX5B",0.211002075231836,18.8816794643709,2.64316819783538,0.013915439396484,0.143477638520391,-3.24339135116114,"COX5B",0.101680872545414,1.85650307575067,""
"TNKS1BP1",0.210656028818859,10.5828165634347,0.853221329296545,0.404037385418106,0.715301679435968,-5.82137758186136,"TNKS1BP1",0.506925676002904,0.39357844793495,""
"DYNC1H1",0.210572163459927,13.85913733293,3.57271218952814,0.00145572278947762,0.0528114115777579,-1.17063589778036,"DYNC1H1",0.0374268106511821,2.83692131902187,"+"
"RTN3",0.210256474730606,12.4026576515392,1.90701285229043,0.0679652363482567,0.318802565260399,-4.63032608918304,"RTN3",0.225931534277286,1.16771316850889,""
"GUSB",0.209700797304377,11.1558815435378,2.33799325091726,0.0279649834033753,0.206035070524611,-3.84254806466097,"GUSB",0.146014570367501,1.55338543408022,""
"PTMA",0.209419516245267,8.92229495765841,0.798618530594121,0.436785957776112,0.739068849133918,-5.76107171462872,"PTMA",0.523769182613023,0.359731332204365,""
"CDSN",0.207962404476236,10.9359778985975,0.815910353301939,0.425082361893431,0.732008821999319,-5.84582730762914,"CDSN",0.518765826503714,0.371526915007646,""
"SYNGR1",0.20726446614184,11.7267416025694,1.93844675194723,0.0653678522680362,0.31341813078868,-4.52261697940465,"SYNGR1",0.222115650485958,1.18463578401777,""
"TAGLN2",0.206996753077609,13.5279495084744,2.21599692257908,0.0359329506734107,0.232995105497727,-4.08408816183727,"TAGLN2",0.165120822102552,1.44450711876628,""
"SMS",0.206165365668451,12.2403824933384,2.70106700966678,0.0121730930150812,0.136523899924729,-3.12290303358777,"SMS",0.096752841842155,1.91459905950918,""
"GATD3B",0.205755296878147,15.9197741419951,2.14023310058055,0.042184848965666,0.251355046019956,-4.22327567579692,"GATD3B",0.178132290589447,1.37484350145769,""
"NOS1",0.205369574904868,12.0675801239611,2.47859643852706,0.0202231130652507,0.178348033592059,-3.57780736803931,"NOS1",0.126393101109078,1.69415199004101,""
"LIN7C",0.205134109181937,11.1612606180591,1.55492141768052,0.13348225530138,0.445874293349365,-5.14157009020912,"LIN7C",0.315985735901907,0.874576464163859,""
"CTSB",0.205044599330986,13.6589097547288,2.07901411318792,0.047931243818727,0.267258647440606,-4.33332403395989,"CTSB",0.189402981170519,1.31938130089345,""
"CD34",0.204981314739657,10.5488772276615,2.13909552596775,0.0427034765986567,0.252868107297004,-4.21195347008553,"CD34",0.17920457887389,1.36953676651714,""
"NBAS",0.204829965167491,11.334973826828,1.02041861155944,0.318505537922113,0.649934283864775,-5.76433912133681,"NBAS",0.460600590879932,0.49688301209439,""
"DYSF",0.203948566659234,15.6833924789303,2.70561116868185,0.0120453880707109,0.136523899924729,-3.11338715808034,"DYSF",0.096752841842155,1.91917920361471,""
"ATP5MG",0.203225502834838,15.2098370710925,2.04502296851036,0.0514144359634984,0.276814843514924,-4.39346603279962,"ATP5MG",0.196175342111723,1.28891492421391,""
"CKB",0.203181668740383,14.7417923121518,1.01273572294994,0.320799297187698,0.651140783101942,-5.83233713929911,"CKB",0.461455622342852,0.493766591846225,""
"CAMK2B",0.203173646099826,15.8857749998375,3.63103157606377,0.00125590781624586,0.0495153008502531,-1.03298479159285,"CAMK2B",0.0350908967189817,2.9010422366856,"+"
"RPL10A",0.20289303244021,13.156025213231,1.83618123680562,0.0781410275793008,0.33983639611878,-4.74714520026552,"RPL10A",0.240837956606985,1.10712088196348,""
"ACSL1",0.202762302215881,16.7378258475503,2.67227357178487,0.013012281773939,0.140199998361313,-3.18299940121152,"ACSL1",0.0993580484823629,1.88564654087574,""
"THBS4",0.202580064000157,10.675543364727,1.83630715608608,0.0826723561186651,0.353113223004611,-4.60838677436837,"THBS4",0.250247083745594,1.08263968503155,""
"TIMM44",0.201728029394946,13.9080720679,2.23828354784533,0.0342602621038416,0.228159417605266,-4.04253209638491,"TIMM44",0.161693828395844,1.46520931884229,""
"ECI2",0.200829760854633,14.3892043198486,2.31368850789787,0.0291111578508269,0.209627304906298,-3.89992871324316,"ECI2",0.148560343563131,1.53594052083309,""
"FHOD1",0.200630594449915,13.6967862798432,3.27485356780914,0.0030669206497772,0.0779635247189178,-1.86232786464777,"FHOD1",0.0552518099815875,2.51329746034282,""
"UFL1",0.200429026225622,10.1036159366525,1.47405655242768,0.156646120917166,0.483410928453801,-5.16274914918201,"UFL1",0.342587496630603,0.805080355235698,""
"HSPE1",0.200347697393507,16.2543755458772,2.93951465396145,0.00693900669151439,0.107732411969218,-2.6126609199052,"HSPE1",0.0763486614598504,2.15870269370494,""
"TRAP1",0.200181475880461,13.7114217098721,3.04927582372334,0.00532790664525439,0.0936796346337366,-2.37090586822052,"TRAP1",0.0663896275930149,2.27344339341097,""
"MFN2",0.200106176037774,11.7477254139194,2.04850507574188,0.0510475599374757,0.276563906958044,-4.38733702846597,"MFN2",0.195997506399341,1.29202501226495,""
"P4HA1",0.199562083136007,10.3693817230408,1.54843694864811,0.137814541377233,0.455082562385209,-5.06340219805997,"P4HA1",0.322511525145814,0.860704955819493,""
"PDCL3",0.198937166447534,10.8909782692456,1.05691239404976,0.300565563787067,0.633863801187441,-5.7881980622731,"PDCL3",0.449211633564294,0.522060778619223,""
"GCC2",0.19893671276856,15.9106576706239,0.597281435349057,0.556096321667969,0.816929818306411,-6.12098011085851,"GCC2",0.578948312715346,0.254849977580153,""
"FAM98A",0.198196370556305,10.649099771264,1.3203733629041,0.198562192300807,0.528012853709642,-5.49001841843019,"FAM98A",0.374196343305165,0.702103440826775,""
"SMIM11",0.197682577777298,11.4713725556008,1.2312341242299,0.229587778061715,0.564421025748772,-5.59746783702015,"SMIM11",0.399998375865076,0.639051235009406,""
"NUDT19",0.197317228886096,12.6419955453222,1.90122478320226,0.0687511664674321,0.319947935690541,-4.63999555060623,"NUDT19",0.226743244491683,1.16271992897302,""
"DHRS4",0.197272356284518,10.4250005458138,1.70912350890588,0.0997008365614532,0.384579539145525,-4.94820905494979,"DHRS4",0.272546882613159,1.00130119763119,""
"MFAP5",0.196874182015991,11.9450817475047,1.1205067633383,0.273049340353132,0.602896309285114,-5.7216491598422,"MFAP5",0.427265345420415,0.563758868318479,""
"TUBB",0.196382374718166,15.6027305594589,2.3269782765226,0.028280406966367,0.206238285917578,-3.87448172946087,"TUBB",0.146158586666379,1.54851434515888,""
"PTGR1",0.195849709419052,12.0099885317254,2.31759564108075,0.0288646392967868,0.208377975376803,-3.89245702770908,"PTGR1",0.147674958788432,1.53963386523599,""
"PPIA",0.195194737896148,17.2621431635819,2.18693569567824,0.0382248496334764,0.241653114333401,-4.13786131438931,"PPIA",0.171256648576948,1.41765421431276,""
"HYOU1",0.195123236984504,11.475090253017,2.64467702451363,0.0138672132095761,0.143477638520391,-3.24026951815113,"HYOU1",0.101680872545414,1.85801080708147,""
"OPA1",0.195070972312402,13.6218888427968,3.10507143858639,0.00465278284320429,0.0905740856195277,-2.2465140835412,"OPA1",0.0641887624494723,2.33228721658319,""
"PMPCB",0.194902034622174,13.6823084501229,2.98067144351073,0.00628690182067864,0.104618655776894,-2.52248415906819,"PMPCB",0.0741419799881299,2.20156332175104,""
"PPP1R3A",0.194478902496781,13.3960684924782,2.67387929080597,0.0129640896623247,0.140199998361313,-3.17965716253665,"PPP1R3A",0.0993580484823629,1.88725797395901,""
"SIRT3",0.194456325128138,12.3247902507318,1.55416493751342,0.132598854917707,0.444970769880243,-5.17792024879681,"SIRT3",0.315345419712896,0.877460226346542,""
"WDR26",0.194427429828492,10.0012132179967,0.65987895474198,0.517580785245578,0.79709109646095,-5.9163470436857,"WDR26",0.564888849733973,0.286021854860052,""
"HSD17B8",0.194006656275359,12.4336185257463,2.1706825347941,0.0395633318734583,0.243528103468751,-4.16772788981766,"HSD17B8",0.172585430770896,1.40270714090386,""
"LETM1",0.193109408954987,13.1143567582875,2.88147433757171,0.00796879388630306,0.116875432072848,-2.73882274556649,"LETM1",0.0828282095721871,2.0986074061022,""
"ACTR3",0.19229960260938,11.482826929625,2.41262048309456,0.0234264617580919,0.188596178086212,-3.70831333851402,"ACTR3",0.133655837552769,1.63029330060383,""
"ACSS1",0.19204927767324,11.6017410133458,1.57176407598709,0.12846130150799,0.437776563759691,-5.15271974462585,"ACSS1",0.310246972574004,0.891227682237262,""
"GYS1",0.192021149603484,16.1816137238749,2.44064499374166,0.0220125758094975,0.185661260375342,-3.65313787557548,"GYS1",0.131575896756644,1.65732913534768,""
"TMUB1",0.191925044727409,10.7454665409578,1.52017629560215,0.143940014720247,0.466339147652164,-5.12700381955108,"TMUB1",0.330488931406673,0.841818457234729,""
"GADD45GIP1",0.191803929091314,11.4771753151396,1.70244646795613,0.10146689842409,0.387627392928233,-4.94113582755489,"GADD45GIP1",0.274706859841754,0.993675614661321,""
"DCXR",0.191532836250881,12.336853052655,2.10194016112508,0.0457021673870737,0.259745656640732,-4.29236996369549,"DCXR",0.184078615172898,1.3400632033891,""
"FUBP1",0.191051478633689,12.3854165629344,1.64251401417718,0.112888815406368,0.409014698564989,-5.04909434097868,"FUBP1",0.289863785485131,0.947349084185886,""
"AUH",0.190730636991438,11.420941189388,1.60529082537711,0.120873635016945,0.422828636081472,-5.10407371595248,"AUH",0.299653556451874,0.917668417214678,""
"MYOZ2",0.190588314410268,11.7098116748942,0.65216323286431,0.520192806828547,0.798082239737195,-6.12614530319626,"MYOZ2",0.565591261023881,0.283835657477071,""
"TRIAP1",0.19029689979107,11.3585216902716,1.51729871081863,0.141620825444298,0.462811044154342,-5.22995332163069,"TRIAP1",0.327988606995227,0.848872878634115,""
"ABLIM2",0.190006464683966,13.8101721033794,3.61775520569351,0.00129889480847072,0.0503058448794201,-1.0643774500317,"ABLIM2",0.0356511457410608,2.88642601901976,"+"
"HSPA12A",0.189630831751771,10.8770658633667,1.76558002590917,0.0900649881553705,0.368225757565323,-4.84334568245741,"HSPA12A",0.260957154780723,1.04544400376037,""
"COBL",0.189454320715267,10.5401268940867,0.702629863731831,0.48926714064908,0.778314940298263,-6.04891571148913,"COBL",0.551582414240894,0.310453950628746,""
"DHRS7",0.188875161258288,14.9165323088861,2.73126475652441,0.0113477343471226,0.134948575264951,-3.05950725053003,"DHRS7",0.0956364282490658,1.94509083968348,""
"NIPSNAP3A",0.188473058260225,11.7784063443891,2.1164061637764,0.044343729915684,0.256228084553126,-4.26636880227955,"NIPSNAP3A",0.181585754244898,1.35316777956455,""
"NUCB2",0.188347630048581,10.117307600277,0.957785316229557,0.352218941386576,0.674425428153281,-5.66870794813278,"NUCB2",0.477957169553598,0.453187292552513,""
"GSTT2",0.187982350272563,9.99384011740779,0.37464965491251,0.711318957485236,0.886750818683204,-6.22455847215095,"GSTT2",0.628429613868048,0.147935616690148,""
"ARHGDIB",0.187710197827633,11.1174364971983,1.79244443638669,0.0855559898885472,0.359517131747854,-4.80090842487583,"ARHGDIB",0.254785456661605,1.06774957952465,""
"PPFIA4",0.187246229918154,14.0792228239356,1.56546736978772,0.129929272021546,0.439642613475501,-5.16176274946866,"PPFIA4",0.311569419509104,0.886292994844664,""
"COPG1",0.187106508429263,11.2124291780909,1.2118368365091,0.236800686455719,0.571752963253658,-5.61997368269928,"COPG1",0.405194431575453,0.625617042981639,""
"DPYSL2",0.186874052942995,14.012856236011,2.51662392062952,0.0185657991494084,0.17186673052621,-3.50163600503965,"DPYSL2",0.12179987976976,1.73128635219012,""
"POLDIP2",0.186770318267822,11.9983785490865,2.51021623202679,0.0188359393700374,0.17186673052621,-3.51451869063458,"POLDIP2",0.12179987976976,1.72501271615353,""
"MTRF1L",0.186361610025394,10.3536189061272,1.54930681436922,0.13608479794199,0.452458272507824,-5.103796829767,"MTRF1L",0.320651722550117,0.866190387204147,""
"MRPL48",0.186274988700836,11.3276845317985,1.27588794950661,0.21361513242671,0.550558425840784,-5.54446265284631,"MRPL48",0.390174118448184,0.670367985273463,""
"SPTAN1",0.185992312633289,13.3097753147122,3.41348164506775,0.00217245354997204,0.0657505859792624,-1.54294194247782,"SPTAN1",0.0465966475451402,2.66304950058999,"+"
"POFUT1",0.185212086193705,11.2386555291064,1.89532788431946,0.0695600030096657,0.32051281129534,-4.64982442373264,"POFUT1",0.227143565022241,1.15764040787862,""
"EIF5B",0.185061001719225,10.8605773564153,1.3380245531128,0.1928222459707,0.523948644985731,-5.46796741255378,"EIF5B",0.371316087583677,0.714842862834723,""
"DHODH",0.185042232967247,11.2578426740314,1.52801549762581,0.147003986334867,0.470975254585248,-4.9923964337832,"DHODH",0.333774484493768,0.832670888246637,""
"LRPPRC",0.184871660976528,15.6846363033743,3.45633890402047,0.00195135555610678,0.0635521025432048,-1.4432742988245,"LRPPRC",0.0450386088405708,2.70966359068428,"+"
"PSME1",0.184612107150999,14.735481590982,3.06642245142686,0.00511103729429895,0.0931811099744741,-2.33278277003994,"PSME1",0.0660363291775826,2.29149095006626,""
"CMC1",0.184513510063889,13.1296001953297,1.86683450077211,0.073585920832552,0.331599448280022,-4.69699634094118,"CMC1",0.235000530984476,1.13320527111954,""
"AKAP7",0.183509557570764,9.83251665166759,1.22850479331057,0.233355633151935,0.567993007938302,-5.49753598981892,"AKAP7",0.402529796576301,0.631981710882221,""
"GSTM1",0.183089104451442,13.1674957353221,0.380955034543625,0.706425144276448,0.884883943835795,-6.26571173120199,"GSTM1",0.627106582172133,0.150933851012922,""
"CHCHD10",0.183071359485014,13.1299023960897,1.03884968677645,0.308727168291589,0.642007223548699,-5.80645391303749,"CHCHD10",0.454982778808511,0.510425150498659,""
"LARP4",0.182368003003903,10.7694762119107,1.39175332957012,0.177178971690212,0.5067813701239,-5.36256971249718,"LARP4",0.359149846870635,0.751587823198533,""
"HOMER1",0.182242515597807,13.9189646427155,2.47377945614068,0.0204425463466309,0.17862298118733,-3.58740712896892,"HOMER1",0.126587953154872,1.68946500895738,""
"COX6C",0.182140127634542,15.8597290233871,0.735321941658837,0.468923294615484,0.760756925546444,-6.06912843946113,"COX6C",0.53913926087887,0.328898192358879,""
"COL4A1",0.182030232138604,13.7377671008133,0.676824916452064,0.504674801809602,0.788033999377247,-6.10992234006951,"COL4A1",0.558470194229906,0.296988378857041,""
"HK1",0.181307689072636,14.6935748606921,1.97685602439319,0.0590824476911631,0.29864249573699,-4.51195159876778,"HK1",0.21164433607096,1.2285415208627,""
"THNSL1",0.181167004755558,12.1070780192015,2.50654352251503,0.018992414114278,0.172253983707344,-3.52189402399038,"THNSL1",0.122074321430214,1.7214198288452,""
"RPL31",0.17984083815179,11.1415184210069,1.1779248710252,0.249816585910593,0.584946352303725,-5.65855744112638,"RPL31",0.414544427325845,0.602378731172753,""
"RABGGTB",0.178807984648156,11.3921154536368,1.86398145585901,0.0739999533121562,0.331968415347271,-4.70169025398342,"RABGGTB",0.235262013496492,1.1307685542728,""
"CLTC",0.178693894555462,14.2325685313184,2.83049135068126,0.00899149577465362,0.123355422543178,-2.84863405524147,"CLTC",0.0874205006908865,2.04616805547002,""
"GSR",0.178528692010614,12.6213799223225,2.75705987102478,0.0106846848525667,0.133198257860279,-3.00506117385717,"GSR",0.0943959994075136,1.9712382829346,""
"ABRAXAS2",0.178157426701581,12.654980693329,2.36499978268948,0.0260218464176463,0.197821251546351,-3.80117179450385,"ABRAXAS2",0.140193535889568,1.5846618906897,""
"MRPL44",0.177809158403068,11.8584866770575,2.37740913944445,0.0253212479928087,0.197201868786207,-3.77708439886136,"MRPL44",0.139754586795197,1.5965148933216,""
"UFSP2",0.17762840303277,12.2702874938309,0.527444823269312,0.603620855131842,0.838980296221077,-6.08969112276857,"UFSP2",0.594575220556375,0.219235763740364,""
"MRPL46",0.177623041385543,11.559907676487,2.16926964833393,0.0396816553802885,0.243528103468751,-4.17031710593195,"MRPL46",0.172585430770896,1.4014102188886,""
"AFG3L2",0.177466208248688,14.4282869291288,3.41497357309227,0.0021643634664813,0.0657505859792624,-1.53947939303517,"AFG3L2",0.0465966475451402,2.6646698053805,"+"
"MYL6",0.177319285982611,14.4556309374054,2.6082568739681,0.015076059406241,0.149955125769538,-3.31534906309681,"MYL6",0.106271389661442,1.82171215990963,""
"ESYT2",0.176842037307249,14.3608028119823,2.32919932812566,0.0281436976662911,0.206238285917578,-3.8702198882326,"ESYT2",0.146158586666379,1.55061884327059,""
"ABRACL",0.176751732508306,10.088188603935,1.2907716761444,0.225180166817198,0.564421025748772,-5.04912651619692,"ABRACL",0.399998375865076,0.647469863470607,""
"TATDN3",0.176157827454482,10.3956310612061,1.15089767130689,0.262001820544681,0.593836536956154,-5.62627187915948,"TATDN3",0.42084479400229,0.58169569093307,""
"TMED1",0.176135611221721,10.8395199951983,0.916471616293985,0.368450331989137,0.687486101224523,-5.90253785382076,"TMED1",0.48721311108992,0.433621047823547,""
"MRPS28",0.175648449159212,12.3512698751266,1.15546472190212,0.25872432233806,0.593809877315729,-5.68357356270012,"MRPS28",0.42082590063655,0.587162741903165,""
"DYNC1LI1",0.175006283059805,12.2920983776697,2.30241969732639,0.0298329502746855,0.212161874658185,-3.92143321233384,"DYNC1LI1",0.15035656258762,1.52530379576101,""
"EZR",0.174331476888872,12.3750319189833,1.73398519485341,0.09512386332479,0.377596942228321,-4.90974563202194,"EZR",0.267598400365361,1.02171051975852,""
"CYB5R3",0.174185654491696,15.6256773824821,3.4090612327099,0.00219659627434924,0.0657505859792624,-1.55319805438428,"CYB5R3",0.0465966475451402,2.65824975734183,"+"
"MICU2",0.174007714787582,9.92421610316921,0.981306068238098,0.341770610039651,0.667443475442887,-5.6066921727129,"MICU2",0.473009143847398,0.466265286397001,""
"KLHL41",0.173781945332419,19.2721823541251,2.32055972952643,0.0286788938198517,0.208085340981506,-3.88678339626651,"KLHL41",0.147467572320704,1.54243760395261,""
"DYNLRB1",0.173329002798134,12.9129628834224,3.08287238862369,0.00491094120220814,0.0920038799130477,-2.29612148341979,"DYNLRB1",0.0652020404266179,2.30883526556488,""
"PDP1",0.173252712876376,13.1017554714465,2.41320986975389,0.0233958851722412,0.188596178086212,-3.70715693217958,"PDP1",0.133655837552769,1.6308605188348,""
"MAPT",0.172567668274912,13.8335177836273,1.89784209927139,0.0692141382163766,0.319947935690541,-4.6456365318642,"MAPT",0.226743244491683,1.15980518412422,""
"UACA",0.171835579176587,10.8760928461739,1.26527471687719,0.224784561901935,0.564126580044611,-5.28003416316974,"UACA",0.399789705744595,0.64823351921967,""
"S100A8",0.17176198688874,13.5983513695238,0.475252287488791,0.638695236020274,0.853005938096306,-6.22533278651114,"S100A8",0.604515023849695,0.194706323199809,""
"PDIA4",0.171745353553931,13.308212236249,1.32596751726618,0.196728870732698,0.526939199551321,-5.48305726214445,"PDIA4",0.373435457547943,0.706131900986486,""
"LGALS1",0.171645518923167,19.0300907592353,1.62301335087764,0.117015270440405,0.416603434884722,-5.07802364314357,"LGALS1",0.29524183141943,0.931757459320014,""
"SIRT5",0.171426086317013,13.8004692297706,2.04178967791465,0.0517571890894318,0.277782966161632,-4.39915049580148,"SIRT5",0.196861438959032,1.28602931804449,""
"MRPS30",0.17137973901578,11.2950365452616,1.22076528212111,0.233459791818325,0.567993007938302,-5.60965366476661,"MRPS30",0.402529796576301,0.631787906083208,""
"BSG",0.171239296299413,15.7990301458518,2.41728981181459,0.0231852278878861,0.188596178086212,-3.69914715155176,"BSG",0.133655837552769,1.63478863106147,""
"PML",0.171239028720374,10.4247801127659,1.50938291463883,0.145938466613132,0.469427211350433,-5.14661987987045,"PML",0.332677404917625,0.835830221225423,""
"UBR3",0.170761367093288,10.7753545817102,1.84478118043913,0.076839119515718,0.3372196414183,-4.73313877669154,"UBR3",0.238983494100312,1.11441762027645,""
"RALB",0.170757380450532,10.7195483653194,1.71360888566037,0.0993661849607454,0.38432319311403,-4.92404636667749,"RALB",0.272365213271339,1.00276138404829,""
"MME",0.170612530113521,12.5156228622285,1.90833240202138,0.0677871620042554,0.318488534924911,-4.62811862665603,"MME",0.225708984764711,1.16885254800075,""
"ARHGAP17",0.170057924594913,12.7419307652248,1.91518540604356,0.0668688716215759,0.31624783179445,-4.61663616995492,"ARHGAP17",0.22412102547175,1.17477600523823,""
"RPL18",0.170041071515088,11.2206863720458,1.13674349931936,0.266325784314379,0.59959848495424,-5.70409521642648,"RPL18",0.424928217078168,0.574586785332104,""
"MRPL3",0.169908173559451,10.6769678299984,1.3923888754251,0.175954409470594,0.505295929401525,-5.39847167184068,"MRPL3",0.358097132940275,0.754599845141654,""
"OSTF1",0.168984455430879,9.10876930850212,1.07657954443388,0.294987059520425,0.629510731634801,-5.63213122727596,"OSTF1",0.446126665656208,0.53019703521553,""
"ARPC3",0.168316835613345,12.535063971818,2.74767029150943,0.0109216994407417,0.133198257860279,-3.02491079183972,"ARPC3",0.0943959994075136,1.96170977918515,""
"COL6A6",0.167481873801968,10.5910602133262,1.20290166672859,0.244401781407307,0.57996036836202,-5.47700899398735,"COL6A6",0.41101092062112,0.61189563291171,""
"PHYHD1",0.16736682432597,10.9793607144125,0.773677665317626,0.44630955238431,0.745628604434641,-6.04062614107465,"PHYHD1",0.528418002105317,0.350363817834804,""
"CDK5RAP3",0.166972453251374,11.4713039223428,1.71506977581988,0.0985895212452095,0.383617784760634,-4.93904919616848,"CDK5RAP3",0.271865298876219,1.00616924233285,""
"PPA2",0.166881044027754,14.1777404477595,1.86524528718216,0.0738162983332925,0.331968415347271,-4.69961162529224,"PPA2",0.235262013496492,1.13184773716438,""
"ETFA",0.166653759558141,16.6282971037481,1.81730075952433,0.081066165045621,0.348329278891679,-4.77772122029832,"ETFA",0.246856760231576,1.09116037143713,""
"PLEC",0.165510865005729,15.8739452382043,1.62105484200632,0.117436556812347,0.417045250478845,-5.08091375312353,"PLEC",0.295554940804125,0.930196690562534,""
"MYORG",0.165336575019866,10.5583131420532,1.43444416872786,0.164769499750897,0.490763290538648,-5.30396096795656,"MYORG",0.347798026994544,0.783123176836651,""
"RPL7",0.165216195728423,12.7905823989889,1.39763702597953,0.174389698868096,0.504479011094167,-5.39163756869906,"RPL7",0.35751819278523,0.758479172252484,""
"UNC45B",0.165141660071598,14.8120365609701,2.31254006173596,0.0291839827835356,0.209627304906298,-3.90212338181241,"UNC45B",0.148560343563131,1.53485543955431,""
"VAPA",0.164888229294009,15.2180861331285,3.10291853085505,0.00467723819668182,0.0905740856195277,-2.25133174601021,"VAPA",0.0641887624494723,2.33001051230865,""
"NAPG",0.164714348158531,11.4642088020635,1.93224147490694,0.0646303868762664,0.31183617640973,-4.58792661542096,"NAPG",0.220994538490824,1.18956324439104,""
"PPP2R5D",0.164671670455141,12.8652620828877,2.35340745689217,0.0266923162716789,0.200262247211078,-3.82360219655578,"PPP2R5D",0.141923440086686,1.5736137379262,""
"NTMT1",0.164410101152333,14.8382340444968,1.84606618081917,0.0766462069981946,0.3372196414183,-4.73104170173877,"NTMT1",0.238983494100312,1.11550933227096,""
"HIBCH",0.164330543733906,15.3135847753466,1.54747573871936,0.134199916451757,0.447588088525812,-5.18743766085628,"HIBCH",0.317200281880655,0.872247754543718,""
"SKIC3",0.163943942850329,10.7064794859088,1.70049901108261,0.101331502820635,0.387627392928233,-4.96145012760553,"SKIC3",0.274706859841754,0.994255516394569,""
"EGFLAM",0.163793271172098,10.78129978082,1.08071490201512,0.290044995811284,0.624075794290645,-5.76370305660046,"EGFLAM",0.442274991088084,0.537534623077935,""
"DNAJC21",0.163613167262051,12.9395821637755,1.55573637776459,0.132225013489327,0.444812682448883,-5.17567951809233,"DNAJC21",0.315233385056312,0.878686380003134,""
"IKBKB",0.163611445714583,11.8387711632189,0.811704878012468,0.425199328922176,0.732008821999319,-5.96773021384701,"IKBKB",0.518765826503714,0.371407429580598,""
"YARS1",0.163561581077241,13.2854154010744,2.41506212466413,0.0233000314897024,0.188596178086212,-3.70352159162069,"YARS1",0.133655837552769,1.63264349203,""
"RPL12",0.16329721552094,13.1464514039969,1.44990251828356,0.159402145210501,0.484685099410497,-5.32238977503955,"RPL12",0.343490486225253,0.797505838229655,""
"LMOD3",0.162771313874641,13.6591906823489,2.39473266859864,0.0243721218119417,0.193491692833864,-3.74332772639173,"LMOD3",0.137125229830434,1.61310665993695,""
"DDX23",0.16227244519821,13.0338358593975,1.08255482311364,0.289660598530758,0.624075794290645,-5.7420698919518,"DDX23",0.442274991088084,0.538110576264821,""
"PEPD",0.161837365665516,13.6573700967446,1.85790961669751,0.0748878188156987,0.332757346861694,-4.71166189716669,"PEPD",0.235821119748814,1.12558881850017,""
"MIX23",0.16159227113708,12.6236656669731,2.21926489693742,0.0356831454360641,0.232956480227243,-4.07801181774923,"MIX23",0.165093448839055,1.44753686995409,""
"ABHD11",0.161532412327789,12.023156907422,1.91968438000643,0.0662719364607319,0.315507258964215,-4.60908147579193,"ABHD11",0.223596190435864,1.17867033917315,""
"PPIL3",0.161441952943104,11.1901447597051,1.53732453478685,0.136659851421418,0.453843724419217,-5.20181640000355,"PPIL3",0.321633575615674,0.864359055784364,""
"PPP2CB",0.161065933389533,14.5993614241496,2.27468747119166,0.0316791992607857,0.217728021777966,-3.97406787251427,"PPP2CB",0.154301223941766,1.49922580438738,""
"TOMM70",0.161013615782149,13.6376759119483,2.33494275984002,0.027792974120493,0.205295525333333,-3.85918724219343,"TOMM70",0.145490463606953,1.55606497697193,""
"FH",0.160801587505059,15.112427360917,2.33503170453863,0.0277875742376737,0.205295525333333,-3.85901625194857,"FH",0.145490463606953,1.55614936402416,""
"S100A1",0.160546029481178,17.0043996303692,1.67460274289865,0.106363644652585,0.398930947222663,-5.00089044286395,"S100A1",0.282717552486091,0.97320678956737,""
"CARHSP1",0.160205994820524,11.3260976225348,1.51595498782945,0.142467367609287,0.465047238688175,-5.21345616600588,"CARHSP1",0.329573371100117,0.846284600147835,""
"AP2B1",0.160099327690826,11.4586923085643,2.19916880039536,0.0372444886661023,0.237742490294064,-4.1152835594572,"AP2B1",0.168485236469685,1.42893798382806,""
"IARS2",0.159907969395302,14.8498044734921,2.94073644703344,0.00691875314559172,0.107732411969218,-2.6099923164664,"IARS2",0.0763486614598504,2.15997216432639,""
"TRMT10C",0.159671593588197,12.410033880444,2.51272555896938,0.0187297181365585,0.17186673052621,-3.50947596456178,"TRMT10C",0.12179987976976,1.72746875827123,""
"DDX1",0.159648994633155,14.4886957733633,2.86750071237639,0.00823755662202206,0.116875432072848,-2.76901592745042,"DDX1",0.0828282095721871,2.08420158720252,""
"CTSL",0.159321973995727,10.3828128125461,1.30742372318956,0.205049403536277,0.537176956613319,-5.42538827982114,"CTSL",0.380690832543706,0.688141489684373,""
"VPS45",0.158898395586162,10.9339610847331,1.23449736071544,0.228390789911222,0.564421025748772,-5.59365061236042,"VPS45",0.399998375865076,0.641321413435747,""
"ATP6V0D1",0.158819853269685,9.51318861322428,0.941686219019323,0.358031562366394,0.678362431517389,-5.76860795398928,"ATP6V0D1",0.480747276370276,0.446078686324408,""
"CISD1",0.158709970213888,16.2159429822986,2.12010679843044,0.0440020712047531,0.255880786433546,-4.25969757493146,"CISD1",0.181339628254839,1.35652688052235,""
"ACTR1B",0.158688536089731,11.2416261466297,1.44140530373615,0.161766074992837,0.486875869952317,-5.33379410268943,"ACTR1B",0.345043058894669,0.791112551872228,""
"HNRNPA3",0.15868298543597,13.8622049658676,2.18262068325703,0.0385761644462161,0.241653114333401,-4.14580510459091,"HNRNPA3",0.171256648576948,1.41368095561003,""
"FAHD1",0.158626778078865,13.3706490585665,1.94537595710104,0.0629515227494253,0.306692252620107,-4.5656909254359,"FAHD1",0.21734910172012,1.20099376017607,""
"MTFMT",0.158410969656595,9.29875718565204,0.82403680333208,0.422633251338307,0.730559046040764,-5.74113915904542,"MTFMT",0.517738387761471,0.374036337135461,""
"NDUFA4",0.158309198512434,16.5366906810177,1.38246871668661,0.178942351405204,0.507771068442885,-5.41132970280587,"NDUFA4",0.359851234136754,0.747286860076461,""
"TXNDC17",0.158097550270167,15.3513055407011,2.07654232843901,0.0481772662809978,0.268108825555999,-4.33772085531896,"TXNDC17",0.190005492150513,1.31715784677771,""
"COA3",0.158072931155463,12.4444478065041,1.67434407489159,0.106414950079776,0.398930947222663,-5.00128198019566,"COA3",0.282717552486091,0.97299735436191,""
"FLNB",0.157618566721698,13.159533020132,1.9772858690079,0.0590310973618407,0.29864249573699,-4.51121349083136,"FLNB",0.21164433607096,1.22891914336254,""
"TIPRL",0.157568155097755,12.7433522233474,2.15256005141353,0.0411053462253429,0.248016678488069,-4.2008521818107,"TIPRL",0.175766429769461,1.38610168943371,""
"LDHB",0.157367107658976,15.5727658826082,0.76428590252033,0.451785133106483,0.749121488951358,-6.04773298483054,"LDHB",0.53089336724948,0.345068064509171,""
"MT-ND1",0.156950850010643,13.0520107118986,0.935719716750162,0.358286843960603,0.678362431517389,-5.90512644662025,"MT-ND1",0.480747276370276,0.445769138527197,""
"MRPS7",0.156755075394781,11.9051153732094,1.86459402009501,0.0743948827807725,0.332111735279897,-4.68455320501745,"MRPS7",0.235363582604772,1.12845693618133,""
"PCCB",0.156713727888148,13.7313231863318,1.91696118247879,0.0666326988408791,0.31624783179445,-4.61365583966281,"PCCB",0.22412102547175,1.17631259603752,""
"PCCA",0.156552692924771,13.6260217072095,2.28144808114842,0.0312197822690971,0.215604568634295,-3.96127439362827,"PCCA",0.152796358300789,1.50557013009037,""
"PRKRA",0.156307138572821,11.7696082790642,1.56991280158764,0.128891469980577,0.438200418700276,-5.15538152449718,"PRKRA",0.310547353460084,0.889775823243543,""
"CPT1B",0.156209854949518,13.0160051768536,1.56706822561749,0.129554756880403,0.439305622997807,-5.15946649271303,"CPT1B",0.311330598420573,0.887546636333249,""
"HSPB7",0.15585104985664,16.8904873202209,1.86366225865048,0.0740464003679205,0.331968415347271,-4.70221507194289,"HSPB7",0.235262013496492,1.13049604907183,""
"ATP5PF",0.155770061251744,17.6083386211155,1.95074701234377,0.0622760715778383,0.30406000194563,-4.55656644401615,"ATP5PF",0.215483657403506,1.20567879086752,""
"HDHD5",0.155693789515549,13.1262987361679,2.2420671454318,0.0339833944129307,0.227031254982423,-4.03544997027837,"HDHD5",0.16089431314701,1.46873324403145,""
"ATP2B1",0.155514606229417,12.0297250905185,1.24629800710603,0.224568532223356,0.564126580044611,-5.56041221492768,"ATP2B1",0.399789705744595,0.648651099540308,""
"GHITM",0.154841028772852,10.3043452580396,1.00174336845,0.330326313598738,0.659821655574465,-5.65782017289536,"GHITM",0.467607652001022,0.481056829289055,""
"U2AF2",0.154760012011964,10.6295029953062,0.964368061331161,0.344792459466238,0.669495385386341,-5.8399369405665,"U2AF2",0.474463307684959,0.462442240666387,""
"ENDOG",0.154582812843014,13.5929832860433,1.77606537168495,0.08778369050054,0.365680315369982,-4.84366045175135,"ENDOG",0.259153230586644,1.05658616500017,""
"NNT",0.154489934258567,15.8411301503979,1.29927854953504,0.205594662786416,0.538113519219972,-5.51603817127101,"NNT",0.381354563171139,0.68698816376477,""
"TUFM",0.154407444655671,16.3745296895804,1.97261819040882,0.0595908173223523,0.299233067272034,-4.51922238872924,"TUFM",0.212062866997472,1.22482065793562,""
"HYPK",0.154158054999483,12.2567575246847,1.36788367023637,0.183407825435702,0.510336725921089,-5.43009132006919,"HYPK",0.361669484658067,0.736582138289552,""
"UQCRQ",0.153748446581895,16.015440046982,1.33280955038233,0.194504492019556,0.525199642522177,-5.47450867879759,"UQCRQ",0.372202654454792,0.711070364329129,""
"DSP",0.153378066695039,11.9829376154077,0.428530700630159,0.671900739069285,0.870148553177205,-6.24643458424067,"DSP",0.616663788473308,0.172694881199987,""
"MRPL40",0.152916252657727,11.3543655831215,1.60788162412256,0.125038792781773,0.429282686829789,-4.96026911769346,"MRPL40",0.304227464402332,0.902955227973077,""
"ATIC",0.152906638086636,15.1156548004124,2.38505894912966,0.0248980227990826,0.195950425867809,-3.76219664183366,"ATIC",0.138867704287262,1.60383513971319,""
"MAP4",0.152729906321955,14.7459861226703,2.10043330742179,0.0458457852813913,0.259745656640732,-4.29507129727605,"MAP4",0.184078615172898,1.33870058394532,""
"TTN",0.152590756274996,17.5312087882198,0.367661710589358,0.716191381936274,0.890093125977107,-6.27069792356277,"TTN",0.630798266749875,0.14497090923872,""
"CTSC",0.152540587503518,9.97703694384079,0.619343518369068,0.542601679835182,0.811157236721395,-6.03738695419139,"CTSC",0.574857353744617,0.265518866044344,""
"METAP1D",0.152280931374328,10.9231472877021,1.35253521958904,0.195940731847885,0.525756541629305,-5.20743913694904,"METAP1D",0.37259732213762,0.707875274173708,""
"DNAJA2",0.152251140005113,14.8974731703657,2.65514142505696,0.0135370214345166,0.143162743289021,-3.21859131907271,"DNAJA2",0.101457710091555,1.8684768834246,""
"MCEE",0.151957486525056,12.8431987167024,0.890200492129017,0.381767300162928,0.697045443091709,-5.94562796362354,"MCEE",0.493987701416601,0.418201273341469,""
"DIAPH1",0.151654953405147,11.5108066865853,1.7631469926846,0.08998383250159,0.368225757565323,-4.86407871068052,"DIAPH1",0.260957154780723,1.04583551373939,""
"MRPS23",0.151331078187908,12.7204301516573,2.05271374059348,0.0506072361880625,0.276563906958044,-4.37991937519581,"MRPS23",0.195997506399341,1.29578738015909,""
"ACTN1",0.151133002915103,15.0116858890132,1.979780939942,0.0587338046698006,0.297931122448936,-4.50692679011072,"ACTN1",0.211140194398565,1.23111186543355,""
"ANXA4",0.151061806203261,12.4579044473182,2.35929885473854,0.0263496215905003,0.198657038637181,-3.8122113325315,"ANXA4",0.140785848123963,1.57922561735229,""
"PITRM1",0.150555505310654,14.3852510345212,1.74252771247924,0.0935929400872907,0.374838631989017,-4.89642947833741,"PITRM1",0.265643619155023,1.02875690977439,""
"KIAA1217",0.150407890956009,12.4163473523187,0.951670745827805,0.350291319572366,0.673915868565752,-5.89048874520837,"KIAA1217",0.477596050817548,0.455570624625018,""
"ENDOD1",0.15036758056133,14.4291219166181,2.1821179909472,0.0386172806576057,0.241653114333401,-4.14672985961299,"ENDOD1",0.171256648576948,1.41321831152443,""
"CLTB",0.150160999475546,12.7628739820398,2.45256504068551,0.0214353782007979,0.182978552308935,-3.62955262329033,"CLTB",0.129674693894722,1.66886884949552,""
"LRRC2",0.149633635329943,11.2400037716147,1.0467212220652,0.3051515063633,0.637902419574921,-5.79853356866453,"LRRC2",0.452073753722889,0.51548448183174,""
"CORO6",0.149568176296066,14.2177808648676,2.16699471100962,0.0398728410837513,0.244178552448784,-4.17448370291505,"CORO6",0.173046396120745,1.39932281818671,""
"FABP4",0.149483321113232,15.1807263220458,1.07332170900785,0.293284252209462,0.626810340665413,-5.77136450648512,"FABP4",0.444212931134141,0.532711255676601,""
"MSRA",0.149401020882186,11.5091764360476,0.851791123813111,0.402669381157535,0.714159573746366,-5.95832615928161,"MSRA",0.506116279470766,0.395051392741424,""
"ZNF512",0.149322525827069,12.1806035761574,0.633896394347127,0.532918255216134,0.803431259677935,-6.05293768218114,"ZNF512",0.569382046964089,0.273339402664246,""
"UQCC2",0.1486928913158,10.5890948225664,0.816327698135413,0.421952608313814,0.730516420543879,-6.00731503412629,"UQCC2",0.517708179585754,0.374736324165312,""
"TNFAIP2",0.148538003417405,10.7459199058451,1.33205765499819,0.195233941870796,0.525756541629305,-5.45634449201225,"TNFAIP2",0.37259732213762,0.709444677008673,""
"LAMTOR1",0.148523257626245,11.6017406690161,2.45222230949704,0.0214517772420803,0.182978552308935,-3.63023172332826,"LAMTOR1",0.129674693894722,1.6685367214534,""
"ETFB",0.147497763707749,15.2514691812478,1.46140281238949,0.15624697084133,0.483410928453801,-5.30686521952252,"ETFB",0.342587496630603,0.806188393565629,""
"ACOT13",0.147325914409228,13.1569415668747,0.935588026875177,0.358353357054196,0.678362431517389,-5.9052463358903,"ACOT13",0.480747276370276,0.445688522704741,""
"CTSZ",0.147226902312752,10.7645704019829,1.56018103148846,0.131682413769929,0.444002115134844,-5.15117575922598,"CTSZ",0.314658945773659,0.880472221337812,""
"NDUFV3",0.147145213991882,14.8620493686412,0.916861751200601,0.367895311666544,0.687486101224523,-5.9221344237356,"NDUFV3",0.48721311108992,0.434275746635639,""
"DYNC1I2",0.14695631594538,12.0797202209644,1.900654371089,0.0688290464692668,0.319947935690541,-4.64094729454372,"DYNC1I2",0.226743244491683,1.16222824695076,""
"GLS",0.146374596216281,11.7685853752018,1.03623166150202,0.309922896722841,0.642255258140032,-5.8090760455929,"GLS",0.455158557932898,0.5087463374327,""
"CLPP",0.146175818798163,12.3391003067544,1.60618219556075,0.12067708439011,0.422812376359482,-5.10276901939587,"CLPP",0.299642033382939,0.918375191110429,""
"ATAD1",0.146134137081305,12.8456102024887,1.7215057808894,0.0973985108087801,0.38165198896467,-4.92910682755722,"ATAD1",0.270472163096727,1.01144768329052,""
"ARF5",0.145616382527944,10.8354185600522,1.15425112975064,0.259653455907237,0.593836536956154,-5.66533227718926,"ARF5",0.42084479400229,0.585605892705147,""
"SARS2",0.145534884661236,12.8003506118077,2.26791162346911,0.0321458083420781,0.219356873115228,-3.98686551766072,"SARS2",0.155455571245831,1.49287564894775,""
"ARID4A",0.145449428977317,11.6801412564244,1.17626354639703,0.250467594560252,0.585676638495371,-5.66042256259966,"ARID4A",0.415061972344987,0.601248455082325,""
"BABAM1",0.14534057742288,11.3887297405501,1.3754256387778,0.181581454675483,0.510100708497042,-5.40145394562739,"BABAM1",0.361502221955248,0.740928509027391,""
"PELO",0.144956846162797,12.4116676775939,1.27030379935671,0.215564854632373,0.553096574195507,-5.55118181415266,"PELO",0.391972873585356,0.666422044428811,""
"SLC25A24",0.14444184699032,10.8199490379687,1.20592499784997,0.239488815828309,0.574055993305851,-5.60730681281053,"SLC25A24",0.406826561206385,0.620714763407936,""
"MRPL15",0.144333014206024,10.2976515596826,1.01204052287316,0.322406251176809,0.653015064221014,-5.76325291458312,"MRPL15",0.462783902774201,0.49159654619302,""
"SSR1",0.144296558047129,12.8245122116854,0.885403609639172,0.384298831932313,0.698531557100472,-5.94978599301558,"SSR1",0.495040892496906,0.41533093556199,""
"G6PD",0.144090940710926,10.3677535204053,0.749848555234377,0.461207385068784,0.755757784795389,-5.99725382155797,"G6PD",0.535596430101986,0.336103747194895,""
"SLC25A20",0.143455449841348,11.9297589282481,1.20781726205025,0.23831639891362,0.572998992689962,-5.62459782095759,"SLC25A20",0.406077477613896,0.622846072161927,""
"SUCLG1",0.143424234428732,16.8486175354118,1.51120346398936,0.143159596756489,0.465715555396252,-5.23845679154309,"SUCLG1",0.330046999093403,0.844179533575399,""
"SET",0.14266260886783,11.5067638727928,0.877669065098323,0.388403578793493,0.69970782808509,-5.95644605140171,"SET",0.495874501561701,0.410716777108252,""
"PRKAB2",0.142645815484963,14.3864076286263,2.60862859703767,0.0150632389886327,0.149955125769538,-3.31458568703414,"PRKAB2",0.106271389661442,1.82208163347108,""
"AGRN",0.142154402413725,10.4075464208319,1.18122292453373,0.248977266706114,0.5836196657592,-5.6353265435771,"AGRN",0.413604220567268,0.603840305092253,""
"RPA3",0.142144474532397,10.9092239943381,1.29171890332383,0.20816106026578,0.540461544214294,-5.52527398969659,"RPA3",0.383018580175065,0.681600508703295,""
"MGST3",0.142059105831501,13.9545364589609,1.12970205803987,0.269226639930581,0.600082854049197,-5.71173582835082,"MGST3",0.425271483615847,0.569881968956133,""
"PRKAA2",0.141914749469427,14.5858152114149,2.30655330388873,0.0295663105360378,0.211339123372518,-3.91355275531287,"PRKAA2",0.149773488671174,1.52920286599837,""
"ATG7",0.141461017873253,10.5592976960817,0.667251309565682,0.51118499243424,0.793208548086914,-6.07284732571391,"ATG7",0.562137334512208,0.291421904847055,""
"TMEM223",0.141278065569542,11.6617179982698,1.50965691553137,0.143552185371361,0.466339147652164,-5.24060986946147,"TMEM223",0.330488931406673,0.842990191620986,""
"COX6A2",0.141039148011281,16.4168263471496,1.17347641831401,0.251562581258624,0.587484748543806,-5.663546312233,"COX6A2",0.416343358136382,0.599353957668146,""
"FLAD1",0.140956960992836,10.8280116770596,1.18791101720701,0.247403909980013,0.581509479869366,-5.58785114469588,"FLAD1",0.412108757269126,0.606593441047538,""
"RPL27",0.140906168662735,13.1762564347665,1.15614996464117,0.2584491441649,0.593809877315729,-5.68281671523194,"RPL27",0.42082590063655,0.587624901627753,""
"OXCT1",0.140422686673379,10.8019458970958,0.969176708378903,0.348638303489713,0.673767618207363,-5.58871416930518,"OXCT1",0.477490987575975,0.457624900414847,""
"HSPA12B",0.140253622238895,11.1966868999206,1.23809266891962,0.227077457091985,0.564421025748772,-5.58943462070722,"HSPA12B",0.399998375865076,0.643825977830025,""
"RETREG1",0.139833457411164,12.7779399994471,1.55321477197832,0.132825317413004,0.444970769880243,-5.17927419811603,"RETREG1",0.315345419712896,0.876719137582339,""
"TXN2",0.139556831108994,15.1838290457925,1.72199813674583,0.0973079023007612,0.38165198896467,-4.9283450334871,"TXN2",0.270472163096727,1.01185188957482,""
"UGP2",0.13886728687331,16.8229196624145,2.17064677796026,0.0395663224444881,0.243528103468751,-4.16779343080406,"UGP2",0.172585430770896,1.40267431405765,""
"SIL1",0.138728644360461,9.49483718376802,1.12556115672636,0.274200846068422,0.60404275544358,-5.58722018825108,"SIL1",0.428077817990506,0.561931209494427,""
"DARS2",0.138546269545584,12.7009280986394,1.52260025224191,0.140293407380111,0.459521034915882,-5.22253413061837,"DARS2",0.325657017114749,0.852962736710129,""
"HSPD1",0.138300666621948,17.7017701018775,1.83654747126567,0.0780851992490397,0.33983639611878,-4.74654973524701,"HSPD1",0.240837956606985,1.1074312771806,""
"HDDC2",0.138132799710537,12.4297808985426,1.23209245634518,0.229272475427845,0.564421025748772,-5.59646465335441,"HDDC2",0.399998375865076,0.639648079972681,""
"POLR2H",0.137719383255481,9.89086170429721,1.22533807881282,0.234520594211649,0.569180892982587,-5.4991044491032,"POLR2H",0.403371636385153,0.629819014101288,""
"STOML2",0.137371103495189,12.5130600962656,1.44679093727351,0.160264554337322,0.484685099410497,-5.32657245573131,"STOML2",0.343490486225253,0.795162519803747,""
"RPS25",0.13727271693552,11.4964519092067,0.820564755438043,0.419578756073529,0.72815445828951,-6.00391323547107,"RPS25",0.516034285413671,0.377186508928439,""
"NDUFC2",0.137158504906379,14.7797723038158,1.3060209082088,0.203326351021969,0.534231136687219,-5.5077612849323,"NDUFC2",0.378603165479092,0.691806333305759,""
"AP1M1",0.137077359055731,10.503299781861,0.865987395620714,0.394656535579066,0.705605509026576,-5.96640083564098,"AP1M1",0.500054116938069,0.403780700808895,""
"RASA4",0.137003795032575,10.0600939146807,1.00336735789578,0.326981562470286,0.657173322608583,-5.75784857852978,"RASA4",0.46573081035839,0.485476735239301,""
"MAP2K3",0.136914124831538,12.2682892929786,1.96653855225106,0.0603268452907982,0.299233067272034,-4.52963341170306,"MAP2K3",0.212062866997472,1.21948938492097,""
"TIMM50",0.136767591889271,13.4909477969048,2.17095547704819,0.0395405106791105,0.243528103468751,-4.16722757253891,"TIMM50",0.172585430770896,1.40295772592555,""
"NDRG3",0.136761944427988,10.623366455581,0.791624257353297,0.438757272582414,0.739693143071293,-5.86484243315217,"NDRG3",0.524211612199485,0.357775671856638,""
"USP5",0.136551272878814,13.5087896159512,1.99921641488599,0.0564628081538656,0.289210716670891,-4.4734021656451,"USP5",0.204960147963416,1.24823752619972,""
"MMAB",0.136546697678646,11.4680498093039,0.976441908524157,0.338114301485819,0.664532845433478,-5.86730230586628,"MMAB",0.470946415452468,0.47093645915137,""
"SLIRP",0.136229172715298,13.6603200578973,1.30626026660674,0.203246180835009,0.534231136687219,-5.5074667650409,"SLIRP",0.378603165479092,0.691977606412196,""
"CACYBP",0.135962295291712,11.0877903187968,1.66702343306637,0.107875605058466,0.398930947222663,-5.01234308445929,"CACYBP",0.282717552486091,0.967076755375774,""
"INPP1",0.135668407510932,11.4003663448309,1.03055208145755,0.312528063892032,0.644768063293252,-5.81474369795829,"INPP1",0.456939352648722,0.505110978492017,""
"TPM3",0.13566315005189,16.6741931246445,0.600640480108599,0.553436602223985,0.816929818306411,-6.15815769351481,"TPM3",0.578948312715346,0.256932121634831,""
"KHDRBS1",0.135570765673911,10.7486565525305,0.707313505808374,0.487439062598912,0.776111307449157,-5.97035830145292,"KHDRBS1",0.550020726209382,0.312079670080763,""
"OGN",0.135177832595302,13.4961015672019,0.75419106194335,0.457715312500241,0.752552112430065,-6.05527955344909,"OGN",0.533324608746671,0.339404558354609,""
"NDUFS4",0.134565600649545,15.8232308888037,1.93116629245452,0.064769536815747,0.311982340359548,-4.58974193249949,"NDUFS4",0.221098123119798,1.18862920869081,""
"GNG12",0.13455797783122,11.3558896306043,1.61519923493052,0.118703663873055,0.418455966371681,-5.08953792253573,"GNG12",0.29655469814873,0.9255358760303,""
"MRPL53",0.134554700641585,10.6120339296519,1.29574675597508,0.207269177249856,0.540030419998262,-5.50113949343716,"MRPL53",0.38271304764112,0.683465276514795,""
"ZYX",0.134493620779098,11.0615357301487,1.0378339912654,0.309190681544459,0.642007223548699,-5.80747192120097,"ZYX",0.454982778808511,0.509773603417377,""
"BCS1L",0.134269561075328,13.0665156443154,1.64765531820376,0.111821357766014,0.40726882309463,-5.04142110384204,"BCS1L",0.288626504588871,0.95147523872099,""
"TCERG1",0.13397022705584,11.1481725390724,0.844553598161658,0.409931636107477,0.718362651670718,-5.79891036528181,"TCERG1",0.509094950120295,0.38728856410182,""
"UFC1",0.133951664922055,11.4072079652401,0.814627308387762,0.426400039405833,0.732367240725613,-5.7469305696421,"UFC1",0.519019833533673,0.370182763846083,""
"C6orf136",0.133691651150107,10.4112124128755,0.894635133829982,0.379436611321756,0.696487611088242,-5.94176520409446,"C6orf136",0.493592372601385,0.420860766942612,""
"PPP5C",0.133466198926238,13.8000081799825,2.61930997323428,0.0146991657656788,0.148861516199419,-3.29262433966423,"PPP5C",0.105496361744475,1.83270731243843,""
"RPS9",0.133279949549022,11.574537121961,1.13187081203543,0.268330739803329,0.600082854049197,-5.70938708486248,"RPS9",0.425271483615847,0.571329571971221,""
"CDK4",0.133228712463145,11.0305120408719,0.711388958153646,0.492739692661105,0.781167796454602,-5.62478930690264,"CDK4",0.553604199002718,0.307382451710569,""
"AFM",0.13302707393615,10.6886001416068,0.710017529660471,0.485074153598613,0.77536114010799,-6.02587392492051,"AFM",0.549489091659277,0.31419186544515,""
"KRT1",0.132819895610631,19.3772018025803,0.356853114325466,0.724168702723152,0.892334322813603,-6.27462301122776,"KRT1",0.63238657592635,0.140160248544616,""
"PDK4",0.132573552296014,11.1846227037856,0.406193386699129,0.688864389983084,0.87695603313103,-6.13662581705512,"PDK4",0.621488167440501,0.161866264999004,""
"ZRANB2",0.132401808451633,11.3554393269565,1.54583089543719,0.135105753881667,0.449724843931311,-5.17154402037576,"ZRANB2",0.318714574674207,0.869326154857719,""
"COX7C",0.13196587228877,15.7066651359363,0.912197139764683,0.370298036677997,0.690484172491307,-5.9262915857133,"COX7C",0.489337808049694,0.431448590575922,""
"AGT",0.131776559929344,10.1086003215329,0.918045782426708,0.368447136837,0.687486101224523,-5.8575546507336,"AGT",0.48721311108992,0.433624813983701,""
"PLIN2",0.131427610047776,11.8008828742336,0.764547252637275,0.451632217892313,0.749121488951358,-6.04753633744026,"PLIN2",0.53089336724948,0.34521508456424,""
"SLC25A4",0.131340226542036,19.8418569661597,1.95710931495157,0.0614841928318687,0.301735781945438,-4.54573429945622,"SLC25A4",0.213836510711909,1.21123652403412,""
"RCC1",0.130808641189782,15.0845555270846,1.25015614664504,0.222712495622483,0.562080217999267,-5.575209626993,"RCC1",0.398339473635536,0.652255415531518,""
"SYNM",0.130748353185094,16.6992178634438,1.67080076327374,0.107119843119495,0.398930947222663,-5.00664054326353,"SYNM",0.282717552486091,0.97013007203402,""
"SYPL1",0.130067549497427,11.2186531540628,0.670653910596385,0.509348289973346,0.792503908286433,-6.04997805762926,"SYPL1",0.561637964781273,0.292985147552919,""
"PRKCQ",0.129661953736514,10.7781675874869,1.43475780172063,0.163634907312645,0.489103231157296,-5.34267648682842,"PRKCQ",0.346621562925901,0.786124045187066,""
"ALPK3",0.129566872071385,12.3671541659791,1.586885073306,0.124991861349744,0.429282686829789,-5.13088299930804,"ALPK3",0.304227464402332,0.903118264479687,""
"YARS2",0.129503573605749,10.4446576772843,1.00792389043066,0.326003763580895,0.655667920296733,-5.70034529143438,"YARS2",0.46466394989024,0.486777386149914,""
"ACSL3",0.129456912650095,12.4214135071337,2.20555299543304,0.0367419185992953,0.235575701802193,-4.10346736673924,"ACSL3",0.166949659589923,1.43483816933311,""
"PNPT1",0.129442346696072,12.8571244498318,1.70465669885564,0.100542602634101,0.386170785740215,-4.9550734633296,"PNPT1",0.273674579889554,0.99764987686606,""
"IRGQ",0.129074182137145,10.2801986657247,0.741948413105468,0.466246894458893,0.760226725247984,-5.97691904894172,"IRGQ",0.538763514319844,0.331384047888581,""
"FLNC",0.128863793395773,18.6455182123726,1.18776830001405,0.245985030734098,0.581509479869366,-5.6474583529616,"FLNC",0.412108757269126,0.609091320812819,""
"FARSB",0.128810918241253,15.3953045987952,1.79757270206956,0.0842227947308029,0.358134317060061,-4.8094127226305,"FARSB",0.253805472564617,1.07457035165918,""
"ANK3",0.12828409362772,13.3201345346086,1.58654007500259,0.125070147767925,0.429282686829789,-5.1313831186285,"ANK3",0.304227464402332,0.902846337043329,""
"MRPL13",0.128030510174636,11.9903394128554,1.27522686135767,0.213845246931098,0.550656314199935,-5.54525945706645,"MRPL13",0.390243490748099,0.669900398222398,""
"PRDX3",0.12787104669308,17.999157808544,2.05814312559729,0.0500441805081947,0.275820425647088,-4.37033442131517,"PRDX3",0.195470610158235,1.30064641808723,""
"MIF4GD",0.127537896150242,10.6066115934998,1.03986518664384,0.309579198515109,0.642007223548699,-5.74508197980973,"MIF4GD",0.454982778808511,0.509228228459447,""
"FAM114A2",0.127469781741732,12.2577088966479,1.33938852275931,0.192384134273312,0.523948644985731,-5.46625292414011,"FAM114A2",0.371316087583677,0.71583074665198,""
"LRRC39",0.127246178913316,12.6356770335951,1.39493641543475,0.175193491830167,0.504647980507909,-5.39515702009156,"LRRC39",0.357637939371527,0.756482031242964,""
"QARS1",0.127236811220358,14.1073479743949,2.61233699745538,0.0149358952826866,0.149955125769538,-3.30696673435802,"QARS1",0.106271389661442,1.82576873993785,""
"DECR1",0.127137759226873,16.5784468083784,1.52537286342465,0.139603242078952,0.458833591511785,-5.21864551287053,"DECR1",0.325169834262598,0.855104495748323,""
"SH3BGRL",0.12666939417683,10.9490269761233,1.05277345132065,0.304278335167645,0.637391349305191,-5.70406429427967,"SH3BGRL",0.451711564384578,0.516728968614873,""
"RPS3A",0.12636188304305,13.5173762995934,1.38303767710037,0.178769906140398,0.507771068442885,-5.41059436617223,"RPS3A",0.359851234136754,0.747705587873215,""
"MYOT",0.126314507167923,17.6368430112659,2.02029654539734,0.0540875530199448,0.283910122628501,-4.43677565341607,"MYOT",0.20120368087351,1.26690266607086,""
"ACADVL",0.126098021288342,17.2172509317435,1.79645163827724,0.0844052979169929,0.358378642711262,-4.81120568299925,"ACADVL",0.253978623207849,1.07363029290154,""
"PRDX4",0.125674020779572,13.4804204293077,1.71225717448324,0.0991138632500709,0.383865313614464,-4.94338494725635,"PRDX4",0.272040719590535,1.0038655956467,""
"FNTB",0.124326493729459,10.6307764481158,1.16056694802533,0.256680543327337,0.593270274262671,-5.67792853125224,"FNTB",0.420443490458706,0.590607050089065,""
"HSD17B10",0.124057851090855,13.0074575539693,1.44658588014618,0.160321519274652,0.484685099410497,-5.32684783407072,"HSD17B10",0.343490486225253,0.795008180234809,""
"SPRYD4",0.123842383219547,10.9807430177193,0.982935280581073,0.334970516562982,0.662543478584891,-5.86113314824099,"SPRYD4",0.469536575152172,0.474993417015396,""
"NUP54",0.123754093935512,10.1764106975712,1.74433534817676,0.0937732454753609,0.374838631989017,-4.87655857179908,"NUP54",0.265643619155023,1.02792105287703,""
"ARIH2",0.12369859837527,12.2749806564247,1.41138520207944,0.170342957273116,0.500207905271262,-5.37363112134106,"ARIH2",0.354491311584191,0.768675817368488,""
"VDAC2",0.123636797609869,16.8971655197941,2.05942313940531,0.0499122498753072,0.275623329754587,-4.36807211341277,"VDAC2",0.195330930675555,1.30179285316717,""
"PPIF",0.123502232488729,15.0210812623473,1.55156890053165,0.133218345639548,0.445511993702386,-5.18161789537494,"PPIF",0.315728978510249,0.875435963893966,""
"PPIC",0.122570916529124,11.7857704753261,0.640429750895963,0.529449880172052,0.801712472267264,-5.99854150328565,"PPIC",0.568163963049136,0.276175145650818,""
"ACYP2",0.122502100389873,15.9130538425452,1.30334452306009,0.20422443686167,0.535505247983117,-5.51105126218198,"ACYP2",0.379506112792854,0.689892292811272,""
"AP2A1",0.122410771948548,10.9723350192945,1.00307708954713,0.325346181100785,0.655342305812702,-5.84175700691102,"AP2A1",0.46443319083126,0.487654286629803,""
"LNPEP",0.122381349303847,10.1312295502435,0.937553674380601,0.358118394834857,0.678362431517389,-5.86465844148465,"LNPEP",0.480747276370276,0.445973370777827,""
"HEXB",0.121979043835411,13.3741926521638,0.788370607110886,0.440609943310793,0.740204043100078,-5.85307930357479,"HEXB",0.524573680890091,0.355945706285835,""
"SOD2",0.12174080172954,17.4249776793805,2.0108629017885,0.0551393695802088,0.286243731946621,-4.45320043051759,"SOD2",0.202857481661518,1.25853820358029,""
"RAB18",0.121309696525437,10.8955659176624,1.17722928475858,0.250537180319374,0.585676638495371,-5.63980827279274,"RAB18",0.415061972344987,0.601127814669638,""
"ATP1B4",0.120994489706646,10.9417102305618,0.661670826329637,0.515647456759891,0.796781958585684,-6.01058476221913,"ATP1B4",0.56466976744897,0.287647119905703,""
"COX4I1",0.120465730967009,18.1994170452363,1.54702793983734,0.134307660897487,0.447588088525812,-5.1880735874834,"COX4I1",0.317200281880655,0.871899214504665,""
"DNAJC11",0.12018735441557,11.0250168863578,0.840074570798335,0.409078525878478,0.718362651670718,-5.96802216137329,"DNAJC11",0.509094950120295,0.388193317708319,""
"APOE",0.119637010783045,11.8227440465984,1.32111308954646,0.198319011148942,0.528012853709642,-5.48909939288424,"APOE",0.374196343305165,0.702635651698224,""
"MT-ATP8",0.119599532132231,16.6060470191906,1.59555975315618,0.123036694845271,0.424847189670538,-5.11827893142346,"MT-ATP8",0.30108408104325,0.909965343909194,""
"NT5DC1",0.119477958494695,12.4522918582064,1.27435345639208,0.214149556269974,0.550944908680202,-5.54631161096707,"NT5DC1",0.390448014176752,0.669282821149277,""
"CPTP",0.119411950168516,11.9484930000147,1.12921243070836,0.269429203099878,0.600082854049197,-5.71226552956344,"CPTP",0.425271483615847,0.569555333417142,""
"TACO1",0.11940981754673,13.4688671696679,1.31980912935856,0.198747836388995,0.528012853709642,-5.49071911405907,"TACO1",0.374196343305165,0.701697590467392,""
"CLUH",0.119259178970513,12.5957709713966,1.33508609546621,0.193768729099835,0.524790444964531,-5.47165588317917,"CLUH",0.371912661079281,0.712716309200515,""
"TSG101",0.119202630983882,11.5119091349711,1.33787559231677,0.192870139727825,0.523948644985731,-5.46815456261173,"TSG101",0.371316087583677,0.714735004887222,""
"ASS1",0.119064399207685,11.420766053175,0.540067046550203,0.594079644593256,0.831363408888805,-6.17238864973221,"ASS1",0.589177224338899,0.226155327933486,""
"LGALS3BP",0.118974585760277,11.5082151837682,0.559840910888204,0.582401001595953,0.825953632498184,-6.01576217656146,"LGALS3BP",0.585343381035186,0.234777886807619,""
"CCDC124",0.118765984353786,12.0884101642197,1.36363558317119,0.184724786470399,0.51300507560481,-5.43552381737579,"CCDC124",0.363560511907296,0.733474826784522,""
"SRA1",0.118461703747272,10.8281473319673,0.987114149636874,0.332957896994313,0.660782072912532,-5.85714295238482,"SRA1",0.468288288188999,0.477610680184616,""
"NUBPL",0.118388829990765,10.1292939143634,0.879115838654804,0.38763362570544,0.69970782808509,-5.95520443405346,"NUBPL",0.495874501561701,0.41157855663441,""
"NDUFS7",0.118246323560466,15.6217443924825,1.74264132505244,0.093572721308309,0.374838631989017,-4.89625203481075,"NDUFS7",0.265643619155023,1.02885074006475,""
"INPP4B",0.118093894098923,11.0480932208636,0.64432913305334,0.530372242644359,0.801712472267264,-5.66386568952366,"INPP4B",0.568163963049136,0.275419213075815,""
"PPP2R5A",0.118000978450656,12.0795327110565,1.03811114579423,0.309064153557282,0.642007223548699,-5.80719422605284,"PPP2R5A",0.454982778808511,0.509951363151015,""
"NHLRC2",0.117955935907624,12.415398339738,2.27866855251515,0.0314079267260453,0.216382495184725,-3.96653722074638,"NHLRC2",0.153347665467814,1.5029607309417,""
"SEC31A",0.117946600784231,13.0036622649471,2.06202880181352,0.0496446396941967,0.27467478255515,-4.36346379245688,"SEC31A",0.194658706711711,1.30412763693508,""
"TBCB",0.117340136871865,12.6785679670249,1.15761818222926,0.257860265108825,0.593809877315729,-5.68119372196208,"TBCB",0.42082590063655,0.588615575169106,""
"CFHR1",0.117330900958265,10.428433471755,0.788270087037469,0.43818211891613,0.739593611786589,-6.00937243725204,"CFHR1",0.524141075578039,0.358345348853135,""
"TUBA3C",0.117201540767462,13.3966069305595,1.26176056273382,0.218574009199326,0.557821113415199,-5.56141152756385,"TUBA3C",0.395321097567765,0.660401481601314,""
"RPL8",0.116967971003241,11.5602145220062,0.987175343495722,0.333311160998978,0.660782072912532,-5.83722098143224,"RPL8",0.468288288188999,0.47715014364786,""
"EEA1",0.116769537489397,11.5608412647349,1.486070501371,0.149648686051085,0.474216709653583,-5.27321941201334,"EEA1",0.336071664619285,0.824927092009679,""
"FUNDC2",0.116376704147921,12.7933994442189,1.40813305520368,0.171293421240479,0.500945862525728,-5.37790409332013,"FUNDC2",0.355014292993065,0.766259316391307,""
"MARCKS",0.115960171697898,10.2957948381034,0.643748315020649,0.526042826861542,0.79995314936146,-6.0880887752176,"MARCKS",0.566917152117508,0.278978897077245,""
"PURB",0.115786535794403,12.7756518324516,1.26026652441126,0.21910352100232,0.558178392171245,-5.56319427572417,"PURB",0.395574296714554,0.659350643253573,""
"POTEE",0.115717327506911,13.7444424322648,0.441998237380646,0.662959407801794,0.863655301254519,-6.15286527711806,"POTEE",0.612062099123214,0.178513062104093,""
"GLRX5",0.114932020181474,13.1470720551797,1.26581933611476,0.217140434291093,0.556143417943049,-5.55655907842805,"GLRX5",0.394132135014207,0.663259297897875,""
"TMED2",0.114907627057631,9.33824144798779,0.578076149079576,0.56959120097303,0.822726546804712,-6.02841100018358,"TMED2",0.583056384312387,0.244436728286887,""
"PPP1CB",0.114656648903201,15.0263208516352,2.48248735508695,0.0200474580596554,0.177882398758429,-3.57004507094595,"PPP1CB",0.126063111316526,1.69794068641788,""
"FBXO40",0.114417645153557,9.66171135835811,0.671547384366887,0.510774166314519,0.793208548086914,-5.9269786829794,"FBXO40",0.562137334512208,0.291771076386641,""
"PACSIN3",0.11438686787819,15.6393531267659,1.45445220286195,0.158147853854275,0.484685099410497,-5.31626035170193,"PACSIN3",0.343490486225253,0.80093669730229,""
"LAMB1",0.114203113258101,13.4887209036584,1.46294768408414,0.155826977990803,0.483410928453801,-5.30477191350754,"LAMB1",0.342587496630603,0.807357351681022,""
"GLTP",0.114117012365124,12.3571343499829,1.37720487647164,0.180543985772964,0.509792180517551,-5.41812053418944,"GLTP",0.361283571896028,0.74341697408356,""
"IDI1",0.114100937608676,13.6516731079838,1.41347574509175,0.169734195997061,0.499957045968733,-5.37087995427106,"IDI1",0.354313530621037,0.770230652457145,""
"APPL1",0.113902962714606,13.28882357262,2.02567206053329,0.0534961738271519,0.281838298140841,-4.42739195401537,"APPL1",0.199735403838575,1.27167727863629,""
"MRPS31",0.113764544329536,10.993742788006,1.03495303312645,0.310508060789887,0.642764148489368,-5.81035447770207,"MRPS31",0.455519202387909,0.507927121055429,""
"ATP5PB",0.113162268261195,17.7813060819367,1.50890917764745,0.143742311030442,0.466339147652164,-5.24165020189948,"ATP5PB",0.330488931406673,0.842415377013012,""
"RBM8A",0.113123444257274,11.2565754245158,1.00502106613827,0.324427481506742,0.655342305812702,-5.83986776423983,"RBM8A",0.46443319083126,0.488882364814698,""
"PHAX",0.113122229772715,14.0117226167292,0.869864197074247,0.392574239259859,0.704078704454791,-5.96311103419462,"PHAX",0.498972088946345,0.406078202225455,""
"FLNA",0.112944817146056,13.2986975500236,1.51788451275172,0.141473649389349,0.462811044154342,-5.22913457832807,"FLNA",0.327988606995227,0.84932444346475,""
"MFF",0.112934231922546,11.0881524216555,0.867053534510598,0.394083189108486,0.705020237194083,-5.96549750193111,"MFF",0.499639341846857,0.40441209097337,""
"H2AZ1",0.112657176122914,11.9283329915557,0.843021330754543,0.407136789759334,0.717181339551476,-5.98560568681355,"H2AZ1",0.508257768464173,0.390259652060387,""
"IGKV4-1",0.112524779660955,12.8264556856833,0.597440548838862,0.555755231964783,0.816929818306411,-6.13994109435816,"IGKV4-1",0.578948312715346,0.255116440095028,""
"PFN2",0.112380079410405,14.7616028389451,0.933909070423988,0.359202075530413,0.679071997671611,-5.90677346582015,"PFN2",0.481250137348712,0.444661162570432,""
"YWHAZ",0.112243685512411,15.1685075269285,1.70407676543879,0.100652329709679,0.386170785740215,-4.95596364504303,"YWHAZ",0.273674579889554,0.997176168432071,""
"BORCS7",0.11191497582654,11.2891294348242,1.66118458904598,0.111371603003409,0.407040403714727,-4.94769391813313,"BORCS7",0.288464626528329,0.953225529369199,""
"AK3",0.111716719376128,15.1062431955652,0.832144108465312,0.413133898957392,0.721850718413894,-5.99453158128558,"AK3",0.511566900966436,0.383909168310458,""
"MYO18A",0.111584291043853,12.8348441424826,0.926768930025403,0.362826388555304,0.683219730354468,-5.91323939128632,"MYO18A",0.484189585492878,0.440301133995672,""
"LONP1",0.111305669952523,14.2311039250027,1.84973243774591,0.0760981040616662,0.336569700988789,-4.72505245306641,"LONP1",0.238522889154086,1.11862616327954,""
"RABEP1",0.111153060942138,10.9400720368848,1.15042795738374,0.26075358259085,0.593836536956154,-5.68912429864412,"RABEP1",0.42084479400229,0.583769715926366,""
"LIMCH1",0.111148668338565,12.5207087270029,1.85112385656233,0.0758909767960775,0.336172394895762,-4.72277706946928,"LIMCH1",0.238241323116178,1.11980985731434,""
"PYURF",0.111073019941934,12.6207907112597,0.757758249583688,0.455614503681873,0.750865362171445,-6.05262377869939,"PYURF",0.532129229175112,0.341402459376196,""
"MYH7",0.111058422183508,18.1317491200189,0.595839439485081,0.556589764642631,0.816929818306411,-6.16101062337815,"MYH7",0.578948312715346,0.254464784347821,""
"RRAS",0.110929103523162,12.5694106439182,1.39524073145,0.175102770828457,0.504647980507909,-5.39476072361164,"RRAS",0.357637939371527,0.756706981580815,""
"CBR4",0.11078956455086,12.4844669077153,1.09738627061505,0.282834531090249,0.615176392940834,-5.74625159065111,"CBR4",0.435968092649329,0.548467568897609,""
"CLEC3B",0.110184446179183,12.0900880931001,1.08895931116128,0.286462993640689,0.619230690545314,-5.75510316608887,"CLEC3B",0.438841324479972,0.542931473856095,""
"MT-CO1",0.11017579477274,15.4093463680694,0.642453192070385,0.526373585713794,0.79995314936146,-6.13237323823995,"MT-CO1",0.566917152117508,0.278705912453693,""
"SEPTIN11",0.110075425623023,11.5771572168246,1.4097326127702,0.170825413907016,0.500598810079252,-5.37580349237717,"SEPTIN11",0.354768341108573,0.767447518316,""
"HSPB1",0.109742836280088,19.4426985767997,1.26343815703176,0.217980604449029,0.55680250655162,-5.55940754416338,"HSPB1",0.394599223164635,0.661582147475662,""
"APMAP",0.109582430418445,11.9616477656913,1.02361288189026,0.315731714720853,0.648199924348112,-5.82162955694909,"APMAP",0.459371471201211,0.500681791764817,""
"COMT",0.109455900651888,13.7351171891458,1.42916465216549,0.165220655802391,0.491205808640719,-5.35012318978284,"COMT",0.348111634238152,0.781935658346035,""
"CFL1",0.108612999978622,15.1141160861699,1.7299613916089,0.0958523136984265,0.378914111806469,-4.91600029464468,"CFL1",0.26853186256461,1.01839739958997,""
"BCKDK",0.108597042012498,12.3725645941921,1.16245594114305,0.255926898659271,0.593270274262671,-5.67583292649999,"BCKDK",0.420443490458706,0.591884066104344,""
"HSDL2",0.108116292036444,15.9495715824398,1.39921521139851,0.173921330722902,0.504479011094167,-5.38957818475422,"HSDL2",0.35751819278523,0.759647150331135,""
"NDUFA7",0.107759871663394,15.6915764602998,0.90677963694722,0.373101515471709,0.692109348441371,-5.93109486781022,"NDUFA7",0.490489550651165,0.428172986928981,""
"CAP1",0.107632317376028,11.9348602072166,1.23549723096168,0.228024972074186,0.564421025748772,-5.59247921314577,"CAP1",0.399998375865076,0.642017588788393,""
"PGM3",0.107470465842656,12.868607191539,0.758263793109164,0.455317242179299,0.750865362171445,-6.05224643364094,"PGM3",0.532129229175112,0.341685903301428,""
"DCAF6",0.107232330447754,11.9893008064703,1.89033079730333,0.0702518886696755,0.321632448765639,-4.65813576183929,"DCAF6",0.227937038598252,1.15334199558242,""
"DNAJA3",0.107191273637479,12.1443711899112,1.18591009123627,0.246704975273993,0.581509479869366,-5.64955990425558,"DNAJA3",0.412108757269126,0.60782209204957,""
"CANX",0.107160591070906,14.2547635265992,1.93516569672824,0.0642532565133239,0.310539347668105,-4.58298567026267,"CANX",0.220075491597174,1.19210485632466,""
"GRSF1",0.107059780421737,12.8247073686896,1.25611142291209,0.220581291779644,0.559780847031196,-5.56814256321311,"GRSF1",0.396709937153404,0.656431324268475,""
"FARSA",0.106942148144997,12.712701384984,1.78003990499641,0.0871161021202417,0.364488684199434,-4.83735536510411,"FARSA",0.258308735943276,1.05990156467493,""
"H2AC20",0.10670744012744,14.1576415024859,0.682125128953501,0.501373793573559,0.788033999377247,-6.10636000658065,"H2AC20",0.558470194229906,0.299838370026455,""
"NDUFAF6",0.10645885024678,12.7877368660452,1.12992264530198,0.269135417243542,0.600082854049197,-5.71149711940018,"NDUFAF6",0.425271483615847,0.570029146898771,""
"MRPL43",0.106420109767425,11.0487477081312,0.986523971532226,0.333624056652481,0.660792360999316,-5.83784316387749,"MRPL43",0.468295579232062,0.476742641203541,""
"IFITM3",0.106359668955076,9.99017618988448,0.637532747903105,0.530011111163719,0.801712472267264,-6.09633500896214,"IFITM3",0.568163963049136,0.27571502574542,""
"NUDT16",0.106110768713018,11.3136541083537,0.841719757282608,0.410848965546003,0.718860277933361,-5.81290985478504,"NUDT16",0.509447611852875,0.386317802175153,""
"PTGES2",0.106020833441013,14.0391984949436,1.64481611619135,0.112409795821321,0.408436885488309,-5.04566089618787,"PTGES2",0.289454296324235,0.94919584102876,""
"GFM1",0.10587343340484,12.9041950603994,1.3912363858981,0.176299500630401,0.505361061907019,-5.39996950030536,"GFM1",0.358143291561632,0.753748917841169,""
"CKMT2",0.105793489337934,19.5944052565986,1.37751547000883,0.180449168773078,0.509792180517551,-5.41772045547451,"CKMT2",0.361283571896028,0.743645114148098,""
"GARS1",0.105707242081371,13.9495375041302,2.01599989175196,0.0545643937234833,0.28484800074955,-4.4442632885926,"GARS1",0.201868343790136,1.2630906659719,""
"NACA",0.105507049721322,14.1418409942171,0.898394699145232,0.377468001626227,0.693921290994719,-5.93847638520427,"NACA",0.491773652492584,0.423119858090853,""
"TBCA",0.10546426064994,11.9222214913873,1.44692381982078,0.160227648184308,0.484685099410497,-5.32639398559839,"TBCA",0.343490486225253,0.795262541823298,""
"NDUFS8",0.10544597188974,17.5328398712067,1.41033450619764,0.170649571759668,0.500595366083121,-5.37501253821832,"NDUFS8",0.354765900390037,0.767894797233842,""
"COA7",0.105424753349679,11.9167625564665,1.35235267826071,0.188258653720104,0.518674999974986,-5.44988203289131,"COA7",0.367578718947581,0.725245051374225,""
"DSG1",0.105392258087269,15.7520049055271,0.260909913486671,0.796279547970966,0.925816302022227,-6.30437127300278,"DSG1",0.656114850907656,0.0989344387600185,""
"TRIM28",0.105233171838663,11.3762082095154,1.12910911827111,0.269471958535002,0.600082854049197,-5.71237727125266,"TRIM28",0.425271483615847,0.569486421153051,""
"TRPT1",0.104927794452689,10.0367722007205,0.707254171755432,0.486442602671393,0.77600624762252,-6.04998950561478,"TRPT1",0.549946271576924,0.3129683965337,""
"LAMP1",0.104853747423338,10.9380245880129,0.696051239846348,0.493945816817507,0.781167796454602,-6.00939260799779,"LAMP1",0.553604199002718,0.306320688217564,""
"AP2A2",0.104643593799398,11.8721471172868,1.18975339010704,0.24521765377485,0.580821318775801,-5.64521006719519,"AP2A2",0.411621065799102,0.61044826718374,""
"SEPTIN2",0.104534076064555,12.2680010111031,1.75120118927604,0.0920600333064698,0.371986790314754,-4.88285713356121,"SEPTIN2",0.263622553344414,1.03592887231828,""
"RPL4",0.104120413385562,12.1305016130682,0.877164529924632,0.388672317624377,0.69970782808509,-5.95687859065442,"RPL4",0.495874501561701,0.410416389986436,""
"TUBA4A",0.104031528192731,17.0339424692176,1.75874237292726,0.0907446675989548,0.369559327128076,-4.8710141373785,"TUBA4A",0.261902239451332,1.04217888585538,""
"RPL32",0.103766009849881,10.6193615418485,0.473259604053425,0.641093785994223,0.853005938096306,-6.08309093337301,"RPL32",0.604515023849695,0.193078432633502,""
"RPS29",0.103440925836519,10.6918693804478,0.987467168597483,0.333171044027882,0.660782072912532,-5.83694211113435,"RPS29",0.468288288188999,0.477332750258525,""
"AIMP1",0.10331053404334,13.5468292922824,1.91988149464583,0.0662458895258311,0.315507258964215,-4.60875018161417,"AIMP1",0.223596190435864,1.17884106398182,""
"COX6B1",0.103023323823603,18.6778551334423,1.69585551701917,0.102218753556329,0.388723410823494,-4.9685573767753,"COX6B1",0.275483594509712,0.990469419085229,""
"DCAF11",0.102961571859472,11.4519908239224,1.05638455899898,0.300801883281537,0.633895733444768,-5.78873561788755,"DCAF11",0.449234263570062,0.521719449010518,""
"HGS",0.102602158283728,10.9282675094229,0.790496751652913,0.436905670902262,0.739068849133918,-6.007646337899,"HGS",0.523769182613023,0.359612318244022,""
"MRPL12",0.102536541259454,13.0903848526641,1.16039502268554,0.256749216781322,0.593270274262671,-5.67811910970204,"MRPL12",0.420443490458706,0.590490872552764,""
"PNPLA6",0.102217210693199,9.52743897389582,0.770930157668433,0.450623351544053,0.748687840884207,-5.88281284853811,"PNPLA6",0.530586046092676,0.346186306655787,""
"GAA",0.101998501101251,12.2349292090834,1.51235637229937,0.142867501537506,0.465598464354132,-5.23685054435355,"GAA",0.329964018083591,0.84506655013187,""
"MTRR",0.101838288433902,10.6247198422006,1.03789516875944,0.310994283304619,0.642764148489368,-5.72135279569889,"MTRR",0.455519202387909,0.507247594098813,""
"ALDH1A2",0.10163221448858,11.9377349415632,0.596347517463532,0.557556680027988,0.816990184753129,-6.05123440458297,"ALDH1A2",0.578991093688312,0.253710976580877,""
"EFTUD2",0.101530182825131,11.3082071722056,1.22330686776666,0.23251527510568,0.567622468869573,-5.6067036924942,"EFTUD2",0.40226720000579,0.633548510833402,""
"FAU",0.101269932213565,12.0689764550317,0.556587171741439,0.583913654671035,0.826418041623302,-6.06236497162022,"FAU",0.585672502182892,0.233651368764906,""
"ARPC5L",0.101133281635098,10.7661618093418,1.32505019556553,0.197028592334995,0.527249248956205,-5.48420048958394,"ARPC5L",0.373655185822996,0.705470745451247,""
"EPRS1",0.100935651945155,12.7311152121303,1.60634666465373,0.120640847301171,0.422812376359482,-5.10252822237712,"EPRS1",0.299642033382939,0.918505621267645,""
"NDUFA12",0.100717034151844,13.3103411590524,0.84354255086721,0.406850805657056,0.717181339551476,-5.98517522456596,"NDUFA12",0.508257768464173,0.390564819665745,""
"SLMAP",0.100611782497996,13.9104927977653,1.0611595599324,0.298668819818662,0.632870114660502,-5.78386376582811,"SLMAP",0.448507419903282,0.524810114146847,""
"SPCS2",0.100525463652943,12.9121174526529,0.885282348511046,0.384362967741606,0.698531557100472,-5.9498908314795,"SPCS2",0.495040892496906,0.41525846200302,""
"TUBA8",0.100312169411307,14.8480402134793,1.34299716573668,0.191228767295816,0.522678178960268,-5.46170964932501,"TUBA8",0.370415723629122,0.718446774517745,""
"ATP5PO",0.100150806793401,16.0549749477139,0.965819278479266,0.34330047000813,0.667443475442887,-5.87731296347872,"ATP5PO",0.473009143847398,0.464325601987016,""
"HEBP1",0.099929894263898,11.3356398154046,0.957257486967129,0.347519522782723,0.673418782436764,-5.88530765621279,"HEBP1",0.477243771871177,0.459020792804373,""
"CD93",0.0998399440288704,10.477027166403,0.466379439705119,0.645693187466921,0.856739201518609,-6.14455217927218,"CD93",0.607160742626058,0.189973795692862,""
"FAM162A",0.0997497891595458,14.4234659432656,0.951896364622142,0.350179094061868,0.673915868565752,-5.89028005403946,"FAM162A",0.477596050817548,0.455709785164582,""
"RCN2",0.0997012598230302,12.7537537895535,1.06051569328059,0.29895581849728,0.632870114660502,-5.7845218609214,"RCN2",0.448507419903282,0.524392989604022,""
"NDUFS6",0.0996769348113791,14.446500352374,1.08760526157664,0.287049112844765,0.619956863159832,-5.75651967142753,"NDUFS6",0.439355954256599,0.5420437910267,""
"CRYZ",0.0995785540409493,15.3202247195163,1.24803184962416,0.223476483878154,0.563310116794011,-5.57772336068024,"CRYZ",0.399211088082789,0.650768170336431,""
"NDUFAF3",0.0994013279286197,13.4107345225939,1.03853330513772,0.30887149697808,0.642007223548699,-5.80677111280165,"NDUFAF3",0.454982778808511,0.510222167050704,""
"RPL6",0.0993672888939958,12.1381594683682,0.831030498023897,0.413750999967062,0.722104978163319,-5.99543923573278,"RPL6",0.511747091785307,0.38326094359773,""
"ALDH4A1",0.0989845152868476,16.1015547306758,1.27251743837279,0.214790336070478,0.551603139048378,-5.5485213267168,"ALDH4A1",0.39091449410256,0.667985262477509,""
"ADAL",0.0988658305065133,10.9569487146823,0.78717133498911,0.438512990604167,0.739693143071293,-6.03027074297914,"ADAL",0.524211612199485,0.358017536473221,""
"API5",0.098807595123322,9.71905943930429,0.820316197791178,0.419717782656759,0.72815445828951,-6.00411325476323,"API5",0.516034285413671,0.377042630154488,""
"MYH3",0.0983827508374944,17.1635284202345,0.39148161677415,0.698727657126732,0.881774689301534,-6.26163917881702,"MYH3",0.624903090971206,0.155692066106177,""
"NDUFB5",0.0982901508850578,12.7586461180066,0.956311287520618,0.347987925468855,0.67341890235904,-5.88618713182555,"NDUFB5",0.477243856858649,0.458435824999464,""
"CAPNS1",0.0980812667203637,13.4714063256044,1.07639795559597,0.291933309897383,0.625065190612564,-5.76818245009749,"CAPNS1",0.442976164332524,0.534716348728038,""
"GANAB",0.0978988708502815,13.4287520912481,1.46757259499248,0.15457506521093,0.481563160045974,-5.29849406389817,"GANAB",0.341278005438058,0.810860561612261,""
"IQGAP1",0.0977425616344991,12.9669547574124,1.39330842795007,0.175679450080509,0.505281923989009,-5.39727582058409,"IQGAP1",0.358087207473284,0.755279036675438,""
"DNM1L",0.0977416473377453,14.940583261933,1.77205241001202,0.0884621663139923,0.36613130045856,-4.85001548482674,"DNM1L",0.259472838281505,1.05324242957535,""
"BCKDHA",0.0975913891155997,12.0715530550919,0.965419884375838,0.343496507620772,0.667443475442887,-5.87768737035587,"BCKDHA",0.473009143847398,0.464077674117496,""
"SERPINB1",0.0972601546977838,14.5867071690432,1.55961078688976,0.131306998928164,0.443257784367632,-5.17014704226791,"SERPINB1",0.314131447533146,0.881712124520792,""
"TUBB4B",0.097240945500058,17.7817763809187,1.66754081080203,0.107771825200929,0.398930947222663,-5.01156261835987,"TUBB4B",0.282717552486091,0.967494761960748,""
"COL4A2",0.0972213750787141,14.0708107780589,0.390943608233448,0.699120285032942,0.881774689301534,-6.26184998359278,"COL4A2",0.624903090971206,0.155448096597835,""
"SERPINB9",0.0968664698322623,11.056370042175,0.476236779762464,0.638003431621799,0.853005938096306,-6.22486507929391,"SERPINB9",0.604515023849695,0.195176985337767,""
"CRAT",0.0968432095992497,16.8930422088042,1.15169131600387,0.260243494853693,0.593836536956154,-5.68773406512696,"CRAT",0.42084479400229,0.58462011747335,""
"SPEG",0.0966603809665791,13.2066386200359,1.13324412108094,0.267764557412167,0.600082854049197,-5.7078977049837,"SPEG",0.425271483615847,0.572246908798949,""
"SCRN2",0.0966030624933687,13.0927604180597,1.01533478097759,0.319583320208446,0.649934283864775,-5.82978815713527,"SCRN2",0.460600590879932,0.495415895598557,""
"ADGRE5",0.0965225679980346,10.6383325539691,1.19742671489897,0.246475841469189,0.581509479869366,-5.46811163096028,"ADGRE5",0.412108757269126,0.60822564202891,""
"RPL21",0.0964481422600638,12.8678896674384,0.743773715565359,0.463883257182955,0.759274366125842,-6.06296676842417,"RPL21",0.538088588892337,0.333591302075492,""
"DCTN1",0.0964318437871903,12.5165678632626,1.89202289893435,0.0700169366345803,0.32114167894604,-4.6553232214693,"DCTN1",0.227589235944191,1.15479689431079,""
"PPP1R12B",0.0959942547261026,12.6907750478114,1.12331416881596,0.271878083135699,0.60198944066315,-5.71863027739142,"PPP1R12B",0.426622658561918,0.565625800712859,""
"RTRAF",0.0959587918107765,13.4268986289675,1.12170133800219,0.272550514043633,0.602258884540518,-5.72036543273783,"RTRAF",0.426813610189191,0.564552994534825,""
"CKAP5",0.0959562555886784,8.94563221290745,0.448111958346805,0.658223237204314,0.86218820741662,-6.19572110729945,"CKAP5",0.611022387408678,0.181626789906319,""
"PLAA",0.0958957669481393,13.3348533023067,1.90425541577751,0.0683386715410092,0.319516024182557,-4.63493533393866,"PLAA",0.226437154013424,1.16533346785532,""
"CAMK2A",0.0951460556340145,15.6103281550974,1.03058795222004,0.31251156246593,0.644768063293252,-5.81470799210449,"CAMK2A",0.456939352648722,0.50513390976869,""
"BROX",0.0951225562746174,11.1778552025823,0.72077088468397,0.477675354446139,0.76954331975415,-6.07957878632936,"BROX",0.545366072518515,0.320867165465989,""
"NADK2",0.0951038425676369,11.6214891784296,1.12773697376211,0.270040283196687,0.600415400808149,-5.71386049543052,"NADK2",0.425507155494484,0.568571445229603,""
"PEA15",0.0949728247173613,12.6586568462248,1.01897490925068,0.3178856560682,0.649934283864775,-5.82620807165899,"PEA15",0.460600590879932,0.497729068282062,""
"CAND1",0.0949375558438135,12.6872156608736,1.2145114695237,0.235796138593899,0.570710465070616,-5.61688922614689,"CAND1",0.404455625682271,0.627463311204854,""
"ATP6V1D",0.0948329686445586,10.0172634469213,0.709107444819918,0.487226527986224,0.776111307449157,-5.88422284099831,"ATP6V1D",0.550020726209382,0.312269073732351,""
"RTCB",0.0947432798821701,13.6189052002667,1.92757536239084,0.0652361749262584,0.31341813078868,-4.59579941539198,"RTCB",0.222115650485958,1.18551151141349,""
"FNTA",0.0943957686510224,11.9660236414668,1.29068162363313,0.20851511599408,0.540461544214294,-5.52653759642357,"FNTA",0.383018580175065,0.68086245601464,""
"SSR4",0.094301704131647,12.3163821049216,1.04905762513417,0.304095818220909,0.637391349305191,-5.79617215829767,"SSR4",0.451711564384578,0.516989552023152,""
"FKBP2",0.0942202871451894,13.3527134859977,1.26438703874843,0.21764550658658,0.556442481603158,-5.55827301597375,"FKBP2",0.39434407782439,0.66225029466692,""
"MSRB2",0.0942050822658036,12.0481691008815,1.32060563547616,0.198485809060009,0.528012853709642,-5.4897298944238,"MSRB2",0.374196343305165,0.702270538106117,""
"HCCS",0.0941421520256362,11.6409953930279,0.784729725200303,0.43991755833467,0.740204043100078,-6.03215711803513,"HCCS",0.524573680890091,0.356628703775173,""
"RRAGA",0.0940635741698124,11.7293950358887,1.31603226476676,0.199993965686163,0.529711156381775,-5.49540274206973,"RRAGA",0.375399909932896,0.698983107879703,""
"COX5A",0.0940309639698143,17.0058706480565,1.21221617286419,0.23665801911543,0.571752963253658,-5.61953658889942,"COX5A",0.405194431575453,0.625878774954383,""
"ACTR1A",0.0940217914133701,15.0863236745209,1.47603437632149,0.15230553163604,0.479152199417004,-5.28696512250901,"ACTR1A",0.339569386708655,0.817284323089555,""
"PSMD12",0.0938966408581621,12.7974257247699,1.61692416681979,0.118329226824568,0.41816469060322,-5.08700004646553,"PSMD12",0.29634827452346,0.92690797320014,""
"OSBPL6",0.0938114022063967,11.2513253308253,0.965938292604069,0.343242068068838,0.667443475442887,-5.87720136746877,"OSBPL6",0.473009143847398,0.464399490023434,""
"NMRK1",0.0936654243415891,11.1572869503887,0.780722490287629,0.442228696278156,0.741619335010647,-6.03524100747192,"NMRK1",0.525576681203291,0.354353079416973,""
"RUVBL1",0.09358252858428,11.7294996399517,1.73608640205208,0.0947453424698812,0.376616021523828,-4.90647497911594,"RUVBL1",0.266903233688802,1.02344213006012,""
"ERP29",0.0935708420120118,13.0329737053758,0.853464454184029,0.401431095360971,0.713442527181732,-5.97693314439815,"ERP29",0.505608117215661,0.396388989545022,""
"ANXA6",0.0931667612970202,18.2358034200754,1.99880454865417,0.05651011909829,0.289210716670891,-4.47411504105396,"ANXA6",0.204960147963416,1.24787377740082,""
"KCMF1",0.0929601281565891,9.60255514848665,0.500701793529979,0.622571069457159,0.847643080790602,-6.05231514358434,"KCMF1",0.600714431535771,0.205811064615662,""
"CNP",0.0927659629401134,11.2363231548125,0.882876020717638,0.385637126028974,0.699701007053197,-5.95196847929135,"CNP",0.495869667578638,0.413821162390142,""
"ACO2",0.0919745605519395,17.9005744824359,1.39747517822627,0.174437787855659,0.504479011094167,-5.39184865295343,"ACO2",0.35751819278523,0.758359429497877,""
"PADI2",0.0919740780171416,17.7763804271572,1.16827785435624,0.253614407584132,0.590462138209685,-5.66935505191973,"PADI2",0.418453398294948,0.595826078248697,""
"AIFM1",0.0918284562739728,15.2072107434888,1.45158120983047,0.158938425100793,0.484685099410497,-5.32013008869182,"AIFM1",0.343490486225253,0.798771094662675,""
"NDUFAB1",0.0918000387268663,17.5339509231177,1.01656328495236,0.319009675095046,0.649934283864775,-5.82858123294272,"NDUFAB1",0.460600590879932,0.496196145229114,""
"MTX2",0.0916812982436319,13.5707934060149,1.46787601021098,0.154493217949079,0.481563160045974,-5.29808162814223,"MTX2",0.341278005438058,0.811090580782445,""
"PGRMC2",0.0915384980599612,14.4569549962781,1.10899275813606,0.277891278193383,0.607502977347244,-5.73395913644587,"PGRMC2",0.430530035534603,0.556125083636183,""
"ISOC2",0.0914977136742365,14.0462751256842,1.31710580032881,0.199639152206719,0.529293071437981,-5.49407265204238,"ISOC2",0.375103618173975,0.699754283089252,""
"STAT1",0.0913009487815479,12.0003801547161,1.01611838370738,0.319217337395528,0.649934283864775,-5.82901847398669,"STAT1",0.460600590879932,0.495913529192449,""
"FGGY",0.0912792049598465,10.5712291698085,0.518747149664026,0.608843058040801,0.842775825422098,-6.16164574605809,"FGGY",0.597265066339393,0.215494641375019,""
"ATP5ME",0.0911467658990297,16.3052851052109,0.892763306147887,0.380419243104248,0.696972115227131,-5.94339783806509,"ATP5ME",0.49393573484307,0.419737522852876,""
"PHKA1",0.0910442873978852,15.0321218851989,1.25525613568383,0.220886414951557,0.559780847031196,-5.56915933868002,"PHKA1",0.396709937153404,0.655830993467636,""
"PHKG1",0.0910290023874492,15.7451568175743,1.24993360488268,0.222792438118342,0.562080217999267,-5.57547314256435,"PHKG1",0.398339473635536,0.652099553799967,""
"ARL6IP5",0.090977579149838,14.9859753150553,1.05824766642013,0.299968328551222,0.633070124910016,-5.78683710576108,"ARL6IP5",0.448649164755639,0.522924596818815,""
"PPT1",0.0908312188843681,12.7467719312163,0.361470598498463,0.720756802945372,0.891910308704751,-6.27296037116655,"PPT1",0.632086082239639,0.14221124978236,""
"ADRM1",0.090650732665539,10.8841043864463,0.863363738608441,0.396069758370124,0.706809419357892,-5.96861939419264,"ADRM1",0.500907313674627,0.402228316581762,""
"MIF",0.0905119208182228,17.0693335820764,1.47327353102048,0.153043044569116,0.47936761282523,-5.29073279132174,"MIF",0.33972204759388,0.815186403236807,""
"MAPK1",0.0904786158606665,13.6224883767964,1.58685862538075,0.124997861433475,0.429282686829789,-5.13092134209699,"MAPK1",0.304227464402332,0.903097417196633,""
"SYNCRIP",0.0904337091509024,14.2637031401683,1.26101662362357,0.218837551525473,0.557996817323848,-5.56229945809997,"SYNCRIP",0.395445616809406,0.659878152992196,""
"STK38L",0.0903220337234121,11.7083638918242,1.09771056863336,0.283118514406476,0.615176392940834,-5.72621764065794,"STK38L",0.435968092649329,0.548031729216128,""
"SNX1",0.0902592637511734,9.57038848448101,0.591906398241836,0.560469567700688,0.818000375321891,-6.05602372999889,"SNX1",0.579707003564778,0.251447963690725,""
"RPS15A",0.0902051286297443,13.4456757886548,1.21404619931797,0.235970656353343,0.570710465070616,-5.61742622083079,"RPS15A",0.404455625682271,0.627141999471219,""
"KTN1",0.0901412522188529,12.4584441568846,1.37439710277662,0.181402915079792,0.510100708497042,-5.42173375227215,"KTN1",0.361502221955248,0.741355738263268,""
"RDH14",0.0900696991084882,11.5742331857551,0.908836835542842,0.372035307671903,0.692102687024575,-5.92927405742563,"RDH14",0.490484829785396,0.429415841840072,""
"ACTB",0.0898868004487241,17.30662843021,1.42303678919798,0.166972055277652,0.493851300748967,-5.3582535736456,"ACTB",0.349986462599231,0.777356207021448,""
"FKBP4",0.089764198009366,11.8881393090436,1.06789771027315,0.295677039334992,0.62975076208404,-5.77695487525064,"FKBP4",0.446296772341597,0.529182399103497,""
"LRRFIP1",0.0896727844931284,12.3172480855429,0.887166806256279,0.383367050115434,0.698049533437633,-5.94826006871936,"LRRFIP1",0.494699288138692,0.416385216883072,""
"FXN",0.0895609372697397,12.402928052052,1.32868577240241,0.195842798751856,0.525756541629305,-5.47966557157617,"FXN",0.37259732213762,0.708092393071082,""
"MYH11",0.0895513180515,10.728607956596,0.467489490906199,0.644326264825219,0.856114545660212,-6.20885170134948,"MYH11",0.606718056550532,0.190894165043269,""
"ANXA5",0.0894997666847264,16.0249704675073,0.944927821936891,0.353656493462623,0.674797487574439,-5.89670455312097,"ANXA5",0.478220843579545,0.451418363457128,""
"CNDP2",0.0894095625694575,13.0711573038753,1.43176688147878,0.164481362500464,0.490534427602841,-5.34666164580082,"CNDP2",0.347635834591281,0.783883305141151,""
"PAK2",0.0893013704950771,12.2699577928348,0.949088639761809,0.35157741256682,0.674425428153281,-5.89287385059289,"PAK2",0.477957169553598,0.453979034373856,""
"PSMD5",0.0892347425835052,13.0054472370991,0.808599001527577,0.426304134652473,0.732367240725613,-6.0134771908155,"PSMD5",0.519019833533673,0.370280455182927,""
"GART",0.0886483638643778,12.7626820061271,1.40516028129206,0.172165914546405,0.502493453447391,-5.38180267258565,"GART",0.356111052020332,0.764052826109286,""
"ATP5F1C",0.0883873081897555,17.4547368481798,0.979294251918855,0.336730864355108,0.664532845433478,-5.86459703527942,"ATP5F1C",0.470946415452468,0.472717074865893,""
"CAVIN1",0.0882285491303474,13.8578707353831,0.983917476483761,0.334496727481972,0.662063274145948,-5.86019670348147,"CAVIN1",0.469196260055998,0.475608126755571,""
"BTF3",0.088159941969483,10.5115070932237,0.458474256451645,0.650536046747123,0.858061556133195,-6.23315743193328,"BTF3",0.608097879398116,0.18672863381472,""
"RALY",0.0881431100519414,10.4429542725367,0.903485369068311,0.374813047820848,0.692745917348616,-5.93400256272002,"RALY",0.490940679360777,0.426185299059706,""
"NDUFAF7",0.0880801241637226,12.8579349374901,0.807924024299271,0.426685484141729,0.732367240725613,-6.01401271832277,"NDUFAF7",0.519019833533673,0.369892131606073,""
"RAB7A",0.0879372353601706,14.6638410743561,1.14392268136856,0.263391731759718,0.595801660002646,-5.69626119416437,"RAB7A",0.422237453012342,0.579397862280422,""
"UBE4A",0.0878850697154991,10.9855119335126,0.793657994494263,0.434794755499593,0.738661392567773,-6.02523213454502,"UBE4A",0.523480423057198,0.36171570302025,""
"LACTB2",0.0876542879077888,12.523495708876,0.673434510515571,0.506792725308675,0.790673898059152,-6.1121870333004,"LACTB2",0.560341058597174,0.295169627768421,""
"TRIM63",0.0876352441172727,11.134076250143,0.751052735618327,0.459568312266888,0.753502736245366,-6.05760614851568,"TRIM63",0.533998304383141,0.33764992402655,""
"MECR",0.08758112638683,14.3444479275741,1.12976927891137,0.269198838713982,0.600082854049197,-5.7116630895957,"MECR",0.425271483615847,0.569926817929477,""
"DDB1",0.0875796921141649,15.0068664481928,1.46461305475178,0.155375243710613,0.482977709842318,-5.30251325419582,"DDB1",0.342280479823854,0.80861817714617,""
"PCNP",0.0870893885650261,10.5780115755445,0.676752159635756,0.50472019963964,0.788033999377247,-6.10997105455277,"PCNP",0.558470194229906,0.296949313818952,""
"DSTN",0.0870484424301647,12.2349081749333,0.930783221529449,0.360785768571234,0.680718902386542,-5.90960984226924,"DSTN",0.482417278863866,0.442750601819898,""
"ACAA2",0.0870432616250696,15.2499338289189,1.05090242894436,0.30326407491355,0.636743471576729,-5.79430421005868,"ACAA2",0.451252421249717,0.518179033774044,""
"FSD2",0.086779411765189,13.447113128287,1.62859850393847,0.115820776742037,0.414927932678346,-5.06976639729725,"FSD2",0.294054423206883,0.936213526834442,""
"RPL13",0.0867325031958863,12.2319847392567,0.852038520292564,0.402207154542081,0.714159573746366,-5.97812325073105,"RPL13",0.506116279470766,0.395550208352627,""
"GRPEL1",0.0866406199592191,13.5155075533842,1.06005119607329,0.299162985754853,0.632870114660502,-5.7849963966096,"GRPEL1",0.448507419903282,0.524092141010889,""
"MLIP",0.0862811996562929,13.2991487646803,1.12943421699873,0.269337434410311,0.600082854049197,-5.71202561664747,"MLIP",0.425271483615847,0.569703281092819,""
"PPP6R1",0.0862029264138862,10.1627399344176,0.629839960705721,0.535518625427313,0.805244690700252,-6.05274575416551,"PPP6R1",0.570667203665521,0.271225419734765,""
"ATOX1",0.0861847766780404,12.8416551581951,1.09294088720321,0.284744480067215,0.616838760296779,-5.75092867718121,"ATOX1",0.43714619235174,0.545544686211408,""
"MRPS10",0.0861483864415682,10.067746182163,0.518021021383356,0.609799341819768,0.842775825422098,-6.11646014154209,"MRPS10",0.597265066339393,0.214813048721372,""
"RPL15",0.0860999291497091,12.258750756587,0.737827339042515,0.467425911830658,0.760226725247984,-6.06730893017706,"RPL15",0.538763514319844,0.330287216091954,""
"ATP6V1G1",0.0859410221239045,12.5889741410692,0.838405386353533,0.409675019972744,0.718362651670718,-5.98940691743633,"ATP6V1G1",0.509094950120295,0.387560516444073,""
"MRPL38",0.0857948251575777,12.8147575924266,0.975115975614741,0.338758718485105,0.664532845433478,-5.8685573860734,"MRPL38",0.470946415452468,0.470109518726403,""
"SERPINA1",0.0857900273280805,16.2316754847634,0.829014329975416,0.414869719080834,0.723246116110506,-5.99707960211671,"SERPINA1",0.512555802490064,0.382088262727118,""
"MT-ND5",0.0856775032797827,10.384547678588,0.512072175805426,0.613235823593919,0.842775825422098,-6.18706212954996,"MT-ND5",0.597265066339393,0.212372482756468,""
"RAB35",0.0854910195390577,10.7726792654766,0.730990344933167,0.471794272781717,0.763071323810609,-6.05218233565974,"RAB35",0.540779447024563,0.326247335418194,""
"HNRNPF",0.0844516284868302,11.3983076144344,1.12283287570763,0.272078620506446,0.60198944066315,-5.71914830934426,"HNRNPF",0.426622658561918,0.565305583030483,""
"NID1",0.0841680940706642,14.514348303574,1.43029015635599,0.164900575292644,0.490763290538648,-5.34862667183526,"NID1",0.347798026994544,0.782777829219126,""
"PRPF19",0.0839706435308045,10.8459528794483,0.481819152948523,0.634257222868921,0.852628880148725,-6.20206014339194,"PRPF19",0.604247807428338,0.197734578368345,""
"CMA1",0.0839513480737608,11.6058620466899,0.497628138422668,0.623055063300608,0.847899245688292,-6.21446818288327,"CMA1",0.600895972510249,0.205473570305715,""
"PRDX5",0.0839209451368959,17.2386869897138,1.15696554409694,0.258121906114832,0.593809877315729,-5.68191538736659,"PRDX5",0.42082590063655,0.58817513648256,""
"NIT1",0.0836757972639877,12.8097856873362,1.32980764854563,0.19547800504064,0.525756541629305,-5.4782640041601,"NIT1",0.37259732213762,0.708902101832646,""
"AHNAK",0.083661643146721,13.8054213757128,1.16140515411604,0.25634592591215,0.593270274262671,-5.67699902159099,"AHNAK",0.420443490458706,0.591173580380524,""
"CRIP1",0.0836329629121959,11.8536052982458,0.695170757449771,0.493300782618352,0.781167796454602,-6.09747800612539,"CRIP1",0.553604199002718,0.306888195532057,""
"CORO1C",0.0834479139102271,11.0264452281014,0.921209187325261,0.366829546082075,0.687486101224523,-5.85740618984756,"CORO1C",0.48721311108992,0.435535691585354,""
"CD2AP",0.083376206662221,10.8084216777262,0.499345074501797,0.621862256947442,0.847643080790602,-6.21361428461423,"CD2AP",0.600714431535771,0.206305801277615,""
"EIF3E",0.0832449855742983,10.6344343494784,0.516217114559764,0.610381309355368,0.842775825422098,-6.18493768574005,"EIF3E",0.597265066339393,0.214398773493716,""
"NPLOC4",0.0832039585219277,11.9356962829396,1.14785196515524,0.261795924046199,0.593836536956154,-5.69195474722942,"NPLOC4",0.42084479400229,0.582037119351437,""
"LYPLAL1",0.0824419954757083,13.6415356683291,1.23046477309774,0.229870671986635,0.564421025748772,-5.59836649868556,"LYPLAL1",0.399998375865076,0.638516434589176,""
"ACAA1",0.0822828285106549,12.2652531889245,0.89066943453658,0.381520401341173,0.697045443091709,-5.94522034544535,"ACAA1",0.493987701416601,0.418482233716973,""
"SUCLA2",0.0822476669982457,17.3405819548503,1.22410099915482,0.232220746255696,0.567386750868563,-5.60578084597754,"SUCLA2",0.402100149500466,0.634098983641857,""
"CTTN",0.0822073457477366,10.6242316522028,0.837700941456586,0.41006325824609,0.718362651670718,-5.98998529509441,"CTTN",0.509094950120295,0.387149141845948,""
"DMAC1",0.0822071767706571,10.8328482179432,0.585156291213729,0.565245225908783,0.819293078891898,-6.03206246602216,"DMAC1",0.580623126999039,0.247763097041386,""
"RPA2",0.0822058480565797,10.2656010692396,0.621003224798674,0.540912249802908,0.809532380122785,-6.08170353388063,"RPA2",0.573705837463672,0.26687318316957,""
"PHKB",0.082089330806868,14.6004879857264,1.04824604791687,0.304462232100072,0.637391349305191,-5.79699296751684,"PHKB",0.451711564384578,0.516466573007562,""
"ATAD3A",0.0815883438212701,12.8197295695508,1.46088946941703,0.156386730941007,0.483410928453801,-5.30756039025123,"ATAD3A",0.342587496630603,0.805800098613568,""
"NARS1",0.0810618969040764,14.579861494386,1.15206945061857,0.260090963452932,0.593836536956154,-5.68731768959164,"NARS1",0.42084479400229,0.584874736580378,""
"MYPN",0.0809482173042788,14.8680735787663,1.24270816117385,0.225399839838651,0.564421025748772,-5.58400648019857,"MYPN",0.399998375865076,0.647046396884477,""
"HPX",0.0809309176175557,14.4318001281596,0.789316625200378,0.437281143019197,0.739068849133918,-6.02860870574661,"HPX",0.523769182613023,0.359239250437636,""
"SEC23IP",0.0809009392304656,12.0030529419244,0.976681046921301,0.337998166678776,0.664532845433478,-5.86707577819624,"SEC23IP",0.470946415452468,0.471085655353856,""
"SLC9A3R2",0.0808095065944752,10.4796716011179,0.510936694757821,0.615526193268426,0.842962118545959,-6.04715997083902,"SLC9A3R2",0.597397090030184,0.21075346125436,""
"MRPL50",0.0807777310259734,10.2773808547711,0.589466285025353,0.561237428498952,0.818000375321891,-6.1212724067529,"MRPL50",0.579707003564778,0.250853373907876,""
"DAP3",0.080729636543202,11.1062014419379,0.663170276509414,0.513748037732271,0.795829189142301,-6.07553155162024,"DAP3",0.563994551231747,0.289249823906481,""
"NME2",0.0806592857995483,16.1898115714289,1.46808544579595,0.154436742369967,0.481563160045974,-5.29779689831802,"NME2",0.341278005438058,0.811249367794354,""
"SKIC8",0.0804771904647872,11.6741065642666,1.20030379201521,0.241169049567801,0.575992080051098,-5.63320478471323,"SKIC8",0.408198642539828,0.617678428142142,""
"SLC25A42",0.0804554647913367,10.7496628880693,0.639730090904909,0.529525616595259,0.801712472267264,-6.02685792445335,"SLC25A42",0.568163963049136,0.27611302540189,""
"LMCD1",0.0804514510238867,16.201247332168,0.803002223054163,0.429472579398652,0.73484681346659,-6.01790485909042,"LMCD1",0.520777076839615,0.367064559413678,""
"MT-ATP6",0.080107904476435,15.1944095606569,0.820787420165647,0.419454236643385,0.72815445828951,-6.003734004029,"MT-ATP6",0.516034285413671,0.377315414709898,""
"PDCD6IP",0.0800287723554316,13.8120816324126,1.39828181910504,0.174198218998999,0.504479011094167,-5.39079641323008,"PDCD6IP",0.35751819278523,0.758956289528477,""
"KLC1",0.0796057353991912,12.2293224921601,1.110926537345,0.277073769783685,0.607105064373119,-5.73189969975938,"KLC1",0.430248039407378,0.557404586370073,""
"EEF1G",0.0795215513565974,15.8644307209359,1.26502507099203,0.217420406198453,0.556363289432826,-5.55750973424175,"EEF1G",0.394287955288076,0.662699697216229,""
"SIRT2",0.0794607342761822,11.6525726970971,1.3706264282235,0.182561460741679,0.510100708497042,-5.42657615670273,"SIRT2",0.361502221955248,0.738590897961397,""
"GGA1",0.0793088955964585,10.0536251258917,0.583944611852265,0.564441686813317,0.818958679384948,-6.16798305132923,"GGA1",0.580386142100235,0.24838091893536,""
"SCCPDH",0.0785517157918552,11.9414159059206,1.02746632875449,0.31394986370184,0.645466506003927,-5.81781099923825,"SCCPDH",0.457434330576828,0.503139701150151,""
"ITGB1BP2",0.078537973982856,11.393562543852,0.891982080860816,0.380829843840086,0.696972115227131,-5.94407828605418,"ITGB1BP2",0.49393573484307,0.419269025342164,""
"RPL24",0.0784881298382221,13.8143150106538,0.751683262974387,0.459195665232872,0.753502736245366,-6.05713945124801,"RPL24",0.533998304383141,0.338002220292856,""
"C4orf54",0.0784504821275576,10.961993495013,0.617291107196344,0.543606235481752,0.811465553218458,-6.0632240978201,"C4orf54",0.57507585392879,0.264715570299025,""
"MANF",0.0782944275096238,10.9744665151301,0.37587042273287,0.71092515374522,0.886645557281897,-6.12432652645022,"MANF",0.628355016382052,0.148176119419971,""
"FBLN5",0.0781548000307719,12.9196543466306,0.484980197926792,0.631874136740212,0.852091498307895,-6.22066962954877,"FBLN5",0.60386697139682,0.199369420393064,""
"GET3",0.077842677253658,13.7718198783356,1.21088633078332,0.237158452080777,0.572002082696471,-5.62106837899371,"GET3",0.405370979521004,0.624961392932281,""
"SRP14",0.0777423399261217,9.8825256903984,0.382872780500693,0.705151876754617,0.884038293040882,-6.24484081232596,"SRP14",0.626507279649578,0.151717333884139,""
"NDUFA13",0.0776321382905429,17.5974539158995,0.939960021557877,0.356149579155445,0.677772041075369,-5.90125771917673,"NDUFA13",0.480328873782207,0.448367564503677,""
"PHB1",0.0775476838873264,15.5185066280602,1.15714437683792,0.258050193107947,0.593809877315729,-5.68171767637522,"PHB1",0.42082590063655,0.588295811596221,""
"MEMO1",0.0772552673457287,12.1156391039125,0.944481121963681,0.353880189750308,0.674797487574439,-5.89711488255433,"MEMO1",0.478220843579545,0.45114374853212,""
"GMPR",0.0770904237085617,13.2174288664754,0.98823921954725,0.332417459795544,0.660782072912532,-5.85606600805864,"GMPR",0.468288288188999,0.478316173534975,""
"PSMD9",0.0765517074633983,12.6179944652996,0.949793476945937,0.351226033587557,0.67422224531945,-5.89222338585571,"PSMD9",0.477813176328986,0.454413300783051,""
"CTNND1",0.0765325456943149,9.81448961867506,0.552726666383869,0.589026214999449,0.828672624539009,-5.89777002310055,"CTNND1",0.587270297912311,0.229865376220962,""
"MYH9",0.0761817230284123,14.0868206805007,1.01127714701515,0.321483098764251,0.651605771611275,-5.83376498160505,"MYH9",0.461785154093167,0.492841854174797,""
"PALLD",0.0760779248034815,11.552671486926,0.685931982140738,0.499010360620349,0.785804227218637,-6.10378487146702,"PALLD",0.556889981584904,0.301890437315416,""
"PDIA3",0.0759913839429274,13.8924132666643,1.48600781381599,0.149665164150083,0.474216709653583,-5.27330551151806,"PDIA3",0.336071664619285,0.82487927365801,""
"MAVS",0.0757510792352303,11.7581632045412,0.649910060293932,0.521623487229468,0.798794524263024,-6.12759851086766,"MAVS",0.5660960484795,0.282642861784375,""
"UBQLN1",0.0755367879463211,13.3936613476464,0.859171136009202,0.398334804737904,0.709085435017908,-5.97215150045689,"UBQLN1",0.502520298531528,0.399751745196915,""
"MT-ND4",0.0754295830403038,9.48213775324119,0.349135768855763,0.730272286480122,0.896109547922163,-6.21591187010524,"MT-ND4",0.635062032443842,0.136515180335041,""
"PPM1B",0.0753099475055397,11.5319686382344,0.84733839852745,0.40477192696222,0.715654745634623,-5.9820327633642,"PPM1B",0.50717588976106,0.392789615704266,""
"AKR7A2",0.0750213493000054,13.9554274269498,1.48899444449873,0.148881725230109,0.474216709653583,-5.2692000991488,"AKR7A2",0.336071664619285,0.827158607276703,""
"H2AC8",0.0748311162049227,13.8431451839046,0.632915055218692,0.53248346498224,0.80320926875742,-6.13840295617481,"H2AC8",0.569224724675209,0.273693873670381,""
"SORBS1",0.0746012063827237,14.0516007398154,1.09358742468118,0.284466123137985,0.616701897816538,-5.75024951019829,"SORBS1",0.43704919956211,0.545969446000914,""
"KIFBP",0.0745534433755815,11.5634021957266,0.562915123858599,0.578460429038282,0.825679729149706,-6.17997518301483,"KIFBP",0.585149269034503,0.237726344643278,""
"CDC5L",0.074184974099472,12.9098195669724,0.462610620166626,0.647608019744939,0.858061556133195,-6.2312540470702,"CDC5L",0.608097879398116,0.188687781738603,""
"C1QBP",0.0738797898517802,16.9088916733423,0.841823379650616,0.407794565683062,0.717458087935946,-5.98659409217316,"C1QBP",0.508453896707561,0.389558565977163,""
"ENY2",0.0737896715184956,12.2451259851053,1.02916164573126,0.313566767870621,0.645466506003927,-5.79632179670539,"ENY2",0.457434330576828,0.503669970525773,""
"NDUFA2",0.0736204428517038,14.6176229919173,0.721887274733386,0.477000536814956,0.768888379365391,-6.07878409832901,"NDUFA2",0.544901924161454,0.321481132205919,""
"VAMP5",0.0733637170755284,11.4628151876166,0.662115251326526,0.514145106918028,0.795829189142301,-6.09956437481847,"VAMP5",0.563994551231747,0.288914292989122,""
"EIF2B3",0.0732903381123133,11.4500085042916,0.669723867389386,0.509116361450029,0.792503908286433,-6.11465307391585,"EIF2B3",0.561637964781273,0.293182945835801,""
"MAPK3",0.0730687231749307,11.5208005553109,0.77320849789615,0.446582132272723,0.745628604434641,-6.04098312680115,"MAPK3",0.528418002105317,0.350098657016023,""
"CLIC5",0.0727944804838305,13.5231093427352,1.01804741042523,0.31831762221003,0.649934283864775,-5.82712138909544,"CLIC5",0.460600590879932,0.497139317971118,""
"MRI1",0.0726056242865685,11.5260870214677,0.692222529512575,0.497070316387721,0.784743618969463,-5.96451099359303,"MRI1",0.556138341306202,0.303582170906319,""
"ATP5F1A",0.0725849043899913,18.5577279444939,0.881763480641434,0.386227143460627,0.699701007053197,-5.9529272641835,"ATP5F1A",0.495869667578638,0.413157207923454,""
"RDH13",0.072474815952539,12.211102588612,0.602367269251529,0.55230477819717,0.816929818306411,-6.15712614510953,"RDH13",0.578948312715346,0.257821199514531,""
"NOL3",0.0722281809301144,14.7071094772085,1.20245183562249,0.240350908011837,0.574516849342723,-5.63074898789228,"NOL3",0.407153164323291,0.619154232828925,""
"RPS27L",0.0720212130647706,12.2405580358097,0.841886326114001,0.407759986071997,0.717458087935946,-5.98654218932618,"RPS27L",0.508453896707561,0.389595394253699,""
"SDR39U1",0.0718882057337726,11.6763402294441,0.679420437129782,0.503056777473886,0.788033999377247,-6.10818120427524,"SDR39U1",0.558470194229906,0.298382995556334,""
"MDH2",0.0718618548237409,20.2492848717941,1.04849703432867,0.30434888264646,0.637391349305191,-5.79673918804143,"MDH2",0.451711564384578,0.516628288329791,""
"APEX1",0.0714474255201072,11.5526387500507,0.87941624297603,0.387473878399677,0.69970782808509,-5.95494638715181,"APEX1",0.495874501561701,0.411757570188031,""
"SPG7",0.071437799917728,12.3553571843286,1.23005284901121,0.230022246362375,0.564421025748772,-5.59884745399371,"SPG7",0.399998375865076,0.638230159611942,""
"HSPA9",0.0708210565674285,15.8506486673017,1.05424819650563,0.301759704655496,0.634049350104583,-5.79090881991077,"HSPA9",0.449343129844755,0.520338754004242,""
"USP47",0.0703556813924529,12.8312450322656,0.769088635783936,0.448980027192847,0.747764112039661,-6.04410903892188,"USP47",0.529931410597714,0.347772978089916,""
"DYNLT3",0.070051862374628,10.2219788919006,0.508235671687566,0.615702586283561,0.842962118545959,-6.2091465682467,"DYNLT3",0.597397090030184,0.210629022133189,""
"HECTD1",0.0700247543526693,10.8736530823074,0.783900164568567,0.44039539620834,0.740204043100078,-6.03279676408518,"HECTD1",0.524573680890091,0.356157229690668,""
"TIMM9",0.0697899002501128,12.5215392706756,0.862375982552859,0.396602648028158,0.707319968418606,-5.96945299755994,"TIMM9",0.501269133638392,0.40164439043284,""
"NDUFS2",0.0697522724480137,15.1424266128406,1.29296235561126,0.207737240674387,0.540267633187653,-5.52375805860178,"NDUFS2",0.382881157768422,0.68248564130981,""
"EIF2S2",0.0697326304843937,11.7521554475752,0.681012595853004,0.502065679910276,0.788033999377247,-6.10710997146378,"EIF2S2",0.558470194229906,0.299239465012849,""
"CS",0.069719185740535,18.1392140083243,0.844503384083751,0.406323946894195,0.717071694457366,-5.98438103937047,"CS",0.50818006430794,0.391127581568403,""
"TGM2",0.0695270920119473,11.9191925816242,0.706155403358191,0.486560790990115,0.77600624762252,-6.0898738093295,"TGM2",0.549946271576924,0.31286289117733,""
"SAMM50",0.0693965112793542,16.2875858049537,0.856008019511534,0.400049137671483,0.711695113945667,-5.97480559127964,"SAMM50",0.504369746523385,0.397886661399725,""
"ATPAF2",0.0692604189711403,11.2371090919166,0.778666049938968,0.444035161632279,0.743343909601701,-5.99776626896191,"ATPAF2",0.526798866423207,0.352582638222659,""
"RASA3",0.0691473961843219,11.6766863226445,0.438485612425857,0.664765540080485,0.865040901846679,-6.24211841957588,"RASA3",0.613044057557038,0.177331501469403,""
"COPB1",0.0691469418120612,10.6007150548125,0.837464643876868,0.410514941482023,0.718714613492657,-5.97016478330101,"COPB1",0.509344381219987,0.38667103127267,""
"EEF1A2",0.0690689632613051,18.422176299626,1.07617401561128,0.292031503918431,0.625065190612564,-5.76841437221145,"EEF1A2",0.442976164332524,0.534570294990244,""
"TMED7",0.0689216006041882,12.2535214481373,0.678470933886462,0.503648351968872,0.788033999377247,-6.1088188976832,"TMED7",0.558470194229906,0.297872582803153,""
"RMDN1",0.0686668976806324,12.9199799393787,0.60835175598458,0.548391591123347,0.814554187703219,-6.15352889514676,"RMDN1",0.577264731949248,0.26090921317634,""
"CLASP1",0.0683318298489688,10.7611781974468,0.506715074478137,0.617130067045812,0.843842925645657,-6.17072047286573,"CLASP1",0.598021307402069,0.209623293912981,""
"BCAM",0.0682442863014572,11.9997591914399,0.801313463250429,0.43043146182138,0.735170780441046,-6.01923512535187,"BCAM",0.521006668328424,0.36609599199771,""
"LYPLA2",0.0680456495641479,13.1178150210183,0.735133373315697,0.46903610866733,0.760756925546444,-6.06926514496119,"LYPLA2",0.53913926087887,0.328793721908958,""
"H2BC12",0.0676263076111692,15.6167296214639,0.613937668949939,0.544752171804715,0.811465553218458,-6.15014009855561,"H2BC12",0.57507585392879,0.263801029643573,""
"RPS27A",0.0673344078587732,16.9588195501164,0.782879514162405,0.440983737149376,0.74039800273586,-6.03358287019976,"RPS27A",0.524711137745447,0.355577426397283,""
"HSPA4",0.0669637127332212,13.1676818858187,1.38474973856172,0.178251790749744,0.507771068442885,-5.40838010206379,"HSPA4",0.359851234136754,0.748966098453231,""
"APRT",0.0668699886909216,13.2675245292842,0.696154046623876,0.492695299507801,0.781167796454602,-6.09680198553832,"APRT",0.553604199002718,0.307421581032503,""
"HARS1",0.0665861605270486,12.1736820226025,1.14940262767756,0.261168103627436,0.593836536956154,-5.69025159244019,"HARS1",0.42084479400229,0.583079864397187,""
"TBCEL",0.0665797778535193,9.38385805679987,0.304376321289936,0.764485935233584,0.911783891127529,-6.07149610679189,"TBCEL",0.646170250491851,0.116630500188394,""
"NCK2",0.0664977721471196,11.6201193096515,0.478794035690765,0.636208005953334,0.852801806502891,-6.22364575330995,"NCK2",0.604370358250606,0.196400870092725,""
"MTARC2",0.0661208600091321,13.098826637211,0.669216925539229,0.50968304693856,0.792594472341787,-6.09488703143402,"MTARC2",0.561702146435394,0.292699811660421,""
"PLIN3",0.0659722415955457,14.7447376893956,0.916099330897097,0.368287326514988,0.687486101224523,-5.92281525608291,"PLIN3",0.48721311108992,0.433813225807884,""
"NDUFA9",0.0657129541108716,16.4965619850398,0.679615822293674,0.502935093838183,0.788033999377247,-6.10804987561166,"NDUFA9",0.558470194229906,0.298488059092706,""
"RPS14",0.0654743037835903,12.3501563959382,0.64340678706353,0.525764832005806,0.79995314936146,-6.13176560913797,"RPS14",0.566917152117508,0.279208466872895,""
"NDUFA11",0.0654046808478181,13.5594370707958,0.558371223593729,0.581512162341894,0.825953632498184,-6.18251006993074,"NDUFA11",0.585343381035186,0.235441197560238,""
"CPOX",0.06534194682094,10.2485875898765,0.549105739742069,0.588942083730186,0.828672624539009,-6.06647174170241,"CPOX",0.587270297912311,0.229927411415114,""
"ATP5MJ",0.0650547677086557,12.9370942169683,0.274717700015809,0.785769848828939,0.920695172923271,-6.30065531445551,"ATP5MJ",0.652485568459398,0.104704639737039,""
"TAF15",0.0646632721322256,13.4960834329167,0.759341332718053,0.454684031325964,0.750865362171445,-6.05144134112842,"TAF15",0.532129229175112,0.342290298112459,""
"CIAPIN1",0.064649392729514,11.7720903716604,0.757229595170978,0.455925478309213,0.750865362171445,-6.05301811722479,"CIAPIN1",0.532129229175112,0.34110613760738,""
"PTPN11",0.0641564255507632,12.4453541575801,0.876474124439051,0.389040254079214,0.699930551281248,-5.95747009853582,"PTPN11",0.4960323428055,0.410005459805382,""
"SLC27A1",0.0641122562355232,12.534081939716,0.654362308117868,0.518798547205153,0.798082239737195,-6.12472230247669,"SLC27A1",0.565591261023881,0.285001248743834,""
"S100A7",0.0640897968554821,14.8774635352771,0.162802508331168,0.871970704206115,0.957864330492421,-6.32527819912836,"S100A7",0.678826902289422,0.0594981059107281,""
"ACACB",0.0640273343512803,13.4597612395807,0.833721953235815,0.412260535416683,0.720889990545585,-5.993243583698,"ACACB",0.510886044709421,0.384828237042168,""
"CLNS1A",0.0634263657697556,12.3158831854695,0.713967659724852,0.481799606465511,0.773145393129985,-6.08439608691615,"CLNS1A",0.547918818490672,0.317133559069778,""
"PET117",0.0633526040912642,12.0383191050489,0.442393491851737,0.661973293269878,0.863655301254519,-6.24039740525034,"PET117",0.612062099123214,0.179159531435656,""
"KPNB1",0.0628481749342882,14.4482333933324,1.1840647969231,0.247421463976558,0.581509479869366,-5.65164394836862,"KPNB1",0.412108757269126,0.606562627737473,""
"STARD7",0.0626398672821189,11.0356383922418,0.601604362719508,0.55280467674254,0.816929818306411,-6.15758224432897,"STARD7",0.578948312715346,0.257428291475235,""
"ELAVL1",0.0625062654381612,12.1572175119377,0.766913144205199,0.450249354386595,0.748500376839896,-6.04575325627702,"ELAVL1",0.53045319258468,0.346546901243666,""
"BIN1",0.0624238795031644,17.0067632832423,0.843131942162808,0.407076088644678,0.717181339551476,-5.98551435668734,"BIN1",0.508257768464173,0.390324407015482,""
"HARS2",0.062075241620402,12.102706748073,0.507724722929066,0.616055816276912,0.842962118545959,-6.20940542220491,"HARS2",0.597397090030184,0.210379937830876,""
"PPA1",0.0619442789465392,14.6725758659967,0.793900697222244,0.434656010764814,0.738661392567773,-6.02504284927064,"PPA1",0.523480423057198,0.361854310231969,""
"UFD1",0.0618986607280476,11.9542216150183,0.589835836807392,0.56054575517106,0.818000375321891,-6.16454685372533,"UFD1",0.579707003564778,0.251388931851733,""
"LIMS1",0.0618636833307917,13.9497968167964,0.761287290574146,0.453541832624768,0.75005821829347,-6.04998463988709,"LIMS1",0.531557216040324,0.343382649419272,""
"S100A9",0.0618533463577631,15.1078002224776,0.166656535079424,0.868968569044254,0.957864330492421,-6.32463906773718,"S100A9",0.678826902289422,0.0609959318798797,""
"CCT6A",0.0618307957831643,12.3930456854738,1.01478523652123,0.319840159332044,0.649934283864775,-5.83032761417501,"CCT6A",0.460600590879932,0.495067006877127,""
"FLII",0.0618190506323053,13.0291667725603,0.638117367996986,0.529146286296974,0.801712472267264,-6.13512502812963,"FLII",0.568163963049136,0.276424247532116,""
"RAB14",0.061756718160213,13.063280550257,1.01977269339006,0.317514428213787,0.649934283864775,-5.82542187449931,"RAB14",0.460600590879932,0.498236535092446,""
"RPS6KA6",0.0617382806138629,16.5611203962634,0.279487048733654,0.78245455048558,0.920572554060621,-6.22828093516106,"RPS6KA6",0.652398669949823,0.106540879400133,""
"SMYD2",0.0614003492360293,13.2661336649425,0.608814873064076,0.548089370483456,0.814554187703219,-6.15324907892804,"SMYD2",0.577264731949248,0.261148620451325,""
"CYB5B",0.0613441673226287,15.6420871938417,0.972547052843102,0.340009618229732,0.665619922026237,-5.8709845455514,"CYB5B",0.471716813527145,0.468508797413581,""
"EEF1D",0.0611010591709871,13.8603925481259,0.965502474236627,0.343455963201448,0.667443475442887,-5.87760995931754,"EEF1D",0.473009143847398,0.4641289388508,""
"PRKAG1",0.0610929895306906,12.486833253313,0.799448080653053,0.431492161271962,0.736105079884193,-6.02070143171624,"PRKAG1",0.521668795079167,0.365027089513671,""
"CAV1",0.0609362084901068,14.4835828517704,0.610469822892714,0.547010098024052,0.813560426018129,-6.1522474671303,"CAV1",0.57656046502456,0.262004656343636,""
"NDUFS1",0.0607269526619199,17.6029064582297,0.958194473769765,0.347056099915636,0.672978878456165,-5.88443594850166,"NDUFS1",0.476932017223939,0.459600317962617,""
"IBA57",0.0604580578267804,13.8723193119773,0.891331449616512,0.381172026400707,0.697045443091709,-5.94464456051745,"IBA57",0.493987701416601,0.418878979034737,""
"CCT4",0.0603978000031393,12.7242987729439,0.733791360628491,0.469839449078115,0.761198338642101,-6.07023708858033,"CCT4",0.539452085017755,0.328050521407554,""
"COX7A1",0.0603744758339708,17.1064101576446,0.597243459950989,0.555666690941611,0.816929818306411,-6.16017861067411,"COX7A1",0.578948312715346,0.255185635918998,""
"SSBP1",0.0603050483753194,13.7313153812411,0.823563313920625,0.417903825314395,0.72753885082726,-6.00149571751024,"SSBP1",0.515598011827399,0.378923653490665,""
"ABHD5",0.0602390954590408,10.4907034380883,0.451833436360072,0.655765946809403,0.861069450403405,-6.17473221949082,"ABHD5",0.610229537801986,0.183251139506775,""
"NME1",0.0602180552635687,12.7308486959643,0.624826495089135,0.537694465338413,0.807668940073318,-6.14344789110333,"NME1",0.572385239967645,0.269464433832268,""
"DNM2",0.0597383213318778,13.1648155398013,1.11501302234622,0.275351920054838,0.604256204346988,-5.72753701038639,"DNM2",0.428229086654852,0.560111890795868,""
"KPNA4",0.0597178527610627,15.6285233275285,0.911703245482274,0.370553043686393,0.690510418208844,-5.92673059120221,"KPNA4",0.489356408073275,0.431149615130243,""
"RAP1A",0.0590851217375565,13.1088347402419,0.901531334446323,0.375830691528841,0.692745917348616,-5.93572261977087,"RAP1A",0.490940679360777,0.425007756919498,""
"CCDC90B",0.0590560507401339,10.9460594381964,0.547819297056024,0.589040873542327,0.828672624539009,-6.1448104391626,"CCDC90B",0.587270297912311,0.229854568476059,""
"ATP5F1D",0.0588871665461639,13.6738222889998,0.652660320122995,0.519877464036817,0.798082239737195,-6.12582404741411,"ATP5F1D",0.565591261023881,0.284099008218629,""
"UBE2G2",0.0588147519466382,11.4073302649995,0.586000093149698,0.563080805764277,0.81849651569352,-6.16678795202305,"UBE2G2",0.580058612264312,0.249429276588551,""
"COA6",0.0587711607430865,11.761015562061,0.831819556895091,0.413313687689184,0.721850718413894,-5.99479622745874,"COA6",0.511566900966436,0.383720211971014,""
"NID2",0.0587668507925851,14.217205079263,0.840104016291616,0.408739813614756,0.718362651670718,-5.98801038620479,"NID2",0.509094950120295,0.388553057441203,""
"USP19",0.0586549902465414,10.6851182214456,0.335017130459502,0.741435534780871,0.900404340119481,-6.11930862679637,"USP19",0.638105699892846,0.129926603376021,""
"TST",0.0585294973197072,14.7328266834694,0.714277087760479,0.481611580081416,0.773145393129985,-6.08417793477096,"TST",0.547918818490672,0.317303079256468,""
"VCL",0.0584699240776398,14.5627619427818,0.920072985533,0.366247211573845,0.687208333700106,-5.91926102741365,"VCL",0.487016260594339,0.436225673129853,""
"MRPL45",0.0584077525553486,11.1673783837433,0.585653590493825,0.56331009856925,0.81849651569352,-6.16698970198525,"MRPL45",0.580058612264312,0.249252463013561,""
"PITPNB",0.0583815065876649,12.175570149711,0.554383270953565,0.584397027327687,0.826693919210834,-6.16459046521123,"PITPNB",0.58586801330299,0.233292001872692,""
"MYH14",0.0576849454295854,13.0524587806941,0.818866944478466,0.420528969979002,0.729120404089426,-6.00527835563619,"MYH14",0.516718839555904,0.376204080558945,""
"RPL10",0.0574285617955397,12.0444047039502,0.550889389981659,0.586554371562423,0.828672624539009,-6.1866402814283,"RPL10",0.587270297912311,0.231691724085426,""
"SF3B1",0.0573610356487411,11.6149249107137,0.649706668761248,0.521752738806832,0.798794524263024,-6.12772945132865,"SF3B1",0.5660960484795,0.282535262539322,""
"RPS20",0.0573397504289055,13.1279834439375,0.659242104768415,0.515711979475382,0.796781958585684,-6.12154811586106,"RPS20",0.56466976744897,0.287592780248069,""
"QKI",0.057228459783655,11.2807825755933,0.451536258473938,0.655789860187282,0.861069450403405,-6.19711325863509,"QKI",0.610229537801986,0.183235302669331,""
"TFG",0.0572210245975047,12.3012392564925,0.573367232324608,0.571471127582932,0.823782898331643,-6.17406834923197,"TFG",0.583805007903357,0.243005706560324,""
"TTLL12",0.0571860686525376,11.6059147064683,0.738213655421147,0.467195275236119,0.760226725247984,-6.06702784663185,"TTLL12",0.538763514319844,0.330501557910334,""
"GRHPR",0.0571074477434159,15.2867654325427,0.973409357887903,0.33958938166804,0.665251652673002,-5.87017048645647,"GRHPR",0.471455825476639,0.469045897801091,""
"VWA8",0.0570995086172292,11.9112591967457,0.523135978726994,0.60544346666464,0.840977599431154,-6.20148581249688,"VWA8",0.595990685260371,0.217926402912065,""
"SVIL",0.0570771194372135,12.5985227889714,0.823223048259966,0.418093680150906,0.72753885082726,-6.00177046843007,"SVIL",0.515598011827399,0.378726397138253,""
"APOA4",0.0570102640994694,13.6903381460296,0.544728657768767,0.59072232477823,0.829094114992363,-6.19000039598574,"APOA4",0.587569003114799,0.228616615827873,""
"SMTNL2",0.0569142839249714,14.8621358589593,0.575799758456645,0.569850631830543,0.822726546804712,-6.17267847109905,"SMTNL2",0.583056384312387,0.244238965858729,""
"HRAS",0.0568957636824017,11.1475920477077,0.489805062384851,0.629540310277489,0.852091498307895,-6.09923148439704,"HRAS",0.60386697139682,0.200976456230332,""
"TMEM256",0.056857617152156,11.0593169106174,0.243800387900439,0.809620952826442,0.929264577813609,-6.23766396601836,"TMEM256",0.65855860238601,0.0917182609055191,""
"MPC2",0.0567863584835102,13.772558732726,0.662973837886929,0.513358418933544,0.795719431402671,-6.11910535955911,"MPC2",0.563916767244993,0.289579311276268,""
"TOMM22",0.0566161866792996,11.2336141342212,0.568416344734673,0.574776463701803,0.824066705837603,-6.17687945324338,"TOMM22",0.584006138861034,0.240501023929793,""
"SARNP",0.0565379271023474,11.7706464763016,0.477197244663288,0.637878942177674,0.853005938096306,-6.16296456798257,"SARNP",0.604515023849695,0.195261734653096,""
"PRPF6",0.0565154627747297,13.035249970991,0.522842539619921,0.605644719199547,0.840977599431154,-6.20163876963715,"PRPF6",0.595990685260371,0.217782065171504,""
"ACADSB",0.0564884352902038,13.3703071521729,0.461102313394044,0.648675045524771,0.858061556133195,-6.23195005419572,"ACADSB",0.608097879398116,0.187972809021136,""
"LAMA2",0.0564172129588059,14.2538124716826,0.545749212034443,0.590030885834354,0.828672624539009,-6.18944632557896,"LAMA2",0.587270297912311,0.229125254126756,""
"RPS3",0.0563859878469586,13.6028804499271,0.731839216619457,0.471009457577392,0.762662771421924,-6.07164788148014,"RPS3",0.540489910872516,0.326970372420071,""
"CAPG",0.0563753344430555,11.3654763241902,0.44466649636315,0.660675552456779,0.862817776902027,-6.19585530640528,"CAPG",0.611468555712424,0.180011763464964,""
"CYGB",0.0563551262353901,11.8201547108366,0.471480516251129,0.64210604299515,0.853956343027425,-6.12342095091513,"CYGB",0.605188564365585,0.192393242827473,""
"SDHA",0.0563414819046564,16.0331672448146,0.90554913622045,0.373740219175606,0.692745917348616,-5.93218213060864,"SDHA",0.490940679360777,0.427430164055192,""
"CRYAB",0.0561062748198999,19.2960395130309,0.879304931651749,0.387533065940535,0.69970782808509,-5.95504201307829,"CRYAB",0.495874501561701,0.41169123575676,""
"RAB6A",0.0560904103129012,10.7307157288392,0.484633651764669,0.6326764509418,0.852091498307895,-6.14983690420783,"RAB6A",0.60386697139682,0.19881833025772,""
"TMED9",0.0558886017239857,12.7793176807299,0.701572748207112,0.489366197633451,0.778314940298263,-6.09306010586702,"TMED9",0.551582414240894,0.310366032303934,""
"PCBP1",0.0555664021210909,15.005921665685,0.903032425651606,0.375048775764136,0.692745917348616,-5.93440158052376,"PCBP1",0.490940679360777,0.425912247825058,""
"OTUD4",0.055370996868529,9.96688670738512,0.353172030579178,0.726892860666307,0.894109415738042,-6.27593332222957,"OTUD4",0.633644562880048,0.138529596638021,""
"PAFAH1B1",0.0552927629057827,13.4994920345402,0.708715182561117,0.484997767574434,0.77536114010799,-6.08808533880456,"PAFAH1B1",0.549489091659277,0.31426026043348,""
"YBX3",0.0552567726523048,14.0742075137733,0.460036902378671,0.649429213637044,0.858061556133195,-6.2324403411343,"YBX3",0.608097879398116,0.187468179159356,""
"GNAI2",0.0551157103476534,13.9513214878756,0.761574473020631,0.453373413593026,0.75005821829347,-6.04976936032266,"GNAI2",0.531557216040324,0.343543951056395,""
"LNPK",0.0547456270732134,12.1454807254544,0.573620507284804,0.571302292973394,0.823782898331643,-6.17392390206354,"LNPK",0.583805007903357,0.243134032855793,""
"B3GLCT",0.0541932250331918,9.98699828407439,0.347587094159544,0.732359279076672,0.897656561295968,-6.08112588473739,"B3GLCT",0.636158382169904,0.13527581150845,""
"UQCRC2",0.0541509344329043,17.5968823903406,0.763603987001325,0.452184266089249,0.749121488951358,-6.04824577599104,"UQCRC2",0.53089336724948,0.344684553157173,""
"NDUFA1",0.0541418440252759,13.3829499222328,0.5894857871444,0.560776860438845,0.818000375321891,-6.16475196553569,"NDUFA1",0.579707003564778,0.251209915139573,""
"TBCC",0.0540356619693192,12.815282858781,0.685894991774372,0.499289275243613,0.785811676467981,-6.08371372164687,"TBCC",0.556895260778101,0.301647762509966,""
"HYI",0.0536151872067343,12.5717214011151,0.385898955131182,0.703410795199582,0.883037818240036,-6.16005792985091,"HYI",0.625798255220692,0.152790970878852,""
"ECHS1",0.0533713263857987,15.8353196039208,0.504286353724788,0.618435285216698,0.845224381226064,-6.21114071824401,"ECHS1",0.599000328316039,0.208705739436221,""
"RANBP1",0.053302055467503,12.1467462614531,0.587483567027437,0.562099679759838,0.818170483591516,-6.16592289289852,"RANBP1",0.579827557244509,0.25018666213381,""
"GNB1",0.0532779477140952,11.7611079414239,0.785104110544026,0.43970201077887,0.740204043100078,-6.03186823152565,"GNB1",0.524573680890091,0.356841548325777,""
"PABPC4",0.0532626657633291,12.9906129312733,0.706380373969959,0.486423306356285,0.77600624762252,-6.08971687550549,"PABPC4",0.549946271576924,0.312985624567071,""
"RPL19",0.0531220949369029,9.84844588589274,0.232169720621582,0.818738291571701,0.935353387234722,-6.19898497032676,"RPL19",0.662873668211502,0.0868548976165396,""
"LAMTOR3",0.0528463763968805,12.3235968706041,0.580381511800756,0.566804693234654,0.819293078891898,-6.17004503469144,"LAMTOR3",0.580623126999039,0.246566562381045,""
"TBCE",0.0527685946286081,11.7130871976739,0.583643125495168,0.564641434216559,0.818958679384948,-6.16815799830913,"TBCE",0.580386142100235,0.248227255853711,""
"NAA10",0.0527436460028952,10.8436214562527,0.45096408678228,0.655866926109782,0.861069450403405,-6.23657034211598,"NAA10",0.610229537801986,0.183184269037251,""
"SUMO2",0.0521206687543199,12.1716278298636,0.428941735369206,0.672497922291524,0.870148553177205,-6.13373929317288,"SUMO2",0.616663788473308,0.172309053093168,""
"LMLN",0.0521187843808821,13.6274569443841,0.4617616956306,0.648370652420932,0.858061556133195,-6.21151009985526,"LMLN",0.608097879398116,0.188176651103127,""
"GSPT2",0.0520929718823968,11.7007541366752,0.360601246445569,0.72254124641342,0.892082660167255,-6.1126181438008,"GSPT2",0.632208225643116,0.141137356075289,""
"BCL2L13",0.0520870369062987,14.378936643986,0.804062727928628,0.428871095127391,0.73484681346659,-6.01706812249081,"BCL2L13",0.520777076839615,0.367673223170331,""
"CHCHD2",0.0520409002247977,11.2139507527246,0.436980249547687,0.665842467808473,0.865444223464436,-6.24277736484701,"CHCHD2",0.613329886724795,0.176628508748747,""
"ADPRH",0.0519911818217516,11.0518128617811,0.614097112540915,0.544648475699391,0.811465553218458,-6.15004292824017,"ADPRH",0.57507585392879,0.263883707484047,""
"PSMD14",0.0517539237278406,12.9080458881643,0.559621858745299,0.580671426138637,0.825953632498184,-6.18181438049835,"PSMD14",0.585343381035186,0.236069544339736,""
"ATPAF1",0.0517330185384637,11.6384984372076,0.406511436809438,0.687794080442259,0.87695603313103,-6.25563447088817,"ATPAF1",0.621488167440501,0.162541566289994,""
"PRKDC",0.0516311257445548,11.7409595539604,0.875960435963072,0.389314158871902,0.699983926804813,-5.95790991958348,"PRKDC",0.496070169395515,0.409699801244289,""
"SNTA1",0.051361557499753,14.7396061567851,0.757687973659336,0.455655835357189,0.750865362171445,-6.05267621466488,"SNTA1",0.532129229175112,0.341363063561891,""
"KRT9",0.0511814461980826,19.1464619438208,0.135135192660493,0.893577174989179,0.965702434924289,-6.32942822466078,"KRT9",0.684381672398223,0.0488679331140798,""
"CST3",0.0510499610798849,12.7094993610556,0.365786930208196,0.717572747756845,0.890672799944183,-6.27138704526989,"CST3",0.631209074701357,0.144134063447193,""
"DERA",0.0510362231448322,11.7644165243115,0.699824985628534,0.490438570031527,0.779155732655409,-6.09427006730451,"DERA",0.55217827364718,0.309415382508464,""
"PACSIN2",0.0510291956169944,12.2394632791821,0.753368122083211,0.458200780247894,0.752552112430065,-6.05589053499371,"PACSIN2",0.533324608746671,0.338944175606974,""
"CAMK2G",0.0508826634581769,15.5696341721173,0.628367406161012,0.535409918816304,0.805244690700252,-6.14124711257716,"CAMK2G",0.570667203665521,0.271313587487364,""
"UGDH",0.0507846144029536,17.0879911298239,0.48967847447937,0.62859157045505,0.852091498307895,-6.21838427888228,"UGDH",0.60386697139682,0.201631447259583,""
"EIF2A",0.0507302821242988,10.90310196021,0.419183623465851,0.678628942684418,0.872566419799705,-6.25039831782002,"EIF2A",0.618377301397061,0.168367622173821,""
"SFXN1",0.0505583113100716,11.2787691638727,0.330969757636615,0.744070343422529,0.902838951841222,-6.17617334186246,"SFXN1",0.63983107986654,0.12838600488943,""
"HSD17B4",0.0504832139882048,13.1848592141991,0.679779642607486,0.502833081141678,0.788033999377247,-6.10793973532227,"HSD17B4",0.558470194229906,0.298576158025304,""
"ARF6",0.0504802158058357,11.992584721783,0.618760346978072,0.541620290174491,0.810168972672282,-6.14719017616389,"ARF6",0.574156982928263,0.266305074482143,""
"DDX19A",0.0500382768189382,12.4062016756193,0.478855611578279,0.636164801964274,0.852801806502891,-6.22361631427335,"DDX19A",0.604370358250606,0.196430363420365,""
"NAP1L1",0.0500060339330819,13.985537252718,0.555652665250036,0.583341785350499,0.82601657945382,-6.18401708507144,"NAP1L1",0.585387990783709,0.234076913511384,""
"NDUFA10",0.0499776519584252,16.5161055398428,0.868746510678573,0.393173842055077,0.704272644581157,-5.96406090512403,"NDUFA10",0.499109531975613,0.405415383589214,""
"DENR",0.049876440481988,11.3839447508905,0.444206372693253,0.660679646226266,0.862817776902027,-6.23959391707196,"DENR",0.611468555712424,0.1800090724376,""
"SEC24C",0.0498363326111981,12.7260919356593,0.547918447733141,0.588562514759972,0.828672624539009,-6.18826526125853,"SEC24C",0.587270297912311,0.230207401344982,""
"JAGN1",0.0496999271417788,11.458671140883,0.392659719934135,0.698150163794162,0.881774689301534,-6.21763730777429,"JAGN1",0.624903090971206,0.156051155753393,""
"RPL22",0.0496373063225555,13.1731647589063,0.570585296909879,0.573327237025287,0.823782898331643,-6.17565084830484,"RPL22",0.583805007903357,0.241597425731335,""
"RPS12",0.0496288509699472,15.5631074717411,0.694427228686181,0.493758908137155,0.781167796454602,-6.0979885793007,"RPS12",0.553604199002718,0.306485055983385,""
"LDB3",0.0492297306730265,17.7745811941248,0.7312696797171,0.471351127857646,0.762785055019771,-6.07205880170584,"LDB3",0.540576571783967,0.326655449393492,""
"LARP1",0.0491541229443921,10.6942305221465,0.319718924552953,0.751921473277373,0.905084814117157,-6.26708838637886,"LARP1",0.641422695383695,0.123827512470942,""
"MYG1",0.0491265945205193,12.1418350674589,0.584986586304695,0.563751612693304,0.81849651569352,-6.16737773618753,"MYG1",0.580058612264312,0.248912202749813,""
"RPS8",0.0490195930327495,11.6868648067293,0.454029092974942,0.653689052588021,0.859959622464486,-6.23518417943994,"RPS8",0.609443016122592,0.184628788156959,""
"NIPSNAP3B",0.0489817533995449,14.9398596367226,0.225348374491507,0.82352335664037,0.93808344202357,-6.3130638753839,"NIPSNAP3B",0.66480842512477,0.0843240789275227,""
"TPRKB",0.0488990602911308,10.9278913837047,0.377935383983926,0.709414274778915,0.885643133365884,-6.15947401106182,"TPRKB",0.627644610638748,0.149100076936334,""
"AIMP2",0.0486841420603206,14.431820031375,0.710040031292435,0.48418993719993,0.774980072351912,-6.08715725229272,"AIMP2",0.549219033534983,0.314984240635623,""
"GCN1",0.048511026775456,11.7225521671271,0.509755126767373,0.614652711869118,0.842868264218608,-6.20837528435591,"GCN1",0.597330576599968,0.211370197915883,""
"CLYBL",0.0484770426198207,11.4593046377522,0.293331802486958,0.771765869787117,0.915134870835696,-6.27520968507817,"CLYBL",0.648545049409105,0.11251443137601,""
"CAPN3",0.0484436692681758,15.1102399848035,0.759098840872013,0.45482648457648,0.750865362171445,-6.05162261599373,"CAPN3",0.532129229175112,0.342154254251387,""
"CARS2",0.0484102319902018,11.529912121618,0.473005413589598,0.640275366828407,0.853005938096306,-6.22639666004268,"CARS2",0.604515023849695,0.19363320636931,""
"MPP1",0.0483686781597363,11.9752482761698,0.562864505219023,0.578494381065111,0.825679729149706,-6.18000353170346,"MPP1",0.585149269034503,0.237700855008286,""
"DUSP13",0.0483352481531654,10.9699551916572,0.41023372072643,0.68539286399135,0.875372525935477,-6.21197932637398,"DUSP13",0.620365954982963,0.164060421565493,""
"EFHD1",0.0482496245490047,10.9397803281201,0.216012634285529,0.831140684075599,0.942520187059735,-6.19598280752062,"EFHD1",0.667952692839176,0.0803254585907497,""
"MAGT1",0.0482099837605947,12.2364561152824,0.298485147619935,0.7681046900271,0.913684931024453,-6.23237708232643,"MAGT1",0.647517494546438,0.114579583090247,""
"VARS1",0.0481892826583223,12.2778192955576,0.510227084825373,0.614326780470081,0.842824582492701,-6.20813525700251,"VARS1",0.597299619887477,0.211600551981645,""
"ECHDC1",0.0481219666137065,11.7623388695265,0.585065003922941,0.563699696073801,0.81849651569352,-6.16733213851129,"ECHDC1",0.580058612264312,0.248952199335403,""
"PGLS",0.0479605551304214,13.0567517360969,0.797588024229669,0.43255143034294,0.736606160376538,-6.02216032178904,"PGLS",0.52202390478269,0.363962247537389,""
"MPDZ",0.0477782445298001,11.8741281257791,0.118293813056988,0.906851645805467,0.971433609164491,-6.28804512774412,"MPDZ",0.688443286482921,0.0424637544810863,""
"PERM1",0.0476434161840729,14.2985250670083,0.510773763336243,0.613949348521424,0.842775825422098,-6.20785695667914,"PERM1",0.597265066339393,0.21186745714065,""
"HERC4",0.0475600478966189,11.9142101175426,0.598754668083335,0.554674032999622,0.816929818306411,-6.15928095410578,"HERC4",0.578948312715346,0.255962165090959,""
"PGLYRP2",0.0472880815276309,11.1640648919437,0.310791950696791,0.758511578464413,0.909579156434732,-6.29004903441989,"PGLYRP2",0.644607781597,0.120037785444391,""
"MAOA",0.0472221865506626,12.4424185187346,0.19378172958157,0.848278970641978,0.950769860520804,-6.19843001216548,"MAOA",0.673799136956787,0.0714612992925144,""
"ATP5PD",0.0471217212060893,17.1813828413248,0.746963956075863,0.461989169205216,0.756606262252656,-6.06062346162293,"ATP5PD",0.536197735846071,0.335368205849818,""
"IMMT",0.047050581324843,16.189414432496,0.735396320192769,0.468878800836377,0.760756925546444,-6.06907450838196,"IMMT",0.53913926087887,0.328939402338796,""
"ISCU",0.0469253507700369,9.62085690102064,0.187481590532091,0.853929359167031,0.953744545942758,-6.00725245120522,"ISCU",0.675907260650288,0.0685780545953849,""
"NDUFB3",0.0468666404044722,15.8316390364601,0.406973061457858,0.687459345528102,0.87695603313103,-6.25544650967379,"NDUFB3",0.621488167440501,0.162752979730229,""
"GOT2",0.0467276347986996,18.0059818356657,0.634276537104688,0.53160901153227,0.802735209194671,-6.1375476075617,"GOT2",0.568888764378706,0.274407665754951,""
"HNRNPH2",0.0466384250754697,11.442668119103,0.386754037187124,0.702615133074184,0.882812350456208,-6.20203583855297,"HNRNPH2",0.625638468920702,0.153282500516332,""
"RPL7A",0.045983790963577,12.6692316386831,0.461509364170844,0.648387008946776,0.858061556133195,-6.23176244096275,"RPL7A",0.608097879398116,0.188165695241243,""
"MLYCD",0.0457126445868123,11.4256859122554,0.45840952719955,0.650581912588078,0.858061556133195,-6.23318708414952,"MLYCD",0.608097879398116,0.186698015097178,""
"SRSF7",0.0456009207588686,12.5106882846296,0.326591569068209,0.746670302434402,0.903457685203062,-6.28499540396005,"SRSF7",0.640269568740162,0.126871121666722,""
"SARS1",0.045566591731621,12.2125629122253,0.740656102331823,0.465738648022371,0.760226725247984,-6.06524746701156,"SARS1",0.538763514319844,0.33185772185593,""
"FUS",0.0454328830233575,11.9765350861767,0.303786159498139,0.763883825750435,0.911445064363342,-6.2720750570758,"FUS",0.645930128049221,0.116972685497521,""
"RAB10",0.045427687306864,14.9661377687684,0.724953645240768,0.475149876410734,0.767297734560222,-6.07659527806525,"RAB10",0.543774653366036,0.323169379361807,""
"PFKFB2",0.0451607203248514,10.2124066141927,0.189603573714014,0.85836599885744,0.953887922731843,-5.32415462654392,"PFKFB2",0.676008870052054,0.0663274937460314,""
"DDX19B",0.045005681563703,12.2229719317056,0.874672716827814,0.390001332680572,0.700340739011603,-5.95901140271217,"DDX19B",0.496323037904472,0.408933908935476,""
"EIF2S3",0.0450029896293387,14.3802512603729,0.644701141430071,0.524939156206532,0.79995314936146,-6.13093945494375,"EIF2S3",0.566917152117508,0.279891031175118,""
"EIF3B",0.0448356492891371,11.9626304810438,0.55954793946622,0.580721101393615,0.825953632498184,-6.18185554168014,"EIF3B",0.585343381035186,0.236032392922578,""
"SRI",0.0447278525368624,12.9350367196422,0.520225047053748,0.607441306271124,0.842775825422098,-6.20299944199,"SRI",0.597265066339393,0.216495679201305,""
"ASPN",0.0445363095489704,11.9595031913721,0.191418955774158,0.849729295551904,0.951136765019494,-6.32017683833156,"ASPN",0.674059157751333,0.0707194086067504,""
"G3BP2",0.0444997711046629,12.9105932864967,0.790073564232648,0.436847005447718,0.739068849133918,-6.02802125057995,"G3BP2",0.523769182613023,0.359670636996947,""
"IDE",0.0444775266218791,12.6993621183444,0.440107328856661,0.663606194150473,0.864105112419471,-6.24140604664489,"IDE",0.612380874872555,0.178089568891173,""
"ACADM",0.0442945203914391,18.0564192012342,0.411932256878911,0.683867424874362,0.87465460130399,-6.25341398517353,"ACADM",0.619857170452466,0.165028082820923,""
"EIF3J",0.0442659246458295,12.0158450088407,0.643514562138279,0.525696054824852,0.79995314936146,-6.13169688024522,"EIF3J",0.566917152117508,0.279265282205897,""
"FAM114A1",0.0441517800056808,8.5483605865403,0.145034845462938,0.886274536092619,0.963239598195467,-6.16744490802722,"FAM114A1",0.682636289702313,0.0524317284045004,""
"PRRC2A",0.0441374186712693,10.1918064814313,0.164106253137561,0.871556800965833,0.957864330492421,-6.12999309911151,"PRRC2A",0.678826902289422,0.0597043038584406,""
"POLR1B",0.0441113697938533,11.6395962621608,0.381275027639466,0.709050301237691,0.885643133365884,-5.94283459650293,"POLR1B",0.627644610638748,0.149322954132782,""
"RAB9A",0.0439823087988724,11.1347433842835,0.360399525329107,0.721670703136868,0.891910308704751,-6.25321107571479,"RAB9A",0.632086082239639,0.141660924914575,""
"CORO1B",0.0437433589461786,11.1215503059573,0.389208911503637,0.700520698482682,0.882114376911848,-6.24239054174694,"CORO1B",0.625143823485107,0.154579027967061,""
"SCRIB",0.0436037546671546,10.1573388314758,0.200740503011533,0.842648392367673,0.947451027534314,-6.27916011716977,"SCRIB",0.6714471200336,0.0743536034399369,""
"USP13",0.0435590177955252,10.5436393845338,0.26594914892137,0.792969464337672,0.923841660484459,-6.19052138919839,"USP13",0.654715446257599,0.100743536169134,""
"ATXN10",0.04348164072813,11.0794110094519,0.42428825147237,0.674951123319739,0.871595582186739,-6.24824431793165,"ATXN10",0.617689280485898,0.170727675526139,""
"FKBP5",0.0434800053359012,11.3159538818041,0.376757715056555,0.709503361552013,0.885643133365884,-6.26730501373401,"FKBP5",0.627644610638748,0.149045542560233,""
"RABGGTA",0.0433357185550634,12.0772423402254,0.75143088855531,0.459344799114765,0.753502736245366,-6.05732629604062,"RABGGTA",0.533998304383141,0.337861196516433,""
"IGBP1",0.0432521721941637,11.5869760261965,0.568644191062575,0.574624137496925,0.824066705837603,-6.17675060368894,"IGBP1",0.584006138861034,0.2406161351113,""
"COL15A1",0.0432412830922537,14.521783468262,0.512895525105081,0.612485492223398,0.842775825422098,-6.20677405774146,"COL15A1",0.597265066339393,0.212904193856398,""
"DDX17",0.0432162640618063,13.0028768463878,0.53464995167844,0.597571918688595,0.833568148360295,-6.1954178564414,"DDX17",0.590739696620351,0.223609819233374,""
"MAOB",0.0431475371454066,13.2758868103812,0.484134168047506,0.632466057415906,0.852091498307895,-6.22107886184758,"MAOB",0.60386697139682,0.198962776828068,""
"LRRFIP2",0.0430606993076008,12.252345863697,0.36356182399748,0.719213510254997,0.891551003629248,-6.27220041548528,"LRRFIP2",0.63183144706468,0.143142163079493,""
"CNST",0.04296880332112,11.0755489969614,0.294366608498018,0.770885779285053,0.914790707141316,-6.29503921737522,"CNST",0.648301144748393,0.113009965789524,""
"GALE",0.0428780477867203,11.4476866696033,0.304565086374864,0.763297583031676,0.91112489503073,-6.27183714430136,"GALE",0.6457032279034,0.117306112802037,""
"VASP",0.0426385561843379,10.458957582841,0.294605222926429,0.771156437003984,0.914790707141316,-6.21002185335224,"VASP",0.648301144748393,0.112857511915328,""
"IARS1",0.0423905301641341,11.9428113249741,0.512782768042393,0.612563244957055,0.842775825422098,-6.20683171692621,"IARS1",0.597265066339393,0.21284906530159,""
"PITHD1",0.0422046738632229,12.0782102836553,0.237704532260541,0.814108501700999,0.933293986350025,-6.29005434895465,"PITHD1",0.661414195634198,0.0893177099145216,""
"CTF1",0.0420529803238505,10.4953008650512,0.268698045909432,0.791023039775349,0.923252631722311,-6.1631365014371,"CTF1",0.654298008675637,0.101810866816386,""
"PICALM",0.0420257463403413,10.7464917350348,0.348606891180677,0.730394942060772,0.896109547922163,-6.2574030315301,"PICALM",0.635062032443842,0.136442242925431,""
"MOB4",0.0419574002960506,12.5535441595298,0.298345052574826,0.76798295437655,0.913684931024453,-6.27372010902791,"MOB4",0.647517494546438,0.114648419164267,""
"UQCRC1",0.041555428739855,17.602712441461,0.689216789964496,0.496976087282286,0.784743618969463,-6.10155178983133,"UQCRC1",0.556138341306202,0.303664507466256,""
"KPNA3",0.0415020526420307,14.5913880245895,0.534475156392166,0.597691048457923,0.833568148360295,-6.19551093988912,"KPNA3",0.590739696620351,0.223523248490295,""
"CD36",0.0414884004213754,14.7153715746227,0.45384276656133,0.653821359856983,0.859959622464486,-6.23526870997127,"CD36",0.609443016122592,0.184540895446545,""
"PPM1A",0.0414785947303482,12.8747636373475,0.753485392452536,0.45813158153872,0.752552112430065,-6.0558035079592,"PPM1A",0.533324608746671,0.339009768876097,""
"UBA6",0.0414433929881071,10.7654314943621,0.398145798406315,0.693871384947309,0.880791180002996,-6.25900425918767,"UBA6",0.624206089789257,0.158721022317658,""
"CCDC134",0.0411986596275931,9.97528140253848,0.318253223404933,0.753722607399425,0.905731233881237,-6.14852389518944,"CCDC134",0.641880805276778,0.122788458163831,""
"OSBPL1A",0.0411567396798258,12.8473441131122,0.694774853963603,0.493544688644449,0.781167796454602,-6.09774993415246,"OSBPL1A",0.553604199002718,0.306673517456354,""
"NSF",0.0411102983740523,13.4794048376345,0.399885766578919,0.692605629628974,0.880500786215185,-6.25830907309776,"NSF",0.624000291213041,0.159513982744886,""
"UQCRH",0.0409469814992036,17.1145637391212,0.700740044762897,0.489876951357098,0.778695142867135,-6.09363694110565,"UQCRH",0.551851859217446,0.309912993558379,""
"PFN1",0.0407888236913543,15.8635685786342,0.593031588415959,0.558438161874173,0.816990184753129,-6.16266882972793,"PFN1",0.578991093688312,0.253024911077822,""
"CSNK2B",0.0406901809048232,13.7949528537069,0.526247236307097,0.603311595733001,0.838957318471995,-6.19985888674764,"CSNK2B",0.594558936502637,0.219458327402873,""
"ERO1A",0.0406848836869553,12.6010867398523,0.555972252649583,0.583126551597625,0.82601657945382,-6.18384029584162,"ERO1A",0.585387990783709,0.234237183326333,""
"DCAF8",0.0405203602184656,12.4526620223352,0.595258871922571,0.556971690499207,0.816929818306411,-6.16135410774857,"DCAF8",0.578948312715346,0.254166878385388,""
"ABCF1",0.0403201996085194,13.8148143001506,0.549967211750723,0.587177337214039,0.828672624539009,-6.18714559145298,"ABCF1",0.587270297912311,0.231230714864504,""
"NDUFV2",0.0403188754452266,16.4462560234727,0.486207033778225,0.631016231421475,0.852091498307895,-6.22007495285942,"NDUFV2",0.60386697139682,0.199959469399103,""
"FLOT2",0.0402933153809197,11.426197408313,0.517137088502674,0.609564047444313,0.842775825422098,-6.20459609148764,"FLOT2",0.597265066339393,0.214980655935186,""
"NDUFA8",0.0402690239104864,17.7938963907891,0.513522695213652,0.6120531054026,0.842775825422098,-6.20645312308609,"NDUFA8",0.597265066339393,0.213210894222542,""
"AP2S1",0.0402433780394063,12.2597821491988,0.274315326904411,0.786075538112418,0.920695172923271,-6.30076629524348,"AP2S1",0.652485568459398,0.104535718325597,""
"NFU1",0.0401855091950765,12.1577603410465,0.48733074035385,0.630230904955637,0.852091498307895,-6.21952897235513,"NFU1",0.60386697139682,0.200500303918915,""
"NDUFB10",0.0401614835586024,16.534746345749,0.547522423285709,0.588830452951641,0.828672624539009,-6.18848122228189,"NDUFB10",0.587270297912311,0.230009737381746,""
"VPS35",0.0400994071643108,12.4695423442431,0.652479515205559,0.51999215117106,0.798082239737195,-6.12594092472667,"VPS35",0.565591261023881,0.284003211612938,""
"ATP5F1B",0.0397455190234162,20.0477089924122,0.546191220625378,0.589731541936513,0.828672624539009,-6.18920604002377,"ATP5F1B",0.587270297912311,0.229345643253843,""
"TIMM21",0.0394638307450954,10.7899205446215,0.418153291015009,0.679372273227904,0.873130464157476,-6.25082997017414,"TIMM21",0.618777032832871,0.167892181678298,""
"SGTA",0.0393038905908707,11.9604881212931,0.415924597938568,0.680981288333912,0.87465460130399,-6.25176008666909,"SGTA",0.619857170452466,0.166864821251642,""
"NDRG2",0.0391877962797693,16.6761539928796,0.442234940904343,0.66208648403208,0.863655301254519,-6.24046752295472,"NDRG2",0.612062099123214,0.179085277803926,""
"UBE3C",0.0390942640065948,10.8555495786712,0.201084361960639,0.842986783046929,0.947451027534314,-6.12974244961531,"UBE3C",0.6714471200336,0.0741792345031156,""
"DMAC2L",0.0390648276087635,12.9879233056204,0.588981262274165,0.561110037376335,0.818000375321891,-6.16504738396297,"DMAC2L",0.579707003564778,0.250951962381616,""
"TBC1D15",0.038594068489731,14.2706058411649,0.441350852726155,0.662717791556421,0.863655301254519,-6.24085804933188,"TBC1D15",0.612062099123214,0.178671370029003,""
"COQ5",0.0383388734439212,14.1908101668043,0.508179099818509,0.615741691002158,0.842962118545959,-6.20917524091601,"COQ5",0.597397090030184,0.210601439945636,""
"YWHAH",0.0380181889866318,12.369193565896,0.448336791670858,0.657736252805892,0.861944261793181,-6.2377511972275,"YWHAH",0.610849506086538,0.181948220236459,""
"LYPLA1",0.0379750973276121,13.8310492547745,0.544022995277527,0.591200651470593,0.829359308426196,-6.19038291616648,"LYPLA1",0.587756942503985,0.228265096044341,""
"BNIP1",0.0379002036158216,11.2331094189162,0.252946548454416,0.802861592530787,0.928311307401431,-6.18513696479872,"BNIP1",0.657883031138243,0.0953593174623695,""
"ARPC1A",0.0377431391641334,10.8405828505281,0.257423404419634,0.799219429752466,0.927353395008327,-6.23423217134355,"ARPC1A",0.65720417017456,0.0973339665592144,""
"GATD1",0.0376872716281014,11.0254980670181,0.332437595658236,0.742818383435447,0.901701603950018,-6.19810962143617,"GATD1",0.639025055128762,0.129117356782312,""
"DAD1",0.0375527509055473,12.1521952732194,0.251207224063416,0.80368832408849,0.928311307401431,-6.30686848058947,"DAD1",0.657883031138243,0.0949123410173739,""
"UQCRB",0.0375522964113522,17.3749929766379,0.529350365550599,0.601188866781545,0.836817528992671,-6.1982268177459,"UQCRB",0.593042493497547,0.220989070567016,""
"HSPH1",0.037421197080155,12.0255957616329,0.320343685452781,0.751345487473254,0.904771498780818,-6.28702353749463,"HSPH1",0.641200652582397,0.124160317588271,""
"NDUFAF5",0.0374165290545037,12.1687526645478,0.449628508449305,0.656816908638014,0.861678371967961,-6.23717147469764,"NDUFAF5",0.610661073173172,0.182555675569395,""
"JPT1",0.037302694081653,12.5046684013849,0.378204092917058,0.708442050261244,0.885538466855888,-6.26675794569976,"JPT1",0.627570434745052,0.149695668749009,""
"CPT2",0.0372713646085643,15.0041272729271,0.484038272884919,0.632533165765298,0.852091498307895,-6.22112520297644,"CPT2",0.60386697139682,0.198916698086952,""
"ETFDH",0.0372250516742554,14.7589077994566,0.380075790515939,0.707069542214133,0.884917601740483,-6.26604693250503,"ETFDH",0.62713043512338,0.150537870057989,""
"UROD",0.0370395714148213,11.6474701639809,0.473214950839432,0.640127934893464,0.853005938096306,-6.22629765542593,"UROD",0.604515023849695,0.193733219975959,""
"ACAT1",0.0370383587139003,16.8940360564698,0.36478671708091,0.718310120691606,0.891202080477118,-6.27175327277165,"ACAT1",0.631584169433645,0.143688014494513,""
"CCDC28B",0.0370316673846602,10.2897213720524,0.19296610442569,0.84859361591494,0.950769860520804,-6.29974682055433,"CCDC28B",0.673799136956787,0.0713002398135026,""
"SEC13",0.0367908220929074,12.4638299748267,0.358313189236596,0.72308920818804,0.892110921509652,-6.2740995616431,"SEC13",0.632228254115733,0.140808120086035,""
"ALDH1L1",0.0364305251440573,15.2409734709419,0.615234297099795,0.54390919538785,0.811465553218458,-6.14934918002632,"ALDH1L1",0.57507585392879,0.264473598893149,""
"CUL3",0.0364246077706394,13.9179797114709,0.635660119888836,0.530721154421674,0.801816989231691,-6.13667655211407,"CUL3",0.568238032961691,0.275133601148648,""
"ADPRHL1",0.0359941226968346,16.7342062230619,0.478160584907417,0.636652535329274,0.852801806502891,-6.22394838634203,"ADPRHL1",0.604370358250606,0.196097527100148,""
"IDH2",0.0356618196550329,18.6038447700371,0.411469088719732,0.684202575946427,0.87465460130399,-6.25360484244844,"IDH2",0.619857170452466,0.164815295077567,""
"HP1BP3",0.0355152392479887,11.4041242169787,0.33569434244288,0.739876554604206,0.900036589768954,-6.28197104665363,"HP1BP3",0.637845079653302,0.130840734493894,""
"ABHD16A",0.0354853307369059,11.1774465919588,0.57261690095097,0.57197145065475,0.823782898331643,-6.17449591190843,"ABHD16A",0.583805007903357,0.242625648012109,""
"CDC123",0.0354134121875234,9.91779000154979,0.2064088544539,0.838269679414401,0.945692142054368,-6.27505055047405,"CDC123",0.670200619100404,0.0766162421809688,""
"ARL8B",0.0353256201400605,13.8354791573413,0.322793187017409,0.749511402032023,0.904771498780818,-6.28623303050437,"ARL8B",0.641200652582397,0.125221756008597,""
"PRMT1",0.0350993361134879,12.0031178030269,0.591282568400055,0.559591131900246,0.818000375321891,-6.16369788522267,"PRMT1",0.579707003564778,0.252129176591406,""
"HSP90AB1",0.0350862426968384,16.9296766523991,0.478438077705846,0.636457785356106,0.852801806502891,-6.22381586171542,"HSP90AB1",0.604370358250606,0.196230396715582,""
"LMNA",0.0349406663131493,15.5536464077209,0.562414740520167,0.578796100567757,0.825699165867193,-6.18025531083272,"LMNA",0.585163043601843,0.237474403447282,""
"RPS11",0.0349388292892776,13.213215661565,0.334492262693666,0.74077249426697,0.900362158002178,-6.28237515400359,"RPS11",0.638075805934893,0.130315151879375,""
"PTRHD1",0.0345833036344256,12.5641492278803,0.513524635403669,0.61205176800909,0.842775825422098,-6.20645212965907,"PTRHD1",0.597265066339393,0.213211843197804,""
"EMC4",0.034523730281963,11.8053425889917,0.527440230257418,0.60249509244469,0.838228609197321,-6.1992325498091,"EMC4",0.594042509025541,0.220046486235038,""
"WASHC2C",0.0344413535758985,10.066896649908,0.245439140037409,0.808367778060786,0.928965034058471,-6.24412731879986,"WASHC2C",0.658346319338268,0.092391006004449,""
"NDUFC1",0.0344139723440797,14.1829356677386,0.192978541694888,0.848520606873154,0.950769860520804,-6.31987519744322,"NDUFC1",0.673799136956787,0.071337606095124,""
"ALDH7A1",0.0343159442448737,12.8822251609945,0.475901651834112,0.638238889103805,0.853005938096306,-6.2250243967061,"ALDH7A1",0.604515023849695,0.1950167369513,""
"ACADS",0.0341634276702578,15.1525734218856,0.162895735572973,0.871898060576773,0.957864330492421,-6.32526291491036,"ACADS",0.678826902289422,0.0595342883666836,""
"HDGF",0.034065811704215,13.6911695065924,0.298969233127005,0.767411943084403,0.913684931024453,-6.29366801135398,"HDGF",0.647517494546438,0.114971446243655,""
"SYNPO",0.0339225103849383,14.6029659169242,0.510704471932739,0.613997181954411,0.842775825422098,-6.20789224734084,"SYNPO",0.597265066339393,0.211833622123421,""
"TWF2",0.0339181919872242,14.3975854522138,0.444021888975392,0.660811242253995,0.862817776902027,-6.23967583000859,"TWF2",0.611468555712424,0.179922577056709,""
"PDCD10",0.033696516660271,11.33563006349,0.257499015487788,0.798881860974392,0.927337146031838,-6.30525987256908,"PDCD10",0.657192654720832,0.097517439610155,""
"RPL23",0.0336614796879822,10.7365416348907,0.305477663624559,0.762508160113107,0.910616728441625,-6.29169298866264,"RPL23",0.645343096368539,0.11775550427871,""
"FITM1",0.0335843534319711,11.7843750791512,0.288917893187327,0.77500450567155,0.915745708740649,-6.29663518235289,"FITM1",0.648977942867625,0.110695772612911,""
"RAD23A",0.0335722025958596,13.4162763958114,0.485216321590628,0.6317089786009,0.852091498307895,-6.22055528928853,"RAD23A",0.60386697139682,0.199482950350978,""
"UQCC1",0.0335652491860845,11.9054148493699,0.254249730276344,0.801447598074477,0.928060127709677,-6.28596219112498,"UQCC1",0.657705023119107,0.0961248683330192,""
"SYNPO2",0.0334220135377699,16.8218900293407,0.382297635266581,0.705441582758024,0.884038293040882,-6.26519840398305,"SYNPO2",0.626507279649578,0.151538944115528,""
"HLA-A",0.0333645650217633,12.4219212942631,0.30990229579161,0.759180165560953,0.909658161113489,-6.29032620631861,"HLA-A",0.644663771260296,0.119655146866267,""
"GSTZ1",0.0333245752219007,13.3871694100113,0.353999491553357,0.726280183877666,0.894109415738042,-6.27563995260361,"GSTZ1",0.633644562880048,0.138895805143281,""
"COQ10A",0.0331757375835622,13.3577622486157,0.350592110290224,0.728804298153894,0.895470596535394,-6.27684364934001,"COQ10A",0.634609215299715,0.137389074757596,""
"STXBP3",0.0331066839385823,12.9880338326646,0.535585828562556,0.596934277015506,0.833323739857009,-6.19491896968377,"STXBP3",0.590566487260845,0.224073482439733,""
"UBAC1",0.0330055174634705,13.3223055999029,0.56548069251441,0.576740897681521,0.82482006624513,-6.17853509722862,"UBAC1",0.584540036298771,0.239019250934103,""
"AASDHPPT",0.0330038108598032,11.8826247039657,0.255038391910477,0.800760644801627,0.928014560453483,-6.30589368746024,"AASDHPPT",0.657672730154035,0.0964972793917335,""
"USP24",0.0325390064709552,11.9567780845394,0.384091114666735,0.704128531003288,0.883551825681009,-6.26450990478451,"USP24",0.626162526096851,0.15234805788846,""
"NLN",0.03245660173706,12.3906278024036,0.45903263780383,0.650140447281596,0.858061556133195,-6.23290146875683,"NLN",0.608097879398116,0.186992814294661,""
"USP15",0.0322738694765619,14.295314119624,0.560107273174369,0.580345270229744,0.825953632498184,-6.1815439508508,"USP15",0.585343381035186,0.236313550675979,""
"MMUT",0.0317631644996919,12.8059412019592,0.433842427805661,0.668089595243723,0.867578060701636,-6.24414371681257,"MMUT",0.614842111447657,0.175165291849687,""
"CYCS",0.031716572715272,15.478766993596,0.317953811005,0.753136363436228,0.905638030298798,-6.28778904632166,"CYCS",0.641814753021635,0.123126382994275,""
"SEC22B",0.0316733229195929,13.4238547120023,0.360217988532542,0.721681788515812,0.891910308704751,-6.27341349512803,"SEC22B",0.632086082239639,0.141654253891477,""
"S100A11",0.0316352632732819,11.7459938674894,0.142350981136062,0.887933300948915,0.96360125169174,-6.32842004316164,"S100A11",0.682892589174757,0.0516196559756423,""
"MYL2",0.0316046486879564,16.4028951889865,0.0994896317237407,0.921535709440772,0.979426596722598,-6.33364019078231,"MYL2",0.6941078203959,0.0354878312396979,""
"VAMP2",0.0315895201740499,10.5802786744371,0.239468242364361,0.813275895019739,0.93271257107906,-6.17060756544354,"VAMP2",0.661002153641643,0.0897620997213133,""
"ALB",0.0315329246776024,20.0741137854692,0.337841615804487,0.738277070634086,0.900023732922083,-6.28124561589939,"ALB",0.637835968160936,0.131780619660601,""
"MMRN2",0.0314489812189986,12.2629655178958,0.0733880613355478,0.942787767383888,0.984340477893577,-5.83810111279901,"MMRN2",0.697590228736337,0.0255860610566465,""
"SLC25A12",0.0311067807504362,15.7976851895271,0.349800319675167,0.729391287422287,0.895644999893863,-6.27712170821995,"SLC25A12",0.634732812857125,0.137039428638117,""
"APOOL",0.0309745174123197,12.5921018627665,0.427774631826465,0.672443946375039,0.870148553177205,-6.24675840522394,"APOOL",0.616663788473308,0.172343911763634,""
"HINT3",0.0308084930944368,13.1802345922253,0.445657146410061,0.659645167509344,0.862817776902027,-6.23894858961615,"HINT3",0.611468555712424,0.180689614809695,""
"EIF4G1",0.0307990098083941,13.1703445177276,0.575410363333926,0.570109882049602,0.822726546804712,-6.17290134571995,"EIF4G1",0.583056384312387,0.244041431049164,""
"SH3GLB2",0.0307468575370198,11.5499161867298,0.306269116035222,0.761912523691839,0.910616728441625,-6.29144993894618,"SH3GLB2",0.645343096368539,0.118094887792578,""
"SRPRA",0.0306537645254377,10.0753231279519,0.214743308572015,0.831693493745314,0.942520187059735,-6.31541109169218,"SRPRA",0.667952692839176,0.0800366959454457,""
"CSK",0.0305283372847036,10.7085632561939,0.143027905218865,0.888142843890926,0.96360125169174,-6.0739021456921,"CSK",0.682892589174757,0.0515171791261853,""
"DCTN2",0.0305231659249436,14.014840645632,0.514032172373524,0.611701964503094,0.842775825422098,-6.20619213156184,"DCTN2",0.597265066339393,0.213460124747443,""
"SRSF4",0.0302343969669199,12.5560786930074,0.175935401744028,0.861748994722003,0.954685975598477,-6.32303911684676,"SRSF4",0.676574440496714,0.0646192145483194,""
"CYRIB",0.0298693038314237,12.8099773245131,0.360584913377656,0.721410789338126,0.891910308704751,-6.27328092349136,"CYRIB",0.632086082239639,0.14181736670996,""
"RHOA",0.0298227054517124,14.049097188785,0.4205096008165,0.677672807682544,0.872540725018708,-6.24984126568357,"RHOA",0.618359091815563,0.168979940522512,""
"PPIL1",0.0295919354729044,12.6133287022735,0.359573437742147,0.722157923191558,0.892082660167255,-6.27364605094901,"PPIL1",0.632208225643116,0.141367819506637,""
"CEFIP",0.0294319926660584,10.6620483222006,0.317696785145574,0.753329052418818,0.905638030298798,-6.28787103656473,"CEFIP",0.641814753021635,0.123015283514076,""
"BCAT2",0.0293490654652739,13.0784996530097,0.419818700966834,0.678170932787526,0.872540725018708,-6.25013173381083,"BCAT2",0.618359091815563,0.168660828536865,""
"CCDC25",0.0293353745877916,11.5453120604632,0.277944223142583,0.783412771244631,0.920695172923271,-6.2796252205026,"CCDC25",0.652485568459398,0.106009352834284,""
"PRKCSH",0.029319190164065,13.5815035009483,0.456074286779279,0.652237554102692,0.859849507846511,-6.23425409592024,"PRKCSH",0.609364979220457,0.185594199289594,""
"IGHG3",0.0290949571265138,11.5532536916704,0.157355417554563,0.876217100391664,0.959952628538503,-6.32615606782274,"IGHG3",0.680306853936594,0.0573882753152639,""
"ARCN1",0.0287280960381437,11.7983628249298,0.265606935041218,0.792699933059652,0.923841660484459,-6.30312858472441,"ARCN1",0.654715446257599,0.100891178481036,""
"NANS",0.0286876208049787,12.2881029748497,0.405426717277532,0.68858089140437,0.87695603313103,-6.25607531135351,"NANS",0.621488167440501,0.162045033436146,""
"PSMA4",0.0286587494195718,13.581632698543,0.339599487119365,0.736968541954831,0.900013140457215,-6.28064832874096,"PSMA4",0.637828461408795,0.132551049925225,""
"COA5",0.0285405120811628,11.279978683532,0.183913614642308,0.855551168734629,0.953767053783168,-6.32159431951131,"COA5",0.675923211685415,0.0677540110971098,""
"YWHAG",0.0282528890522116,16.0139998938354,0.444103236797312,0.66075321380976,0.862817776902027,-6.23963971474752,"YWHAG",0.611468555712424,0.179960715844454,""
"VPS26A",0.0281794024023991,12.1652455323524,0.432134951469305,0.669313719919463,0.868325214341552,-6.24488315675616,"VPS26A",0.615371610224021,0.174370272524896,""
"NUCB1",0.0281706996602402,12.1009430729955,0.2906998895437,0.773656735198871,0.915445673930705,-6.29611648231571,"NUCB1",0.648765311815263,0.111451689286595,""
"ABHD10",0.0273847432767287,11.8209926957982,0.306739102698972,0.76155888879954,0.910616728441625,-6.29130531386085,"ABHD10",0.645343096368539,0.118296508490981,""
"TOM1L2",0.0272018922560413,12.1193131031559,0.294949935295884,0.770445241251383,0.914790707141316,-6.29486660249479,"TOM1L2",0.648301144748393,0.113258222964332,""
"FN3K",0.0271007276911135,14.7585811721479,0.519121774687537,0.608199322096663,0.842775825422098,-6.20357096393956,"FN3K",0.597265066339393,0.215954068259369,""
"ERAP1",0.0265635984300872,12.4541810822342,0.249737738102833,0.80481204518741,0.92836655371462,-6.30723847838024,"ERAP1",0.657922183534309,0.0943055323884468,""
"CUL4A",0.0265342302563401,13.4994548762729,0.350413343022608,0.728936811485371,0.895470596535394,-6.2769064827436,"CUL4A",0.634609215299715,0.13731011724118,""
"CYC1",0.0264031593027738,17.1285113871991,0.333609226984728,0.741430880215721,0.900404340119481,-6.28267109201787,"CYC1",0.638105699892846,0.129929329787436,""
"YWHAB",0.026246973892988,14.0212268346512,0.356804928095545,0.724204338752422,0.892334322813603,-6.27464025035635,"YWHAB",0.63238657592635,0.140138877626449,""
"ELOC",0.0257950154724629,14.3564244591595,0.411283164810473,0.684337130086351,0.87465460130399,-6.2536813963768,"ELOC",0.619857170452466,0.164729895844477,""
"GMPR2",0.0257668447445898,10.5717843546677,0.209938245924652,0.835545963609586,0.944644864577938,-6.27290058830106,"GMPR2",0.669458426179621,0.0780296544564655,""
"PRRC1",0.0256996796255358,10.7715290344955,0.208551560427965,0.836615853348369,0.945237944145858,-6.2746031357889,"PRRC1",0.669878734518794,0.0774739100679844,""
"HUWE1",0.0255742346696213,11.1055233528451,0.326435588984848,0.746786900295204,0.903457685203062,-6.28504650954748,"HUWE1",0.640269568740162,0.126803308799292,""
"HNRNPA2B1",0.0254214698513699,15.616762295533,0.438257743684899,0.66492850899101,0.865040901846679,-6.2422183082665,"HNRNPA2B1",0.613044057557038,0.177225046155166,""
"SRP9",0.02530529153033,10.8650760958101,0.244760182243655,0.808621564285795,0.928965034058471,-6.30847571446772,"SRP9",0.658346319338268,0.0922546811009719,""
"HDLBP",0.0251492575853458,10.9969918901798,0.206793672125706,0.837898698904971,0.945692142054368,-6.29696531303463,"HDLBP",0.670200619100404,0.0768084839543539,""
"PAFAH1B3",0.0249416787727945,12.7144440242895,0.21389346728916,0.832349059653524,0.942890278643083,-6.31559430979183,"PAFAH1B3",0.668214972282193,0.0796945067741324,""
"ORM1",0.0248900544736514,16.1878065104318,0.176182740862877,0.861556713013862,0.954685975598477,-6.3229952852935,"ORM1",0.676574440496714,0.0647161293148499,""
"NARS2",0.0247649924512334,11.2003521832121,0.151803408402545,0.881009013659761,0.961518277724237,-6.16643119984728,"NARS2",0.681416410637883,0.0550196482705051,""
"CDC37",0.0246841971058736,12.199918105178,0.231778867144587,0.818579105002252,0.935353387234722,-6.31158575230619,"CDC37",0.662873668211502,0.0869393453223632,""
"NDUFB9",0.0245212083147965,15.4236341908447,0.385223327916166,0.703300089952269,0.883037818240036,-6.26407361982521,"NDUFB9",0.625798255220692,0.15285932704021,""
"EHD4",0.0244004464143313,11.4048589316708,0.257605864084793,0.798800305702358,0.927337146031838,-6.30523221305577,"EHD4",0.657192654720832,0.097561777596,""
"DNPEP",0.0243744623321849,14.1425936103755,0.393620060328739,0.69716790936878,0.881774689301534,-6.26079845448817,"DNPEP",0.624903090971206,0.156662611672213,""
"HSPG2",0.024290463254907,15.1716940558698,0.289183658890025,0.774803454385843,0.915745708740649,-6.29655802477103,"HSPG2",0.648977942867625,0.110808451688903,""
"TGFB1I1",0.0239380170418233,10.5465426689275,0.173626457649637,0.863544387995228,0.955001216678292,-6.32344532723808,"TGFB1I1",0.676797848049196,0.0637153338742516,""
"KPNA1",0.0238903241585735,13.7671784056274,0.343575382772575,0.734011941448116,0.898001420398189,-6.27928607842037,"KPNA1",0.636402779657768,0.134296874603225,""
"RRAS2",0.0238774832628526,12.6686886105534,0.182451655734782,0.856686188198473,0.953767053783168,-6.32186385116069,"RRAS2",0.675923211685415,0.06717823489388,""
"SDHC",0.0236384657841562,12.9280333858813,0.135274541975458,0.893468126922324,0.965702434924289,-6.3294092506933,"SDHC",0.684381672398223,0.0489209356582298,""
"RPS28",0.0233220547317039,14.4912203878379,0.324095145517477,0.748537159590771,0.904771498780818,-6.28581043031421,"RPS28",0.641200652582397,0.125786635127688,""
"MTAP",0.02313698762344,13.2460751433926,0.227887119762211,0.821570476408212,0.936603415030205,-6.31248526247007,"MTAP",0.663759547838888,0.0853551757440043,""
"DYNLL2",0.0231298262693027,15.8759382614383,0.146827714600568,0.88443480238928,0.962334906472162,-6.3277682468513,"DYNLL2",0.681995145585649,0.053334176328239,""
"STAT3",0.0231096364763186,11.5498429493096,0.165251778884538,0.870062589352678,0.957864330492421,-6.32487375307617,"STAT3",0.678826902289422,0.0604495045850915,""
"PPP2R1A",0.0231093624779941,15.2630350671384,0.463162534584646,0.647217768986032,0.857967680811271,-6.23099880835318,"PPP2R1A",0.608031351089301,0.188949567930628,""
"NDUFV1",0.0231011948822797,16.1146645580413,0.312918581832258,0.756914164456401,0.908423783639885,-6.28938328844905,"NDUFV1",0.643788982827333,0.120953367549531,""
"BPHL",0.0230604624988811,12.2562438866759,0.277076879311083,0.783978248803885,0.920695172923271,-6.30000136332402,"BPHL",0.652485568459398,0.105695986493483,""
"AKR1A1",0.0229554854074294,13.1990066461745,0.27749058726521,0.783664196881167,0.920695172923271,-6.29988611313751,"AKR1A1",0.652485568459398,0.10586999430919,""
"TMLHE",0.0228511151097575,12.321433097867,0.163855849698164,0.871149996509314,0.957864330492421,-6.32510500023742,"TMLHE",0.678826902289422,0.0599070607813433,""
"RPS2",0.0228077237388291,11.8233998302198,0.267915942379494,0.790941922925918,0.923252631722311,-6.30250960992816,"RPS2",0.654298008675637,0.101855404591822,""
"ECHDC3",0.0226427249618659,13.9406315692774,0.129820343508093,0.897825965763613,0.966993317504139,-6.2880162801947,"ECHDC3",0.685296505318715,0.0468078386483473,""
"WBP2",0.0225752716001857,10.9663169877097,0.159997036093153,0.874642524384456,0.958637586708084,-6.16514237769542,"WBP2",0.679374899646506,0.0581694114451335,""
"PSMD8",0.0223677562030034,14.144267421624,0.335982424073638,0.739661895793465,0.900036589768954,-6.2818739878809,"PSMD8",0.637845079653302,0.130966753709719,""
"PRR33",0.0221717361805283,13.7633591718553,0.274558836919746,0.785890535480463,0.920695172923271,-6.30069915069297,"PRR33",0.652485568459398,0.104637941425594,""
"SYNJ2BP",0.0221014561959567,13.3334688212955,0.152638761024429,0.879897130732568,0.96104618013702,-6.32689213404336,"SYNJ2BP",0.681081840769784,0.0555680984937218,""
"HADHA",0.0219664764529597,16.9471719768316,0.29244823203114,0.772335120876147,0.91543112342061,-6.29560449993472,"HADHA",0.64875500004419,0.112194215769029,""
"RPL11",0.0213743814763134,12.3407714627438,0.266142435916415,0.792292118561742,0.923803584946279,-6.30298550761663,"RPL11",0.654688462582758,0.101114664257901,""
"VDAC1",0.0213535034399932,17.7576500063501,0.309859603069827,0.759212254495278,0.909658161113489,-6.29033948740891,"VDAC1",0.644663771260296,0.119636790548196,""
"LAMA5",0.0211770829068278,10.8819829589201,0.132716898163139,0.895560024652998,0.966004904273802,-6.2905836635779,"LAMA5",0.684596028779426,0.0479053003767107,""
"STT3B",0.0209803993138049,11.7798011486593,0.230887774004746,0.81926379373297,0.93542435948716,-6.31179305176456,"STT3B",0.66292396539111,0.0865762377799685,""
"PLGRKT",0.0208210792211787,12.1964419257571,0.162331016873328,0.872338112744336,0.957900778208914,-6.32535536445167,"PLGRKT",0.67885273234666,0.0593151526382771,""
"TPD52L1",0.0207740799605478,9.83662967014631,0.130191942014803,0.897446889117442,0.966948415116763,-6.33008867056095,"TPD52L1",0.685264683538158,0.0469912435248255,""
"DBT",0.0205843703536193,12.9966769117167,0.244152529906232,0.809086956229608,0.929023724580952,-6.30862505678169,"DBT",0.658387912603933,0.0920048002897717,""
"FASTKD2",0.0204747744140388,11.8719100566247,0.235416261009947,0.815785769862798,0.934055503265636,-6.31073132164119,"FASTKD2",0.661953873490872,0.0884238745570022,""
"IVD",0.0203825703573237,12.6305386075004,0.134513151234866,0.894063980655385,0.965702434924289,-6.32951268442751,"IVD",0.684381672398223,0.0486314012808866,""
"CRKL",0.0203529989335482,13.1583378189588,0.336551508544185,0.739237916014858,0.900023732922083,-6.28168201284815,"CRKL",0.637835968160936,0.131215765957691,""
"HOMER3",0.019819196693458,10.6292578688487,0.0635043851546604,0.950055873976649,0.986517408630968,-6.17731613463072,"HOMER3",0.699132993303217,0.0222508525572821,""
"SDHB",0.0195114412377571,17.1571386330267,0.236938651595124,0.814617384820756,0.933503968371166,-6.31036977751203,"SDHB",0.66156300736088,0.0890463258346533,""
"TSFM",0.01894108653247,12.4972240103178,0.244642473996869,0.808711709691516,0.928965034058471,-6.30850467239467,"TSFM",0.658346319338268,0.0922062685035883,""
"COPS8",0.0188713670540785,12.8962579466257,0.318260157550927,0.752906720668363,0.905638030298798,-6.28769123707403,"COPS8",0.641814753021635,0.123258826200871,""
"AP1B1",0.0185678767561885,13.0735298584934,0.21809362276362,0.829110281743354,0.941827996398192,-6.31468174351082,"AP1B1",0.66746214566291,0.081387699163647,""
"LYRM7",0.0185632633579935,13.9425238192803,0.163251909893342,0.871620536424463,0.957864330492421,-6.32520444121713,"LYRM7",0.678826902289422,0.0596725458067455,""
"SYNPO2L",0.0180289236033708,14.1672598912099,0.174716318163495,0.862696838383248,0.955001216678292,-6.32325425610299,"SYNPO2L",0.676797848049196,0.0641417935643279,""
"COX7A2L",0.017937725546556,10.0721627473295,0.128228250807878,0.899175067669305,0.967589885663474,-6.24016261577669,"COX7A2L",0.685719285980562,0.0461557437275935,""
"MPI",0.0179347418801541,15.2958469910814,0.220335220688219,0.827383021065716,0.940984023164422,-6.3141874779463,"MPI",0.666864032007711,0.0822933956149421,""
"MT-CO2",0.0177763341989916,17.4612619490123,0.185260063748386,0.854506107679844,0.953744545942758,-6.32134418602875,"MT-CO2",0.675907260650288,0.0682848287628187,""
"DSC1",0.0175969602944743,15.5652098854624,0.0489786224945852,0.961321950919935,0.986897491612091,-6.33741822361672,"DSC1",0.699402353529374,0.0171311408518081,""
"FUCA1",0.0175687566147875,11.2636635931279,0.134665374196929,0.894639594474594,0.96573901234056,-6.06727785173313,"FUCA1",0.68440759437213,0.0483518849680718,""
"MCAM",0.0175335386716231,10.4765386495515,0.0912665244832659,0.928276000497469,0.980572749911131,-6.15908622747462,"MCAM",0.694920085341731,0.0323228775831538,""
"YTHDF3",0.0174029715710198,11.3123781068554,0.217666384635413,0.82943958929136,0.941827996398192,-6.31477537700744,"YTHDF3",0.66746214566291,0.0812152395284859,""
"KBTBD12",0.0173278590723189,9.27534705932663,0.0681691127473424,0.947104408799519,0.985342676522298,-5.78975352028528,"KBTBD12",0.698300474821254,0.0236021417295348,""
"MCCC2",0.0173142290235848,13.0686296853763,0.246283433477796,0.807455244565644,0.928965034058471,-6.30809972235517,"MCCC2",0.658346319338268,0.0928815402994502,""
"CMYA5",0.0172556100944128,13.484695965581,0.287685265120884,0.775937195576539,0.915777016947851,-6.29699211991184,"CMYA5",0.649000130616594,0.110173429152074,""
"HSP90B1",0.0172086008762591,14.3748624222308,0.213167030359764,0.832909529743467,0.943152395197462,-6.31575034924077,"HSP90B1",0.668400731124007,0.0794021689017146,""
"DPT",0.0171989405587691,11.690091552793,0.145499349230631,0.885520081470127,0.962784731977763,-6.30783477383276,"DPT",0.682313931498035,0.0528015856057247,""
"CCT5",0.0171674783792195,14.3429356769103,0.259445794716547,0.797396291501172,0.926363101516968,-6.30475412650188,"CCT5",0.656502361116954,0.0983257884683602,""
"SULT1A3",0.0169140616340417,11.218491578917,0.096208332122212,0.924146318180289,0.979426596722598,-6.31383615809776,"SULT1A3",0.6941078203959,0.0342592623864434,""
"NDUFS3",0.0167983717470861,16.6317183418991,0.204918511000885,0.839279782357634,0.945692142054368,-6.31748503781505,"NDUFS3",0.670200619100404,0.076093238600552,""
"SNAP29",0.0167298373318374,11.9847795276188,0.211937638712424,0.833858251070518,0.943481147875288,-6.31601321898264,"SNAP29",0.668633714183094,0.0789077695181392,""
"SERPINF1",0.0166394015809477,12.6899138454512,0.153673219932861,0.879089786518872,0.96104618013702,-6.32673261355404,"SERPINF1",0.681081840769784,0.0559667656562653,""
"UQCR10",0.0165810588986837,17.1160296601298,0.111362274379762,0.912210155212492,0.975762866141311,-6.33237928590538,"UQCR10",0.691511378705625,0.0399050972691666,""
"EGLN1",0.0165500111331269,10.4189280948942,0.0745825964561097,0.941317069928698,0.983294297040233,-6.17838713489264,"EGLN1",0.696848812979113,0.0262640657052348,""
"SF3B2",0.0164065204803148,11.950457407741,0.177145654408447,0.860808225918918,0.954685975598477,-6.32282406008596,"SF3B2",0.676574440496714,0.0650935915218712,""
"PRKAR1A",0.0161863331647876,15.7785430289233,0.230506143846819,0.819557071413908,0.93542435948716,-6.31188158913908,"PRKAR1A",0.66292396539111,0.0864207981189715,""
"VDAC3",0.0159608499977999,16.8090799723539,0.161215298334381,0.873207649799869,0.958488366268259,-6.32553707588847,"VDAC3",0.679269148919916,0.0588824682774676,""
"RNF114",0.0158209810793473,11.937945991567,0.143198130876539,0.887271086529324,0.96360125169174,-6.32829824669504,"RNF114",0.682892589174757,0.0519436705889838,""
"SETD3",0.0156252590430181,10.6180481834599,0.125957652611479,0.900763670389022,0.967974757905863,-6.33063485383625,"SETD3",0.685992040298435,0.0453891381096777,""
"H1-2",0.0155841450878782,13.0505014969346,0.182439197148509,0.856695862012092,0.953767053783168,-6.32186613884888,"H1-2",0.675923211685415,0.0671733308109017,""
"NT5C3A",0.0152159092547208,16.7663866582524,0.193756524929775,0.84791780605218,0.950769860520804,-6.31972381476967,"NT5C3A",0.673799136956787,0.0716462445688337,""
"GLRX3",0.0150143585220874,13.6431089973061,0.176639142135495,0.861201929000612,0.954685975598477,-6.32291424410309,"GLRX3",0.676574440496714,0.0648950060740693,""
"SMTN",0.0146400554171855,16.8283642051402,0.148160135242394,0.88339399399341,0.962334906472162,-6.32757036093299,"SMTN",0.681995145585649,0.0538455577427705,""
"ATE1",0.0142773681415811,11.2062575163014,0.153033933210263,0.879588702632211,0.96104618013702,-6.32683132278411,"ATE1",0.681081840769784,0.0557203573194321,""
"ADIPOQ",0.0141974327176637,14.0252712587999,0.150402089500369,0.881643194188411,0.961518277724237,-6.32723336737281,"ADIPOQ",0.681416410637883,0.0547071406586448,""
"USP48",0.0140943733759809,14.6688950118303,0.0577489066815086,0.954403515928149,0.986897491612091,-6.3369466012475,"USP48",0.699402353529374,0.0202679694368539,""
"PPME1",0.0140236464041177,13.2561263150466,0.248285191689579,0.805923232952538,0.92836655371462,-6.30760208848735,"PPME1",0.657922183534309,0.0937063243151417,""
"RANGAP1",0.0135765208103482,10.7829713839919,0.0882372195229779,0.930444289642884,0.981108658615345,-6.29117296526315,"RANGAP1",0.69529987737909,0.0313096251393342,""
"SRL",0.0134583701641837,17.9015666123487,0.267609310443814,0.791175318740403,0.923252631722311,-6.30259211535244,"SRL",0.654298008675637,0.101727269315376,""
"CENPV",0.0130688056768715,12.2691598778495,0.0976089407667551,0.923014013499747,0.979426596722598,-6.33382690775189,"CENPV",0.6941078203959,0.034791705323587,""
"EEF1B2",0.0130678018596289,14.7668814788128,0.150006774672736,0.881951861447657,0.961518277724237,-6.32729315495138,"EEF1B2",0.681416410637883,0.0545551188117078,""
"ETHE1",0.0125406832665913,13.1423903126341,0.139086872381088,0.890485616361905,0.965254075829508,-6.32888258509143,"ETHE1",0.684063925713505,0.0503730911194402,""
"SMAP",0.0121986513148684,7.73576563476315,0.0387331913439698,0.97002583436755,0.986897491612091,-5.74662045480353,"SMAP",0.699402353529374,0.0132166991627616,""
"RPL13A",0.0117666190278189,10.7106990698689,0.0425237688115379,0.966429597099555,0.986897491612091,-6.31758933062248,"RPL13A",0.699402353529374,0.0148297781639729,""
"RPN1",0.0113822063304614,13.7192287267804,0.163052073165731,0.871776243282286,0.957864330492421,-6.32523726441615,"RPN1",0.678826902289422,0.0595949700877657,""
"BPNT1",0.011322334777816,11.3559692831514,0.154127325256135,0.878735421733956,0.96104618013702,-6.3266622478274,"BPNT1",0.681081840769784,0.0561418668802462,""
"DRG2",0.0113186595422547,11.1436365668313,0.125448415516021,0.901162688352194,0.968040579017012,-6.33069932577393,"DRG2",0.686038686926318,0.0451967980602879,""
"TRIM72",0.0113062261170249,18.3372844108657,0.221767199395164,0.826280074245954,0.94010269662124,-6.31386909582716,"TRIM72",0.666239446512492,0.0828727201339958,""
"NDUFB4",0.0110359154108757,16.4863272596813,0.104207451025329,0.917828577119334,0.979179501819989,-6.33315613302827,"NDUFB4",0.693932707217582,0.0372384244229858,""
"MAP2K2",0.0109182047739136,11.5797956667753,0.137107478231056,0.892033958823791,0.965702434924289,-6.32915785835845,"MAP2K2",0.684381672398223,0.0496186121608077,""
"UBE2O",0.0108044750331668,11.2155954005134,0.131556093323721,0.89637873085004,0.966160753146376,-6.3299088673745,"UBE2O",0.684706476996388,0.0475084568938367,""
"PPP2CA",0.0108012432059059,11.5615031641292,0.0500128617737296,0.960505920295708,0.986897491612091,-6.3373666377739,"PPP2CA",0.699402353529374,0.0174999539216699,""
"PSMA3",0.0106243205872634,14.1435864954179,0.204281795212923,0.83977198238952,0.945692142054368,-6.31761610524404,"PSMA3",0.670200619100404,0.0758386189772004,""
"GPD1L",0.0103419348964966,15.0207673990441,0.180435531825258,0.858251959359984,0.953887922731843,-6.32223203132271,"GPD1L",0.676008870052054,0.0663851964215742,""
"CMPK1",0.0101956202401201,13.1542922856668,0.136188080955094,0.892753288274651,0.965702434924289,-6.32928437854482,"CMPK1",0.684381672398223,0.0492685414970891,""
"RPS5",0.0101611459295547,10.4441324875982,0.0803293269436386,0.936609046883,0.981891687932238,-6.33537578432718,"RPS5",0.695854800815184,0.0284416516015688,""
"RAB24",0.010111689559162,11.0150561889459,0.092033631508643,0.927398083339806,0.980572749911131,-6.33435950673713,"RAB24",0.694920085341731,0.0327338059987716,""
"EIF2B5",0.00969181446236078,12.2475658221576,0.159593198396434,0.874472125503565,0.958637586708084,-6.32579902831967,"EIF2B5",0.679374899646506,0.0582540294476553,""
"AK4",0.00964460617014495,11.6341455670243,0.0469261606970427,0.962991036030226,0.986897491612091,-6.26647352271965,"AK4",0.699402353529374,0.0163777554722753,""
"ARF1",0.00958420264487003,14.6711392554728,0.152873763636276,0.879713711116284,0.96104618013702,-6.32685598946817,"ARF1",0.681081840769784,0.0556586391128394,""
"CCT8",0.00945111054307368,14.4536266271246,0.148056378625732,0.883475034903219,0.962334906472162,-6.32758583452949,"CCT8",0.681995145585649,0.0538057182081047,""
"TMX4",0.0094430742177547,13.6598518289066,0.138162369643615,0.891208735864384,0.965672679390293,-6.32901164547731,"TMX4",0.684360585010036,0.0500205650797918,""
"RPL14",0.00921338039218789,12.3503975141296,0.0815175919017374,0.935673482740206,0.981891687932238,-6.33527889929178,"RPL14",0.695854800815184,0.0288756783812573,""
"CD99L2",0.00872818996425373,10.7609870293135,0.0741986617547525,0.941437386977809,0.983294297040233,-6.3358530539927,"CD99L2",0.696848812979113,0.0262085587001793,""
"CSRP1",0.00862164348466443,12.7076884684763,0.0895998070473325,0.929312630148384,0.980868692968631,-6.33458219323455,"CSRP1",0.69512981661847,0.0318381603788424,""
"CSPG4",0.00853492412984735,11.2170099737849,0.067562143575893,0.946766344196185,0.985342676522298,-6.23251675826378,"CSPG4",0.698300474821254,0.0237571888393565,""
"ACAD8",0.00830240476795829,12.626166817711,0.117528366568939,0.907371867317984,0.971433609164491,-6.33166846409837,"ACAD8",0.688443286482921,0.0422146899784919,""
"SCO1",0.00811951343746031,14.4038105347249,0.096972021919213,0.923514723337341,0.979426596722598,-6.33388933464312,"SCO1",0.6941078203959,0.0345561763328993,""
"SLC37A4",0.00804462969145625,11.0873744276045,0.0497914245877033,0.960680633964788,0.986897491612091,-6.33737777329903,"SLC37A4",0.699402353529374,0.0174209640053232,""
"PTRH2",0.00803382468573943,11.5782280710209,0.0979731125802412,0.922727736589222,0.979426596722598,-6.33379103036037,"PTRH2",0.6941078203959,0.0349264245859413,""
"DARS1",0.00802022004621961,12.4486072484084,0.159746607461854,0.874352523911343,0.958637586708084,-6.32577436751626,"DARS1",0.679374899646506,0.0583134319859567,""
"DNAJB4",0.00764102157589086,13.9477652338068,0.102921851263465,0.91883858184129,0.979179501819989,-6.33329025880069,"DNAJB4",0.693932707217582,0.0367607771590087,""
"LSM8",0.00753496945274712,11.9912670959037,0.0536053257717052,0.957671757898664,0.986897491612091,-6.33717907965263,"LSM8",0.699402353529374,0.0187833198992236,""
"CDH13",0.00751334715567964,14.2321310201875,0.0825307778534584,0.934875838993998,0.981891687932238,-6.33519516624851,"CDH13",0.695854800815184,0.029246064015546,""
"MYH13",0.00734421856336454,15.2533877338357,0.0461477994208612,0.963555730757175,0.986897491612091,-6.33755390768318,"MYH13",0.699402353529374,0.0161231612780153,""
"CDV3",0.00730479860799882,10.8973885247695,0.0611724796643982,0.951723563274779,0.986517408630968,-6.31661471140545,"CDV3",0.699132993303217,0.0214891780632083,""
"SLC25A11",0.00729853909497713,15.8288294666173,0.0951546507746393,0.924943614476558,0.979426596722598,-6.33406521718925,"SLC25A11",0.6941078203959,0.0338847414967289,""
"MLEC",0.00729252385247037,11.4756701909573,0.086186926788537,0.931998070960592,0.981840225342198,-6.33488441463555,"MLEC",0.695818329898094,0.0305849865430545,""
"RPLP0",0.00727448958257249,14.6022765296208,0.0997430890669121,0.921336502916864,0.979426596722598,-6.33361475502427,"RPLP0",0.6941078203959,0.0355817219542569,""
"HSPA8",0.00722831093585796,18.6151701612013,0.180293460858476,0.858362317533609,0.953887922731843,-6.32225782212479,"HSPA8",0.676008870052054,0.0663293563338507,""
"ANKRD2",0.00714704512627407,17.5847735211952,0.0431905274061996,0.965889614147875,0.986897491612091,-6.33768702936064,"ANKRD2",0.699402353529374,0.0150725037146749,""
"CDNF",0.00698469646702371,13.1049215414782,0.0812154274320394,0.935911378921662,0.981891687932238,-6.33530367104732,"CDNF",0.695854800815184,0.028765272487787,""
"UBXN1",0.00674055272869722,14.1071975754977,0.0742426999203969,0.941402695385918,0.983294297040233,-6.33584976061474,"UBXN1",0.696848812979113,0.0262245625733382,""
"CYFIP1",0.00656015762209528,12.3563089281921,0.0525527300073517,0.958519092633326,0.986897491612091,-6.31710875547909,"CYFIP1",0.699402353529374,0.0183992320371276,""
"UQCRFS1",0.00648719469646508,17.1684238454125,0.103912971225427,0.918059916698606,0.979179501819989,-6.33318700279167,"UQCRFS1",0.693932707217582,0.0371289738723736,""
"ATP5MF",0.0064128605407312,18.0189532839549,0.063687883393465,0.949720590813808,0.986517408630968,-6.33658322923029,"ATP5MF",0.699132993303217,0.022404145991228,""
"PDPR",0.00617206810872695,13.0824896647604,0.0620438824523258,0.951016720201965,0.986517408630968,-6.33668737271204,"PDPR",0.699132993303217,0.0218118474920121,""
"GNL1",0.00584018556127042,10.4513437105067,0.0497094760450695,0.960761350066118,0.986897491612091,-6.3172552957047,"GNL1",0.699402353529374,0.0173844762448598,""
"TIMM8A",0.00569750940769964,13.9942849803561,0.0716194471570701,0.943469397339029,0.984340477893577,-6.33604253241323,"TIMM8A",0.697590228736337,0.0252721821787928,""
"VCP",0.00564503719361475,15.2909013362012,0.0905469757680412,0.928567495903283,0.980572749911131,-6.33449623943238,"VCP",0.694920085341731,0.0321865226910691,""
"DIABLO",0.00558946354467338,13.9182675771474,0.0761231084413015,0.93992149196786,0.983144159116747,-6.33570731267833,"DIABLO",0.696742412042914,0.0269084198354517,""
"ECM1",0.00555409788582395,10.9769758692448,0.0381993888598523,0.969943837907076,0.986897491612091,-6.16039618615779,"ECM1",0.699402353529374,0.0132534117061067,""
"FDPS",0.00531468383009681,13.5052985038426,0.0795381297477211,0.937232036723289,0.981891687932238,-6.33543950591782,"FDPS",0.695854800815184,0.028152874647904,""
"FLG",0.00523697571318849,13.622877715459,0.0130930359388727,0.989656537643453,0.997312108609753,-6.338540618625,"FLG",0.706783067029185,0.00451550205598583,""
"COPE",0.00510865785175874,11.907078598414,0.0769495337467807,0.939270583666947,0.982863372338794,-6.33564358143148,"COPE",0.696543421838755,0.0272092788038157,""
"SCFD1",0.00505073461742001,13.1149591817079,0.0700627617450652,0.944696007251337,0.984455232903442,-6.33615364986703,"SCFD1",0.697671554228256,0.0247079201813998,""
"TXNDC9",0.0048638174480562,9.23085378639995,0.0384173573655678,0.969669655930318,0.986897491612091,-6.3177568541331,"TXNDC9",0.699402353529374,0.0133761946427227,""
"CDC42",0.00477614334798915,13.7159165295376,0.0962777496292929,0.92406055783569,0.979426596722598,-6.33395691778364,"CDC42",0.6941078203959,0.0342995665806714,""
"CSNK1A1",0.00462053615903635,11.0305462883279,0.0387134158595091,0.969423539956382,0.986897491612091,-6.3378717978953,"CSNK1A1",0.699402353529374,0.0134864387611478,""
"CRK",0.00459837589164813,11.2151592858905,0.0468674803415512,0.962987806806034,0.986897491612091,-6.33752017809467,"CRK",0.699402353529374,0.016379211806287,""
"USP9X",0.00435301419653555,12.2440942170213,0.0840932206378724,0.933645921874371,0.981891687932238,-6.33506401461917,"USP9X",0.695854800815184,0.0298177954308085,""
"RPS16",0.00433707534022432,13.0772652924945,0.0471026847963194,0.962802203515782,0.986897491612091,-6.33750904152341,"RPS16",0.699402353529374,0.0164629244484724,""
"SF3B3",0.00423443505193966,11.6357280687111,0.0466113225390362,0.963189947109972,0.986897491612091,-6.33753224336638,"SF3B3",0.699402353529374,0.0162880588286197,""
"MRPS36",0.00406257333294491,14.7941632125688,0.0344831450255812,0.972763212931755,0.986897491612091,-6.33802782143824,"MRPS36",0.699402353529374,0.0119928615117505,""
"UBA3",0.00382444038443275,12.1585976814002,0.0702610644435904,0.944539744344554,0.984455232903442,-6.3361396305177,"UBA3",0.697671554228256,0.0247797631139075,""
"CUTC",0.00334885872808854,14.2828130119898,0.0355685340066971,0.971906279837041,0.986897491612091,-6.33798950921848,"CUTC",0.699402353529374,0.0123756117321525,""
"ECPAS",0.00333890550169436,14.0680206408239,0.0618076342568258,0.951202989520929,0.986517408630968,-6.33670211473006,"ECPAS",0.699132993303217,0.0217267934499172,""
"PSMD3",0.00331162479468716,12.886041154957,0.0494591849688577,0.96094277437132,0.986897491612091,-6.33739438813453,"PSMD3",0.699402353529374,0.0173024744695974,""
"KIF5B",0.00328948049219413,13.5596549497457,0.078948569342717,0.937696283974367,0.981891687932238,-6.33548657815959,"KIF5B",0.695854800815184,0.0279378050676147,""
"EML1",0.00320061404947403,12.3713066230295,0.0488382825815513,0.961432684590961,0.986897491612091,-6.33742514045811,"EML1",0.699402353529374,0.0170811178052348,""
"RANBP2",0.00318070003373805,11.6512988775995,0.0416659060627016,0.967106424958248,0.986897491612091,-6.31762573204016,"RANBP2",0.699402353529374,0.0145257314714041,""
"DUSP3",0.00316190682157824,15.6119333043977,0.0557096367941917,0.956011888407548,0.986897491612091,-6.33706317745854,"DUSP3",0.699402353529374,0.0195367070568558,""
"PLCD4",0.00311885730855366,13.8562850742373,0.0597363329725614,0.952836221879662,0.986571030313263,-6.33682895766506,"PLCD4",0.699170994342956,0.0209817415930235,""
"SAR1A",0.00309871883771251,13.9560437036031,0.0473780245773029,0.962584931566611,0.986897491612091,-6.33749593378853,"SAR1A",0.699402353529374,0.0165609411094115,""
"CCT3",0.00309017089242403,13.9710204387224,0.0467175074161578,0.963106153755583,0.986897491612091,-6.3375272499821,"CCT3",0.699402353529374,0.0163258422113904,""
"NDUFB11",0.00304020970232344,13.2771303487768,0.036375126651078,0.971269483417467,0.986897491612091,-6.33796026911144,"NDUFB11",0.699402353529374,0.012660256267399,""
"ABCF2",0.0027544887084936,10.6849794010683,0.0176933466554238,0.986028357472543,0.994896581554459,-6.31834296181142,"ABCF2",0.705071212128504,0.00611059487952698,""
"SERPINB6",0.00265179392391168,14.5419477624114,0.0598315924636229,0.952761104587427,0.986571030313263,-6.33682321894972,"SERPINB6",0.699170994342956,0.021015980752658,""
"NAXE",0.00211658595406305,13.4667109780764,0.0351315692262281,0.972251266899938,0.986897491612091,-6.33800507602184,"NAXE",0.699402353529374,0.0122214822691695,""
"EHD2",0.0020418502692916,15.1674934826831,0.0234126633729523,0.981505267599342,0.992237776698312,-6.33835078487284,"EHD2",0.703186949183497,0.00810736526093048,""
"AK2",0.00202794326408196,14.4442602330224,0.0356602867262472,0.971833841063404,0.986897491612091,-6.33798621610023,"AK2",0.699402353529374,0.0124079820674074,""
"MTM1",0.00202180680648034,12.6545751018364,0.0283284919509345,0.977623016133144,0.990059209977947,-6.33822261793853,"MTM1",0.701643025215209,0.009828582406397,""
"CARM1",0.00173332997233899,12.4732472175189,0.0266202374360324,0.978972042989924,0.990958828804957,-6.33826991693788,"CARM1",0.702280574231432,0.00922971039152165,""
"CCT7",0.00171229697135189,13.7800860225045,0.0239662407737177,0.981068057549885,0.992237776698312,-6.33833756861413,"CCT7",0.703186949183497,0.00830086418667214,""
"HSPA2",0.00161112187942258,15.9465147667278,0.00861353478194783,0.993195216585075,0.998183555341185,-6.338589616113,"HSPA2",0.707400650820936,0.00296538075632647,""
"PPM1F",0.00105902899627175,10.7264383714381,0.00828419553035778,0.993480209980143,0.998183555341185,-6.16325295453423,"PPM1F",0.707400650820936,0.00284077956777714,""
"VPS25",0.000910294052848926,13.2840104317077,0.0105602326856931,0.991657358643907,0.998183555341185,-6.33857080738209,"VPS25",0.707400650820936,0.00363836106708765,""
"DUSP29",0.000641791645028533,14.6495052254479,0.00581717958673017,0.995404334578804,0.998183555341185,-6.33860995065197,"DUSP29",0.707400650820936,0.00200047241301511,""
"ACSS3",0.000557083078236431,11.5026281681407,0.00363346887114116,0.997129490896413,0.998183555341185,-6.33862035012707,"ACSS3",0.707400650820936,0.00124843895010211,""
"PRKG1",0.000367789322178069,13.397782640282,0.00560807983088447,0.995569524914532,0.998183555341185,-6.33861115450685,"PRKG1",0.707400650820936,0.00192840592043599,""
"THOP1",7.93222127359883e-05,11.2864650115564,0.00109527305689379,0.999134711777988,0.999134711777988,-6.33862639832133,"THOP1",0.708074723919843,0.000375952577211313,""
"HSPA5",-9.94389257940043e-05,16.0294964386791,-0.00166243568318026,0.998686642004373,0.999035223729331,-6.33862561016733,"HSPA5",0.708004217939263,0.000570759017820172,""
"PFDN4",-0.000184129220150098,11.7219506199161,-0.00181793432709974,0.998564381605692,0.999035223729331,-6.31849909035096,"PFDN4",0.708004217939263,0.000623929116061309,""
"PA2G4",-0.000284547808879765,12.4072744421525,-0.00426881618127072,0.996627557443185,0.998183555341185,-6.3386178201375,"PA2G4",0.707400650820936,0.0014671084553023,""
"HIKESHI",-0.000338122274055053,13.2303865337052,-0.00545988789542312,0.995686597749275,0.998183555341185,-6.3386119810148,"HIKESHI",0.707400650820936,0.00187733857094821,""
"LAMC1",-0.000343676434344076,13.5470486933932,-0.00476327949295642,0.996236925330321,0.998183555341185,-6.33861556964607,"LAMC1",0.707400650820936,0.0016373652637408,""
"OGDH",-0.000400476048572074,18.0452834727239,-0.00616178227090901,0.995132096398459,0.998183555341185,-6.33860787051313,"OGDH",0.707400650820936,0.00211926605917461,""
"LAMB2",-0.000477280189448592,13.8760422330935,-0.0036218099096194,0.997138701654505,0.998183555341185,-6.33862039275251,"LAMB2",0.707400650820936,0.00124442727160412,""
"HADHB",-0.000547391952938625,17.201187294573,-0.00647983879730389,0.994880830373984,0.998183555341185,-6.33860584441024,"HADHB",0.707400650820936,0.00222893715430272,""
"DGLUCY",-0.000638111818981102,15.0585529967673,-0.00460734726210766,0.996363213934839,0.998183555341185,-6.2964992309177,"DGLUCY",0.707400650820936,0.00158231513796594,""
"CHORDC1",-0.000882544032684507,11.5470037082918,-0.00960797954951257,0.992409618551344,0.998183555341185,-6.3385804851038,"CHORDC1",0.707400650820936,0.00330903514597019,""
"RPN2",-0.000915888217972949,12.2310983075278,-0.00903388551995451,0.992863144237432,0.998183555341185,-6.33858587804855,"RPN2",0.707400650820936,0.00311061031489615,""
"AHSG",-0.00102135120610924,13.8548165297125,-0.00699641582829632,0.994472733455629,0.998183555341185,-6.33860233641806,"AHSG",0.707400650820936,0.00240711990213762,""
"USP14",-0.00104623941378534,13.9761491616236,-0.0174458554542606,0.986218139635806,0.994896581554459,-6.33847363404622,"USP14",0.705071212128504,0.00602701369771862,""
"PRKACA",-0.00114214516598388,15.2041888485681,-0.0226032835763882,0.982144518458849,0.992533917455241,-6.3383695523741,"PRKACA",0.703396820567438,0.00782460289402127,""
"AKT1S1",-0.00131795611321373,11.0918986825236,-0.00981825905833032,0.992257951629135,0.998183555341185,-6.25619462562375,"AKT1S1",0.707400650820936,0.00337541211359995,""
"FABP5",-0.00134512453473334,14.5427915006305,-0.005982421523342,0.995273792388287,0.998183555341185,-6.33860896813037,"FABP5",0.707400650820936,0.00205743164947885,""
"SRCIN1",-0.001438543939285,11.6177417329582,-0.00703143559807253,0.994503134592247,0.998183555341185,-5.9701828831819,"SRCIN1",0.707400650820936,0.00239384367683,""
"COPS6",-0.00152781508140265,13.1207168514437,-0.021545263900516,0.982980164190448,0.993028251875159,-6.33839308967389,"COPS6",0.703747149410767,0.00745524581949178,""
"COPS4",-0.00166369197333971,14.0050713052958,-0.0362996983737953,0.971329032433434,0.986897491612091,-6.33796303127815,"COPS4",0.699402353529374,0.0126336302725429,""
"LUM",-0.00172895895824965,15.4181578289576,-0.0134121009669233,0.989404492674959,0.997312108609753,-6.33853635713706,"LUM",0.706783067029185,0.00462612192866597,""
"COPS5",-0.00198894792610282,14.0322624111548,-0.0416483431185129,0.967106832525753,0.986897491612091,-6.33775295499977,"COPS5",0.699402353529374,0.014525548446789,""
"MT-CO3",-0.00208937221361971,11.4316647447257,-0.0167243245649634,0.986788077485872,0.99512126322115,-6.33848605778004,"MT-CO3",0.705230441316757,0.00577610635840221,""
"PSMD6",-0.00237628497354336,12.9466772599228,-0.0337930138277824,0.973308100678366,0.98708457768726,-6.33805156441627,"PSMD6",0.699534939175196,0.0117496620502112,""
"PANK4",-0.00256808872842385,13.3410537864639,-0.0522078937306243,0.958774152980419,0.986897491612091,-6.3372535830528,"PANK4",0.699402353529374,0.0182836823660468,""
"FBP2",-0.00259223411410403,17.5508692116795,-0.0237915066931174,0.981206060183333,0.992237776698312,-6.33834177361862,"FBP2",0.703186949183497,0.00823977814191228,""
"AHCY",-0.00262911888694539,14.6105007051858,-0.0435800452060437,0.965582187953315,0.986897491612091,-6.33766999909161,"AHCY",0.699402353529374,0.0152107542455623,""
"KLHL31",-0.00263860299033603,12.3333395686826,-0.0385399917746832,0.969560442359296,0.986897491612091,-6.33787854870267,"KLHL31",0.699402353529374,0.0134251118406722,""
"AS3MT",-0.002682156434064,12.4067938096359,-0.0177547002373396,0.985974185146106,0.994896581554459,-6.33846815582687,"AS3MT",0.705071212128504,0.00613445564232125,""
"SND1",-0.00271293998057587,12.1664527610445,-0.0385648651709513,0.969540807036601,0.986897491612091,-6.33787758232789,"SND1",0.699402353529374,0.0134339071651036,""
"CFL2",-0.0030110920631401,17.580086187938,-0.0605821757636961,0.952169244437166,0.986571030313263,-6.33677768179679,"CFL2",0.699170994342956,0.0212858505730633,""
"HNRNPA1",-0.00317661050100249,14.5286450614661,-0.0361774842176328,0.971425518262449,0.986897491612091,-6.33796749456343,"HNRNPA1",0.699402353529374,0.0125904922825764,""
"UBE2G1",-0.00332208646932841,14.2679493089095,-0.0444056094178462,0.964930630937537,0.986897491612091,-6.3376333988864,"UBE2G1",0.699402353529374,0.0155039070540524,""
"ARPC2",-0.00358938806101072,12.4145436566167,-0.0469337542557065,0.962935508871178,0.986897491612091,-6.3375170457663,"ARPC2",0.699402353529374,0.0164027981083413,""
"SNU13",-0.00360825774980356,11.3120845715381,-0.026327962368705,0.979202862238534,0.990958828804957,-6.33827771498148,"SNU13",0.702280574231432,0.00912732574121774,""
"SUGT1",-0.00388079515323625,11.5197453930326,-0.0505086037538341,0.960114787784678,0.986897491612091,-6.33734152903933,"SUGT1",0.699402353529374,0.0176768412090627,""
"IAH1",-0.00414112848238624,12.9243895995776,-0.0432212104239925,0.965865397437791,0.986897491612091,-6.33768569340259,"IAH1",0.699402353529374,0.0150833924490087,""
"UBE2A",-0.00418601965538024,11.7490316795424,-0.0344627961133918,0.97277927906635,0.986897491612091,-6.33802852838051,"UBE2A",0.699402353529374,0.0119856887734231,""
"DRG1",-0.00428452131930968,10.0924529313182,-0.0323388851522829,0.974456239638876,0.987550064641095,-6.33810002063858,"DRG1",0.699864824167119,0.0112376591734368,""
"ITIH2",-0.00429916089820459,12.2854370658036,-0.0331719219208966,0.973798490289331,0.98723256921444,-6.33807252187228,"ITIH2",0.699639818986212,0.0115309030901051,""
"RPS26",-0.00435867339663787,12.1190192315162,-0.0419952377467976,0.96686131080919,0.986897491612091,-6.29857292706424,"RPS26",0.699402353529374,0.0146358178197682,""
"PCBP2",-0.00447161766685333,13.0236611872052,-0.0827021551821187,0.934740926806339,0.981891687932238,-6.33518090084522,"PCBP2",0.695854800815184,0.0293087416934691,""
"PSMC1",-0.0045695248799511,12.6914257461326,-0.0720334421167755,0.943143208587015,0.984340477893577,-6.33601257025849,"PSMC1",0.697590228736337,0.025422358188457,""
"PSMD1",-0.00467229909164679,12.6099954265941,-0.0817440009923747,0.93549523328394,0.981891687932238,-6.33526027778441,"PSMD1",0.695854800815184,0.0289584210594877,""
"GUF1",-0.00497580861742719,10.4447423679387,-0.0388491297563315,0.969316406953125,0.986897491612091,-6.33786649387935,"GUF1",0.699402353529374,0.0135344361960444,""
"MYO1C",-0.00504335081623708,12.5949610703227,-0.0697361719299395,0.944953365567819,0.984455232903442,-6.33617665236298,"MYO1C",0.697671554228256,0.0245896238466205,""
"ACSF3",-0.00506047902428541,11.5991959067685,-0.0299801470681254,0.976448376698097,0.989219175544979,-6.11784869543284,"ACSF3",0.701047702940649,0.0103507122407364,""
"DLST",-0.0051065205375167,16.8929026412586,-0.0768993469133305,0.93931011054988,0.982863372338794,-6.33564747129453,"DLST",0.696543421838755,0.0271910029776029,""
"DMD",-0.00517433356640495,14.7583220258279,-0.069743271883239,0.944947770619246,0.984455232903442,-6.33617615343879,"DMD",0.697671554228256,0.0245921952565691,""
"GFER",-0.00523838045890734,12.0835621450689,-0.0572642545142353,0.954785743592189,0.986897491612091,-6.33697468623065,"GFER",0.699402353529374,0.0200940742960621,""
"CA3",-0.00529504347987952,20.2649032743264,-0.0910643927246313,0.928160473839539,0.980572749911131,-6.33444890332116,"CA3",0.694920085341731,0.0323769301627168,""
"ATP6V1A",-0.00544983471839622,12.9829515969396,-0.0964641991885107,0.923913968094861,0.979426596722598,-6.33393881572257,"ATP6V1A",0.6941078203959,0.0343684670062844,""
"SUCLG2",-0.00572590552956953,13.9271242186591,-0.0619340293681146,0.951103333248444,0.986517408630968,-6.33669423459872,"SUCLG2",0.699132993303217,0.0217722962890224,""
"CAMKV",-0.00581953776880795,9.58850919955235,-0.0205259925547179,0.98381543856102,0.993521862902003,-6.23460405805242,"CAMKV",0.704096965594147,0.00708636654061211,""
"PDHX",-0.00609136444089131,14.4324348855839,-0.0949685485203731,0.925089950219147,0.979426596722598,-6.33408304022224,"PDHX",0.6941078203959,0.0338160370074087,""
"A2M",-0.00609314656096061,13.5971475511524,-0.0545669666426525,0.956913196016697,0.986897491612091,-6.3371266674778,"A2M",0.699402353529374,0.0191274563723375,""
"NDUFA6",-0.00611336187508371,14.3703582471852,-0.0628364611523598,0.950391834234227,0.986517408630968,-6.33663750465435,"NDUFA6",0.699132993303217,0.022097303804644,""
"CHMP4B",-0.00615263362226237,9.75170096910483,-0.0409784697975603,0.967695934419261,0.986897491612091,-6.2528745786728,"CHMP4B",0.699402353529374,0.014261083547414,""
"HINT2",-0.00635661969545609,13.1427786820195,-0.0914995144161501,0.927818204135791,0.980572749911131,-6.33440888738265,"HINT2",0.694920085341731,0.0325371107155536,""
"EIF4E3",-0.00639995449170172,11.4780911958236,-0.065058350638969,0.948640222883606,0.986145403984191,-6.33649433269943,"EIF4E3",0.698869358095213,0.0228984649613428,""
"PDCD5",-0.00646455766968046,13.3211431120389,-0.0960910696770434,0.924207331455144,0.979426596722598,-6.33397500715258,"PDCD5",0.6941078203959,0.0342305906778586,""
"PPP2R2A",-0.00655874138367096,13.577204701799,-0.0938757702094253,0.925949276650946,0.979974382157168,-6.33418699225761,"PPP2R2A",0.694496029328868,0.0334128032467437,""
"CAST",-0.00659469935835943,13.678892672302,-0.0679396298783446,0.94636917936775,0.985342676522298,-6.33630126614202,"CAST",0.698300474821254,0.023939411922468,""
"RPS24",-0.00670783155702814,10.1504608424643,-0.0428628408736599,0.966148244296538,0.986897491612091,-6.33770123787771,"RPS24",0.699402353529374,0.0149562309961066,""
"SNX21",-0.00676415135685815,10.0846539686464,-0.0357053754952351,0.971905275098638,0.986897491612091,-6.17517162926792,"SNX21",0.699402353529374,0.0123760606978389,""
"ORM2",-0.00694753655518277,15.0245387728369,-0.0496804389535292,0.960768202248383,0.986897491612091,-6.33738333590466,"ORM2",0.699402353529374,0.0173813788530519,""
"ACTR2",-0.0069611400393601,11.9695977964492,-0.0660706418973886,0.947842276731999,0.985673427109546,-6.33642745472851,"ACTR2",0.698534873774659,0.0232639243115019,""
"COPS3",-0.00703686077958032,13.9530773133174,-0.126530327872865,0.900314976569483,0.967855484939287,-6.33056203870282,"COPS3",0.685907512985067,0.0456055253887677,""
"PPCDC",-0.00714582836529409,9.16622191605355,-0.0477172422805085,0.962433594088001,0.986897491612091,-6.18004257398188,"PPCDC",0.699402353529374,0.0166292261997882,""
"TTR",-0.00740320567057928,13.7604995003408,-0.0545928806264902,0.956892755108325,0.986897491612091,-6.33712524220043,"TTR",0.699402353529374,0.0191367335654678,""
"PSMC2",-0.00770365895220593,12.9774604955416,-0.131614964955593,0.896332637630743,0.966160753146376,-6.32990106561949,"PSMC2",0.684706476996388,0.0475307895806819,""
"ENOPH1",-0.00773259551234418,13.3973286699244,-0.120299906629663,0.905198324906206,0.970556827228278,-6.33133650163102,"ENOPH1",0.687821921695867,0.0432562583901599,""
"PDHA1",-0.00820552849311085,17.7694625712509,-0.113149881080129,0.910807127344998,0.974747284156372,-6.33217714999245,"PDHA1",0.690791647997517,0.040573579556135,""
"NEU3",-0.00822476703124586,10.6894126601699,-0.0552178064345882,0.956417666564788,0.986897491612091,-6.31696400153199,"NEU3",0.699402353529374,0.0193524103681204,""
"MIPEP",-0.00833107440416647,10.8957540771055,-0.053609140644297,0.957829575123741,0.986897491612091,-6.17661324365687,"MIPEP",0.699402353529374,0.0187117572759318,""
"DDOST",-0.0084173899908464,13.7583613456904,-0.0835850179228434,0.934045948464533,0.981891687932238,-6.33510694296429,"DDOST",0.695854800815184,0.0296317590228358,""
"PDXK",-0.0085562505670147,11.7581074259105,-0.0906312434535177,0.92850120602353,0.980572749911131,-6.33448854854169,"PDXK",0.694920085341731,0.0322175278218593,""
"SETD7",-0.00866320602693627,12.298727711134,-0.0957252143336917,0.924494986304293,0.979426596722598,-6.33401035694534,"SETD7",0.6941078203959,0.0340954397522757,""
"TIMM8B",-0.00888781547033801,11.7822657974283,-0.0611366642206275,0.951751791648509,0.986517408630968,-6.31661691907739,"TIMM8B",0.699132993303217,0.0214762969645238,""
"ISOC1",-0.0089850131004976,11.3157004756569,-0.107402216659351,0.915319288434217,0.978115242599727,-6.332815622091,"ISOC1",0.69317847953969,0.0384273856961823,""
"MRPL39",-0.00920734395108092,11.8080568475636,-0.0952266948701703,0.924886965556598,0.979426596722598,-6.3340583081571,"MRPL39",0.6941078203959,0.0339113410281864,""
"EMC1",-0.00931044206729048,11.5132611146064,-0.0791230191895265,0.93755891171373,0.981891687932238,-6.33547268603252,"EMC1",0.695854800815184,0.0280014337566648,""
"TNPO1",-0.00943403904807738,11.7321380579639,-0.106135240727581,0.91631431325216,0.978813575020756,-6.33295189056553,"TNPO1",0.693673379306854,0.0379555295019075,""
"NXN",-0.00973592473010498,13.0013942792763,-0.147161463993752,0.88417407712394,0.962334906472162,-6.32771884720343,"NXN",0.681995145585649,0.0534622222135242,""
"DLAT",-0.00975138184290358,17.3267665266814,-0.166059824041107,0.869433253614816,0.957864330492421,-6.32473899931106,"DLAT",0.678826902289422,0.0607637531660788,""
"DCTN4",-0.0098829829276692,12.575201081747,-0.10477418501906,0.917383378892156,0.979179501819989,-6.33309647774835,"DCTN4",0.693932707217582,0.0374491326592481,""
"NDUFS5",-0.00988346262531969,15.3297620537218,-0.102654738687054,0.919048450766144,0.979179501819989,-6.33331791775469,"NDUFS5",0.693932707217582,0.036661592699065,""
"PLN",-0.0100891591846537,12.8562194581189,-0.0427960516231321,0.966200958900885,0.986897491612091,-6.33770412059208,"PLN",0.699402353529374,0.0149325358360894,""
"RPL18A",-0.010427498382084,12.2777759000637,-0.0807163382225963,0.936304328593408,0.981891687932238,-6.33534438554597,"RPL18A",0.695854800815184,0.0285829688398407,""
"GDI1",-0.0105419267761526,12.8028921630822,-0.140352819189748,0.889495585917413,0.964545724267615,-6.3287044651534,"GDI1",0.683561925502009,0.0508562027419074,""
"TF",-0.0105744487731698,16.7411777379511,-0.089320681707456,0.929532229624146,0.980868692968631,-6.33460735102705,"TF",0.69512981661847,0.0317355473603382,""
"BAG6",-0.0106673343125312,12.5926273128996,-0.119012116242757,0.906208164316347,0.971276215007723,-6.33149170849597,"BAG6",0.688331743141681,0.0427720294426798,""
"PDAP1",-0.0107742441844696,13.702705037586,-0.12158655735031,0.904189541504494,0.969838033664626,-6.33117976591469,"PDAP1",0.687312521363621,0.0437405206297002,""
"PSMD11",-0.010799893231173,13.5679150489822,-0.235736356256532,0.815540071057939,0.934055503265636,-6.31065549660088,"PSMD11",0.661953873490872,0.088554695308186,""
"PIN4",-0.0108247203929928,11.8020195840946,-0.0871072557438586,0.931273823613489,0.981622206133232,-6.33480407145114,"PIN4",0.695663822313304,0.0309226040889815,""
"TLN1",-0.010828733367152,13.1608326427337,-0.177748128881408,0.860339980875019,0.954685975598477,-6.32271645470266,"TLN1",0.676574440496714,0.0653298945235049,""
"NDUFA5",-0.0108486557659493,15.86167904223,-0.133326329473411,0.894992897056527,0.965756642682231,-6.32967274973425,"NDUFA5",0.684420088782708,0.0481804113672125,""
"ILF3",-0.0108591012238239,10.8083991497451,-0.10328648416771,0.918752470277943,0.979179501819989,-6.22593266778766,"ILF3",0.693932707217582,0.0368014802052863,""
"SMYD1",-0.0109413439879251,15.6991052803337,-0.174590705111878,0.862794515105664,0.955001216678292,-6.32327633902135,"SMYD1",0.676797848049196,0.0640926244259083,""
"ANXA11",-0.0111020526799646,14.4817661835151,-0.185284668068971,0.8544870132819,0.953744545942758,-6.32133959828982,"ANXA11",0.675907260650288,0.068294533414711,""
"PAM16",-0.011331852729958,11.7775120045141,-0.123823799078327,0.902435849783422,0.969045015166462,-6.33090326669384,"PAM16",0.686750518715198,0.0445836604198392,""
"UGGT1",-0.0113319813644033,12.9027443453165,-0.186762309909754,0.853340442530424,0.953744545942758,-6.32106296229593,"UGGT1",0.675907260650288,0.0688776712763212,""
"STX4",-0.01144797659747,11.3707845124112,-0.13603297167833,0.892874653837513,0.965702434924289,-6.32930563966382,"STX4",0.684381672398223,0.0492095052408992,""
"TNXB",-0.0117022302207648,12.1518230106983,-0.0967207414470791,0.923712274789121,0.979426596722598,-6.33391385128169,"TNXB",0.6941078203959,0.034463285198443,""
"AGK",-0.0117930153100687,11.5709116994134,-0.127276622423974,0.899730301916663,0.967589885663474,-6.33046665298782,"AGK",0.685719285980562,0.0458876527189997,""
"SSB",-0.0120727110632934,12.0161002165179,-0.170535884372106,0.865948730297069,0.956836117391973,-6.32398067074098,"SSB",0.678098220062043,0.062507820232316,""
"BAG2",-0.0120804142121944,12.5367130122178,-0.176628853536699,0.861209926526886,0.954685975598477,-6.32291607330895,"BAG2",0.676574440496714,0.0648909730299183,""
"REXO2",-0.0121735923499457,10.8177179417848,-0.111283169057412,0.912437013698085,0.975762866141311,-6.2422081644827,"REXO2",0.691511378705625,0.0397971055536697,""
"HNRNPL",-0.0121884522487132,12.851770625078,-0.182142707463968,0.856926086354382,0.953767053783168,-6.32192053532729,"HNRNPL",0.675923211685415,0.0670566362714169,""
"WDR44",-0.0122427037230839,10.2174440875112,-0.0844400781949262,0.933372906677067,0.981891687932238,-6.33503456592298,"WDR44",0.695854800815184,0.0299448096769387,""
"RPRD1B",-0.0122793044333118,11.9273281116646,-0.100512844532382,0.920731540507295,0.979426596722598,-6.33353710966547,"RPRD1B",0.6941078203959,0.0358669794360513,""
"PDHB",-0.0122956705541704,17.7816088536563,-0.178607994953385,0.859671780495518,0.954685975598477,-6.32256224653105,"PDHB",0.676574440496714,0.0656673291373133,""
"ASPA",-0.012316368527955,15.0716714766309,-0.110187209498165,0.913132579548435,0.976142474071546,-6.33251040625604,"ASPA",0.691780402268945,0.0394661618018209,""
"TM9SF3",-0.0123648822093365,10.0613776115822,-0.0539911295676289,0.957890460372092,0.986897491612091,-5.92877566374352,"TM9SF3",0.699402353529374,0.0186841518566563,""
"PTER",-0.0125037766829035,10.2295261410572,-0.0414364527727884,0.967398318356135,0.986897491612091,-6.1771976364803,"PTER",0.699402353529374,0.0143946718879045,""
"SPAG9",-0.0125137859009623,11.7579295437694,-0.169886877013181,0.866453800045611,0.956938956042667,-6.32409187200756,"SPAG9",0.67817110057389,0.0622545892341607,""
"BLVRA",-0.0126002546150303,13.4450559205281,-0.1860536596968,0.853890276222038,0.953744545942758,-6.32119590534201,"BLVRA",0.675907260650288,0.0685979319957828,""
"STEAP4",-0.012624249603558,9.07489688636263,-0.0414912388141229,0.967523744878966,0.986897491612091,-5.99927716763331,"STEAP4",0.699402353529374,0.0143383677629364,""
"CPNE3",-0.0129860635093078,11.2551425081136,-0.128943633037041,0.898424513243035,0.967274475940848,-6.33025156511813,"CPNE3",0.685495758912954,0.0465184069904252,""
"NDUFB6",-0.0131500085466207,13.0396173042379,-0.159324600605421,0.874681538465331,0.958637586708084,-6.32584214899243,"NDUFB6",0.679374899646506,0.0581500398485227,""
"TMEM65",-0.013435993427791,10.810975991709,-0.0840037285190629,0.934021562833485,0.981891687932238,-6.11449001385381,"TMEM65",0.695854800815184,0.0296430975263305,""
"EEF2",-0.0135195839113287,16.4907572817842,-0.269369676857321,0.789835669950149,0.922816563423207,-6.30211717549223,"EEF2",0.653988972329628,0.102463256883709,""
"STX12",-0.0136134932925422,11.3957235587176,-0.0982450093398369,0.922659273591799,0.979426596722598,-6.24885285793727,"STX12",0.6941078203959,0.0349586488314194,""
"LARS2",-0.0140148523049888,10.1135961475007,-0.123460887886232,0.902803982916527,0.969051609388756,-6.29177849844119,"LARS2",0.686755191961032,0.0444065336052924,""
"RNF123",-0.0140347540456123,12.0878613785878,-0.192128066251921,0.849179683948899,0.95105469878763,-6.32003999117695,"RNF123",0.674000998402263,0.0710004045842655,""
"EIF3I",-0.0140656416693101,11.9063303953758,-0.208218107857948,0.836730168980475,0.945237944145858,-6.31679930740905,"EIF3I",0.669878734518794,0.0774145718944879,""
"GNB2",-0.0141349395271071,13.2381830980749,-0.248857558535069,0.805485326597846,0.92836655371462,-6.30745906213858,"GNB2",0.657922183534309,0.0939423666484009,""
"TRIM54",-0.0141895117251956,13.4574181853686,-0.151006701376882,0.881171141800542,0.961518277724237,-6.32714162181647,"TRIM54",0.681416410637883,0.0549397343560477,""
"FMC1",-0.0143992384318867,12.0987686052033,-0.0801177655917489,0.936775626589763,0.981891687932238,-6.3353928848413,"FMC1",0.695854800815184,0.0283644174396169,""
"TMEM70",-0.0145244018409745,12.8226062278499,-0.088608289979416,0.930186516236934,0.981108658615345,-6.27050609967043,"TMEM70",0.69529987737909,0.0314299602086536,""
"NDUFB1",-0.0145817514317415,14.2987132249576,-0.156068128618329,0.877221191256922,0.959952628538503,-6.32635917598376,"NDUFB1",0.680306853936594,0.0568908855047947,""
"SNX2",-0.0146053374605479,12.0587149446995,-0.263958076035418,0.793956010543966,0.92423961259911,-6.30356733361174,"SNX2",0.654997470123243,0.100203559168937,""
"PFKFB1",-0.0154106658305313,13.1450784740228,-0.218962243181263,0.828440862810668,0.941813372794675,-6.31449081277477,"PFKFB1",0.667451782091411,0.0817384876932293,""
"PARP1",-0.0158193971441438,12.7590227424227,-0.204303203775084,0.839755431860566,0.945692142054368,-6.31761170491291,"PARP1",0.670200619100404,0.0758471782937516,""
"STBD1",-0.0160779346962006,15.2133832469141,-0.254212659311877,0.80139139904945,0.928060127709677,-6.30610502562453,"STBD1",0.657705023119107,0.0961553229532412,""
"ATP2A2",-0.0162774967363859,13.9296024628957,-0.0836120077194801,0.934024703276037,0.981891687932238,-6.33510466965076,"ATP2A2",0.695854800815184,0.0296416373088876,""
"SKP1",-0.0163867591523381,13.487748278185,-0.156381923564067,0.876976410481831,0.959952628538503,-6.32630981895939,"SKP1",0.680306853936594,0.0570120884302609,""
"CPA3",-0.0163979720749978,13.4019218167,-0.0859737667045112,0.932165824548541,0.981840225342198,-6.33490290151448,"CPA3",0.695818329898094,0.0305068233966292,""
"TMPO",-0.0164125219476006,10.6218407880105,-0.127347305077717,0.89967492950687,0.967589885663474,-6.33045758982508,"TMPO",0.685719285980562,0.0459143814753802,""
"DDX39B",-0.0164288776987878,14.4530272880304,-0.251541430741526,0.803432815010574,0.928311307401431,-6.3067840301881,"DDX39B",0.657883031138243,0.0950504341341285,""
"NAP1L4",-0.0165913683704737,15.5501681422994,-0.283481275486952,0.779120789102959,0.917780592506815,-6.29819808597482,"NAP1L4",0.650420040458623,0.108395207315463,""
"PUS1",-0.0168593933777501,11.5650758427278,-0.102320074965616,0.920690291094579,0.979426596722598,-5.78682415208184,"PUS1",0.6941078203959,0.0358864365664272,""
"PPIE",-0.0169122277960305,11.0157059697647,-0.196592339978766,0.845721346998146,0.949035779364403,-6.31916687178725,"PPIE",0.672570214548628,0.0727727071685852,""
"XPNPEP1",-0.0172466438341807,13.5806753741251,-0.307236698485008,0.761184537355256,0.910616728441625,-6.29115195301366,"XPNPEP1",0.645343096368539,0.118510042520454,""
"CD9",-0.0175823214352206,17.162098778488,-0.235037653653688,0.816076406202775,0.934055503265636,-6.31082087479036,"CD9",0.661953873490872,0.0882691779632847,""
"SH3GLB1",-0.0176275530777357,13.2851745809854,-0.250465740427211,0.804255285630305,0.928311307401431,-6.30705544662654,"SH3GLB1",0.657883031138243,0.0946060761984119,""
"JPT2",-0.0176720532718377,10.575221969527,-0.170435525318478,0.866026827813949,0.956836117391973,-6.32399789396264,"JPT2",0.678098220062043,0.0624686541823154,""
"CAND2",-0.0177113918630187,14.9852190988353,-0.321146175361407,0.750744451541256,0.904771498780818,-6.28676521434398,"CAND2",0.641200652582397,0.124507868817852,""
"GPX4",-0.0178465710032043,14.0090279449575,-0.294137788655525,0.771058609221307,0.914790707141316,-6.29510683583805,"GPX4",0.648301144748393,0.11291260937577,""
"RCN1",-0.017884722370896,12.3248995678258,-0.204846302900255,0.839335597996312,0.945692142054368,-6.3174999222294,"RCN1",0.670200619100404,0.0760643571495963,""
"COQ6",-0.0180082567751381,14.1450340420441,-0.271832136063815,0.787962830053594,0.921379629103876,-6.30144762027904,"COQ6",0.652970634302276,0.103494268656833,""
"COPS2",-0.0181965562802056,13.9617411915941,-0.431349904981814,0.669876848886661,0.868325214341552,-6.24522216538658,"COPS2",0.615371610224021,0.174005031276689,""
"DDAH1",-0.0183033670057444,15.5298285967175,-0.117942203418008,0.907047274280114,0.971433609164491,-6.33161938742536,"DDAH1",0.688443286482921,0.0423700774118396,""
"OPLAH",-0.0185042252677903,12.8697056938389,-0.3547671140416,0.72571197925835,0.893807706297564,-6.27536719062419,"OPLAH",0.633430745037217,0.139235708001743,""
"ALDH5A1",-0.0186247388500451,14.4028273599991,-0.215674954264776,0.83097496673357,0.942520187059735,-6.31520940566256,"ALDH5A1",0.667952692839176,0.0804120592161665,""
"NUDT9",-0.018797850228081,12.540017679041,-0.22940632361654,0.820402418150984,0.936016453192962,-6.31213592933932,"NUDT9",0.663343575061685,0.085973068210935,""
"PKIA",-0.0187996851194931,12.0622210201542,-0.17694280284201,0.860965894476451,0.954685975598477,-6.32286020853114,"PKIA",0.676574440496714,0.0650140519540657,""
"TGFBI",-0.018873184367969,12.94974849484,-0.21477770248971,0.83166696495488,0.942520187059735,-6.31540366143535,"TGFBI",0.667952692839176,0.0800505489948406,""
"CCT2",-0.0192851938403855,13.9446422211844,-0.28829443160287,0.775476216020082,0.915745708740649,-6.29681591032391,"CCT2",0.648977942867625,0.110431517527532,""
"C11orf68",-0.01953889780245,12.5682431870243,-0.249363762013911,0.8050980943983,0.92836655371462,-6.30733229603042,"C11orf68",0.657922183534309,0.0941512012961764,""
"CRADD",-0.0197270010643518,11.6762311612458,-0.156635710439586,0.876778449087226,0.959952628538503,-6.32626982827706,"CRADD",0.680306853936594,0.0571101335375377,""
"HLA-C",-0.0202774232084799,11.0988374870437,-0.0672198180535835,0.947180416545335,0.985342676522298,-6.13963757176791,"HLA-C",0.698300474821254,0.0235672897957958,""
"UCHL3",-0.020289289677871,14.4206807762518,-0.296178199869093,0.769517892461219,0.914360812518182,-6.29450203178799,"UCHL3",0.64799648361211,0.11378127770796,""
"PPIH",-0.0204632749105187,11.9442882462425,-0.201920897123912,0.841597604511769,0.947375779470044,-6.31809854606568,"PPIH",0.671393792637699,0.0748955093462305,""
"NUDT3",-0.0205388367133583,11.6990352608718,-0.167536519430553,0.868283374964806,0.957864330492421,-6.32449104361121,"NUDT3",0.678826902289422,0.0613385143408679,""
"GSS",-0.0205482677601712,13.0027691873141,-0.228929587780863,0.820768916925035,0.936061964149283,-6.31224580113384,"GSS",0.663375828127717,0.0857790989471065,""
"APOC3",-0.0205551395045767,9.60551836145764,-0.142020215878357,0.888288383450655,0.96360125169174,-6.28929585819521,"APOC3",0.682892589174757,0.0514460173194599,""
"EIF3C",-0.0207280325955388,11.6876019758394,-0.305954223293014,0.762149489835387,0.910616728441625,-6.29154671514917,"EIF3C",0.645343096368539,0.11795983674025,""
"VPS29",-0.0208938486821921,12.6512594960341,-0.273870209633246,0.786413741561817,0.920695172923271,-6.30088887718979,"VPS29",0.652485568459398,0.104348906375909,""
"PSMC6",-0.0210050042894583,13.3532349994553,-0.39720973188941,0.694552709981427,0.880791180002996,-6.25937701679745,"PSMC6",0.624206089789257,0.158294789832164,""
"TUBG1",-0.0211500620976874,10.8026241113006,-0.17381853223396,0.863513670865444,0.955001216678292,-6.28423711008008,"TUBG1",0.676797848049196,0.0637307824341864,""
"CALR",-0.0211720599265348,14.9338510335543,-0.353433338625883,0.726699360362139,0.894109415738042,-6.27584075098227,"CALR",0.633644562880048,0.138645222070832,""
"UBAP2L",-0.0214317760651106,11.474379387618,-0.180891697517487,0.85789763791616,0.953887922731843,-6.32214908447989,"UBAP2L",0.676008870052054,0.0665645279324205,""
"RPS23",-0.0214975366075194,11.1563414070181,-0.163721625685548,0.871254568578726,0.957864330492421,-6.32512713239646,"RPS23",0.678826902289422,0.0598549315873873,""
"MTX1",-0.0217289990957692,12.0512630767405,-0.337638827661207,0.738428074410353,0.900023732922083,-6.28131432141733,"MTX1",0.637835968160936,0.131691800159663,""
"ARMT1",-0.0219757063499468,12.8529843541779,-0.34411020603928,0.733614547872274,0.898001420398189,-6.27910163505181,"ARMT1",0.636402779657768,0.134532065017961,""
"NCSTN",-0.0220042658116508,11.8134161541238,-0.200234955699692,0.842901853496199,0.947451027534314,-6.31843964108724,"NCSTN",0.6714471200336,0.0742229911718119,""
"CAPN1",-0.0221718707208396,14.8452044237624,-0.388225973511499,0.70110486304414,0.882462247467943,-6.26291044260208,"CAPN1",0.625390355154023,0.154217020499135,""
"MAIP1",-0.0221811842374606,11.4630742888303,-0.272298231199474,0.787608484151415,0.921341190031818,-6.30132020496932,"MAIP1",0.652943392995359,0.103689614270464,""
"WARS1",-0.0223072475525932,14.749715078974,-0.27401994907805,0.786299963632281,0.920695172923271,-6.3008476621575,"WARS1",0.652485568459398,0.1044117444206,""
"LRRC47",-0.0223727478383484,12.8342830551502,-0.306621681176566,0.76164723603679,0.910616728441625,-6.29134146763153,"LRRC47",0.645343096368539,0.118246129599975,""
"RBM20",-0.0226692920195291,10.4249882642889,-0.183630451384827,0.856131100957864,0.953767053783168,-6.21430884969294,"RBM20",0.675923211685415,0.0674597259035014,""
"FAH",-0.0230516587370673,12.8162843574808,-0.189704941368325,0.851058099276102,0.952042354615654,-6.3205055325738,"FAH",0.674700938179664,0.070040790874602,""
"MYOM1",-0.0230966885135899,18.9272739817193,-0.345482137751556,0.732595497861574,0.897656561295968,-6.27862720066783,"MYOM1",0.636158382169904,0.135135754603884,""
"PFKM",-0.0234819506108579,18.6986821631526,-0.449114121476139,0.657182943632888,0.861678371967961,-6.23740252816358,"PFKM",0.610661073173172,0.182313716664614,""
"TFB2M",-0.0236196842971967,12.8680850620076,-0.0748236943572784,0.940945021130917,0.983294297040233,-6.33580612829351,"TFB2M",0.696848812979113,0.026435751404848,""
"MRPL47",-0.0237242845164847,10.1366079442658,-0.10593555571097,0.916856806376332,0.979028169550882,-6.13791842772232,"MRPL47",0.693825459863042,0.0376984866381472,""
"XRCC5",-0.0238366389987839,12.338339083282,-0.276077632923666,0.784736945557009,0.920695172923271,-6.30027902717344,"XRCC5",0.652485568459398,0.105275900246859,""
"MTHFD1",-0.0240574517611893,14.5749997203878,-0.542982383179582,0.591906364923459,0.829943073322228,-6.19094612014087,"MTHFD1",0.588170649647496,0.227746989921247,""
"EMD",-0.0247831047774074,12.4352517021216,-0.306397202916445,0.761816141279413,0.910616728441625,-6.29141054565141,"EMD",0.645343096368539,0.118149829792275,""
"OXSR1",-0.0248055282692103,15.1298110675504,-0.343416164714017,0.734130260988471,0.898001420398189,-6.27934093273081,"OXSR1",0.636402779657768,0.134226873858743,""
"ILVBL",-0.0249033839976374,13.7244023172914,-0.231634862041072,0.818689744198531,0.935353387234722,-6.31161930679303,"ILVBL",0.662873668211502,0.0868806500231485,""
"ADK",-0.0250384267773942,12.5804049004155,-0.344091581110319,0.733628385615971,0.898001420398189,-6.27910806296669,"ADK",0.636402779657768,0.134523873251495,""
"TMX2",-0.0255344723606701,11.1363166645792,-0.174591762965041,0.863699634902349,0.955001216678292,-6.06884113698516,"TMX2",0.676797848049196,0.0636372639844355,""
"NLRX1",-0.0256581841009993,14.1763424655167,-0.300282601715408,0.76642158114621,0.912952723011238,-6.29327286181904,"NLRX1",0.646998587555521,0.115532274753164,""
"GORASP2",-0.0257085620799469,12.9519131075151,-0.274607093210949,0.785853875097854,0.920695172923271,-6.30068583765212,"GORASP2",0.652485568459398,0.104658200956046,""
"HSD17B12",-0.0258864569356572,13.6133349157238,-0.358765333535053,0.722755037302291,0.892082660167255,-6.2739370350713,"HSD17B12",0.632208225643116,0.141008872794676,""
"ACTN2",-0.026011189076776,20.3818240809602,-0.486801198619463,0.630600931443864,0.852091498307895,-6.21978641726015,"ACTN2",0.60386697139682,0.200245392102812,""
"TKFC",-0.0261713505402117,12.1407761843151,-0.360304220452782,0.721618096993529,0.891910308704751,-6.27338235114266,"TKFC",0.632086082239639,0.141692583939123,""
"RPL30",-0.0263608483121711,11.2057403635543,-0.281313122381302,0.780764227277358,0.919338650524613,-6.29881315389296,"RPL30",0.65152421739072,0.107480093205029,""
"PPP1R7",-0.026428173907652,12.6503888070657,-0.411022813632497,0.684525565500646,0.87465460130399,-6.25378853828764,"PPP1R7",0.619857170452466,0.164610327298407,""
"RAC1",-0.0266425085399291,13.6980242511299,-0.473160660510236,0.640166132518808,0.853005938096306,-6.22632331128965,"RAC1",0.604515023849695,0.193707305589045,""
"TXNRD2",-0.0266652264714455,12.2167137805893,-0.284143536139881,0.778714114170145,0.917678721715311,-6.27787471428237,"TXNRD2",0.650347845856914,0.108621953657955,""
"ASPSCR1",-0.0267659240931302,10.6180128248868,-0.216805647877067,0.83042932078889,0.942520187059735,-6.22477192718532,"ASPSCR1",0.667952692839176,0.0806973251603403,""
"PCMTD1",-0.0269872714205857,11.3560709591106,-0.150520223233922,0.882006822099448,0.961518277724237,-6.16791406310019,"PCMTD1",0.681416410637883,0.0545280556973333,""
"SNF8",-0.0271919646987833,10.8680908194856,-0.223642150636373,0.824990546337889,0.939008302543443,-6.26991152208037,"SNF8",0.665463862624392,0.0835510280522716,""
"UBAP2",-0.0273846145110426,13.5423492857101,-0.255109931322749,0.800706004304343,0.928014560453483,-6.30587534555882,"UBAP2",0.657672730154035,0.0965269148093446,""
"CFH",-0.0276071993494718,12.8540703919539,-0.276137062208126,0.784691816671272,0.920695172923271,-6.3002625412472,"CFH",0.652485568459398,0.105300876501311,""
"EIF3G",-0.0276112951145002,11.9624673657712,-0.335187014703283,0.740254632911627,0.900114458177651,-6.28214177197919,"EIF3G",0.637900264055705,0.130618865881711,""
"NIT2",-0.0277289382746044,13.1203655693056,-0.321560094970421,0.750434503381853,0.904771498780818,-6.28663172223532,"NIT2",0.641200652582397,0.124687206233657,""
"PRKAR2A",-0.0279100152370084,14.4766099216869,-0.29777678332144,0.768311473750499,0.913684931024453,-6.29402529106832,"PRKAR2A",0.647517494546438,0.114462681130115,""
"RPL5",-0.0279533619458761,13.1398604925846,-0.387059041722797,0.701957690992799,0.882812350456208,-6.26336355330662,"RPL5",0.625638468920702,0.153689063257795,""
"NIBAN2",-0.0282118644538727,11.0802051753092,-0.166063158922843,0.869678301776606,0.957864330492421,-6.23981676401759,"NIBAN2",0.678826902289422,0.0606413653125333,""
"APOD",-0.028346663747044,12.5357429450508,-0.185039229849959,0.854677491799879,0.953744545942758,-6.32138533567471,"APOD",0.675907260650288,0.0681977331718136,""
"EEFSEC",-0.0286363841567461,10.9957823125243,-0.218410720395112,0.829409824418479,0.941827996398192,-6.1754604005232,"EEFSEC",0.66746214566291,0.081230824692445,""
"FERMT2",-0.028659471155752,13.7356346386851,-0.451400486886716,0.655556647202453,0.861069450403405,-6.2363735419939,"FERMT2",0.610229537801986,0.183389774600153,""
"THEM6",-0.0286768964533604,12.4031185063832,-0.419633459788229,0.678304513378116,0.872540725018708,-6.2502095328739,"THEM6",0.618359091815563,0.168575293168371,""
"KHSRP",-0.0287939919610594,11.4871187849938,-0.337039899047085,0.738874121924097,0.900023732922083,-6.28151700246276,"KHSRP",0.637835968160936,0.131429543757076,""
"NDUFB8",-0.0288257073870035,15.221033994768,-0.414811662796348,0.681785354161473,0.87465460130399,-6.25222272117241,"NDUFB8",0.619857170452466,0.166352332346161,""
"RPS4X",-0.0288361446255028,12.8137619258707,-0.395527110094956,0.695778080335185,0.881564977117878,-6.26004488747407,"RPS4X",0.624754470475096,0.157529257306487,""
"NAA50",-0.0288913711476262,11.7360116054717,-0.366107491107056,0.717336484186152,0.890672799944183,-6.27126946218009,"NAA50",0.631209074701357,0.144277080111481,""
"RCC1L",-0.0290467024828143,10.2346721538291,-0.199010215815048,0.844148026588649,0.947797412767536,-6.23627538526635,"RCC1L",0.671692599072104,0.073581390467091,""
"TMEM38A",-0.0293893618375272,11.2567740305534,-0.276605682931478,0.784335986503961,0.920695172923271,-6.30013242040908,"TMEM38A",0.652485568459398,0.105497858454715,""
"PFAS",-0.029600483263577,11.0680686428544,-0.296665075290451,0.769150394575129,0.914303206492045,-6.29435710222121,"PFAS",0.647955658915928,0.113988732827975,""
"MT-CYB",-0.0296511888835891,11.3746846033646,-0.199840008861397,0.843600471456451,0.94776909102085,-6.21117688523501,"MT-CYB",0.671672527791696,0.0738631862216955,""
"ERP44",-0.0297466735675211,12.3758832614365,-0.420524338709951,0.677662183579918,0.872540725018708,-6.24983506444975,"ERP44",0.618359091815563,0.168986749155323,""
"LSM3",-0.0298596528822443,10.6620992113673,-0.146664459269154,0.884780438127341,0.962345630236418,-6.24539345056104,"LSM3",0.682002745388083,0.053164487878512,""
"MAPRE1",-0.0300281165127601,12.0710417638154,-0.403430562945473,0.690029753379096,0.877774200259426,-6.25688353033827,"MAPRE1",0.622067992619959,0.161132182523949,""
"ANO6",-0.0302970667689024,11.4787499313476,-0.412576812539322,0.683401130683368,0.87465460130399,-6.25314803132988,"ANO6",0.619857170452466,0.165324306998858,""
"COQ8A",-0.0306049098754073,16.3241275527013,-0.302208749125986,0.764969877828504,0.911981559840472,-6.29269023750675,"COQ8A",0.646310335925471,0.116355665696608,""
"HNRNPU",-0.0306758839937373,13.4079901799547,-0.445478881118187,0.659772242999918,0.862817776902027,-6.23902799645239,"HNRNPU",0.611468555712424,0.180605959426535,""
"SCP2",-0.0307093879653912,12.9222807458813,-0.347201451560239,0.731319123373593,0.896859481210406,-6.27802999707127,"SCP2",0.635593501123461,0.135893069995636,""
"PSMB1",-0.030731354896929,15.1450522105422,-0.487482686566025,0.630124748052491,0.852091498307895,-6.21945505066799,"PSMB1",0.60386697139682,0.200573463200981,""
"SFPQ",-0.0307889387606881,12.3010305626488,-0.413009325421483,0.683088307453724,0.87465460130399,-6.25296933977896,"SFPQ",0.619857170452466,0.165523148498876,""
"TNNT3",-0.0308253448314169,21.6797945804297,-0.338230092065883,0.737987826316914,0.900023732922083,-6.28111388428983,"TNNT3",0.637835968160936,0.131950802143076,""
"MT-ND2",-0.0308595336125883,13.3650094836889,-0.286790421579758,0.776614509654591,0.915777016947851,-6.29725029406949,"MT-ND2",0.649000130616594,0.109794499697701,""
"EIF2S1",-0.0308831019177163,12.2746472530542,-0.473092301194765,0.640214230248863,0.853005938096306,-6.22635561159313,"EIF2S1",0.604515023849695,0.19367467688062,""
"MSI2",-0.0312192316228703,12.4770137897805,-0.406697947326244,0.687658829454737,0.87695603313103,-6.25555855413065,"MSI2",0.621488167440501,0.162626976349938,""
"AARS1",-0.0312367932154913,12.2786702139406,-0.580531107373297,0.566705382129719,0.819293078891898,-6.16995870989383,"AARS1",0.580623126999039,0.24664266274559,""
"TCP1",-0.0315236741996987,12.7012550741979,-0.511178133878161,0.613670237083624,0.842775825422098,-6.20765091407028,"TCP1",0.597265066339393,0.212064939423896,""
"PGP",-0.0316199153147849,14.600743800941,-0.415400069236164,0.681360198451684,0.87465460130399,-6.25197827957047,"PGP",0.619857170452466,0.166623239270728,""
"TBC1D4",-0.0317143575328451,11.4239756754391,-0.36893061104204,0.715256995647054,0.890093125977107,-6.27022953079205,"TBC1D4",0.630798266749875,0.145537885838596,""
"NCL",-0.0318189429624791,13.5170484548438,-0.389816267881612,0.699943272212488,0.881774689301534,-6.26229077431295,"NCL",0.624903090971206,0.154937156504902,""
"PSMA7",-0.0318696223508113,13.470203223021,-0.568720327627156,0.574573241064836,0.824066705837603,-6.1767075364306,"PSMA7",0.584006138861034,0.240654603767829,""
"RAB11B",-0.0320104546370299,15.2340233307644,-0.566624831755192,0.575974881331703,0.824547457490839,-6.1778908206634,"RAB11B",0.584346841761381,0.239596456050578,""
"RPL26L1",-0.0320822570713748,12.3038481706766,-0.19862090690183,0.844287088204996,0.947797412767536,-6.27958621525566,"RPL26L1",0.671692599072104,0.0735098523994076,""
"AKAP1",-0.032111045933835,11.2696946892882,-0.386214320072837,0.702575286837024,0.882812350456208,-6.26369071155452,"AKAP1",0.625638468920702,0.153307130631485,""
"LSM2",-0.0321926349991468,12.9320310335919,-0.47348117241724,0.639940641180626,0.853005938096306,-6.22617180583476,"LSM2",0.604515023849695,0.193860307896218,""
"STAM",-0.0323990120144817,11.4532942279615,-0.313843010370583,0.756220124889209,0.907977396423869,-6.289092489936,"STAM",0.643472633589321,0.121351769168626,""
"MRPS14",-0.0324763831033668,10.1916051506537,-0.134674259940659,0.894268758649359,0.965702434924289,-6.17205424120116,"MRPS14",0.684381672398223,0.0485319410951702,""
"LSS",-0.0325005040456059,12.9018821447019,-0.340185737547603,0.736532326908722,0.900013140457215,-6.28044845054771,"LSS",0.637828461408795,0.132808186920507,""
"ADSS1",-0.0325476639291473,15.4593027651358,-0.553306710401611,0.584922925414969,0.82702965182008,-6.18531178488377,"ADSS1",0.586105942955317,0.232901356605392,""
"STUB1",-0.0327996180235122,12.7428218574803,-0.502846097124218,0.619433256237569,0.845781663828906,-6.2118641633185,"STUB1",0.599395267777656,0.208005481877603,""
"FRMD8",-0.0328043686208694,16.3915312121477,-0.251052459099648,0.803806653179559,0.928311307401431,-6.30690755017643,"FRMD8",0.657883031138243,0.094848403434838,""
"WASHC5",-0.0328306806535199,10.998114616729,-0.288996831768866,0.775261260499514,0.915745708740649,-6.22556610306459,"WASHC5",0.648977942867625,0.110551917012872,""
"GMFB",-0.0329705136676228,10.6266798402271,-0.192090321824954,0.849916697562779,0.951136765019494,-6.09801722212276,"GMFB",0.674059157751333,0.070623638475935,""
"PSMA1",-0.0331275913863074,15.3849166216744,-0.557649131099701,0.581997861837829,0.825953632498184,-6.18291105658672,"PSMA1",0.585343381035186,0.235078610871998,""
"HACD1",-0.0331438120846936,12.8483420316009,-0.223927739308773,0.824616659277297,0.93895563984455,-6.31338483974406,"HACD1",0.665426541204628,0.0837478956332302,""
"NSFL1C",-0.0332745230185374,13.6265480991723,-0.58179525180362,0.565866515675435,0.819293078891898,-6.16922836550932,"NSFL1C",0.580623126999039,0.247286004045999,""
"IL18",-0.0335283206917101,12.0728719353798,-0.205173065748471,0.839303712249111,0.945692142054368,-6.25601117369036,"IL18",0.670200619100404,0.0760808559936037,""
"RUVBL2",-0.0335457810931263,9.61161091607962,-0.165336962180464,0.870108965402046,0.957864330492421,-6.28132495926402,"RUVBL2",0.678826902289422,0.0604263564508944,""
"PHB2",-0.0336824109101705,15.1572926633595,-0.404738067152734,0.689080595467927,0.87695603313103,-6.25635458227157,"PHB2",0.621488167440501,0.161729979659914,""
"EIF4A1",-0.0339510263543374,13.4852250570719,-0.356815401301653,0.724196593260034,0.892334322813603,-6.27463650365309,"EIF4A1",0.63238657592635,0.140143522506923,""
"RO60",-0.0340561078932353,12.3828842382313,-0.516022718406748,0.610330951525072,0.842775825422098,-6.20517000032412,"RO60",0.597265066339393,0.214434605242985,""
"SH3KBP1",-0.0340621341912026,9.4395959998203,-0.136468698451061,0.894098149621782,0.965702434924289,-5.86326324782148,"SH3KBP1",0.684381672398223,0.0486148039116554,""
"GDE1",-0.0342609647153544,10.2035955085292,-0.286697520547846,0.776780854221991,0.915777016947851,-6.27714238928679,"GDE1",0.649000130616594,0.10970148728158,""
"GALM",-0.0343848959107245,12.1365132500279,-0.477986746773193,0.636774551959591,0.852801806502891,-6.22403136927253,"GALM",0.604370358250606,0.196014301056131,""
"EIF1B",-0.0348407685611782,10.4058336198483,-0.12305961152121,0.903118230522459,0.969051609388756,-6.29182834819792,"EIF1B",0.686755191961032,0.044255390879909,""
"TMEM14C",-0.03493733039722,11.3906546152363,-0.261219086594662,0.796043785415177,0.925816302022227,-6.30429015311345,"TMEM14C",0.656114850907656,0.0990630437683359,""
"GYG1",-0.0350341417765403,15.5480990880607,-0.393456675010564,0.697287032333926,0.881774689301534,-6.26086284862923,"GYG1",0.624903090971206,0.156588411430944,""
"ACTG1",-0.0350892041800677,8.71396159952733,-0.147424383629684,0.884331498823998,0.962334906472162,-6.19031358326923,"ACTG1",0.681995145585649,0.0533849056624454,""
"NCK1",-0.0351242044499021,11.0432938932177,-0.351171661238758,0.72837475832303,0.895470596535394,-6.27663972970005,"NCK1",0.634609215299715,0.137645113002006,""
"ME1",-0.0353691418390945,13.9654490216126,-0.498460802005482,0.622476455990582,0.847643080790602,-6.21405442721484,"ME1",0.600714431535771,0.20587707029928,""
"CTBP1",-0.0354761244432336,12.1360368005492,-0.446022549186059,0.659384724583659,0.862817776902027,-6.23878572619613,"CTBP1",0.611468555712424,0.180861118014624,""
"RPS18",-0.0355585596907364,14.7716095590635,-0.432825320807547,0.668818667577102,0.868131477027163,-6.24458453112369,"RPS18",0.615234310925155,0.174691613690177,""
"TRAPPC3",-0.0356429822297137,11.128614536298,-0.327960324724613,0.745758366170294,0.903357344650914,-6.26440983558816,"TRAPPC3",0.640198458600636,0.127401865875772,""
"FKBP1A",-0.0357707242513357,13.7192904321544,-0.373341621032532,0.712012365885283,0.886843737778019,-6.26858886709529,"FKBP1A",0.628495464510242,0.147512463681814,""
"LPIN1",-0.0358596740108705,12.5304697583296,-0.397570142996154,0.694290350264462,0.880791180002996,-6.25923359750761,"LPIN1",0.624206089789257,0.158458870831621,""
"NDUFB7",-0.0358646850602344,14.0267941298272,-0.337996069276778,0.738162065877502,0.900023732922083,-6.28119325896269,"NDUFB7",0.637835968160936,0.131848276944999,""
"ACE",-0.0360709945848523,11.7761406606806,-0.251699689057272,0.805818485361902,0.92836655371462,-5.87717122540419,"ACE",0.657922183534309,0.0937627741794755,""
"COQ3",-0.0360886342242779,15.4582695644824,-0.458751910462413,0.650339322644257,0.858061556133195,-6.23303019303426,"COQ3",0.608097879398116,0.186859985664395,""
"DNPH1",-0.0362824525949321,13.5428912020264,-0.47959649255658,0.635645074571165,0.852801806502891,-6.22326181254309,"DNPH1",0.604370358250606,0.196785313882145,""
"PPP1R14B",-0.0365514896201837,10.5398669901948,-0.251938124766632,0.803213270479452,0.928311307401431,-6.28655038004394,"PPP1R14B",0.657883031138243,0.095169124840007,""
"DLD",-0.0366166158513508,16.8157088308362,-0.488369695522123,0.629505202784579,0.852091498307895,-6.2190230705959,"DLD",0.60386697139682,0.201000676149771,""
"MTOR",-0.0366827527898668,10.3830682956525,-0.321091313249761,0.750785536176962,0.904771498780818,-6.2867828949802,"MTOR",0.641200652582397,0.124484102618405,""
"RTN4IP1",-0.0368614087467964,11.840705388012,-0.397326760259059,0.6944675154263,0.880791180002996,-6.25933046148466,"RTN4IP1",0.624206089789257,0.158348064110752,""
"STIM1",-0.0369867562056445,12.961935834286,-0.598407018205794,0.554902310172921,0.816929818306411,-6.15948765299866,"STIM1",0.578948312715346,0.255783467124448,""
"SRSF3",-0.0370550696824203,13.3833565491618,-0.490357104772494,0.628118069509426,0.852039371962612,-6.21805239151902,"SRSF3",0.603830030084392,0.20195871276476,""
"TAGLN",-0.0370589161038861,12.578979979929,-0.252955072085309,0.802352298754037,0.928311307401431,-6.30642558291628,"TAGLN",0.657883031138243,0.0956348987858714,""
"MYL12B",-0.037149332704109,13.8428684310686,-0.305416583927551,0.762554134075331,0.910616728441625,-6.29171171988583,"MYL12B",0.645343096368539,0.117729320117987,""
"NEXN",-0.0371731797744381,13.8412310114522,-0.423607728267358,0.675440958840456,0.871595582186739,-6.24853296266896,"NEXN",0.617689280485898,0.170412607219937,""
"PSMB7",-0.0372362942717466,13.0135650519524,-0.368135503576717,0.715842439912939,0.890093125977107,-6.2705232177392,"PSMB7",0.630798266749875,0.145182557310051,""
"RARS1",-0.0373413822950042,13.0738977277269,-0.588524165940893,0.561411981248485,0.818000375321891,-6.16531481889147,"RARS1",0.579707003564778,0.250718323203932,""
"RPSA",-0.0374290374731903,13.568017093237,-0.622900827333248,0.538939055203233,0.80826757310961,-6.14463969240259,"RPSA",0.572809483982896,0.268460343320532,""
"TKT",-0.037486928033676,11.9813093362091,-0.336941412236675,0.738947478151037,0.900023732922083,-6.28155029685855,"TKT",0.637835968160936,0.131386428668491,""
"CTSH",-0.0375138418033103,11.0581085917961,-0.183438984639927,0.85604505407132,0.953767053783168,-6.27955757124422,"CTSH",0.675923211685415,0.0675033775896118,""
"GON7",-0.0377257883513309,10.8497982173694,-0.212772746127305,0.833743089639257,0.943481147875288,-6.18319275611621,"GON7",0.668633714183094,0.0789677526483789,""
"PSPH",-0.0377894297926797,11.0833304797117,-0.330258486450021,0.745702842779348,0.903357344650914,-6.02294081570766,"PSPH",0.640198458600636,0.127434201282379,""
"OSTC",-0.037865061917973,10.1573862165358,-0.399832978301659,0.69309482683233,0.880500786215185,-6.19688365009359,"OSTC",0.624000291213041,0.159207342657101,""
"HLA-DPA1",-0.0379190760021455,9.93097600683606,-0.143381325622995,0.888149291360454,0.96360125169174,-5.9908890149381,"HLA-DPA1",0.682892589174757,0.0515140263785232,""
"PBDC1",-0.0380152505186775,12.8795265308042,-0.658769067912734,0.516010741796664,0.796814001071788,-6.12185681095121,"PBDC1",0.564692475572543,0.287341257569572,""
"MFN1",-0.0381298949423243,10.2588506058807,-0.279302835808652,0.782288932805718,0.920572554060621,-6.29937924582753,"MFN1",0.652398669949823,0.106632813759351,""
"MAP3K20",-0.0382160355691408,14.3511505555026,-0.405757828180868,0.688340679222668,0.87695603313103,-6.2559408679227,"MAP3K20",0.621488167440501,0.162196563963786,""
"EIF3K",-0.0383203979646449,13.7771436063914,-0.540729340425509,0.593435718008588,0.831274080064816,-6.19216191326564,"EIF3K",0.589113918078353,0.226626317696968,""
"POLR2B",-0.03839885426415,11.0238653183221,-0.256713172821235,0.800274473504505,0.928014560453483,-6.14259268852907,"POLR2B",0.657672730154035,0.0967610356525118,""
"WDR1",-0.038526961023873,16.56794934248,-0.65175462911996,0.52045209562764,0.798082239737195,-6.12640919713769,"WDR1",0.565591261023881,0.283619238414757,""
"NAPA",-0.0385322239103036,14.2178324493182,-0.768141778336421,0.449532222320136,0.747778083003971,-6.04482521088432,"NAPA",0.529941311651677,0.347239172731029,""
"DCAF7",-0.0386276885070522,11.3251393787823,-0.602592964032816,0.552156935607537,0.816929818306411,-6.15699110724539,"DCAF7",0.578948312715346,0.257937468318508,""
"MKRN2",-0.0389078185124845,11.7352057589221,-0.475107451249183,0.638797040854943,0.853005938096306,-6.22540151434769,"MKRN2",0.604515023849695,0.194637104342174,""
"HOOK3",-0.0390667782752256,11.1831922153007,-0.290500590910054,0.773807434124349,0.915445673930705,-6.2961746510944,"HOOK3",0.648765311815263,0.111367102239905,""
"ST13",-0.0391539820379023,14.6495349808865,-0.497107058061317,0.62341728101227,0.847989524148632,-6.21472676607864,"ST13",0.600959951766626,0.205221163329229,""
"SCLY",-0.0392157777593702,9.75240350897718,-0.16691697802998,0.869014717470763,0.957864330492421,-6.23440959147431,"SCLY",0.678826902289422,0.0609728683589108,""
"FBL",-0.0393780429382229,11.654225873882,-0.396412599036869,0.69513311721098,0.881137334775174,-6.25969376578077,"FBL",0.624451405502799,0.15793202054032,""
"HNRNPR",-0.0394976443801909,10.5535526031315,-0.320536006564483,0.751201431321534,0.904771498780818,-6.28696168732684,"HNRNPR",0.641200652582397,0.124243593246669,""
"SAR1B",-0.0395954045252118,16.2866953697703,-0.455393796230019,0.652720351715241,0.859853992136813,-6.23456401577312,"SAR1B",0.609368157182929,0.185272845861046,""
"HMGB2",-0.0397044809857849,10.6900795644914,-0.240142188347116,0.812160205803166,0.931805904656474,-6.30960141072335,"HMGB2",0.660359610079407,0.0903582938702261,""
"FAM120A",-0.0398887991064143,10.2167487550708,-0.360814684240688,0.721241106667461,0.891910308704751,-6.27319783822309,"FAM120A",0.632086082239639,0.141919528912898,""
"PAFAH1B2",-0.0399154118154321,14.4624766488013,-0.4797356011303,0.635547511226304,0.852801806502891,-6.22319519095894,"PAFAH1B2",0.604370358250606,0.196851977616446,""
"SF3A1",-0.0405100045374773,11.1409282125028,-0.231436481574152,0.818842166284689,0.935353387234722,-6.31166549722667,"SF3A1",0.662873668211502,0.0867998014354585,""
"PGD",-0.041205287084896,12.7068274231242,-0.570226602511613,0.573566778671474,0.823782898331643,-6.1758543455397,"PGD",0.583805007903357,0.241416011206168,""
"CD63",-0.0415579465957698,11.3368787929937,-0.270738619306563,0.789089565858537,0.922320838397458,-6.23069877835196,"CD63",0.653637657980713,0.10287369926145,""
"C19orf12",-0.0416830253968214,11.1712226578392,-0.291840228987147,0.773114451203662,0.915445673930705,-6.23159695531269,"C19orf12",0.648765311815263,0.111756208737776,""
"EIF3D",-0.0419709075481194,11.9380695891837,-0.557638671584462,0.582004898675177,0.825953632498184,-6.18291686116468,"EIF3D",0.585343381035186,0.235073359922887,""
"UTRN",-0.0420785228311367,13.8673325123006,-0.631813874280346,0.533191296548302,0.803431259677935,-6.13909346999526,"UTRN",0.569382046964089,0.273116948327751,""
"AK1",-0.0421579219664494,19.2036624774612,-0.538716203506379,0.594803845356919,0.831970629962386,-6.19324407207908,"AK1",0.589607554592633,0.225626232463647,""
"RPL9P9",-0.0424050016098629,13.874140015311,-0.559770567061929,0.58077369662954,0.825953632498184,-6.16160448446118,"RPL9P9",0.585343381035186,0.235993061156665,""
"YKT6",-0.0425882622800966,12.5075827872731,-0.267000761816463,0.791824214775818,0.923633780849611,-6.26357024892337,"YKT6",0.654568124466735,0.101371221221454,""
"DHTKD1",-0.0426870884661206,12.3167516715031,-0.200708208846232,0.842535697238504,0.947451027534314,-6.31834418158773,"DHTKD1",0.6714471200336,0.0744116895245495,""
"NEB",-0.0426968901374956,18.0033697986093,-0.245413458757841,0.808121309535367,0.928965034058471,-6.30831474707467,"NEB",0.658346319338268,0.092523441072775,""
"USP7",-0.0431113721842209,11.2706833039668,-0.426854382190124,0.673105356192884,0.870165612310415,-6.24715178400913,"USP7",0.616675878075336,0.171916953558901,""
"ABHD14B",-0.0431331738106344,16.2647620533863,-0.390077242711771,0.699752720650972,0.881774689301534,-6.26218884483491,"ABHD14B",0.624903090971206,0.155055404313879,""
"EIF5A",-0.0433579046818906,15.6516973206759,-0.649798444174139,0.521694415057642,0.798794524263024,-6.12767037257712,"EIF5A",0.5660960484795,0.282583812544695,""
"TOM1",-0.043408381803026,13.4168183598992,-0.533450269972547,0.598389778451647,0.834136724242423,-6.1960561226581,"TOM1",0.591142639492838,0.223015833592727,""
"ERGIC1",-0.043468412368,9.93217262337842,-0.326491392958636,0.747984189906301,0.90452434104281,-6.09817432524919,"ERGIC1",0.641025494873389,0.126107581693048,""
"RAB2A",-0.0434813006325516,12.3680107179834,-0.688345195124222,0.497515406722789,0.784743618969463,-6.10214531871897,"RAB2A",0.556138341306202,0.303193465770339,""
"KARS1",-0.0435767091268975,13.2458972610944,-0.890057211326367,0.381842758427768,0.697045443091709,-5.94575246727733,"KARS1",0.493987701416601,0.418115441292055,""
"LPP",-0.043615776085403,11.9174602162409,-0.565979247913647,0.57640704564043,0.824754165155003,-6.17825451151407,"LPP",0.584493332990751,0.239270719280569,""
"MLF2",-0.044074745796804,10.073779826273,-0.234504608899777,0.817071543644462,0.934821175283445,-6.16916666947283,"MLF2",0.662496496018377,0.0877399145206319,""
"LRG1",-0.0441217260058124,10.4162556901066,-0.323570802315345,0.749286854844466,0.904771498780818,-6.22179233357751,"LRG1",0.641200652582397,0.12535188640442,""
"HDHD2",-0.0441536162252607,13.4465754290191,-0.557878346853114,0.581843663174558,0.825953632498184,-6.18278382512098,"HDHD2",0.585343381035186,0.23519369119441,""
"LARS1",-0.0443334630071881,12.2964157071961,-0.590098762708633,0.560372201803979,0.818000375321891,-6.16439271430488,"LARS1",0.579707003564778,0.251523416752742,""
"RAB5B",-0.0445187421552902,12.8384870168788,-0.642130338636396,0.526579774608156,0.79995314936146,-6.13257876246018,"RAB5B",0.566917152117508,0.278535825717528,""
"CHP1",-0.0445590135663583,12.193573885473,-0.379450994883779,0.707527590269356,0.885104353431678,-6.26628466316122,"CHP1",0.627262783795312,0.150256620018364,""
"NEDD8",-0.044786391904271,12.7345093054833,-0.413612026090008,0.68265248887916,0.87465460130399,-6.25272002769149,"NEDD8",0.619857170452466,0.165800322043046,""
"HMGCL",-0.0447926719713436,11.7417377919318,-0.536731846623336,0.596153907110657,0.832840630271299,-6.19430690242209,"HMGCL",0.590224113322184,0.224641605393859,""
"RWDD1",-0.0448130686488746,12.1294770213316,-0.645993405201867,0.524115516702753,0.79995314936146,-6.13011303422496,"RWDD1",0.566917152117508,0.28057298260111,""
"AHSA1",-0.0449429448549168,11.716046703888,-0.640743673238714,0.527465859341632,0.800273770711021,-6.1334603594255,"AHSA1",0.567144372602291,0.277805645185484,""
"EIF4G2",-0.0449772123767289,11.7874241101015,-0.514564559906563,0.611335134436899,0.842775825422098,-6.20591913305153,"EIF4G2",0.597265066339393,0.213720643873903,""
"NDUFA3",-0.0450507636903783,12.5559828740807,-0.472456693293293,0.640661521763326,0.853005938096306,-6.22665572183972,"NDUFA3",0.604515023849695,0.193371359023092,""
"NDUFAF4",-0.0451119523832588,11.7659292811065,-0.437000141685193,0.665828232318884,0.865444223464436,-6.24276867197033,"NDUFAF4",0.613329886724795,0.176637793918985,""
"MAPK14",-0.0451332042901704,13.8049523877452,-0.5365207444615,0.596297618044908,0.832840630271299,-6.1944197442359,"MAPK14",0.590224113322184,0.224536925472337,""
"ACSS2",-0.045191890269983,12.1887364674101,-0.547599928311706,0.588778010690368,0.828672624539009,-6.18843896904268,"ACSS2",0.587270297912311,0.230048418123959,""
"ARIH1",-0.0452024232296377,11.5018009747912,-0.659468853841894,0.515568802232466,0.796781958585684,-6.12140006779428,"ARIH1",0.56466976744897,0.287713370271726,""
"EIF4EBP1",-0.0453270144654621,11.896035774656,-0.458720812129876,0.650361355226879,0.858061556133195,-6.23304444805292,"EIF4EBP1",0.608097879398116,0.186845272626695,""
"DTNA",-0.0454293180230039,12.1047240748657,-0.709927908437624,0.484258274458771,0.774980072351912,-6.08723586131851,"DTNA",0.549219033534983,0.31492294981157,""
"IGFBP7",-0.0461492036289108,11.2521793113286,-0.22581314554471,0.823240372972327,0.93808344202357,-6.29282626716727,"IGFBP7",0.66480842512477,0.0844733392549149,""
"PPP2R3A",-0.0462821376718949,11.0628641805462,-0.449044207158109,0.657232701019526,0.861678371967961,-6.23743391234692,"PPP2R3A",0.610661073173172,0.182280836108833,""
"CD81",-0.0462875299016261,9.83629940270503,-0.368436838159638,0.715883347172591,0.890093125977107,-6.23121604971678,"CD81",0.630798266749875,0.145157739991956,""
"HNRNPC",-0.0463059735785709,11.5586106793164,-0.758743703136692,0.455035160415858,0.750865362171445,-6.05188799965424,"HNRNPC",0.532129229175112,0.34195504425581,""
"DST",-0.0466500377782175,11.0158966255118,-0.289792162154737,0.776153906545022,0.915777016947851,-6.00827126453544,"DST",0.649000130616594,0.110052152278232,""
"ITGA1",-0.0466978792571062,10.6029619983692,-0.292164397603837,0.772753961003555,0.915445673930705,-6.25214745902451,"ITGA1",0.648765311815263,0.111958760140325,""
"MAN2C1",-0.0467535066016218,12.7006738746534,-0.546991052197428,0.589190056379029,0.828672624539009,-6.18877075148574,"MAN2C1",0.587270297912311,0.229744591252622,""
"PRSS3",-0.0469575174499237,13.7707076295596,-0.393759699019107,0.697066106158851,0.881774689301534,-6.2607433985508,"PRSS3",0.624903090971206,0.156726033697351,""
"CSTB",-0.0470649530990883,16.0836224185326,-0.492718991116825,0.626471375722532,0.851241769562749,-6.21689378620447,"CSTB",0.603264778880102,0.203098767686194,""
"PRDX2",-0.0471438565782769,17.661003778029,-0.788737823085914,0.437613288903915,0.739068849133918,-6.02905754904909,"PRDX2",0.523769182613023,0.358909498351929,""
"GALT",-0.0472396681930807,12.4993712645627,-0.466502230246469,0.644858515088929,0.85642470076222,-6.22944795158121,"GALT",0.606937859731863,0.190535561111147,""
"PBXIP1",-0.0474901219912685,14.1799998447533,-0.500163296837882,0.621294183729203,0.847643080790602,-6.21320633731487,"PBXIP1",0.600714431535771,0.206702712033329,""
"MBNL1",-0.0477892979682988,13.2114655540215,-0.657612564439617,0.516741571117203,0.796975039423106,-6.12261062308712,"MBNL1",0.564806601510524,0.286726598681598,""
"DTYMK",-0.0478177410184237,11.2615918838542,-0.21183111842705,0.835046848646636,0.94445314452299,-6.02121686888672,"DTYMK",0.6693225564882,0.0782891586026629,""
"CLINT1",-0.0478405701218847,11.6546587758017,-0.645639518116676,0.524341000941193,0.79995314936146,-6.13033950898255,"CLINT1",0.566917152117508,0.28038618122142,""
"CASP14",-0.0479896403694067,13.8863173079987,-0.136564941188878,0.892458424335801,0.965702434924289,-6.32923262081302,"CASP14",0.684381672398223,0.0494120065906854,""
"ADHFE1",-0.0482079961707562,15.1488823186356,-0.41133537705442,0.684299342729483,0.87465460130399,-6.25365990149899,"ADHFE1",0.619857170452466,0.164753877143972,""
"DCUN1D1",-0.0482766311818335,14.0696945050574,-0.653481855387112,0.519356526803395,0.798082239737195,-6.12529259036118,"DCUN1D1",0.565591261023881,0.284534406188358,""
"FNBP1L",-0.0483109461723359,10.1480285845102,-0.266644727893116,0.794573887817907,0.924583338402811,-5.87007377695574,"FNBP1L",0.65524106445611,0.0998657113205897,""
"ERN1",-0.0483227024225474,12.7702865683743,-0.38691173908585,0.702065372401871,0.882812350456208,-6.26342065401962,"ERN1",0.625638468920702,0.153622446913556,""
"RPS21",-0.0483634772866708,13.8641895067614,-0.938330982825743,0.356969662703549,0.678362431517389,-5.90274593075251,"RPS21",0.480747276370276,0.447368691115496,""
"TXNL1",-0.0485323767405053,14.8760020211896,-0.711445911084838,0.483333544580554,0.774980072351912,-6.08617058276654,"TXNL1",0.549219033534983,0.315753062670587,""
"PARVB",-0.0486414979712979,11.8018790932295,-0.391154878860824,0.698966093759034,0.881774689301534,-6.26176723678387,"PARVB",0.624903090971206,0.155543890993236,""
"ANP32B",-0.0489092323841387,12.4114983800262,-0.454096265457097,0.653641357362542,0.859959622464486,-6.23515369699531,"ANP32B",0.609443016122592,0.184660476815144,""
"ALDH16A1",-0.0490169520644166,10.7953327632464,-0.381815156563202,0.70678414635568,0.884917601740483,-6.1344974300558,"ALDH16A1",0.62713043512338,0.150713200573684,""
"CYB5A",-0.0490540356442963,13.3779032248592,-0.602778602144337,0.552035347800891,0.816929818306411,-6.15687999931006,"CYB5A",0.578948312715346,0.258033112735698,""
"PALMD",-0.0492770526079056,12.573596915892,-0.512724722036212,0.612603272951054,0.842775825422098,-6.20686139435677,"PALMD",0.597265066339393,0.212820687221275,""
"SESN1",-0.0492853954835297,12.4534632799552,-0.780074027280343,0.442603383084981,0.74181362334594,-6.0357386400452,"SESN1",0.525714371004027,0.353985270821043,""
"UBR4",-0.0495035410741789,11.3587968312132,-0.373504489509458,0.711892669193949,0.886843737778019,-6.26852791950851,"UBR4",0.628495464510242,0.147585479243092,""
"AK6",-0.0506048060060458,10.0418017735002,-0.321250675379108,0.750892497773628,0.904771498780818,-6.24754000563813,"AK6",0.641200652582397,0.124422234720978,""
"RACK1",-0.0509332805599225,13.9789839677542,-0.642256975403922,0.526498893392798,0.79995314936146,-6.13249815907647,"RACK1",0.566917152117508,0.278602537287434,""
"CNPY2",-0.0509989105825035,11.6430957528367,-0.426414013431987,0.673421956770586,0.870165612310415,-6.24733973301965,"CNPY2",0.616675878075336,0.171712727643728,""
"SCFD2",-0.051009116200559,11.8447936160296,-0.593366411517121,0.558217583110556,0.816990184753129,-6.16247149600275,"SCFD2",0.578991093688312,0.253196487934055,""
"STRAP",-0.0513227152664815,13.9088269923815,-0.938245380751893,0.35701279097774,0.678362431517389,-5.90282406627889,"STRAP",0.480747276370276,0.447316223799468,""
"RBP4",-0.0513657801278633,13.3291446484068,-0.290319364171285,0.77394447590164,0.915445673930705,-6.29622751088252,"RBP4",0.648765311815263,0.111290195227305,""
"MMAA",-0.0513927761344863,9.23846795737996,-0.36800315602138,0.716202368612971,0.890093125977107,-6.22703163209399,"MMAA",0.630798266749875,0.144964247030005,""
"WASHC2A",-0.0514384487436317,10.3729501232143,-0.406331828716728,0.688383313021747,0.87695603313103,-6.19426077904443,"WASHC2A",0.621488167440501,0.162169665872676,""
"PCMT1",-0.0515012078312136,15.7380694850308,-0.718515023345563,0.479040629895516,0.770138574994798,-6.08118099461123,"PCMT1",0.545787922730718,0.319627650278326,""
"NPM1",-0.0515358547553344,14.066446436778,-0.807817406628847,0.426745740408853,0.732367240725613,-6.01409727010127,"NPM1",0.519019833533673,0.369830805131009,""
"LRRC40",-0.0517224209087157,11.9545076677073,-0.764625658154443,0.452191268627303,0.749121488951358,-6.00841083823863,"LRRC40",0.53089336724948,0.344677827712887,""
"XRCC6",-0.0520279835085997,13.7075250811127,-0.849342163930919,0.403677242079556,0.715301679435968,-5.98036854488659,"XRCC6",0.506925676002904,0.393965733913604,""
"DCTPP1",-0.0524075403470139,13.2380022851981,-0.563661128038164,0.577960168228965,0.825679729149706,-6.17955709943713,"DCTPP1",0.585149269034503,0.23810209118924,""
"EIF3M",-0.0525638579095595,13.267357706264,-0.641529173542827,0.526963822507001,0.79995314936146,-6.13296119004075,"EIF3M",0.566917152117508,0.278219199255937,""
"SERPINC1",-0.0525764363270067,13.8421023744844,-0.570618785904711,0.573304875126254,0.823782898331643,-6.17563184271355,"SERPINC1",0.583805007903357,0.241614365165096,""
"IGHV3-7",-0.052651691342307,11.999735814194,-0.259603651883579,0.797362267529351,0.926363101516968,-6.28457936854309,"IGHV3-7",0.656502361116954,0.0983443197038667,""
"SH3BGRL3",-0.0528460459497939,11.7525865104059,-0.378135225543495,0.708492569609404,0.885538466855888,-6.26678404059862,"SH3BGRL3",0.627570434745052,0.14966470010185,""
"TXN",-0.0530233418238879,16.133743859976,-0.84861722316924,0.404073070134973,0.715301679435968,-5.98097106906957,"TXN",0.506925676002904,0.393540092594967,""
"IGHG2",-0.0531381234659527,16.5444779018361,-0.327878747560243,0.745708348807826,0.903357344650914,-6.28457274665298,"IGHG2",0.640198458600636,0.127430994604303,""
"CLIP1",-0.0534579777333146,12.6781667807776,-0.893873846155257,0.379836055872618,0.696487611088242,-5.94242959616371,"CLIP1",0.493592372601385,0.420403812312832,""
"SERPINA3",-0.0536101427984512,14.8580183450267,-0.477238144009073,0.637300114023296,0.853005938096306,-6.22438838200331,"SERPINA3",0.604515023849695,0.195656003817822,""
"ACOT2",-0.0539581642699609,16.2899831778552,-0.620287761172916,0.540630367023562,0.809532380122785,-6.14625122692754,"ACOT2",0.573705837463672,0.267099563779046,""
"GC",-0.054094999441558,13.793089379884,-0.507528088735706,0.616191778909206,0.842962118545959,-6.20950497196951,"GC",0.597397090030184,0.210284100238787,""
"PIN1",-0.0541835794554366,13.2841988495008,-0.602453150668715,0.552248518681062,0.816929818306411,-6.15707476626602,"PIN1",0.578948312715346,0.257865440380934,""
"ATG3",-0.054335901639389,10.9820745999349,-0.399407921423796,0.693090939338905,0.880500786215185,-6.23836307623329,"ATG3",0.624000291213041,0.159209778574399,""
"RAD23B",-0.0545321131517689,12.7833368610101,-0.688560497890364,0.497382152437616,0.784743618969463,-6.10199877144581,"RAD23B",0.556138341306202,0.303309802574172,""
"PGPEP1",-0.0549437390789169,10.3708110013589,-0.367263655906559,0.71648459233398,0.890093125977107,-6.27084452973204,"PGPEP1",0.630798266749875,0.14479314446591,""
"EPB41L2",-0.0550835205710847,11.0869125143019,-0.390967142913646,0.699907834828849,0.881774689301534,-6.14269781920964,"EPB41L2",0.624903090971206,0.154959144929375,""
"RPL23A",-0.055142943078188,11.5634657976201,-0.413191400703987,0.682956635271469,0.87465460130399,-6.25289406063498,"RPL23A",0.619857170452466,0.1656068712236,""
"PSMD2",-0.0553980901082642,13.6745865498059,-0.969659596140171,0.341419366408601,0.667443475442887,-5.8737055870747,"PSMD2",0.473009143847398,0.46671184793762,""
"BCCIP",-0.0555529105615147,11.5105378374384,-0.485234620366158,0.631867756972223,0.852091498307895,-6.2004117081239,"BCCIP",0.60386697139682,0.199373805304329,""
"PVALB",-0.0556386773223867,11.7948483605993,-0.207050103360345,0.837855271299092,0.945692142054368,-6.25562164784276,"PVALB",0.670200619100404,0.0768309936663222,""
"H4C16",-0.0556941889137654,17.4556032330759,-0.71838447804747,0.479119706634935,0.770138574994798,-6.08127356604499,"H4C16",0.545787922730718,0.319555965842339,""
"TARDBP",-0.0561079199923125,11.25133578897,-0.740888191475958,0.465600373938676,0.760226725247984,-6.06507799707748,"TARDBP",0.538763514319844,0.331986679562124,""
"TNNT1",-0.0563892501035372,14.4934773931918,-0.184740694235577,0.854909189995445,0.953744545942758,-6.32144088626265,"TNNT1",0.675907260650288,0.0680800143693813,""
"ILK",-0.056660716017177,12.2230175967481,-0.63694455402294,0.529897636695605,0.801712472267264,-6.13586627359468,"ILK",0.568163963049136,0.275808017402723,""
"UBA1",-0.0568146819075235,15.322899208655,-1.11323854826502,0.276098645472484,0.605431306751445,-5.72943319824823,"UBA1",0.429061867560974,0.558935723984673,""
"SUGP2",-0.0568202406063243,13.2923729942207,-0.376555965904978,0.710240163443405,0.886176886560209,-6.17966768421378,"SUGP2",0.628022875092238,0.148594772377054,""
"ARL1",-0.0568745348867026,12.6275264496108,-0.537359861429579,0.595726475670207,0.832840630271299,-6.19397094922792,"ARL1",0.590224113322184,0.224953098269519,""
"NAE1",-0.0569118725877527,13.3027949974221,-1.18867574676521,0.245634017520111,0.58132708027468,-5.64643100608518,"NAE1",0.411979492875518,0.609711488515253,""
"ITGB1",-0.0572999189152625,14.8592998348279,-0.822723658384452,0.418372417543132,0.727582129052559,-6.00217351128013,"ITGB1",0.515628682583874,0.378436955363725,""
"PTGES3",-0.0573741417835816,14.4433887466421,-0.902830519576632,0.375153886198305,0.692745917348616,-5.93457938816577,"PTGES3",0.490940679360777,0.425790550358057,""
"CAPZA1",-0.0573844989456305,13.1932695589095,-0.549295757692069,0.587631133651388,0.828672624539009,-6.18751299688158,"CAPZA1",0.587270297912311,0.230895202645555,""
"MACROH2A1",-0.0575721983881419,13.7914498473196,-0.737455126662477,0.467648191420864,0.760226725247984,-6.0675796185489,"MACROH2A1",0.538763514319844,0.330080740902557,""
"RAB1B",-0.0579217297764707,15.4282497666584,-0.778535284799692,0.443493250143179,0.74287063407969,-6.03691790141375,"RAB1B",0.526463461766922,0.353112985635815,""
"AGL",-0.0582056038652787,18.2715144505121,-0.893946340495821,0.379798006581893,0.696487611088242,-5.94236635162105,"AGL",0.493592372601385,0.420447319042803,""
"METAP2",-0.0583485266297856,12.3947096653235,-0.922162602648952,0.365177385151415,0.685844289543876,-5.91738621440399,"METAP2",0.486049578946758,0.437496125464295,""
"CCDC22",-0.058452074559014,16.2386097362466,-0.566842210018838,0.575829401300928,0.824547457490839,-6.17776826932741,"CCDC22",0.584346841761381,0.239706164229097,""
"IMPA2",-0.0584670908052445,12.5726545344541,-0.657292877332336,0.516943691299334,0.796975039423106,-6.12281877047342,"IMPA2",0.564806601510524,0.286556760367962,""
"EIF3A",-0.0588117986128189,13.0355019812445,-0.867475370343005,0.393856482568431,0.705020237194083,-5.96513979414945,"EIF3A",0.499639341846857,0.404662001989691,""
"HNRNPM",-0.0589509403706945,13.8577172682096,-0.824869468877935,0.417175542499004,0.726823771916198,-6.00044005216691,"HNRNPM",0.515091244024657,0.379681160622006,""
"TATDN1",-0.0590441957499284,12.3563636981779,-0.793063940698729,0.43513446984136,0.738800586827807,-6.02569520863287,"TATDN1",0.523579068351054,0.361376512044123,""
"GPT",-0.0591019628531946,14.2810314037617,-0.586413043185983,0.562807604789387,0.81849651569352,-6.16654736177208,"GPT",0.580058612264312,0.249640042907951,""
"CARS1",-0.0592110879503771,11.2777094997031,-0.56708902416826,0.575664243661365,0.824547457490839,-6.17762906741577,"CARS1",0.584346841761381,0.239830745119859,""
"AHCYL1",-0.0592639814152776,11.2286004956531,-0.488301570325618,0.629725590789586,0.852091498307895,-6.19892175599327,"AHCYL1",0.60386697139682,0.200848657479456,""
"AHCYL2",-0.0593258855944079,11.949064006301,-0.845136625225613,0.405976954626866,0.71690077138669,-5.98385716205912,"AHCYL2",0.508058933188529,0.39149861854706,""
"VBP1",-0.0594453590925195,12.4096833918141,-0.628324910903607,0.535437305385715,0.805244690700252,-6.14127359600337,"VBP1",0.570667203665521,0.271291373607162,""
"IGHG1",-0.0594628965120378,17.6110203165055,-0.362586669894514,0.719933008611711,0.891910308704751,-6.27255532818085,"IGHG1",0.632086082239639,0.142707913768534,""
"TRIP10",-0.0594943304875226,13.775991328235,-0.924459799484736,0.36400367384416,0.684088215893353,-5.91532058268447,"TRIP10",0.484805070723172,0.438894233048212,""
"NT5C1A",-0.0595650497101801,15.1776366393034,-0.667997951751381,0.510199157805009,0.792966803833598,-6.11579561746869,"NT5C1A",0.561966013274533,0.292260262623405,""
"EIF6",-0.0595891572376051,14.1088118060675,-0.486624136078199,0.630724678894779,0.852091498307895,-6.21987243771041,"EIF6",0.60386697139682,0.200160175668905,""
"COG2",-0.0597012670295118,9.90916265057675,-0.492859005106132,0.626738060543335,0.851241769562749,-6.17329962963605,"COG2",0.603264778880102,0.202913930667769,""
"NIPSNAP2",-0.0597044710013037,18.5286673481815,-0.917233710147106,0.367704160977477,0.687486101224523,-5.92180207688881,"NIPSNAP2",0.48721311108992,0.434501455583047,""
"FYCO1",-0.0597549173976475,14.1499972932992,-0.907700609070184,0.372623944902389,0.692102687024575,-5.93028019943126,"FYCO1",0.490484829785396,0.428729240677446,""
"LCMT1",-0.0601549797083951,13.6510691384108,-0.817636709374294,0.421218332254597,0.729874087207784,-6.00626585036512,"LCMT1",0.517252965694916,0.375492735720745,""
"AZGP1",-0.0604412985899536,13.993853495211,-0.247697613800467,0.80637284410929,0.928511278110576,-6.30774857499789,"AZGP1",0.658024747968817,0.093464106211136,""
"PSMD10",-0.0606063353367237,13.570707607186,-0.754841217948404,0.457331989749257,0.75241876155073,-6.05479640293171,"PSMD10",0.533230104586264,0.33976841924982,""
"DYRK1A",-0.0606968540263235,10.8093117295097,-0.678179819788505,0.504356654893812,0.788033999377247,-6.06558139540009,"DYRK1A",0.558470194229906,0.297262244361675,""
"NT5C",-0.060929731455003,12.7620843611437,-0.596006589308036,0.556479830383635,0.816929818306411,-6.16091167130777,"NT5C",0.578948312715346,0.254550572051344,""
"ETF1",-0.0613485160054346,10.0689011986836,-0.302232130117659,0.76571906769804,0.912495155102945,-6.15351545578581,"ETF1",0.646674314695696,0.11593053810531,""
"PSMB4",-0.0614760029243691,13.6094746007608,-0.896960070563742,0.378218422999358,0.694855128407795,-5.93973290325768,"PSMB4",0.492435451808188,0.422257320514528,""
"SURF4",-0.0615653198418364,11.7158452278722,-0.678138329613736,0.504108295456527,0.788033999377247,-6.08894311959169,"SURF4",0.558470194229906,0.29747615588192,""
"CNIH4",-0.0616828800988216,10.459816527576,-0.392833933532099,0.698183190039285,0.881774689301534,-6.1996617912524,"CNIH4",0.624903090971206,0.156030611782316,""
"MCTS1",-0.0617108355903841,13.8829134917026,-0.907433562912509,0.372762380469004,0.692102687024575,-5.93051650121417,"MCTS1",0.490484829785396,0.428567923515257,""
"GDI2",-0.0622577670513245,15.9058231982493,-1.2445386266642,0.224737115435995,0.564126580044611,-5.58184879744075,"GDI2",0.399789705744595,0.648325197728,""
"DAG1",-0.0622745277788699,15.6403111204008,-0.814503039874242,0.42297745777683,0.730646182311377,-6.00877485727338,"DAG1",0.517800140185875,0.373682777362551,""
"EIF4H",-0.0623079096846038,13.2236424471011,-0.953113044314707,0.349574319792415,0.673915868565752,-5.88915386720559,"EIF4H",0.477596050817548,0.456460478732392,""
"GPS1",-0.0625296651936544,13.2722727659953,-0.95174606173824,0.350253853840495,0.673915868565752,-5.89041908517354,"GPS1",0.477596050817548,0.455617077477011,""
"DEPTOR",-0.0627629250702686,12.2209831234715,-0.612095282658221,0.545951144298627,0.812407050654136,-6.1512611361403,"DEPTOR",0.575743081810057,0.262846219403042,""
"NCKAP1",-0.0627715992365712,10.9537248046569,-0.838783848270271,0.409466535308556,0.718362651670718,-5.98909599541042,"NCKAP1",0.509094950120295,0.3877815862716,""
"H3-3B",-0.0628159555581451,12.2846877453106,-0.311217986953946,0.758191474496004,0.909575875222079,-6.28991602372485,"H3-3B",0.644605456241154,0.120221103317864,""
"CYRIA",-0.0628359601840884,11.2885056922127,-0.606580835084835,0.550560102384322,0.816929818306411,-6.0669871487645,"CYRIA",0.578948312715346,0.259195263960028,""
"TFAM",-0.0630205856971404,12.8734281603567,-0.929061182016644,0.361660211262265,0.681919845708982,-5.91116862631158,"TFAM",0.483268372917005,0.441699268345798,""
"LSM1",-0.0630452843467744,11.9936446597309,-0.59582584536281,0.556816075660781,0.816929818306411,-6.14089777834938,"LSM1",0.578948312715346,0.25428823483789,""
"TPPP",-0.0631164701555669,11.3735912885885,-0.671503410189568,0.508817340832156,0.792503908286433,-6.04941486816799,"TPPP",0.561637964781273,0.293438096063683,""
"PSMC3",-0.0631839712270512,14.0360305536908,-1.21460758115383,0.235760100242289,0.570710465070616,-5.6167782755551,"PSMC3",0.404455625682271,0.627529692501431,""
"PSMC5",-0.0633055571833268,12.8118572539999,-0.965406995132501,0.343502835407627,0.667443475442887,-5.8776994508218,"PSMC5",0.473009143847398,0.464069673752017,""
"IPO7",-0.0634335881932628,12.284194918646,-0.812441385402303,0.424137277959778,0.731701584373884,-6.01042056670975,"IPO7",0.518548090902855,0.372493555173526,""
"TIMM10",-0.0636618574345729,11.7248507978628,-0.596463056376638,0.556179669683966,0.816929818306411,-6.16064130716683,"TIMM10",0.578948312715346,0.254784890167002,""
"EMC2",-0.0637479939871799,11.5068007821134,-0.599030650825482,0.554492849260539,0.816929818306411,-6.15911678265395,"EMC2",0.578948312715346,0.256104050140094,""
"RGN",-0.0639489873148218,10.376019282062,-0.511286021251319,0.613595779275971,0.842775825422098,-6.20759591426024,"RGN",0.597265066339393,0.212117636418039,""
"GSTO1",-0.0639759466378145,16.99189669417,-0.729788053192857,0.472240647529978,0.763362490592734,-6.07312635895209,"GSTO1",0.540985793412529,0.325836634287744,""
"EIF3F",-0.0639831753288203,12.2619533817222,-0.736064099977571,0.468479441082786,0.760756925546444,-6.06859007464869,"EIF3F",0.53913926087887,0.32930946309042,""
"GCDH",-0.0642228513298804,12.5944172371444,-0.6415110274449,0.526975417304409,0.79995314936146,-6.13297272818759,"GCDH",0.566917152117508,0.278209643569342,""
"PDCD6",-0.0644157803697905,12.0815295891543,-0.791443327909018,0.43606205565887,0.739068849133918,-6.02695682633987,"PDCD6",0.523769182613023,0.360451702216553,""
"ELOB",-0.0645287735837972,13.1078088838886,-0.614106286263355,0.544642509772266,0.811465553218458,-6.15003733671919,"ELOB",0.57507585392879,0.263888464650432,""
"UBE2H",-0.0646737068610808,10.9128090391497,-0.69408058135528,0.493972577521166,0.781167796454602,-6.09822643875518,"UBE2H",0.553604199002718,0.306297159905914,""
"BRCC3",-0.0646820944185347,12.2663440955643,-0.571560132239493,0.572883618103056,0.823782898331643,-6.15497191549149,"BRCC3",0.583805007903357,0.241933596443296,""
"GSPT1",-0.0647501775924617,12.8169767967367,-1.12647374049373,0.270564268328014,0.600648484142594,-5.71522455496884,"GSPT1",0.425672338843377,0.56772955841324,""
"A1BG",-0.0648419833697709,12.2409981387187,-0.532335041720318,0.599150546479957,0.834791184351753,-6.19664820073163,"A1BG",0.591606447481659,0.222464040230497,""
"SNAP23",-0.0649276443443298,10.9999477882391,-0.624572102361115,0.538088395208308,0.807837265933479,-6.12349097510212,"SNAP23",0.572504530475278,0.269146374151874,""
"FN1",-0.0655692943092472,12.7407358458033,-0.498998453830793,0.622102979902713,0.847643080790602,-6.21378690456371,"FN1",0.600714431535771,0.206137718361228,""
"HADH",-0.0656361705734305,16.321912981645,-0.777114386215371,0.444315928861075,0.743379715187298,-6.03800488174665,"HADH",0.52682424141002,0.352308116890879,""
"THRAP3",-0.0656466048994915,11.4206209146595,-0.455960059409861,0.652840993332068,0.859853992136813,-6.17286056565455,"THRAP3",0.609368157182929,0.185192583085461,""
"ACSF2",-0.0656880310998478,12.1027464169514,-0.853284029573179,0.401529238082391,0.713442527181732,-5.97708383316265,"ACSF2",0.505608117215661,0.396282825290603,""
"SCARB2",-0.0660104456431529,12.2000916356571,-0.78143270146563,0.441818551794156,0.741365321687384,-6.0346955378087,"SCARB2",0.525396665023669,0.354756052220412,""
"MYCBP",-0.0660367545491933,12.2502875306175,-0.616869586277251,0.54284702722667,0.811157236721395,-6.14834937802366,"MYCBP",0.574857353744617,0.265322536140602,""
"RAB1A",-0.0663638958091237,10.3843468000032,-0.623981951201218,0.538469466524785,0.80798612097384,-6.12385631239412,"RAB1A",0.572610022247674,0.268838917984859,""
"AKAP12",-0.0663812918895879,12.7397144319228,-0.264433544459347,0.793777490176735,0.92423961259911,-6.26425606943601,"AKAP12",0.654997470123243,0.100301220912155,""
"PSMC4",-0.0666803032411813,13.859321907656,-1.39791845556982,0.174306104137614,0.504479011094167,-5.39127047446,"PSMC4",0.35751819278523,0.758687403785799,""
"PAIP1",-0.0667054703240026,12.5725722614964,-0.73874937006583,0.466875556421254,0.760226725247984,-6.06663782814103,"PAIP1",0.538763514319844,0.330798863249016,""
"DHX9",-0.0668005222469876,13.2854062226262,-0.875331957979243,0.389649439968607,0.700147520344846,-5.95844769425382,"DHX9",0.49618610616493,0.409325943622715,""
"FHL1",-0.0669628577161951,19.3553471958819,-0.976265364978658,0.338200055257119,0.664532845433478,-5.86746950664386,"FHL1",0.470946415452468,0.470826325780678,""
"SNTB1",-0.0670505598051285,13.6785419349342,-0.756889132505311,0.456125818402123,0.750865362171445,-6.05327193909933,"SNTB1",0.532129229175112,0.340915344395271,""
"COQ9",-0.0671171871955387,16.909006518845,-1.01449018902684,0.319978113933426,0.649934283864775,-5.83061713504309,"COQ9",0.460600590879932,0.494879725814472,""
"RAB12",-0.0671794306565054,16.3906205822676,-0.851169935504199,0.402680345838844,0.714159573746366,-5.97884726589608,"RAB12",0.506116279470766,0.395039567070094,""
"RPL28",-0.0678016810828748,11.7804284333791,-0.599566686718605,0.554141027353781,0.816929818306411,-6.15879770573092,"RPL28",0.578948312715346,0.256379694464284,""
"PFDN5",-0.0680478455833295,12.260674533469,-1.06623105048164,0.296415059372842,0.630679703164489,-5.77866747611614,"PFDN5",0.4469551016853,0.528099735792622,""
"OTUB1",-0.068167060117716,14.8502792094229,-1.19440532262522,0.243426333244322,0.579218138567977,-5.63992826176329,"OTUB1",0.41048491131496,0.613632442687311,""
"CUL1",-0.0682517992447949,13.0370449117444,-1.1897828001287,0.245206298132748,0.580821318775801,-5.64517673267783,"CUL1",0.411621065799102,0.61046837914069,""
"STRN3",-0.0683700590454119,11.7030627002853,-0.907588811093059,0.372681896376914,0.692102687024575,-5.93037913428853,"STRN3",0.490484829785396,0.428661703287393,""
"PSMA2",-0.0683917699992538,13.3267041625951,-1.09480762315046,0.283941317183133,0.616418908418004,-5.74896673862423,"PSMA2",0.436848648387301,0.5467714073366,""
"RPLP2",-0.0684457241298269,15.5253892360901,-0.992028850214326,0.330601499443451,0.659821655574465,-5.85243015200789,"RPLP2",0.467607652001022,0.480695181017021,""
"BDH1",-0.0686571066020516,13.5918675663131,-0.581315269043261,0.566184950261215,0.819293078891898,-6.16950585181741,"BDH1",0.580623126999039,0.247041678781185,""
"VAPB",-0.068937798011893,15.4349494750609,-0.99560969565767,0.328891852446692,0.659004635085041,-5.84898281417074,"VAPB",0.467028639430779,0.482946885049637,""
"GPI",-0.069063686710809,18.5849483159986,-1.21785775171327,0.234543836222064,0.569180892982587,-5.61302172371596,"GPI",0.403371636385153,0.629775975762737,""
"RYR1",-0.0691044092916346,15.4393405849445,-0.882350918772781,0.385915532472624,0.699701007053197,-5.95242115247863,"RYR1",0.495869667578638,0.413507741430163,""
"IGHM",-0.0691626901432194,12.4391208448421,-0.322635552102633,0.749629387458297,0.904771498780818,-6.28628408244818,"IGHM",0.641200652582397,0.125153396292098,""
"PLIN5",-0.0692342505534267,11.5355561374242,-0.571397866280327,0.5727847768026,0.823782898331643,-6.17518939441391,"PLIN5",0.583805007903357,0.242008533015989,""
"CCS",-0.0692641405301941,13.0658932659509,-0.541585440964526,0.592854375654105,0.830865838936266,-6.19170052332118,"CCS",0.58882460251261,0.227051970407393,""
"JPH2",-0.0694031293612767,13.9841867361719,-1.12834001627326,0.269790403452326,0.600325540601215,-5.7132088347385,"JPH2",0.425443472649251,0.568973502409938,""
"LDHA",-0.0695287025778768,20.8945706306417,-0.697088914308808,0.492120024966065,0.781167796454602,-6.09615840353524,"LDHA",0.553604199002718,0.30792896263241,""
"MAP1LC3B2",-0.0696298216330611,12.8279592190187,-0.666835859778882,0.51092894422136,0.793208548086914,-6.11656331252587,"MAP1LC3B2",0.562137334512208,0.291639493756262,""
"PRPS1",-0.0696619856330223,13.6992243866746,-0.564746734180592,0.577232560505092,0.825111480502541,-6.17894772875592,"PRPS1",0.584746558069489,0.238649179226406,""
"PSMD13",-0.0700768669448699,13.984836506516,-1.32788382255805,0.196103887997811,0.525756541629305,-5.48066682579589,"PSMD13",0.37259732213762,0.707513795831164,""
"RTN2",-0.0701206209304637,15.5137170387228,-0.771669150124627,0.44747717766747,0.74605560860673,-6.04215295583425,"RTN2",0.528720614813795,0.349229109768929,""
"RNH1",-0.0702777180475618,15.7397903877866,-0.975130982052633,0.338751420529068,0.664532845433478,-5.86854319034746,"RNH1",0.470946415452468,0.470118874931879,""
"BZW2",-0.0703592550935532,14.2346022044494,-0.802121743973323,0.429972353517764,0.735170780441046,-6.01859875969905,"BZW2",0.521006668328424,0.366559467910358,""
"GAPVD1",-0.0703942813615637,9.83099932100137,-0.31695105239671,0.756225417049468,0.907977396423869,-5.96132100647854,"GAPVD1",0.643472633589321,0.12134872991077,""
"MYH2",-0.0703953286689689,21.310320959108,-0.927581918269001,0.362412497508195,0.682889032122608,-5.91250550295227,"MYH2",0.483955223643104,0.44079683443545,""
"MIEF1",-0.0703967230148947,10.5635579608098,-0.42673715904098,0.673337990416337,0.870165612310415,-6.22706484764893,"MIEF1",0.616675878075336,0.171766881503055,""
"EIF4E",-0.0704014993411874,13.0362519098656,-1.1857098282712,0.246782658511296,0.581509479869366,-5.64978621774885,"EIF4E",0.412108757269126,0.607685361565295,""
"CCAR2",-0.0704648484470969,10.5433281604904,-0.597031151513073,0.556260587857846,0.816929818306411,-6.11681739998915,"CCAR2",0.578948312715346,0.254721709575999,""
"MAP2K1",-0.0710704430977671,13.4019514000605,-0.989087275773414,0.33201048585543,0.660782072912532,-5.85525347947527,"MAP2K1",0.468288288188999,0.478848199798262,""
"APEH",-0.0712083118500288,14.8865434847712,-1.38136012306149,0.1792787299363,0.508222393667099,-5.41276173018748,"APEH",0.360171082881639,0.746471233133025,""
"STARD10",-0.0715725585955322,9.93610996407006,-0.342938548849613,0.737030998134363,0.900013140457215,-5.95674832504292,"STARD10",0.637828461408795,0.132514246149634,""
"P4HB",-0.071915080513314,16.7989410605673,-1.30577649588813,0.203408239146455,0.534231136687219,-5.50806197503926,"P4HB",0.378603165479092,0.691631459754615,""
"HIBADH",-0.0719503523213465,15.0299169666197,-0.94538607262843,0.353427111358472,0.674797487574439,-5.89628342604123,"HIBADH",0.478220843579545,0.451700138865003,""
"TSNAX",-0.0722706830937003,12.6901209849217,-0.722026536213649,0.476916397096284,0.768888379365391,-6.07868488413971,"TSNAX",0.544901924161454,0.321557745618102,""
"GLRX2",-0.0724785589687542,9.97403748350877,-0.466539432844613,0.645368421691371,0.856704908090536,-6.16798601577941,"GLRX2",0.607136439287051,0.19019228873178,""
"MYH7B",-0.0725648905699678,17.0144022045047,-0.412384294068646,0.683540391900778,0.87465460130399,-6.25322751044097,"MYH7B",0.619857170452466,0.165235816924522,""
"ATG4B",-0.0726086761790423,11.1509446402767,-1.00337544350156,0.325205066214876,0.655342305812702,-5.84146727209575,"ATG4B",0.46443319083126,0.48784269735833,""
"AARSD1",-0.0726977757745129,12.6813074516031,-0.886523848921041,0.383706658350745,0.698224306560785,-5.94881683341969,"AARSD1",0.494823147743874,0.416000664549669,""
"PIP4K2B",-0.0727450154578992,10.4888107228287,-0.560301064114162,0.58021508514705,0.825953632498184,-6.18143592398446,"PIP4K2B",0.585343381035186,0.236410984063247,""
"EIF1",-0.0728329773301777,14.2348506707837,-1.0633899554933,0.297676146140292,0.63195543321339,-5.78158126644887,"EIF1",0.447859196189799,0.526255965537045,""
"HGH1",-0.0730317625856642,12.3053663632918,-0.646109626482207,0.524041476142591,0.79995314936146,-6.13003863070473,"HGH1",0.566917152117508,0.280634338689918,""
"MTPN",-0.0730562898968401,15.1229400776426,-0.947694429848519,0.352273156296393,0.674425428153281,-5.89415918732268,"MTPN",0.477957169553598,0.45312044940042,""
"ITGA7",-0.0732880491322163,12.8157724337566,-1.16287327207882,0.255760617710909,0.593270274262671,-5.67536953788759,"ITGA7",0.420443490458706,0.592166327830694,""
"TPP2",-0.0735471793946427,13.8565799933167,-1.14708072309865,0.262108590108002,0.593836536956154,-5.69280106481699,"TPP2",0.42084479400229,0.581518745648701,""
"HNRNPH3",-0.0737516959691096,13.2353352232043,-0.790695587118932,0.436490445275439,0.739068849133918,-6.02753810241157,"HNRNPH3",0.523769182613023,0.360025258509544,""
"RAN",-0.0741021493398879,14.6317667090513,-0.877549822615831,0.388467082038472,0.69970782808509,-5.95654829935093,"RAN",0.495874501561701,0.410645776592132,""
"TAPT1",-0.0741148463075021,13.6690956648609,-0.545598637172503,0.590132877419441,0.828672624539009,-6.18952813801971,"TAPT1",0.587270297912311,0.229050189319492,""
"CASTOR2",-0.0741216660542854,10.9661290969328,-0.640711925384063,0.530138051636007,0.801712472267264,-5.91403702922036,"CASTOR2",0.568163963049136,0.275611022367701,""
"RABGEF1",-0.0744071932037453,12.32878758625,-0.849709580849599,0.404543741363047,0.715654745634623,-5.91902124522782,"RABGEF1",0.50717588976106,0.393034513345756,""
"RPS7",-0.0744439689873264,11.9521598850499,-0.812125011995443,0.424315433785553,0.731701584373884,-6.01067276111785,"RPS7",0.518548090902855,0.372311171188847,""
"TNNI1",-0.0744958868972212,14.2685766723457,-0.272882620379479,0.787164271815087,0.921197551254406,-6.30116014535009,"TNNI1",0.652841597925624,0.103934626093086,""
"HSPA1A",-0.0746559073094168,18.1454453656788,-0.97107690504704,0.340726896102835,0.66656879469674,-5.87237089894966,"HSPA1A",0.47238926814841,0.467593582992127,""
"HNRNPUL2",-0.0746985855992559,12.0093604860504,-1.13958253090056,0.26516266443591,0.597919902654065,-5.70100252558815,"HNRNPUL2",0.423738626040281,0.576487625708214,""
"CHCHD3",-0.0748301980341495,15.0565581834061,-0.652675700120051,0.519867708924114,0.798082239737195,-6.12581410391421,"CHCHD3",0.565591261023881,0.284107157506989,""
"SBDS",-0.0748310834558374,13.0333890548004,-0.902530278652968,0.375310224529497,0.692745917348616,-5.93484372515646,"SBDS",0.490940679360777,0.425609603995511,""
"CSNK2A1",-0.0748533454675542,13.4717155475946,-1.23082668968902,0.229737560876695,0.564421025748772,-5.59794381388326,"CSNK2A1",0.399998375865076,0.63876799414799,""
"EPS15L1",-0.0748947722749165,10.0199215218737,-0.518238388919605,0.608806584399881,0.842775825422098,-6.20402772361409,"EPS15L1",0.597265066339393,0.2155206592055,""
"STRIP2",-0.0754894905126022,10.7914214536125,-0.540032787871736,0.593908922069745,0.831363408888805,-6.19253679001023,"STRIP2",0.589177224338899,0.226280150431763,""
"EIF5",-0.0755916420623723,14.2422776209042,-1.4481719738379,0.159881324315512,0.484685099410497,-5.32471695810243,"EIF5",0.343490486225253,0.796202263085582,""
"APOA2",-0.0758881500036459,13.5331403257799,-0.60116170856704,0.553094836062031,0.816929818306411,-6.15784662526979,"APOA2",0.578948312715346,0.257200396277235,""
"PLCB1",-0.076244995035557,9.21134406099359,-0.328843774758271,0.746751042264869,0.903457685203062,-6.02199779870569,"PLCB1",0.640269568740162,0.12682416256439,""
"PYGB",-0.0764131081803043,18.2687047786369,-1.35111185607097,0.18865049267937,0.518879378137308,-5.45145479665792,"PYGB",0.367723559287082,0.724342056258626,""
"IPO5",-0.0768563708112477,14.66145363209,-1.43792759558987,0.16274163230211,0.487374627145085,-5.33844533201512,"IPO5",0.345396522103793,0.788501332335465,""
"ZYG11B",-0.0769025519054054,10.4948941269909,-0.482936851011327,0.633304181253426,0.852536300362762,-6.22165681692672,"ZYG11B",0.604182197250237,0.198387644628143,""
"PLIN4",-0.0770483965457682,13.5586775890038,-0.881259891753042,0.386494405613258,0.69970782808509,-5.95336088316066,"PLIN4",0.495874501561701,0.412856787978193,""
"PPP6R3",-0.0770591728496797,10.9034597556088,-0.925414308167666,0.363516721126442,0.684070205350218,-5.91446088243251,"PPP6R3",0.484792306868401,0.439475607567185,""
"EPDR1",-0.0770982046023008,13.31121705479,-0.788737731305807,0.43761334158418,0.739068849133918,-6.02905762019694,"EPDR1",0.523769182613023,0.358909446071188,""
"PPID",-0.077470056169135,12.2986008625554,-0.807925650485086,0.426684565123854,0.732367240725613,-6.01401142861503,"PPID",0.519019833533673,0.369893067013619,""
"TALDO1",-0.077798440117764,15.4839762752227,-1.21050253046569,0.237303027329415,0.572002082696471,-5.62151018551678,"TALDO1",0.405370979521004,0.624696721352515,""
"CSE1L",-0.0778248741515561,13.3134289416342,-1.01454051558767,0.319954579954111,0.649934283864775,-5.83056775663847,"CSE1L",0.460600590879932,0.494911668790525,""
"RPS6KA3",-0.0778352804004676,13.7742038298456,-1.62532905433889,0.116518773297867,0.415868996602348,-5.07460281041172,"RPS6KA3",0.294721343863651,0.933604096244609,""
"PSMB6",-0.0779091847657316,13.9043504614402,-1.29024335194502,0.208664850712207,0.540461544214294,-5.52707122982419,"PSMB6",0.383018580175065,0.68055070104166,""
"DHRS11",-0.0780715690025282,11.7377805491535,-0.693779610460053,0.4941581350217,0.781167796454602,-6.09843286374803,"DHRS11",0.553604199002718,0.306134050717054,""
"PSMA6",-0.0781588374858888,14.9937800053227,-1.20606492915225,0.23897944184811,0.574055993305851,-5.62660944733798,"PSMA6",0.406826561206385,0.621639457528599,""
"PSMA5",-0.0782962828372131,15.2046170324143,-1.62774797236476,0.116002021079745,0.415058417496318,-5.07102531853216,"PSMA5",0.294146896224156,0.935534444082267,""
"ABCE1",-0.0784657332124468,12.8069032356695,-1.03015610974189,0.31271026098312,0.644768063293252,-5.81513777357239,"ABCE1",0.456939352648722,0.504857867988807,""
"NOMO3",-0.0788276064010454,11.8993810698179,-0.500900310698111,0.622434066363053,0.847643080790602,-6.00738884263102,"NOMO3",0.600714431535771,0.205906646049508,""
"OCIAD1",-0.0790329457344559,14.0685528794696,-1.74150533554953,0.0937750520363312,0.374838631989017,-4.89802585240812,"OCIAD1",0.265643619155023,1.0279126861846,""
"SLC16A3",-0.0793250063003246,12.2306379140554,-0.608138314537857,0.54853090797879,0.814554187703219,-6.15365778732777,"SLC16A3",0.577264731949248,0.260798896281701,""
"THOC2",-0.079350715958924,18.1099077020967,-0.783813861536073,0.440445126013361,0.740204043100078,-6.03286327247732,"THOC2",0.524573680890091,0.356108191574494,""
"UBE2L3",-0.0797692644844936,15.2046540956336,-0.959932373111076,0.346197659429365,0.671768782616492,-5.88281703306942,"UBE2L3",0.476074436892186,0.460675872625696,""
"MICAL3",-0.0797878226825048,13.7827929841397,-0.604011380976589,0.551228265771202,0.816929818306411,-6.15614131497462,"MICAL3",0.578948312715346,0.25866852086509,""
"PGK1",-0.0798315287674072,20.3606409766006,-1.29709266618032,0.206334223410964,0.539017831459592,-5.51871354704071,"PGK1",0.381995438352292,0.685428732250579,""
"CDC34",-0.0799635474581528,12.0395457139753,-0.598264705992113,0.554995770619091,0.816929818306411,-6.15957223259238,"CDC34",0.578948312715346,0.255710326433701,""
"IDI2",-0.0800371475211623,14.1644654732925,-0.339759222153184,0.73696499320997,0.900013140457215,-6.26045750967237,"IDI2",0.637828461408795,0.132553141200407,""
"PON1",-0.0800421791674246,10.6816064659473,-0.480697110694688,0.635227346515073,0.852801806502891,-6.18060757659364,"PON1",0.604370358250606,0.197070813816238,""
"RCN3",-0.0802306609539478,9.87200365495015,-0.636750820078779,0.532200591759923,0.803205316473902,-5.97337006081758,"RCN3",0.569221923739531,0.273924646887361,""
"HNRNPK",-0.0806362679133219,14.9930089876611,-1.11594269009473,0.274961285713401,0.604256204346988,-5.72654248660927,"HNRNPK",0.428229086654852,0.560728450113886,""
"IGKV3-7",-0.0809011358302119,13.7741505753466,-0.419745802961424,0.678223499509776,0.872540725018708,-6.25016235413354,"IGKV3-7",0.618359091815563,0.168627166591825,""
"NAGK",-0.0810813087072955,12.796492197267,-1.19642442460975,0.242651878030844,0.578088347827431,-5.63763006670383,"NAGK",0.40968424223874,0.615016343065876,""
"LEMD2",-0.0810857684182391,11.9882098590987,-0.653053186452963,0.519628311023764,0.798082239737195,-6.1255699799195,"LEMD2",0.565591261023881,0.284307195192452,""
"RTCA",-0.081278354755824,14.2150623220766,-1.14759823532403,0.26189875743389,0.593836536956154,-5.69223323241131,"RTCA",0.42084479400229,0.581866562059247,""
"ARHGDIA",-0.0812890011725891,15.6665650088418,-1.42011099909147,0.167813474675568,0.495828266412553,-5.3621250503919,"ARHGDIA",0.351387514329234,0.775173170192096,""
"DAZAP1",-0.0813485862509946,11.7878276536732,-1.15405293780518,0.259291941809006,0.593836536956154,-5.68513160382506,"DAZAP1",0.42084479400229,0.586210979884186,""
"MCCC1",-0.081605540129738,11.9342802345347,-1.05434745852095,0.301715153676476,0.634049350104583,-5.79080793517847,"MCCC1",0.449343129844755,0.520402876789541,""
"FABP3",-0.0817657180636822,19.3961121348074,-1.05946212131325,0.299425861065727,0.632870114660502,-5.78559792946006,"FABP3",0.448507419903282,0.523710692860336,""
"GPC4",-0.0819565577656256,10.3633737363121,-0.469411794835639,0.644052973470528,0.856114545660212,-6.0889463206755,"GPC4",0.606718056550532,0.191078410373442,""
"TBC1D17",-0.0821585073918811,12.0146058877166,-1.12466340405928,0.271316477852523,0.601852186939111,-5.71717698307729,"TBC1D17",0.426525388502526,0.566523829448465,""
"STIP1",-0.0822528577941348,15.5928972431275,-1.19786502228309,0.242100440208822,0.5777351054442,-5.63598823074041,"STIP1",0.409433903620699,0.616004420884213,""
"CTNNA1",-0.0824254905442157,10.2699922975514,-0.491085586648057,0.628178364604675,0.852039371962612,-6.15625449049507,"CTNNA1",0.603830030084392,0.201917025426546,""
"GAPDH",-0.082575252469713,20.8460082839774,-1.12261064628807,0.272171251661171,0.60198944066315,-5.71938743478005,"GAPDH",0.426622658561918,0.56515774946434,""
"PFKL",-0.0826817443560692,16.4572284289872,-0.672551038908576,0.507345426145516,0.791105544794912,-6.11277536699905,"PFKL",0.560646961434551,0.294696250552498,""
"SRSF1",-0.0829077706596859,11.6521912292794,-0.676583112289222,0.504825688365884,0.788033999377247,-6.11008422109172,"SRSF1",0.558470194229906,0.296858553859604,""
"SOD1",-0.0832836433031687,17.2225313379978,-1.39299466877656,0.175773230361843,0.505281923989009,-5.39768393089003,"SOD1",0.358087207473284,0.755047265731993,""
"GNPDA1",-0.0833104305011769,12.3940549040964,-1.37002894085187,0.182745572355422,0.510100708497042,-5.4273424203893,"GNPDA1",0.361502221955248,0.738153136530989,""
"PCYT2",-0.0833313546923211,13.7726470303489,-1.09708639030458,0.282963083771296,0.615176392940834,-5.74656764251211,"PCYT2",0.435968092649329,0.548270220165458,""
"EIF4B",-0.0835253526009012,10.7180677468493,-0.329451322973054,0.744533678463625,0.903018841505183,-6.28405414002303,"EIF4B",0.639958565502504,0.128115652458347,""
"EHD1",-0.0835716021770097,12.4513683973687,-1.48068335064031,0.151070120375566,0.47683586453345,-5.28060744601734,"EHD1",0.337927828104151,0.820821424735904,""
"COQ7",-0.0844153007787423,13.5273732192319,-1.31274657504671,0.201082950569907,0.531137487942346,-5.49946780157237,"COQ7",0.376410733912949,0.696624750821982,""
"WDR77",-0.0846615198780025,12.3057546372154,-1.44921926391411,0.159591197158184,0.484685099410497,-5.32330887388032,"WDR77",0.343490486225253,0.796991067440555,""
"EIF4A2",-0.0846768445950552,15.1567739400598,-1.37225962492547,0.182058946373143,0.510100708497042,-5.42448015925628,"EIF4A2",0.361502221955248,0.739787974983133,""
"H6PD",-0.0847522854136784,12.3773867974266,-1.1182806827167,0.273980664917581,0.60404275544358,-5.72403808241287,"H6PD",0.428077817990506,0.562280084682864,""
"TRIM55",-0.0851558253787026,11.7451310470466,-0.681691251373989,0.501643559113844,0.788033999377247,-6.10665262610707,"TRIM55",0.558470194229906,0.299604759534943,""
"PPP1R1A",-0.0851860582782269,12.9874167698455,-0.734401524006109,0.469474100082197,0.761036635087996,-6.0697953925417,"PPP1R1A",0.53933748765858,0.328388361867833,""
"COPS7A",-0.0853516595522255,14.2733028330791,-1.23619581205085,0.227769648231644,0.564421025748772,-5.59166029312878,"COPS7A",0.399998375865076,0.642504148930056,""
"SCRN3",-0.08542500062382,12.5101047345488,-1.25960701792133,0.219337571443777,0.558278401205919,-5.56398063627426,"SCRN3",0.395645171911644,0.658886969448273,""
"SNRPC",-0.0854871110917141,10.7310974599504,-0.67967216009962,0.502900010363541,0.788033999377247,-6.10801200124991,"SNRPC",0.558470194229906,0.298518355429324,""
"DDX3Y",-0.0858056977054478,13.800538327624,-1.45975736200952,0.156695307932164,0.483410928453801,-5.30909276957142,"DDX3Y",0.342587496630603,0.804944007805045,""
"SURF1",-0.0858495479641359,12.8072934784827,-0.771782398238664,0.44741129333646,0.74605560860673,-6.04206696846941,"SURF1",0.528720614813795,0.349293057852697,""
"ATP6V1E1",-0.0861538977602194,11.616351046359,-0.941514044420862,0.355368434412401,0.676734839219894,-5.89983580067182,"ATP6V1E1",0.479593821332515,0.449321151008304,""
"LACTB",-0.0861744280299295,13.9727189197677,-1.12677768145081,0.270438127124286,0.600648484142594,-5.71489648050287,"LACTB",0.425672338843377,0.567932080362027,""
"SPTB",-0.0862513457949046,14.7007012017802,-1.30541346602269,0.203529915983533,0.534231136687219,-5.50850850498028,"SPTB",0.378603165479092,0.691371746676217,""
"BCAP31",-0.0862515188930377,11.6394851886746,-1.15193955639775,0.260583893305941,0.593836536956154,-5.66787513142126,"BCAP31",0.42084479400229,0.584052431541811,""
"SNX3",-0.0863514012391366,12.5973779431994,-1.02052551604713,0.317164398432851,0.649934283864775,-5.82467946764959,"SNX3",0.460600590879932,0.498715567987172,""
"SYNE2",-0.0866102266552957,11.820128957969,-1.38358084855147,0.178605399515954,0.507771068442885,-5.40989211853555,"SYNE2",0.359851234136754,0.748105415858798,""
"FLOT1",-0.0868758887574845,11.1206242444057,-0.594048013266216,0.557768688205633,0.816990184753129,-6.16206944795929,"FLOT1",0.578991093688312,0.253545869634687,""
"MATR3",-0.0875011293958288,11.603689124189,-1.08636312827184,0.287587541914164,0.620652029462345,-5.75781769156609,"MATR3",0.439848610233744,0.541229931206822,""
"FDX2",-0.0875493831638288,10.0265548601534,-0.421961771859362,0.677731882357216,0.872540725018708,-6.11834006073761,"FDX2",0.618359091815563,0.168942083481829,""
"UFM1",-0.0878040711303516,11.7680543160094,-0.90203831168991,0.375566488694095,0.692745917348616,-5.93527668306336,"UFM1",0.490940679360777,0.425313166204978,""
"RIC8A",-0.087970239018393,11.5822212838961,-0.904778259963551,0.374140715507706,0.692745917348616,-5.93286256872365,"RIC8A",0.490940679360777,0.426965027545853,""
"APOC1",-0.0884128452973112,11.7262901485739,-0.612567685595373,0.545643585710428,0.812371177478486,-6.15097400440118,"APOC1",0.575717658922988,0.263090945760873,""
"YWHAE",-0.088781438376202,17.7023189658102,-1.66905557596633,0.107468462939913,0.398930947222663,-5.00927648333069,"YWHAE",0.282717552486091,0.968718962544679,""
"FAM185A",-0.0889344668317271,12.2055748647665,-0.890140957116748,0.382142240828175,0.697148098162667,-5.92570916733358,"FAM185A",0.494060451827703,0.417774954081671,""
"POLR2I",-0.0890208935352383,10.1939475726661,-0.394351220931909,0.697660134759257,0.881774689301534,-6.1278197169179,"POLR2I",0.624903090971206,0.156356092484116,""
"SHOC2",-0.0890729119814431,10.9587315977784,-0.645540995100051,0.524403785674451,0.79995314936146,-6.13040253875615,"SHOC2",0.566917152117508,0.280334181795855,""
"TMEM143",-0.0894394486313139,13.2729266096535,-1.23233130314901,0.229184794762955,0.564421025748772,-5.59618538915342,"TMEM143",0.399998375865076,0.639814198962919,""
"L2HGDH",-0.0898161158940791,13.6140792605382,-1.20454092489165,0.239557211442358,0.574055993305851,-5.62835685167532,"L2HGDH",0.406826561206385,0.620590750948678,""
"HNRNPAB",-0.0898675515767788,13.5237768569752,-1.00285182693986,0.325452753357897,0.655342305812702,-5.84197570934218,"HNRNPAB",0.46443319083126,0.487512049938404,""
"CAV2",-0.0903283799529095,11.5085677033107,-0.764037871349006,0.451930284150245,0.749121488951358,-6.04791955138144,"CAV2",0.53089336724948,0.344928555330315,""
"HNRNPH1",-0.0903684120593979,13.5132994402732,-1.44734109791093,0.16011179966934,0.484685099410497,-5.32583346358194,"HNRNPH1",0.343490486225253,0.795576660944859,""
"TXNDC12",-0.0904633885214441,12.5429695436622,-0.887708987500814,0.383080823263514,0.697971798775099,-5.94779027628841,"TXNDC12",0.494644198520581,0.416709587926316,""
"COASY",-0.0904734692835731,13.2900568271912,-1.34943383693803,0.189181407889546,0.519651164742793,-5.45357973857227,"COASY",0.368270515149151,0.723121546833429,""
"GAMT",-0.0906852550524722,14.9480614830898,-1.41150653792214,0.170307577204998,0.500207905271262,-5.3734715371223,"GAMT",0.354491311584191,0.768766029282771,""
"SPARCL1",-0.0912328369796676,11.5008934733588,-0.484354541784047,0.633603868215593,0.852539289345489,-6.06370894307774,"SPARCL1",0.604184315506258,0.198182179998805,""
"MDH1",-0.0915654869386593,19.0606268012847,-1.6349811030814,0.114468191394539,0.412661429605974,-5.0603022960178,"MDH1",0.292448179806153,0.941315179009867,""
"VPS35L",-0.0916664799863938,20.389695042175,-1.2951123727271,0.207005992583922,0.539835463826679,-5.52113390700838,"VPS35L",0.382574884552857,0.68401708203845,""
"PSMB2",-0.0918804152889567,13.8761995105268,-1.35221917704671,0.188300781454798,0.518674999974986,-5.45005130764861,"PSMB2",0.367578718947581,0.725147877642377,""
"PSMD7",-0.0919542270642193,13.3619400491182,-1.0893873944244,0.286277870266506,0.619230690545314,-5.75465500470318,"PSMD7",0.438841324479972,0.54321222233327,""
"UBE3A",-0.0920048050794726,12.5923460444487,-1.41664662173759,0.168814146079667,0.498210350004844,-5.36670046907117,"UBE3A",0.353075668250905,0.772591163711978,""
"DDAH2",-0.0921893093492425,10.333737508069,-0.720276401692385,0.478859454061937,0.770138574994798,-6.00918626943576,"DDAH2",0.545787922730718,0.319791933938039,""
"SUN1",-0.0923717969988225,11.9452037257451,-1.33926213904598,0.192424696514126,0.523948644985731,-5.46641184985225,"SUN1",0.371316087583677,0.715739189722852,""
"KTI12",-0.0924035905419487,10.9874304736981,-0.441396877908555,0.662684919731388,0.863655301254519,-6.24083773770494,"KTI12",0.612062099123214,0.178692912239689,""
"BLMH",-0.0926178847858541,15.330559538266,-0.919807601995809,0.366383228853371,0.687208333700106,-5.919498846631,"BLMH",0.487016260594339,0.436064414324975,""
"CASQ1",-0.0926314147913274,18.6302779266623,-1.74655148349734,0.0928791200541177,0.373864547858288,-4.89013955067733,"CASQ1",0.264953297475864,1.03208190779846,""
"TMX3",-0.0927677951207784,12.315428590574,-1.22240244499842,0.232851051204696,0.567958393832051,-5.60775406159618,"TMX3",0.402505265976534,0.632921797106949,""
"ADPRS",-0.0933769965658779,12.7454803033059,-1.44453776080556,0.160891378242525,0.485743135679894,-5.32959652125319,"ADPRS",0.344240303772897,0.793467228007993,""
"RBBP7",-0.0937589454715386,12.4051007274505,-1.1389251525098,0.26543165448063,0.598055913318777,-5.70171925594367,"RBBP7",0.423835015158516,0.57604728589321,""
"KPNA6",-0.0941518690711245,10.7780925491376,-0.648185912681872,0.522959423462988,0.79995314936146,-6.10859890337555,"KPNA6",0.566917152117508,0.281532006830154,""
"RDX",-0.0950776720472746,13.0408668704537,-1.81845183787401,0.0808851685714629,0.348245573418264,-4.77586397301829,"RDX",0.246797439171783,1.09213110506361,""
"COPZ1",-0.0952271618768741,12.5212350418482,-1.21714828249361,0.234808927777535,0.569342120990199,-5.61384248776974,"COPZ1",0.403485896730262,0.62928539460156,""
"GLUL",-0.0952675916112753,11.4330089518855,-0.627057233563196,0.536254619075902,0.805928546550359,-6.14206282637548,"GLUL",0.571151844061413,0.270628953957735,""
"PHYH",-0.0954383034902975,10.1734609614752,-0.515463629288791,0.613628178476993,0.842775825422098,-5.94479556691825,"PHYH",0.597265066339393,0.212094705323618,""
"CP",-0.095633389762714,12.8631406873863,-0.99222825916295,0.330506133128745,0.659821655574465,-5.85223847903407,"CP",0.467607652001022,0.480820476997534,""
"TIMM23",-0.0958272966928959,9.2227290872067,-0.52493473541043,0.608310906298674,0.842775825422098,-5.87799771903321,"TIMM23",0.597265066339393,0.215874397078304,""
"AP4S1",-0.096053262503311,10.4760177605584,-0.657080799654641,0.517321344780559,0.79709109646095,-6.10285107319454,"AP4S1",0.564888849733973,0.286239602145389,""
"NAXD",-0.0962937431470152,13.0146169748845,-1.04760580194323,0.304751511937978,0.637531265119886,-5.79764008688651,"NAXD",0.451810721035522,0.516054131075645,""
"SUN2",-0.0966361926831283,13.9195419306758,-1.18422958057324,0.247357419228732,0.581509479869366,-5.65145796211841,"SUN2",0.412108757269126,0.606675058892783,""
"PARK7",-0.096797599789145,16.3053968206505,-1.49906442787149,0.146264651292867,0.469948980499278,-5.25530737449079,"PARK7",0.333047176422571,0.834860619899148,""
"IMPA1",-0.0969562390683851,14.9076870759317,-1.80850135198577,0.0824613392341296,0.352989587967749,-4.79188934120267,"IMPA1",0.250159465085607,1.08374961620857,""
"DUSP22",-0.0969926181916954,10.5633669415086,-0.715265074760827,0.48128020422643,0.773145393129985,-6.06339597589051,"DUSP22",0.547918818490672,0.317602001135922,""
"RNF181",-0.0971031143149101,11.4333855723968,-0.773384178137179,0.446480052678426,0.745628604434641,-6.04084947726566,"RNF181",0.528418002105317,0.350197939250695,""
"NRBP1",-0.0975728173501711,11.0881942007483,-1.40296468616247,0.172812570250281,0.503237530295617,-5.38467754069079,"NRBP1",0.356638370311521,0.762424670469512,""
"RPS19",-0.0976994740112307,12.810497414754,-1.4526970104594,0.158630796656187,0.484685099410497,-5.31862689347361,"RPS19",0.343490486225253,0.799612494701503,""
"SIGLEC1",-0.0977024781979203,15.2667887826166,-0.982400120868404,0.338099804022799,0.664532845433478,-5.70712658894309,"SIGLEC1",0.470946415452468,0.470955080969936,""
"ABCB7",-0.0979952963162578,11.0145159909254,-0.616461018198792,0.543851220253448,0.811465553218458,-6.08720987269745,"ABCB7",0.57507585392879,0.264519892692078,""
"CSDE1",-0.0979959694417705,13.3278239527807,-1.05562454181034,0.301142384637162,0.634049350104583,-5.78950920100824,"CSDE1",0.449343129844755,0.521228114900427,""
"HEBP2",-0.0980427700472664,16.0132484555119,-1.34274840569177,0.191308237867872,0.522678178960268,-5.46202317607962,"HEBP2",0.370415723629122,0.718266328542856,""
"CPNE1",-0.0981204260758375,13.0497148469148,-0.803143513095172,0.429392414231193,0.73484681346659,-6.01779344196423,"CPNE1",0.520777076839615,0.367145632202132,""
"PMVK",-0.098725145931013,12.3128485535465,-0.863201416980938,0.397672229022296,0.708345934355439,-5.87932049728392,"PMVK",0.501996223328011,0.400474736405242,""
"DCUN1D2",-0.098938971143534,12.1290152553132,-0.942227685592586,0.355010100036171,0.676501959244459,-5.8991820927981,"DCUN1D2",0.479428782101699,0.44975929109257,""
"PKM",-0.0995281810616007,19.6081809035643,-1.89190964312307,0.0700326410820917,0.32114167894604,-4.65551152891396,"PKM",0.227589235944191,1.15469949516064,""
"CREG1",-0.0997391241673284,11.9790989551686,-0.383488825281184,0.704701086338051,0.883883288159674,-6.24460432205003,"CREG1",0.62639742955912,0.151995059011803,""
"STX7",-0.0998599438279104,9.48500257981959,-0.641900302954748,0.526726712542042,0.79995314936146,-6.13272513919071,"STX7",0.566917152117508,0.278414656171794,""
"TRIM21",-0.0999248746250867,10.3632405507696,-0.435173867235261,0.667451997707148,0.867142985235125,-6.20002972610625,"TRIM21",0.614533778710136,0.175579962743216,""
"RPS17",-0.100435247801219,11.6236488846559,-1.19354083002782,0.243758484108065,0.579280112316513,-5.6409111943415,"RPS17",0.410528831363346,0.6130402595794,""
"AP1G1",-0.100598557942918,8.84220704773497,-0.255075154902705,0.804255748875699,0.928311307401431,-5.64822709943941,"AP1G1",0.657883031138243,0.0946058260479137,""
"SUB1",-0.100739741795511,12.6119356968729,-1.11696210957554,0.274533400141944,0.604256204346988,-5.72545108956432,"SUB1",0.428229086654852,0.561404811086657,""
"APOA1",-0.10074111069029,16.2031235875151,-0.686645318391455,0.498568194786522,0.785804227218637,-6.10330080291175,"APOA1",0.556889981584904,0.302275429942316,""
"HMGB1",-0.100874412302431,14.2304003797613,-0.966177657989792,0.343124628419932,0.667443475442887,-5.87697688308099,"HMGB1",0.473009143847398,0.464548108516247,""
"PFDN6",-0.101427827369831,14.5202114351356,-1.60237952139447,0.121517439750807,0.422828636081472,-5.10833090461957,"PFDN6",0.299653556451874,0.915361389193083,""
"SBSN",-0.101825361614347,11.4922255302369,-0.364121232703499,0.718800880513732,0.891425064280552,-6.27199638996912,"SBSN",0.631742195366679,0.143391399562478,""
"RFC4",-0.101829305017588,12.9096492359725,-0.66517988043516,0.511969887314148,0.793996589308629,-6.1176550496432,"RFC4",0.562695809824822,0.290755582301304,""
"GLG1",-0.10187791478347,12.2329975682438,-1.13225231620974,0.268173367381351,0.600082854049197,-5.7089734993811,"GLG1",0.425271483615847,0.571584354648609,""
"MAPRE3",-0.102056341306858,10.7680202210932,-0.995293778335005,0.329042439918595,0.659004635085041,-5.8492874135863,"MAPRE3",0.467028639430779,0.482748083102415,""
"RALA",-0.10210343391682,13.6781107020109,-1.67064035795637,0.107151846112915,0.398930947222663,-5.00688291159417,"RALA",0.282717552486091,0.970000342123363,""
"HMOX1",-0.102105095086474,10.656806163568,-0.72535351526532,0.475478289106404,0.767297734560222,-6.03292070725919,"HMOX1",0.543774653366036,0.322869308666736,""
"ADH5",-0.102949398707903,14.1355646282014,-1.38924353215281,0.176897484817874,0.50648170977825,-5.40255700853738,"ADH5",0.358937481196602,0.752278341977126,""
"TMEM205",-0.103085556499257,13.372717783333,-0.814118688528158,0.423193531973792,0.730646182311377,-6.00908196418924,"TMEM205",0.517800140185875,0.373460978613602,""
"GATM",-0.103088954603038,10.9159269129826,-0.395214350844057,0.698163655892235,0.881774689301534,-5.96603450568773,"GATM",0.624903090971206,0.156042762878296,""
"ANP32A",-0.103215401684245,9.97171507458854,-0.593798757113782,0.558384335319187,0.816990184753129,-6.11872771759072,"ANP32A",0.578991093688312,0.253066773729921,""
"ISCA2",-0.103263998022866,13.3439265982045,-1.07655148058209,0.291866005293684,0.625065190612564,-5.76802342750347,"ISCA2",0.442976164332524,0.534816485940815,""
"TPM1",-0.103391187907238,21.0975765206045,-1.71406575907826,0.0987764259918685,0.383617784760634,-4.94059757362096,"TPM1",0.271865298876219,1.00534669188261,""
"UBE2M",-0.10362207502418,13.1982840448655,-1.00275115229782,0.325500390545766,0.655342305812702,-5.84207343747645,"UBE2M",0.46443319083126,0.487448486015085,""
"PAICS",-0.103863584950947,12.1076227899542,-1.34304776139499,0.19121260681568,0.522678178960268,-5.46164587454531,"PAICS",0.370415723629122,0.718483477698035,""
"OLA1",-0.104024516776221,14.7153444490452,-1.75493208599327,0.0914072582599307,0.370350842472674,-4.87700290381223,"OLA1",0.262463176832946,1.03901931742721,""
"PSMB5",-0.104097298329517,13.8631619569897,-1.22679336826512,0.231224285115453,0.565434130666286,-5.60264814943596,"PSMB5",0.400716351105366,0.63596655460379,""
"THTPA",-0.104111399104616,10.5315022560731,-0.72723811608944,0.475411200728886,0.767297734560222,-5.96789127365018,"THTPA",0.543774653366036,0.322930590471858,""
"PPP3CA",-0.104305440053986,12.2598026552149,-1.92551650129413,0.0655050454788623,0.31341813078868,-4.59926874126266,"PPP3CA",0.222115650485958,1.18372524750077,""
"TMED10",-0.104479188829643,13.1918336985543,-1.31220932377627,0.20126144867599,0.531137487942346,-5.50013165062082,"TMED10",0.376410733912949,0.696239405591711,""
"LMAN2",-0.104672406292547,10.7944861037687,-1.37824066807285,0.181841671521501,0.510100708497042,-5.35016448219681,"LMAN2",0.361502221955248,0.740306585151388,""
"RPL27A",-0.104674395959623,13.7522802789031,-0.622273846895453,0.539573230827307,0.808795439095743,-6.12491184355662,"RPL27A",0.573183576242921,0.267949604575313,""
"SMAD2",-0.104965072223594,10.9436116093346,-0.741548379778037,0.465791257594921,0.760226725247984,-6.02122489996872,"SMAD2",0.538763514319844,0.331808666969039,""
"SUOX",-0.105045499194064,11.7180193006648,-0.988342028417274,0.332368104626641,0.660782072912532,-5.85596754043256,"SUOX",0.468288288188999,0.478380659524728,""
"ACTA2",-0.105208730682865,19.5001962252305,-2.68461770987048,0.0126460755317133,0.139766113678728,-3.15727770828214,"ACTA2",0.099050559639054,1.8980442285873,""
"STRN",-0.105472037570115,9.41634866117499,-0.42998918536545,0.675335896809932,0.871595582186739,-5.74926520597379,"STRN",0.617689280485898,0.17048016517374,""
"KLHL40",-0.105651431104018,16.7238731883302,-0.796158484274682,0.433366611824254,0.737546739601136,-6.02327935428724,"KLHL40",0.522690481938834,0.363144551389647,""
"MUL1",-0.1056796406543,11.4971954762594,-0.252201075562432,0.807901935141202,0.928965034058471,-5.60692638192573,"MUL1",0.658346319338268,0.0926413516161481,""
"SMYD5",-0.106004448734245,11.3428142024933,-1.1334353791928,0.267685775387808,0.600082854049197,-5.70769015295434,"SMYD5",0.425271483615847,0.572374706268119,""
"ACTA1",-0.106010112128754,20.8554533567088,-2.38987428866119,0.0246349538462745,0.1945007650783,-3.75281005147492,"ACTA1",0.137840347163934,1.60844824704148,""
"AASS",-0.106060468882802,10.7312627321488,-0.803628520757498,0.432556932279732,0.736606160376538,-5.79916402146375,"AASS",0.52202390478269,0.363956723464586,""
"G3BP1",-0.106103148157661,13.3144838426872,-1.59755971766665,0.122589536857188,0.424325619121618,-5.11536513550745,"G3BP1",0.300714450283675,0.911546595715666,""
"LANCL1",-0.106340270398645,13.7887760792657,-1.36931085985132,0.182967037102219,0.510100708497042,-5.4282629637467,"LANCL1",0.361502221955248,0.737627144663389,""
"MACROD1",-0.106902489528654,17.1150862253859,-1.82331502555021,0.0801243110604941,0.346882591388786,-4.76800743178257,"MACROD1",0.245831510240625,1.09623569168732,""
"HNRNPDL",-0.107255079990455,15.8402312759846,-1.8855593225051,0.0709181147663034,0.324164779777074,-4.6660566275104,"HNRNPDL",0.229731671054375,1.14924281787476,""
"TLN2",-0.107345984592344,12.1441620951041,-1.34154981837517,0.191691507865946,0.523226534803621,-5.46353312335292,"TLN2",0.370804336803918,0.717397126395025,""
"COMMD3",-0.108332536656413,12.7377556717708,-0.934281326654987,0.35901378319987,0.679071997671611,-5.90643509271377,"COMMD3",0.481250137348712,0.444888877737171,""
"NUTF2",-0.108452779036563,15.571105692587,-1.76339438886685,0.0899412602498565,0.368225757565323,-4.86368876764103,"NUTF2",0.260957154780723,1.04604103142536,""
"SGCB",-0.10850404043576,14.4263267384218,-1.28361211812792,0.210940491498732,0.545627661223256,-5.53512602388092,"SGCB",0.386679745012737,0.675840046402992,""
"DOHH",-0.108573787652443,11.2822380100687,-1.05522963275073,0.301319418415104,0.634049350104583,-5.7899109583796,"DOHH",0.449343129844755,0.520972879482366,""
"DDX6",-0.109237475760139,12.1079326478546,-1.06022522267625,0.299085357430857,0.632870114660502,-5.7848186312403,"DDX6",0.448507419903282,0.524204848562273,""
"PDIA6",-0.109632997782995,13.4190439355039,-1.56128948033822,0.130910873774248,0.442441703109665,-5.16774644964388,"PDIA6",0.313553100584913,0.883024278399433,""
"CACNG1",-0.109656061521259,14.5332950553457,-1.08085585883218,0.289983485915356,0.624075794290645,-5.76355652084911,"CACNG1",0.442274991088084,0.537626733756377,""
"CCDC47",-0.109656451382559,10.7815213746605,-1.11788762622188,0.275041267600567,0.604256204346988,-5.6820223304883,"CCDC47",0.428229086654852,0.560602139091203,""
"DBN1",-0.1098879224831,10.7803988931681,-0.542096278137235,0.610029736223904,0.842775825422098,-5.37137979821744,"DBN1",0.597265066339393,0.21464899455777,""
"IST1",-0.109962146482861,12.1382909290576,-1.38631445728294,0.177779302055673,0.507771068442885,-5.40635435487294,"IST1",0.359851234136754,0.750118803131045,""
"MYH8",-0.110215194706768,16.3353055234841,-0.951433884562029,0.350409163247629,0.673915868565752,-5.89070778592955,"MYH8",0.477596050817548,0.455424545495257,""
"LAMTOR5",-0.110324913906632,13.9552271252169,-0.992685913856485,0.330287333482937,0.659821655574465,-5.85179844445872,"LAMTOR5",0.467607652001022,0.481108081179751,""
"OVCA2",-0.110384136927035,12.3897205272566,-1.38356541268251,0.178610072823187,0.507771068442885,-5.40991207829055,"OVCA2",0.359851234136754,0.748094052456589,""
"POTEF",-0.110430852345585,13.4637002275951,-1.45383127884125,0.158318566567858,0.484685099410497,-5.31709782366095,"POTEF",0.343490486225253,0.800468150929552,""
"CPPED1",-0.110600954895261,13.229013610408,-0.908357496871866,0.372283560865431,0.692102687024575,-5.92969866096421,"CPPED1",0.490484829785396,0.429126140743891,""
"TMEM126A",-0.110612625936806,13.9677483460417,-1.10635501868204,0.279009192269705,0.609017779927628,-5.73676304613608,"TMEM126A",0.431603557859725,0.554381488173551,""
"PTBP1",-0.110754973243839,14.1046982957771,-1.16707308853955,0.254091676367671,0.590613742473436,-5.67069793519851,"PTBP1",0.418560838408814,0.595009561501375,""
"HNRNPD",-0.110767633708962,12.9018123039671,-1.72028745893607,0.0976230265971104,0.38165198896467,-4.93099113446445,"HNRNPD",0.270472163096727,1.01044773208159,""
"BNIP3",-0.111211079621944,11.1277955130667,-0.925175589029438,0.363996478867457,0.684088215893353,-5.89473993623246,"BNIP3",0.484805070723172,0.438902817493334,""
"SGCG",-0.111701752778913,14.0615033261632,-1.67993165228097,0.105311301049865,0.396612600274524,-4.99281357906424,"SGCG",0.281074567955674,0.977525021784632,""
"PPP1R2",-0.111815227063826,13.214627476689,-1.66908518775162,0.107462539734397,0.398930947222663,-5.00923177578368,"PPP1R2",0.282717552486091,0.968742899672777,""
"LMOD2",-0.111902790688898,11.7915180674815,-1.09837897782098,0.282409276818143,0.615034184924619,-5.74520479176126,"LMOD2",0.435867311542804,0.549121041314438,""
"VPS37A",-0.112381842849562,10.4583059269405,-0.773510254852849,0.446700737548597,0.745628604434641,-6.02069733041321,"VPS37A",0.528418002105317,0.349983330462969,""
"PLBD2",-0.112542194362552,10.1633205397743,-0.667783293476545,0.514262267373182,0.795829189142301,-5.85585776756029,"PLBD2",0.563994551231747,0.28881533971309,""
"TMOD1",-0.112895915561465,13.4725700950714,-1.06991986702107,0.294783353028652,0.629510731634801,-5.77487370746574,"TMOD1",0.446126665656208,0.530497045548163,""
"RBX1",-0.112927717065912,13.5830766920682,-1.14537452960275,0.262801262660835,0.594935559862521,-5.69467153083074,"RBX1",0.421623658285388,0.580372552486246,""
"SELENOO",-0.113390574420167,10.9255786984997,-0.677413420545778,0.504307678771541,0.788033999377247,-6.10952812047144,"SELENOO",0.558470194229906,0.297304419065298,""
"MFAP4",-0.113472021691594,12.8059922512341,-0.810449293925589,0.42525983552996,0.732008821999319,-6.01200699365212,"MFAP4",0.518765826503714,0.371345633113414,""
"ADI1",-0.114204804264178,12.6655740376261,-1.39113544995605,0.17632974944418,0.505361061907019,-5.40010063093072,"ADI1",0.358143291561632,0.753674409598091,""
"ARG1",-0.11460029750971,12.1918434084379,-0.429367818883541,0.671299512628622,0.869775950810864,-6.24607539301102,"ARG1",0.616399729668656,0.17308366811789,""
"TOLLIP",-0.114855006558356,13.9185702352015,-1.65731975814475,0.109837634577899,0.403582898333664,-5.02694540169697,"TOLLIP",0.286014334151046,0.959248828473664,""
"RTN4",-0.114950025831172,15.7016932415919,-1.6305885455525,0.115397629912656,0.414151414266127,-5.06681875718307,"RTN4",0.293504113970432,0.93780311082002,""
"DDT",-0.115093530750322,16.7954348252582,-0.630955231619738,0.533743576041057,0.803840824452795,-6.13963108859169,"DDT",0.569672300582012,0.272667338958414,""
"CUTA",-0.115397787425064,14.1969041773253,-1.49684437228555,0.146838389527675,0.470975254585248,-5.2583768947088,"CUTA",0.333774484493768,0.833160387332579,""
"FILIP1",-0.115873416383149,11.5687901284252,-1.31023721944846,0.201917717548764,0.532379189047614,-5.50256643866148,"FILIP1",0.377290712515374,0.694825571615732,""
"PTPA",-0.116067940474794,13.3215124719408,-1.45736512698167,0.157348966015,0.484384679483339,-5.31232753233841,"PTPA",0.343277582244964,0.803136106614476,""
"GOT1",-0.116112451186915,18.9705585113879,-2.14895719174382,0.0414182644361484,0.249379718222692,-4.20741506327168,"GOT1",0.176732399595559,1.38280810345309,""
"ATP2A1",-0.116166528393382,19.8432521869816,-1.82984795805811,0.0791119260819387,0.343537545683085,-4.75742833869195,"ATP2A1",0.243460916679374,1.10175804189855,""
"TCEA3",-0.116172775994526,11.5731542877039,-0.887720142970975,0.383074935555737,0.697971798775099,-5.94778060740496,"TCEA3",0.494644198520581,0.416716262806637,""
"AKR1B1",-0.116484216719485,18.710802309104,-2.02728077219633,0.0533203099421087,0.281838298140841,-4.4245802826654,"AKR1B1",0.199735403838575,1.27310733476913,""
"HSP90AA1",-0.116857640220744,15.6279394248805,-1.28105918766075,0.21182163746148,0.546427374405583,-5.53821734113941,"HSP90AA1",0.38724649210311,0.674029679024774,""
"BTF3L4",-0.116882528708901,11.8302479154628,-0.936415523117224,0.358298119765576,0.678362431517389,-5.88456873127496,"BTF3L4",0.480747276370276,0.445755470867039,""
"LMNB2",-0.117260183114768,15.3966926655111,-2.29482061370441,0.030328854522338,0.213091127181852,-3.93589675430909,"LMNB2",0.151015112647378,1.51814399206395,""
"PDLIM3",-0.117273164932595,18.6016850183126,-1.37086500644811,0.182487985251403,0.510100708497042,-5.42627010568587,"PDLIM3",0.361502221955248,0.738765723595366,""
"LAMP2",-0.117374466069677,12.8034987287447,-0.737669459621116,0.467520187442516,0.760226725247984,-6.06742376263382,"LAMP2",0.538763514319844,0.330199631624404,""
"SART3",-0.117439611693133,15.5317845948272,-0.495529319600079,0.624514600494687,0.849079148490405,-6.21550809089691,"SART3",0.601732155400313,0.204457403822827,""
"TXNRD1",-0.117503419911865,12.9060621084485,-2.2643413338155,0.03239417440588,0.220515808566904,-3.9935988108293,"TXNRD1",0.156276894827438,1.48953308395571,""
"PCBD1",-0.117549476647442,14.4922830838436,-1.8744338475746,0.0724928918356229,0.328222161138855,-4.68446746498988,"PCBD1",0.232607088306637,1.13970457533118,""
"PITPNA",-0.118110284018314,11.8596512095394,-1.48346674334052,0.150334348140483,0.475036650243246,-5.27679304680926,"PITPNA",0.33665274662936,0.822941781198745,""
"SYAP1",-0.118728415716973,10.5650909910505,-1.0269048235605,0.315038444596282,0.647240273987774,-5.77559297808985,"SYAP1",0.458691378561104,0.501636445393741,""
"PDLIM5",-0.118790899727099,18.5230206462386,-1.11033193382215,0.277324954244512,0.607191229079275,-5.73253328606313,"PDLIM5",0.430309103295764,0.557011049992684,""
"ALDOA",-0.118850884877222,20.4011699751619,-2.41024562260719,0.023550039104605,0.188785910291031,-3.7129711847066,"ALDOA",0.133790298478771,1.62800836739283,""
"PSMB3",-0.119194315261488,13.2181768919622,-1.2036527419132,0.239894414328083,0.57438378568445,-5.62937432657522,"PSMB3",0.407058863712987,0.61997986397353,""
"CMC2",-0.11923528371595,12.2391684884353,-1.35192001792239,0.188395211086518,0.518674999974986,-5.45043057848777,"CMC2",0.367578718947581,0.724930140954675,""
"MYL11",-0.119532008356327,20.8056314863876,-2.11726217139765,0.0442644892874893,0.256228084553126,-4.26482636797142,"MYL11",0.181585754244898,1.35394454219562,""
"VWF",-0.119713702556471,13.5673063356135,-1.607102092167,0.120474521680075,0.422812376359482,-5.10142195502574,"VWF",0.299642033382939,0.919104789302467,""
"GNA11",-0.119742577105479,11.4906000513403,-0.786231507324053,0.449553955692897,0.747778083003971,-5.56954664796413,"GNA11",0.529941311651677,0.34721817655937,""
"KIAA1671",-0.119989493556758,11.1319100775502,-0.902499998794208,0.376053119455474,0.692745917348616,-5.89176053459254,"KIAA1671",0.490940679360777,0.424750804388895,""
"CHID1",-0.120167843232528,10.7237929001394,-1.19692568246135,0.242459898382444,0.578088347827431,-5.63705898698842,"CHID1",0.40968424223874,0.615360081191167,""
"CD59",-0.120179762830297,16.0115804911127,-1.73839511626326,0.094330916317167,0.3761688770157,-4.9028777707488,"CD59",0.266586347767001,1.02534594686567,""
"PFDN1",-0.120345620301208,12.5514552719961,-1.68854257324867,0.103629349248863,0.391822842938313,-4.97971935061715,"PFDN1",0.277680124680407,0.984517229033766,""
"GLOD4",-0.121178969330753,12.7556795036487,-1.64466456590436,0.112441277965902,0.408436885488309,-5.04588704248542,"GLOD4",0.289454296324235,0.949074227006385,""
"LTA4H",-0.122003468443356,15.2033537979063,-2.42782377332361,0.0226493790393193,0.186531954961751,-3.67842868332163,"LTA4H",0.132192947512286,1.64494370020717,""
"COX17",-0.122022748000701,11.3946880132175,-0.740390245587912,0.465897069890479,0.760226725247984,-6.06544153143694,"COX17",0.538763514319844,0.331710020898416,""
"LMO7",-0.122044790213494,11.6223974592407,-0.953704327535695,0.349280664953533,0.673915868565752,-5.88860607961185,"LMO7",0.477596050817548,0.456825454833014,""
"CUL5",-0.122495550641743,13.1027998344222,-2.77697865485191,0.0101978400269806,0.132565809300991,-2.96283684716012,"CUL5",0.0939477907388198,1.99149180507148,""
"ACO1",-0.122732086300031,14.3561631004528,-1.9042433608851,0.0683403080334639,0.319516024182557,-4.63495547368804,"ACO1",0.226437154013424,1.16532306801703,""
"THAP4",-0.123188116866645,12.0689904821921,-1.42434810072572,0.166596031472103,0.493643742807021,-5.35651622521484,"THAP4",0.349839368788248,0.778335348249129,""
"RAB21",-0.123363401417151,13.2395223796225,-1.62684764244115,0.116194134604691,0.415227418674619,-5.07235737340373,"RAB21",0.294266665321614,0.934815794261599,""
"GCLM",-0.123471945392025,12.8117386368097,-1.69499305847338,0.10238426656487,0.388723410823494,-4.96987575357992,"GCLM",0.275483594509712,0.989766776456304,""
"TPD52L2",-0.123495961235294,13.0143467108314,-1.20500204639415,0.239382284272863,0.574055993305851,-5.62782834242002,"TPD52L2",0.406826561206385,0.620907993141081,""
"MYL3",-0.12453983004275,16.4361307133735,-0.422657804163076,0.676124950857689,0.872085557676929,-6.24893511061284,"MYL3",0.618036520208284,0.169973037115396,""
"APOH",-0.124809261040978,13.8946238741798,-0.899836359330888,0.376714883074435,0.692981293255026,-5.93721181507568,"APOH",0.491107487427782,0.423987221555644,""
"PUF60",-0.124887776216083,12.5628148737548,-1.50518332159939,0.145200590164691,0.469159967770017,-5.22840291691819,"PUF60",0.332488012614273,0.83803161845171,""
"VPS4A",-0.12492702625415,12.6797247289379,-2.10083766158466,0.0458072068710167,0.259745656640732,-4.29434654390751,"VPS4A",0.184078615172898,1.33906618885013,""
"LMAN1",-0.124991283189379,14.0787946841814,-1.66604241604815,0.108072615763971,0.399144480386008,-5.01382242338727,"LMAN1",0.282868880864438,0.966284336844253,""
"CAVIN2",-0.125096577866911,11.8003465755802,-1.57861356190781,0.126880005874497,0.433935676415644,-5.14284925809999,"CAVIN2",0.307524982021896,0.896606809918797,""
"TYMP",-0.125175858030859,10.7696191301933,-0.706762046088109,0.48645512246634,0.77600624762252,-6.06936221404195,"TYMP",0.549946271576924,0.312957219042541,""
"GPX7",-0.125409008329639,11.0392973614872,-0.919033213390764,0.368400919666543,0.687486101224523,-5.83342857039034,"GPX7",0.48721311108992,0.433679294312305,""
"CUL2",-0.125745486981135,11.6798607061866,-1.8993771304804,0.0690037104853699,0.319947935690541,-4.64307762850043,"CUL2",0.226743244491683,1.16112755563963,""
"GNAS",-0.125842662421055,12.6821907836851,-1.70598807167797,0.100291080753354,0.385817768374647,-4.95302894192028,"GNAS",0.273424400738818,0.998737688633039,""
"JSRP1",-0.125859225193693,11.9906679168886,-0.815613257664848,0.422353701619402,0.730516420543879,-6.00788699281088,"JSRP1",0.517708179585754,0.374323695193102,""
"MICOS10",-0.125921908855673,13.6034634231893,-1.00399450496004,0.324912398411712,0.655342305812702,-5.84086584158083,"MICOS10",0.46443319083126,0.488233715989415,""
"GMPS",-0.126516980952109,11.1761900409742,-1.09760915119523,0.284120508730001,0.616418908418004,-5.68597297846911,"GMPS",0.436848648387301,0.546497416376322,""
"SGCA",-0.1267518217564,13.4776927757823,-1.60258727484237,0.121471403215112,0.422828636081472,-5.10802731466783,"SGCA",0.299653556451874,0.915525951593671,""
"MYOZ3",-0.126876153021971,16.4880460583022,-1.89404492471773,0.0697370706332075,0.320812912415365,-4.65195984368362,"MYOZ3",0.227356243067758,1.15653629949737,""
"ATRN",-0.126916828987788,14.6908305807211,-0.622312681698607,0.540686518172136,0.809532380122785,-6.03556228819884,"ATRN",0.573705837463672,0.267054459269287,""
"ATP2B2",-0.127284211534173,11.7446326961509,-0.979486359340253,0.337878160197767,0.664532845433478,-5.8011282700808,"ATP2B2",0.470946415452468,0.47123987928794,""
"CNBP",-0.127432983641668,11.0101633043905,-0.737770310422708,0.467459964428724,0.760226725247984,-6.06735041224342,"CNBP",0.538763514319844,0.330255578314945,""
"SH3BGR",-0.127471122027067,16.7875084225345,-1.45827577463651,0.157099881411816,0.484137914114264,-5.31109668616909,"SH3BGR",0.343102702603089,0.803824142790792,""
"MARS1",-0.127561604922311,12.1951534692225,-0.952605390700832,0.350596147952385,0.673915868565752,-5.84663280695424,"MARS1",0.477596050817548,0.455192859868617,""
"ADH1C",-0.127611798140771,11.0270024733426,-0.571983431995165,0.572394021334833,0.823782898331643,-6.17485645830699,"ADH1C",0.583805007903357,0.242304911101729,""
"RPL3L",-0.128014263391989,10.9027692279282,-1.15532174849381,0.258781764398934,0.593809877315729,-5.68373142546708,"RPL3L",0.42082590063655,0.587066330398804,""
"GSTT1",-0.128111931643048,15.4387661025337,-0.721401517980628,0.478180709927719,0.769924671153283,-6.01513855326306,"GSTT1",0.545636331657222,0.320407947544633,""
"HYCC1",-0.128277243467103,9.77586997549063,-0.994111201449713,0.33086539118381,0.659888803850244,-5.78986456352234,"HYCC1",0.467655239174477,0.480348658056123,""
"ADSL",-0.128362344861468,15.3552643782229,-2.70170768953546,0.0121550112602757,0.136523899924729,-3.12156190937608,"ADSL",0.096752841842155,1.91524463449458,""
"EIF3L",-0.129053183533863,14.4838686097524,-1.7904257282387,0.0853921055775614,0.359517131747854,-4.82082847164784,"EIF3L",0.254785456661605,1.06858227758475,""
"FAF1",-0.129143237818006,11.4512589160833,-1.17230406836181,0.254060243561149,0.590613742473436,-5.57996652909306,"FAF1",0.418560838408814,0.595063289899932,""
"MAPRE2",-0.129233410825712,15.048660936766,-1.73744320663078,0.0945016020416274,0.3761688770157,-4.90436139266569,"MAPRE2",0.266586347767001,1.02456082903633,""
"STAC3",-0.12982896875652,13.9289814617229,-1.84304054558773,0.0771011037464734,0.3372196414183,-4.73597767457995,"STAC3",0.238983494100312,1.11293940473021,""
"ASAH1",-0.129988253954677,11.3913344702322,-1.332656203562,0.194554130629387,0.525199642522177,-5.47470069030635,"ASAH1",0.372202654454792,0.710959544143169,""
"PGK2",-0.130111789498791,16.1582329530009,-1.5687332697882,0.129676398135431,0.439305622997807,-5.13896431579816,"PGK2",0.311330598420573,0.887139060864902,""
"OAT",-0.1302185840095,10.7215865457701,-0.51596630655331,0.611209235956664,0.842775825422098,-6.1175180854707,"OAT",0.597265066339393,0.213810091777412,""
"GSTM2",-0.13024496604336,17.0086970267341,-1.23388086933096,0.22861656346868,0.564421025748772,-5.59437244653611,"GSTM2",0.399998375865076,0.640892307788254,""
"LSM14B",-0.13035029983517,11.1992824366053,-1.14830984483633,0.261610426260812,0.593836536956154,-5.69145205432439,"LSM14B",0.42084479400229,0.582344951566023,""
"NGLY1",-0.130392219725826,11.1370393261645,-1.16137353077093,0.25635854432744,0.593270274262671,-5.6770341004894,"NGLY1",0.420443490458706,0.591152203121498,""
"NGRN",-0.130517607310786,12.3831389167538,-0.491965784979276,0.626996292933343,0.851241769562749,-6.21726385849918,"NGRN",0.603264778880102,0.202735026893928,""
"XPO1",-0.130792896018146,11.7451858248291,-1.72903026996894,0.0960215524010127,0.379060288128516,-4.91744602861183,"XPO1",0.268635455961633,1.01763127697815,""
"CZIB",-0.130867503794784,13.9143347291952,-1.39491278638912,0.175200537545488,0.504647980507909,-5.39518778800816,"CZIB",0.357637939371527,0.756464565675465,""
"ENAH",-0.131033423616785,12.9947666955651,-0.581420811355996,0.566555534758711,0.819293078891898,-6.13026386699713,"ENAH",0.580623126999039,0.246757513413721,""
"CAB39",-0.131815257720726,14.7660228248085,-1.80206041975583,0.0834956047073456,0.355716052198798,-4.80222677771679,"CAB39",0.252091677413854,1.07833638561325,""
"SERPINA7",-0.13191202645003,10.8912831327966,-0.995718815052849,0.33114631386377,0.659989802179114,-5.7381742967148,"SERPINA7",0.467726815472436,0.479980074914342,""
"RCSD1",-0.131928297851541,10.7465716686227,-0.980862407960013,0.335971927431571,0.663760511965512,-5.86310662895253,"RCSD1",0.470399072035551,0.473697009130681,""
"ERLIN2",-0.131952308277313,11.2320346802526,-1.170480077074,0.252743706592832,0.588913384630128,-5.66689715944123,"ERLIN2",0.417355815306051,0.597319649687639,""
"LANCL2",-0.132030733770996,11.8036792408977,-1.96256526828101,0.0608121739154156,0.299978813152463,-4.53642483876966,"LANCL2",0.212591368111661,1.21600947113767,""
"HRG",-0.132387808000244,12.7549190282601,-0.967100241416139,0.342672236744121,0.667443475442887,-5.87611117332005,"HRG",0.473009143847398,0.465121080621958,""
"ITIH1",-0.132568523093569,11.7372024636417,-0.932484083478079,0.360284443433873,0.680220826667641,-5.8881393263146,"ITIH1",0.482064298607055,0.443354489686159,""
"BCO2",-0.13271025781617,10.9620625220155,-0.797591242944808,0.432549595964097,0.736606160376538,-6.02215780005416,"BCO2",0.52202390478269,0.36396408931213,""
"PGM1",-0.132818086921347,20.0949790692793,-2.16441394302971,0.0400907312884741,0.244468161431419,-4.17920686243554,"PGM1",0.173251638514995,1.39695602178259,""
"PSMD4",-0.133127003976991,14.2624733745007,-2.5345846823798,0.0178276264140595,0.167126283860734,-3.46542397373538,"PSMD4",0.118440382372316,1.74890647532697,""
"BMS1",-0.133421732567628,10.9450085598236,-0.558188641932284,0.583155570666147,0.82601657945382,-6.04530159874855,"BMS1",0.585387990783709,0.234215571366258,""
"BAG3",-0.133474134658654,15.4776354762327,-1.37584942855574,0.180958231800855,0.510100708497042,-5.41986559694298,"BAG3",0.361502221955248,0.742421656024297,""
"HSPBP1",-0.133817799997926,13.2741697459235,-1.6204082858165,0.117575911509737,0.417045250478845,-5.08186723902657,"HSPBP1",0.295554940804125,0.929681645691689,""
"KNG1",-0.13405925730223,13.7446629013909,-1.29047536335505,0.208585574151392,0.540461544214294,-5.52678875570688,"KNG1",0.383018580175065,0.680715730823626,""
"HRC",-0.13514164130642,16.0051396884084,-1.82886244971769,0.0792639369643452,0.343676918819687,-4.7590260571821,"HRC",0.243559688740897,1.10092436047233,""
"GBF1",-0.135446890412068,12.6805079644626,-0.558796619098703,0.58243276039038,0.825953632498184,-6.06114184581484,"GBF1",0.585343381035186,0.234754205026364,""
"GLRX",-0.135877650089684,12.9968519384339,-1.96465421666767,0.0605565872357919,0.299233067272034,-4.53285549776263,"GLRX",0.212062866997472,1.21783860818479,""
"UBE2F",-0.135960672645902,11.4551244953783,-1.33623580860737,0.193397974356064,0.524790444964531,-5.47021355072066,"UBE2F",0.371912661079281,0.71354807901512,""
"SNX5",-0.136126399808473,12.2343906409694,-1.75855008956009,0.0907780063845659,0.369559327128076,-4.87131659711722,"SNX5",0.261902239451332,1.04201935921918,""
"MYBPC2",-0.136333550858726,18.9457439377514,-1.48378696484404,0.15024988571363,0.475036650243246,-5.27635382753028,"MYBPC2",0.33665274662936,0.823185849667709,""
"FTL",-0.136491196739454,13.4190307337907,-0.587759336627705,0.561917390433745,0.818170483591516,-6.16576184880736,"FTL",0.579827557244509,0.250327526985822,""
"EPHX2",-0.136662866825212,13.1315295429517,-0.999006744176457,0.32727558359425,0.657303309447177,-5.84570183622186,"EPHX2",0.465822930463682,0.485086394037635,""
"PEX14",-0.1368550028205,9.78601948122544,-0.568822338652179,0.589368676145186,0.828672624539009,-5.4395579860723,"PEX14",0.587270297912311,0.229612949821009,""
"PIGK",-0.136922530855825,10.5308996058036,-1.21024008981533,0.237859480657886,0.57238058065953,-5.6023595948321,"PIGK",0.405639216463969,0.623679533689749,""
"RNPEP",-0.137463813959872,13.2007309229098,-1.22776310010818,0.23086617175978,0.565109294652084,-5.60151833131478,"RNPEP",0.400486143738567,0.636639698500562,""
"FXR1",-0.138345138244642,13.2384440902035,-1.99910794345771,0.056475264841688,0.289210716670891,-4.47358992277288,"FXR1",0.204960147963416,1.24814172377167,""
"PGAM2",-0.138678977524034,19.5020310608509,-2.52685674415472,0.0181418352752094,0.169363191852606,-3.48102318337855,"PGAM2",0.120025652096316,1.74131878069494,""
"ECI1",-0.138749286023604,15.2950337182354,-1.69923181305371,0.101572983980845,0.387627392928233,-4.96339119724274,"ECI1",0.274706859841754,0.993221788786765,""
"RPL3",-0.138818695803462,11.0986033839419,-0.865166669878979,0.397089365801077,0.707747588548437,-5.82551096263752,"RPL3",0.501572182868695,0.401111743345968,""
"TPR",-0.139192350189198,10.9348557001089,-1.52587485024132,0.139478582925657,0.458833591511785,-5.21794084633132,"TPR",0.325169834262598,0.855492473618213,""
"ARL3",-0.13923294592316,13.0861616313721,-1.77128363162039,0.0885926546790088,0.36613130045856,-4.85123167790141,"ARL3",0.259472838281505,1.05260228448558,""
"C3",-0.139236443533537,14.1519902248807,-1.15566067692018,0.258645609211263,0.593809877315729,-5.68335717233649,"C3",0.42082590063655,0.587294889810496,""
"GCLC",-0.139280563408096,10.5612212120193,-0.939317346495452,0.358131077268977,0.678362431517389,-5.81276852619034,"GCLC",0.480747276370276,0.44595799090986,""
"APOB",-0.139401127247064,14.2787055554339,-0.975964648880863,0.338346158352036,0.664532845433478,-5.86775424432181,"APOB",0.470946415452468,0.470638750216374,""
"NUDCD2",-0.139509831186828,12.2925793990163,-1.61215061107532,0.11936784744848,0.420280406372658,-5.0940179913459,"NUDCD2",0.297847656780605,0.923112637663447,""
"GUK1",-0.140034933241955,10.8100396824175,-1.02775066159882,0.317508826402608,0.649934283864775,-5.6599714543102,"GUK1",0.460600590879932,0.49824419728644,""
"GSTM3",-0.140056726981431,16.1595978461332,-1.00251277650047,0.325613204283771,0.655342305812702,-5.84230480055454,"GSTM3",0.46443319083126,0.487297991893083,""
"DEFA1B",-0.14040398899402,10.9088528662592,-0.690013761675007,0.498874663115619,0.785804227218637,-5.92743967502639,"DEFA1B",0.556889981584904,0.302008552481941,""
"CALM1",-0.140420868222265,15.9169619868852,-1.63616433559564,0.1142188969333,0.412281308074103,-5.05854453908997,"CALM1",0.292178792259546,0.942262038341219,""
"ENO3",-0.140441933163537,19.6976074676692,-1.52431796946676,0.139865501749129,0.459168989705618,-5.22012570180428,"ENO3",0.325407526918756,0.854289392352803,""
"MAP2K4",-0.140625386649782,12.477764021075,-2.11995781059897,0.0440157807786944,0.255880786433546,-4.25996631374619,"MAP2K4",0.181339628254839,1.35639158995967,""
"PGAM1",-0.140879452086661,14.4367792273046,-1.77352588222044,0.0882125259341564,0.36613130045856,-4.84768334205671,"PGAM1",0.259472838281505,1.05446974187682,""
"SRGAP3",-0.141124412469676,10.3777868043245,-1.179894590626,0.249046354230112,0.5836196657592,-5.65634305005094,"SRGAP3",0.413604220567268,0.603719811487645,""
"CKM",-0.141890768735237,20.8491552781863,-2.71401157441823,0.0118126172440843,0.135419844086183,-3.09577355100101,"CKM",0.0959704107807021,1.92765386794671,""
"SWAP70",-0.14193610128018,15.7618361411011,-1.80813265153042,0.0825202456170244,0.352989587967749,-4.79248184995598,"SWAP70",0.250159465085607,1.08343948804305,""
"TECR",-0.142075251445444,12.4262287619002,-1.35734649384456,0.186688091714449,0.516455666847115,-5.4435397305832,"TECR",0.366005904317802,0.728883383538035,""
"MYOM2",-0.142265736742441,19.1037568606193,-2.55675265744211,0.0169541216781546,0.161968375765304,-3.42052447331126,"MYOM2",0.114785035092692,1.77072470427642,""
"VAMP3",-0.142596882452677,13.0102325518186,-2.12487440107913,0.0435653781803655,0.255857323493704,-4.25109110444133,"VAMP3",0.181323000352259,1.36085851160964,""
"EMC8",-0.142654626681185,11.1287854803258,-0.920090294346323,0.37285643711303,0.692102687024575,-5.60888254485175,"EMC8",0.490484829785396,0.428458354709481,""
"PRMT5",-0.14296220691436,12.182568688873,-2.26160185501884,0.0325859252725079,0.220783124895999,-3.99876058322018,"PRMT5",0.156466338686902,1.48696994276599,""
"MAGOH",-0.143241445575342,10.6619374735084,-1.4644445824182,0.155925632831822,0.483410928453801,-5.28413514496994,"MAGOH",0.342587496630603,0.807082484667816,""
"SF3B6",-0.14329136750832,10.796220168474,-1.37881365513294,0.180053287394027,0.509410386644897,-5.41604741453595,"SF3B6",0.361012999181671,0.744598944917232,""
"FGA",-0.143811429657662,14.5937117563492,-0.815616124822579,0.422352091497956,0.730516420543879,-6.00788469840191,"FGA",0.517708179585754,0.374325350839044,""
"ACAT2",-0.144585278441919,10.6834028999244,-1.25179459469496,0.222124594654042,0.561383675730585,-5.57326824211509,"ACAT2",0.397845842527757,0.653403351711903,""
"RPS10",-0.145083600839943,13.1917566669494,-1.95120997390995,0.0622181491822868,0.30406000194563,-4.55577909491013,"RPS10",0.215483657403506,1.20608291209384,""
"HSPB8",-0.145133078131655,14.9097424362072,-1.23126662800957,0.229575832057522,0.564421025748772,-5.59742985916952,"HSPB8",0.399998375865076,0.639073832983585,""
"UQCR11",-0.145361282059566,15.5418890084232,-0.8648431480903,0.395272482074271,0.7062661680953,-5.96736918739875,"UQCR11",0.500522318054672,0.403103419148767,""
"RPA1",-0.145683751687729,11.8503415724152,-2.1285522538816,0.0432311569793929,0.25469331333202,-4.24444279497893,"RPA1",0.180498080384853,1.36420314144895,""
"DHRS7C",-0.145746244413287,13.3114167878546,-1.11540041555704,0.275189093669585,0.604256204346988,-5.72712268258419,"DHRS7C",0.428229086654852,0.560368782111584,""
"AMBP",-0.146500962585703,11.6005386464648,-0.967538434907434,0.342457508863219,0.667443475442887,-5.87569972467091,"AMBP",0.473009143847398,0.465393306831483,""
"MGLL",-0.14680285783626,11.3173395713638,-1.07563635513844,0.292267355292093,0.625103164378461,-5.76897101791069,"MGLL",0.443003075882575,0.53421969031567,""
"IGKC",-0.146847203022205,17.4373573783364,-0.903555435431713,0.374776591455274,0.692745917348616,-5.93394082145974,"IGKC",0.490940679360777,0.426227542969125,""
"SERPING1",-0.147286009425626,12.8356325365801,-1.23496888252379,0.228218221260075,0.564421025748772,-5.59309830466528,"SERPING1",0.399998375865076,0.641649683858263,""
"EDF1",-0.14765946478556,12.4051117607198,-1.43466841811813,0.16366015306345,0.489103231157296,-5.34279568502452,"EDF1",0.346621562925901,0.786057046985044,""
"MYBPC1",-0.147867151520707,19.2378119982446,-2.46364653843311,0.0209113430522749,0.180517798758494,-3.60756469458121,"MYBPC1",0.127930787522214,1.67961807328177,""
"PNPO",-0.147963659483031,13.3838646955889,-2.08705326022019,0.0471388095449156,0.265944543613638,-4.31899877877426,"PNPO",0.188471691632167,1.32662138945281,""
"ARL8A",-0.148043123850163,10.1773384666869,-0.878914204822471,0.387740873272508,0.69970782808509,-5.95537759082406,"ARL8A",0.495874501561701,0.411458415910325,""
"CAP2",-0.148273065272942,14.9157215192836,-3.05914634174241,0.00520201256395484,0.0931811099744741,-2.34897157142323,"CAP2",0.0660363291775826,2.28382860322633,""
"TSSC4",-0.148469599031717,11.4929408472882,-1.2241120377654,0.233178474932263,0.567993007938302,-5.56798371455423,"TSSC4",0.402529796576301,0.632311542461916,""
"EIF1AY",-0.148700127716459,10.2978684394674,-0.804229293682115,0.429417216604796,0.73484681346659,-5.97791519227525,"EIF1AY",0.520777076839615,0.367120547401939,""
"NIF3L1",-0.14913217367282,13.4029522456653,-2.82401860211286,0.00912989088644085,0.124601272764474,-2.86250607266662,"NIF3L1",0.0883034197218145,2.03953441279427,""
"NUDCD3",-0.149559589617658,10.3107202942632,-0.710763086296666,0.487318017203921,0.776111307449157,-5.86697530810473,"NUDCD3",0.550020726209382,0.312187531513039,""
"CSTA",-0.149793596396435,12.7080370371004,-0.472140635092488,0.64105030488845,0.853005938096306,-6.20666933646829,"CSTA",0.604515023849695,0.193107888923861,""
"OSBPL9",-0.149818002660238,9.6393015167409,-1.10749953303133,0.279412486588275,0.609433931934547,-5.69724671724518,"OSBPL9",0.431898479769589,0.553754189720715,""
"GRB2",-0.149980906219465,14.6896637853758,-2.80625211339678,0.00952018514492401,0.127499301987627,-2.90050020662965,"GRB2",0.0903572180914501,2.02135460554021,""
"ITGA8",-0.150476231496473,11.0718467501858,-0.470191740328494,0.647214362388596,0.857967680811271,-5.79879748870232,"ITGA8",0.608031351089301,0.18895185382331,""
"DNAJC7",-0.150477356763975,10.8396619133934,-1.50335019120471,0.14566995522569,0.469427211350433,-5.23093783581426,"DNAJC7",0.332677404917625,0.836630013262402,""
"GOLPH3",-0.15056232157928,11.1794899918569,-1.67524359759913,0.108552002968321,0.399587647974908,-4.92439153707446,"GOLPH3",0.283182948391531,0.964362158666828,""
"DDX3X",-0.150670308120795,13.3116688267875,-1.7613977855035,0.0902853291012307,0.368600788040067,-4.86683458398482,"DDX3X",0.261222934356525,1.04438281455935,""
"MOCS3",-0.150958613261777,9.85252749188367,-0.978409636914528,0.339425948232448,0.665251652673002,-5.75956638327164,"MOCS3",0.471455825476639,0.469254960063698,""
"HAGH",-0.151011781609615,15.878228485993,-2.68953191351783,0.0125029966464161,0.139430305014119,-3.14702012673713,"HAGH",0.0988125760872065,1.90298588530946,""
"PPP1R12A",-0.151402603636825,11.0730399894815,-0.89521005300923,0.380711043474833,0.696972115227131,-5.8570751315063,"PPP1R12A",0.49393573484307,0.419404525206598,""
"USO1",-0.15155658686068,12.9372149502875,-2.6794097514098,0.0127993824688623,0.140011565479997,-3.16813742597049,"USO1",0.0992245083712626,1.89281098322987,""
"ACTBL2",-0.151572744084483,16.3145574773372,-2.12378598155492,0.0436647298320409,0.255880786433546,-4.25305708627429,"ACTBL2",0.181339628254839,1.35986922261914,""
"UBE2B",-0.152193484511589,13.6137485035112,-1.84332609098639,0.077058073262379,0.3372196414183,-4.73551210137646,"UBE2B",0.238983494100312,1.11318185416,""
"UBE2V2",-0.152481625178426,14.2472973315888,-2.38351705501814,0.0249828020844112,0.195950425867809,-3.76519979782511,"UBE2V2",0.138867704287262,1.60235885252916,""
"ACTL6A",-0.152816761898819,11.0153898449629,-1.35439513461473,0.188105099191514,0.518674999974986,-5.42825976487473,"ACTL6A",0.367578718947581,0.725599431346376,""
"PFDN2",-0.153016401804228,12.7955466436505,-2.47195298938578,0.0205263232633574,0.178809855540372,-3.59104418907035,"PFDN2",0.126720388755775,1.6876888357944,""
"DHPS",-0.153569221811468,10.1231600169013,-1.30534721075861,0.203552128842443,0.534231136687219,-5.50858998789293,"DHPS",0.378603165479092,0.691324351207985,""
"TMOD4",-0.153576805218407,16.796876297835,-2.87328699608051,0.00812523924488053,0.116875432072848,-2.75652202164003,"TMOD4",0.0828282095721871,2.09016384250888,""
"PYGL",-0.15365542501301,12.0870795620406,-0.847763436362779,0.405218883729649,0.716003280375569,-5.939839892836,"PYGL",0.507422892129773,0.392310324149639,""
"EIF3H",-0.153880431390451,12.7911786845502,-2.41350578807212,0.0233805471747273,0.188596178086212,-3.70657626044738,"EIF3H",0.133655837552769,1.63114532926554,""
"CAPZB",-0.153901177819961,15.9318457825851,-2.77029638354259,0.0103587844393685,0.133198257860279,-2.97701956020656,"CAPZB",0.0943959994075136,1.98469120426719,""
"SNRPGP15",-0.154618348724279,10.7669387242334,-1.29137887658367,0.20875468577991,0.540461544214294,-5.5064558136034,"SNRPGP15",0.383018580175065,0.680363767410736,""
"RBMX",-0.15476028216082,10.9896524681942,-1.28534284887363,0.211337794440394,0.546162415569133,-5.49146666520865,"RBMX",0.387058718970261,0.675022829265071,""
"DNAH10",-0.154902508304737,15.335233648816,-1.26844811878525,0.216215770915105,0.55427048250688,-5.55340895874874,"DNAH10",0.392804808252107,0.665112631513118,""
"GSTP1",-0.154950682114929,16.9021958700786,-1.95804182116066,0.0613688747223838,0.301686440745029,-4.5441445040886,"GSTP1",0.213801543198074,1.21205183999356,""
"CLASP2",-0.15561507134422,11.4462534459988,-1.66724878180274,0.107830392460588,0.398930947222663,-5.01200316877533,"CLASP2",0.282717552486091,0.967258814125036,""
"ABRA",-0.155735246117189,11.2656738829542,-0.840713473786021,0.409459145660198,0.718362651670718,-5.92644496006106,"ABRA",0.509094950120295,0.387789424060986,""
"DHRS7B",-0.15581408860937,12.4286496096037,-1.56668692323355,0.129643880648749,0.439305622997807,-5.16001360419617,"DHRS7B",0.311330598420573,0.887247977646662,""
"IGLC2",-0.155930108361089,15.5765544321052,-0.950317161827439,0.350965116398279,0.674172938068007,-5.89173980859527,"IGLC2",0.477778232874374,0.454736047376353,""
"VPS37C",-0.156140361519954,10.6479120917673,-1.33718185827637,0.193580244405666,0.524790444964531,-5.44993726258197,"VPS37C",0.371912661079281,0.7131389661567,""
"PRPSAP2",-0.156220777258193,12.0847988144307,-1.23665109731527,0.227603362676524,0.564421025748772,-5.59112635976878,"PRPSAP2",0.399998375865076,0.642821325839925,""
"ALDH6A1",-0.156616012270087,12.6225041716031,-1.13623450447649,0.266534706849861,0.59959848495424,-5.70464895503734,"ALDH6A1",0.424928217078168,0.5742462312454,""
"FGG",-0.157064270741349,14.610779526102,-1.05895401019188,0.299652737471843,0.632870114660502,-5.78611654141854,"FGG",0.448507419903282,0.523381750460454,""
"CAPRIN1",-0.157264967643279,15.5975905548534,-1.14910073291567,0.261290245875235,0.593836536956154,-5.69058333730645,"CAPRIN1",0.42084479400229,0.582876802448831,""
"SCN1B",-0.15727230006922,12.1391498413335,-1.84247525428115,0.0771863519785083,0.3372196414183,-4.73689920457257,"SCN1B",0.238983494100312,1.11245948443652,""
"HHATL",-0.158099659231022,13.6026591248544,-1.57086131151908,0.128670922964268,0.437970148712103,-5.15401806766035,"HHATL",0.310384163895773,0.890519583809658,""
"RPS6",-0.158408397998187,12.8942174207549,-1.06445487636472,0.297203011250571,0.631887114424434,-5.78048992744549,"RPS6",0.447810779487768,0.526946794632588,""
"SYNRG",-0.158674593512814,16.6151651779583,-1.13262262684677,0.268020676661517,0.600082854049197,-5.70857192872151,"SYNRG",0.425271483615847,0.571831700696522,""
"DCN",-0.158829151088497,13.3317018531691,-1.76982482549745,0.0888407167917846,0.366356106942812,-4.85353836284492,"DCN",0.259632155926459,1.05138794609992,""
"ANXA7",-0.158987731365084,16.3327105216055,-2.43589064644703,0.0222467642800586,0.185886957512093,-3.66252558256669,"ANXA7",0.131735845596286,1.65273314681813,""
"ENO1",-0.159109194224996,17.700811886926,-2.51103659395811,0.0188011517099477,0.17186673052621,-3.51287042121648,"ENO1",0.12179987976976,1.72581554616426,""
"THEM4",-0.159628843774927,11.1634044388878,-0.796374107925476,0.433877093610487,0.73797729987398,-5.97981050504197,"THEM4",0.522995614813042,0.362633277690942,""
"MYH15",-0.159773657437189,13.815242578646,-1.35486089416808,0.187468529056707,0.518114565358266,-5.44669903286018,"MYH15",0.367181545691731,0.727071628225142,""
"CMAS",-0.160260148670867,10.5933933938731,-1.55785157803614,0.132233218927581,0.444812682448883,-5.15449252539645,"CMAS",0.315233385056312,0.878659429988957,""
"SORD",-0.160368386369703,11.5039767393753,-1.15540484281665,0.259189987437361,0.593836536956154,-5.66406142954933,"SORD",0.42084479400229,0.586381779362758,""
"NCLN",-0.160418584880931,11.9629331732623,-2.05692175992643,0.0501703550861869,0.275985101107508,-4.37249215292453,"NCLN",0.195587313671584,1.29955282519458,""
"MAP2K6",-0.160858725939129,13.8304576067041,-2.65694512681982,0.0134808567325481,0.143096797761048,-3.21485001502949,"MAP2K6",0.10141097529097,1.87028250673283,""
"GATAD2B",-0.16102409459566,18.626531826853,-2.28637655155577,0.030888695505643,0.214765172311626,-3.95193253303127,"GATAD2B",0.152201488247305,1.51020043247756,""
"VAC14",-0.161239764700952,10.5434972614881,-1.67462111783834,0.106867576577933,0.398930947222663,-4.98335612583766,"VAC14",0.282717552486091,0.971154038937096,""
"PRXL2A",-0.161525661309135,12.8331327938301,-1.4959229197604,0.147077059614026,0.470975254585248,-5.25964981381098,"PRXL2A",0.333774484493768,0.832455061194855,""
"IDH1",-0.161669218615346,15.0504331857869,-2.53895508902466,0.0176521749269493,0.16641820177841,-3.45658989705879,"IDH1",0.117938573137741,1.75320177749539,""
"PREP",-0.162411210038902,15.5414559021024,-2.51881415508299,0.0184742883882174,0.17186673052621,-3.49722813296887,"PREP",0.12179987976976,1.73343228121581,""
"VWA1",-0.162435502438832,10.0971417829185,-0.86388641530625,0.39578796237171,0.70674660445939,-5.96817792504027,"VWA1",0.500862797513401,0.402537418707293,""
"MMGT1",-0.16260411524898,13.1716270315022,-0.478232271637004,0.648796158440061,0.858061556133195,-5.47622849442896,"MMGT1",0.608097879398116,0.187891730272274,""
"MYOZ1",-0.163105112312785,17.1655081779889,-2.18500481197383,0.0383816982439036,0.241653114333401,-4.14141730531764,"MYOZ1",0.171256648576948,1.41587581329936,""
"FKBP7",-0.163166161058806,10.8448029055333,-1.50848187336267,0.144359110961763,0.4669675079192,-5.22383515853801,"FKBP7",0.330934242751939,0.840555801214842,""
"TPI1",-0.16384879872604,19.2567974954867,-2.53418112191717,0.0178439088839444,0.167126283860734,-3.46623926255846,"TPI1",0.118440382372316,1.74851000305546,""
"ADD1",-0.164377089703546,10.9850916382042,-1.45287877061108,0.159084353493358,0.484685099410497,-5.29972612401933,"ADD1",0.343490486225253,0.798372532645376,""
"TXLNB",-0.164948085058294,14.2624528504159,-2.86532730391794,0.00828012362559011,0.116900661630253,-2.77370563304834,"TXLNB",0.0828460894553335,2.08196317897468,""
"PPP6R2",-0.165118587957418,9.41500566943408,-1.49213183194351,0.14911953241912,0.474216709653583,-5.22899285064673,"PPP6R2",0.336071664619285,0.826465466766611,""
"PRDX1",-0.165262752022855,17.0012824020977,-2.46049968840794,0.0210589395775841,0.181246008496565,-3.6138147146511,"PRDX1",0.128446860983742,1.67656350148855,""
"DBI",-0.165487567746563,17.7474808721332,-1.65232076272734,0.110860017725447,0.405778813283694,-5.03444149032438,"DBI",0.287570552600536,0.955225056304054,""
"TPM2",-0.165870499728925,18.9125998650829,-2.70195344012649,0.0121480821942038,0.136523899924729,-3.12104743881775,"TPM2",0.096752841842155,1.91549227829737,""
"MLH3",-0.166024822291851,15.1843326242996,-1.27266971956427,0.214737133479801,0.551603139048378,-5.54833815672159,"MLH3",0.39091449410256,0.668092848572976,""
"NIBAN1",-0.166119570879172,12.5418942059766,-2.17625638651331,0.0390996343455107,0.243528103468751,-4.15750233239538,"NIBAN1",0.172585430770896,1.40782730404837,""
"RPL38",-0.166550043725689,12.1852727075911,-1.71794025668958,0.0980568117226095,0.38235486040408,-4.93461846906597,"RPL38",0.270970279611492,1.00852223176889,""
"HS1BP3",-0.166851600923945,10.475330484776,-1.16687841892185,0.25619748982977,0.593270274262671,-5.58596734688362,"HS1BP3",0.420443490458706,0.591425129698358,""
"BCKDHB",-0.166962296509812,11.2015995221782,-1.01889423917288,0.319212795137668,0.649934283864775,-5.76317906688531,"BCKDHB",0.460600590879932,0.495919708968194,""
"GPX1",-0.167110071269848,14.8135079859701,-2.9788104215885,0.00631508285045454,0.104618655776894,-2.52657424393444,"GPX1",0.0741419799881299,2.19962094736373,""
"METTL26",-0.167245731272288,12.1512334920067,-2.26824851324678,0.0321224622299798,0.219356873115228,-3.98622981374185,"METTL26",0.155455571245831,1.49319117286068,""
"NPTN",-0.16780041449843,11.393014150506,-0.869727772952325,0.39298244717377,0.704272644581157,-5.94323840555099,"NPTN",0.499109531975613,0.405626847247516,""
"RER1",-0.168204622817431,11.1459778028804,-0.999308218412618,0.327519758167828,0.657333072065122,-5.82556280682833,"RER1",0.46584402287218,0.484762495353335,""
"TPP1",-0.168553173837415,14.4624453071363,-1.4550758131793,0.157976551368236,0.484685099410497,-5.31541895420152,"TPP1",0.343490486225253,0.801407371065376,""
"FECH",-0.168971397002037,13.9823545094667,-1.72432113523185,0.096881362664206,0.381403826092877,-4.92474849185773,"FECH",0.270296293061525,1.01375976134536,""
"CAVIN4",-0.16907641569059,12.9800013885657,-2.10947377502478,0.0449901491489133,0.25832909709218,-4.27884440580698,"CAVIN4",0.183074716499944,1.34688256708243,""
"NAPRT",-0.169475292433225,12.2468405247825,-1.07719809238398,0.291582655179235,0.625065190612564,-5.76735343470026,"NAPRT",0.442976164332524,0.535238313632482,""
"TMEM182",-0.169731036511266,12.1671110866967,-1.25342422021016,0.222009809189403,0.561383675730585,-5.55199431001923,"TMEM182",0.397845842527757,0.65362783643803,""
"C9",-0.16990897559589,11.6425288849287,-1.23197877900238,0.229777573613741,0.564421025748772,-5.57719975325444,"C9",0.399998375865076,0.638692360900489,""
"ENSA",-0.170350916398613,13.0877037267079,-2.25627488982804,0.0329617403030375,0.22175668476175,-4.00878609477134,"ENSA",0.157156288825792,1.4819898666335,""
"ACP1",-0.170495949054146,15.7249302463908,-2.16324478764764,0.0401897930976796,0.244551904496709,-4.18134532586218,"ACP1",0.173310986215697,1.3958842296071,""
"IGKV3-20",-0.170596501345129,13.421095780239,-1.01572877849562,0.319399266718604,0.649934283864775,-5.82940122662427,"IGKV3-20",0.460600590879932,0.495666085255862,""
"ALYREF",-0.171287781966925,11.1682199254297,-1.33397648828267,0.194613405568232,0.525199642522177,-5.45394768408317,"ALYREF",0.372202654454792,0.71082724750144,""
"PURA",-0.171299608603503,15.1472198815632,-1.96676047873131,0.0602998380433215,0.299233067272034,-4.52925378507036,"PURA",0.212062866997472,1.2196838543107,""
"RIDA",-0.171327428317305,13.3774895808599,-1.58246119535707,0.125998795201836,0.431952807474238,-5.13728927755115,"RIDA",0.306119746710076,0.899633607578436,""
"YAP1",-0.171506459419001,10.1491997076841,-1.26366275739521,0.224197041698457,0.564126580044611,-5.35003322670944,"YAP1",0.399789705744595,0.649370122260726,""
"TRMT112",-0.17160474046157,11.2119849665109,-1.77225042275853,0.0884285832889079,0.36613130045856,-4.84970216644963,"TRMT112",0.259472838281505,1.05340733274511,""
"SEPHS1",-0.171718334598744,11.1879336146976,-1.18376713937772,0.247537182638041,0.581509479869366,-5.65197984683493,"SEPHS1",0.412108757269126,0.60635955631971,""
"TNS1",-0.171877130951728,13.1539469629095,-3.11513936318888,0.00454003780764164,0.0891215640869928,-2.22396585802462,"TNS1",0.0631593779520536,2.34294053049493,""
"MYL1",-0.171953201540425,21.1118426905876,-2.72512245803084,0.011511228914607,0.135419844086183,-3.07243230556665,"MYL1",0.0959704107807021,1.93887830952897,""
"MSRB3",-0.172061413503563,11.7296530389813,-1.94396556353845,0.0635980049531955,0.30820784632357,-4.55265062884775,"MSRB3",0.218423184704631,1.1965565078014,""
"GOLGA3",-0.172144888217419,11.4825008808569,-0.962145519071466,0.348563495320759,0.673767618207363,-5.72237861708135,"GOLGA3",0.477490987575975,0.457718098037568,""
"ODR4",-0.172182188898873,9.8353505519442,-0.883340786318239,0.38610135638413,0.699701007053197,-5.91266463388092,"ODR4",0.495869667578638,0.413298672685434,""
"CTSD",-0.17245718212323,15.8085304704323,-1.66442477582516,0.108398134310075,0.399587647974908,-5.01626025518732,"CTSD",0.283182948391531,0.964978192574496,""
"SGCD",-0.172532651862628,12.4165721682483,-2.17208636254257,0.0394460814332699,0.243528103468751,-4.16515414928959,"SGCD",0.172585430770896,1.40399613304858,""
"NEK7",-0.172615378263748,12.610896262605,-2.96850105549715,0.00647338958193298,0.104817709275819,-2.5492105255317,"NEK7",0.0742830468028795,2.18886825545813,""
"PSMF1",-0.172695953124396,13.2657932569064,-2.20826789017223,0.0365300608442055,0.234742498608729,-4.09843559718,"PSMF1",0.166359178532437,1.43734960442973,""
"RBFOX1",-0.172752001701451,9.74541712112795,-1.00533813142681,0.328641915158848,0.659004635085041,-5.64654397307474,"RBFOX1",0.467028639430779,0.483277047226876,""
"ALDH2",-0.173448203115196,14.5827884309192,-1.33885791031043,0.192554476519066,0.523948644985731,-5.46692007481341,"ALDH2",0.371316087583677,0.715446380417361,""
"APIP",-0.173532389571312,16.0814740823343,-2.00710011778834,0.0555639228209476,0.287448019503314,-4.45973644863722,"APIP",0.203710945733152,1.2552071005991,""
"TPT1",-0.173725213440795,15.93722431005,-3.00369299060209,0.00594806331571758,0.10027734978145,-2.47179207390439,"TPT1",0.071065348771199,2.22562441716414,""
"CBFB",-0.173782741684061,10.4403320862413,-1.00912550048831,0.32377122112664,0.655112499691359,-5.77537082111092,"CBFB",0.46427033000378,0.489761756760388,""
"F2",-0.174182528456685,12.9603098308524,-1.79361589979214,0.0848684557625195,0.358646139810216,-4.81573716538687,"F2",0.254168195176733,1.07125370002575,""
"YME1L1",-0.174284470176397,10.5595958242592,-1.46468842615767,0.161010460186985,0.485743135679894,-5.12510061877733,"YME1L1",0.344240303772897,0.793145908726407,""
"SPR",-0.174361399866484,13.1642234183576,-1.98463850762977,0.0581587938837303,0.295537417146757,-4.49856997560901,"SPR",0.209443804311218,1.23538460859798,""
"PRDX6",-0.17452556510019,18.1640666782949,-2.7216138793318,0.0116056109765715,0.135419844086183,-3.07980841632253,"PRDX6",0.0959704107807021,1.93533199120384,""
"MAT2B",-0.174825165771418,13.4060722445693,-2.42937933296544,0.022571223143355,0.186531954961751,-3.67536452937638,"MAT2B",0.132192947512286,1.64644490569777,""
"NRAP",-0.175295473974122,15.4913470243899,-0.792067913330785,0.435704420290942,0.739068849133918,-6.02647088824798,"NRAP",0.523769182613023,0.360808034055004,""
"SEL1L3",-0.17546355734245,17.1856699035335,-1.61567517278974,0.118600252118744,0.418455966371681,-5.08883789777815,"SEL1L3",0.29655469814873,0.925914387753689,""
"RRM2B",-0.175666419270051,10.9728251217531,-1.38603958447063,0.178357430576505,0.507771068442885,-5.38779189449382,"RRM2B",0.359851234136754,0.748708792739133,""
"RPIA",-0.175704649765295,12.4055703982294,-1.86007144226995,0.0745706502553239,0.332378668167587,-4.70811437899633,"RPIA",0.235552754723934,1.1274320698493,""
"ESD",-0.17584577394976,16.4072330530282,-3.37329120477636,0.00240177372046478,0.066940112660846,-1.63602185755285,"ESD",0.0474396507625529,2.61946791141381,"+"
"ALDH3A2",-0.17599331607628,17.0024864548492,-2.4234127736037,0.0228723579116075,0.187626298864907,-3.68711102198072,"ALDH3A2",0.132968495842222,1.64068906166283,""
"KSR2",-0.176190060702663,18.3144123740364,-1.23340748556853,0.229253770994463,0.564421025748772,-5.57553241358165,"KSR2",0.399998375865076,0.639683511890801,""
"TNNI2",-0.17676461910224,19.9434056359609,-2.67760459000186,0.0128529265667258,0.140062690267058,-3.17189892168496,"TNNI2",0.0992607398914538,1.89099797372811,""
"PANX1",-0.176886962404117,10.6025587444076,-1.16235939166419,0.256890582819251,0.593270274262671,-5.63370147810847,"PANX1",0.420443490458706,0.590251815953959,""
"HMBS",-0.176932674753566,11.6016760110525,-1.28183647606777,0.211553057615177,0.546226182995582,-5.53727669994436,"HMBS",0.387103910176557,0.674580693349455,""
"AOC3",-0.177017180257657,14.2714935672475,-2.19906684778835,0.0372525645502707,0.237742490294064,-4.11547207339687,"AOC3",0.168485236469685,1.42884382407829,""
"PRUNE1",-0.177070201728576,17.3266200931062,-3.13802622225576,0.00429341280739946,0.0871827262092408,-2.17259433667853,"PRUNE1",0.0617853469241739,2.36719735252764,""
"IGHV3-9",-0.177242511610203,11.2437551395313,-1.04342355457272,0.30664591860974,0.639161601989466,-5.80185834020865,"IGHV3-9",0.45296612111843,0.513362811302802,""
"TACC2",-0.17726407212008,12.6688214582632,-2.22765006096484,0.0350493470666039,0.230393185075428,-4.0623937043156,"TACC2",0.163276872469972,1.45532006808284,""
"FKBP3",-0.178053593919397,16.4635668771401,-2.02636472181396,0.0534203894553019,0.281838298140841,-4.42618152997535,"FKBP3",0.199735403838575,1.27229295012835,""
"SQSTM1",-0.178055004322994,11.5535941801308,-1.48573694301515,0.14973638232846,0.474216709653583,-5.27367750974837,"SQSTM1",0.336071664619285,0.824672663753502,""
"PIP",-0.179236596697013,15.5544621851817,-0.502986566321935,0.619335890673388,0.845781663828906,-6.21179369442762,"PIP",0.599395267777656,0.208073751784783,""
"MCM2",-0.179776999498184,13.9920444565809,-1.10101944335183,0.281280396322469,0.613041532973533,-5.7424162773685,"MCM2",0.434455143129975,0.550860534687451,""
"POTEKP",-0.179949224710457,10.6215734572355,-0.598789661020671,0.556679833675327,0.816929818306411,-5.99876628326617,"POTEKP",0.578948312715346,0.254394511192002,""
"NUDT2",-0.181001056336145,11.5253430291502,-1.34907931733013,0.189293725049363,0.519651164742793,-5.45402838985466,"NUDT2",0.368270515149151,0.722863782346842,""
"ALDH9A1",-0.181444844099381,15.170561500888,-2.67990256631217,0.0127848011399341,0.140011565479997,-3.16711028767617,"ALDH9A1",0.0992245083712626,1.89330602278046,""
"MDP1",-0.182330570305894,13.3427249927257,-1.19531572342161,0.243530305992468,0.579218138567977,-5.61940386495938,"MDP1",0.41048491131496,0.61344698555279,""
"STAT5B",-0.183090819417069,11.1989324195937,-1.76336208944375,0.0899468174003757,0.368225757565323,-4.86373968002375,"STAT5B",0.260957154780723,1.0460141987432,""
"PRPSAP1",-0.183403910416212,11.7979916727008,-1.36862116016977,0.183179947208108,0.510197987073311,-5.4291467342177,"PRPSAP1",0.361571162109387,0.737122070479998,""
"MB",-0.183426852423324,21.1447112288783,-2.94527207432034,0.00684405748205752,0.107732411969218,-2.60008119407165,"MB",0.0763486614598504,2.16468635155122,""
"FN3KRP",-0.183524734948309,12.0658138166361,-1.14013240353233,0.264937817220833,0.597883294610164,-5.700402721689,"FN3KRP",0.423712682360942,0.576856046088931,""
"VTN",-0.18431027192621,13.2699421519089,-1.53294816665162,0.137731695284047,0.455082562385209,-5.20799131201301,"VTN",0.322511525145814,0.860966106925296,""
"NUDC",-0.184356358144138,12.3981504144711,-1.91299891315927,0.0671606716555573,0.31710458808044,-4.62030301788939,"NUDC",0.224728198321935,1.17288496925162,""
"PPP3CB",-0.185088962631374,14.7479032401611,-3.21706184821892,0.0035369614164576,0.0798183576343897,-1.99401337497575,"PPP3CB",0.0565663077055261,2.45136967773429,""
"VCAN",-0.185955795138874,10.8930000956091,-1.16107800962835,0.267764756158865,0.600082854049197,-5.29327481133037,"VCAN",0.425271483615847,0.572246586446495,""
"PGM2L1",-0.186034998486821,12.2747190283811,-2.8069841857123,0.00950379621856901,0.127499301987627,-2.89893703646367,"PGM2L1",0.0903572180914501,2.02210288445251,""
"CPSF6",-0.18629951251334,11.7820888318544,-1.33074812776778,0.19738647127957,0.527714203999299,-5.3941924507587,"CPSF6",0.37398469385619,0.704682616863822,""
"NPEPPS",-0.186302860017143,16.4483690287477,-3.75327812492695,0.000920197627325529,0.0446300313477555,-0.742465793987636,"NPEPPS",0.0316287651230337,3.03611889087209,"+"
"PCYOX1",-0.18663915807177,14.3233587426389,-2.00574529855707,0.0557174918653022,0.287723120154876,-4.46208764935798,"PCYOX1",0.203905906248095,1.25400844166616,""
"DBNL",-0.187080837101187,12.2162544501671,-0.953035619544396,0.349612784322779,0.673915868565752,-5.88922557314967,"DBNL",0.477596050817548,0.45641269486108,""
"IGHV1-18",-0.187302716061131,11.267425429796,-1.50004947143374,0.14832462714096,0.473911239003336,-5.17408874389224,"IGHV1-18",0.335855181252437,0.828786734720338,""
"C4BPA",-0.187800626589329,11.835415172369,-1.32186198181555,0.198073052133364,0.528012853709642,-5.4881685258333,"C4BPA",0.374196343305165,0.703174606267921,""
"GPX3",-0.188031632641968,12.0531690337363,-1.67363557906101,0.106555582971794,0.398930947222663,-5.00235416154526,"GPX3",0.282717552486091,0.97242379052677,""
"OSBP",-0.188416558818739,12.4445471998326,-2.10029703177435,0.0458587935311271,0.259745656640732,-4.29531553228662,"OSBP",0.184078615172898,1.33857737502401,""
"ANXA3",-0.188647554735169,13.7226958573479,-2.10864615658799,0.0450678815583008,0.25832909709218,-4.28033191248397,"ANXA3",0.183074716499944,1.34613285571121,""
"AGPS",-0.188673746266929,11.0586508273926,-1.76605335320708,0.0899838170991071,0.368225757565323,-4.84260220226971,"AGPS",0.260957154780723,1.04583558807734,""
"H2BC20P",-0.188777334922788,12.7086834705235,-1.64184431290851,0.113028486135196,0.409014698564989,-5.05009243700854,"H2BC20P",0.289863785485131,0.946812089151618,""
"UBE2N",-0.188815973423727,13.5986836596945,-1.69828832477412,0.101753093322997,0.3877983583294,-4.96483567424981,"UBE2N",0.274828020960274,0.992452379226202,""
"LUC7L2",-0.188899783865084,9.0452916311495,-1.0904196647974,0.289001210810379,0.623233611875506,-5.6154012380334,"LUC7L2",0.441678146564458,0.53910033770309,""
"ATL2",-0.189140446760945,11.8427546388959,-2.84980733677699,0.00859020282017506,0.119577807594778,-2.80714333266099,"ATL2",0.0847433505227134,2.06599658207761,""
"MRPL49",-0.18962728844463,10.2368066642579,-1.11055581126098,0.277657624764925,0.607455536317766,-5.7126264869967,"MRPL49",0.430496414648997,0.556490395852985,""
"SAE1",-0.189998387285188,10.8803527550042,-1.02994639772645,0.313205676565049,0.645325283274933,-5.79554252454236,"SAE1",0.457334247731477,0.5041703753544,""
"SMTNL1",-0.190125272964879,15.6088722594979,-0.783692831580583,0.440514872026727,0.740204043100078,-6.03295653102375,"SMTNL1",0.524573680890091,0.356039424981527,""
"PRKN",-0.190899076867387,10.7360413531068,-2.01843439344124,0.054293759427258,0.284471507346474,-4.44002215756068,"PRKN",0.201601527454663,1.26525008573452,""
"SNRPD3",-0.191111136939151,11.7507901808169,-1.94476138822199,0.0630292173039926,0.306692252620107,-4.56673379973086,"SNRPD3",0.21734910172012,1.20045808590417,""
"SNRPE",-0.191285125563851,12.3145997411487,-1.81123135696834,0.08202629626331,0.351927193249471,-4.78749930492783,"SNRPE",0.24940655875779,1.08604689772272,""
"EPM2A",-0.191355435862825,14.2357611112377,-2.25723003409972,0.0328940672911529,0.22175668476175,-4.006989617289,"EPM2A",0.157156288825792,1.48288242348015,""
"RPS27",-0.192423883668463,12.1032451116177,-2.20830601698338,0.0365270934755623,0.234742498608729,-4.09836490388901,"RPS27",0.166359178532437,1.43738488398148,""
"C8A",-0.192688623539805,13.5878357202616,-1.47036804010291,0.15382230459836,0.481282450850328,-5.29469148281305,"C8A",0.341079070215544,0.812980686240354,""
"AGO2",-0.192693234289852,10.9760105606102,-1.31825904736266,0.199258536685486,0.528773116796855,-5.4926427532732,"AGO2",0.374735132588771,0.700583063377362,""
"SLC22A25",-0.193053745989788,12.9283817842886,-0.948195286286765,0.352023110797402,0.674425428153281,-5.89369764455702,"SLC22A25",0.477957169553598,0.453428823560764,""
"OXR1",-0.193138473675194,10.2431664977196,-1.64166598006964,0.117794229060837,0.41730316500415,-4.91211750840555,"OXR1",0.295737721718598,0.928875985851351,""
"NEDD4",-0.193577334063832,10.5130094687268,-1.09991483718947,0.286496823329758,0.619230690545314,-5.55391861736203,"NEDD4",0.438841324479972,0.542880189117203,""
"ALAD",-0.194134954983767,13.0190202179632,-2.0493959593917,0.050954070173425,0.276563906958044,-4.3857677657632,"ALAD",0.195997506399341,1.29282111915005,""
"MAT2A",-0.19413700178926,12.4525937830792,-2.05252631691562,0.0506267730652726,0.276563906958044,-4.38024993215148,"MAT2A",0.195997506399341,1.29561975352582,""
"CIRBP",-0.194475619893788,14.8801292961367,-2.40837801635137,0.0236476419380601,0.188785910291031,-3.71663217497364,"CIRBP",0.133790298478771,1.62621215912686,""
"SNX6",-0.195388718877105,10.3569179232024,-1.64629983701113,0.112611038399161,0.40853574183797,-5.02576686340864,"SNX6",0.289524354627353,0.948419036830306,""
"NOSIP",-0.195619302452013,16.6214474409876,-1.21972584401767,0.233846902891075,0.568452267757269,-5.61085855756906,"NOSIP",0.402855268472822,0.631068377588803,""
"PYGM",-0.196277164334951,20.7971462394081,-2.63025021191218,0.0143348008835834,0.146435594581107,-3.27007908926564,"PYGM",0.103777140342307,1.84360833520871,""
"GABARAP",-0.196821608032112,10.447932563487,-0.921796751692551,0.368053460014239,0.687486101224523,-5.78190567289369,"GABARAP",0.48721311108992,0.434089095177204,""
"WDR43",-0.197330487307063,13.155476289191,-1.65442940905418,0.111488735839519,0.407040403714727,-4.99713902580983,"WDR43",0.288464626528329,0.95276900893743,""
"GALK1",-0.197373832002153,11.8807650920524,-2.35827222274482,0.0264090480533028,0.198657038637181,-3.81419758075012,"GALK1",0.140785848123963,1.57824725319099,""
"ALG5",-0.197560089694431,9.98451275409015,-0.673066806492407,0.50934629273599,0.792503908286433,-5.90861534701356,"ALG5",0.561637964781273,0.292986850495445,""
"RSU1",-0.197899341206988,12.7853406631547,-1.96808120682109,0.0601393322441726,0.299233067272034,-4.5269939102519,"RSU1",0.212062866997472,1.2208413983885,""
"LZIC",-0.198936971337021,11.6561905061466,-1.86780771487737,0.0734451484971358,0.331599448280022,-4.69539395072594,"LZIC",0.235000530984476,1.13403688674249,""
"CFB",-0.199444728223686,11.7159065622388,-1.88273654654526,0.0713148299146996,0.324425877040522,-4.67073554819505,"CFB",0.229916707536996,1.14682014924465,""
"F12",-0.200253865032195,10.2443157804379,-1.4838345449483,0.151293262423733,0.47701484060112,-5.24032532802208,"F12",0.338054666285439,0.82018041207825,""
"AGPAT3",-0.200453625430853,9.82992610558435,-1.76039228508135,0.0934505090655441,0.374838631989017,-4.77789919958957,"AGPAT3",0.265643619155023,1.02941832848788,""
"BABAM2",-0.200558629699195,10.9685520659545,-1.73842004713291,0.0953739490356989,0.37806602757443,-4.86589687932851,"BABAM2",0.267930835494504,1.02057023467807,""
"PCYT1A",-0.200713482461193,12.3478432601651,-2.71586348565895,0.0117618734917918,0.135419844086183,-3.09188664464897,"PCYT1A",0.0959704107807021,1.92952349608789,""
"IMPDH2",-0.200778902052006,14.3631740134275,-3.14864036251263,0.004183453040501,0.0871827262092408,-2.14871694656496,"IMPDH2",0.0617853469241739,2.37846510163124,""
"PPP1R14C",-0.200805717510471,12.7374397021232,-1.4278721097352,0.16558885144579,0.491790309060762,-5.35184058025247,"PPP1R14C",0.348525862638661,0.78096890618979,""
"TNNC2",-0.200958831491725,19.1641203776709,-2.7796860713852,0.0101333049105547,0.132565809300991,-2.95708552609656,"TNNC2",0.0939477907388198,1.99424888925629,""
"SPPL2A",-0.201261300461802,12.312200962432,-1.70626376116495,0.10023906422344,0.385817768374647,-4.95260542278794,"SPPL2A",0.273424400738818,0.998962996328483,""
"RMND5A",-0.201335625242503,9.36208521975314,-0.953473823607289,0.353533251924629,0.674797487574439,-5.69502173208727,"RMND5A",0.478220843579545,0.451569731942838,""
"HINT1",-0.201471110675168,16.1082123430613,-2.86973051074285,0.00819410084901943,0.116875432072848,-2.7642027399825,"HINT1",0.0828282095721871,2.08649869526412,""
"ENO2",-0.201534892571964,19.9454821141156,-2.28548477788829,0.0309483657239014,0.214765172311626,-3.95362384300753,"ENO2",0.152201488247305,1.5093622796271,""
"ASB14",-0.201678270227097,10.8179612271171,-1.83712420564158,0.0809251751209224,0.348245573418264,-4.65851317190571,"ASB14",0.246797439171783,1.09191635211732,""
"PUDP",-0.201773616522104,12.8334788254914,-1.7474985384782,0.0927117868274008,0.373715866451942,-4.88865748272747,"PUDP",0.264847928755801,1.03286504871754,""
"SELENOW",-0.201871794711449,11.182652532918,-1.1432826482798,0.263652342333756,0.595920830543017,-5.69696140651036,"SELENOW",0.422321907737493,0.578968365966857,""
"MOCS2",-0.202292198292923,12.5904529157444,-2.13072205428003,0.0430350572270696,0.254306131985117,-4.24051684061081,"MOCS2",0.180223689632451,1.36617761518272,""
"PLG",-0.202583928872386,12.2110297775044,-1.63337721439215,0.114806838161869,0.413362309261201,-5.06268333253535,"PLG",0.292944884767482,0.94003224357985,""
"CELF1",-0.202879899802891,12.2368464331986,-2.0008584855478,0.056729359535626,0.289299545247516,-4.45567198975751,"CELF1",0.205023099704686,1.24619211951504,""
"CAPZA2",-0.204704934113558,16.76212448362,-3.57713525794499,0.00143953875280287,0.0528114115777579,-1.16021899463704,"CAPZA2",0.0374268106511821,2.84177663929447,"+"
"SERPINB3",-0.204919406948855,12.4691210153766,-0.481564494040054,0.634265447479791,0.852628880148725,-6.22231753821014,"SERPINB3",0.604247807428338,0.197728946773104,""
"MIA3",-0.205395344509148,10.4054525521301,-1.26366704653218,0.226654587329151,0.564421025748772,-5.28709939753729,"MIA3",0.399998375865076,0.644635486702025,""
"JPH1",-0.205402160035087,13.0606223345714,-2.23635395258983,0.0344022469306079,0.228159417605266,-4.04614088269824,"JPH1",0.161693828395844,1.46341319121637,""
"CACNA2D1",-0.205435206100566,14.9845215975232,-3.9262333972451,0.000590802727490254,0.038206195647783,-0.32746222772702,"CACNA2D1",0.0270762702130428,3.22855750839862,"+"
"CACNA1S",-0.205522893516701,14.2123159733452,-3.17948047366626,0.00387910208935929,0.0842235347583616,-2.07915228088721,"CACNA1S",0.0596882036211666,2.41126879058247,""
"SERPINA4",-0.206789872129393,12.7183231312379,-2.01484341639096,0.0546933720334126,0.284928619140114,-4.44627669940783,"SERPINA4",0.201925477071533,1.26206530006002,""
"C4A",-0.207432367099027,12.6435834071265,-1.68483767806597,0.104350224529791,0.393793534074897,-4.98535970330588,"C4A",0.279076729728774,0.981506612128529,""
"RPLP1",-0.20784993145057,14.4852156568793,-1.4513042869299,0.159014847383791,0.484685099410497,-5.32050300598743,"RPLP1",0.343490486225253,0.798562323253089,""
"PPP3R1",-0.208238032845317,13.2033122752718,-1.8018475673298,0.0835299731785732,0.355716052198798,-4.80256791645288,"PPP3R1",0.252091677413854,1.07815765804583,""
"EPN1",-0.208439325417896,10.4976966477742,-1.41002478857937,0.171238645421993,0.500945862525728,-5.35659129262012,"EPN1",0.355014292993065,0.766398216297204,""
"MTR",-0.208587866656863,10.9116645759938,-1.57663337379568,0.127335500125191,0.434974425934204,-5.14570641195183,"MTR",0.308261131281756,0.895050501616273,""
"NRDC",-0.209118957095543,12.1959795457776,-2.57977812590771,0.0160890903394994,0.155648400037836,-3.37365155952133,"NRDC",0.110306144493001,1.79346850976696,""
"SYPL2",-0.209141934043227,12.9042498670206,-0.879875276533241,0.387229858352157,0.69970782808509,-5.95455191811719,"SYPL2",0.495874501561701,0.412031162681752,""
"PLPBP",-0.209258005594579,13.10035548395,-2.55208038667004,0.0171348497142437,0.163151093956886,-3.43000648981084,"PLPBP",0.115623213215329,1.76611970031266,""
"AFG1L",-0.209915537652609,10.8829854559764,-0.909059320088511,0.376617860293694,0.692981293255026,-5.6910844317245,"AFG1L",0.491107487427782,0.424099088347307,""
"EEF2K",-0.210983612275532,12.1037858401467,-2.36774259038631,0.02586548312065,0.19774614411741,-3.79585457508845,"EEF2K",0.140140308160229,1.58727940534023,""
"NMT1",-0.211052033877202,9.68528327275485,-1.04038010334448,0.311065552670884,0.642764148489368,-5.67655157672354,"NMT1",0.455519202387909,0.507148079901486,""
"GLO1",-0.21106062103728,17.4388708137327,-2.81393656994895,0.00934947618522918,0.12699335898989,-2.88408158602347,"GLO1",0.0899986623889821,2.02921272027583,""
"UBE2I",-0.21212629336323,12.8155184495732,-2.15525124012677,0.0408729958095091,0.247135033734289,-4.19594511124322,"UBE2I",0.175141618762227,1.38856352926036,""
"ATP6V1B2",-0.21304648092636,11.8295559685662,-2.71707960102207,0.0117286625263137,0.135419844086183,-3.08933342196752,"ATP6V1B2",0.0959704107807021,1.93075150967128,""
"SLC44A2",-0.213280636334378,16.2820811273023,-1.84294153801066,0.077116028615088,0.3372196414183,-4.73613909075743,"SLC44A2",0.238983494100312,1.11285534418514,""
"RRAD",-0.213291736574968,11.5489294396162,-1.07710485326161,0.291623501158016,0.625065190612564,-5.76745006785105,"RRAD",0.442976164332524,0.535177480312981,""
"IGKV2-30",-0.213503635724726,11.247218088394,-1.37718407149385,0.182801308416677,0.510100708497042,-5.3385559861294,"IGKV2-30",0.361502221955248,0.738020700089554,""
"PLOD1",-0.214572173026621,15.8886937454715,-1.67318058029556,0.10664598028211,0.398930947222663,-5.0030425307043,"PLOD1",0.282717552486091,0.972055509405347,""
"PNP",-0.214689847151625,13.3001619807489,-1.57487402438415,0.127741326449648,0.435841240005584,-5.14824247314956,"PNP",0.308875431963183,0.893668578496089,""
"ERI3",-0.215251501462669,11.5641797996971,-1.0343082746387,0.310803427485644,0.642764148489368,-5.81099858887144,"ERI3",0.455519202387909,0.507514200521399,""
"CBX1",-0.215633309268068,10.8535315306288,-1.90876410398299,0.0687211887700012,0.319947935690541,-4.59451915652747,"CBX1",0.226743244491683,1.16290933649075,""
"IGHG4",-0.215915168427843,12.3531411368038,-0.83064783896528,0.413963181829146,0.722104978163319,-5.99575085898139,"IGHG4",0.511747091785307,0.383038283612174,""
"NSUN2",-0.216029271038085,11.6398102612762,-1.59442375160265,0.124355553674993,0.428884496790049,-5.08110412851464,"NSUN2",0.303945271922045,0.905334814523156,""
"NONO",-0.21614967569594,10.912016799296,-1.37588760631269,0.181440179919363,0.510100708497042,-5.40086116789658,"NONO",0.361502221955248,0.741266532132712,""
"MAPK12",-0.216336567530986,13.0091210912271,-3.38133013411301,0.00235410231874165,0.066940112660846,-1.61743454339221,"MAPK12",0.0474396507625529,2.6281746648999,"+"
"GPD1",-0.21703070629713,17.9806275386093,-3.29647175085383,0.00290709050115268,0.076437810791776,-1.81283927551459,"GPD1",0.0541705549165732,2.53654144792018,""
"CYLD",-0.217926480236768,14.858806950916,-2.80269733332468,0.00960014643896459,0.127972184623593,-2.9080876809579,"CYLD",0.0906923443141315,2.01772214225739,""
"FGB",-0.219148304409606,14.2204704455117,-1.48587259792529,0.149700712099836,0.474216709653583,-5.27349121623884,"FGB",0.336071664619285,0.824776133789921,""
"SMU1",-0.220129471594344,10.2807925745941,-1.97254958466086,0.0595990787962019,0.299233067272034,-4.51934000179998,"SMU1",0.212062866997472,1.22476045295805,""
"ACTC1",-0.220354142613035,13.543159832138,-0.709867747399566,0.484294944027311,0.774980072351912,-6.08727803514633,"ACTC1",0.549219033534983,0.314890064904526,""
"SNRNP200",-0.220791239765418,11.573905637238,-2.57218006507483,0.0163698887412724,0.157436580981499,-3.38914536424841,"SNRNP200",0.111573406768125,1.78595427228113,""
"PCBD2",-0.220892180065842,16.1197007701202,-4.08800897887102,0.000389325141656949,0.0284123701546694,0.0641461263364977,"PCBD2",0.0201355041677766,3.40968754971026,"+"
"ANK1",-0.220894821591736,13.0750245364751,-1.37464056660406,0.181328309688589,0.510100708497042,-5.42142069778096,"ANK1",0.361502221955248,0.741534386849129,""
"CA4",-0.221294572062449,12.2395642936869,-1.46676957957856,0.158599470058068,0.484685099410497,-5.17403921557639,"CA4",0.343490486225253,0.799698268161172,""
"NUP155",-0.222301889760416,10.0075252992262,-1.64864137283537,0.115459518492197,0.414151414266127,-4.91984994593381,"NUP155",0.293504113970432,0.937570257998119,""
"EIF2B2",-0.222876899626929,14.1282587053892,-1.39949809702812,0.17383748233206,0.504479011094167,-5.38920883643106,"EIF2B2",0.35751819278523,0.759856576478211,""
"MRPS5",-0.22367780905372,9.33942061051218,-0.751142488598533,0.465715089736394,0.760226725247984,-5.73656715395002,"MRPS5",0.538763514319844,0.331879690168881,""
"DENND10",-0.224203148993034,9.92427941285775,-0.915908149927927,0.376103505720323,0.692745917348616,-5.54538769894567,"DENND10",0.490940679360777,0.424692618431109,""
"UBL5",-0.224809494144004,11.4268466521292,-1.94213754206189,0.0633618729421706,0.307788352291968,-4.57118354966549,"UBL5",0.218125894342169,1.19817199372242,""
"CPSF7",-0.224845099396177,9.60498859699941,-1.40248204296884,0.172954978137189,0.503237530295617,-5.38530899138419,"CPSF7",0.356638370311521,0.762066933236801,""
"SEPHS2",-0.224875333886557,11.6615466955183,-2.35092630742299,0.0268378583609941,0.20035289724528,-3.82839409419846,"SEPHS2",0.14198768267298,1.57125214346252,""
"GGCT",-0.225039795306005,13.5662580499266,-1.52288422032497,0.140222593682461,0.459521034915882,-5.22213613082955,"GGCT",0.325657017114749,0.85318200405081,""
"TJP1",-0.225092250906123,12.6278560979367,-0.660395413429012,0.525130591451237,0.79995314936146,-5.61202577775958,"TJP1",0.566917152117508,0.279732681176894,""
"ANP32E",-0.225808138376236,12.6756248424784,-2.48622171298079,0.0198801989025612,0.176946118182424,-3.56258832143516,"ANP32E",0.125399580560812,1.70157927477509,""
"PTGR3",-0.225865546121566,9.40080312970934,-0.986682167131832,0.336049024027201,0.663760511965512,-5.72688996860556,"PTGR3",0.470399072035551,0.473597361564249,""
"POTEI",-0.226076863393919,14.3655466201463,-2.03989223085237,0.0519592749359273,0.278266178835806,-4.40248344783983,"POTEI",0.197203885955245,1.28433691790545,""
"NMNAT1",-0.226600390208107,10.5436533765806,-1.05309683645532,0.306052774410338,0.638389557103369,-5.59272563619012,"NMNAT1",0.452418982216005,0.51420367920796,""
"COPS7B",-0.227478027836835,8.95007233886657,-1.33650799351192,0.195529140559102,0.525756541629305,-5.39199754743207,"COPS7B",0.37259732213762,0.708788508647079,""
"RUSF1",-0.227693546420522,11.335654716406,-1.22829281765846,0.244449450447076,0.57996036836202,-5.13891099117246,"RUSF1",0.41101092062112,0.611810934747336,""
"STOM",-0.227699719708431,13.236110174597,-2.55917606846567,0.0168610814034081,0.161618258535677,-3.41560243303861,"STOM",0.114536911233331,1.77311457487902,""
"PTPN23",-0.228469044456885,10.9838001864816,-2.30346000998338,0.0305338523535175,0.213091127181852,-3.89478746956282,"PTPN23",0.151015112647378,1.51521839876951,""
"APCS",-0.228738264199427,12.9748356714626,-1.73811839035045,0.0943805086658872,0.3761688770157,-4.90330913390736,"APCS",0.266586347767001,1.02511768634682,""
"PSAP",-0.228770483327713,14.8213728482551,-2.21951682601286,0.0356639532066366,0.232956480227243,-4.07754314465752,"PSAP",0.165093448839055,1.44777051868531,""
"MYO1B",-0.228833732174532,8.97203413086067,-1.14569219190143,0.272218532833023,0.60198944066315,-5.38303900420306,"MYO1B",0.426622658561918,0.565082311046245,""
"NQO2",-0.23001552864303,14.5552350893684,-0.71006647347882,0.484173821877684,0.774980072351912,-6.08713871201244,"NQO2",0.549219033534983,0.314998695525039,""
"HSBP1",-0.231283932276495,10.4986066271,-1.55872674291684,0.132579659066414,0.444970769880243,-5.13217964479524,"HSBP1",0.315345419712896,0.877523102121666,""
"TNNC1",-0.231867494308265,14.9914972308539,-0.800239116219303,0.431042164182777,0.735775367806933,-6.02008002473457,"TNNC1",0.521435132105269,0.365480245439573,""
"SERPIND1",-0.231894458640737,10.8302622032637,-1.25806407062047,0.222027638947076,0.561383675730585,-5.48689034319925,"SERPIND1",0.397845842527757,0.653592959355444,""
"PHPT1",-0.232516603425097,15.7544377966915,-3.74744765831024,0.000933990861881523,0.0446300313477555,-0.756378750094817,"PHPT1",0.0316287651230337,3.02965737286396,"+"
"QRICH1",-0.232566835277357,9.70360765694031,-0.968586585875795,0.353142892898406,0.674797487574439,-5.45305854364266,"QRICH1",0.478220843579545,0.452049529625368,""
"PECAM1",-0.233295259474811,9.49437346584808,-1.40634670076241,0.178474739502093,0.507771068442885,-5.17742640368127,"PECAM1",0.359851234136754,0.74842324325583,""
"SLC35E2B",-0.233488345502513,15.6178470273081,-0.872418886013202,0.391205939476862,0.702064009105002,-5.96093561013954,"SLC35E2B",0.497544298642627,0.407594560166529,""
"GGT5",-0.234407019768236,10.9950932360159,-1.23720476289977,0.237515371964216,0.572032820209617,-5.28493043278789,"GGT5",0.405392762825976,0.624308277646707,""
"PPTC7",-0.235260630994459,10.5565295112355,-1.33540824796769,0.200166497683692,0.529711156381775,-5.2123031531156,"PPTC7",0.375399909932896,0.698608609617228,""
"PEBP1",-0.235900170267779,17.4804861283842,-4.15810143444194,0.00032476227999162,0.027381575000655,0.23465091282706,"PEBP1",0.0194049920701658,3.48843441829414,"+"
"ROCK1",-0.236637438530074,12.3371233564232,-0.992060525622304,0.330586349579591,0.659821655574465,-5.85239970780656,"ROCK1",0.467607652001022,0.480715083083543,""
"SNTB2",-0.236864686638835,13.2788093346998,-1.32799399641335,0.196068002896681,0.525756541629305,-5.48052930199797,"SNTB2",0.37259732213762,0.707593274762769,""
"MYL4",-0.23842720660196,14.5986560245641,-1.41611762260422,0.168967362248677,0.498210350004844,-5.36739828689878,"MYL4",0.353075668250905,0.772197175647729,""
"NOP14",-0.238566188941178,12.3103643790561,-1.4835868130356,0.159721972202647,0.484685099410497,-5.01821072697477,"NOP14",0.343490486225253,0.79663533589669,""
"PHIP",-0.240200207972478,14.0389157436386,-1.00614115009573,0.323898957453823,0.655112499691359,-5.83877768794075,"PHIP",0.46427033000378,0.489590449868121,""
"ATP6V1F",-0.240654168997546,10.2610221747053,-1.47962429794421,0.155166933010804,0.482853887088996,-5.1553278972335,"ATP6V1F",0.342192728131474,0.809200823934911,""
"CRBN",-0.243316199132497,10.0565305975394,-1.07859351523261,0.305534843875891,0.63798305401886,-5.26793034855325,"CRBN",0.452130898381119,0.514939254684528,""
"DFFA",-0.244358148365851,10.7316073205415,-1.72967053784925,0.0989161001179722,0.383617784760634,-4.82205723825195,"DFFA",0.271865298876219,1.00473301453711,""
"DHX15",-0.244691235173113,10.0364232882133,-1.45053688011578,0.162235330008536,0.486875869952317,-5.22076125195164,"DHX15",0.345043058894669,0.789854563460625,""
"QDPR",-0.245145302878933,14.7866221641333,-3.74730359829445,0.000934334222214003,0.0446300313477555,-0.756722444711584,"QDPR",0.0316287651230337,3.02949774379228,"+"
"SSPN",-0.246555498089077,11.0862105216432,-1.54616084715358,0.137563986309161,0.455082562385209,-5.0931277659942,"SSPN",0.322511525145814,0.86149524774543,""
"NFS1",-0.246726077976488,12.4615839417703,-1.44007518363694,0.162138642603125,0.486875869952317,-5.33557417852227,"NFS1",0.345043058894669,0.790113467142352,""
"RAP1B",-0.247000442652686,10.0816226207931,-1.80017699706733,0.0848316439841071,0.358646139810216,-4.76924964262685,"RAP1B",0.254168195176733,1.07144211656184,""
"NUP43",-0.247362872045656,11.6328423053152,-2.3734527392778,0.0258880380527879,0.19774614411741,-3.77452576427335,"NUP43",0.140140308160229,1.58690086169855,""
"MUSTN1",-0.248137863031589,15.5281614003687,-1.52822615724583,0.138895887979725,0.457891680974786,-5.21463764017079,"MUSTN1",0.324502313621407,0.857310611383691,""
"PRPF8",-0.248421967892591,9.95265853254309,-1.88230932512447,0.0750128468370663,0.332796933490762,-4.5639940108289,"PRPF8",0.235849174315548,1.12486435217285,""
"SIPA1",-0.251318033200732,10.0420146092399,-1.24890718575635,0.227495896837748,0.564421025748772,-5.40760141036805,"SIPA1",0.399998375865076,0.643026431959811,""
"SERBP1",-0.253181325735131,12.6502731821474,-2.7045610607611,0.0120747870879746,0.136523899924729,-3.11558693566319,"SERBP1",0.096752841842155,1.91812051832659,""
"UQCC3",-0.253961344501649,10.7957091177021,-1.60076386865553,0.122940121577769,0.424847189670538,-5.07322359745341,"UQCC3",0.30108408104325,0.910306361733071,""
"RPS6KA5",-0.254629406287563,13.9007346460734,-1.40600416676422,0.172415947724486,0.502689833345247,-5.36185297552033,"RPS6KA5",0.356250224086239,0.76342256630469,""
"LTN1",-0.254754365647075,10.2417524227483,-1.79945761549089,0.0855338908662446,0.359517131747854,-4.74765406496295,"LTN1",0.254785456661605,1.06786177182326,""
"HNRNPA0",-0.255444166153895,12.0466621891292,-2.75342095662121,0.0107759585948171,0.133198257860279,-3.01275803503604,"HNRNPA0",0.0943959994075136,1.96754408600046,""
"METTL7A",-0.257068248657708,12.736060628123,-1.86717274382829,0.0735369685509693,0.331599448280022,-4.69643949701634,"METTL7A",0.235000530984476,1.13349427722378,""
"C11orf54",-0.257109087993047,13.6381867556897,-2.68348028749421,0.0126794101732272,0.139766113678728,-3.15965044937597,"C11orf54",0.099050559639054,1.89690094869961,""
"FHL3",-0.257422031219042,15.7505705974776,-3.60366900338155,0.00134607598729513,0.0508077671786288,-1.09764901885835,"FHL3",0.0360068520229585,2.87093042307528,"+"
"HP",-0.257879599873261,15.2262823152404,-1.17255440031297,0.251925595240871,0.587484748543806,-5.66457823210745,"HP",0.416343358136382,0.598727706629808,""
"CAT",-0.257966440521987,14.9777303044902,-1.91597918139998,0.0667632118068811,0.31624783179445,-4.61530420843463,"CAT",0.22412102547175,1.17546277869661,""
"MPST",-0.26043543181432,13.3294151408841,-2.21359070156092,0.0361178922200912,0.233665641315533,-4.08855840381994,"MPST",0.165596022752149,1.44227760232015,""
"TMEM109",-0.261127729630783,13.1669253026377,-3.0828187022011,0.00491158186556046,0.0920038799130477,-2.29624126970318,"TMEM109",0.0652020404266179,2.30877861279712,""
"PDE12",-0.262101438783118,12.2025431001873,-2.66313158578517,0.0132898724006388,0.141593956506434,-3.20200731264418,"PDE12",0.100345929813206,1.87647918880629,""
"ITIH4",-0.263884367151055,12.7970649223088,-2.5089500602215,0.0188897488191752,0.17186673052621,-3.51706206154914,"ITIH4",0.12179987976976,1.72377381694166,""
"NFIC",-0.264084074950055,10.7208624494056,-2.10542405421776,0.0467714010495463,0.264392180291912,-4.24280650159259,"NFIC",0.187371550462517,1.3300196204919,""
"APOO",-0.264291150323608,10.312438493934,-1.37211534630571,0.183713838609509,0.510692397143407,-5.36437607631152,"APOO",0.361921544565085,0.735858128368212,""
"RBM38",-0.264953143444997,12.3026439006079,-2.08726910664118,0.0475500466182563,0.266689693948968,-4.3046348589583,"RBM38",0.188999770690725,1.32284905294231,""
"CA8",-0.266500476266206,15.5272431293084,-2.12803180352717,0.0432783124887278,0.25469331333202,-4.24538407090566,"CA8",0.180498080384853,1.36372968161502,""
"LRPAP1",-0.266926794869837,11.9447176432138,-2.74367811417109,0.0110239636707087,0.13331088557068,-3.03333958465495,"LRPAP1",0.0944758173079505,1.95766222664443,""
"TAB1",-0.267799605593035,10.5824412201336,-2.65705139297442,0.0137336402701001,0.143477638520391,-3.20927245249146,"TAB1",0.101680872545414,1.86221433241557,""
"KCNJ11",-0.268424193366798,10.8220328992618,-1.91083132203546,0.0674510450647676,0.317951801242803,-4.62393511559883,"KCNJ11",0.225328608075464,1.17101131712112,""
"ITGA6",-0.268895562242301,10.4404350937299,-0.957992984161139,0.360151159560259,0.680220826667641,-5.2535308662757,"ITGA6",0.482064298607055,0.44351518260932,""
"KYAT1",-0.269835235714485,13.206692209599,-3.27738969011142,0.00304773963133126,0.0779635247189178,-1.85652848108202,"KYAT1",0.0552518099815875,2.51602213756408,""
"LYZ",-0.2715394954859,14.0134953959947,-0.57000287545612,0.573716212515687,0.823782898331643,-6.17598120897446,"LYZ",0.583805007903357,0.241302877315372,""
"STYXL2",-0.271634470506356,11.0676344403899,-2.14591216091007,0.0416843990108249,0.250130061544283,-4.21295599164375,"STYXL2",0.177264158860869,1.38002645560785,""
"SQOR",-0.272730742475058,10.2229626923521,-2.3110900646599,0.0327177141051914,0.22115322789028,-3.825499430555,"SQOR",0.156728626216709,1.48521704687667,""
"LHPP",-0.272737802259048,11.0725781249055,-2.20315509994601,0.0373287231794587,0.237742490294064,-4.09530262980161,"LHPP",0.168485236469685,1.42795686476426,""
"SENP8",-0.273424031373954,11.0465274263521,-2.83029979017765,0.00899556291400006,0.123355422543178,-2.8490448242496,"SENP8",0.0874205006908865,2.04597165468699,""
"DCPS",-0.273656622274117,11.6369691796933,-2.5863060611558,0.0158514297893945,0.15400067042849,-3.36031926078593,"DCPS",0.109138418385122,1.79993155857943,""
"CD38",-0.274308172134912,11.768518195447,-2.64246913742981,0.0139378364027346,0.143477638520391,-3.24483740799182,"CD38",0.101680872545414,1.85580463737722,""
"HPR",-0.274909309274049,9.99601235130596,-1.23415729199347,0.228515310198625,0.564421025748772,-5.59404882957826,"HPR",0.399998375865076,0.641084697510833,""
"TM9SF2",-0.275112197748651,12.6220563931471,-1.96919058334358,0.0604671626402817,0.299233067272034,-4.50989882532623,"TM9SF2",0.212062866997472,1.21848040974001,""
"PRELP",-0.275573990598113,13.164539978578,-2.37617909590558,0.0253899126246024,0.197201868786207,-3.77947549360943,"PRELP",0.139754586795197,1.59533879367997,""
"TCAP",-0.275639293120918,17.2130903318641,-3.80095306120975,0.000814665718006315,0.0443025000181637,-0.628502273757707,"TCAP",0.0313966476187152,3.08902055887525,"+"
"CACNB1",-0.276078475813105,15.2830449226641,-5.53723804287089,9.05713127423334e-06,0.00191697913407997,3.61433890644155,"CACNB1",0.00135853999978472,5.04300933753912,"+"
"LTF",-0.281600975034383,11.2109621720081,-0.580941679323304,0.566873054934624,0.819293078891898,-6.12622659271477,"LTF",0.580623126999039,0.246514185752582,""
"ZC3H8",-0.28176165736566,14.9813334981637,-1.9095401205227,0.067624536053721,0.318246174597643,-4.62609725666956,"ZC3H8",0.225537226922854,1.16989570140478,""
"POTEJ",-0.28301226648917,12.9295439774945,-1.15905778093373,0.257283823206035,0.593700030039047,-5.67960057288195,"POTEJ",0.420748053195966,0.589587519320995,""
"POLG",-0.283395233573868,12.8592893182195,-0.9862190332848,0.333388303360614,0.660782072912532,-5.85799897049455,"POLG",0.468288288188999,0.477049641085851,""
"GPC1",-0.284546953015122,10.7321131565965,-2.02335088687666,0.0537508286450607,0.282660320911457,-4.43144605597637,"GPC1",0.200317961465187,1.26961483609695,""
"CTSA",-0.284674043718201,10.8168080724915,-1.47921732240755,0.152513981848035,0.479184068672558,-5.24257410767633,"CTSA",0.339591972065827,0.816690340178826,""
"CLU",-0.286126612095581,13.1864553017512,-2.86310959725301,0.00832377309469809,0.116940851418651,-2.77848912992351,"CLU",0.082874571473813,2.07967976712736,""
"INTU",-0.286154254536699,14.0577171294607,-0.820964367137284,0.419355300104446,0.72815445828951,-6.00359153975819,"INTU",0.516034285413671,0.377417863695602,""
"BPGM",-0.286492546891287,13.4926884854152,-2.3921040916195,0.0245140029568123,0.194080476448133,-3.74845951578328,"BPGM",0.13754249367905,1.61058576585489,""
"PRMT7",-0.286657127369695,10.7480373324151,-1.24630863479686,0.226226221661646,0.564421025748772,-5.49570820506292,"PRMT7",0.399998375865076,0.645457057841368,""
"RAPH1",-0.287357940453246,13.4585912211427,-2.13751950342205,0.0424258733960981,0.251957096703541,-4.22820009790299,"RAPH1",0.178558956650129,1.37236920835733,""
"EPB41",-0.287658636976131,12.8304259979479,-1.99280549030267,0.0576599866287631,0.293523129090649,-4.46951977384725,"EPB41",0.20801630265162,1.23912546265983,""
"MYOF",-0.288872667568677,11.1179292377552,-2.36331620498206,0.0282246017898482,0.206238285917578,-3.75389538550048,"MYOF",0.146158586666379,1.54937217665513,""
"PTGR2",-0.288912177612264,13.2784086616998,-3.67823410257386,0.00111404823174175,0.0469538563554686,-0.921112936177656,"PTGR2",0.0332756318882233,2.95309600635632,"+"
"EMC10",-0.290347958695312,9.65236264374527,-1.51399660172336,0.142961147463934,0.465598464354132,-5.21618013292205,"EMC10",0.329964018083591,0.84478197466543,""
"LRRC20",-0.291670355945673,15.0695804078018,-3.7878684051966,0.000842384223561459,0.0443025000181637,-0.659814943009135,"LRRC20",0.0313966476187152,3.07448977535101,"+"
"MKNK1",-0.291847941656666,10.1134315388701,-1.17986909911525,0.251738717686395,0.587484748543806,-5.53937457417956,"MKNK1",0.416343358136382,0.599049984354641,""
"MYH4",-0.296470616100752,18.9226927183292,-1.64106583739396,0.113191023866602,0.409086348551931,-5.05125223631926,"MYH4",0.28991456296701,0.946188011661599,""
"TTC1",-0.298478979178489,10.3868537213031,-2.02295781085212,0.0564917745479653,0.289210716670891,-4.35496603729194,"TTC1",0.204960147963416,1.24801478277324,""
"HLA-DRA",-0.298749710863609,12.7034066013481,-1.65661353785869,0.109981588316439,0.403594407317433,-5.02800548771139,"HLA-DRA",0.286022490429083,0.958680012676651,""
"NFIX",-0.299516782686405,10.1648176751995,-1.70701353329317,0.102402712900118,0.388723410823494,-4.87685326019429,"NFIX",0.275483594509712,0.989688537677138,""
"BANF1",-0.29966256202796,15.2749651208343,-4.08089974871105,0.0003965438960875,0.0284123701546694,0.0468781087882313,"BANF1",0.0201355041677766,3.4017087307338,"+"
"CMBL",-0.301394804220379,18.3736696275923,-3.26748502344427,0.00312331371543163,0.0779635247189178,-1.87916797008433,"CMBL",0.0552518099815875,2.50538439167816,""
"ACSM5",-0.301782938743546,11.4387693590729,-1.66945217348084,0.107389154817846,0.398930947222663,-5.00867765248248,"ACSM5",0.282717552486091,0.96903957562517,""
"HLA-DRB5",-0.302704484754436,9.86517455802044,-1.33642688868233,0.198787811986289,0.528012853709642,-5.29060968658053,"HLA-DRB5",0.374196343305165,0.70161024644456,""
"SPTA1",-0.302933464163363,13.1672790057129,-1.62178303477804,0.117279771255739,0.417027077442865,-5.07983950993247,"SPTA1",0.295542061792634,0.930776889756725,""
"MAPKAPK3",-0.305075350672315,11.7843688867978,-1.83288571655351,0.0802455912252141,0.346883656789538,-4.70309926814198,"MAPKAPK3",0.245832265277293,1.0955788188503,""
"BLVRB",-0.305662220817785,15.7537600502105,-4.1149071337638,0.00036317010986517,0.0284123701546694,0.129524511831844,"BLVRB",0.0201355041677766,3.43988990259258,"+"
"GBP2",-0.306456796557235,11.1143480784524,-2.02793321868948,0.0604296206816495,0.299233067272034,-4.25015308771129,"GBP2",0.212062866997472,1.2187501318211,""
"GPHN",-0.308186910518881,11.807239452347,-3.33912596277076,0.00261502386714967,0.0720640231081821,-1.71484252913225,"GPHN",0.0510709043188739,2.58252434300164,""
"GPD2",-0.310262639197154,13.3565502306173,-3.92029702676105,0.000599887928873075,0.038206195647783,-0.34177437716819,"GPD2",0.0270762702130428,3.22192987697996,"+"
"SNX12",-0.310733584232326,10.9054541120665,-2.46810800786512,0.0226122649899171,0.186531954961751,-3.55600932042476,"SNX12",0.132192947512286,1.64565593374684,""
"RHAG",-0.312209992689141,10.869913801386,-1.25427855480624,0.22558232779306,0.564421025748772,-5.41711100130557,"RHAG",0.399998375865076,0.646694926154024,""
"AQP1",-0.312542348094059,12.7090648552901,-3.1606858673966,0.0040619427957899,0.0862335411313618,-2.12157938740024,"AQP1",0.061112670903568,2.3912661970434,""
"PDLIM7",-0.313058380891647,17.3694248640852,-2.76081245004116,0.0105913232316812,0.133198257860279,-2.99711837370714,"PDLIM7",0.0943959994075136,1.97504977772845,""
"IGHV4-61",-0.313116820323877,8.05581550395769,-1.19815094597048,0.248058764603518,0.582257509708175,-5.40667736359362,"IGHV4-61",0.412638876997082,0.605445423529237,""
"PAK1",-0.313568750760577,10.9903039189191,-2.23067968659334,0.03482286705124,0.229816331716701,-4.05674120334061,"PAK1",0.162868063449619,1.45813547522691,""
"SLC2A1",-0.314930911455258,12.3124980522201,-1.53770440675576,0.137076589091789,0.454700815204938,-5.18301060894984,"SLC2A1",0.322240985521785,0.86303671075694,""
"CCDC43",-0.31508945849574,10.412122801093,-1.03926198108624,0.313915167271061,0.645466506003927,-5.59047655529159,"CCDC43",0.457434330576828,0.503187700219063,""
"SELENBP1",-0.315513035854748,15.3513460969653,-3.99917385427237,0.000489658704031188,0.0326363219942648,-0.151258004807451,"SELENBP1",0.0231289679093674,3.31010652119646,"+"
"PRCP",-0.317301170774035,13.3419627354743,-1.21198667104893,0.246713027899318,0.581509479869366,-5.29945532696091,"PRCP",0.412108757269126,0.60780791660108,""
"H1-0",-0.318180567828481,12.1313469217241,-3.14614874019904,0.00420901993736299,0.0871827262092408,-2.15432505053157,"H1-0",0.0617853469241739,2.37581901707302,""
"ZNFX1",-0.31819296611266,10.9131728916214,-1.11329694523676,0.278632401460251,0.608658889165458,-5.62474411370366,"ZNFX1",0.431349216303632,0.554968381963831,""
"RBM19",-0.318483883663767,12.6842133008683,-2.43839335811977,0.0221232016147203,0.185886957512093,-3.65758522657701,"RBM19",0.131735845596286,1.65515202280176,""
"CDKN1B",-0.319637016642004,12.2828543404306,-2.64470157025877,0.0138664299551252,0.143477638520391,-3.24021872376701,"CDKN1B",0.101680872545414,1.8580353377992,""
"CALCOCO2",-0.319672776654713,10.6798087495074,-1.78869730559538,0.0856769717319553,0.359517131747854,-4.8235840188812,"CALCOCO2",0.254785456661605,1.06713589212185,""
"RBKS",-0.320862092258528,13.8286353487185,-2.71599974934154,0.0117581478672353,0.135419844086183,-3.09160059046362,"RBKS",0.0959704107807021,1.92966108254458,""
"HECTD3",-0.320953589683448,11.5875961005453,-2.00406710070918,0.0559082354810632,0.288188854116416,-4.4649984778921,"HECTD3",0.2042359662914,1.25252421428632,""
"AAMDC",-0.321498624486646,15.6813414216441,-1.50788858843855,0.144002144337811,0.466339147652164,-5.24306946449036,"AAMDC",0.330488931406673,0.841631040771801,""
"ILF2",-0.326517719380545,11.1334131023441,-1.12786009899082,0.27400191620575,0.60404275544358,-5.55565027011444,"ILF2",0.428077817990506,0.562246399972774,""
"LRRC14B",-0.326997808145462,10.4726407667113,-1.92452840037898,0.0656344270085834,0.313513779677667,-4.60093279334492,"LRRC14B",0.222183435700368,1.18286830181412,""
"NT5C2",-0.328430533588364,9.25380512636309,-1.32552024944374,0.19845828542896,0.528012853709642,-5.41636435726212,"NT5C2",0.374196343305165,0.702330765031126,""
"AGMAT",-0.329729541029762,10.5542814192348,-1.73422619778658,0.0988773019569748,0.383617784760634,-4.79677617037325,"AGMAT",0.271865298876219,1.00490339259086,""
"CA2",-0.329911172818974,17.8862935977679,-3.89838903370517,0.000634623758567166,0.0395398193924674,-0.394553918455816,"CA2",0.0280213932817328,3.19748367314094,"+"
"NUP133",-0.33049964967093,10.1305898758398,-2.16011769224178,0.0418047102162287,0.250130061544283,-4.14812148904876,"NUP133",0.177264158860869,1.37877478268261,""
"DNAH7",-0.332051632112496,16.761355037301,-1.7312678741255,0.0956152769736968,0.378499148904164,-4.91397072095627,"DNAH7",0.268237783358851,1.0194727125846,""
"CNN1",-0.332085356848349,10.8826805967846,-1.778628280682,0.0911121317405862,0.369887257728592,-4.7259988922814,"CNN1",0.26213463991414,1.04042379210268,""
"COPG2",-0.333292199126699,10.8260906676343,-2.76733886754249,0.0111702760578516,0.134296588708901,-2.96950651177861,"COPG2",0.0951743732376315,1.9519360937671,""
"ABCC9",-0.333367055390696,9.58430688931948,-1.90118891804003,0.0723670248235749,0.328170717000579,-4.53935568557325,"ABCC9",0.23257063046609,1.1404592818615,""
"DNAJB2",-0.333818926089819,11.3321010004084,-3.27741731089337,0.00315553693907693,0.0779635247189178,-1.86631537658903,"DNAJB2",0.0552518099815875,2.50092673155849,""
"PNN",-0.33476876632915,10.0116082040484,-1.30323565696457,0.206449581286985,0.539017831459592,-5.42788820858886,"PNN",0.381995438352292,0.685185993607571,""
"TSN",-0.335995677015953,11.0374795810109,-4.55256902004554,0.000116542297505194,0.0128465471019186,1.20049159756554,"TSN",0.00910419304352579,3.93351642451606,"+"
"HBA2",-0.336044595537643,21.0426850522499,-3.05756541040101,0.00522198336304053,0.0931811099744741,-2.35248680768713,"HBA2",0.0660363291775826,2.28216451614984,""
"PREPL",-0.338407814596252,11.5815786447761,-2.40326115451477,0.024252726801552,0.193078652814578,-3.71686313667412,"PREPL",0.136832513348686,1.6152394253796,""
"TIMM10B",-0.340750319074516,13.3150575263285,-2.37215723111998,0.0385970842500084,0.241653114333401,-3.61418036202391,"TIMM10B",0.171256648576948,1.41344550211479,""
"ARHGAP10",-0.34142219159313,9.86896435173497,-2.87425889722826,0.010892001244502,0.133198257860279,-2.78002934248199,"ARHGAP10",0.0943959994075136,1.9628923177103,""
"AMPD1",-0.342314375071052,17.0809936175104,-2.05008258248247,0.050882119348853,0.276563906958044,-4.38455797343299,"AMPD1",0.195997506399341,1.29343480769095,""
"GTPBP3",-0.347788104257198,19.8647769018922,-2.89440694080215,0.00812559069018536,0.116875432072848,-2.70913638479111,"GTPBP3",0.0828282095721871,2.09014505814436,""
"UBFD1",-0.348706850996692,9.34499062600185,-2.91660049276006,0.00793908741221417,0.116875432072848,-2.6645886953733,"UBFD1",0.0828282095721871,2.1002294162905,""
"BCAP29",-0.351224573208366,9.4366351964044,-2.11871247703344,0.0455181447178853,0.259745656640732,-4.21363312839217,"BCAP29",0.184078615172898,1.34181544773788,""
"THNSL2",-0.351611185509807,10.5862788884607,-2.10222508284993,0.051480220374548,0.276814843514924,-4.15262630675869,"THNSL2",0.196175342111723,1.28835960265255,""
"ITIH5",-0.351806942834495,12.8888994156685,-2.93860539967854,0.00695411591566829,0.107732411969218,-2.61464654794437,"ITIH5",0.0763486614598504,2.15775807449321,""
"ASB10",-0.355493694679762,9.38825391838241,-1.17423213421235,0.26459417784748,0.597578340197697,-5.18269248567796,"ASB10",0.423496564845586,0.57741971629565,""
"HLA-B",-0.356289677259181,13.2112762631391,-2.59672495481314,0.0157533530759129,0.153657288524015,-3.33249931571973,"HLA-B",0.10889506776949,1.80262699315196,""
"NISCH",-0.358858625065555,12.6995791399604,-2.25083790769184,0.0337335010457757,0.225888350460731,-4.00701586834829,"NISCH",0.160084350492201,1.47193858303385,""
"ALDH1A1",-0.358910552831297,16.2111416694862,-5.31680607468737,1.59908986091447e-05,0.00286436971336304,3.07723373520243,"ALDH1A1",0.00202994428087147,4.79612713037338,"+"
"UBQLN2",-0.360416968384653,10.8887996351736,-3.63888112507456,0.00123114972389552,0.0495153008502531,-1.01440885536771,"UBQLN2",0.0350908967189817,2.90968912797236,"+"
"C12orf57",-0.362387222328078,9.19576652529975,-2.62515007495801,0.0153791777839037,0.150947683317356,-3.26257597284871,"C12orf57",0.106974803228562,1.81306688257482,""
"ZBTB8OS",-0.365187262416136,11.924749630933,-4.52199897235106,0.000137233389440902,0.0140468176477723,1.06628942271708,"ZBTB8OS",0.00995481030801064,3.8625402101618,"+"
"GSK3B",-0.365414915348406,11.3961634277296,-1.66438464797791,0.121419790360224,0.422828636081472,-4.6240089351201,"GSK3B",0.299653556451874,0.915710521302278,""
"SNCA",-0.365663276058276,9.62287701028795,-1.504923577384,0.145818167816955,0.469427211350433,-5.20739710144212,"SNCA",0.332677404917625,0.836188362910338,""
"RPS6KB2",-0.369429052614219,8.8329084223214,-1.45734096056096,0.166729638184646,0.493643742807021,-5.05248593802208,"RPS6KB2",0.349839368788248,0.777987192278003,""
"YIPF3",-0.370289806272858,12.0711412279957,-2.09346716295626,0.0474140635886696,0.266448443617896,-4.28102339415588,"YIPF3",0.188828799489789,1.32409282218561,""
"RABGAP1",-0.370730125394838,14.7400475393023,-2.21665731592223,0.0358823428904422,0.232995105497727,-4.08286073015142,"RABGAP1",0.165120822102552,1.44511920801446,""
"MCM7",-0.381110796683759,13.0676304729337,-3.00806457549279,0.00642333014993437,0.104817709275819,-2.47317007209136,"MCM7",0.0742830468028795,2.19223975530027,""
"HLA-DRB1",-0.381477273565197,12.7438743963261,-3.17253994080193,0.00394568058592641,0.0850249666110157,-2.09483179282863,"HLA-DRB1",0.0602561687124793,2.40387807503525,""
"DDI2",-0.385442615591115,10.8721141866605,-1.55991748583597,0.132901248784888,0.444970769880243,-5.11460478273826,"DDI2",0.315345419712896,0.876470938260896,""
"GSTM4",-0.385626100133599,11.598380117659,-1.24407485113173,0.227691891435392,0.564421025748772,-5.46842430721038,"GSTM4",0.399998375865076,0.642652435206414,""
"PRPF40A",-0.387533170116264,11.0520038948945,-4.02146066602534,0.00078292986787401,0.0443025000181637,-0.424287425522158,"PRPF40A",0.0313966476187152,3.10627713878426,"+"
"MPDU1",-0.388664314711543,10.4796409637916,-3.54438927600404,0.00200657915208895,0.0637837419843601,-1.34961222147468,"MPDU1",0.0452027689196988,2.69754370428924,"+"
"SOD3",-0.391344784347202,11.7054144512877,-5.0247474967053,3.40969722040403e-05,0.00574834837275173,2.36154922728619,"SOD3",0.00407378518537117,4.46728418445207,"+"
"SIX4",-0.393994223530221,10.9939058053463,-1.79549058649713,0.084562021940902,0.358512951009801,-4.81274204840609,"SIX4",0.254073805879702,1.07282464127208,""
"FTH1",-0.397553369958313,15.6902452615959,-2.36939029729689,0.0257719642962045,0.19774614411741,-3.79265847710966,"FTH1",0.140140308160229,1.58885247898533,""
"RNF7",-0.39814907847855,10.4511961994677,-2.61559211573177,0.0150936162201424,0.149955125769538,-3.29412425499348,"RNF7",0.106271389661442,1.82120669685114,""
"GMPPB",-0.399225608619806,13.117951825478,-2.89016777494504,0.00780580816995055,0.116517949036866,-2.72000268934745,"GMPPB",0.0825748656546704,2.10758212583925,""
"BST2",-0.399250124563508,11.2369383452509,-2.44038321265277,0.0220254112099149,0.185661260375342,-3.65365506366606,"BST2",0.131575896756644,1.65707597465122,""
"HBB",-0.400440891634677,20.2937434316933,-2.17937033284714,0.0388427153279142,0.242534253006105,-4.1517819368352,"HBB",0.171881100930625,1.41069041803513,""
"TINAGL1",-0.402026317350829,12.8917113752759,-3.72327766833632,0.000993365307947264,0.0448893812937242,-0.813995932840393,"TINAGL1",0.0318125633028243,3.0028910112727,"+"
"SLC4A1",-0.407213084162496,14.664113754861,-1.9151994593447,0.0668669997117783,0.31624783179445,-4.61661259193943,"SLC4A1",0.22412102547175,1.17478816293515,""
"BUB3",-0.407441335704249,11.4175950455446,-2.87909372416908,0.00820765055955034,0.116875432072848,-2.74332982270565,"BUB3",0.0828282095721871,2.08578114191179,""
"MAPKAPK2",-0.407491834554712,12.1757914078222,-3.5269017284989,0.00163413601744855,0.057820170691451,-1.27829634658028,"MAPKAPK2",0.0409764578457011,2.78671179776146,"+"
"ACTN3",-0.407509561354136,18.0309367154303,-0.769013656449029,0.449023739295274,0.747764112039661,-6.04416578148223,"ACTN3",0.529931410597714,0.347730697810924,""
"SHMT1",-0.40934682313717,11.6374289904258,-3.16364779893201,0.00403258785795013,0.0862335411313618,-2.11489989378606,"SHMT1",0.061112670903568,2.39441616186652,""
"LSM14A",-0.410146380814792,10.3015246629881,-2.07235197552307,0.054506424477112,0.28484800074955,-4.20345646922827,"LSM14A",0.201868343790136,1.26355230597066,""
"PPP1R27",-0.411560649273401,11.8819166059125,-1.96583935937518,0.0604120027678024,0.299233067272034,-4.53082924544799,"PPP1R27",0.212062866997472,1.21887676637966,""
"NUP62",-0.413985120193205,12.3781864272755,-2.29846844301111,0.0317845437212356,0.217929431351821,-3.88134602644966,"NUP62",0.154443960478412,1.4977840186451,""
"HDHD3",-0.419962862024013,12.3252587649436,-1.08147891161798,0.297467067740876,0.63195543321339,-5.45734963878865,"HDHD3",0.447859196189799,0.52656110754915,""
"CDC37L1",-0.423935323844477,11.6834231254449,-2.54666826178485,0.0176365021393922,0.16641820177841,-3.43356968932224,"CDC37L1",0.117938573137741,1.75358754461195,""
"SDCBP",-0.426750248625694,10.1257955894955,-2.76728199475405,0.0109015652193582,0.133198257860279,-2.97686422482184,"SDCBP",0.0943959994075136,1.96251114267145,""
"HBD",-0.429381066161476,17.0810818580027,-1.93977033806545,0.0636633094987975,0.30820784632357,-4.57519429533492,"HBD",0.218423184704631,1.19611078859113,""
"AMPD3",-0.432331491143358,10.7082284820885,-2.68877179135706,0.0223234579366097,0.185985553623033,-3.1721620495011,"AMPD3",0.131805719471361,1.65123853166682,""
"RBM3",-0.438691054642023,13.0222162755331,-3.14063011947402,0.00426618287829925,0.0871827262092408,-2.1667397426435,"RBM3",0.0617853469241739,2.36996053160251,""
"KIAA1191",-0.448162972888664,11.0612093539627,-2.92653063052229,0.00753895456763651,0.114928956334288,-2.64397327089279,"KIAA1191",0.0814487656844412,2.12268887388954,""
"MRPS9",-0.451762215303098,10.0082838629825,-2.14419095352975,0.0527707387139717,0.280930282195617,-3.99243168235781,"MRPS9",0.199091903885916,1.27760682628609,""
"ADH1B",-0.453427080978194,12.2297168692149,-2.84957556957444,0.00859491568894773,0.119577807594778,-2.80764199641389,"ADH1B",0.0847433505227134,2.06575837912869,""
"HBG1",-0.458141910361174,14.5268710059095,-0.882542052641819,0.385814179182089,0.699701007053197,-5.95225641147815,"HBG1",0.495869667578638,0.413621815501409,""
"DDRGK1",-0.461908341383062,10.3288894628445,-6.81058612415448,3.68740381899696e-07,0.000211361986904906,6.62678623805146,"DDRGK1",0.000149789691780918,6.43327929885748,"+"
"SZRD1",-0.46436917616508,9.87672050431105,-2.11316666959777,0.0478753476783678,0.267258647440606,-4.18711583693907,"SZRD1",0.189402981170519,1.31988805909646,""
"PEBP4",-0.466815957800829,13.1783585652602,-3.21773153768653,0.00353113644256374,0.0798183576343897,-1.99249262760751,"PEBP4",0.0565663077055261,2.45208550104135,""
"ENG",-0.469637584862921,12.2381804296704,-2.03634594640902,0.0527847614506173,0.280930282195617,-4.39418116159605,"ENG",0.199091903885916,1.27749143680525,""
"UBE2V1",-0.47063498589204,8.73860919499613,-1.80439516570033,0.0877139648904931,0.365680315369982,-4.67132346219018,"UBE2V1",0.259153230586644,1.0569312573516,""
"CAVIN3",-0.473391111283222,9.26558467610434,-2.48751525291266,0.0258477711617173,0.19774614411741,-3.37941806759425,"CAVIN3",0.140140308160229,1.58757689991626,""
"MYO18B",-0.475199058923813,10.2504507421344,-2.06192112991388,0.0567044017223889,0.289299545247516,-4.17022805475296,"MYO18B",0.205023099704686,1.24638322735849,""
"CA1",-0.475957497725606,17.1412356004714,-2.19419771136323,0.0376401033871908,0.238775004082188,-4.12446848708625,"CA1",0.169216966542568,1.42434919235358,""
"PPBP",-0.477129599833761,12.4103591065351,-1.68977460085462,0.103390560484379,0.39143638883518,-4.97784153607842,"PPBP",0.277406249316897,0.985519110339589,""
"MESD",-0.481034145087115,9.32935909678951,-1.85580917186404,0.0781063634891045,0.33983639611878,-4.63080132339242,"MESD",0.240837956606985,1.10731358179976,""
"PSPC1",-0.48944433289698,10.4848587404587,-3.57038266261244,0.0015308154167965,0.0548414623067345,-1.19536880509657,"PSPC1",0.0388654831269941,2.81507717265871,"+"
"PEF1",-0.499474992240845,11.2664553174003,-2.63891898033068,0.0264039400131607,0.198657038637181,-3.25702155596348,"PEF1",0.140785848123963,1.57833126258849,""
"VTA1",-0.503938002170443,10.0879990328557,-3.21936807169006,0.00363522969564571,0.0807922357126598,-1.99693259124683,"VTA1",0.0572564833577918,2.43946814260417,""
"KCNC1",-0.509591278245285,13.6766718256998,-3.40385987038347,0.00222533789135356,0.0657505859792624,-1.56526028668223,"KCNC1",0.0465966475451402,2.65260403717335,"+"
"KMT2A",-0.510186365771309,10.5492667189604,-2.14743886261182,0.0447091428625871,0.257819725239788,-4.12585578549078,"KMT2A",0.182713730809522,1.34960365609075,""
"PLXND1",-0.531563253133433,15.0659307628486,-3.24748533646671,0.0044128768864895,0.0878285080324925,-2.01276115875888,"PLXND1",0.0622430047162825,2.3552781886335,""
"ACBD3",-0.538190837539569,11.6922189984034,-1.87837220522766,0.0741311185702209,0.331968415347271,-4.61379492773901,"ACBD3",0.235262013496492,1.12999944672556,""
"CISD2",-0.540928345318289,13.9208930997755,-2.26326301176965,0.0324695293842405,0.220515808566904,-3.99563108839131,"CISD2",0.156276894827438,1.48852400602471,""
"ARMC10",-0.550183952957612,8.76459398884316,-1.43095960432543,0.182261129473858,0.510100708497042,-4.88973724123833,"ARMC10",0.361502221955248,0.739305942727376,""
"IGHA1",-0.559145706449939,15.2218977179563,-2.01004634184809,0.0552312574202657,0.286243731946621,-4.45461955162084,"IGHA1",0.202857481661518,1.25781506931541,""
"JCHAIN",-0.561382180783371,11.7446205799004,-1.62490316323799,0.122330042106883,0.4239394204091,-4.91474205800057,"JCHAIN",0.300440755912415,0.912466874778588,""
"EARS2",-0.572522255127684,14.4747315429718,-2.44588150127501,0.0217572686169988,0.184488075075564,-3.64278533555292,"EARS2",0.130744474479494,1.6623956263921,""
"TDRD7",-0.586049568064789,12.4341011413457,-2.08014839690746,0.0504284133397915,0.276563906958044,-4.25769457893643,"TDRD7",0.195997506399341,1.2973246961005,""
"RNF170",-0.589615062881629,10.3552216837137,-3.52821299647029,0.00221365973880362,0.0657505859792624,-1.41469026883921,"RNF170",0.0465966475451402,2.65488913364543,"+"
"SSU72",-0.593168244401426,10.5175331742329,-4.59644396022967,0.000124447350168056,0.0132098557622833,1.17803856536403,"SSU72",0.0093616655108046,3.90501434630041,"+"
"MYLK2",-0.603073031530773,15.0387573940351,-5.8433641285267,4.13646455932633e-06,0.00107773703882084,4.35413402895158,"MYLK2",0.000763779245406525,5.38337069229755,"+"
"PF4",-0.622391527915823,12.2450101585166,-2.35500214179125,0.0273332872834021,0.203473250270728,-3.79856282006552,"PF4",0.1441990392408,1.56330813401575,""
"XIRP2",-0.624334988859184,15.5931018576213,-1.81878794300721,0.0808323847787938,0.348245573418264,-4.77532150387718,"XIRP2",0.246797439171783,1.09241460812471,""
"IPO9",-0.651121958106575,11.6280248347817,-1.42977528643384,0.185731695923791,0.515302072137062,-4.61877255886129,"IPO9",0.36518836565539,0.731113975688466,""
"MYH6",-0.658817014068708,13.7301691048073,-1.6204966925499,0.118066791058988,0.417752374290196,-5.06390741243776,"MYH6",0.296056070923615,0.927872240303183,""
"LIPE",-0.66130008150939,7.34866723594588,-2.17095852020739,0.111835507248944,0.40726882309463,-4.05062253743848,"LIPE",0.288626504588871,0.95142028809503,""
"ENPP4",-0.665110637046832,11.3258431386762,-2.49917945716673,0.0196148719427489,0.175675696837245,-3.52843140423881,"ENPP4",0.124499248270636,1.70741452285125,""
"EPB42",-0.684219342873723,10.361823516352,-3.13224993897164,0.0051945073386898,0.0931811099744741,-2.22750135669791,"EPB42",0.0660363291775826,2.28445563583239,""
"FLG2",-0.696552437264295,10.6717760412178,-1.66022859083271,0.122264147679595,0.4239394204091,-4.69210379210053,"FLG2",0.300440755912415,0.912700875323544,""
"SKIC2",-0.713766028035013,8.40362903429886,-2.42356432678798,0.0353247080309845,0.231671883791308,-3.54270446822201,"SKIC2",0.164183070832966,1.45192141903514,""
"HLCS",-0.737561693927658,15.1562399087859,-1.39952983725292,0.174864740207084,0.504647980507909,-5.34842901175345,"HLCS",0.357637939371527,0.757297752998544,""
"VPS13A",-0.744771785127158,9.75694003247514,-4.72078544290911,0.000381256469116651,0.0284123701546694,0.339555439653264,"VPS13A",0.0201355041677766,3.41878277852298,"+"
"GOLGA4",-0.767899270477349,12.5750230929122,-1.1594255799615,0.260474498565527,0.593836536956154,-5.55243753607334,"GOLGA4",0.42084479400229,0.58423478934873,""
"ART3",-0.786907837662874,12.6072278600731,-6.70406248490529,4.78817740616627e-07,0.000228715274101209,6.38212268489341,"ART3",0.000162087757192696,6.31982976697663,"+"
"XIRP1",-0.790231574905167,16.0283548263673,-4.24836771481753,0.000257017025478301,0.0237616385490584,0.454840159423268,"XIRP1",0.0168395867515874,3.59003810691629,"+"
"PDF",-0.802890033926376,10.5644826099822,-3.52892271630173,0.0116261768015754,0.135419844086183,-2.48863279140759,"PDF",0.0959704107807021,1.93456307692713,""
"HBG2",-0.830746360768963,11.9327779248577,-1.04727821673961,0.309437974584146,0.642007223548699,-5.60568600452685,"HBG2",0.454982778808511,0.509426390247712,""
"SNX17",-0.832472529940704,11.0543932219625,-2.9780876448202,0.00765543614571435,0.115477112277361,-2.53751507177339,"SNX17",0.0818372371923179,2.11603006162395,""
"ANKRD1",-0.863226404245774,11.7342868123353,-1.92870609585839,0.0694835450656105,0.32051281129534,-4.4749956875636,"ANKRD1",0.227143565022241,1.15811803186057,""
"SAA1",-0.958444307180249,9.91631974787424,-2.53954812688307,0.0376574674965627,0.238775004082188,-3.44665525068692,"SAA1",0.169216966542568,1.42414889008809,""
"MYH1",-1.08375832519,18.458766180042,-2.14055265348353,0.0421565469112884,0.251355046019956,-4.22269549603871,"MYH1",0.178132290589447,1.37513496987309,""
"DMTN",-1.31527863652807,12.6431108595458,-2.36999243443333,0.0304962817470552,0.213091127181852,-3.69685546582761,"DMTN",0.151015112647378,1.51575310869175,""
"UBE2K",-1.36926347781287,11.9914087156816,-3.33396322925569,0.00526704110811752,0.0931811099744741,-2.01195655106361,"UBE2K",0.0660363291775826,2.27843329205472,""
"NRP1",NA,9.29837010457716,NA,NA,NA,NA,"NRP1",NA,NA,NA
"MAST4",NA,8.99067582452097,NA,NA,NA,NA,"MAST4",NA,NA,NA
"SERPINA6",NA,11.2162077865017,NA,NA,NA,NA,"SERPINA6",NA,NA,NA
"SNRPB",NA,10.2615836229407,NA,NA,NA,NA,"SNRPB",NA,NA,NA
"ARSB",NA,NA,NA,NA,NA,NA,"ARSB",NA,NA,NA
"KRT6C",NA,12.9192990373964,NA,NA,NA,NA,"KRT6C",NA,NA,NA
"SRPK2",NA,10.5168752466554,NA,NA,NA,NA,"SRPK2",NA,NA,NA
"MYLK3",NA,9.20298331921412,NA,NA,NA,NA,"MYLK3",NA,NA,NA
"SPECC1",NA,NA,NA,NA,NA,NA,"SPECC1",NA,NA,NA
"LSMEM1",NA,6.57456955196794,NA,NA,NA,NA,"LSMEM1",NA,NA,NA
"GDPD1",NA,10.9622948204478,NA,NA,NA,NA,"GDPD1",NA,NA,NA
"COLGALT1",NA,9.22508987447944,NA,NA,NA,NA,"COLGALT1",NA,NA,NA
"EVI5L",NA,NA,NA,NA,NA,NA,"EVI5L",NA,NA,NA
"HOOK2",NA,NA,NA,NA,NA,NA,"HOOK2",NA,NA,NA
"PPP1R9B",NA,NA,NA,NA,NA,NA,"PPP1R9B",NA,NA,NA
"CALML5",NA,7.14881649732395,NA,NA,NA,NA,"CALML5",NA,NA,NA
"MACF1",NA,NA,NA,NA,NA,NA,"MACF1",NA,NA,NA
