"","logFC","AveExpr","t","P.Value","adj.P.Val","B","protein","q","-log10p","regulated"
"FTL",1.10939758683956,12.7423568140788,5.72557172845967,6.9024884947617e-07,0.000994993716519899,5.82624419691544,"FTL",0.000668726112535921,6.16099430858086,"yes"
"ZC3H8",0.893262485564669,14.6402938871073,1.86314269713684,0.0736923796103617,0.312434015318637,-4.33773443813332,"ZC3H8",0.20998402403865,1.13257741939031,"no"
"ALDH1A1",0.810739229065055,16.3811727325417,4.76236908781132,1.85615153137025e-05,0.00356752324329361,2.79520407118691,"ALDH1A1",0.00239769951333312,4.73138657200099,"yes"
"ANKRD1",0.729367210691553,11.996936548396,1.23325057996388,0.229330940171571,0.545690277894953,-5.14230585339229,"ANKRD1",0.366753409721699,0.639537348500302,"no"
"FTH1",0.698982087259189,15.4588795397311,4.96683613615486,9.33307959496719e-06,0.00300577981888678,3.42760999460467,"FTH1",0.00202015693169745,5.02997503037782,"yes"
"TUBB4A",0.662971783972452,11.0471735571441,3.9986260579082,0.000233200580586982,0.0156352854379598,0.488910567713989,"TUBB4A",0.0105083313348816,3.63227037267199,"yes"
"KIAA1191",0.64608702650103,10.4593461545497,2.76223273616762,0.00886922536794864,0.0998871988450734,-2.69590828492414,"KIAA1191",0.0671332663380016,2.05211430949367,"no"
"MICAL3",0.644818565132709,13.5463360818527,2.90267430197886,0.0082077432944847,0.095031822963853,-2.46013357607351,"MICAL3",0.0638700129284166,2.08577623502127,"no"
"GGT5",0.640477667402964,11.2601601898261,2.66606260966879,0.0143863746548156,0.130427415502621,-2.89490138756338,"GGT5",0.0876590646644859,1.84204863384475,"no"
"NDUFC1",0.63965501375073,14.1192421682783,2.55945188337415,0.0137471220473274,0.127463131715856,-3.16890734083442,"NDUFC1",0.0856667968337805,1.86178821163637,"no"
"PANX1",0.636524847147628,10.1445707761887,2.58703265589124,0.0145636495165248,0.131209379862941,-3.0511589592958,"PANX1",0.0881846157088155,1.83672978118487,"no"
"MUSTN1",0.631334372438181,14.8890938795304,2.97479679850995,0.00460977846009623,0.0722282135894426,-2.21137868407857,"MUSTN1",0.0485439170993158,2.33631994573175,"yes"
"COX7C",0.628603366868834,15.4660768546265,3.52797537690328,0.000944896602401694,0.0340589750366605,-0.792912587238958,"COX7C",0.0228907234237478,3.02461571261583,"yes"
"SDHC",0.604559409201386,12.8020209070625,3.52179877404422,0.000962461028675623,0.0340589750366605,-0.809538086311218,"SDHC",0.0228907234237478,3.01661684662339,"yes"
"MYL6B",0.597111625883606,15.0134847699438,0.855689873272992,0.396493073172875,0.692781533307514,-5.79880826576368,"MYL6B",0.465612087708238,0.401764395506718,"no"
"LAP3",0.586111160772212,15.1017221066517,6.88295601404291,1.20610708361251e-08,3.47720672205487e-05,9.54662562070559,"LAP3",2.33699861126412e-05,7.9186141318663,"yes"
"PRR33",0.579477027688794,13.0651720031654,3.9921880982734,0.000232499153270708,0.0156352854379598,0.485905172955501,"PRR33",0.0105083313348816,3.63357862441071,"yes"
"NCSTN",0.572196396606522,11.61353400771,2.89776271974241,0.00568377941749545,0.0799333466372652,-2.39652447719513,"NCSTN",0.0537224660530362,2.24536278500625,"no"
"RBM3",0.57136985687171,13.2155283311526,3.85924816903788,0.000344552994478919,0.0202723731241372,0.12140781161421,"RBM3",0.0136248752591101,3.46274397131882,"yes"
"GIGYF2",0.570112406063853,13.6722435477322,1.83318583172839,0.0730867112185373,0.310322516116411,-4.57161811035937,"GIGYF2",0.208564904872686,1.13616158021175,"no"
"IGFN1",0.567461647309988,12.4512468624097,1.41161413802278,0.167099251151982,0.464421060430526,-5.06006267835164,"IGFN1",0.312133117189695,0.777025496374059,"no"
"RRAD",0.565694141355998,11.6851893509728,2.76655683402419,0.00806379098143423,0.0937415701591729,-2.70415349357416,"RRAD",0.0630028459021965,2.09346073794049,"no"
"AGPS",0.556994616301889,11.0585981772572,3.66090486220747,0.000694198103432435,0.0303238353362987,-0.477553684579287,"AGPS",0.0203803704334417,3.15851657716699,"yes"
"TAPT1",0.543982961038946,13.0984667822184,2.13472668813654,0.040492865099827,0.228903784476081,-3.93033510882739,"TAPT1",0.15384412524015,1.39262149334709,"no"
"SPECC1",0.543840146269829,10.2019211471711,1.29488134506503,0.207103221952259,0.520103300425403,-5.10388013348856,"SPECC1",0.34955663783192,0.683813144635265,"no"
"DDT",0.543337234130899,16.450184607702,2.94886909280473,0.00494808596020612,0.0750806938067065,-2.2740594954751,"DDT",0.0504610427807204,2.30556276423311,"no"
"MACF1",0.530930800126711,12.0836900178582,1.54329779565779,0.135227897244953,0.416964735569197,-4.7900919105302,"MACF1",0.28023815834437,0.868933705067879,"no"
"CES2",0.530382178652916,13.9123201326194,1.74496940523045,0.087499402430218,0.339516523830846,-4.7154239242484,"CES2",0.228185928567691,1.05799491294506,"no"
"COX11",0.52952232904833,11.0339437840986,2.49366738563928,0.0172152452315832,0.142411923987241,-3.26288285932884,"COX11",0.0957137424343161,1.76408678637988,"no"
"MCM7",0.528247736927671,12.9853951078295,3.36620192475264,0.00264664188460122,0.0543263222579367,-1.50817552963042,"MCM7",0.0365122208198358,2.57730481882833,"yes"
"UQCC3",0.524871155236386,11.4924480652476,1.74351185323804,0.0880442323768304,0.340256731826276,-4.7016362539812,"UQCC3",0.228683415543773,1.05529908863434,"no"
"PROB1",0.522960893185902,13.4485747368416,4.57434067764535,3.46785235791323e-05,0.00526200965677045,2.22097670052568,"PROB1",0.00353654822485324,4.45993940067348,"yes"
"AK3",0.521797760602441,14.9934051743348,3.10612552018696,0.0032041283228237,0.0611267470502269,-1.88834704137942,"AK3",0.0410827236877805,2.49429009908647,"yes"
"SMTNL1",0.514915265427071,15.7142852309318,2.32211854645846,0.0245906687651947,0.173260680572277,-3.66796442694361,"SMTNL1",0.116446907604275,1.60922966007445,"no"
"GOT2",0.512186457917274,17.8430490303015,3.73179857343956,0.000510348692731147,0.0246817916614104,-0.23543229972518,"GOT2",0.0165884048452947,3.29213299334602,"yes"
"S100A13",0.508540115747163,13.4841546193037,2.08705406445683,0.0423097212852392,0.23297332144163,-4.12429291419352,"S100A13",0.156579223552441,1.37355983556876,"no"
"MCEE",0.501550745262158,12.7767163783837,2.93057392726269,0.0052005947421449,0.0772851270185761,-2.31806627988105,"MCEE",0.0519426220386022,2.28394698743023,"no"
"MRPL38",0.501291109703166,12.6390602415223,3.20544638761426,0.00242046232423388,0.0522321947701615,-1.63810923863722,"MRPL38",0.0351047770231528,2.61610167299197,"yes"
"SAE1",0.495060589162385,10.7939652445264,3.36038713701614,0.00163634074261287,0.0406564440484636,-1.25624650425065,"SAE1",0.0273248215809406,2.78612625614886,"yes"
"GSTM4",0.494768617420222,11.5381638374516,1.81029044016866,0.0795940010636132,0.323652334367274,-4.46790068136048,"GSTM4",0.217523752945504,1.09911966345765,"no"
"MPO",0.491247103917837,14.7986735597512,0.658443791880302,0.514794508689019,0.782368249104081,-5.78889453103442,"MPO",0.525822494261393,0.288366094360458,"no"
"HLCS",0.49090564409445,15.1014764954018,0.854750825476301,0.398161600705573,0.693125078272438,-5.68348719325252,"HLCS",0.46584298111496,0.399940626292062,"no"
"MRPL4",0.488837838612335,11.7837655981924,3.58556375076126,0.000821419887802362,0.0338307648076316,-0.651283936501382,"MRPL4",0.0227373454307358,3.085434786437,"yes"
"NTMT1",0.486051332395457,14.6940173265028,2.36049229507069,0.0224340097670436,0.166693943707182,-3.5898103225678,"NTMT1",0.112033464239828,1.6490930953843,"no"
"NDUFA4",0.48400299102093,16.3288052740383,3.25275762368098,0.00211440893910878,0.0479987478066978,-1.51718011904054,"NDUFA4",0.0322595163109486,2.67481101380114,"yes"
"MRPL43",0.480374976488058,10.7851088557703,4.20064498974694,0.000120288528251605,0.0118802610117089,1.08656010743913,"MRPL43",0.00798461400345261,3.91977578874151,"yes"
"CTNND1",0.476291253211572,9.81926056986485,2.25289405485154,0.0319493225115739,0.200311840776821,-3.6874072978904,"CTNND1",0.134627743224466,1.49553834666378,"no"
"TNKS1BP1",0.476094867938613,10.0849981519691,1.58089604860207,0.132122485300941,0.411793648781202,-4.55779429930263,"TNKS1BP1",0.276762718542181,0.879023265571505,"no"
"SMTN",0.469014597686243,16.4829326715147,3.30383606657137,0.00182524658132751,0.0434891396195638,-1.38540459560168,"SMTN",0.029228650183884,2.73867845631656,"yes"
"UQCR10",0.46436723081424,17.038825545896,2.80577263685188,0.0072701561648381,0.0891908945669287,-2.61324756224397,"UQCR10",0.0599443787504065,2.13845626028277,"no"
"FMC1",0.455575477656692,12.1115766750838,2.7027866193973,0.00979101720909745,0.106922358385712,-2.83289828733232,"FMC1",0.0718615322682992,2.00917218609788,"no"
"ITPA",0.455400592788711,12.0991390231882,3.47592615096767,0.00110301921637627,0.0357303865259863,-0.932498318754156,"ITPA",0.0240140636912764,2.95741692138259,"yes"
"FKBP3",0.453621053371821,16.116664094886,4.4811280792606,4.71390556921368e-05,0.00617735898001956,1.93925986193607,"FKBP3",0.00415174607423234,4.32661912168021,"yes"
"CYB5R1",0.447905575383743,15.8278642867706,1.89129768909869,0.0647311150566553,0.290232977773464,-4.47355560363369,"CYB5R1",0.195062911186024,1.18888691177117,"no"
"NDUFB1",0.447214158199589,14.2497337727867,1.76563318068975,0.0839265385308989,0.33387437201073,-4.68229129070547,"NDUFB1",0.224393890296133,1.07610068857438,"no"
"MYH7B",0.446971107551761,15.8228849742957,0.523743178679018,0.603649743299752,0.834222886850323,-5.90052717697855,"MYH7B",0.560673518686239,0.219214979714092,"no"
"HSD17B10",0.442021767614493,12.9471849929064,4.10776943289235,0.000157710964599587,0.014208772216894,0.833705162387581,"HSD17B10",0.00954958493782801,3.80213811200044,"yes"
"COX6A2",0.438763582890289,16.2244846448882,3.48411222432641,0.00107657812734645,0.0356755717372393,-0.910622749892687,"COX6A2",0.0239772231766283,2.96795444791736,"yes"
"INTU",0.438507846102606,13.1969473520025,1.1197353762496,0.269160319457686,0.57866457941574,-5.49695213842241,"INTU",0.388915134065756,0.569988964919015,"no"
"RPS6KA5",0.436119038242939,13.4554737712627,1.80054074625777,0.0781680130809457,0.320897141480195,-4.62555034100154,"RPS6KA5",0.215672013182657,1.10697092704695,"no"
"RPS29",0.434435676558545,10.3213828859715,3.29721281734133,0.00198728333168755,0.0465686498987956,-1.42123291662132,"RPS29",0.0312983606788889,2.70174021008379,"yes"
"OVCA2",0.433687936663913,12.2677092308879,5.41875882889974,1.99485639784769e-06,0.00182913355520077,4.8485496292997,"OVCA2",0.00122934381531238,5.70008836206596,"yes"
"HSD17B8",0.430864425100296,12.3206901761125,3.15595930594159,0.00278508188131031,0.0554775794754996,-1.76341450236436,"HSD17B8",0.037285970192166,2.55516203205991,"yes"
"NAMPT",0.429705076101902,13.6577944923882,3.59534882138566,0.000772170335024024,0.0326607470157135,-0.610516407035451,"NAMPT",0.0219509872491747,3.11228688696844,"yes"
"COX20",0.425019196536493,11.2894731368286,1.77463104271939,0.0824092932055065,0.331728185308785,-4.66775787675638,"COX20",0.222951457981094,1.0840238106294,"no"
"RPS7",0.424712243022311,11.6954268476236,3.53402695898592,0.000957159848493266,0.0340589750366605,-0.790261384236371,"RPS7",0.0228907234237478,3.01901552771797,"yes"
"RPS17",0.424562350708433,11.4972199812208,4.04450805139613,0.000192775699438599,0.0150208740940941,0.650440655992467,"RPS17",0.0100953911296727,3.71494771247089,"yes"
"ACTN3",0.423431528549663,16.7538682280037,0.722829130343351,0.473352050196848,0.752315219226675,-5.89974361264386,"ACTN3",0.505624129682634,0.324815737513015,"no"
"ATP6V1E1",0.423391457617729,11.4881826775882,4.70514112217503,2.24682195637158e-05,0.00381034570601133,2.61963737461788,"ATP6V1E1",0.00256089825402223,4.64843134076686,"yes"
"LTBP4",0.420959276548119,10.4139088169419,2.72806538889549,0.00924661303429571,0.102137875011014,-2.77571146137946,"LTBP4",0.068645925059396,2.03401731697774,"no"
"PYURF",0.420746356664067,12.4931403570486,2.75670280905693,0.00827542514563357,0.0954322027794463,-2.72685412753654,"PYURF",0.0641391045147998,2.0822096853275,"no"
"GORASP2",0.42040875365565,12.9423312482557,2.63566358348631,0.0113277845798092,0.114388548179493,-3.00094405782483,"GORASP2",0.0768794896617527,1.94585501854288,"no"
"PPP4R1",0.420245966816834,10.0640952167296,2.81660165654232,0.00741786195721996,0.0902350043150428,-2.57774955188165,"PPP4R1",0.0606461152953963,2.12972125293993,"no"
"ENO2",0.419515271501989,19.3621441873875,2.46863979591513,0.017239598151768,0.142411923987241,-3.36423488117517,"ENO2",0.0957137424343161,1.76347286162637,"no"
"CMC2",0.418550879345068,12.3318600931386,2.83872223999993,0.00665991233630455,0.085435510563932,-2.53617635804454,"CMC2",0.0574204197507586,2.1765314873627,"no"
"FDX2",0.418168723127524,10.4756577838006,1.11206442856886,0.2741002378199,0.58405837814839,-5.39110161425294,"FDX2",0.392540256514672,0.562090587649756,"no"
"ME2",0.415490865303195,13.4248236204625,1.842627316704,0.0716701614364333,0.307055794737646,-4.55586443766453,"ME2",0.206369371521983,1.14466161728471,"no"
"DNAJA4",0.414969835329151,12.0416076320368,2.62846203491325,0.0115384820576766,0.114708426800971,-3.01697046624585,"DNAJA4",0.0770944771370226,1.93785132093208,"no"
"IBA57",0.40943923384534,13.874740455438,3.45069595105792,0.00118846547268105,0.0376521533817524,-0.9997356803088,"IBA57",0.0253056654947046,2.92501343088314,"yes"
"CBR4",0.408986712243552,12.3626737247808,3.78000417518169,0.000448515635104706,0.0232374012422305,-0.111286240826814,"CBR4",0.0156176433480456,3.34822241299593,"yes"
"PELO",0.408737256080821,11.8191878810812,3.03843624697559,0.00386883590491907,0.066789544394501,-2.05598560214091,"PELO",0.0448886376259711,2.41241969030964,"yes"
"TIMMDC1",0.406246851756277,10.0407952922365,1.97789404314195,0.0560447233542548,0.2691634127753,-4.21920124682141,"TIMMDC1",0.180902250610874,1.25146527024127,"no"
"NUDT19",0.405359750343523,12.4333285694854,3.35101875385043,0.0015917983435042,0.0399056923854139,-1.26258043004165,"NUDT19",0.0268202483029635,2.79811195157985,"yes"
"UQCRQ",0.403515362523715,15.8132326755034,3.35173418006724,0.00158848704110607,0.0399056923854139,-1.26071005494467,"UQCRQ",0.0268202483029635,2.79901632380132,"yes"
"RPS13",0.402902617537798,12.1436820432461,3.05891857487133,0.00365516305439902,0.0652370606514344,-2.00551270396591,"RPS13",0.0438452276013256,2.43709324468526,"yes"
"TIMM8B",0.399347427036535,11.7859717391028,2.66275412660587,0.0108453845858022,0.111668727717385,-2.92635701770502,"TIMM8B",0.0750515233799325,1.96475504295543,"no"
"ARPC1A",0.399334437161681,10.6711297762793,2.64694316387695,0.0118403416106841,0.116695744287597,-2.94488176461849,"ARPC1A",0.078430134915701,1.92663576741928,"no"
"GBE1",0.39905050271498,14.6616911709313,4.91112915416637,1.1264169788845e-05,0.00300577981888678,3.25456062225017,"GBE1",0.00202015693169745,4.94830081187715,"yes"
"PON2",0.399042112111244,11.9589811321722,1.3943072765434,0.170355939126288,0.468641385974321,-5.18558981701156,"PON2",0.314969559116594,0.768642721005337,"no"
"MYBPH",0.394654295464941,14.8507210503788,1.03593453270465,0.305511876025183,0.608280896809808,-5.63569486166325,"MYBPH",0.408819988206781,0.514971902960032,"no"
"CRYZ",0.39438011026153,15.3133459400458,3.56187307873157,0.000853827101618179,0.0340589750366605,-0.701381701496718,"CRYZ",0.0228907234237478,3.06863006422354,"yes"
"NT5C",0.39404216349703,12.722645288299,3.54710832334845,0.000892411578380801,0.0340589750366605,-0.741309439261378,"NT5C",0.0228907234237478,3.04943480370166,"yes"
"TXNRD2",0.393163332534085,12.2879195091974,3.52934805430639,0.000955376873772311,0.0340589750366605,-0.795297614323704,"TXNRD2",0.0228907234237478,3.01982527562816,"yes"
"TIMM44",0.392598585248308,13.6058272012501,3.67780945068909,0.000601706400296149,0.0279793476137709,-0.384728876482137,"TIMM44",0.0188046618289112,3.22061536893295,"yes"
"SH3KBP1",0.391264635127113,9.79240024188861,1.56242257319602,0.13117584335618,0.411473644157706,-4.7386787577657,"SH3KBP1",0.276547646382115,0.882146134953081,"no"
"ACTG1",0.390592430090837,8.65469706375298,1.60930186979614,0.117021387823426,0.388504503864694,-4.79123811387221,"ACTG1",0.261110298747236,0.931734755648632,"no"
"GSTZ1",0.390319150824197,13.2926688285988,3.82677949615776,0.000381024073080596,0.0212532612696432,0.0299283802001655,"GSTZ1",0.0142841211472862,3.41904758475537,"yes"
"GNL1",0.38842291070077,10.1997630947195,2.52378859805389,0.0157721864390478,0.136842749477297,-3.19702105933298,"GNL1",0.0919707515407707,1.80210809788267,"no"
"PPP1R12B",0.388270508057984,12.5132046885881,4.16854123270129,0.000129902591826512,0.0120809410398656,1.01093711227127,"PPP1R12B",0.00811948920202395,3.88638218376359,"yes"
"GLRX5",0.388181316913929,13.1814567462442,2.64798288919491,0.0109755112471838,0.112606401870572,-2.97345434850129,"GLRX5",0.0756817255418914,1.95957524086629,"no"
"STX12",0.386506212650765,11.010083653031,2.63068685168809,0.0132875518183113,0.125125928996121,-2.96734270253915,"STX12",0.0840959844125291,1.87655502881952,"no"
"ACSS3",0.385593593613532,11.3613079416841,2.50957190569282,0.015655429653846,0.136642821355738,-3.27180159326413,"ACSS3",0.0918363816916985,1.8053350089328,"no"
"ATP5PO",0.38177219068773,15.9923429786623,2.63175618450652,0.0114416629055074,0.114388548179493,-3.00964360630287,"ATP5PO",0.0768794896617527,1.94151085157425,"no"
"PDPR",0.381193383959847,12.8941028686429,2.15456171368822,0.0364445230131801,0.216638267725769,-3.99003957466165,"PDPR",0.14560058440316,1.43836772945513,"no"
"MRPS17",0.381171581372763,12.0832710443817,3.2017819357489,0.00244583638361839,0.0522321947701615,-1.64742978068611,"MRPS17",0.0351047770231528,2.61157259884036,"yes"
"RSU1",0.380405751186906,12.5939899996923,3.08694649088835,0.00338067006604716,0.0628804632284771,-1.93608854709756,"RSU1",0.0422613801786722,2.47099721180949,"yes"
"GSTM1",0.37880567516835,12.9859424718351,0.783933723640582,0.436996058979783,0.722843696000739,-5.85537523756482,"GSTM1",0.485816590368392,0.359522479668139,"no"
"MIEF1",0.378494583653847,10.4307416887737,2.4304684280709,0.0194098761802881,0.154581969689974,-3.41704632068996,"MIEF1",0.10389311805956,1.7119772350593,"no"
"CYC1",0.377895017902418,17.1136906207075,2.88903015624311,0.00581924337652402,0.080658070454417,-2.41730437842963,"CYC1",0.0542095462555135,2.2351334790549,"no"
"MRPS28",0.376872206278417,12.2461020171037,3.25086770279082,0.00217697702904348,0.0486705844759287,-1.52656460809399,"MRPS28",0.0327110515484226,2.66214615350934,"yes"
"NDUFA7",0.376084230448676,15.650839281474,2.50670084104105,0.0156880936069196,0.136642821355738,-3.28301585137328,"NDUFA7",0.0918363816916985,1.8044298280063,"no"
"AFG1L",0.375564178808883,10.8563753026918,1.67170857321122,0.104915872302246,0.3738843755839,-4.6619746977989,"AFG1L",0.251284245187634,0.979158804162706,"no"
"EZR",0.374923623599097,11.8891785924596,2.99266637048357,0.00438933026122273,0.070695190743604,-2.16796540566541,"EZR",0.0475135865644537,2.35760174081589,"yes"
"NQO2",0.371362796314825,14.4642528884325,1.23193389325622,0.224076829129837,0.537448833927887,-5.42484454832496,"NQO2",0.361214411138818,0.649603049762666,"no"
"TSNAX",0.370142840080167,12.5988196653631,2.98295126822072,0.00454794179776702,0.0720423967195733,-2.19072068217286,"TSNAX",0.0484190312925331,2.34218510182739,"yes"
"RPL3",0.369772969669148,10.9495045263838,2.37809791164594,0.0229618903120098,0.168445622823217,-3.49230865591861,"RPL3",0.113210751639967,1.63899236199349,"no"
"RAPH1",0.368538973648331,13.2020513115443,2.03648449683728,0.0473343159608844,0.246384940909743,-4.21726543227307,"RAPH1",0.165593049469946,1.32482389459097,"no"
"PTGES2",0.36808271311091,13.9152542481373,4.05798860503033,0.00018472117437506,0.0147930873812027,0.689385692876306,"PTGES2",0.00994229777795591,3.73348331903097,"yes"
"RPS15A",0.367837436080732,13.2008608311727,4.0857148936589,0.000169167937489329,0.0143444459935805,0.769669889288098,"RPS15A",0.00964077003352281,3.77168194561699,"yes"
"GSTT1",0.367776154320859,15.2370340205179,1.7137244564566,0.0939183926021749,0.351405331780684,-4.72233317904095,"GSTT1",0.236176286889539,1.0272493489114,"no"
"GPD1",0.36585828522168,17.3999606414267,2.28243086348476,0.0270143544536766,0.181968186658761,-3.74773498107335,"GPD1",0.122299142244976,1.56840540608354,"no"
"MRPL3",0.365013245878375,10.5125941720426,2.5495644410117,0.0141686596011858,0.129266600095628,-3.18567458355369,"MRPL3",0.0868788913210752,1.84867123340414,"no"
"NUP133",0.363604641686729,10.0598903507523,3.23776326012911,0.00228777740991422,0.0503485669678067,-1.5647522121402,"NUP133",0.0338388081262446,2.64058623265374,"yes"
"HMGB1",0.361141493666482,14.0151223037104,3.37411576229042,0.00148813874759164,0.0398745431851229,-1.20207726219876,"HMGB1",0.0267993132123459,2.82735657517168,"yes"
"GAPDH",0.360984924745772,20.2480696441347,2.42462238809396,0.01920614513271,0.153809212271119,-3.45698383859983,"GAPDH",0.103373754915789,1.71655979368023,"no"
"VCL",0.360690286263903,14.2978838583403,5.17332485438964,4.62789375714007e-06,0.00190603110026212,4.07339756219362,"VCL",0.00128102594708733,5.3346166197327,"yes"
"ENDOG",0.36035570798737,13.2654261441175,3.22982786029402,0.00225786112011387,0.0500724123791407,-1.57592624903624,"ENDOG",0.0336532071707094,2.64630277482164,"yes"
"ATP5MG",0.360298289398706,15.2755533909648,2.01088150955382,0.0500702169446794,0.251047713828714,-4.26361449365884,"ATP5MG",0.168726856202563,1.30042052688204,"no"
"MRPL53",0.35803339642551,10.3753549321971,3.67001853999688,0.000637980320554738,0.0287390197524892,-0.424055632481845,"MRPL53",0.0193152304764236,3.19519271752696,"yes"
"ADHFE1",0.356996626072943,15.2208978893651,2.33259766480551,0.0239840424964549,0.172636363598927,-3.64672153648743,"ADHFE1",0.116027309916725,1.62007761498448,"no"
"ATP5ME",0.354797380277457,16.4159898592445,1.74113259241598,0.0881765559917447,0.340311928948059,-4.72153846680379,"ATP5ME",0.228720513020933,1.05464686789335,"no"
"ETFDH",0.354282201989225,14.8110066078052,3.06122737123071,0.00363178434113636,0.0652370606514344,-1.99980945279866,"ETFDH",0.0438452276013256,2.4398799482113,"yes"
"CPPED1",0.353868032510338,13.0908492503859,3.01980759762707,0.00407328504054319,0.0674901193786552,-2.10169742143674,"CPPED1",0.0453594876202122,2.39005519776974,"yes"
"LDAF1",0.351532965496862,11.0136748393646,0.908462245513289,0.370183124969653,0.671182732724968,-5.59916344525127,"LDAF1",0.451095732771321,0.431583382718721,"no"
"THEM4",0.351424714965296,11.1230619741809,2.11019915608027,0.0411128922555462,0.231500914790507,-4.03247566818122,"THEM4",0.155589632603745,1.3860219699129,"no"
"MYO18B",0.350479257905342,10.5241176908672,1.79623657437067,0.0821485791109536,0.331236858149481,-4.48771697095202,"MYO18B",0.222621241522669,1.08539994397096,"no"
"DHRS4",0.349484903427713,10.3141863337704,2.68220837602501,0.010397108229271,0.109397310310176,-2.87539447196857,"DHRS4",0.0735249246613175,1.98308743519206,"no"
"GSTK1",0.347575982811843,15.0009073476087,2.80022334174363,0.00737788976567898,0.0901290516714089,-2.62616589587037,"GSTK1",0.0605749054994812,2.13206783792935,"no"
"ACOT13",0.347498579880227,13.0285641428714,2.65857359905676,0.010680726945752,0.110696998184641,-2.94974729831613,"ACOT13",0.0743984329110388,1.97139918758979,"no"
"CD38",0.347379605938226,11.1087477078486,1.70951447149892,0.0939243865493151,0.351405331780684,-4.77147803057608,"CD38",0.236176286889539,1.02722163277368,"no"
"PHKB",0.347181495716194,13.8309698210045,1.85435954312246,0.069942331736566,0.304597798182054,-4.53619167152088,"PHKB",0.204717374676217,1.15525989328151,"no"
"RPS19",0.34605300902671,12.3961344648217,2.3686488341943,0.0220907653848483,0.165853324490932,-3.5670661918662,"RPS19",0.111468491807065,1.65578923674705,"no"
"RHOT1",0.345671321744408,10.3470722154586,2.60804667494174,0.0122984359913642,0.118981177728533,-3.05333554234611,"RHOT1",0.0799661536814904,1.91015011486209,"no"
"CAPRIN1",0.345342667478402,15.4686650513344,2.6044821326883,0.0122661959327131,0.118981177728533,-3.07010378636935,"CAPRIN1",0.0799661536814904,1.91129010243864,"no"
"SUPV3L1",0.343472162628329,11.0944372957382,3.05707643804293,0.00370922002315223,0.0652370606514344,-2.00999538501344,"SUPV3L1",0.0438452276013256,2.4307174044695,"yes"
"CKMT2",0.3423413485996,19.6319498300515,2.36286329941191,0.0223064953142244,0.166605248681111,-3.58494863422667,"CKMT2",0.111973853129727,1.65156865854882,"no"
"GMPPB",0.341910695401554,12.7887629918662,2.26811354387296,0.0279396065249517,0.18645806854499,-3.77624525382061,"GMPPB",0.12531675050689,1.55377971437236,"no"
"ISCA2",0.339723648999065,13.3183793696191,3.88262797539658,0.000320402300307881,0.0196536134422898,0.187515340084763,"ISCA2",0.0132090125759938,3.49430437458707,"yes"
"ATP1B1",0.338939462414453,14.1977393572854,4.93919113157752,1.0246731985221e-05,0.00300577981888678,3.34166618596784,"ATP1B1",0.00202015693169745,4.98941462310467,"yes"
"ACO2",0.338656792742,17.9231630480281,2.82782033626854,0.00685635606353798,0.0865925293115451,-2.56174591117955,"ACO2",0.0581980413943692,2.16390663676537,"no"
"ACAT1",0.337906760835125,17.002645223802,2.48170037002977,0.0166922007884462,0.139488738762581,-3.33647075267418,"ACAT1",0.0937490965686656,1.77748639985359,"no"
"MAPKAPK2",0.33711589061256,11.883545481254,2.04131970768523,0.0469552720169089,0.246384940909743,-4.20068566450306,"MAPKAPK2",0.165593049469946,1.32831563919528,"no"
"SNTA1",0.336839286129033,14.4712464102643,4.36247423445294,6.94681994193465e-05,0.00870768777939026,1.58376183626448,"SNTA1",0.00585235675482956,4.15821395767345,"yes"
"S100A1",0.336758543966074,16.90295811798,2.86210294007986,0.00625609099284805,0.0850769355300988,-2.48110926232505,"S100A1",0.0571794247731556,2.20369694322755,"no"
"PNPT1",0.336015700767508,12.7002644703017,4.67442701002165,2.48869317317195e-05,0.0039860568990304,2.52569103864732,"PNPT1",0.00267899212847168,4.60402864353294,"yes"
"IDI1",0.335826358021951,13.7727941146241,2.47866620242876,0.0168179463874361,0.13972950845815,-3.34293068539829,"IDI1",0.0939109156634612,1.77422703630593,"no"
"CLPB",0.335676346675918,12.3818447129325,2.86287725384155,0.0062431147455595,0.0850769355300988,-2.47928023781321,"CLPB",0.0571794247731556,2.20459868286378,"no"
"TRMT10C",0.335631481457705,12.3255950272438,3.62521210305481,0.000705683708873134,0.0303654646668843,-0.529065568479828,"TRMT10C",0.0204083491231035,3.15138990839578,"yes"
"SDHB",0.335049054140718,17.2154935572526,3.20361080394774,0.002433141372457,0.0522321947701615,-1.64277888118406,"SDHB",0.0351047770231528,2.61383265658737,"yes"
"CA8",0.334519958193553,15.165257578445,1.5749639144912,0.121945538116817,0.393225597441013,-4.97493215394538,"CA8",0.264283302256497,0.913834085524055,"no"
"MICOS10",0.334338758757882,13.505122054348,2.03699721422977,0.047280879035882,0.246384940909743,-4.21633227967348,"MICOS10",0.165593049469946,1.32531445774262,"no"
"UQCRC2",0.33410461201607,17.6053053958747,2.91631517306878,0.00540566843343766,0.0788970865426358,-2.3522355194441,"UQCRC2",0.0530260051878547,2.26715059606691,"no"
"SMIM11",0.333261912533214,10.8424457095793,1.6314934261478,0.109442530278846,0.375495883641847,-4.89125598416894,"SMIM11",0.25236732491067,0.960813874748253,"no"
"API5",0.332853056894386,9.30949256702661,2.04832054166853,0.0461140038069625,0.243492075046654,-4.19567398216517,"API5",0.163648780967952,1.33616716891523,"no"
"C6orf136",0.332434089961321,10.4585533879803,1.98662489548255,0.0527873863583796,0.259260706765261,-4.30707432192954,"C6orf136",0.174246733109878,1.27746984052288,"no"
"PSMD7",0.330920318289174,13.128987975251,4.24838575548197,0.000100516865786699,0.011850301511776,1.24547814077237,"PSMD7",0.00796447849948813,3.99776106159123,"yes"
"KIAA1671",0.330611892124159,10.8817233777963,2.59521693324206,0.0131343678794482,0.124652764118333,-3.06088386617307,"KIAA1671",0.0837779746562277,1.88159082375903,"no"
"UFSP2",0.329857574407148,11.9702356822765,0.755426603286436,0.456486976948228,0.738111023298789,-5.63651131649937,"UFSP2",0.496077620426499,0.340571607878201,"no"
"MT-CO1",0.328772376719899,15.4682567759313,1.52971787853112,0.132762521131102,0.412895737239446,-5.04000055808774,"MT-CO1",0.277503422044239,0.876924509028351,"no"
"C4orf54",0.327713482847377,10.8375879980249,1.60558826129401,0.119508925034624,0.391972958901957,-4.71147933642678,"C4orf54",0.263441415431759,0.92259965999995,"no"
"SF3B2",0.327495025249174,11.7590307934089,3.24245422022698,0.00217776808789275,0.0486705844759287,-1.54360915441243,"SF3B2",0.0327110515484226,2.66198837045309,"yes"
"COQ8A",0.327225870683598,16.5639906034679,2.04837519256935,0.0461084332275197,0.243492075046654,-4.19557404668177,"COQ8A",0.163648780967952,1.33621963493096,"no"
"ENPP4",0.326950507042906,10.9667504978143,1.35215466044498,0.184077160375996,0.491432465853552,-5.18471261462836,"ENPP4",0.330287233987387,0.735000093831741,"no"
"RPS28",0.325993237773018,14.1398924002187,2.93113005316168,0.0051927452486739,0.0772851270185761,-2.31673131170644,"RPS28",0.0519426220386022,2.28460298297186,"no"
"TPI1",0.325793611558989,18.9098523461478,3.27660790416322,0.00197437181725857,0.0465686498987956,-1.45580526204455,"TPI1",0.0312983606788889,2.70457105684481,"yes"
"DECR1",0.325785454089019,16.7385860019029,1.9354467339727,0.0589397937344202,0.274535857193239,-4.39731336555773,"DECR1",0.184513021021555,1.2295913883395,"no"
"DLD",0.324838120685353,16.8065745777975,3.73465701168401,0.000505903575418691,0.0246817916614104,-0.227496225195678,"DLD",0.0165884048452947,3.2959322512514,"yes"
"COX5B",0.324817622524687,18.861206630235,2.59347475921059,0.0126140853080664,0.121221359810518,-3.09437332158598,"COX5B",0.0814717594257134,1.89914423623336,"no"
"ENO3",0.324549443209044,18.9202281845256,1.50775200458181,0.138283682595988,0.423009979391315,-5.07097353162633,"ENO3",0.284301111037817,0.85922906339474,"no"
"AUH",0.324504559630457,11.5320964480558,2.01730202432129,0.0493715774617484,0.249278910371665,-4.25203733644919,"AUH",0.167538059690551,1.30652299649957,"no"
"MRPL12",0.32354848291136,12.8984796060015,3.55172275576347,0.000880177099536072,0.0340589750366605,-0.728840692598451,"MRPL12",0.0228907234237478,3.05542993510788,"yes"
"GADD45GIP1",0.322988140648503,11.3144922351439,2.85111214936425,0.00649241283363125,0.085435510563932,-2.50484036049428,"GADD45GIP1",0.0574204197507586,2.187593872446,"no"
"SSBP1",0.320506784804003,13.5043906930845,3.59127911106969,0.000781682810990022,0.0326607470157135,-0.621587956414424,"SSBP1",0.0219509872491747,3.10696943796518,"yes"
"NUBPL",0.318467198806607,9.96440259134391,2.25779706760393,0.0287270992983561,0.189519970885951,-3.79003103682481,"NUBPL",0.12737462686876,1.54170822441937,"no"
"SDHA",0.317781369407641,16.0368472195976,3.55690695526408,0.000866623333587567,0.0340589750366605,-0.714821645022309,"SDHA",0.0228907234237478,3.06216962188842,"yes"
"SLIRP",0.316766212047908,13.5779291570397,3.47700441321037,0.00109950132246772,0.0357303865259863,-0.929618563823618,"SLIRP",0.0240140636912764,2.9588042439384,"yes"
"PPP1R3D",0.316625199131593,10.7960483765271,1.47606995356597,0.148342011100507,0.436843736468603,-5.01749858996903,"PPP1R3D",0.293598651754373,0.828735837472449,"no"
"MAPT",0.316380211819121,13.391750017068,2.78199459671684,0.00774226616694524,0.0924500427086924,-2.66847471310826,"MAPT",0.062134822198274,2.11113190239854,"no"
"GLS",0.31637810233263,11.3170382922796,1.92154408220283,0.060845367399243,0.279772239572596,-4.4132043635631,"GLS",0.188032345389297,1.21577248217565,"no"
"SYNPO2L",0.315828431322879,13.8835766814499,3.33867998076096,0.00164994934223734,0.0406564440484636,-1.29480088141424,"SYNPO2L",0.0273248215809406,2.78252938955853,"yes"
"PARVB",0.315781002591507,11.5364640052021,2.65822156882247,0.010690407573098,0.110696998184641,-2.95053641463998,"PARVB",0.0743984329110388,1.97100573694527,"no"
"LACTB2",0.315133046887706,12.4094675978358,2.83642560672062,0.00670085661006202,0.0854803964903044,-2.54156860694442,"LACTB2",0.057450587168454,2.17386967532257,"no"
"DCAF8",0.314356500968735,12.2893932630606,3.15287029711357,0.00280947853049703,0.0554775794754996,-1.77119535517891,"DCAF8",0.037285970192166,2.5513742823526,"yes"
"SIAE",0.314334148929305,12.3178899978352,2.63151623625412,0.0114486900795479,0.114388548179493,-3.01017752671908,"SIAE",0.0768794896617527,1.94124420098944,"no"
"MRPS31",0.314331682796531,10.8544576887569,2.93411002273286,0.00544589671244694,0.0788970865426358,-2.30192137915267,"MRPS31",0.0530260051878547,2.263930599801,"no"
"COX5A",0.314274959373968,17.0325568941317,2.49223705678084,0.0162621147268339,0.139018972731059,-3.31399103360602,"COX5A",0.093433371145635,1.78882297937683,"no"
"TNFAIP2",0.313685545044443,10.4271290352796,1.95079302277784,0.0590797950829439,0.274535857193239,-4.27505660524822,"TNFAIP2",0.184513021021555,1.22856101969897,"no"
"AGBL1",0.313606629777528,9.38780796240783,1.72673598873123,0.0944348503408042,0.351405331780684,-4.58131354834156,"AGBL1",0.236176286889539,1.02486770360888,"no"
"PHKG1",0.312246956306643,14.970489700388,1.60750642986673,0.114614082494763,0.386679995970089,-4.92708333787314,"PHKG1",0.259884063795806,0.940762017848367,"no"
"RBM8A",0.312219501066897,11.1247005346866,2.67497600265575,0.0103023696546331,0.109197543067306,-2.9091286732795,"RBM8A",0.0733906629373302,1.98706287145338,"no"
"ASPSCR1",0.311775251682835,10.384871645603,2.24863826722543,0.031986040223314,0.200311840776821,-3.70014669933549,"ASPSCR1",0.134627743224466,1.49503952095395,"no"
"HTD2",0.311166080396072,10.179387932367,1.02777320900913,0.312497462994799,0.617861397388224,-5.37320621798375,"HTD2",0.41525895440484,0.505153504117768,"no"
"HMBS",0.310586690963634,11.3802456685399,2.71462775446366,0.00923800478370891,0.102137875011014,-2.82313360408036,"HMBS",0.068645925059396,2.03442181719904,"no"
"PPT1",0.310571407874043,12.3658357800093,1.6117324879539,0.113983029673924,0.38569609688958,-4.9016366763091,"PPT1",0.259222794285946,0.94315980364241,"no"
"PPFIA4",0.310110191457591,14.1921204324358,1.38383312163787,0.172919945343562,0.475209088541746,-5.23806449239734,"PPFIA4",0.319383651520683,0.762154910409916,"no"
"MYL9",0.309697186867041,12.6752102054103,2.07032848424841,0.0439175082941186,0.237996572202902,-4.15525152053759,"MYL9",0.159955304122705,1.3573623080118,"no"
"ALDH1A2",0.308535733169228,11.9774070771498,1.49538528442082,0.14426169725634,0.432335211216244,-4.94218283663429,"ALDH1A2",0.290568513457797,0.840848962588719,"no"
"MDH2",0.307778104743409,20.106695151945,3.7081792877384,0.000548543845211332,0.0259254410777749,-0.300887088543188,"MDH2",0.017424250163466,3.26078865346335,"yes"
"TPD52",0.307649151354807,10.8284432286586,1.71347735943924,0.0947319109729797,0.351405331780684,-4.68636460278308,"TPD52",0.236176286889539,1.02350370183078,"no"
"PTCD3",0.307205134131731,12.853275588064,2.52620350756328,0.0149432149847334,0.132966940743785,-3.24103605944772,"PTCD3",0.089365856188909,1.82555595540422,"no"
"LDHA",0.307124533556649,19.7922851643371,0.949714838325063,0.347095599181371,0.648526644484701,-5.71744709406119,"LDHA",0.435868784537743,0.459550892705317,"no"
"HLA-A",0.306172994941397,12.336548423591,2.84125782642433,0.0066149776350414,0.085435510563932,-2.53021955903545,"HLA-A",0.0574204197507586,2.17947161980521,"no"
"KHDRBS1",0.306037812839747,10.5897872200946,1.90889374602898,0.0655132209484138,0.293283565208505,-4.29276918728159,"KHDRBS1",0.19711318290384,1.18367104801524,"no"
"PSMC1",0.304886358235196,12.5042063513478,4.87996073375487,1.25110502347005e-05,0.00300577981888678,3.1579754709208,"PSMC1",0.00202015693169745,4.90270623211389,"yes"
"CASP3",0.3044168852203,12.462293093489,2.60116777860022,0.0126726934381093,0.121379983993585,-3.0566120990099,"CASP3",0.0815783692781534,1.89713107091046,"no"
"BCKDHA",0.304240111789831,12.3013947877705,1.63120448594987,0.109503673412038,0.375495883641847,-4.89169035697719,"BCKDHA",0.25236732491067,0.960571311729626,"no"
"COX7A2L",0.304215715357856,10.2081145327639,1.43354508332286,0.161055350546767,0.455218211398362,-5.02797085416031,"COX7A2L",0.305947967117533,0.793024842565266,"no"
"ANKRD2",0.304117900956065,17.7583317552643,1.63972579636895,0.107712135511268,0.375409609229711,-4.87885131183242,"ANKRD2",0.2523093406729,0.96773536365958,"no"
"ATP1A1",0.303096028709701,11.9384281296552,3.99065110396182,0.000228487186469184,0.0156352854379598,0.495442499701405,"ATP1A1",0.0105083313348816,3.64113815008762,"yes"
"RBKS",0.302854458127976,14.0048464944263,1.70762261360653,0.0942779198413333,0.351405331780684,-4.77444069782576,"RBKS",0.236176286889539,1.02559000836448,"no"
"HADH",0.302352725654583,16.3908270595146,2.61470074219766,0.0119511090979911,0.117194039216015,-3.04750566968709,"HADH",0.0787650343475716,1.92259178904335,"no"
"NDUFAF4",0.302064833133935,11.6754845249189,2.89375604964392,0.00574556445936776,0.0804100113415401,-2.40606401863177,"NDUFAF4",0.0540428280104842,2.2406672986473,"no"
"ISOC2",0.300963703279697,13.8799514283255,3.67140804144274,0.000613526976247937,0.0280761630559175,-0.402354723602005,"ISOC2",0.0188697305958644,3.21216633696623,"yes"
"CHMP4B",0.300800606226277,9.30884003292469,1.1487360865075,0.258200286424539,0.569499561355765,-5.40380087267523,"CHMP4B",0.382755409841562,0.588043280301482,"no"
"MRPL48",0.300605842139907,11.3444470025484,2.21092514798629,0.0320304400270949,0.200311840776821,-3.8817682928394,"MRPL48",0.134627743224466,1.49443709505374,"no"
"PDHB",0.300233380142799,17.7677402115415,3.06536053719091,0.00359028221834671,0.0652370606514344,-1.98959259886056,"PDHB",0.0438452276013256,2.44487141185251,"yes"
"PDHX",0.299516041051927,14.3712270107228,3.50573987105417,0.00100959952472437,0.0346508979735757,-0.852687072776623,"PDHX",0.0232885493777735,2.99585086254688,"yes"
"SOD2",0.299256559863618,17.4793928091658,2.52196824265429,0.0151021877311341,0.133698932150611,-3.25017330447361,"SOD2",0.0898578208714689,1.82096013543941,"no"
"GUF1",0.298767453645882,10.4629380545066,2.51603275430051,0.0154060192027088,0.135001681949573,-3.25795639391449,"GUF1",0.0907333870124427,1.81230956515161,"no"
"EIF3G",0.297982409019738,11.8201118817869,3.72967907413968,0.000513668921153182,0.0246817916614104,-0.241314774120373,"EIF3G",0.0165884048452947,3.28931670988397,"yes"
"MFAP4",0.297567636646084,13.1534046153988,1.53605445923366,0.131202966124545,0.411473644157706,-5.03099061677675,"MFAP4",0.276547646382115,0.882056346690834,"no"
"UBE2D3",0.296434928643292,12.6552954086953,0.835553900145234,0.407900730339359,0.702076301831864,-5.78507451609374,"UBE2D3",0.471859016024478,0.389445517085284,"no"
"SIL1",0.295625758827279,9.30902758148898,1.97352638252677,0.0558998576931072,0.269047228262484,-4.25208085932569,"SIL1",0.180824164069922,1.25258929771603,"no"
"SARNP",0.29476324798352,11.59174021221,2.32940302574107,0.0244705642768023,0.173260680572277,-3.63595078903759,"SARNP",0.116446907604275,1.61135601595773,"no"
"CDK5",0.294469501301609,12.0131053101704,3.36943093073415,0.0015086313316912,0.0399026066905113,-1.21436917479799,"CDK5",0.02681817443584,2.82141687697319,"yes"
"PDHA1",0.292981273623692,17.762260619577,3.3238410742139,0.00172255496928806,0.0418390750515037,-1.33345586463254,"PDHA1",0.0281196569855235,2.76382691021711,"yes"
"PRPF40A",0.292938585212317,11.0453951286975,2.14255580862607,0.0419958312224524,0.232834579642943,-3.84945455789358,"PRPF40A",0.156485976467417,1.37679381833882,"no"
"ATP1A2",0.292910689899132,14.7503385960277,4.81219060413324,1.57096497815062e-05,0.00348391694769865,2.9485819785777,"ATP1A2",0.00234150849211512,4.80383349666943,"yes"
"RPS26",0.292389396946355,11.8710580572615,3.33130577839453,0.00172948508855442,0.0418390750515037,-1.32196754922554,"RPS26",0.0281196569855235,2.76208317807659,"yes"
"ETHE1",0.291883711353069,13.0356959033622,4.90376837173856,1.15471186476313e-05,0.00300577981888678,3.23173529846324,"ETHE1",0.00202015693169745,4.93752637174989,"yes"
"CHD2",0.290812626160257,13.6215828453982,0.475197474457914,0.637156312019943,0.85279556525232,-5.98367870526767,"CHD2",0.573156044777547,0.195754010176504,"no"
"CAPNS1",0.28972013307917,13.2005647119752,3.4140405769078,0.00132392134147004,0.0391763340336587,-1.09691716452512,"CAPNS1",0.0263300532724654,2.87813781699625,"yes"
"CD2AP",0.289250294606948,10.6681740645782,1.71359239084033,0.0937731562290546,0.351405331780684,-4.72346543324397,"CD2AP",0.236176286889539,1.02792146620597,"no"
"PSMB7",0.288895101740605,12.8566659196302,2.36144671352723,0.0223826019773599,0.166693943707182,-3.58785376684276,"PSMB7",0.112033464239828,1.65008942814171,"no"
"EEF1A2",0.287869004331188,18.0811248817863,4.00710536717562,0.000216946844396667,0.0156352854379598,0.542695518304226,"EEF1A2",0.0105083313348816,3.66364666252523,"yes"
"AK2",0.287753886324108,14.3219781936341,4.07613244767797,0.000174393873672342,0.014365072508496,0.74189521815044,"AK2",0.00965463292421812,3.75846877557908,"yes"
"S100A6",0.287124783610873,12.1992659021073,1.91100211544129,0.0620890196921608,0.283285183985192,-4.43971208866389,"S100A6",0.190393362973214,1.20698519706569,"no"
"TACO1",0.286494313501766,13.4691348086582,2.72150691649131,0.0090738809958459,0.101395344616371,-2.80746441126946,"TACO1",0.0681468772201937,2.04220692081459,"no"
"SHOC2",0.285470576463037,10.7401796286776,1.81925744207543,0.0759732227463525,0.316518498811755,-4.55044782499192,"SHOC2",0.212729167774455,1.11933945064887,"no"
"MRPS10",0.285267037750302,10.0177946167531,1.593920118337,0.12103785333812,0.393225597441013,-4.7700992202581,"MRPS10",0.264283302256497,0.917078787328528,"no"
"DUSP13",0.2850980912089,11.0334854428647,2.20534472445604,0.0325585961811984,0.202298346531024,-3.88723651805144,"DUSP13",0.135962855445259,1.48733432871841,"no"
"DNAJC21",0.284838689275821,12.9957042503309,1.93874453873163,0.0587924509590804,0.274535857193239,-4.37463272836558,"DNAJC21",0.184513021021555,1.23067843442197,"no"
"HNRNPR",0.284780896402326,10.4260118391975,2.24920050305675,0.0294182302508368,0.191647925955145,-3.79983884040795,"HNRNPR",0.128804805871348,1.5313834572174,"no"
"MTFMT",0.28433463396996,9.13986221366204,1.44583369033141,0.158524931832878,0.45210914536938,-4.97711618643107,"MTFMT",0.303858392475342,0.799902424891427,"no"
"ACO1",0.282828353249959,14.4152470172188,3.48502997813967,0.00107365176515551,0.0356755717372393,-0.908168420664031,"ACO1",0.0239772231766283,2.96913655755192,"yes"
"ARID4A",0.282742225527386,11.4825336494546,1.93272852876986,0.0592830852109358,0.274779959265479,-4.40205059756974,"ARID4A",0.184677079776018,1.22706920288266,"no"
"ATP5PF",0.282567636564657,17.6501194910219,2.02199364103635,0.0488664168930704,0.247626072954506,-4.24355819161112,"ATP5PF",0.16642720288585,1.31098950424208,"no"
"COQ7",0.282494489604984,13.601412629428,3.40660233845769,0.00135314688543121,0.0391763340336587,-1.11656399416503,"COQ7",0.0263300532724654,2.86865505774842,"yes"
"PPIL1",0.282326156095053,12.3177200681578,2.21581121224864,0.0315636380166589,0.199120280967237,-3.87917989038281,"PPIL1",0.133826906851243,1.50081294590929,"no"
"POLR1B",0.282323572230192,11.8741882279987,1.25438354195256,0.221216424831801,0.534931622795674,-5.13229180439408,"POLR1B",0.359522616721498,0.655182630762466,"no"
"SUGP2",0.282087723710566,13.1675390345896,2.19932143287204,0.0328984550625121,0.20308778970881,-3.90558931443633,"SUGP2",0.136493432933925,1.48282449638376,"no"
"FUCA1",0.281975680883784,11.00754760895,1.85800992815461,0.0771157081263326,0.318973581819537,-4.2730289276925,"FUCA1",0.214379206451573,1.11285714908602,"no"
"PGK1",0.281537255336122,19.6382347120121,1.4764144840628,0.146474656439975,0.434004557570861,-5.11445921453844,"PGK1",0.291690465767308,0.834237511967983,"no"
"NUDT2",0.281242819818251,11.5617343610527,2.79073260832732,0.00761971118426052,0.0915317806009295,-2.64546021879552,"NUDT2",0.0615176666932512,2.11806148974427,"no"
"RPS23",0.280131850401844,10.9245063455948,2.04203531624559,0.0472840755982573,0.246384940909743,-4.17302501388062,"RPS23",0.165593049469946,1.32528509698405,"no"
"PGM1",0.279835382376355,19.6386442658357,2.26193180706138,0.0283477389964807,0.188061584992345,-3.7885110190007,"PGM1",0.126394459142054,1.54748157453159,"no"
"DNAH10",0.2793729301589,14.3938359421481,0.93651854780621,0.353984121305318,0.656293390175712,-5.70784825294881,"DNAH10",0.441088742781469,0.451016218720387,"no"
"ATP5F1B",0.278701599254358,20.0855892700559,2.44244456049226,0.0183867324101304,0.149070649809886,-3.41958438684039,"ATP5F1B",0.100189010729873,1.73549544435295,"no"
"PTRHD1",0.278300346454945,12.5715065520276,2.87379823979325,0.0060627398475692,0.0832327570501999,-2.45344727371722,"PTRHD1",0.0559399694025242,2.21733106696034,"no"
"RPS14",0.27803792932667,12.1241946231127,2.696320224617,0.00968819476897773,0.106201770034079,-2.8646954628178,"RPS14",0.0713772314741077,2.01375713883259,"no"
"CELF1",0.27803129971142,12.2379155324151,1.84996362349659,0.070721595240727,0.306602043727843,-4.53648530389805,"CELF1",0.206064409647544,1.15044795166536,"no"
"FUNDC2",0.276844057084752,12.6599395565479,2.8424993549891,0.00659307846301531,0.085435510563932,-2.52730151872536,"FUNDC2",0.0574204197507586,2.18091175576672,"no"
"SPRYD4",0.275440297069967,10.9204422252357,1.94697610691525,0.0577682762769145,0.273654013541137,-4.36030068952993,"SPRYD4",0.183920342025152,1.23831059099404,"no"
"MRPL13",0.274437934110438,11.876559221428,2.745928964618,0.00857048133107621,0.0976628366699317,-2.74844851806059,"MRPL13",0.0656382930074593,2.06699478676288,"no"
"PVALB",0.273775746479149,11.3780468809581,0.888315915135483,0.38096020643586,0.678882088517391,-5.60300252854932,"PVALB",0.456270398884899,0.419120386602334,"no"
"DNAH7",0.273070533197345,14.6023466551617,0.388585240314816,0.699330597155533,0.881003354093157,-6.07967361599275,"DNAH7",0.592114239851124,0.155317470065047,"no"
"ACADM",0.273021179651249,18.2147906866851,2.03753188293369,0.0472252100508798,0.246384940909743,-4.21535896757184,"ACADM",0.165593049469946,1.32582610172301,"no"
"EEF1G",0.272956948642856,15.6893000556161,5.20068923003406,4.2150657675148e-06,0.00190603110026212,4.15944774393579,"EEF1G",0.00128102594708733,5.37519564470568,"yes"
"TRPT1",0.272660922935803,9.64628448966999,1.32202854265283,0.195475772472274,0.504075717386015,-5.13945002884418,"TRPT1",0.338784646892354,0.70890706196951,"no"
"GATC",0.272654642005133,10.5168810643591,2.37104371021168,0.0221618625561871,0.165954934414253,-3.55168104908882,"GATC",0.111536782900656,1.6543937428659,"no"
"MRPS36",0.272546615565744,14.9021711319912,2.24218222230698,0.0296873897578969,0.192767442954993,-3.82751944512138,"MRPS36",0.129557222935693,1.52742798575109,"no"
"RPL24",0.272087408436347,13.4275113192544,1.92085949445576,0.0608021966655627,0.279772239572596,-4.42266963057641,"RPL24",0.188032345389297,1.21608073022563,"no"
"HSPB7",0.269852611313439,16.792314383647,3.32007063618862,0.00174148075136332,0.0418390750515037,-1.34326131227024,"HSPB7",0.0281196569855235,2.75908132144858,"yes"
"UBAP2",0.269411050628969,13.6592912803005,1.86242710994229,0.0687747841157847,0.301333894537701,-4.52260172581691,"UBAP2",0.20252373509886,1.16257076418758,"no"
"GRHPR",0.26910475189233,15.2310958915333,3.86729531576853,0.000336048667906844,0.0201839231161548,0.144139399017585,"GRHPR",0.0135654288234092,3.47359782179825,"yes"
"RAB35",0.268749584277256,10.6312294595465,1.95952999929472,0.0562358372708691,0.2691634127753,-4.34050809068595,"RAB35",0.180902250610874,1.24998683445339,"no"
"UBXN6",0.268342696603737,10.0634782856391,1.05819219105686,0.30246294497872,0.604711534809262,-5.23249128480616,"UBXN6",0.406421052881635,0.519327823580107,"no"
"KRT6C",0.26825655965038,14.4365291044751,0.57693037681328,0.570064677993149,0.814822244250991,-5.64001144712691,"KRT6C",0.547634525483823,0.244075867657338,"no"
"SAR1B",0.268176249144579,16.0230447996483,3.09186320717747,0.00333456063651829,0.0624255734745599,-1.92386775866218,"SAR1B",0.0419556529648025,2.47696138084966,"yes"
"RBM38",0.26791098814512,12.5965901768218,2.03153490716431,0.0481056123622933,0.24708062232192,-4.212278988033,"RBM38",0.166060610539533,1.31780425261192,"no"
"DNM1L",0.267553957030641,14.8841339625837,3.63942861550517,0.000675994963227567,0.0299829765997704,-0.49016272126179,"DNM1L",0.0201512824160824,3.17005653993207,"yes"
"MTPN",0.267244274442424,14.6963319124631,2.03637665044737,0.0473455626999645,0.246384940909743,-4.21746168932493,"MTPN",0.165593049469946,1.32472071751018,"no"
"OAT",0.266906272220865,10.5350425389234,1.19932707133954,0.23943201106413,0.553998786434901,-5.27949572222642,"OAT",0.372337481786319,0.620817786681759,"no"
"ME1",0.266684135653094,14.0127946160659,3.04358961536854,0.00381399965784671,0.066239524178145,-2.04330746627479,"ME1",0.0445189741044904,2.4186193502505,"yes"
"HBD",0.265739453930955,17.1692210522507,1.07482468410123,0.287917905388862,0.595721521496771,-5.59660385388914,"HBD",0.400378947736353,0.540731325848643,"no"
"HDHD2",0.265637396899667,13.3805514328206,3.35131161064689,0.00159044208365003,0.0399056923854139,-1.26181482834625,"HDHD2",0.0268202483029635,2.79848214121186,"yes"
"YWHAB",0.264677399238311,13.8903434063535,3.77184011920447,0.000451368182297921,0.0232374012422305,-0.123977295560636,"YWHAB",0.0156176433480456,3.34546905832752,"yes"
"FH",0.264375074242016,15.0668070639987,2.68263928969645,0.0100376940273588,0.108305079341087,-2.89562184405585,"FH",0.0727908462869287,1.9983660467746,"no"
"CAB39",0.263780079482437,14.4549553236173,2.67090122225463,0.0103467552544094,0.109266283510851,-2.92206571473914,"CAB39",0.0734368627563063,1.98519582373759,"no"
"RAN",0.263427962637374,14.538414650948,3.03328723894363,0.0039243631055242,0.0672765385389716,-2.0686389397865,"RAN",0.045215941905036,2.40623081591241,"yes"
"MATR3",0.263005532489148,11.3918136409855,3.01409586610603,0.00413797045915582,0.0677827774644671,-2.11567603415962,"MATR3",0.0455561804241746,2.3832126140742,"yes"
"UQCRH",0.262379550668612,17.1543889439072,3.02255879637559,0.00404246670105895,0.0674120471806693,-2.09495804689041,"UQCRH",0.0453070160150258,2.39335354881325,"yes"
"ADI1",0.262270930197461,12.6581897659996,3.05317116755433,0.0037139755519618,0.0652370606514344,-2.01969791912091,"ADI1",0.0438452276013256,2.43016095942312,"yes"
"SKP1",0.262221457487033,13.2250911746169,2.11291318750319,0.0399250759949728,0.228600077796187,-4.07602555257655,"SKP1",0.153640006777868,1.39875424853535,"no"
"PDF",0.261947919216874,11.2210557886707,2.17066198272777,0.0385297970321449,0.223503832683448,-3.83302552944315,"PDF",0.150214867376293,1.4142032787641,"no"
"HDHD5",0.261704646807711,13.2054560623735,2.21908986539465,0.0313247904225927,0.198482133600736,-3.87278370301772,"HDHD5",0.13339801388384,1.50411182595603,"no"
"PRDX5",0.261678810668872,17.2635436223802,2.59395762550995,0.0125986371739008,0.121221359810518,-3.09331026655121,"PRDX5",0.0814717594257134,1.89967643106223,"no"
"YARS1",0.261557737635968,13.1147823866435,3.54436037466036,0.000899774434077703,0.0340589750366605,-0.748730445224791,"YARS1",0.0228907234237478,3.04586635090897,"yes"
"STAT1",0.261515218421113,11.883476799676,2.46708187472601,0.0173059673222226,0.142551725114194,-3.3675392781803,"STAT1",0.0958077014841102,1.76180412067136,"no"
"DLAT",0.26134098764598,17.3028801187918,2.77747821910021,0.00783508129131458,0.0924500427086924,-2.67892716240246,"DLAT",0.062134822198274,2.10595649323672,"no"
"HLA-DRB1",0.26133438133518,12.8713576024247,2.09569939974942,0.0416172583935312,0.232524333233625,-4.10069202823282,"HLA-DRB1",0.156277462713222,1.38072653305708,"no"
"TSFM",0.260861026834897,12.5634186443668,2.35384399717208,0.022795054693128,0.168302773402846,-3.60342222685864,"TSFM",0.113114743860243,1.64215936143986,"no"
"RPL22",0.260816720924833,12.8523967016459,2.85333212520539,0.0064048349110085,0.085435510563932,-2.5018031857769,"RPL22",0.0574204197507586,2.19349206001173,"no"
"SUCLG1",0.259894051651091,16.9318266676482,2.09505495680901,0.0415589516588159,0.232524333233625,-4.10941099006652,"SUCLG1",0.156277462713222,1.38133541622876,"no"
"ATP2B1",0.259566569071765,11.779213750736,2.65978795617297,0.0107126127275459,0.110696998184641,-2.94313238160566,"ATP2B1",0.0743984329110388,1.97010459501567,"no"
"MTDH",0.258970989935467,9.66941363573467,1.2241733671949,0.230674789073203,0.545690277894953,-5.22858626319627,"MTDH",0.366753409721699,0.636999867831258,"no"
"CROCC",0.258737635773215,12.5323783504873,0.874395473576687,0.389039887519899,0.68809938387722,-5.56712979019375,"CROCC",0.462465258200827,0.410005869004074,"no"
"BIN1",0.258520188120087,16.5935455423116,2.73375183175243,0.0087883704277612,0.099751464343447,-2.77950315911307,"BIN1",0.067042040429634,2.05609164595474,"no"
"PLIN3",0.258254089155187,14.7190724689533,3.0673725339294,0.00357024072153928,0.0652370606514344,-1.98461585988546,"PLIN3",0.0438452276013256,2.44730250083131,"yes"
"SUOX",0.258048692574203,12.3228770782542,1.17972663737185,0.244021827496069,0.558788664552158,-5.48436367183754,"SUOX",0.375556714752008,0.612571324738666,"no"
"BAG6",0.258013320804393,12.4495574668269,4.19020041677783,0.000121194039467359,0.0118802610117089,1.07437425508741,"BAG6",0.00798461400345261,3.91651873899886,"yes"
"PPM1F",0.257633142165366,10.4743555646993,1.82861454181489,0.0770339102572687,0.318973581819537,-4.4326392782943,"PPM1F",0.214379206451573,1.11331805670126,"no"
"RPL38",0.25738294965122,12.0082696770492,2.03055489945238,0.0479561338124232,0.247012107587186,-4.22804319484838,"RPL38",0.16601456241737,1.31915583665766,"no"
"DLST",0.257335140221905,16.9789989499041,2.13306438915129,0.0381491962861753,0.221742203413394,-4.03807512184739,"DLST",0.149030892569283,1.41851460717583,"no"
"CDC34",0.257306536834715,11.8301146357745,2.61268561594693,0.0120126524486185,0.117398227150397,-3.05196720176123,"CDC34",0.0789022671776078,1.9203610878001,"no"
"RPS10",0.256878056206039,13.0710486877956,3.25325979019597,0.00211136595472241,0.0479987478066978,-1.51589070574628,"RPS10",0.0322595163109486,2.6754364856207,"yes"
"PAFAH1B2",0.256857595491487,14.4543035401525,2.84963344171398,0.00646853954987426,0.085435510563932,-2.51051674055223,"PAFAH1B2",0.0574204197507586,2.18919376214841,"no"
"PTGR1",0.256827267419993,11.5517697030359,1.94015858900803,0.0584791805272888,0.274535857193239,-4.38088368589852,"PTGR1",0.184513021021555,1.2329987218055,"no"
"ACSM5",0.256732900730078,11.5024211222156,1.22122385838772,0.230869768441373,0.545690277894953,-5.27521607357042,"ACSM5",0.366753409721699,0.636632932646605,"no"
"JSRP1",0.256711697738611,11.5978279094555,1.60641380610327,0.114854298553203,0.386679995970089,-4.92870404379016,"JSRP1",0.259884063795806,0.939852746198154,"no"
"CTTN",0.256311075975583,10.5303377286367,3.16687434742366,0.0027004656595469,0.0548270598343219,-1.73588220904818,"CTTN",0.0368487619329073,2.56856134105048,"yes"
"XIRP2",0.255771047878055,15.2117101821819,0.768566234944349,0.445980045422198,0.730936083954966,-5.86686378734756,"XIRP2",0.491255409777916,0.350684572581358,"no"
"NDUFA6",0.255570494962235,14.538229093392,1.70403505242692,0.0949513539566954,0.351405331780684,-4.78005093975182,"NDUFA6",0.236176286889539,1.02249883807042,"no"
"NDUFAF7",0.255552618147059,12.7801119678562,2.05998327336322,0.0449383954010244,0.24066795197052,-4.17429729538087,"NDUFAF7",0.161750713859919,1.34738243883549,"no"
"MRPS7",0.254805382257807,11.8810318430223,2.16768677869301,0.0357385872290385,0.214596849556813,-3.944359003743,"MRPS7",0.144228566054179,1.44686261945096,"no"
"VAMP5",0.254729508384969,11.0247922351302,1.74956687443333,0.0872956298906385,0.33925229298323,-4.67479897178653,"VAMP5",0.228008341448692,1.05900749698041,"no"
"UBQLN2",0.254201142982225,10.8216677886452,2.32127800100008,0.024639916418534,0.173260680572277,-3.66966509982595,"UBQLN2",0.116446907604275,1.60836076968257,"no"
"EEF1A1",0.254034635091543,14.8175607937714,2.49902829416367,0.0159902611350723,0.137611710007204,-3.29946397849513,"EEF1A1",0.0924875628304511,1.79614444378379,"no"
"ADSS1",0.253803600081588,15.2091799187253,3.39909395534487,0.00138327010347905,0.0391763340336587,-1.13637071978663,"ADSS1",0.0263300532724654,2.85909300933606,"yes"
"THRAP3",0.25289924857432,11.1922009090638,2.06737628793431,0.0457094223430106,0.242584880574306,-4.07968234700981,"THRAP3",0.163039063918754,1.33999426711207,"no"
"NDUFB10",0.252556989425592,16.6604703045997,2.02221408975362,0.0488427910417077,0.247626072954506,-4.24315937168211,"NDUFB10",0.16642720288585,1.31119952696755,"no"
"CPSF7",0.252393533709022,9.47057908623542,1.81617958773484,0.0758356969583773,0.316402770377716,-4.59114827856383,"CPSF7",0.212651387759848,1.12012631755093,"no"
"TST",0.251888391054964,15.0663641066905,1.4552188834525,0.152228651766909,0.442347374744249,-5.14340131705263,"TST",0.297297596348465,0.81750359899001,"no"
"SLC25A6",0.251867725631849,13.8845132292137,1.12816868353351,0.265202408935482,0.575736856145327,-5.52216014851905,"SLC25A6",0.386947438221352,0.576422535385532,"no"
"SARS1",0.251618371225762,11.9978938202914,4.23108968611242,0.000106275095693255,0.011850301511776,1.19451301953165,"SARS1",0.00796447849948813,3.973568495309,"yes"
"PPP1R14C",0.251474489960966,12.3972010418034,0.995220905285929,0.326422738668444,0.635004558421811,-5.54980366547641,"PPP1R14C",0.426780715039334,0.486219595830351,"no"
"APOL2",0.251321921881676,9.99258891016786,1.56094462090345,0.127006481950622,0.403259567691237,-4.89653153737851,"APOL2",0.271027041244319,0.896174113661758,"no"
"CCDC124",0.251267769578092,11.6297329471828,2.12316915150442,0.0390123927033031,0.225848851734182,-4.05674744713221,"CCDC124",0.151790933081617,1.40879741277525,"no"
"OLA1",0.250743725358332,14.4217386934574,2.99730684328168,0.00433371724351329,0.0705523289966461,-2.15666332498386,"OLA1",0.0474175705001439,2.36313942794649,"yes"
"SPG7",0.250511102871092,12.2712513718421,3.25285993626714,0.00211378861793294,0.0479987478066978,-1.51691742085878,"SPG7",0.0322595163109486,2.67493844496394,"yes"
"RALA",0.250486630520268,13.4667891291554,2.28768217825094,0.0266818922888583,0.180572524574598,-3.73724236828841,"RALA",0.121361130612881,1.57378337335117,"no"
"FAM185A",0.250188308068235,12.1969550582337,2.49747337875822,0.0161323600995252,0.138421411211105,-3.2988929454002,"FAM185A",0.0930317555518825,1.7923020924237,"no"
"MRPL19",0.249903549275425,11.1298376784863,1.7590658512272,0.0854887110387177,0.334800027819707,-4.66457699660198,"MRPL19",0.225016015039642,1.06809123097107,"no"
"NDRG2",0.249709799190601,16.3497178325282,2.63090432078984,0.0114666286589919,0.114388548179493,-3.01153896815962,"NDRG2",0.0768794896617527,1.94056425167291,"no"
"NDUFS4",0.249700486862663,15.74471026485,1.95683587795716,0.0562974463765196,0.2691634127753,-4.35984062030887,"NDUFS4",0.180902250610874,1.24951130407829,"no"
"G6PD",0.249692309782121,10.1503662590966,1.15974612721159,0.254952620887076,0.564971872419248,-5.33406581862064,"G6PD",0.379712391809369,0.593540519170348,"no"
"PGP",0.249393607918019,14.3602592107889,2.55682500842675,0.0138383490208335,0.127463131715856,-3.17463164814415,"PGP",0.0856667968337805,1.85891572013298,"no"
"MOGS",0.249387768749127,12.0327887927887,2.1373397219064,0.0378960705574672,0.221162695176474,-4.02404077239087,"MOGS",0.148641410420779,1.42140581968051,"no"
"ASB14",0.249380132073037,10.7805902028748,2.24453852109824,0.030669226181955,0.196051838320568,-3.76553760738918,"ASB14",0.131764634810146,1.51329718160299,"no"
"CIAPIN1",0.248916209340452,11.495935848777,2.63951309148817,0.0112836349263274,0.114388548179493,-2.9883069504838,"CIAPIN1",0.0768794896617527,1.94755097356651,"no"
"EIF3A",0.248556382631998,12.9661948012675,3.53925251047318,0.000913615049822855,0.0340589750366605,-0.762516045279925,"EIF3A",0.0228907234237478,3.03923675498134,"yes"
"ABCF2",0.248439519693095,10.5592792822569,1.81463902211755,0.076866167888287,0.318856348232995,-4.55137018115396,"ABCF2",0.214300414837832,1.11426476985379,"no"
"RDH14",0.248272489216445,11.4092741059528,2.37446103003983,0.021692083625217,0.163684300239224,-3.56111310502397,"RDH14",0.110010710585175,1.66369872998339,"no"
"ACTR1B",0.247952329048392,10.9929274987107,1.64399253651178,0.10696766114947,0.375409609229711,-4.86319252306325,"ACTR1B",0.2523093406729,0.970747499951494,"no"
"MRPS23",0.247874979381585,12.6957821073817,2.39622191702425,0.0205801352349297,0.158643128027547,-3.51614637187994,"MRPS23",0.106622585173158,1.68655177575479,"no"
"AKAP12",0.24784651501505,12.2434181279763,0.739340709723413,0.464745852839455,0.744885866346685,-5.72497528330004,"AKAP12",0.500630930039655,0.332784476966448,"no"
"NAP1L1",0.247366915846575,13.801540514437,2.96597209277281,0.0047224210485966,0.0731975262532473,-2.23275386550007,"NAP1L1",0.0491953832128558,2.3258352940616,"yes"
"ETFB",0.247314676420148,15.5404459655691,1.25047246480819,0.217291755471155,0.532244801209294,-5.40312970760251,"ETFB",0.35771682868012,0.662956751458167,"no"
"HINT2",0.246757530278758,13.2412610169865,2.82339577696196,0.00693760496027001,0.0865925293115451,-2.57210385349628,"HINT2",0.0581980413943692,2.15879043330044,"no"
"RANBP1",0.246494993949725,12.0543492850105,2.90855092001407,0.00552047983014904,0.0791435490588223,-2.37079397037752,"RANBP1",0.0531916503749536,2.25802317253722,"no"
"TUBB4B",0.246442630469939,17.5820174235255,4.49045500711106,4.57172615771067e-05,0.00617735898001956,1.9673547448389,"TUBB4B",0.00415174607423234,4.33991979134695,"yes"
"LIMS1",0.246246624404577,13.8285424863391,3.06422330685283,0.00360165682268086,0.0652370606514344,-1.99240463535181,"LIMS1",0.0438452276013256,2.44349767050491,"yes"
"TIMM8A",0.246217953899745,14.1831899191412,1.99563223058311,0.0517639075042796,0.256418119132024,-4.29098766387955,"TIMM8A",0.172336256143083,1.28597294749596,"no"
"NDUFAF5",0.245955525259776,12.0174126085843,2.71928328270951,0.00912663657250586,0.101591093585075,-2.81253245493364,"NDUFAF5",0.068278438299124,2.03968924296145,"no"
"NDUFA2",0.245786520641769,14.7777119068462,1.641420453509,0.107358717817311,0.375409609229711,-4.87629089829147,"NDUFA2",0.2523093406729,0.969162683913085,"no"
"HLA-DPA1",0.245451825320764,10.0675520545299,1.10917300208728,0.276409546141608,0.584460185848288,-5.33638473855003,"HLA-DPA1",0.392810307768944,0.55844696214794,"no"
"HRAS",0.245282001415223,10.997820340504,1.47618085684756,0.150601498273104,0.440349005599755,-4.92583578873548,"HRAS",0.295954510852324,0.822170707494517,"no"
"KLHL40",0.245196428736573,16.6064790103043,2.1721988356233,0.0348974601191129,0.211364238494543,-3.96353673955656,"KLHL40",0.142055957933021,1.45720618038735,"no"
"SEL1L3",0.24490117671753,16.9830109622355,1.53646178250143,0.131103219509081,0.411473644157706,-5.03041029928589,"SEL1L3",0.276547646382115,0.882386643185123,"no"
"NASP",0.244351773337575,9.3973269961766,1.73609282195432,0.0893612735836954,0.343341686652919,-4.71339508883136,"NASP",0.230756785268946,1.04885065025022,"no"
"COX6B1",0.243539799983637,18.7266030101953,2.48317196824646,0.0166315203304295,0.139488738762581,-3.33333547173948,"COX6B1",0.0937490965686656,1.77906804898032,"no"
"PHKA1",0.243521746468753,14.3772352847062,1.40577375230444,0.166341160601599,0.46424159343118,-5.20943318844672,"PHKA1",0.312012499072406,0.779000272666798,"no"
"SYNJ2BP",0.243514380800752,13.1660153403833,1.70838914221625,0.0941345454668216,0.351405331780684,-4.77324065391325,"SYNJ2BP",0.236176286889539,1.0262509700648,"no"
"SF3A1",0.243409311577395,11.0001154170925,1.66697911911775,0.10275469467658,0.37024756647563,-4.80373136138522,"SF3A1",0.248839979282604,0.988198326867407,"no"
"COQ10A",0.243179656737251,13.5356428844331,1.98933659653156,0.0524774423086803,0.258973304439836,-4.30223777090197,"COQ10A",0.174053572654064,1.28002734013955,"no"
"WDR1",0.242897742160292,16.3813837130184,4.01518979461284,0.000211485600596931,0.0156352854379598,0.56594517879081,"WDR1",0.0105083313348816,3.67471919705577,"yes"
"ACOT2",0.242886364044139,16.5338839237211,1.84244421916373,0.0716974101085509,0.307055794737646,-4.55617060826268,"ACOT2",0.206369371521983,1.1444965318619,"no"
"ACY1",0.242879998100225,14.1164010676709,3.39840857658112,0.00138605136019188,0.0391763340336587,-1.13817744040261,"ACY1",0.0263300532724654,2.85822067662562,"yes"
"LRRC47",0.241487521885288,12.722270184118,3.18025992786144,0.00260000483497795,0.0539267189873485,-1.7020364083696,"LRRC47",0.0362436511421983,2.58502584441292,"yes"
"NT5C1A",0.241461475788428,14.7475076860327,2.0020161137047,0.0510489400919728,0.254272822331597,-4.27954948872476,"NT5C1A",0.170894421922658,1.29201327056015,"no"
"GPHN",0.241361907423572,11.973579910608,2.4149840694436,0.0196628795900609,0.155736488621279,-3.47712206625985,"GPHN",0.104669059599654,1.70635288027317,"no"
"NDUFV1",0.24126666253235,16.1736751248658,1.93479802942953,0.0590215657736286,0.274535857193239,-4.39844442620947,"NDUFV1",0.184513021021555,1.22898927335475,"no"
"NDUFA5",0.240936068425263,15.904823695705,2.16320492030841,0.0356223653676728,0.214403505960335,-3.98076456716734,"NDUFA5",0.144098621603767,1.44827724624219,"no"
"EIF3F",0.240830183111321,12.0918752736053,3.13599916027633,0.00294631646154239,0.0573934483690993,-1.81360642120161,"EIF3F",0.0385736080295451,2.53072060775805,"yes"
"USP48",0.240618233762094,14.54676953943,0.8895576622314,0.382463843973789,0.681064399120713,-5.49086456967755,"USP48",0.457737109741334,0.417409614379265,"no"
"ZYX",0.240277874656423,10.905511733738,2.14896672179632,0.0369106377470498,0.217762646540716,-4.0006642651142,"ZYX",0.146356269048654,1.43284845094003,"no"
"ADPRHL1",0.240137284838642,16.3568841394048,2.32794469245084,0.0242517264160823,0.172636363598927,-3.65616312907682,"ADPRHL1",0.116027309916725,1.61525733968892,"no"
"RPS11",0.239316229249976,12.9131195600761,1.95591933963876,0.0564085501628459,0.269248096224313,-4.36145347616827,"RPS11",0.180959165576983,1.24865506255731,"no"
"DDX19A",0.238972018853051,12.2169964478696,2.11004034243911,0.0403010856939969,0.228903784476081,-4.07396311108941,"DDX19A",0.15384412524015,1.39468325399386,"no"
"MRPS9",0.238801131377524,10.3858049558921,1.09886848311791,0.285419166500727,0.594296141705752,-5.1423418018896,"MRPS9",0.399420963107194,0.544516866449076,"no"
"LYPLAL1",0.238465007043304,13.6578562401956,3.0158051324857,0.0041185128573339,0.0677827774644671,-2.11149468989144,"LYPLAL1",0.0455561804241746,2.38525957388075,"yes"
"TUBB2B",0.238366729228062,15.3635846426144,2.01392812154851,0.0497376447745997,0.250688164134914,-4.25812483033304,"TUBB2B",0.168485206164973,1.3033147837145,"no"
"BRAWNIN",0.237840222373542,11.731769650727,1.77592644008037,0.0831324757343139,0.332414601306556,-4.60741304939203,"BRAWNIN",0.223412791850998,1.08022928575889,"no"
"JPH2",0.237644729407513,13.7277130034441,2.98822518346277,0.00444317938162962,0.0711649230957677,-2.17877121986696,"JPH2",0.0478292893518979,2.35230615291279,"yes"
"KIAA1217",0.23716607960929,12.1698168230674,1.74602631629396,0.0873136321170852,0.33925229298323,-4.71373751182752,"KIAA1217",0.228008341448692,1.05891794540055,"no"
"UQCRB",0.236924641136778,17.4854211702459,2.11149923016666,0.040052359938044,0.22865535386412,-4.07867737106157,"UQCRB",0.153677157314009,1.39737188962032,"no"
"UBE2L3",0.236574831915208,14.9948351270004,2.97988113950245,0.00454602456002635,0.0720423967195733,-2.1990441530066,"UBE2L3",0.0484190312925331,2.34236822231648,"yes"
"MICU2",0.23642992261145,10.413079213117,1.21230514106386,0.232841772301125,0.547254454188036,-5.35746553390474,"MICU2",0.367804678201516,0.632939103693679,"no"
"PDP1",0.236239528611948,13.102719122498,2.53304591161561,0.0146895936582381,0.131931771080063,-3.226249842327,"PDP1",0.0886701281922974,1.83299021744499,"no"
"TSTD1",0.235696669592393,11.1503759377649,1.45732366425654,0.152608722697601,0.442347374744249,-5.08592640504873,"TSTD1",0.297297596348465,0.816420642585783,"no"
"DPP3",0.235397617296352,12.7590033992711,2.68549533640795,0.00996378912772927,0.107990992688885,-2.88917498779518,"DPP3",0.0725797515408622,2.0015754723873,"no"
"CMAS",0.234882559303163,10.4703273217452,1.85287807846235,0.071847149726516,0.307055794737646,-4.45331833946049,"CMAS",0.206369371521983,1.14359045623678,"no"
"CTSZ",0.233756720866648,10.5298907722659,2.1838806791395,0.034321733591493,0.208680573278654,-3.92130157039028,"CTSZ",0.140252291259179,1.46443078404581,"no"
"WASHC5",0.233402545230749,10.8377064823703,2.31153126102921,0.0257565842623906,0.177091278036826,-3.66195962063726,"WASHC5",0.119021416878683,1.58911173193159,"no"
"STXBP3",0.233308284189997,12.6968212211734,3.37665801613632,0.00147712934765444,0.0398745431851229,-1.19540275828502,"STXBP3",0.0267993132123459,2.83058147319654,"yes"
"LHPP",0.233186344462608,10.9726752902729,2.41074650435155,0.0202466504077043,0.158045109184717,-3.46617249556117,"LHPP",0.106220662216913,1.6936468158951,"no"
"PABPC4",0.233102279376016,12.810484675262,3.19562893029829,0.00248900785531513,0.0527633062270112,-1.66306499237558,"PABPC4",0.0354617321415274,2.60397373275475,"yes"
"CSPG4",0.232243635932587,11.0782083980453,1.77942221110697,0.0843292071039682,0.33387437201073,-4.52778631131972,"CSPG4",0.224393890296133,1.07402198305948,"no"
"DBI",0.231967489260683,17.8868655531882,2.2192184180188,0.0313154581394211,0.198482133600736,-3.8725327605631,"DBI",0.13339801388384,1.50424123026741,"no"
"RPS20",0.231863174709586,12.9723779977077,2.97709912885223,0.00458080612158233,0.072166470210502,-2.20579500813669,"RPS20",0.048502419943014,2.33905808895057,"yes"
"SCLY",0.231840558792371,9.74463264589218,1.4611623139848,0.152599011925262,0.442347374744249,-5.00218895277647,"SCLY",0.297297596348465,0.816448278417808,"no"
"SUCLA2",0.231592117864118,17.3820490639902,2.31063124992181,0.0252713849525971,0.175560006791175,-3.69116476043659,"SUCLA2",0.117992263578173,1.5973709567034,"no"
"PPP1R27",0.231078065067017,11.5879481575095,0.954585347542096,0.344651686889485,0.647437934878848,-5.71301036113632,"PPP1R27",0.435137072839151,0.462619591520579,"no"
"MRPS14",0.230780331442688,9.92892437007192,0.940700021663346,0.355453894200648,0.657385718844166,-5.45083053320563,"MRPS14",0.441822886818702,0.449216723465316,"no"
"KSR2",0.230703140081673,18.0516180581653,1.47965566222541,0.145902762374344,0.433647076211582,-5.09016460525845,"KSR2",0.2914502058383,0.835936485539189,"no"
"ARF5",0.230528132868779,10.6918131286677,1.97728540194122,0.0542678059905576,0.263857796379138,-4.30094811432577,"ARF5",0.177336394698113,1.26545773628777,"no"
"UQCRC1",0.230464222994954,17.7456501777736,2.02857939033767,0.0481648663700725,0.24708062232192,-4.23162811902375,"UQCRC1",0.166060610539533,1.31726964029468,"no"
"UQCRFS1",0.23000335128911,17.2039498706745,2.53727006683688,0.0145349815315213,0.131209379862941,-3.21710662991842,"UQCRFS1",0.0881846157088155,1.83758551571767,"no"
"DIAPH1",0.229730871355011,11.2039017807093,2.0350430683143,0.0476081518395197,0.246682663391723,-4.21208763129527,"DIAPH1",0.165793146007928,1.32231867761975,"no"
"TIMM50",0.229680837262288,13.4342086092164,3.40730725578349,0.00135035107692872,0.0391763340336587,-1.11470314811415,"TIMM50",0.0263300532724654,2.8695533048748,"yes"
"PET117",0.229433803731888,12.1118205257004,1.69128366922379,0.0976686211231564,0.357333292764035,-4.78120221877839,"PET117",0.240160414867278,1.01024494356853,"no"
"HLA-DRA",0.229174949989037,12.9083386469989,1.65033080670083,0.105516043760591,0.375409609229711,-4.86278990656427,"HLA-DRA",0.2523093406729,0.976681500679611,"no"
"SCP2",0.228903715767116,12.9599026565886,2.67587624903885,0.0102147118441144,0.109070423135488,-2.91086806299393,"SCP2",0.073305226801987,1.99077388025779,"no"
"ARPC5L",0.228351810851875,10.6874710095785,2.37719370055579,0.0217374655768675,0.163684300239224,-3.54515579846494,"ARPC5L",0.110010710585175,1.66279109273107,"no"
"XIRP1",0.228306497692689,16.3155009617117,1.24037603049564,0.220967879056376,0.534931622795674,-5.41499355573723,"XIRP1",0.359522616721498,0.655670852841748,"no"
"TUFM",0.228164254578704,16.4382142395518,2.01800678852566,0.0492954059706086,0.249278910371665,-4.25076466591949,"TUFM",0.167538059690551,1.3071935524181,"no"
"IMPA1",0.227941492228044,14.944935246218,3.49735907257654,0.0010350677020559,0.0351070610003196,-0.875161453064296,"IMPA1",0.0235951323465827,2.98503124279867,"yes"
"PSMB8",0.226791247357967,10.3046305190448,0.999047818812471,0.324227276503619,0.632868813920063,-5.5542775761037,"PSMB8",0.425345300830871,0.4891504517432,"no"
"NDUFS6",0.22636892066555,14.5515037555936,1.72975380172178,0.0902104647299108,0.345530768109437,-4.73960310074565,"NDUFS6",0.232228046753453,1.04474307985451,"no"
"CA2",0.22614940974799,17.9527372717746,3.18968920296236,0.0025313644095176,0.053269515274739,-1.67814040642111,"CA2",0.0358019505800936,2.59664533028598,"yes"
"SZRD1",0.225584730471432,10.2826460706418,1.16704229613781,0.250825070520077,0.562738748454954,-5.36769879722821,"SZRD1",0.378211529761038,0.600629056978601,"no"
"NDUFAF2",0.225535210791065,14.667625539692,0.508791048830548,0.613320372740868,0.84173321238346,-6.01660212769572,"NDUFAF2",0.565721139303604,0.212312609057836,"no"
"CALM1",0.22541887951756,15.6516173619587,2.01187845113069,0.0499611783513568,0.251047713828714,-4.26181887673686,"CALM1",0.168726856202563,1.30136732719428,"no"
"GLTP",0.223538872963992,12.203992117076,2.49133732904696,0.0162984435598675,0.139018972731059,-3.31591338984808,"GLTP",0.093433371145635,1.78785386710742,"no"
"TSN",0.223272462409376,11.2934136183139,1.96385303910546,0.0554530320202201,0.267342962064038,-4.34747125430556,"TSN",0.179678742455,1.25607470283041,"no"
"LARS2",0.223111849386575,10.4894459465366,1.23071316156976,0.225090293809229,0.538854205494638,-5.38623690609784,"LARS2",0.362158948424731,0.647643231947399,"no"
"RCC1L",0.223092745909431,10.2711950668633,2.07094230861375,0.0449948061436388,0.24066795197052,-4.0888025638388,"RCC1L",0.161750713859919,1.34683761496556,"no"
"ASB10",0.222926112864672,9.71730323387547,1.02208532764224,0.317283913552078,0.623112753930954,-5.3397482452824,"ASB10",0.418788342769866,0.49855194628177,"no"
"PDE12",0.222150310010147,12.1223164367167,2.16161298805664,0.0358644688083798,0.214596849556813,-3.97661766289573,"PDE12",0.144228566054179,1.44533559715248,"no"
"RPS9",0.222057831030316,11.4312796852556,1.72456161061097,0.091151409896801,0.348065582427122,-4.74781163182491,"RPS9",0.233931672109595,1.04023660944822,"no"
"MPC2",0.221984670861179,14.0484237070375,1.27446834372698,0.208737343292841,0.522386945063595,-5.37457360601943,"MPC2",0.35109145435986,0.680399848322066,"no"
"ANP32E",0.221712612622659,12.6189197628712,2.72231868464529,0.00905469194329757,0.101395344616371,-2.80561351415668,"ANP32E",0.0681468772201937,2.04312632056823,"no"
"COPG2",0.221457482014923,10.6781826379985,1.76729263613407,0.0847714326437234,0.33387437201073,-4.62239487648348,"COPG2",0.224393890296133,1.07175047717057,"no"
"GPI",0.221401903314913,18.122755917689,1.67407987059647,0.100730924873688,0.366313693245474,-4.82648945494414,"GPI",0.246196059317348,0.996837178501285,"no"
"TFAM",0.221317195520848,13.0783852225346,1.82463226312145,0.0743903814083425,0.314468430498903,-4.58583008434001,"TFAM",0.211351335743433,1.12848321460639,"no"
"MME",0.220909435685343,12.3872509959963,2.47907289773946,0.0168010419843491,0.13972950845815,-3.34206515327429,"MME",0.0939109156634612,1.7746637829158,"no"
"ACAA2",0.220690388586334,15.5751801486647,1.20280223352102,0.235052707077369,0.548208993704857,-5.4583541995483,"ACAA2",0.368446215419036,0.628834742722938,"no"
"FHOD1",0.220554355466911,13.3359570049182,2.9576086220554,0.00483154417506991,0.0740615646419218,-2.25297259437543,"FHOD1",0.049776095455704,2.31591404532852,"yes"
"NRAP",0.220391447697471,15.3430169283955,1.03636424860098,0.305313532426713,0.608280896809808,-5.63527042400607,"NRAP",0.408819988206781,0.515253946019053,"no"
"CAMK2A",0.219296133064434,15.4108339287238,2.22214376001202,0.0311037571142775,0.19838967203642,-3.86681916746339,"CAMK2A",0.133335871318076,1.50718714809708,"no"
"GATD3B",0.219237392055309,15.9417767595608,1.70713253604455,0.094369680417275,0.351405331780684,-4.77520769413165,"GATD3B",0.236176286889539,1.02516751568632,"no"
"PHYKPL",0.219149231113036,12.7953666904767,2.77695955842422,0.00784580576455191,0.0924500427086924,-2.68012675556239,"PHYKPL",0.062134822198274,2.10536244772668,"no"
"HIKESHI",0.21908192937874,12.9778341633238,2.66091127779754,0.0106166459099782,0.110696998184641,-2.94450519723903,"HIKESHI",0.0743984329110388,1.97401266714004,"no"
"MSRA",0.218959539287493,11.6289921089749,1.26003830622783,0.214922613680821,0.530044392850135,-5.31956334255642,"MSRA",0.356237954488675,0.667717886602059,"no"
"MRPS30",0.218938291628614,11.3927819710662,1.46486211063659,0.149731987182821,0.439142745725406,-5.12063098490243,"MRPS30",0.295143794700967,0.824685411593959,"no"
"PRDX3",0.217814678974307,17.9960987458746,2.55817892488856,0.0137912611099768,0.127463131715856,-3.17168183173781,"PRDX3",0.0856667968337805,1.86039601895381,"no"
"ACE",0.217790662050215,11.8040294224296,2.1510388487828,0.0395962486244246,0.22817174236693,-3.88452996203501,"ACE",0.153352126481025,1.40234595748068,"no"
"RTRAF",0.217767871012748,13.2645165555032,2.90772746155598,0.0055327887403783,0.0791435490588223,-2.37276026316039,"RTRAF",0.0531916503749536,2.25705591222568,"no"
"KLHL41",0.217621673999261,19.0690757249093,3.21073037001403,0.00238431132685404,0.0520755269342439,-1.62465772259739,"KLHL41",0.0349994820136134,2.6226370380647,"yes"
"TPT1",0.21721941020912,15.875095048356,3.51905196917532,0.000970371950308,0.0340589750366605,-0.816926386252825,"TPT1",0.0228907234237478,3.01306176573023,"yes"
"CIRBP",0.216919414400358,14.9472743241909,2.64614621664095,0.0110273862936383,0.11273742795943,-2.97755868798428,"CIRBP",0.0757697869694037,1.9575274116543,"no"
"KIF5B",0.216683827447333,13.3647896977532,3.35395211109448,0.00157826302603441,0.0399056923854139,-1.25491009683927,"KIF5B",0.0268202483029635,2.80182061758019,"yes"
"SYNCRIP",0.215805395820899,14.0320496739817,3.15323826891535,0.00280656180107093,0.0554775794754996,-1.77026873032961,"SYNCRIP",0.037285970192166,2.55182539008476,"yes"
"FBL",0.215473755472752,11.5720060491227,2.23715633395969,0.0303679407422644,0.195291411099537,-3.81575395805778,"FBL",0.131253558678766,1.51758465670185,"no"
"MMUT",0.215357757101266,12.9062881935319,1.85223342154441,0.0702528072013921,0.305317787238242,-4.53976473371691,"MMUT",0.20520127268946,1.15333631729169,"no"
"EIF3L",0.214882378736723,14.349501593189,3.18404845534427,0.00257221786084589,0.0537369861798457,-1.69244072208579,"EIF3L",0.0361161334697997,2.58969225046157,"yes"
"DES",0.214704886140744,19.3182168178712,2.84894628089803,0.00648043952211204,0.085435510563932,-2.51213473002573,"DES",0.0574204197507586,2.18839553802529,"no"
"NHLRC2",0.214456642579266,12.4161093214106,2.8462168048381,0.00652790840699628,0.085435510563932,-2.51855889196617,"NHLRC2",0.0574204197507586,2.18522594779206,"no"
"SEPHS2",0.214424751680129,11.3864366115567,1.48788995507996,0.143431816730668,0.431192833821183,-5.09863123618253,"SEPHS2",0.289800732132383,0.843354500705323,"no"
"NDRG3",0.214339337738519,10.4238295148054,1.63014422980164,0.112250019489763,0.381623592203995,-4.76794570859977,"NDRG3",0.256485701396354,0.949813574918885,"no"
"UBE2K",0.214297667212307,11.8702839718205,0.82941918130463,0.412304381784482,0.706282550614772,-5.70275633607547,"UBE2K",0.474685997090039,0.384782049688796,"no"
"UCHL3",0.214044747508225,14.346069679653,2.80862591861208,0.00721533148666859,0.0891908945669287,-2.60659837779825,"UCHL3",0.0599443787504065,2.14174371176051,"no"
"EEF1D",0.213649290657207,13.7086026792174,3.14541828009329,0.0028691650655482,0.0562707679182004,-1.78994623165884,"EEF1D",0.037819064838885,2.54224446569803,"yes"
"MT-ATP8",0.213615024814473,16.6846224174122,1.89866053237082,0.0637328599039451,0.288902256451374,-4.46094442236983,"MT-ATP8",0.194168545641986,1.19563659285491,"no"
"CNN1",0.213586635894574,10.9119257497106,1.19335106620082,0.239905753980754,0.554317712585153,-5.38171210574192,"CNN1",0.37255182911445,0.619959335641495,"no"
"TUBB2A",0.213236580362899,10.3234300072902,1.64335916408232,0.106955566254046,0.375409609229711,-4.87335887410657,"TUBB2A",0.2523093406729,0.970796608656622,"no"
"MRPS34",0.213174631088066,11.2402094224256,1.67141678036152,0.10222049943973,0.369300375795416,-4.77870327869734,"MRPS34",0.248203381150482,0.990462001453674,"no"
"COPS7B",0.213008347234821,8.90278317985317,1.24567535722413,0.220887566003854,0.534931622795674,-5.28992869068547,"COPS7B",0.359522616721498,0.655828730339057,"no"
"NES",0.212655755688335,12.3851351731154,1.23560709290434,0.222720171150469,0.535752087563946,-5.42056607715108,"NES",0.360074043535406,0.652240448333561,"no"
"NDUFA8",0.212278285791715,17.909667437003,1.7595375561413,0.0849676047990804,0.334190456528989,-4.69210045629811,"NDUFA8",0.224606327789575,1.07074662415254,"no"
"HBG2",0.211965357742249,12.3486605022165,0.276719810363433,0.783614048253608,0.920689848320319,-5.97897770579382,"HBG2",0.618787167090839,0.105897786786115,"no"
"IST1",0.211960441072012,12.0232354965711,2.57553198918772,0.0132005323609108,0.124777491136085,-3.13377150287005,"IST1",0.083861802536067,1.87940855388931,"no"
"COA5",0.211864105845553,11.2655829784522,1.40130694800265,0.167805401757445,0.464421060430526,-5.20551431078439,"COA5",0.312133117189695,0.775194063080074,"no"
"MUL1",0.211638021179647,11.7358500536896,1.09311175945823,0.287875460101316,0.595721521496771,-5.18089265481598,"MUL1",0.400378947736353,0.540795354909422,"no"
"COQ5",0.211435052134663,14.3324613375401,1.80002463102616,0.0782506737840362,0.320897141480195,-4.62639627878665,"COQ5",0.215672013182657,1.10651191423609,"no"
"SSPN",0.211394773808744,10.9331112461167,1.49093137975852,0.144412703462836,0.432338342765686,-5.00008969968578,"SSPN",0.290570618143333,0.840394601772292,"no"
"DNM2",0.21097646462054,13.1013634968957,4.20235985070261,0.000116556727424954,0.0118802610117089,1.11004907387996,"DNM2",0.00798461400345261,3.93346265479706,"yes"
"IDH2",0.210973451872054,18.7470812851415,1.8341169929714,0.0729459618897074,0.310181722902694,-4.57006750788968,"IDH2",0.208470279050515,1.13699874458695,"no"
"DHX15",0.210636337535886,10.0646897713356,1.80492214468129,0.0785825119268185,0.320897141480195,-4.56193491467435,"DHX15",0.215672013182657,1.1046740928757,"no"
"ATP5F1D",0.21002514682724,13.6793951762435,1.77235274871798,0.0827912797171431,0.3319711535807,-4.67144386710364,"ATP5F1D",0.223114754718802,1.08201540440071,"no"
"UBE2F",0.209614943270834,11.3951919814269,2.13506986601748,0.0379763080269578,0.221183224326706,-4.03428215161222,"UBE2F",0.148655207873567,1.42048725870002,"no"
"CZIB",0.209130008048438,13.7306149570583,2.62623486958644,0.0116043656535735,0.1149669628153,-3.0219203310493,"CZIB",0.0772682368110211,1.9353785950342,"no"
"CORO6",0.20843783347793,13.972686574692,3.05126747235117,0.0037336507136617,0.0652370606514344,-2.0243926037448,"CORO6",0.0438452276013256,2.4278663131209,"yes"
"HNRNPA1",0.208222962985428,14.4155104485086,2.7482346312343,0.00846137992992075,0.0971878818245479,-2.74631633531836,"HNRNPA1",0.0653190802304234,2.07255880397291,"no"
"TRIP10",0.207976741272613,13.5926585347432,2.54435121888714,0.0142791159761433,0.129863379682086,-3.20175388243919,"TRIP10",0.0872799813845264,1.84529867901412,"no"
"ATP5F1A",0.207721065270757,18.7170290172683,1.55559099192297,0.126486765762405,0.402052200323058,-5.00300091135501,"ATP5F1A",0.270215580756559,0.897954912093151,"no"
"SSB",0.207677608076299,11.9317691209069,3.46447984046968,0.00114103150783651,0.0365510426343629,-0.963036968231466,"SSB",0.0245656191031065,2.94270236303963,"yes"
"HMGB2",0.207161297937629,10.6781190177415,1.52765316614445,0.133725035534355,0.414503019195239,-5.0157911523418,"HMGB2",0.278583661442942,0.873787278029152,"no"
"FAM114A1",0.207149946073439,8.37327996589634,0.783486109744881,0.440112751887983,0.725054322110317,-5.6115921030399,"FAM114A1",0.487302331815784,0.356436047946136,"no"
"GPX7",0.206821650709648,10.923447423487,1.12385692650871,0.267580636801289,0.578087415781134,-5.48731548677634,"GPX7",0.388527227702872,0.572545317042523,"no"
"ERP44",0.206226062306447,12.3289363742145,2.60425555063259,0.0122732677847629,0.118981177728533,-3.07060412748345,"ERP44",0.0799661536814904,1.91103979000781,"no"
"FBLN5",0.206080296986512,12.7984126724169,1.43920511763875,0.156834706137606,0.449011378147685,-5.15531062821033,"FBLN5",0.301776411657463,0.804557825476826,"no"
"EIF4A1",0.205945835840124,13.3087700762927,1.93389787576766,0.0591351950457861,0.274535857193239,-4.40001337416081,"EIF4A1",0.184513021021555,1.22815396641588,"no"
"LAMTOR1",0.205932343198565,11.3904742801941,2.3933906773822,0.0207218455749736,0.159309548780397,-3.5220148070783,"LAMTOR1",0.107070480423115,1.68357156710574,"no"
"RCN3",0.205926929347335,9.73471332782138,0.844841637860123,0.408607641687058,0.702454282041615,-5.32727762869243,"RCN3",0.472113053042085,0.388693515551128,"no"
"PBXIP1",0.205641673745784,13.8148891187134,1.84397138336666,0.0714704046620394,0.307055794737646,-4.55361612650806,"PBXIP1",0.206369371521983,1.14587375893713,"no"
"ACAA1",0.205557299494632,12.3586685523033,1.84114297011656,0.0718913151050681,0.307055794737646,-4.55834576727931,"ACAA1",0.206369371521983,1.14332357178351,"no"
"VPS25",0.205206081461718,13.1574285441843,2.26620651291144,0.0280649520602777,0.186862024918662,-3.78003200909322,"VPS25",0.125588245865016,1.55183569529268,"no"
"RPS27",0.205180631116532,12.0271794838046,2.27020762235851,0.0278025405885586,0.185973838786113,-3.77208416952279,"RPS27",0.124991304145921,1.55591551655754,"no"
"COX7A1",0.205078337744471,17.1973255575471,1.19256495339292,0.239001617125101,0.553447118210174,-5.46995144519502,"COX7A1",0.37196671065359,0.621599160532482,"no"
"ATP5MK",0.204935298693606,16.2875458530085,1.34607513719633,0.184708982896592,0.491432465853552,-5.28636659148527,"ATP5MK",0.330287233987387,0.733511983132815,"no"
"ARHGAP1",0.204513299168761,12.6130413689699,2.16665170250362,0.0353430043022268,0.213614007134843,-3.97416910662707,"ARHGAP1",0.143568006714791,1.45169653642453,"no"
"PDLIM5",0.204437965119197,18.3110022103474,2.01111995355594,0.0500441188707984,0.251047713828714,-4.26318509365804,"PDLIM5",0.168726856202563,1.30064695299053,"no"
"SNRPC",0.204163246172204,10.5205593618881,1.66329796494859,0.10332972244746,0.37066113395416,-4.81858382797963,"SNRPC",0.249117934175783,0.985774737161614,"no"
"MRPL37",0.204149838498161,11.7039531851434,1.81321268082547,0.0764434180673834,0.318017856115825,-4.58681884000253,"MRPL37",0.213736872008769,1.11665990227355,"no"
"BCKDK",0.203890587478101,12.4792246209074,1.76196752397011,0.0845513079036552,0.33387437201073,-4.68819365795693,"BCKDK",0.224393890296133,1.07287967001837,"no"
"PGM5",0.203548013884559,14.3826662616315,0.765869617877943,0.447567640684355,0.732234931328126,-5.86885689902983,"PGM5",0.492128353134451,0.349141320669707,"no"
"MAPRE1",0.203333895385667,12.0012128389612,2.48778852055845,0.0164424544494568,0.139387649584297,-3.32349064784768,"MAPRE1",0.0936811554630173,1.78403335259335,"no"
"NARS1",0.203082879065729,14.3934695157728,3.80030487846604,0.000413490838832951,0.0220758164510259,-0.0443771171657898,"NARS1",0.0148369529085924,3.38353410809057,"yes"
"PRRC1",0.202471192246902,10.5329782401615,1.21652420126897,0.232910584560777,0.547254454188036,-5.21840013338703,"PRRC1",0.367804678201516,0.632810774617373,"no"
"PDCL3",0.202364190534116,10.5956685927818,1.27513735288027,0.208502504877843,0.522252581722695,-5.373770216402,"PDCL3",0.351001149995988,0.680888723193386,"no"
"STYXL2",0.200726064169629,11.2566569876534,1.82213959269076,0.075055093629154,0.314848679884058,-4.57212938222661,"STYXL2",0.211606897852929,1.12461982893744,"no"
"COA7",0.200628596450995,11.7924514717105,2.79354883472313,0.00750942504685967,0.0909650101264556,-2.64167989610378,"COA7",0.0611367454775668,2.12439331313364,"no"
"NT5C3A",0.200441861708939,16.7976508244669,2.44049899570172,0.018474622952843,0.149070649809886,-3.42367730673412,"NT5C3A",0.100189010729873,1.73342441632532,"no"
"DHRS7B",0.199587051751672,12.4929486749017,2.07209841014463,0.043744887373491,0.237507552349858,-4.15198515333374,"DHRS7B",0.159626638383566,1.35907269727545,"no"
"TOMM20",0.19954488349329,10.8555623544967,1.22671439668452,0.227067689081862,0.541469104733672,-5.36261503377311,"TOMM20",0.363916398118894,0.643844659931691,"no"
"RBP1",0.199382686013001,11.4647428267911,1.05975004467708,0.295745849938621,0.599972125735857,-5.52677502512424,"RBP1",0.403235739695476,0.529081340905956,"no"
"EML1",0.1993079999099,12.1999238451729,3.37282933340791,0.00149373939090991,0.0398745431851229,-1.20545355797831,"EML1",0.0267993132123459,2.82572516621701,"yes"
"GDPD1",0.199183402344527,12.676543775478,0.567396745107199,0.576698981064142,0.817817590953233,-5.62125211708253,"GDPD1",0.549647670413916,0.239050815918063,"no"
"PIN1",0.199139027101124,13.3184506292239,2.24982908897393,0.0291621624837385,0.190645157461719,-3.81244805337269,"PIN1",0.128130854402862,1.53518027459504,"no"
"SNX12",0.198877496854136,10.9166648361209,1.9607168326228,0.0580991819373176,0.273712022656421,-4.24841321611789,"SNX12",0.183959329417245,1.23582998262878,"no"
"HNRNPA0",0.198837200717527,12.4140215497742,1.32121081348216,0.192938423350991,0.500217153346139,-5.30757119992542,"HNRNPA0",0.336191341540254,0.714581274753198,"no"
"HSPD1",0.198794224679173,17.6581819819847,2.48670357554367,0.0164867112411534,0.139387649584297,-3.32580554330003,"HSPD1",0.0936811554630173,1.78286596850752,"no"
"ARF1",0.19849693842845,14.5295542867773,2.77936828541779,0.00779611448698819,0.0924500427086924,-2.67455435489617,"ARF1",0.062134822198274,2.1081217918348,"no"
"SLC25A5",0.19823558455357,10.5632115431474,0.970537763669437,0.339489720449613,0.644722949954363,-5.50079893884811,"SLC25A5",0.43331235647763,0.469173371367567,"no"
"LMO7",0.198114033567396,11.5404215226577,1.52812440038033,0.133300937123999,0.413677719836911,-5.03275469119832,"LMO7",0.278028985345586,0.875166797425216,"no"
"SYNPO2",0.197911938151378,16.6194904900562,2.55541233606995,0.0138876365149912,0.127509732715668,-3.1777082382859,"SYNPO2",0.0856981169365381,1.85737165893021,"no"
"MYG1",0.197562584498305,11.9416292735423,2.57499738823061,0.0133675983804389,0.125125928996121,-3.12552329300225,"MYG1",0.0840959844125291,1.87394661097368,"no"
"SMTNL2",0.197380225834999,14.479522962043,1.63639804213211,0.108408898857628,0.375409609229711,-4.88387230064443,"SMTNL2",0.2523093406729,0.964935066818492,"no"
"CMPK1",0.197247088711531,12.9326161763551,2.92599732845794,0.00526561292253074,0.0778500618238775,-2.32904579894111,"CMPK1",0.0523223095179431,2.27855106923063,"no"
"FAHD2A",0.196930483624687,13.4150729979389,1.75684149028578,0.085431489500244,0.334800027819707,-4.69642957890428,"FAHD2A",0.225016015039642,1.06838202163543,"no"
"ILF2",0.196725948194691,11.1824826817051,0.881554194020154,0.383259524365228,0.681870274930505,-5.70612637580351,"ILF2",0.458278731450619,0.416507043706815,"no"
"RBX1",0.196618013029349,13.714252610913,1.64490797511898,0.106634383866943,0.375409609229711,-4.87101431251505,"RBX1",0.2523093406729,0.972102736060666,"no"
"KPNB1",0.196612656782065,14.203255158724,3.82348218977835,0.000384929498959691,0.0212532612696432,0.0206598413987669,"KPNB1",0.0142841211472862,3.41461880559933,"yes"
"COA6",0.196563799477882,11.6669501505166,2.7764434984014,0.00785648992841819,0.0924500427086924,-2.68132017706138,"COA6",0.062134822198274,2.10477144189955,"no"
"PAM16",0.196561527079991,11.7214843211239,2.32512000067888,0.0248309576339297,0.17417919916939,-3.63431848659481,"PAM16",0.117064235493428,1.60500653106519,"no"
"MOCS2",0.196268492063528,12.5189681601969,2.52154315467715,0.015118228193236,0.133698932150611,-3.25108976241311,"MOCS2",0.0898578208714689,1.82049910374152,"no"
"FECH",0.196123229467624,14.0791313286891,2.23095559916193,0.030473701801303,0.195291411099537,-3.84957201937084,"FECH",0.131253558678766,1.51607478653122,"no"
"C1QBP",0.195703671965351,16.8598341199064,2.85434356456021,0.00638751597641114,0.085435510563932,-2.49941902410096,"C1QBP",0.0574204197507586,2.19466800060149,"no"
"LRRFIP2",0.195364069636673,11.7324237403059,1.15589586521029,0.253798112986983,0.564220339745821,-5.49219198067224,"LRRFIP2",0.37920729362151,0.595511611249932,"no"
"ETFA",0.195277717810175,16.8556488272629,1.15687777271505,0.253144692845087,0.564220339745821,-5.50965063422791,"ETFA",0.37920729362151,0.596631173125071,"no"
"GRSF1",0.194806597742827,12.6369280756397,2.90195109309651,0.00561985382479716,0.0798129979157153,-2.38654269112167,"GRSF1",0.0536415807857481,2.25027498050026,"no"
"RAB4A",0.194758024304251,10.9690427128077,2.03552892005364,0.0484272704928502,0.247626072954506,-4.157154465941,"RAB4A",0.16642720288585,1.31491000841164,"no"
"TUBA8",0.194497621861228,14.5089653821273,1.65699791314338,0.104154279494158,0.371629687848586,-4.85264554992388,"TUBA8",0.249768890327412,0.982322881044941,"no"
"CHCHD3",0.194339330743906,15.1469874957343,2.61770748471033,0.0118598172307547,0.116695744287597,-3.04084398407396,"CHCHD3",0.078430134915701,1.92592200374463,"no"
"CAVIN2",0.193762254427075,12.0106675337122,2.00626192624423,0.0505781661588116,0.253154258742802,-4.27192524421651,"CAVIN2",0.1701426456371,1.29603692116692,"no"
"LETM1",0.193597580290206,13.1963858362872,1.88194689846845,0.0660180600640817,0.294628586942334,-4.48951153644616,"LETM1",0.198017159622895,1.18033724153014,"no"
"COPA",0.193562862095272,11.5874925830128,2.1151100500875,0.0397280177265185,0.22817174236693,-4.07190254451342,"COPA",0.153352126481025,1.40090310400861,"no"
"NDUFA12",0.192693803972203,13.3201468538213,1.64834353173955,0.105924755858593,0.375409609229711,-4.86580664324378,"NDUFA12",0.2523093406729,0.975002528312461,"no"
"RPLP2",0.192183575317271,15.3313326376825,2.77183101066806,0.00795258276365118,0.0932003906813267,-2.69197990070021,"RPLP2",0.0626391241596411,2.09949180243311,"no"
"PSMC6",0.192135967593821,13.1942341994698,3.88430097698829,0.000318738257375975,0.0196536134422898,0.192253319329592,"PSMC6",0.0132090125759938,3.49656580608977,"yes"
"MLEC",0.19180507970858,11.1007476275487,1.41798239555899,0.16276549321746,0.457807723849696,-5.19332296810493,"MLEC",0.307688354585506,0.788437661447328,"no"
"BPNT1",0.191526216998883,11.3978138425352,2.13674756506473,0.0378322054686022,0.221162695176474,-4.03110687718519,"BPNT1",0.148641410420779,1.42213834031115,"no"
"TBRG4",0.191306033798906,11.4767792274659,1.87359920521262,0.0674606355892863,0.298834307645679,-4.48625151353201,"TBRG4",0.200843785771045,1.17094957136473,"no"
"SBDS",0.191188733255366,12.7748600000348,1.89479013931514,0.0642559602822686,0.289453021084032,-4.46757888986969,"SBDS",0.194538709478806,1.19208658165203,"no"
"RPL3L",0.19101701443714,10.846361759989,1.89446093105957,0.0644340503732203,0.289802444970349,-4.46120506873773,"RPL3L",0.19477355405445,1.19088456771542,"no"
"ACTR3",0.190706225522653,11.3051573159617,2.13774298095282,0.0377469332973055,0.221162695176474,-4.02922195591812,"ACTR3",0.148641410420779,1.42311832631714,"no"
"ATAD3A",0.190125036729746,12.7594533275553,2.40221016508031,0.0202832779737584,0.158045109184717,-3.50371662250295,"ATAD3A",0.106220662216913,1.69286185748098,"no"
"PMPCB",0.189153428555448,13.5259956312132,2.80602357994239,0.00726531896762212,0.0891908945669287,-2.61266296308803,"PMPCB",0.0599443787504065,2.13874531421698,"no"
"PREP",0.189002389152895,15.3065784399004,2.04051396779483,0.0469157617127359,0.246384940909743,-4.20992648321232,"PREP",0.165593049469946,1.3286812281829,"no"
"BUB3",0.18898106699865,11.2947085738433,1.47515236463976,0.147424282469691,0.435375805110042,-5.07382734496611,"BUB3",0.292612068608589,0.831430977304349,"no"
"GOT1",0.187827578151371,19.0301809291029,2.27702971752732,0.0273601469968966,0.183847084019278,-3.75850705677664,"GOT1",0.123561931855494,1.56288157362701,"no"
"FAHD1",0.187189536417266,13.2233843689381,3.056992910253,0.00367477011606526,0.0652370606514344,-2.01026738787505,"FAHD1",0.0438452276013256,2.43476982404837,"yes"
"VPS45",0.187176342066564,10.7518212478694,1.41321609414815,0.164597285166252,0.46068915444413,-5.16846107042337,"VPS45",0.309624937548761,0.783577332228485,"no"
"LMOD3",0.187129293156561,13.5428168719527,2.5175056037607,0.0152713566043708,0.134498412444971,-3.25978863656639,"LMOD3",0.0903951442137373,1.81612238143586,"no"
"CARNS1",0.187030274441769,11.4359068844092,1.20589422483372,0.233869432627635,0.547721831247336,-5.45483317336952,"CARNS1",0.36811879801832,0.631026537954258,"no"
"TRIM21",0.187000050989868,10.2886795655996,0.724536884963902,0.475685459010498,0.754324490362546,-5.60860912710036,"TRIM21",0.506974542306767,0.322680124106737,"no"
"TM9SF3",0.186680214282223,10.0939633526388,1.12686386060105,0.270853345813817,0.580572636417274,-5.23468398441689,"TM9SF3",0.390197521602429,0.567265795264139,"no"
"AMPD3",0.186638064215041,10.8553847973038,1.27278334710796,0.213138488855575,0.527449153107831,-5.17530430450208,"AMPD3",0.354493717761191,0.671338117680234,"no"
"GAMT",0.186507752678279,14.7993445309723,2.30091292624004,0.0258603635287908,0.177091278036826,-3.71072167709003,"GAMT",0.119021416878683,1.58736537437294,"no"
"PPID",0.185977697134444,12.2394935898182,1.83783275493693,0.0725232866630793,0.308839934194472,-4.55674298421593,"PPID",0.207568475218194,1.13952252245718,"no"
"ORAI1",0.185832123319532,10.3178654445091,1.52098271702631,0.137458822485511,0.42158913321886,-4.9263080298682,"ORAI1",0.283346173411939,0.861827380710935,"no"
"MRPL46",0.185618119797452,11.5711307720978,1.80686464944763,0.0772993913865961,0.319275279896213,-4.60646607269594,"MRPL46",0.214581974950133,1.11182392546697,"no"
"CYCS",0.18479176359288,15.6009868457945,1.2274873834866,0.225727246792236,0.538854205494638,-5.43000782156536,"CYCS",0.362158948424731,0.646416015502123,"no"
"YBX3",0.184686269966534,13.7924760216467,1.71781963935963,0.0923853486426731,0.349591636006282,-4.75843800631544,"YBX3",0.234957318664513,1.03439689791589,"no"
"PPP1R14B",0.184550350580091,10.4537100129692,1.14017933192538,0.262135461788376,0.573888454183568,-5.3800321102178,"PPP1R14B",0.385705144287462,0.581474223550744,"no"
"FASTKD2",0.184437840008904,11.9234013176091,1.93745745777283,0.0586869496072743,0.274535857193239,-4.39380549382466,"FASTKD2",0.184513021021555,1.23145846338056,"no"
"RPS25",0.184158226680655,11.2143066120061,1.28235273852407,0.206888631952982,0.520017372206145,-5.30947863791322,"RPS25",0.349498886267194,0.684263372145903,"no"
"TBCC",0.18409933961971,12.3898168152788,1.54717705828177,0.128500959792106,0.406215205132281,-5.01509442120745,"TBCC",0.273013497945702,0.891093628512776,"no"
"UBTF",0.183922459400177,13.664536633265,1.20624117280076,0.23373693141263,0.547721831247336,-5.45443755515863,"UBTF",0.36811879801832,0.631272661841731,"no"
"SHMT2",0.183721230934049,11.996828013884,2.24034258039461,0.0298149920120477,0.193160948248839,-3.83113912973326,"SHMT2",0.129821694219328,1.52556530267323,"no"
"MTARC2",0.183294188880414,13.0353280405444,1.42707711342166,0.160282719360992,0.453866299325146,-5.17307963916729,"MTARC2",0.305039359464839,0.795113297924797,"no"
"USP5",0.183172060572195,13.3582491423797,3.5368722739139,0.000920134005401376,0.0340589750366605,-0.768936275269769,"USP5",0.0228907234237478,3.03614891877587,"yes"
"MRPS25",0.182905617968352,10.5356816490637,1.4967262191673,0.142087994984307,0.429842276536997,-5.02497102733519,"MRPS25",0.288893035020918,0.84744261406632,"no"
"PGAM2",0.182691133923718,19.1238868001115,1.50585573220483,0.138768754174975,0.423009979391315,-5.07362839652584,"PGAM2",0.284301111037817,0.857708310660747,"no"
"MFF",0.182650012586105,10.9741803363723,2.06063760080552,0.0449944529501527,0.24066795197052,-4.16541150787998,"MFF",0.161750713859919,1.34684102403868,"no"
"UBE2A",0.182635614082892,11.6000087304107,1.79064512198564,0.079765727445533,0.323893791866862,-4.64173315431199,"UBE2A",0.217686034307045,1.09818366978308,"no"
"IARS2",0.182285711434018,14.8485985178777,2.48272494889829,0.0166499317323995,0.139488738762581,-3.33428800776816,"IARS2",0.0937490965686656,1.77858754283652,"no"
"NIT1",0.181860145939888,12.9707206810271,1.79566091822315,0.0789525024611844,0.321952000842425,-4.63354022288037,"NIT1",0.216380974444285,1.10263410013498,"no"
"ARL1",0.181719819511029,12.3844857970552,1.34771828893088,0.184183479036283,0.491432465853552,-5.28429020633845,"ARL1",0.330287233987387,0.734749327913111,"no"
"EGLN1",0.18157750821552,10.516019271617,0.710438613069877,0.484831581461381,0.760483922390185,-5.5603552754291,"EGLN1",0.51111423984142,0.314409098396873,"no"
"ENG",0.181510098046273,12.2834268496988,0.640823363121462,0.52742418552733,0.790313891307324,-5.67993115600453,"ENG",0.531162687203275,0.277839959107942,"no"
"MLH3",0.181319838366194,15.2342956560617,1.77408590705217,0.0825005580528611,0.331728185308785,-4.66864021157411,"MLH3",0.222951457981094,1.08354311377179,"no"
"SMU1",0.181305093475432,10.3356384833044,1.6062578669862,0.115676522011512,0.386885629883051,-4.87598387467308,"SMU1",0.260022268454727,0.93675477756956,"no"
"DYNC1LI2",0.181118135195991,11.3362616177425,1.53344244252852,0.131844049057086,0.411473644157706,-5.03470868976156,"DYNC1LI2",0.276547646382115,0.87993946784245,"no"
"LNPEP",0.180837576601705,9.82458939864033,1.21482706386753,0.231349853795643,0.545962350105518,-5.3876288397309,"LNPEP",0.366936266948513,0.635730770621683,"no"
"TDRD7",0.180810846421512,12.8036953712405,0.501596384465572,0.61844122889541,0.843808284664297,-6.00207641451245,"TDRD7",0.567115776271211,0.208701565524213,"no"
"NDUFV2",0.180145290764006,16.5577109713628,1.5785368137276,0.121122550805375,0.393225597441013,-4.96972151139695,"NDUFV2",0.264283302256497,0.916774991633353,"no"
"IARS1",0.180077060867134,11.7410248995583,2.25870553638872,0.0285628427834262,0.188868522350041,-3.79490199920021,"IARS1",0.126936794307907,1.54419857057532,"no"
"HBB",0.179774179910883,20.4483942872948,0.907456228859695,0.368776137886614,0.670439958027305,-5.7550252064147,"HBB",0.450596520738309,0.433237188267661,"no"
"SPAG9",0.179689253146535,11.7695198244522,2.84278783439585,0.00663804807802589,0.085435510563932,-2.52435031571308,"SPAG9",0.0574204197507586,2.17795960640983,"no"
"ECI2",0.179664086284438,14.7067938080576,1.0095558842842,0.317856440643166,0.62340120403933,-5.66142772737127,"ECI2",0.418982207430951,0.497768984147169,"no"
"CLPP",0.178898373596772,12.0413706035344,1.96817388778123,0.0549385163272477,0.265306101459724,-4.33983622355136,"CLPP",0.178309787203238,1.26012307333901,"no"
"SH3BGRL3",0.178898191968395,11.789601818359,1.42717613238485,0.160112542835122,0.453866299325146,-5.18110706776558,"SH3BGRL3",0.305039359464839,0.795574645153081,"no"
"RWDD1",0.178801297881147,12.106200091835,2.74406119653054,0.00855443689882033,0.0976628366699317,-2.75589240164223,"RWDD1",0.0656382930074593,2.06780857288896,"no"
"NDUFAF6",0.178776471004594,12.7201974851671,1.84173835452869,0.0718025392401439,0.307055794737646,-4.55735069068749,"NDUFAF6",0.206369371521983,1.14386019700445,"no"
"LRRC20",0.178726613707433,14.8635359832548,1.86330177473208,0.0686492003054309,0.301333894537701,-4.52112530170751,"LRRC20",0.20252373509886,1.1633645174944,"no"
"RAB10",0.178021846635101,14.9077753924382,3.02443313503693,0.00402159597394162,0.0674120471806693,-2.09036432615925,"RAB10",0.0453070160150258,2.39560156255614,"yes"
"CAST",0.177907106406389,13.3509187165445,1.81838112885918,0.0753554868357562,0.315311855656727,-4.59618026378378,"CAST",0.211918194023684,1.12288512004826,"no"
"TAGLN2",0.177880132076801,13.504327675108,2.07556237232225,0.0434087573941775,0.236573624891141,-4.14558580836371,"TAGLN2",0.158998954340452,1.36242264596448,"no"
"RPN2",0.177792680414472,11.957351063183,1.62547853719846,0.11072110949418,0.377762081268307,-4.90028425258406,"RPN2",0.253890415462721,0.955769570965481,"no"
"RPS3A",0.177651333110802,13.2770208202498,1.76848915702566,0.0834424470710435,0.333191932002519,-4.6776852567132,"RPS3A",0.223935228652191,1.07861296807784,"no"
"UCHL1",0.177421152718804,13.5998653663344,1.20382288339706,0.234661631766746,0.548208993704857,-5.45719286473509,"UCHL1",0.368446215419036,0.629557913699896,"no"
"VPS37A",0.177141906575953,10.3372856616244,1.27305028677268,0.210138085264428,0.523932751963715,-5.32058162647572,"VPS37A",0.352130376939858,0.677495229263613,"no"
"RTN2",0.176999581803269,15.2686891882891,1.84444218865702,0.0714005444620289,0.307055794737646,-4.552828245549,"RTN2",0.206369371521983,1.1462984765158,"no"
"NDUFB7",0.17684235866162,14.2651161417981,1.19420868172095,0.238364333055055,0.552415090191096,-5.46809562615993,"NDUFB7",0.371273094127408,0.622758728446127,"no"
"NDUFB8",0.176682854764238,15.3498980329093,1.63003330535871,0.109751794416034,0.375789101308108,-4.89345032932577,"NDUFB8",0.252564393803499,0.959588370415124,"no"
"MYOT",0.176628646442257,17.8021014181176,1.56174544627697,0.125029588874312,0.398739275137877,-4.99411770527762,"MYOT",0.267988994253122,0.902987196878524,"no"
"RPL11",0.176500722887891,12.135276099729,1.49181138640809,0.142403554546818,0.430345333080163,-5.0931969904654,"RPL11",0.289231134690204,0.846479170103643,"no"
"HSPB8",0.17638176846555,14.703243255425,1.32207080378442,0.192516993550483,0.499747889370329,-5.31643307924994,"HSPB8",0.335875953544243,0.715530929119293,"no"
"LTN1",0.176122211435386,10.2038999553137,1.19194554770933,0.24148983360626,0.555195526544534,-5.328930546288,"LTN1",0.373141799791492,0.617101147734987,"no"
"CCT2",0.175773257858332,13.793339372047,3.02316045170158,0.00403575625024757,0.0674120471806693,-2.09348368498359,"CCT2",0.0453070160150258,2.39407507196169,"yes"
"HDDC2",0.17541240820033,12.4477273195782,1.3021894157394,0.199171405955358,0.511318934433925,-5.34095623416155,"HDDC2",0.343652746356986,0.700773010928247,"no"
"USO1",0.174082428184652,12.898837807219,3.44494964090109,0.00120879011974677,0.0378798034264125,-1.01501002682297,"USO1",0.025458666992962,2.91764909843491,"yes"
"ARF6",0.173741529362307,11.9148477489344,1.60150770515461,0.116389487222535,0.387472161273175,-4.91103454848132,"ARF6",0.260416470799813,0.934086245179514,"no"
"EIF2S2",0.172687019360819,11.5140688165654,1.87993796189284,0.066297370820155,0.295417805370181,-4.49293072189494,"EIF2S2",0.198547586059196,1.17850369423383,"no"
"LGALS1",0.172580871102895,18.8032582892066,1.43005331077737,0.159289269491485,0.453337575462933,-5.17726928675203,"LGALS1",0.304684009026829,0.797813479425482,"no"
"RPA1",0.172507766406335,11.7191159743124,2.25213087118873,0.0290056877742529,0.190053176939025,-3.80790340861339,"RPA1",0.127732989745965,1.53751683221254,"no"
"MAPKAPK3",0.172449405796808,11.6603827829465,0.917487952927456,0.366669565395703,0.669055922174565,-5.5260510927174,"MAPKAPK3",0.449666322989271,0.435725136205849,"no"
"MMAA",0.172350571638471,9.3108860446723,1.09635113969562,0.279293390159003,0.587739302064529,-5.51318043731196,"MMAA",0.395014171575753,0.553939342320619,"no"
"HNRNPUL2",0.172157703223016,11.9134417027569,2.43516497431178,0.0187175356375015,0.15031380290506,-3.4348857849094,"HNRNPUL2",0.101024522475144,1.72775133131837,"no"
"EHD2",0.171528844881083,15.3161447117937,1.63719277132134,0.108242165231241,0.375409609229711,-4.88267401851413,"EHD2",0.2523093406729,0.965603528877409,"no"
"REEP5",0.171423554327518,13.2907150693192,2.02205421569586,0.0488599240210774,0.247626072954506,-4.24344860791165,"REEP5",0.16642720288585,1.31104721270545,"no"
"NME1",0.17136042127145,12.6640740482378,2.26151304546492,0.0283755773401561,0.188061584992345,-3.78934096127428,"NME1",0.126394459142054,1.54705529339025,"no"
"HIBCH",0.170999462899022,15.1972641901558,1.47695322277748,0.146330672932157,0.434004557570861,-5.1137186259801,"HIBCH",0.291690465767308,0.834664630204557,"no"
"MRPS11",0.170642084268607,10.9225613931862,0.866898883178525,0.393067207466718,0.691605696521012,-5.57111984460967,"MRPS11",0.464821818634012,0.405533186681833,"no"
"BCCIP",0.170254553720296,11.5541104182609,1.52081903202835,0.135428601418333,0.417137455009675,-5.02541072674821,"BCCIP",0.280354241489492,0.868289606504559,"no"
"RNF7",0.170034216609308,10.5089356524762,0.927000868908774,0.359747316132258,0.663140353202878,-5.64508915014562,"RNF7",0.445690523568436,0.444002437400525,"no"
"CLIP1",0.169365107981982,12.5492361030342,2.65964747755314,0.0106512455788981,0.110696998184641,-2.9473396071162,"CLIP1",0.0743984329110388,1.97259960195189,"no"
"RTN4IP1",0.169219052023209,11.958393881378,1.99235208915897,0.0521346202213264,0.257811509602202,-4.29685289132459,"RTN4IP1",0.17327274104434,1.28287378576329,"no"
"NDUFS3",0.169019008713146,16.778871058377,1.45614769450847,0.151972838789247,0.442347374744249,-5.14214102081963,"NDUFS3",0.297297596348465,0.818234024015759,"no"
"TOM1",0.168352855730893,13.4563954735447,1.86906634744073,0.0678263822551627,0.299453997000971,-4.511379925093,"TOM1",0.201260273279121,1.16860134685243,"no"
"FILIP1",0.168277973199968,11.5232542805858,1.96989143542419,0.0547351388723217,0.264767458672657,-4.33679736057082,"FILIP1",0.177947770347191,1.26173377569958,"no"
"ARHGDIB",0.167980249158438,11.0978699782825,1.6382512824258,0.108164038140264,0.375409609229711,-4.87337202768614,"ARHGDIB",0.2523093406729,0.965917107374179,"no"
"PSMD4",0.167899668559201,14.1041326712396,2.44027009771231,0.0184849882840134,0.149070649809886,-3.42415867960526,"PSMD4",0.100189010729873,1.73318082035135,"no"
"EPHX1",0.167594968971787,15.2216574384205,1.12164370917223,0.267688761730077,0.578087415781134,-5.54772986478649,"EPHX1",0.388527227702872,0.5723698612414,"no"
"RPL23",0.167461356768628,10.5118741728179,1.31839727257497,0.193733679742368,0.500927532463899,-5.32099019640395,"RPL23",0.336668780802392,0.712794872544825,"no"
"NUDT9",0.167285813960628,12.5892151568848,1.97163848026433,0.0545289336552406,0.264213303744636,-4.33370402182861,"NUDT9",0.177575327924083,1.26337299510931,"no"
"YARS2",0.167144626846472,10.4276634190963,1.55643002435952,0.12807517969594,0.405313658686493,-4.89876566990912,"YARS2",0.272407576883134,0.89253502611412,"no"
"CHCHD10",0.16710959714381,12.8415961878526,0.804093436529594,0.426073490837406,0.71499992670794,-5.7550199425961,"CHCHD10",0.480544865271325,0.37051548560986,"no"
"EEF2",0.167099693848943,16.3444025537905,3.15531098638707,0.00279018562606163,0.0554775794754996,-1.76504794367978,"EEF2",0.037285970192166,2.55436690292978,"yes"
"FAM162A",0.16703094413605,14.5908724802752,1.29189105694618,0.202685826977888,0.515369573627938,-5.35352349381767,"FAM162A",0.346375143651084,0.693176618749008,"no"
"GSR",0.166976350441832,12.5736679716765,2.37344897614938,0.0217450874060433,0.163684300239224,-3.56319667665173,"GSR",0.110010710585175,1.66263884231522,"no"
"LRPPRC",0.166920187212664,15.6698667131991,2.37450985539122,0.0216895294565184,0.163684300239224,-3.56101256812707,"LRPPRC",0.110010710585175,1.66374986968494,"no"
"MAVS",0.166807660123593,11.5951133482848,1.85457201093988,0.0699113692351353,0.304597798182054,-4.53583441462805,"MAVS",0.204717374676217,1.15545219200001,"no"
"MRPL30",0.166749411538117,9.59009328187498,0.811376330987745,0.424461671712436,0.714565485597535,-5.48445336296612,"MRPL30",0.480252881402418,0.372161519825946,"no"
"RPL8",0.166677916426851,11.4299376289725,1.66481850881843,0.102867950311127,0.37024756647563,-4.82413016952157,"RPL8",0.248839979282604,0.987719913586562,"no"
"CAVIN3",0.166661209016686,9.4745888836087,0.430986726791023,0.670829935407162,0.868824215534074,-5.6626048937537,"CAVIN3",0.583928753000876,0.173387565487444,"no"
"ARIH2",0.166402400903868,12.3706226306667,1.48926617981418,0.143070281111542,0.431004828050758,-5.09672556582395,"ARIH2",0.289674375185697,0.844450569522422,"no"
"SYNPO",0.166330071703001,14.5600619729857,2.39780972597335,0.0205010437797252,0.158605071668804,-3.51285290511555,"SYNPO",0.106597007844963,1.68822402693278,"no"
"SUCLG2",0.166125054097119,14.1699580537792,1.03821041918661,0.304462400174416,0.607108206870941,-5.63344502076662,"SUCLG2",0.408031834099868,0.51646633326111,"no"
"NDUFS1",0.165342980033532,17.7337130374452,1.40286208750425,0.16720286709696,0.464421060430526,-5.21325650891523,"NDUFS1",0.312133117189695,0.776756279805418,"no"
"PYGL",0.16505845775754,11.9262943924444,1.07845465543056,0.287423743626244,0.595721521496771,-5.5049103495096,"PYGL",0.400378947736353,0.541477358331477,"no"
"VPS29",0.165024324509313,12.4198148836726,1.97570668917323,0.0540513494843524,0.263671811443973,-4.32649187170782,"VPS29",0.177211395936193,1.26719345867105,"no"
"ABHD11",0.164958762178781,12.1776235641687,1.42121361686161,0.161829216563959,0.456064155771156,-5.1890378044771,"ABHD11",0.306516518538962,0.790943068341531,"no"
"PPP1R7",0.164579825578613,12.5909911266954,2.78928724459212,0.00759454008773818,0.0915317806009295,-2.65157180442515,"PPP1R7",0.0615176666932512,2.11949852113039,"no"
"AIFM1",0.164069921428396,15.1343678447141,2.28462367538752,0.0268750807743448,0.181453999701256,-3.74335585950476,"AIFM1",0.121953561926728,1.57065022178147,"no"
"MCCC2",0.163710647982635,13.3163967860788,1.2873258243553,0.204258594086799,0.515654576840843,-5.35906488440821,"MCCC2",0.34656669168547,0.689819661669701,"no"
"HSDL2",0.163442412687445,16.2618044242585,1.07092431368464,0.289649964992894,0.596078743889685,-5.60058618105186,"HSDL2",0.400619033616452,0.538126519653769,"no"
"CS",0.163072116125413,18.1918860018792,1.5733190041251,0.122325943030342,0.393225597441013,-4.97732750296992,"CS",0.264283302256497,0.912481427509205,"no"
"HLA-DRB5",0.163005584943921,10.0848537156779,0.732549856653505,0.468825174848541,0.74811541638024,-5.74646336685097,"HLA-DRB5",0.502801480871608,0.328989075735161,"no"
"TIMM13",0.162348223163228,12.6387574805908,1.34245373115851,0.185871203102175,0.492977625155079,-5.29093456443174,"TIMM13",0.331325721322335,0.730787889962206,"no"
"ATP6V1A",0.162087600007801,13.0508118508268,2.6340680903999,0.0113741580670388,0.114388548179493,-3.00449745004247,"ATP6V1A",0.0768794896617527,1.94408074063759,"no"
"CCT4",0.161950183210543,12.5985792867035,2.29125609309941,0.0264577168910097,0.179899994803729,-3.73009045474146,"CCT4",0.12090912954818,1.57744763499418,"no"
"TUBA4A",0.16170203382914,16.9446568824687,2.82754294195615,0.00686142386961506,0.0865925293115451,-2.56239562580085,"TUBA4A",0.0581980413943692,2.16358575097693,"no"
"HSPE1",0.161593149626775,16.1238372266599,1.75525142275759,0.0857060654177295,0.334811092953,-4.69898006755192,"HSPE1",0.225023451813814,1.06698844197134,"no"
"AARSD1",0.161368192517969,12.5588308293182,2.05166766926457,0.0457739073993835,0.242584880574306,-4.18954929682746,"AARSD1",0.163039063918754,1.33938201329785,"no"
"PTPN23",0.16117114100336,11.6703493974655,0.672556419493018,0.505175647766616,0.774692230059125,-5.84573152532423,"PTPN23",0.520663512560847,0.296557592985052,"no"
"PRKRA",0.161084301541242,11.5741882316704,1.86434118966884,0.0685002147061533,0.301333894537701,-4.51937000929803,"PRKRA",0.20252373509886,1.16430806725865,"no"
"MCAM",0.160963309264947,10.4850656728075,0.965958506574103,0.342577721278212,0.645269591350063,-5.44803198220632,"MCAM",0.433679749124868,0.465240883753877,"no"
"TWF2",0.160865751507671,14.3015964784529,2.30181142019029,0.0258054009815251,0.177091278036826,-3.70891629442958,"TWF2",0.119021416878683,1.58828938818439,"no"
"CA1",0.160301019996353,17.2940277905079,0.673845375089499,0.503696835793287,0.773659018429433,-5.9327702948789,"CA1",0.519969100540872,0.297830777357162,"no"
"NDUFA10",0.160255039085929,16.619534023499,1.57323262556046,0.122345945509743,0.393225597441013,-4.97745322708712,"NDUFA10",0.264283302256497,0.912410418399826,"no"
"ACSS1",0.160176017466494,12.2468366080967,0.640054613404229,0.525232496444627,0.788258868948392,-5.95422956635555,"ACSS1",0.529781525603512,0.279648411695309,"no"
"FDPS",0.160132443537169,13.4384457252081,2.31621395181094,0.0249384896344025,0.174418045782811,-3.67990094173629,"FDPS",0.117224762102423,1.60312985251375,"no"
"LANCL2",0.159927423141031,11.735156529401,2.15106471286087,0.0366218656288507,0.216798436566687,-4.00392713181018,"LANCL2",0.145708232405914,1.43625953519334,"no"
"AHNAK",0.159676186494822,13.5822341450183,2.33746068248111,0.0237071033157408,0.171297190123511,-3.63683795578729,"AHNAK",0.115127263758284,1.62512150763474,"no"
"LASP1",0.159661165124483,11.9691381945023,1.60619940646587,0.11490148278753,0.386679995970089,-4.92902195083256,"LASP1",0.259884063795806,0.939674366766136,"no"
"GLG1",0.159552757477044,12.1333478178622,1.91135341012096,0.0620427637176632,0.283285183985192,-4.4391060134133,"GLG1",0.190393362973214,1.20730886462057,"no"
"NRDC",0.159301786997544,12.1601653135235,2.0357838133802,0.0476594670514012,0.246682663391723,-4.2045928286795,"NRDC",0.165793146007928,1.32185081842955,"no"
"HSPB3",0.158979713856299,14.9019739385382,1.61171641724556,0.113692318326181,0.385617592628682,-4.92082941660415,"HSPB3",0.259170032295256,0.944268877627583,"no"
"SCRN2",0.158809946187409,12.8871745990805,1.36177017169181,0.179736045289375,0.485641067075228,-5.26643804200218,"SCRN2",0.326394888209848,0.745364818269596,"no"
"DCTN2",0.158580120394989,13.8528251390358,3.10405329767372,0.00322277681291519,0.0611267470502269,-1.89351450527289,"DCTN2",0.0410827236877805,2.4917697696585,"yes"
"BCL2L13",0.158578386893167,14.4583347699667,2.03063975822408,0.0479471852210241,0.247012107587186,-4.22788913801291,"BCL2L13",0.16601456241737,1.31923688336002,"no"
"TKFC",0.158411216884327,12.0703826784053,2.13617053397839,0.0378817141419015,0.221162695176474,-4.03219921664814,"TKFC",0.148641410420779,1.42157037746375,"no"
"LGALS3",0.158355658716994,13.4448621720454,1.29537175849779,0.201492821615484,0.514621573201087,-5.34928629597814,"LGALS3",0.345872419453616,0.695740421425185,"no"
"PHPT1",0.158252249357911,15.753533884205,2.90689459464881,0.00554526427675411,0.0791435490588223,-2.3747486365348,"PHPT1",0.0531916503749536,2.25607775137217,"no"
"EIF3D",0.158247379229831,11.89951860196,2.20338792969795,0.0324833523902924,0.202266749333073,-3.90334703285707,"EIF3D",0.135941619259541,1.48833915647906,"no"
"COQ3",0.158079885049377,15.5436295587704,1.717223118308,0.0924951895005257,0.349591636006282,-4.75937645746298,"COQ3",0.234957318664513,1.0338808535064,"no"
"MRPL44",0.158038428075756,11.9305360623606,1.60515486666675,0.115131586165998,0.386679995970089,-4.9305702302294,"MRPL44",0.259884063795806,0.93880551202867,"no"
"FARSA",0.157577554601433,12.516416976268,2.39742496074572,0.0205201844372056,0.158605071668804,-3.51365114790111,"FARSA",0.106597007844963,1.68781874006604,"no"
"IDH3A",0.157549268490945,15.1684860788744,1.91543235105453,0.0615078288660094,0.282367946848257,-4.43206184662054,"IDH3A",0.189776896341644,1.21106960264871,"no"
"CAMK2D",0.157539841988447,15.3842155728135,1.68535278943187,0.0985228323259035,0.360001680095792,-4.80909856341943,"CAMK2D",0.241953813415911,1.00646311159309,"no"
"BPGM",0.157251486638399,13.1561730252746,0.790950493479062,0.4329300017898,0.720633484503461,-5.85005598170537,"BPGM",0.484331127578107,0.363582316796511,"no"
"ENAH",0.157241410376265,12.2796829884191,0.53410436382562,0.596211324126818,0.831499130204565,-5.92558202007051,"ENAH",0.558842906931642,0.224599779462254,"no"
"GSK3B",0.156997453438782,11.5795839505339,0.907604811737166,0.372060384395835,0.672882011290605,-5.51553037369591,"GSK3B",0.45223780224417,0.429386569575905,"no"
"PGK2",0.156968027965261,15.4843981581686,0.74186644589167,0.461923757039849,0.742847160550735,-5.87573147809404,"PGK2",0.49926073465159,0.335429701130832,"no"
"TIMM10",0.156774405414136,11.7920247249232,1.34025904356002,0.18657825596495,0.49391021112792,-5.29369737372969,"TIMM10",0.331952503765148,0.72913897079682,"no"
"SCFD1",0.156660324680992,12.9842409587374,2.57077087397534,0.0133602681853292,0.125125928996121,-3.14419180066641,"SCFD1",0.0840959844125291,1.87418482402817,"no"
"HSPA9",0.156653047562097,15.8209436588047,2.32935454629627,0.0241703371693968,0.172636363598927,-3.65330387982354,"HSPA9",0.116027309916725,1.61671729126437,"no"
"QRSL1",0.156533339688906,11.5516233341661,1.24160972525793,0.22064828394969,0.534931622795674,-5.40348885418014,"QRSL1",0.359522616721498,0.656299445846875,"no"
"PSMD3",0.15653294957203,12.753940082175,2.67396693429174,0.0102652033383938,0.109197543067306,-2.91516727835998,"PSMD3",0.0733906629373302,1.98863244348114,"no"
"RAC1",0.156410748860161,13.490121366607,2.32834210360672,0.0242287595497775,0.172636363598927,-3.65535729806855,"RAC1",0.116027309916725,1.6156688200547,"no"
"PCMT1",0.156214300615963,15.4553697080345,1.89595573761426,0.0640980410614788,0.289453021084032,-4.46558208282334,"PCMT1",0.194538709478806,1.19315524301145,"no"
"PFKM",0.156055071783573,18.0887887753785,0.852842085327156,0.39805463859716,0.693125078272438,-5.80114471214858,"PFKM",0.46584298111496,0.400057310809265,"no"
"PRPF19",0.155959166520297,10.6690250185924,1.08419976784311,0.284737136769485,0.594296141705752,-5.51691256267775,"PRPF19",0.399420963107194,0.545555886410288,"no"
"PTMA",0.155674619065531,9.10779142107794,0.631772568679121,0.531996549788034,0.792979832175439,-5.78037682307942,"PTMA",0.532954441506228,0.27409118427051,"no"
"SLC25A4",0.155311096876677,19.9576438386022,1.29980919072127,0.199979571553588,0.512074662730697,-5.34386908902996,"SLC25A4",0.344160664384651,0.699014366409431,"no"
"SNX21",0.155227473240528,10.1347901014787,1.1578905542603,0.254706602654108,0.564860873424457,-5.37246283973429,"SNX21",0.37963779040732,0.593959796853902,"no"
"DDRGK1",0.154560478295933,10.4869945842854,1.51468590013508,0.136521444084948,0.419606954474312,-5.06124007337174,"DDRGK1",0.282013969334481,0.86479912652578,"no"
"HERC4",0.154542444477507,11.9835588087063,1.35631449202049,0.181591829918818,0.488822825075586,-5.26352250095375,"HERC4",0.328533318456475,0.740903694917316,"no"
"RNF114",0.154397816746352,11.7245639864094,1.30742799004161,0.197680080362308,0.507942666385502,-5.31642232018518,"RNF114",0.34138358769858,0.70403709105347,"no"
"MAPRE3",0.154286077859565,10.5166786328897,1.32638624637162,0.191232521565237,0.498330585358482,-5.30114394031162,"MAPRE3",0.334923396571884,0.718438248381685,"no"
"EIF3H",0.154218066892396,12.6599422746388,1.82155580215497,0.0748640424228929,0.314848679884058,-4.59092769578376,"EIF3H",0.211606897852929,1.12572672605199,"no"
"GART",0.154218010263468,12.587361211969,1.89176693421375,0.0646670998400426,0.290232977773464,-4.47275311969008,"GART",0.195062911186024,1.18931661565268,"no"
"RPSA",0.154190204267357,13.5106536807385,2.33207672668787,0.0240138798950615,0.172636363598927,-3.64777933373517,"RPSA",0.116027309916725,1.61953766581198,"no"
"ELOB",0.153833559068508,13.0098901427091,1.56612462392008,0.124000987699793,0.396627265463548,-4.9877777352006,"ELOB",0.266569532003559,0.906574855556623,"no"
"NUCB1",0.153742265437984,11.9554631390624,1.87698055950879,0.0667103783215772,0.296342096611875,-4.49795850849438,"NUCB1",0.199168793689603,1.17580659641071,"no"
"SIRT5",0.153650600740756,13.9457485212398,1.1362085707496,0.261606247103205,0.573888454183568,-5.53212370484186,"SIRT5",0.385705144287462,0.58235188936132,"no"
"CCDC22",0.153536715017834,15.982494058997,1.24687642781621,0.218728259871124,0.533765680889915,-5.39731377298736,"CCDC22",0.358738997905484,0.660095102132885,"no"
"SPARC",0.15344140345727,11.6551278648817,1.56051299367589,0.12546441014061,0.399683861254562,-4.98647145504547,"SPARC",0.268623841882085,0.901479450848828,"no"
"LAMTOR5",0.153103972545699,13.8297376949649,1.48825375610903,0.143336175584867,0.431192833821183,-5.09812763296979,"LAMTOR5",0.289800732132383,0.843644187312735,"no"
"PXDN",0.152684404469735,9.48472801553465,0.6281929868091,0.535531388316284,0.795899203384987,-5.62837218329804,"PXDN",0.53491652400745,0.271215069420247,"no"
"IGFBP7",0.152657065533948,11.3720657353548,1.04947169473104,0.299797866701317,0.601892235167059,-5.58396114222627,"IGFBP7",0.404526227559121,0.523171461825106,"no"
"PRELP",0.152427234862719,13.1558653329025,0.850950712218027,0.399093870944241,0.693125078272438,-5.80269230726876,"PRELP",0.46584298111496,0.398924941811403,"no"
"MMGT1",0.152296979713077,11.6678978599112,0.51737218335278,0.609238349282949,0.838995981193487,-5.76589831671386,"MMGT1",0.563881471431946,0.215212767256912,"no"
"GCDH",0.152282669174138,12.6774681476229,1.49009483599395,0.142852940604372,0.431004828050758,-5.0955773484346,"GCDH",0.289674375185697,0.845110815308486,"no"
"STARD10",0.152265332244539,9.59030738496307,0.737981107893647,0.46604199739418,0.746029471675414,-5.6996734910529,"STARD10",0.501399536647978,0.331574945081014,"no"
"RAB11B",0.152032386305757,15.1730796911723,2.30870730627467,0.0253870255033099,0.17572921323884,-3.69504160973734,"RAB11B",0.118105985673182,1.59538818070068,"no"
"RNPEP",0.151802943517252,13.0908715394244,1.2366496592265,0.222336217829621,0.535658220137502,-5.41934954748188,"RNPEP",0.360010956102654,0.652989786413182,"no"
"GMPS",0.151608232064389,11.0129207163992,1.07729614224724,0.288286031925593,0.595721521496771,-5.48904052288883,"GMPS",0.400378947736353,0.540176399597908,"no"
"TLN1",0.151604068556464,13.2245228130499,2.40885012519969,0.0199586247540893,0.15721506875967,-3.48990615359775,"TLN1",0.105662799692283,1.69986938701092,"no"
"ALYREF",0.151537521456813,11.1115542856567,1.07184327818169,0.289358552257473,0.596078743889685,-5.5910043776847,"ALYREF",0.400619033616452,0.538563677138902,"no"
"IMMT",0.151371697521046,16.2749470050996,1.74837539592334,0.0869019169605683,0.338565171077457,-4.70998611715674,"IMMT",0.227546533144523,1.06097064338776,"no"
"CRYAB",0.151236176881078,19.3589725886866,1.91091365918898,0.0621006716193692,0.283285183985192,-4.4398646839316,"CRYAB",0.190393362973214,1.20690370289896,"no"
"PFDN6",0.151065173186634,14.472412192283,2.42257377328339,0.0193024151288379,0.154151974560775,-3.46126935421896,"PFDN6",0.103604122293672,1.71438834842712,"no"
"MTRF1L",0.150849141077339,10.5104915578999,0.956091724359902,0.345199442978066,0.647437934878848,-5.60028820988721,"MTRF1L",0.435137072839151,0.461929913744046,"no"
"PSMD2",0.150723000552729,13.5826832716983,2.89945479765039,0.00565787281544632,0.0799333466372652,-2.39249307857395,"PSMD2",0.0537224660530362,2.24734681936943,"no"
"MRPL47",0.150564070180735,10.0649555502672,0.689416224596774,0.497401596466962,0.770144362306258,-5.54101600198821,"MRPL47",0.517606932532041,0.303292825146341,"no"
"PSPC1",0.150499546133505,10.3767986668564,1.05309868679383,0.297773392498304,0.600178816143493,-5.60830431719937,"PSPC1",0.403374654414737,0.526114111175575,"no"
"NME2",0.15049152368838,16.0718596702668,2.34102753974229,0.0235058014067863,0.170603118587934,-3.62957845167146,"NME2",0.114660784671932,1.62882493738737,"no"
"GYG1",0.150219825855364,15.5942543859925,1.97303960436149,0.0543640412935165,0.263857796379138,-4.33122150912389,"GYG1",0.177336394698113,1.26468826632076,"no"
"ARMC10",0.149755602332716,8.91420843760531,0.809854146865023,0.424807019696432,0.714565485597535,-5.5783708070373,"ARMC10",0.480252881402418,0.371808315395898,"no"
"RHOA",0.149512992234591,13.987737945382,2.06730722101016,0.044213543549074,0.238703457026181,-4.16082188455288,"RHOA",0.160430394901706,1.3544446766314,"no"
"PPIF",0.149473764438767,15.1594990773249,1.24834304476005,0.218063278590693,0.533681181814065,-5.4056393590342,"PPIF",0.358682206854879,0.661417462565048,"no"
"IPO7",0.14911147795484,12.051064383994,1.56484692412075,0.124300393199696,0.396852750381753,-4.98962917457111,"IPO7",0.266721078340267,0.905527497551533,"no"
"AKAP1",0.148933852684465,11.4054555070635,1.49986665201765,0.140309662463699,0.425355159708563,-5.08199353119047,"AKAP1",0.28587728512888,0.852912420132217,"no"
"KPNA6",0.148678882867555,10.7385710356506,1.13500008688292,0.262936566870905,0.574582015390815,-5.47039620376189,"KPNA6",0.386171280386845,0.580149011893166,"no"
"ERO1A",0.148617483060091,12.3076343123427,1.6041794932282,0.11534679033447,0.386679995970089,-4.93201517625948,"ERO1A",0.259884063795806,0.93799448574993,"no"
"MTOR",0.148481880649934,10.2765430414827,1.59698541746637,0.117238611988305,0.388504503864694,-4.92339902605698,"MTOR",0.261110298747236,0.93092933190358,"no"
"LSS",0.148354370011203,13.346731986721,0.86039213215228,0.393922987766427,0.691644320176985,-5.79493383061909,"LSS",0.464847777237451,0.404588674766366,"no"
"CALR",0.148251761598136,14.7084405604294,2.02386052185666,0.0486666529274032,0.247626072954506,-4.2401796203823,"CALR",0.16642720288585,1.3127685215425,"no"
"PDK2",0.14822070471331,13.3920628877572,0.943383795816534,0.35028934520676,0.653223921236151,-5.72318168312916,"PDK2",0.439025780978373,0.455573072469016,"no"
"AFG3L2",0.148192631108161,14.3860841761196,2.28929903759491,0.0265802652188321,0.180308010884454,-3.73400789492272,"AFG3L2",0.121183353398025,1.57544068996587,"no"
"TRAP1",0.147409291550478,13.6403075138591,1.82098128140944,0.0749527784235462,0.314848679884058,-4.5918788389098,"TRAP1",0.211606897852929,1.12521226366094,"no"
"NOL3",0.147354854715589,14.7652013043951,1.57828652746139,0.121180055717291,0.393225597441013,-4.97008686799083,"NOL3",0.264283302256497,0.916568852155495,"no"
"TYMP",0.147324846673477,10.757964753585,1.10894772161177,0.273193022732812,0.582987035187784,-5.55257078534976,"TYMP",0.391820216778396,0.563530396598606,"no"
"CALU",0.14722855450923,15.3588271524195,2.10736553516424,0.0404265129781022,0.228903784476081,-4.08642160394696,"CALU",0.15384412524015,1.3933337174761,"no"
"IDI2",0.147094953110837,15.1485486275649,0.392963593962198,0.696154063863873,0.881003354093157,-6.069023692572,"IDI2",0.592114239851124,0.157294637283597,"no"
"MCCC1",0.147070019151586,12.2532831986901,1.07689357886701,0.287119923311985,0.595721521496771,-5.58420598441327,"MCCC1",0.400378947736353,0.54193667067226,"no"
"PFN1",0.147038672757418,15.5101995643417,1.35670834875256,0.181328531286059,0.48857023896982,-5.27288848095402,"PFN1",0.32836355766122,0.741533856107407,"no"
"ATPAF2",0.147000760514141,11.3169119822236,1.24044197802869,0.221357414497135,0.534931622795674,-5.3861237240272,"ATPAF2",0.359522616721498,0.654905926491721,"no"
"NIPSNAP3A",0.146894570567348,11.6995095408097,1.54655189877459,0.128946079954436,0.407175847216472,-4.99881980108148,"NIPSNAP3A",0.273659136642544,0.889591856162995,"no"
"IAH1",0.146595412655026,12.9063607620355,1.38305297986573,0.173157512040235,0.475209088541746,-5.23907492365549,"IAH1",0.319383651520683,0.761558662839011,"no"
"GYS1",0.146542180855173,16.0277303533769,2.4396955809915,0.0185110276212068,0.149070649809886,-3.42536673716227,"GYS1",0.100189010729873,1.73256947115354,"no"
"XRCC5",0.146436314085593,12.1911939779569,1.71820186062063,0.0923150248801471,0.349591636006282,-4.75783654289952,"XRCC5",0.234957318664513,1.03472760892535,"no"
"NDUFV3",0.146374275014246,14.8839336416361,0.768161099608109,0.446218351633972,0.730936083954966,-5.86716366483791,"NDUFV3",0.491255409777916,0.350452572444216,"no"
"MIX23",0.14624439784237,12.5649572049046,1.69522305625936,0.0966223793436531,0.355299184641656,-4.79378714493136,"MIX23",0.238793309533272,1.01492227213727,"no"
"FN1",0.146232708026943,12.7681267072624,1.27017713132179,0.210248368051122,0.523932751963715,-5.3797174426278,"FN1",0.352130376939858,0.677267366512895,"no"
"EIF3M",0.146183797761815,13.1644064247768,1.7872783737055,0.0803155192915709,0.325210171513481,-4.64722134619932,"EIF3M",0.218570760943093,1.09520052830197,"no"
"MYOZ2",0.145709245775681,13.9595268599689,0.191573223034657,0.848898399202936,0.944932079112766,-6.13533134379574,"MYOZ2",0.635080147124655,0.0711442853814386,"no"
"EEF1B2",0.145572227386856,14.6434156677269,1.9375226762656,0.0586787641107086,0.274535857193239,-4.39369166326629,"EEF1B2",0.184513021021555,1.2315190418218,"no"
"HMOX1",0.145256077863822,10.6807167580575,1.01401600213366,0.318376334387046,0.623559084264847,-5.34809357107869,"HMOX1",0.419088317276374,0.497059221798359,"no"
"MSN",0.145250883526103,16.6002190090906,2.99544183971926,0.00435598840145786,0.0705523289966461,-2.16120702237559,"MSN",0.0474175705001439,2.36091328529587,"yes"
"ESYT1",0.14521624827146,13.3007029951959,2.11048359155911,0.040144006441074,0.228725633536791,-4.08058126198252,"ESYT1",0.153724391634703,1.39637928634725,"no"
"AK1",0.145089326843191,18.4955631530015,0.681261228765667,0.49903569492213,0.771018171736603,-5.92791595718251,"AK1",0.518194211802,0.301868389139568,"no"
"BPHL",0.145072028328789,12.3040450217192,1.33391767410886,0.188632750078969,0.494839143291781,-5.30165682461002,"BPHL",0.332576830516598,0.724382903625174,"no"
"CD9",0.144559497387934,17.280054624543,1.33062870068755,0.189705079761471,0.495967589313749,-5.30577128489765,"CD9",0.33333524869447,0.721921039786935,"no"
"AIMP2",0.144525440987197,14.2924430186982,1.63249751910864,0.109230268983208,0.375495883641847,-4.88974596858883,"AIMP2",0.25236732491067,0.961656996880323,"no"
"MYORG",0.144261058332608,10.2226004578338,0.95314524857793,0.346839162056357,0.648467771860232,-5.57864278895759,"MYORG",0.43582921678908,0.459871871678095,"no"
"ADSL",0.144014309203337,15.0674502859782,1.44100276293952,0.156186397125982,0.448045157128563,-5.16259964808934,"ADSL",0.301127023409838,0.806356793188403,"no"
"COASY",0.143938252086652,13.2688453709553,1.95759183223879,0.0562059502955219,0.2691634127753,-4.35850986909151,"COASY",0.180902250610874,1.25021770500536,"no"
"ACADVL",0.143508081341121,17.3436975533338,1.21365167710817,0.230919923354784,0.545690277894953,-5.44596203120622,"ACADVL",0.366753409721699,0.636538595321163,"no"
"MAP2K4",0.143504172619561,12.3828649821788,2.35292766415788,0.0228452237950307,0.168302773402846,-3.60529600575803,"MAP2K4",0.113114743860243,1.64120458317751,"no"
"HNRNPA3",0.143283764030841,13.7182251696589,2.55745837838539,0.0138163028193329,0.127463131715856,-3.17325185164598,"HNRNPA3",0.0856667968337805,1.85960815667076,"no"
"SYPL1",0.143264190954035,11.3650319865079,0.821886109528276,0.416243175393351,0.708399689881364,-5.71779377475776,"SYPL1",0.476108906891316,0.380652873998071,"no"
"TRIM54",0.143062806030681,13.3864982408615,1.8197995052585,0.075135585071187,0.314848679884058,-4.59383450508166,"TRIM54",0.211606897852929,1.12415432744608,"no"
"SLC16A3",0.142950406813808,11.751912992902,0.821352276356595,0.415664706679832,0.707833047464829,-5.81764181338748,"SLC16A3",0.475728071742192,0.381256849068242,"no"
"TBC1D17",0.142829827352669,11.9799785488482,2.15213612583597,0.0365326749492863,0.216715435964594,-4.00188721934037,"TBC1D17",0.14565244846572,1.43731852726297,"no"
"MYOZ3",0.142626324940345,16.1905273263282,1.37977412681018,0.174158733189507,0.476935887865903,-5.24331593575148,"MYOZ3",0.320544217441855,0.75905474296333,"no"
"METAP2",0.142515342113851,12.390814093211,1.95290488053234,0.0567752956459886,0.270550706359314,-4.36675360382982,"METAP2",0.181834637851096,1.24584059560075,"no"
"LAMTOR3",0.142397068149561,12.1911450364141,1.98875556738931,0.0526706474693138,0.259128799750907,-4.29527162875758,"LAMTOR3",0.174158079620453,1.27843134291797,"no"
"DNAJB2",0.142378201387704,11.5191714809405,1.36645535002518,0.178271634558677,0.484408220954445,-5.26044786175816,"DNAJB2",0.325566303687134,0.748917753485598,"no"
"EIF5A",0.142148956340195,15.4722750186088,2.20685034901482,0.0322246722319751,0.20109032477226,-3.89662252698995,"EIF5A",0.135150955147615,1.49181149130795,"no"
"PYGM",0.142076025621449,20.3982823205439,0.900802659517716,0.372267363166325,0.672882011290605,-5.7607916849529,"PYGM",0.45223780224417,0.429145036889515,"no"
"LDHD",0.142065631009746,12.6351770867073,0.976725075399352,0.333685648959462,0.642057767678516,-5.69256793431783,"LDHD",0.431521112017554,0.476662470935071,"no"
"NARS2",0.141662956828981,11.5621792301442,0.716436789268596,0.478449311884055,0.754324490362546,-5.76882902046331,"NARS2",0.506974542306767,0.320164065692985,"no"
"NACA",0.141446676513313,13.8378754749593,1.39448980901662,0.169699929772245,0.467729347546254,-5.22420970043729,"NACA",0.314356586489372,0.770318337408505,"no"
"HNRNPDL",0.141380602910408,15.7842125029833,2.85491842113914,0.00637769206223992,0.085435510563932,-2.49806371398225,"HNRNPDL",0.0574204197507586,2.19533645387615,"no"
"PHB1",0.141101200033413,15.6463715015904,1.4717122688134,0.147736125424657,0.435504345193545,-5.12091280003614,"PHB1",0.292698459214799,0.830513295113032,"no"
"OXR1",0.140742433761586,10.2131912905546,1.11302229666548,0.274780078552861,0.584211627188715,-5.34557968732395,"OXR1",0.392643253783182,0.561014756649539,"no"
"MT-CO2",0.140434658988323,17.6156246955549,1.16688100650313,0.249120953057767,0.562707752492604,-5.49863728955544,"MT-CO2",0.378190697660229,0.60358974329981,"no"
"PARK7",0.140341137494296,16.2238062643525,2.09165786780374,0.0418762864561292,0.232645069425015,-4.11573540683431,"PARK7",0.156358608395422,1.37803183805143,"no"
"RPL12",0.140141039722923,12.6087746741261,0.740542658231324,0.462801093556223,0.742847160550735,-5.86543168737493,"RPL12",0.49926073465159,0.334605623521342,"no"
"H1-2",0.140077868311002,12.9168433990842,1.60310346887589,0.11558458047805,0.386885629883051,-4.93360832076134,"H1-2",0.260022268454727,0.937100098960095,"no"
"ATP5F1C",0.139873243221619,17.5403252386277,1.19011343571068,0.239954389631034,0.554317712585153,-5.47271482393878,"ATP5F1C",0.37255182911445,0.6198713008468,"no"
"HBA2",0.139411172171037,21.0925025263724,1.06516373162616,0.29222132146713,0.598773326076571,-5.60644263546244,"HBA2",0.402430037485951,0.534288099634785,"no"
"YBX1",0.138992329195304,8.56857473118769,0.371356327297879,0.712805038096605,0.883118575347019,-5.90040460798464,"YBX1",0.593535860573711,0.147029239372665,"no"
"PHAX",0.138764430454739,13.9686320021731,0.933364075004637,0.355485374844972,0.657385718844166,-5.72175667109851,"PHAX",0.441822886818702,0.449178262036271,"no"
"KLHL31",0.138668864612709,12.1824447459374,1.64516704898834,0.106724252182877,0.375409609229711,-4.86141741505397,"KLHL31",0.2523093406729,0.971736879615962,"no"
"CNDP2",0.138419785938918,13.0505665246718,1.97951194215858,0.0536078998741596,0.262291074547642,-4.31973459181174,"CNDP2",0.176283415385374,1.27077120622235,"no"
"RACK1",0.138360156510842,13.8725022221431,1.56885121624239,0.123364002853071,0.396056147244325,-4.9838222613618,"RACK1",0.266185688708673,0.90881154729574,"no"
"MAP2K1",0.138266284040432,13.2650555781071,1.69254841428811,0.0971343504669691,0.356282865644112,-4.79794400313224,"MAP2K1",0.239454432474881,1.01262715958618,"no"
"EPB41L2",0.138020031842855,11.0901773486419,0.989504886829353,0.329574853827363,0.636412795434887,-5.52158119835378,"EPB41L2",0.42772717816533,0.482045931867612,"no"
"DUSP3",0.137973915951102,15.424462780654,2.14731160362534,0.0369358078940028,0.217762646540716,-4.01106633587454,"DUSP3",0.146356269048654,1.43255239725027,"no"
"PTMS",0.137956795462967,10.9484569915504,1.12383605905164,0.269393252074405,0.57873378966506,-5.38409365285548,"PTMS",0.388961649636867,0.569613286948421,"no"
"MECR",0.137887095351283,14.4027984077784,1.57923982273757,0.12096114771326,0.393225597441013,-4.9686950132214,"MECR",0.264283302256497,0.917354101115596,"no"
"PKM",0.137874743387531,19.1742802635099,0.974660651389141,0.334698253979003,0.643290044147643,-5.69449309717584,"PKM",0.432349313682637,0.475346553221136,"no"
"PURB",0.137810053700864,12.6938188153295,1.64419840935225,0.106781430963094,0.375409609229711,-4.87208868314005,"PURB",0.2523093406729,0.971504263519207,"no"
"PERM1",0.137677362605004,14.3242879732733,1.46547693884234,0.149422080056708,0.438680098577891,-5.12944167775855,"PERM1",0.294832853814309,0.825585222211026,"no"
"CISD1",0.137336306851498,16.2420673307262,1.51219382075277,0.137152732114431,0.421098324479132,-5.06474297482552,"CISD1",0.283016305378536,0.862795536725852,"no"
"NDUFA11",0.13726999433452,13.7283993178653,0.886815490262532,0.379675310779462,0.678674212037596,-5.77278046696888,"NDUFA11",0.456130687017463,0.420587642894066,"no"
"FBLN2",0.137237886691961,10.3674694318362,0.747600606792596,0.458573625073945,0.738748239186901,-5.86037741453508,"FBLN2",0.496505887355856,0.338590927395533,"no"
"PRPS1",0.137078080453895,13.4201056344213,1.05436997060838,0.297081844128704,0.599972125735857,-5.61733513730104,"PRPS1",0.403235739695476,0.527123888875081,"no"
"DCTN4",0.136938106601127,12.4825377083222,1.45415070155814,0.152665847336291,0.442347374744249,-5.13517690456013,"DCTN4",0.297297596348465,0.816258107490569,"no"
"LARP4",0.136878413973891,10.6423316126301,1.07017690645307,0.290924439364443,0.59738971416502,-5.52749941388231,"LARP4",0.401500124663882,0.536219793928974,"no"
"ADK",0.136639692483545,12.4038015633274,2.17869498873255,0.0343819883133404,0.208680573278654,-3.95105739156239,"ADK",0.140252291259179,1.4636690116355,"no"
"HSBP1",0.13601412902038,10.4858954961588,0.94446204988455,0.351559924372594,0.653591055886121,-5.54641687902979,"HSBP1",0.439272528795143,0.454000637625037,"no"
"LYPLA1",0.135859539937243,13.7466478620073,1.63698170708009,0.108286425922676,0.375409609229711,-4.8829923087365,"LYPLA1",0.2523093406729,0.965425980275436,"no"
"EIF4A2",0.135713184710664,15.0192709580056,2.06136957609323,0.0448004046208659,0.24066795197052,-4.17174965535236,"EIF4A2",0.161750713859919,1.34871806359525,"no"
"CSNK2A1",0.1356786915513,13.4450883534883,2.52690564521345,0.0149170073870014,0.132966940743785,-3.23952014251681,"CSNK2A1",0.089365856188909,1.82631829520597,"no"
"CYGB",0.135672247477222,11.9318001990773,1.18407070452618,0.24317264722468,0.557286758305844,-5.42300416860219,"CYGB",0.374547297397088,0.614085277374067,"no"
"TXNDC17",0.135661583650785,15.1357505994023,1.33567602061137,0.188061358319732,0.494839143291781,-5.29945330741946,"TXNDC17",0.332576830516598,0.725700431416719,"no"
"COX17",0.135649301908641,11.3762038634144,0.954927930494338,0.344808707431482,0.647437934878848,-5.6794205669864,"COX17",0.435137072839151,0.462421775499019,"no"
"HLA-B",0.135231047409022,13.1014124042053,0.864845286529482,0.391691307526169,0.690670360610364,-5.77215795004136,"HLA-B",0.464193187983328,0.407056066275232,"no"
"WARS1",0.13507747625636,14.8111823551143,1.59618355424065,0.117123327502681,0.388504503864694,-4.94383104444484,"WARS1",0.261110298747236,0.931356597696848,"no"
"KMT2A",0.134900033905444,10.7127934253067,0.454181168998066,0.652568460452461,0.863402878147978,-5.89040594437269,"KMT2A",0.580285122076623,0.18537392010141,"no"
"NT5DC1",0.134886894688584,12.2980754611849,1.54393771415181,0.129283246066713,0.407793871346098,-5.01973467451021,"NT5DC1",0.274074504967787,0.888457752089576,"no"
"LTA4H",0.134803203466582,15.1959345194025,2.10749234170636,0.0404149900285893,0.228903784476081,-4.08618422429847,"LTA4H",0.15384412524015,1.39345752401696,"no"
"PDAP1",0.134729621889118,13.4697393496848,1.61373720352811,0.113252018011168,0.384576640666899,-4.91782237013533,"PDAP1",0.258470418069375,0.945954050654589,"no"
"RAD23B",0.134688135150059,12.6487264251315,1.72204579253513,0.0916102549488335,0.348673166415698,-4.75178121041488,"RAD23B",0.234340023712197,1.03805590822727,"no"
"HCCS",0.13466426856688,11.4927886992761,1.34362970784476,0.18549318594605,0.492428043354017,-5.28945245491392,"HCCS",0.330956352455735,0.731672039474185,"no"
"GBP2",0.134258756735031,11.1649622676711,1.12639782650204,0.267619548953135,0.578087415781134,-5.40311834228067,"GBP2",0.388527227702872,0.57248216559637,"no"
"DGLUCY",0.134131355343778,15.3400559495234,0.830529641721907,0.410511542108074,0.704865340399231,-5.81035972473717,"DGLUCY",0.473733503157313,0.386674627574074,"no"
"ESD",0.133999094388582,16.4455903261167,2.05501077294784,0.0454363985785279,0.242579883522029,-4.18342370715616,"ESD",0.163035705445944,1.34259609938017,"no"
"PSMD13",0.133593247591623,13.9325815496132,2.96647636312296,0.0047159156709482,0.0731975262532473,-2.23153356731525,"PSMD13",0.0491953832128558,2.32643396947375,"yes"
"EARS2",0.133333950802397,14.4631434420488,0.532968244120599,0.596556545752434,0.831499130204565,-6.01505792731011,"EARS2",0.558842906931642,0.224348384609976,"no"
"ACYP2",0.133291955935018,15.6592376261165,1.11633540685796,0.26993034746251,0.579455838968293,-5.55337033817862,"ACYP2",0.389446932323173,0.568748286267488,"no"
"BCO2",0.133288467712678,11.0969383995176,0.829166863670753,0.411466285233733,0.705685485026088,-5.79017112056931,"BCO2",0.474284714807125,0.38566574425926,"no"
"PDLIM3",0.133235534298041,18.4291200292241,1.23102624276818,0.224412997926106,0.537807708246853,-5.42589992720388,"PDLIM3",0.361455607263202,0.648951992495623,"no"
"SNX17",0.133026143096417,11.4398367248371,0.391936151252431,0.697537633711546,0.881003354093157,-5.93455888986085,"SNX17",0.592114239851124,0.156432356266051,"no"
"NFU1",0.132984406029914,12.2425943902284,1.23690307477933,0.222242964616084,0.535658220137502,-5.41905370199641,"NFU1",0.360010956102654,0.653171978284741,"no"
"ABHD14B",0.132779418862793,16.0716926213809,1.27072876880365,0.210053668702742,0.523932751963715,-5.37905710431049,"ABHD14B",0.352130376939858,0.67766972886799,"no"
"MACROD1",0.132760740176263,17.0097426614303,2.22071016641922,0.0312073444781283,0.198482133600736,-3.86961992569706,"MACROD1",0.13339801388384,1.50574318511749,"no"
"ABCE1",0.132311880911047,12.604422492567,1.66866889958996,0.101805170998933,0.368724005012469,-4.83480044679815,"ABCE1",0.247816007655896,0.992230162281501,"no"
"EHBP1L1",0.132292550524005,12.123172360988,1.64523643623482,0.106566371220689,0.375409609229711,-4.87051684248647,"EHBP1L1",0.2523093406729,0.97237982248991,"no"
"ATP6V1D",0.132290541262886,9.75163555167893,0.670091535668119,0.506831042588911,0.775580624089082,-5.83408993178136,"ATP6V1D",0.521260594005875,0.295136793133119,"no"
"ATP5MF",0.132255125433161,18.2471365723645,0.966471565486271,0.338735132306918,0.644722949954363,-5.70209128336749,"ATP5MF",0.43331235647763,0.47013975766371,"no"
"DYNLT3",0.13126094356762,10.2674074965536,0.857126729940285,0.395706632892825,0.692781533307514,-5.79762654548941,"DYNLT3",0.465612087708238,0.40262666996493,"no"
"HSPA8",0.131174296731981,18.6150684910687,2.8390706509821,0.00665372119317832,0.085435510563932,-2.53535806202957,"HSPA8",0.0574204197507586,2.17693540106278,"no"
"RBMX",0.130922137516601,10.9107234251364,1.0612423191637,0.294218385110468,0.599880908255643,-5.58916276444405,"RBMX",0.403174433267178,0.531330192578744,"no"
"TUBG1",0.130547183632087,10.686629994838,1.01054228345794,0.317863257002364,0.62340120403933,-5.61724485337239,"TUBG1",0.418982207430951,0.497759670900475,"no"
"ANP32A",0.130511040281871,9.98220195107143,0.881559891155547,0.383389426174939,0.681870274930505,-5.68902478173655,"ANP32A",0.458278731450619,0.41635986907194,"no"
"TUBA3C",0.13040517339547,13.1082988162799,1.14092048537967,0.259659742992078,0.57144964812684,-5.52703420666169,"TUBA3C",0.38406604519923,0.585595377100077,"no"
"TMUB1",0.130359083818828,10.6323258670932,0.777599832263727,0.443281634219512,0.72819427433325,-5.62087871491795,"TMUB1",0.489412664784453,0.353320261758078,"no"
"COQ9",0.130355933224649,17.0901428861051,1.47985817927057,0.14555621834601,0.433647076211582,-5.10972104100284,"COQ9",0.2914502058383,0.836969236218495,"no"
"NPEPL1",0.130294520983098,14.4677375651919,1.98870744173237,0.0525492137000708,0.258973304439836,-4.30336041491345,"NPEPL1",0.174053572654064,1.27943377798541,"no"
"PGM2L1",0.129909487083086,12.1208695638178,1.28484313617729,0.205117741914235,0.516918225470925,-5.36207078131638,"PGM2L1",0.34741597829098,0.687996773165496,"no"
"MAP2K6",0.129803590015111,13.8204217901952,2.07451865488396,0.0435097980536232,0.236676882619992,-4.14751490643403,"MAP2K6",0.159068352908963,1.36141293243701,"no"
"NCKAP1",0.129408903529786,10.8188098694656,1.09968085980151,0.277049329627066,0.585152540157385,-5.57090261573542,"NCKAP1",0.393275632723196,0.557442896359946,"no"
"RMDN1",0.129301647704899,12.9379188839565,1.16738225762212,0.248920548619364,0.562707752492604,-5.49808307391866,"RMDN1",0.378190697660229,0.603939250504135,"no"
"MAGOH",0.129204888963534,10.7185916290247,1.32015025175352,0.193582038264411,0.500927532463899,-5.29213367027977,"MAGOH",0.336668780802392,0.713134941679166,"no"
"BCAP29",0.128993706043868,9.22519892926431,0.76869031057703,0.446570629454453,0.731097742599198,-5.79508084900107,"BCAP29",0.491364059063756,0.350109843479785,"no"
"WDR43",0.128989114536521,12.9806791320804,0.905260220951741,0.370349615411264,0.671182732724968,-5.71811933235311,"WDR43",0.451095732771321,0.431388102004293,"no"
"PSMD9",0.128873474746502,12.6974923797071,1.29139566999403,0.202856050963698,0.515369573627938,-5.35412568776264,"PSMD9",0.346375143651084,0.692812033259383,"no"
"LDB3",0.128399197349548,17.7411810892467,2.19697360969662,0.0329674247602231,0.20308778970881,-3.9157820949501,"LDB3",0.136493432933925,1.48191497630561,"no"
"LMAN2",0.12775101435132,10.568512199149,1.44747971479054,0.155330850964901,0.446838521131131,-5.09847949549731,"LMAN2",0.300316054469622,0.808742278507302,"no"
"CPNE1",0.127634582845566,12.9222557687874,1.09346446663027,0.279859533948928,0.588501120623456,-5.56875931356488,"CPNE1",0.395526182812519,0.553059893435181,"no"
"SAR1A",0.127474709338323,13.972070812101,1.80314939208793,0.0777513355547761,0.320682547073561,-4.62127143401591,"SAR1A",0.215527786258469,1.10929214224855,"no"
"PSMD11",0.127436936754554,13.5199096857163,2.94133342176338,0.00505067492998556,0.0762361037861171,-2.29220799516196,"PSMD11",0.0512375831860397,2.29665058251845,"no"
"PMPCA",0.127378159241303,12.8096277043176,1.77928061852724,0.0816343038428667,0.329624226861323,-4.66022268938406,"PMPCA",0.221537406886954,1.08812730645371,"no"
"VPS35L",0.127350545844585,20.2729681483643,1.10721418116338,0.273813017002356,0.583877905338604,-5.56300318458558,"VPS35L",0.39241896240145,0.562545909460188,"no"
"YKT6",0.127236640148164,12.2246784867796,0.7194735247819,0.476228879164766,0.754324490362546,-5.80507591382839,"YKT6",0.506974542306767,0.322184271926501,"no"
"TGFB1I1",0.127180226938561,10.773882523911,0.903383639860277,0.371220390237899,0.672254010713482,-5.72513441610146,"TGFB1I1",0.451815728840452,0.430368177052858,"no"
"NCL",0.126756264379305,13.4388689019608,1.69950696940315,0.0958070094876006,0.35363537032304,-4.78711717037048,"NCL",0.237675075254204,1.01860271565608,"no"
"EIF2B5",0.126629655282715,12.1708286750804,1.49628614346226,0.141237346162178,0.427717719522645,-5.08698013232539,"EIF2B5",0.287465139819692,0.850050451388962,"no"
"HNRNPM",0.126522654792259,13.766131620728,1.87151991971283,0.0674787146296694,0.298834307645679,-4.50722419036415,"HNRNPM",0.200843785771045,1.17083319867566,"no"
"POFUT1",0.126338885295718,11.2530931455228,1.02402558135989,0.311273501305273,0.616703946597857,-5.62856637644518,"POFUT1",0.414481042389273,0.506857849207403,"no"
"DNAJA3",0.126024567637506,12.2414074378041,1.08549996249407,0.283214195596521,0.592530134909121,-5.58563394953277,"DNAJA3",0.398234046204891,0.547884982215576,"no"
"S100A4",0.125833287227085,13.1788936472669,1.0382211625706,0.304457451959743,0.607108206870941,-5.63343438916907,"S100A4",0.408031834099868,0.516473391603255,"no"
"DCTN1",0.12565039745464,12.3329527904221,2.44977392713555,0.0180590107489047,0.147490447561168,-3.40414309268699,"DCTN1",0.0991269713528792,1.74330604350529,"no"
"PPM1B",0.125630291158238,11.6303770598681,1.26273579398183,0.212887958126512,0.527281772576232,-5.38859901042236,"PPM1B",0.354381222847553,0.671848903461221,"no"
"ATPAF1",0.125411611718301,11.6500447869772,1.01401289515489,0.315858621941194,0.622008474765342,-5.64677587355207,"ATPAF1",0.418046166913564,0.500507263742299,"no"
"VDAC1",0.125127999091621,17.8849022051983,1.33418362597429,0.188546241722846,0.494839143291781,-5.30132371232739,"VDAC1",0.332576830516598,0.724582119929251,"no"
"KLC1",0.12505241557608,12.0011260467622,1.66064169598241,0.103416142053765,0.37066113395416,-4.84708604590765,"KLC1",0.249117934175783,0.985411667647039,"no"
"UGDH",0.125019318728054,17.0360340322864,0.963955980570173,0.339981660303375,0.644722949954363,-5.70441300275432,"UGDH",0.43331235647763,0.468544509557346,"no"
"ACADSB",0.124928695212517,13.606295334355,0.852534646639958,0.398223448982434,0.693125078272438,-5.80139649690686,"ACADSB",0.46584298111496,0.39987317056717,"no"
"SLMAP",0.124819647631256,13.8018636946551,1.44726969211891,0.15443187355675,0.444782309154954,-5.15415756033966,"SLMAP",0.298934093339065,0.811263059691846,"no"
"HNRNPU",0.124802050223595,13.3402632010368,1.70577457671628,0.0946243264693691,0.351405331780684,-4.77733195934158,"HNRNPU",0.236176286889539,1.02399719876455,"no"
"EPB42",0.124644614562982,10.200301195725,0.376156145779289,0.708685666775159,0.881420697877308,-6.03483633835848,"EPB42",0.592394732764529,0.149546350790628,"no"
"MRPL15",0.12412111108336,10.3222566868492,0.892246692478253,0.378683704213554,0.678674212037596,-5.5938322160967,"MRPL15",0.456130687017463,0.421723383346046,"no"
"CLIC1",0.124118016843521,11.0727640171748,1.04453328948313,0.30191880797631,0.604047136291258,-5.59940700276155,"CLIC1",0.405974516757091,0.520109831839758,"no"
"DAZAP1",0.12411089012161,11.7059511568716,1.52067678794328,0.135013313367184,0.416964735569197,-5.05279789460195,"DAZAP1",0.28023815834437,0.869623404565566,"no"
"RILP",0.124013302052385,10.2320342143955,0.498175071914283,0.621549960563204,0.844850795051258,-5.87060852164628,"RILP",0.5678164379003,0.206523956765126,"no"
"IDH3G",0.123544082204367,14.2421731261387,1.66506391054551,0.102526084300481,0.369940802300734,-4.8403243438173,"IDH3G",0.248633805906092,0.989165628982926,"no"
"CNP",0.123383515004058,11.2794634585114,1.11127310771103,0.27232805932162,0.58214928113239,-5.5356475958357,"CNP",0.391257169993855,0.564907608822608,"no"
"NLRX1",0.123365244845774,14.3028743197011,1.24557347306373,0.219069776494681,0.533765680889915,-5.40889749613796,"NLRX1",0.358738997905484,0.659417534839962,"no"
"AS3MT",0.12334360215738,12.281595587416,1.18782321283966,0.240846969065678,0.554743500177607,-5.47529156456642,"AS3MT",0.372837997033645,0.618258814686202,"no"
"EIF3J",0.123228399332813,11.9291438158246,2.18052695835698,0.0342378397224639,0.208680573278654,-3.94753266468744,"EIF3J",0.140252291259179,1.46549364546133,"no"
"KPNA1",0.122943752741886,13.5365694640417,1.52987068560972,0.132724738807597,0.412895737239446,-5.03978367756561,"KPNA1",0.277503422044239,0.877048120645167,"no"
"AGRN",0.122672014887518,10.3610300629017,0.755293831533315,0.454079491742017,0.737527422361823,-5.84636066062985,"AGRN",0.49568538761199,0.342868112334672,"no"
"PPP2R2A",0.122600821608405,13.4356687197891,1.62327707995738,0.111192103498241,0.378920608020601,-4.9035812004463,"PPP2R2A",0.254669050622388,0.953926053841283,"no"
"RTN3",0.122331837222976,12.1419533600668,1.11884397266638,0.26886938152868,0.578470467871034,-5.5507079513798,"RTN3",0.388784673484413,0.570458651812609,"no"
"HADHB",0.122325745300909,17.4636941343841,0.885545449459784,0.380352558742358,0.678674212037596,-5.77386008269472,"HADHB",0.456130687017463,0.41981365777376,"no"
"CLUH",0.122091876837096,12.5071773365859,1.84792220521873,0.0708859530745451,0.306853157228098,-4.54699916624855,"CLUH",0.206233180718198,1.14943981709645,"no"
"OTUD4",0.122037761963663,9.73046685503047,0.751693509149303,0.456132401127786,0.738111023298789,-5.85999448145098,"OTUD4",0.496077620426499,0.340909076780751,"no"
"FARSB",0.121874860680364,15.214246474747,2.1861186426644,0.0338011486479233,0.20689747675576,-3.93675941310597,"FARSB",0.139053888509258,1.47106854105434,"no"
"CRADD",0.121665777263603,11.6803514379286,1.17412506801107,0.24623601799803,0.56074126373485,-5.49060601559555,"CRADD",0.376869038678383,0.608648420642331,"no"
"MSRB2",0.121590416756854,12.2418306464047,1.05947105609285,0.294777870421037,0.599972125735857,-5.61220054151427,"MSRB2",0.403235739695476,0.530505122966212,"no"
"OXSR1",0.121494837673584,15.1065890290725,1.64120206284645,0.107404209525151,0.375409609229711,-4.87662099076488,"OXSR1",0.2523093406729,0.968978696870003,"no"
"HMGCL",0.121396348808625,11.6391251945903,1.32186778973648,0.19258408084996,0.499747889370329,-5.3166852301184,"HMGCL",0.335875953544243,0.715379614847791,"no"
"GPT",0.121096945528523,14.3029182556464,1.16566990373209,0.249605642521262,0.562707752492604,-5.49997543831018,"GPT",0.378190697660229,0.602745601328756,"no"
"NDUFB4",0.120986958011208,16.6806729094654,0.996873255934979,0.323910114291281,0.632678089093336,-5.67357405471079,"NDUFB4",0.425217116431488,0.489575490667469,"no"
"VCP",0.120944722257127,15.2127118368778,2.52664827683879,0.014926608920334,0.132966940743785,-3.24007583814762,"VCP",0.089365856188909,1.8260388456215,"no"
"MRPS27",0.12074200776892,12.1559843859626,1.28876206478622,0.203762810362263,0.515654576840843,-5.35732350522402,"MRPS27",0.34656669168547,0.690875078073858,"no"
"SEC23IP",0.120653366941541,11.8466661505198,1.69533770940674,0.0967429274865419,0.355299184641656,-4.78454909267797,"SEC23IP",0.238793309533272,1.01438077479319,"no"
"OTUB1",0.120651083436362,14.768459465168,2.05212151774745,0.0457279608508867,0.242584880574306,-4.18871819196715,"OTUB1",0.163039063918754,1.33981816470182,"no"
"PPP2R5A",0.120608479195361,12.0391112906731,1.1876658663843,0.240908380930407,0.554743500177607,-5.47546842466572,"PPP2R5A",0.372837997033645,0.618148091124462,"no"
"SNX3",0.120570271235506,12.543716680309,1.60161719770284,0.115913684812785,0.387229609867045,-4.93580730209352,"SNX3",0.26025345423376,0.935865288041286,"no"
"NPLOC4",0.120213745746828,11.9786218723848,1.46290379157667,0.150122228034238,0.439839820551534,-5.13295171496237,"NPLOC4",0.295612292271237,0.823554998643483,"no"
"RPS3",0.11986313181646,13.5737979840634,1.47870727828256,0.145862657601289,0.433647076211582,-5.11130567780748,"RPS3",0.2914502058383,0.836055877904104,"no"
"PGAM1",0.119856503146988,14.3736384606841,1.58081800796598,0.120599446363158,0.393225597441013,-4.96638913734784,"PGAM1",0.264283302256497,0.918654685910439,"no"
"EIF3I",0.119697670952799,12.0043650610544,1.59185536327031,0.118094174563576,0.389228985645592,-4.95020496867959,"EIF3I",0.261597216279376,0.927771525056194,"no"
"OXSM",0.11969322934546,11.1214285337577,0.72973071744727,0.469161523695968,0.74811541638024,-5.89490826691516,"OXSM",0.502801480871608,0.328677611926731,"no"
"RTCB",0.119648461268012,13.5221435088681,2.6767299588914,0.0101922095232593,0.109070423135488,-2.90894504145882,"RTCB",0.073305226801987,1.99173165703973,"no"
"BCKDHB",0.119439652185042,11.5957104063448,0.755773632144318,0.453794654561687,0.737480264431423,-5.8478406341215,"BCKDHB",0.495653693201313,0.343140624158521,"no"
"EMC4",0.119377220753286,11.7210082293909,1.64152693173204,0.107630027187507,0.375409609229711,-4.85712896046536,"EMC4",0.2523093406729,0.968066550020941,"no"
"PRKAB2",0.11928396509532,14.2177769248497,1.82566441346034,0.0742320356630237,0.314259851419233,-4.58411817831549,"PRKAB2",0.211211151665094,1.12940862963866,"no"
"ATP5IF1",0.119079750867591,10.3516659423241,0.495412614702931,0.622879358999412,0.845153340774292,-5.98035226746932,"ATP5IF1",0.56801977609417,0.205596060554955,"no"
"GARS1",0.119000133466148,13.8941834174913,2.21210483348344,0.0318355848171257,0.200311840776821,-3.88640137059906,"GARS1",0.134627743224466,1.49708716777225,"no"
"NDUFS2",0.118702501270516,15.2889886655629,1.05373840111887,0.297367963185509,0.599972125735857,-5.61796921478546,"NDUFS2",0.403235739695476,0.526705821830211,"no"
"MPP1",0.118683334899258,11.8905542482427,1.21685762369,0.229708968994308,0.545690277894953,-5.4422802651328,"MPP1",0.366753409721699,0.638822047431481,"no"
"SURF4",0.118600789051458,11.6848419700932,1.37794588873771,0.175317275115582,0.478183258427837,-5.20599333926902,"SURF4",0.32138256370769,0.756175288026423,"no"
"ALDH16A1",0.118542948033564,10.9122860261286,0.717811040445685,0.477895733395914,0.754324490362546,-5.73760701484997,"ALDH16A1",0.506974542306767,0.320666846798483,"no"
"ARL6IP5",0.118069063379989,14.6193475343009,1.04610143705018,0.300842774302569,0.603266310522478,-5.6256078681226,"ARL6IP5",0.405449730949649,0.521660415012303,"no"
"MAP4",0.118023961330772,14.6106336664254,1.70799019981897,0.0942091426145841,0.351405331780684,-4.7738652798255,"MAP4",0.236176286889539,1.02590694864669,"no"
"MB",0.117921799594676,21.2978886870279,1.52836233441126,0.133098062663973,0.413493227004561,-5.04192363980981,"MB",0.277904989412225,0.875828265941326,"no"
"KPNA4",0.117790479887857,15.5734660239188,1.93957686146059,0.0584214459801837,0.274535857193239,-4.3901046871625,"KPNA4",0.184513021021555,1.23342769807382,"no"
"NFIC",0.117730259401611,10.9207433723909,0.968441909757202,0.339251151536761,0.644722949954363,-5.58505334538234,"NFIC",0.43331235647763,0.469478669518741,"no"
"COX4I1",0.117310407870001,18.3374902693258,1.08032974933823,0.285485530027937,0.594296141705752,-5.59095971053372,"COX4I1",0.399420963107194,0.544415899286005,"no"
"NDUFA3",0.11665045235037,12.7583529998549,0.886036428220973,0.38009065403833,0.678674212037596,-5.77344289659931,"NDUFA3",0.456130687017463,0.420112809032736,"no"
"UGP2",0.11623224085125,16.7801102360593,1.87031980362541,0.067648579828241,0.299127079209845,-4.50925746804888,"UGP2",0.201040554842764,1.169741316276,"no"
"HSD17B12",0.116159840753033,13.7093467885748,1.36211085819802,0.179629249349718,0.485641067075228,-5.26600309989532,"HSD17B12",0.326394888209848,0.745622944968751,"no"
"NEXN",0.11605763330685,13.6490049887528,1.09057268742976,0.280997997865464,0.58960496932033,-5.58038515867288,"NEXN",0.396268069354747,0.551296774468865,"no"
"FHL3",0.115803297615589,15.8882441059921,1.63609369683922,0.108472805799451,0.375409609229711,-4.88433105169262,"FHL3",0.2523093406729,0.96467912606926,"no"
"FLNA",0.115318483813086,13.3098565336874,1.59149108579879,0.118176181215579,0.389228985645592,-4.95074071777004,"FLNA",0.261597216279376,0.927470048065926,"no"
"UBE2N",0.115304538684365,13.4619689993156,1.23976252796782,0.221192730271386,0.534931622795674,-5.41571155961897,"UBE2N",0.359522616721498,0.655229150671606,"no"
"OCIAD1",0.115302687726327,14.2773756344487,1.29474462238787,0.201707380408334,0.514621573201087,-5.35005051561433,"OCIAD1",0.345872419453616,0.695278210800754,"no"
"SCRIB",0.115287823931265,10.1105797263137,0.650081345922472,0.520723018011547,0.785580565634375,-5.7165689666037,"SCRIB",0.527981462614532,0.283393224370684,"no"
"EPDR1",0.115242147774621,13.1479256480197,1.18322889642985,0.242644805127796,0.556962558267066,-5.48044659232705,"EPDR1",0.374329405537053,0.615029002220046,"no"
"CMC1",0.115225351350949,13.1893646931096,0.885719452670774,0.380259726445892,0.678674212037596,-5.773712257205,"CMC1",0.456130687017463,0.419919668562918,"no"
"INPP4B",0.114871413441179,11.340311206497,0.73178785579293,0.471051074173672,0.749963627256948,-5.61033707763449,"INPP4B",0.504043646378995,0.326932001513908,"no"
"CSDE1",0.114570110014363,13.1764585447513,1.2152816989805,0.230303645554579,0.545690277894953,-5.44409122182919,"CSDE1",0.366753409721699,0.637699187386588,"no"
"STRIP2",0.114530361594074,10.5854973397478,0.830282938427661,0.410743590659281,0.704865340399231,-5.80025217016707,"STRIP2",0.473733503157313,0.386429204674457,"no"
"CPSF6",0.114407930133668,11.538440449593,0.678280178237207,0.501792599772257,0.773301280639114,-5.82262152710814,"CPSF6",0.519728668266923,0.299475747767865,"no"
"EIF2A",0.114348202902102,10.8258362878207,1.23800516423049,0.222401279744915,0.535658220137502,-5.37778527655627,"EIF2A",0.360010956102654,0.652862718058704,"no"
"CLINT1",0.114176312910773,11.5191090903289,1.2606326954585,0.213638426271768,0.528232918474706,-5.3911003410094,"CLINT1",0.355020479245438,0.670320629841659,"no"
"MCTS1",0.114171440618236,13.8042645700627,1.44992042500137,0.153694426252344,0.444716708144955,-5.15057675230685,"MCTS1",0.298890003504459,0.813341881958566,"no"
"GET3",0.114041449645018,13.6127104403708,2.19223409754093,0.033329186480516,0.204878559964451,-3.92495154629841,"GET3",0.137696993128946,1.47717528673955,"no"
"PSMF1",0.114038749245358,13.3771621371104,1.45486607066815,0.152325912007724,0.442347374744249,-5.14387985407102,"PSMF1",0.297297596348465,0.817226212982018,"no"
"MYL6",0.11402597725335,14.4199435493977,1.86143012173246,0.0689181685759057,0.301503915029341,-4.52428390625618,"MYL6",0.202638004305327,1.16166627196612,"no"
"TPPP3",0.11388568406192,10.9995911853928,0.749555312412631,0.457242895109937,0.738504911261596,-5.8807694208355,"TPPP3",0.496342348898417,0.33985303410419,"no"
"KPNA3",0.113854434715815,14.3380766956082,1.24539345275897,0.219135317155508,0.533765680889915,-5.40910903908432,"KPNA3",0.358738997905484,0.659287623307839,"no"
"GAPVD1",0.113757870019796,9.88373112764262,0.379123028335613,0.707652593636617,0.881420697877308,-5.8105627169415,"GAPVD1",0.592394732764529,0.150179897247116,"no"
"COQ6",0.113740668342935,14.2236541100463,1.53926925787984,0.130417365631618,0.410921601219624,-5.02640669419168,"COQ6",0.276176623407993,0.884664576580686,"no"
"HSP90AA1",0.113659663170058,15.599608288243,1.25441148891203,0.215869927479632,0.531017918876945,-5.39847681110835,"HSP90AA1",0.356892252364684,0.665807854374051,"no"
"CBR1",0.113514373766588,15.2576139864205,1.07051430949117,0.289832457620727,0.596078743889685,-5.60100400133057,"CBR1",0.400619033616452,0.537852980575505,"no"
"MGLL",0.113418875112194,11.6082035214365,0.888111356292156,0.378985080797067,0.678674212037596,-5.77167735804801,"MGLL",0.456130687017463,0.421377886219368,"no"
"CRAT",0.113250114615607,17.1880962550945,0.759865690388054,0.451114252767956,0.734366115601365,-5.87326997500484,"CRAT",0.493560702455335,0.345713451331262,"no"
"PRKAR1A",0.11322838276188,15.6706760414257,1.7723837070579,0.0827860792292584,0.3319711535807,-4.67139380802557,"PRKAR1A",0.223114754718802,1.08204268522228,"no"
"RCN1",0.113226442952765,12.1360754882565,1.12319154434931,0.267037636383399,0.578087415781134,-5.5460804073434,"RCN1",0.388527227702872,0.573427524696398,"no"
"NCLN",0.113222924709911,12.0441863732391,1.16419345185478,0.250197445433963,0.562707752492604,-5.50160500188343,"NCLN",0.378190697660229,0.601717128853619,"no"
"MYL12B",0.113201850188233,13.9902860323042,0.805618532840177,0.424503546710158,0.714565485597535,-5.83878760777284,"MYL12B",0.480252881402418,0.37211867689184,"no"
"UBE2G2",0.112927375637769,11.2066722828917,1.1206891411803,0.268212926803924,0.57835293042312,-5.53851864880957,"UBE2G2",0.388705677648243,0.571520294700963,"no"
"KCNC1",0.112504767847515,14.1550142612891,0.564036387114016,0.575400209136597,0.817817590953233,-5.99853732361706,"KCNC1",0.549647670413916,0.240029984595756,"no"
"PCCB",0.112447994832474,13.8358583467165,1.10520521368283,0.274673450522798,0.584211627188715,-5.56511478087735,"PCCB",0.392643253783182,0.561183316730431,"no"
"BOLA2B",0.112428705895965,12.9003325536689,1.06695139031913,0.291421674414854,0.597559521577542,-5.60462843867225,"BOLA2B",0.401614250661836,0.535478150820273,"no"
"IDE",0.112411668300947,12.5334929041821,1.25232866333451,0.216620879335813,0.531052716943155,-5.40093880928627,"IDE",0.356915639824478,0.664299685553221,"no"
"HNRNPH1",0.112343523633502,13.4567124673472,1.72954642733038,0.090247890525982,0.345530768109437,-4.73993136088715,"HNRNPH1",0.232228046753453,1.04456294059829,"no"
"NID2",0.112340803895982,14.187462044386,1.82061101047766,0.0750100145475815,0.314848679884058,-4.59249170079082,"NID2",0.211606897852929,1.12488075030955,"no"
"TATDN3",0.11234064160378,10.4443966965552,0.816723766534283,0.418673932177279,0.710021733215938,-5.77984852258463,"TATDN3",0.477199067276738,0.378124078669309,"no"
"ATP5PD",0.112307881126839,17.4083540357758,0.891554652591778,0.377154918657725,0.678674212037596,-5.76873868766158,"ATP5PD",0.456130687017463,0.423480224069,"no"
"CDC123",0.112168686303802,9.75718248463798,0.687404528125002,0.495340648244428,0.768191010698594,-5.90551374905362,"CDC123",0.516294102907771,0.305096031831983,"no"
"HNRNPL",0.112076530820914,12.7803521318714,1.76406691833919,0.0841930166243483,0.33387437201073,-4.68481456155667,"HNRNPL",0.224393890296133,1.0747239294895,"no"
"SYNC",0.111511749444208,12.0411170530806,1.45966721983999,0.151006555722015,0.441086018385583,-5.13735876629931,"SYNC",0.296449850357461,0.821004198057204,"no"
"PPP1CB",0.111463925524424,14.8915518453292,2.11508548300462,0.0397302166729792,0.22817174236693,-4.07194867069352,"PPP1CB",0.153352126481025,1.40087906646685,"no"
"SYNRG",0.110959695226828,16.0623444157733,0.396820987880425,0.693288325681837,0.880506714951865,-6.0765280092926,"SYNRG",0.59178045325853,0.159086112847018,"no"
"OSBPL9",0.110759628354582,9.65093981202035,0.702858431001478,0.48600411471685,0.761359008510936,-5.86457745507008,"OSBPL9",0.511702377163242,0.313360053800962,"no"
"ZRANB2",0.110530557117832,11.1867781084974,1.26361835061913,0.21270719029881,0.527281772576232,-5.37912782880015,"ZRANB2",0.354381222847553,0.672217829070866,"no"
"SRSF7",0.110393633471906,12.4579098232627,1.02711921748888,0.309600218497719,0.615146402432062,-5.64436484440355,"SRSF7",0.413434231301121,0.509198741489403,"no"
"MRPS35",0.110381089541088,10.7601908057128,0.735755362598673,0.465681258620918,0.745866149224503,-5.87140570848343,"MRPS35",0.501289769132993,0.331911239931343,"no"
"CARD19",0.110361372055607,14.4113865135769,1.33026292885877,0.189824621063707,0.495967589313749,-5.30622828029939,"CARD19",0.33333524869447,0.721647458407007,"no"
"RPS27A",0.110349981974053,16.9132831350856,1.56669243872955,0.123868117241027,0.396627265463548,-4.98695451343739,"RPS27A",0.266569532003559,0.90704046350394,"no"
"CRIP1",0.110318365314596,11.6376938530166,0.854681650686213,0.39779329048505,0.693125078272438,-5.71500917037694,"CRIP1",0.46584298111496,0.400342546324437,"no"
"CYB5R3",0.110282108443043,15.583854282806,1.56668936775854,0.123868835549427,0.396627265463548,-4.98695896647158,"CYB5R3",0.266569532003559,0.907037945047401,"no"
"PRUNE1",0.110200730902022,17.3286135339801,1.31034049139613,0.196422502219119,0.505818853129122,-5.33094373963766,"PRUNE1",0.339956192370237,0.706808760796538,"no"
"C4A",0.110099172874188,12.7352958704624,0.857305625361847,0.395608785501709,0.692781533307514,-5.7974792814019,"C4A",0.465612087708238,0.402734072351536,"no"
"AIMP1",0.10984606198193,13.520400199111,2.18753237037417,0.0336915227531237,0.20666523424948,-3.9340321186781,"AIMP1",0.138897800459845,1.47247935980149,"no"
"RAP1B",0.109818527402558,9.94531689169695,0.737342919454965,0.46481084757464,0.744885866346685,-5.86107588922671,"RAP1B",0.500630930039655,0.33272374510388,"no"
"RPL7A",0.109248073882613,12.6121895940025,1.29024489723999,0.203251892200821,0.515369573627938,-5.35552374294057,"RPL7A",0.346375143651084,0.691965402592198,"no"
"AP1M1",0.109037129109836,10.2802760173032,0.819282979740038,0.416832062389361,0.708978650804411,-5.8175938168181,"AP1M1",0.476498021195206,0.380038882838976,"no"
"MT-CO3",0.108781270401677,11.531406174956,0.714132870487767,0.478662399939966,0.754324490362546,-5.905772392136,"MT-CO3",0.506974542306767,0.319970686033689,"no"
"SERBP1",0.108665702868167,12.5080246168599,0.948216913777375,0.347849507188043,0.64909393477225,-5.71880722655041,"SERBP1",0.436250055115007,0.458608607587819,"no"
"PPP3R1",0.108441598170918,12.8168753661811,0.701098958663632,0.486758268971998,0.761359008510936,-5.90577943241064,"PPP3R1",0.511702377163242,0.312686662019731,"no"
"GPC1",0.108039708495907,10.6634448825269,0.752688608578725,0.455455897375072,0.738030913173637,-5.86794191106198,"GPC1",0.496023779149234,0.341553670181541,"no"
"TMEM11",0.107952046634772,14.3220006174831,1.15340093986726,0.254554111082094,0.564860873424457,-5.51345762879038,"TMEM11",0.37963779040732,0.59421988465748,"no"
"PPP6R3",0.107708175376031,10.8653142958043,1.48061309331528,0.145355491116596,0.433647076211582,-5.10868101786401,"PPP6R3",0.2914502058383,0.837568557174657,"no"
"BLVRB",0.107668811533332,15.7792449853757,1.39738422914263,0.168833414664596,0.466232504289302,-5.2204298188566,"BLVRB",0.31335057192297,0.772541595812839,"no"
"GAA",0.107633544098936,12.1952197616216,1.31703030524637,0.194187908525448,0.501652097024074,-5.32268296073124,"GAA",0.337155753969721,0.711777815747079,"no"
"UBL5",0.107601271611948,11.2965066409827,0.960384996548336,0.341861767336002,0.644722949954363,-5.69895693609305,"UBL5",0.43331235647763,0.466149466513873,"no"
"CDNF",0.10708210119161,13.1438416002625,0.891208674295378,0.377435941188976,0.678674212037596,-5.75857337462975,"CDNF",0.456130687017463,0.42315674668079,"no"
"SLC4A1",0.10704008201912,14.8223882645842,0.446728788967264,0.65711426557302,0.86465560367276,-6.05606574732483,"SLC4A1",0.581127067363667,0.182359104423556,"no"
"NPM1",0.107035402637385,14.0938974774631,1.77095770245207,0.0830259080670398,0.332414601306556,-4.67369884284206,"NPM1",0.223412791850998,1.08078636575851,"no"
"DPYSL2",0.107009840759497,14.0232916866089,1.29975312665191,0.199998636918059,0.512074662730697,-5.34393763912649,"DPYSL2",0.344160664384651,0.698972964240932,"no"
"UBL4A",0.106779675160348,10.0522339983374,0.446664859278586,0.660692121508889,0.866594807238456,-5.5378623636429,"UBL4A",0.582430388219239,0.180000871949993,"no"
"HSPBP1",0.106759133941567,13.2396682143566,1.02267897227848,0.311673567281571,0.616715782067789,-5.64870510960792,"HSPBP1",0.414488996899605,0.506300028234959,"no"
"PSMC4",0.106637004615974,13.7523122071229,2.09283725209975,0.0417658767303012,0.232645069425015,-4.11354068351477,"PSMC4",0.156358608395422,1.37917839765007,"no"
"RMND5A",0.1064015700669,9.42245176933708,0.694698781747996,0.492555779378664,0.766345554208682,-5.71905575302536,"RMND5A",0.515053788598381,0.307544580791452,"no"
"DYRK1A",0.106256644114687,10.5493929409893,0.853425090327475,0.398609525123858,0.693125078272438,-5.71683546487047,"DYRK1A",0.46584298111496,0.399452327664368,"no"
"OSBPL11",0.106111007036015,11.4089417956967,0.322748215000467,0.749110416348348,0.903256098005976,-5.89514794472435,"OSBPL11",0.607070104077206,0.12545416404078,"no"
"FAM136A",0.10608372118973,12.0538949836465,0.940824966872318,0.351585609275768,0.653591055886121,-5.72548897972288,"FAM136A",0.439272528795143,0.453968909309381,"no"
"PSMB4",0.105831802561692,13.6015411050256,1.47988961517837,0.145547855353809,0.433647076211582,-5.10967774226756,"PSMB4",0.2914502058383,0.836994189502866,"no"
"MKNK1",0.105572378665702,10.2164678182162,0.482572182313872,0.632305526140395,0.849203505065905,-5.89031664808292,"MKNK1",0.570741854210739,0.199073022580594,"no"
"GLRX2",0.105563218774391,9.99465545331438,0.64730701175056,0.52120689243053,0.785899304852101,-5.85597547293172,"GLRX2",0.528195684307035,0.282989849819096,"no"
"ACAD8",0.105380254667544,12.7151460748015,1.20037634999399,0.235984126458049,0.54832532663251,-5.46111075596143,"ACAD8",0.368524401708234,0.627117208993998,"no"
"ARL3",0.105317039572896,13.1294623864331,1.50927719182007,0.138038201426803,0.422916189918676,-5.05928552453693,"ARL3",0.284238075997099,0.860000707997642,"no"
"NIPSNAP2",0.105279863499071,18.6468147367594,1.50457983210405,0.139095893327425,0.423009979391315,-5.07541301296254,"NIPSNAP2",0.284301111037817,0.856685691945884,"no"
"FAM114A2",0.105040375303913,12.0767425569342,1.14927227506926,0.256235071031973,0.566507446154277,-5.51796432273939,"FAM114A2",0.380744436773361,0.591361428403727,"no"
"BANF1",0.104686127450753,15.1374452388824,0.951768420712398,0.346063773030976,0.647437934878848,-5.71557906563206,"BANF1",0.435137072839151,0.460843861544392,"no"
"PSMC5",0.104197249783493,12.7505199020798,2.0219374843887,0.0488724368751696,0.247626072954506,-4.24365978038276,"PSMC5",0.16642720288585,1.31093600566072,"no"
"SARS2",0.104192494873255,12.7638937111495,1.57825329640017,0.121187692428826,0.393225597441013,-4.97013537329456,"SARS2",0.264283302256497,0.916541483978778,"no"
"RALY",0.104123075892991,10.3803105072801,1.18622373674967,0.241471770176174,0.555195526544534,-5.47708837769059,"RALY",0.373141799791492,0.617133634160214,"no"
"IFITM3",0.104115032045691,10.0118210610773,0.649653170875656,0.520257025030814,0.785288483331852,-5.77199102773206,"IFITM3",0.527785156789215,0.283782046798182,"no"
"RRAGA",0.103996519639018,11.6013517709299,0.790262127067342,0.433327892134872,0.720879580510581,-5.85057985672225,"RRAGA",0.484496526437838,0.363183355714294,"no"
"CHCHD7",0.103973899529045,12.0877175520682,0.352915832020647,0.725723012557004,0.891127836775742,-6.09254047255656,"CHCHD7",0.598918811411076,0.139229105293734,"no"
"ALDOC",0.103958490017071,13.3879658371688,0.417991769679698,0.677977254519451,0.872478668108019,-6.03748840901075,"ALDOC",0.586384876916682,0.168784876047968,"no"
"MYOF",0.103633192255881,10.8084237319155,0.582657570707531,0.563838708714405,0.810388148436888,-5.84187491598856,"MYOF",0.544654410527169,0.248845112210426,"no"
"NAGK",0.103294829901095,13.0281754088,1.01226717340802,0.316572277877959,0.622563354107882,-5.65881204360263,"NAGK",0.418419096208998,0.499527118822254,"no"
"ACTN1",0.103049217828756,15.0263851835292,1.40309628704517,0.167133428032631,0.464421060430526,-5.21294924900213,"ACTN1",0.312133117189695,0.776936679022251,"no"
"ACTR2",0.102961371548503,11.8767001560143,1.16444604862759,0.25022208652689,0.562707752492604,-5.49115564257784,"ACTR2",0.378190697660229,0.601674358777667,"no"
"ALDH1L1",0.102700039114907,14.7256029481222,0.59734982236122,0.553129338104066,0.80351306854666,-5.97979813345221,"ALDH1L1",0.540033732655508,0.257173305843261,"no"
"TIMM17A",0.102377264776555,10.1290168900242,0.482266845106708,0.633339584280055,0.849659386449231,-5.77170390187634,"TIMM17A",0.571048247889601,0.198363367337985,"no"
"UBE2G1",0.102372382996419,14.1317950246127,1.41497652592135,0.163640252771401,0.458498261041997,-5.19730126707795,"UBE2G1",0.308152458272296,0.786109858328272,"no"
"RPL10",0.102120007703704,11.8744091075298,0.961223976218808,0.341554495694544,0.644722949954363,-5.6854646286518,"RPL10",0.43331235647763,0.466539993911424,"no"
"TOMM40",0.101937840233106,11.5223592919031,0.718717666903467,0.475858527967134,0.754324490362546,-5.90260281929386,"TOMM40",0.506974542306767,0.322522143194213,"no"
"UBE2I",0.101839329756324,12.7053096964972,1.16118264968399,0.251407390915706,0.562738748454954,-5.50492200451165,"UBE2I",0.378211529761038,0.599621959001989,"no"
"KCTD12",0.101816789647494,13.0245369770866,1.0580431137129,0.295421570946797,0.599972125735857,-5.61364024112316,"KCTD12",0.403235739695476,0.529557796765655,"no"
"SNU13",0.101575832158398,11.1894992067312,0.792754876935064,0.431888066105249,0.719314439388464,-5.84868066649139,"SNU13",0.483444609505313,0.364628796175338,"no"
"SLC25A20",0.10156768052582,12.2750879332334,0.562932149634918,0.57614584966427,0.817817590953233,-5.99914032680398,"SLC25A20",0.549647670413916,0.239467562260263,"no"
"PDLIM7",0.101474628044286,16.5712793759754,0.382976819790248,0.703456599338211,0.881420697877308,-6.08177821908099,"PDLIM7",0.592394732764529,0.152762691760665,"no"
"ARHGAP17",0.101433174282439,12.6688500067877,1.34806821477644,0.184210248759121,0.491432465853552,-5.2739656935711,"ARHGAP17",0.330287233987387,0.734686210970264,"no"
"FSD2",0.10127150168594,13.1762427693483,1.16158136990077,0.251246916378538,0.562738748454954,-5.50448319892377,"FSD2",0.378211529761038,0.599899259752562,"no"
"ANO6",0.101109580517431,11.3569363963896,1.34596500773331,0.18474424480733,0.491432465853552,-5.28650567411606,"ANO6",0.330287233987387,0.733429081958035,"no"
"OGDH",0.101029672910066,18.2452021228372,0.958558261505956,0.342666577994085,0.645269591350063,-5.70937514179391,"OGDH",0.433679749124868,0.465128252443726,"no"
"NDUFS7",0.100927228104847,15.6717901044477,0.821857973603493,0.415290683710233,0.707833047464829,-5.82607745191208,"NDUFS7",0.475728071742192,0.381647811386197,"no"
"AKR1B1",0.100925475028617,18.6173581727347,1.33705919268556,0.187612810046639,0.494839143291781,-5.29771806542446,"AKR1B1",0.332576830516598,0.726737511678522,"no"
"SFPQ",0.100814353526214,12.2546888656398,1.24576093009298,0.219001543758797,0.533765680889915,-5.40867718391827,"SFPQ",0.358738997905484,0.659552823773746,"no"
"HINT1",0.100802200293082,15.9383555810728,1.08101776062051,0.285182547702773,0.594296141705752,-5.59025239262474,"HINT1",0.399420963107194,0.544877055497229,"no"
"HSPB1",0.100597243941991,19.2320305665778,1.11125849474583,0.272086622376412,0.58214928113239,-5.55874125244341,"HSPB1",0.391257169993855,0.565292810557354,"no"
"NFS1",0.10057889314108,12.1257614748178,0.497775953451052,0.620953613901058,0.844850795051258,-6.03265485026358,"NFS1",0.5678164379003,0.206940841013802,"no"
"MIF",0.1004726520137,16.9919839866128,1.13938234980964,0.260294009842254,0.571972279249405,-5.52869778491073,"MIF",0.38441730076304,0.584535826214193,"no"
"ENY2",0.100422195108964,12.0420417153698,1.1440356092135,0.258378573102095,0.569499561355765,-5.52365854022713,"ENY2",0.382755409841562,0.587743504490273,"no"
"MYH9",0.100271651931454,14.1410346498379,1.42749800714678,0.160020277267082,0.453866299325146,-5.18067807947244,"MYH9",0.305039359464839,0.795824981423922,"no"
"CSRP1",0.100252005083199,12.8601315841333,0.851496119474701,0.398794019125355,0.693125078272438,-5.8022463752097,"CSRP1",0.46584298111496,0.399251363600935,"no"
"CASQ1",0.0999542271704392,18.1613178493985,0.696312781734176,0.489648398424213,0.763057477111896,-5.91790339800159,"CASQ1",0.512843902266292,0.310115661675949,"no"
"L2HGDH",0.0999290812108846,13.6588885628574,1.37068530502158,0.176957396302772,0.481290729755558,-5.25502343840535,"L2HGDH",0.32347106656585,0.752131280405106,"no"
"CPT2",0.0998919663858544,15.234177286756,0.855917636762632,0.396368345608243,0.692781533307514,-5.79862107325137,"CPT2",0.465612087708238,0.401901036014692,"no"
"UNC45B",0.0997952330729994,14.1540767750353,0.557314184595225,0.579946671950872,0.819515944127373,-6.00219014455159,"UNC45B",0.550789117939664,0.236611939440956,"no"
"LSM1",0.0996527680288857,11.9310659788486,1.15818732221071,0.252871649704728,0.564220339745821,-5.48968471060694,"LSM1",0.37920729362151,0.597099858148526,"no"
"CUL4A",0.0993592771956404,13.5344686518557,1.33520205815005,0.188215247114854,0.494839143291781,-5.30004752969049,"CUL4A",0.332576830516598,0.725345197754518,"no"
"MYO18A",0.0989391721208985,12.6345216159146,0.885427722713211,0.380415375183057,0.678674212037596,-5.77396008226071,"MYO18A",0.456130687017463,0.419741938574215,"no"
"HSD17B4",0.0989264012091446,13.3141340385863,1.14954167867026,0.256125142951788,0.566507446154277,-5.51767071672931,"HSD17B4",0.380744436773361,0.59154778619678,"no"
"OSBPL1A",0.0988503635049565,12.5410663540357,1.08714339811001,0.282494868655645,0.592046396600717,-5.58393601577126,"OSBPL1A",0.397908930143258,0.548989436463224,"no"
"CSNK2B",0.0987097802148309,13.666303151128,1.42666381264048,0.160259485158291,0.453866299325146,-5.18178969508853,"CSNK2B",0.305039359464839,0.795176256785751,"no"
"SF3B1",0.0985193368882111,11.4625168785006,1.20160875007729,0.235510609542854,0.548208993704857,-5.45971101936157,"SF3B1",0.368446215419036,0.627989523515426,"no"
"PSME2",0.0983907941262778,13.7490449654915,1.08581220300873,0.283077430387725,0.592530134909121,-5.58531154235602,"PSME2",0.398234046204891,0.548094755321607,"no"
"LSM14B",0.0981921529468472,10.993227791524,0.780602825070103,0.439018157023318,0.724078573625987,-5.84902672843481,"LSM14B",0.486646540246545,0.357517517726063,"no"
"EMD",0.0980880009551583,12.3955741633734,1.32562152532631,0.191346499476878,0.498330585358482,-5.31201716093496,"EMD",0.334923396571884,0.718179478418742,"no"
"HRC",0.0978618892179721,15.9881508627999,1.37669076535908,0.17510432490353,0.478054705205375,-5.24729565085722,"HRC",0.321296164270905,0.756703127140188,"no"
"RPL27A",0.0978233882319,13.6317687271129,0.79930628636656,0.428117601370533,0.717594793460027,-5.84366151308685,"RPL27A",0.482288851315519,0.368436916475536,"no"
"RPS18",0.0977792086753446,14.5558549589142,0.979143233368956,0.332502132977718,0.641188522022374,-5.69030793429846,"RPS18",0.430936900018202,0.478205564383488,"no"
"SRSF1",0.0977147392766149,11.6915338848147,1.30197293901564,0.199671194812192,0.512074662730697,-5.30939019786724,"SRSF1",0.344160664384651,0.699684583283693,"no"
"CYB5A",0.0972589648251265,13.5152525879976,1.04548314620549,0.301125312844157,0.603296926288885,-5.62622398000119,"CYB5A",0.405470307524266,0.521252735797517,"no"
"MAP2K2",0.097181138054836,11.485705408466,1.28181333458984,0.20616989101204,0.518662998069556,-5.36573178523066,"MAP2K2",0.348588623884383,0.685774758655316,"no"
"ATIC",0.097041783701405,14.7249707810684,0.934697383001422,0.354702479159831,0.657202601168247,-5.7309897267148,"ATIC",0.441699815115313,0.450135776056753,"no"
"TATDN1",0.0969809137692721,12.3771662352213,1.63220496005374,0.109292080106916,0.375495883641847,-4.89018602173171,"TATDN1",0.25236732491067,0.961411308228572,"no"
"GCC2",0.096815260755637,15.0367092491466,0.136969026808955,0.892064357427609,0.961126304996069,-5.90158755021992,"GCC2",0.645964137184761,0.0496038125886352,"no"
"CPTP",0.0966260946574078,11.9736296291654,1.13027414530171,0.264072553032546,0.574582015390815,-5.53850537301482,"CPTP",0.386171280386845,0.578276735809199,"no"
"DOHH",0.0963292830672966,11.133210729372,0.797565658412091,0.429293385830464,0.718729867217902,-5.82326309742403,"DOHH",0.483051723933649,0.367245802690979,"no"
"PRKG1",0.0962893018890192,13.4190929465728,1.379645086908,0.174198227513977,0.476935887865903,-5.24348265245429,"PRKG1",0.320544217441855,0.75895626829974,"no"
"USP14",0.0960656029792784,13.9105807536108,2.0987965480304,0.0412118690165733,0.231605883771503,-4.10243545117262,"USP14",0.15566018128906,1.38497768915951,"no"
"COMTD1",0.0958512311322188,11.9132719446067,0.638521555087935,0.526220963476817,0.789331445215226,-5.95517746260212,"COMTD1",0.530502394233544,0.278831854576137,"no"
"MARCKS",0.0958035011438856,10.5763698116494,0.451030671280029,0.654517911780111,0.863554367152155,-5.94385814483656,"MARCKS",0.580386936441049,0.184078463886608,"no"
"CRKL",0.0957724555604909,13.049713928165,1.50482612566638,0.139032696286358,0.423009979391315,-5.07506862579688,"CRKL",0.284301111037817,0.856883054803968,"no"
"NDUFB6",0.0957695805024663,13.226778946053,0.794078044359464,0.431124960942335,0.719314439388464,-5.84767020096098,"NDUFB6",0.483444609505313,0.365396831969358,"no"
"CANX",0.0957086420691482,14.2375611709005,1.55193390495398,0.127359090031547,0.403573485626677,-5.00826455320202,"CANX",0.271238022597404,0.894970052587639,"no"
"PSMD8",0.0954914123443764,14.0371246182986,1.33235409624205,0.189141958939194,0.495723879656087,-5.30361400946021,"PSMD8",0.333171453678231,0.723212117297846,"no"
"PRKACA",0.095224472983876,15.1549599172724,1.62037041835507,0.111816472035921,0.380598452041982,-4.90792818939392,"PRKACA",0.255796714135464,0.951494214451724,"no"
"COG2",0.0948919470544283,9.58076293832081,0.535283221819824,0.595557310804306,0.831499130204565,-5.90385129924606,"COG2",0.558842906931642,0.225076439775751,"no"
"PSMA7",0.0944285132930727,13.4501348922611,1.44801669691899,0.154223772827365,0.444716708144955,-5.15314905447898,"PSMA7",0.298890003504459,0.811848676791062,"no"
"ADIRF",0.0940723435117583,9.49660936688048,0.495230377504362,0.623202756661922,0.845153340774292,-5.95112092639176,"ADIRF",0.56801977609417,0.205370634282197,"no"
"SND1",0.0937228695438836,12.0465311898403,1.27554784184352,0.208492877687988,0.522252581722695,-5.36327064648496,"SND1",0.351001149995988,0.680908776343161,"no"
"ABHD16A",0.0933372457245305,11.2956763913171,0.816566922716489,0.418278901037904,0.709915004956858,-5.83024565954172,"ABHD16A",0.477127336196825,0.378534041692174,"no"
"COPS8",0.0933183143963774,12.8687008644958,1.45487856348309,0.152322467267975,0.442347374744249,-5.14386291126636,"COPS8",0.297297596348465,0.817236034347017,"no"
"IGHG4",0.0931381715606019,12.2829401514774,0.390736192670401,0.697828165268499,0.881003354093157,-6.05675098726211,"IGHG4",0.592114239851124,0.156251505833972,"no"
"ADD1",0.0930304136659803,11.0340634842184,0.78412050616968,0.438367939273064,0.723834346462911,-5.69584659931218,"ADD1",0.486482397419683,0.358161216170474,"no"
"VWA1",0.0929150795760467,9.98802589773066,0.602383432766991,0.549929645012319,0.801520887519553,-5.95750987289126,"VWA1",0.538694806136067,0.259692868210023,"no"
"TXNDC5",0.0928380897086658,12.356377542892,0.953407074064722,0.345241876797921,0.647437934878848,-5.71408569444886,"TXNDC5",0.435137072839151,0.461876531151479,"no"
"VPS35",0.0926513709854042,12.3352142705574,1.67834628603409,0.0998904963245824,0.364076233759508,-4.81991970258253,"VPS35",0.244692283404833,1.00047582899251,"no"
"TRIM72",0.0925964066872709,18.3508457774875,1.76178666922938,0.0845822327877667,0.33387437201073,-4.68848459019602,"TRIM72",0.224393890296133,1.07272085460402,"no"
"UBA6",0.0924245298842727,10.6500658814252,0.994524642544121,0.325148809488337,0.633656363216623,-5.66543909506805,"UBA6",0.425874605459408,0.487917831794764,"no"
"MAPK12",0.0918165218804177,13.1029637909872,1.26819088209131,0.210950527144741,0.523932751963715,-5.38209287384352,"MAPK12",0.352130376939858,0.675819385021299,"no"
"CUL1",0.0916951840671274,12.9168132235964,1.33707035777597,0.187609192643024,0.494839143291781,-5.29770405164404,"CUL1",0.332576830516598,0.72674588548612,"no"
"GPX4",0.0915859337593012,13.9180947854125,1.29187602656207,0.202690990111581,0.515369573627938,-5.35354176795489,"GPX4",0.346375143651084,0.693165555854548,"no"
"PCMTD1",0.0914562361466515,10.9545929838998,0.550822172604728,0.58533686311438,0.824389924943214,-5.84416014001943,"PCMTD1",0.554064875554448,0.232594124197741,"no"
"NEDD8",0.0912048216591135,12.7560436804724,1.04597446381654,0.300900782008783,0.603266310522478,-5.62573442219373,"NEDD8",0.405449730949649,0.521576683573784,"no"
"LMCD1",0.0910223005006294,16.1153217037458,1.10178156685905,0.276144173353691,0.584460185848288,-5.56870495479112,"LMCD1",0.392810307768944,0.558864115963883,"no"
"AKR1A1",0.0905915316274655,13.0256009553692,1.10337259046896,0.275460016873665,0.584460185848288,-5.56703785592224,"AKR1A1",0.392810307768944,0.559941430247056,"no"
"MSI2",0.0904520994259332,12.5321032043311,1.10199805350634,0.276051011643168,0.584460185848288,-5.5684782507459,"MSI2",0.392810307768944,0.559010656963472,"no"
"GLUD1",0.0903545385908373,12.9383566448661,1.39268728254254,0.170241296202358,0.468641385974321,-5.22656002369908,"GLUD1",0.314969559116594,0.76893508269221,"no"
"TTR",0.090258248412189,13.8692844584604,0.707148466760678,0.482951618880961,0.758773578874012,-5.91056274643466,"TTR",0.509964733717229,0.316096373814625,"no"
"PUF60",0.090111389416677,13.1609164356716,0.455623349162529,0.650795484550085,0.863037434203264,-6.04319365130313,"PUF60",0.580039510567283,0.186555469013889,"no"
"HNRNPK",0.0900281184805927,14.9859055903122,1.59227879528396,0.117998908861664,0.389228985645592,-4.94958208233686,"HNRNPK",0.261597216279376,0.92812200860531,"no"
"CLASP1",0.0896533600296863,10.7660747761875,0.786031741020928,0.436043373266607,0.722478761567602,-5.82359866316777,"CLASP1",0.485571321297089,0.360470309278499,"no"
"CISD2",0.0896247311719112,13.8998224751647,0.349339516067595,0.728422005064335,0.893254206975959,-6.08304652970591,"CISD2",0.600347925237821,0.137616942979172,"no"
"DMAC2L",0.0895927388889657,13.1949036420637,0.82259018782884,0.414878180070451,0.707833047464829,-5.82549856675511,"DMAC2L",0.475728071742192,0.38207940567281,"no"
"MRPL50",0.089542280723002,10.1030920293826,0.70287805753725,0.486394224618895,0.761359008510936,-5.80150667217901,"MRPL50",0.511702377163242,0.313011590460313,"no"
"HMOX2",0.0894069038716712,11.7336975872024,1.28273904802867,0.205847993274144,0.518305471274548,-5.36461406909257,"HMOX2",0.348348333418441,0.686453362400835,"no"
"SYNGR1",0.0892150899135498,11.1433684049139,0.435528618610981,0.665997931515828,0.867940521779302,-5.90068297086991,"SYNGR1",0.583334830567509,0.176527119677532,"no"
"PRKAA1",0.0891859872065428,11.2754760649955,0.793562372818997,0.43150785633744,0.719314439388464,-5.83753119660339,"PRKAA1",0.483444609505313,0.365011292804072,"no"
"CRIP2",0.0891762262950433,12.2968794840565,0.784220153193532,0.436914081131251,0.722843696000739,-5.84461985420594,"CRIP2",0.485816590368392,0.359603958359657,"no"
"SH3BGRL",0.0891739995505407,10.7398922275242,0.71326051375237,0.480387861503407,0.755569124230399,-5.77153847945825,"SH3BGRL",0.507811049265717,0.318407974934184,"no"
"ALDH4A1",0.0891672529362282,16.3392253696287,0.660284689146475,0.512281218158957,0.779781812012815,-5.94151226255443,"ALDH4A1",0.524084173714596,0.290491566433733,"no"
"PSAP",0.0891288257220637,14.9507590655901,1.02025350695509,0.312810106449109,0.617861397388224,-5.65106838007654,"PSAP",0.41525895440484,0.504719223949227,"no"
"RPL17",0.0889383388803697,12.1049513864941,0.478427731492825,0.634554847710858,0.850893779511815,-6.04182303801624,"RPL17",0.571877872097651,0.197530833728933,"no"
"OPA1",0.0887173918735691,13.706227132674,1.06278022417724,0.293289865003563,0.599880908255643,-5.60885702624047,"OPA1",0.403174433267178,0.532702944346678,"no"
"ILVBL",0.0886406465523031,13.6689168142706,0.896616528631786,0.37447468730343,0.675601078533035,-5.76439871700876,"ILVBL",0.454065262293982,0.426577533200767,"no"
"PPME1",0.088546723140686,13.1285716685115,1.46761530805827,0.148842192885626,0.437869430703325,-5.12652045701106,"PPME1",0.294288011402427,0.827273940161448,"no"
"STX7",0.0884229213394967,9.45047549880271,0.632631020290549,0.530388383217569,0.792979832175439,-5.90385095509655,"STX7",0.532954441506228,0.275405996593775,"no"
"LRRC40",0.0883461576299016,11.9415085412427,1.07919665305987,0.286489844650175,0.595065001532027,-5.55496798497135,"LRRC40",0.39993770671489,0.542890768078996,"no"
"ECI1",0.0883292619578828,15.6109357708066,0.761692585898547,0.450033343456541,0.733434781902323,-5.87193073205138,"ECI1",0.492934761654208,0.346755307685282,"no"
"ARMT1",0.088136143827219,12.9841520846296,0.793824454005954,0.431271150572388,0.719314439388464,-5.84786398768044,"ARMT1",0.483444609505313,0.365249592552566,"no"
"ETF1",0.0881291378388127,10.0146491874722,0.607376157470827,0.547017656463103,0.800533961209708,-5.90125963524325,"ETF1",0.538031502053253,0.261998655420244,"no"
"RHOG",0.087980259974346,11.048480846456,0.917565159639934,0.363717595623457,0.665000715622938,-5.7271759609236,"RHOG",0.446940856016189,0.439235688504462,"no"
"TCAP",0.0878085173591145,17.2263451522309,1.15069739502785,0.255653945351569,0.566090878992761,-5.51641043796472,"TCAP",0.380464465820876,0.592347500683603,"no"
"ATAD1",0.0872726920569864,12.8536985629921,1.00875576250534,0.318236079054158,0.623559084264847,-5.66219835395516,"ATAD1",0.419088317276374,0.497250585073188,"no"
"BAG3",0.0869864343936602,15.4670490774581,0.989345859090653,0.32753951781317,0.635461931262025,-5.68071365864043,"BAG3",0.427088111112633,0.484736294655921,"no"
"APMAP",0.0866360371805097,11.9350466228375,0.878397485597334,0.384588416662367,0.683159830707088,-5.73825114204393,"APMAP",0.459145430010675,0.415003800324718,"no"
"HGS",0.086586967705756,11.0468031906143,0.703340773596084,0.485451287472932,0.761041904178609,-5.89387723107963,"HGS",0.511489254262158,0.313854342775743,"no"
"THAP4",0.0865153696774446,12.1802159389329,1.12097660909764,0.267969736657438,0.578261041005535,-5.54844009960603,"THAP4",0.388643919617026,0.571914250541431,"no"
"PTGR3",0.0863356016620163,9.61022887095496,0.444614698818004,0.659320625895789,0.865189515001166,-5.92250702809471,"PTGR3",0.581485904249926,0.180903337766673,"no"
"NDUFAF3",0.0862786659194743,13.5482308488954,0.804625222774528,0.425071039819553,0.714565485597535,-5.83955704720935,"NDUFAF3",0.480252881402418,0.371538482600505,"no"
"COPS7A",0.0860120038614127,14.2556484164236,1.59108662477712,0.118267288042157,0.389228985645592,-4.95133543715842,"COPS7A",0.261597216279376,0.92713536177386,"no"
"STOML2",0.0860101816154977,12.3604977361598,0.792853658429177,0.431831068357528,0.719314439388464,-5.84860528646497,"STOML2",0.483444609505313,0.364686115288379,"no"
"ACTB",0.0859864276556621,17.3124720601316,1.61067135211355,0.113920568218809,0.38569609688958,-4.92238321702326,"ACTB",0.259222794285946,0.943397857505694,"no"
"EIF4G2",0.085874068890579,11.622751177689,1.13075824826266,0.263870745378255,0.574582015390815,-5.53798596874536,"EIF4G2",0.386171280386845,0.578608756142431,"no"
"FKBP1A",0.0854381165183469,13.4941719288401,0.967632305675812,0.338160981810376,0.644722949954363,-5.70101803912341,"FKBP1A",0.43331235647763,0.470876504254595,"no"
"NUDT3",0.0852202372834547,11.4487163953052,0.629763520688044,0.532020492200009,0.792979832175439,-5.94120653710067,"NUDT3",0.532954441506228,0.274071639362871,"no"
"RPS12",0.085123799987386,15.5661754317043,1.24305705516555,0.219987256528984,0.534931622795674,-5.41185196468413,"RPS12",0.359522616721498,0.657602476357061,"no"
"PCYT1A",0.0848544655716292,12.3210579980894,1.21134907833807,0.231792548223779,0.545962350105518,-5.44860076254571,"PCYT1A",0.366936266948513,0.634900530051945,"no"
"EMC1",0.0848537933412832,11.4070789448851,0.711692166670068,0.480158824363649,0.755569124230399,-5.90745161716863,"EMC1",0.507811049265717,0.318615085258536,"no"
"ALDH1B1",0.0848430501269171,14.4369697427359,0.525741989133821,0.601529314933276,0.833272306509244,-6.01876808087869,"ALDH1B1",0.560034642394269,0.220743202898484,"no"
"PRCP",0.0848251494962682,13.2715404423278,0.450149720619798,0.655927653167292,0.864073675417748,-5.83713942631119,"PRCP",0.580735958743293,0.183144059348304,"no"
"IQGAP1",0.0846554573901788,12.9337236762464,1.00400109485684,0.320498375038279,0.62686351101449,-5.6667656988643,"IQGAP1",0.421309192059561,0.494174168059977,"no"
"TUBB",0.0845173811376938,15.5268882347693,1.22733434057512,0.22578421097382,0.538854205494638,-5.43018522370143,"TUBB",0.362158948424731,0.64630643143982,"no"
"DDAH1",0.0845062871043822,15.0745702990874,0.43641277964125,0.66452738980825,0.867940521779302,-6.06049222822293,"DDAH1",0.583334830567509,0.177487114047905,"no"
"HNRNPA2B1",0.0842246529985982,15.5805161690008,1.63571188428744,0.108553022948649,0.375409609229711,-4.88490646492476,"HNRNPA2B1",0.2523093406729,0.964358077952194,"no"
"ECHDC3",0.0840011880758649,14.0288624226627,0.439179680723198,0.662624120837779,0.867620597548983,-6.03910164451029,"ECHDC3",0.583119812438957,0.178732758982162,"no"
"RPL9P9",0.0839711303502053,13.6847709175843,0.90500753273137,0.370157564887771,0.671182732724968,-5.74836975878,"RPL9P9",0.451095732771321,0.431613370541017,"no"
"VPS26A",0.0838859190611903,12.1046518578608,1.16469225026909,0.250123381819209,0.562707752492604,-5.49088432001118,"VPS26A",0.378190697660229,0.601845708027942,"no"
"HTRA2",0.0836593263999195,11.7097755922488,0.871943204365021,0.387653906328428,0.686126997911024,-5.78532910041877,"HTRA2",0.461139635759504,0.411555835354133,"no"
"APIP",0.0832651883592792,15.6339361139414,0.485070047846379,0.62991922011134,0.847215419210858,-6.02803566777743,"APIP",0.569405680018721,0.200715140243634,"no"
"EML2",0.0832125823549497,11.9364453845028,0.390796718755549,0.697744114382091,0.881003354093157,-6.06812863682079,"EML2",0.592114239851124,0.1563038181889,"no"
"PPP1R12A",0.0829468827929034,11.114550776344,0.603113528184988,0.550194185362884,0.801520887519553,-5.84972291001032,"PPP1R12A",0.538694806136067,0.259484003692169,"no"
"PSMD6",0.0828064150398831,12.8959422850559,1.36224674307456,0.179586666724256,0.485641067075228,-5.26582959265132,"PSMD6",0.326394888209848,0.745725910335943,"no"
"PF4",0.0828036635936744,12.5379691929637,0.334243069832904,0.739742333813117,0.897718083528683,-6.07927741132152,"PF4",0.603348055554607,0.13091952687691,"no"
"CNST",0.0827140032199178,10.8558098884246,0.526236449631449,0.601188435842216,0.833272306509244,-6.01851580600216,"CNST",0.560034642394269,0.220989381874577,"no"
"NAP1L4",0.0826951981413018,15.3205216942316,1.02862663568635,0.308898480474765,0.614175392557757,-5.64288728828269,"NAP1L4",0.412781624508036,0.510184228063223,"no"
"CKM",0.082616888787868,20.7760301972157,1.34729395935083,0.184319076286867,0.491432465853552,-5.28482663848043,"CKM",0.330287233987387,0.734429714713705,"no"
"ANP32B",0.0824751707711684,12.4834461411725,1.02680184309887,0.31010135970655,0.615294026176175,-5.6116310505129,"ANP32B",0.413533447859859,0.508496329500317,"no"
"SRL",0.0824498551702106,17.940166851864,0.938067043373518,0.352986238488787,0.654864430864333,-5.72796905238133,"SRL",0.440128352389646,0.452242225674165,"no"
"FIS1",0.0824018935029258,13.9426299787903,0.821949913529162,0.415238874276828,0.707833047464829,-5.8260047921011,"FIS1",0.475728071742192,0.381701995011213,"no"
"UQCC2",0.0823985265008407,10.9529322506874,0.398218084096723,0.692304059981401,0.879644162594262,-6.06528295874526,"UQCC2",0.591200739763478,0.159703121483538,"no"
"CSRP3",0.0821644951009297,16.9759521143617,0.611750653869413,0.543638770415733,0.799949735532324,-5.97136989124444,"CSRP3",0.537638849356463,0.264689578471563,"no"
"EEFSEC",0.0819773706115612,11.0288231349217,0.7322396680956,0.46887103565801,0.74811541638024,-5.75096728568346,"EEFSEC",0.502801480871608,0.328946594820168,"no"
"XRCC6",0.0819444867268135,13.6332863453286,1.25322156100736,0.216298712494021,0.531052716943155,-5.39988382933577,"XRCC6",0.356915639824478,0.664946065666809,"no"
"EIF1",0.0818275100213892,14.1936437479677,1.16993818043322,0.247900477957585,0.561215211133687,-5.49525359689114,"EIF1",0.377187574359874,0.605722635902039,"no"
"EDF1",0.0817781205256178,12.2587800025442,0.804885727090604,0.424922165525666,0.714565485597535,-5.83935534417218,"EDF1",0.480252881402418,0.371690613898936,"no"
"SKIC3",0.081687397006057,10.6068228194089,0.844871234261389,0.402445694606097,0.695594087259818,-5.80764423147845,"SKIC3",0.467502379314702,0.395292714362121,"no"
"AHSA1",0.08134138599568,11.6588740392894,0.822824691207721,0.414746122011003,0.707833047464829,-5.82531306370583,"AHSA1",0.475728071742192,0.382217666056093,"no"
"GATD1",0.0812884883764653,11.1326815591388,0.750766655290013,0.456959909455783,0.738461557713578,-5.82912770425073,"GATD1",0.496313211378099,0.340121900293111,"no"
"MEMO1",0.0811571698920925,11.997539055958,1.06089448784142,0.294137169273418,0.599880908255643,-5.61076355107233,"MEMO1",0.403174433267178,0.531450091472652,"no"
"PPP6C",0.0810486253726435,9.49147049962932,0.548997286867573,0.58604452291973,0.82498357401249,-5.93599388758174,"PPP6C",0.554463861626135,0.232069388548736,"no"
"CTBP1",0.080979737142286,12.0264119091805,1.13810163594879,0.26082296964965,0.572698112338112,-5.53008133092934,"CTBP1",0.384905126496712,0.583654164654742,"no"
"MAPK1",0.0809578834355307,13.4397299641872,1.28654291738979,0.204529231180943,0.515886066049571,-5.36001336542825,"MAPK1",0.346722273450538,0.689244614143858,"no"
"PFKL",0.0808440717629182,16.0429202887249,0.490728747334828,0.625892462411612,0.846205776543142,-6.03603581543129,"PFKL",0.56872710848101,0.203500278599691,"no"
"HAX1",0.0808248658300474,12.1964547896847,0.525065820106937,0.602048634914587,0.833272306509244,-6.0101564371074,"HAX1",0.560034642394269,0.220368423988234,"no"
"MRPL45",0.0807207974233073,11.2796085045926,0.695676858194308,0.490116564676474,0.763374422453957,-5.90773912207576,"MRPL45",0.513056918311483,0.309700619205352,"no"
"CCDC25",0.0805055826730765,11.0320139186127,0.407365008121518,0.685751881924322,0.875229531622679,-6.02277628394966,"CCDC25",0.588233706948203,0.163832991877677,"no"
"SMPX",0.0805015926474333,16.603530372371,0.430539388727099,0.668763271845277,0.867940521779302,-6.06296662058011,"SMPX",0.583334830567509,0.174727586156547,"no"
"CAP2",0.0804788833699259,14.838341225617,1.35827500182015,0.180834500146133,0.487694914800096,-5.27089441072767,"CAP2",0.327775260348876,0.742718709957295,"no"
"DNAJA2",0.0800480960130265,14.8829162516312,1.26345462879635,0.212631900595228,0.527281772576232,-5.38774316992552,"DNAJA2",0.354381222847553,0.672371578885315,"no"
"ST13",0.0798648788002652,14.568038106562,1.15518386811226,0.253830655792691,0.564220339745821,-5.51150674190731,"ST13",0.37920729362151,0.595455928192416,"no"
"RPS21",0.0795654161558321,13.8128898127885,1.35267536003862,0.182605056606543,0.491091770705842,-5.27801199920877,"RPS21",0.330058255916565,0.738487200372847,"no"
"SAMM50",0.0793367670027436,16.3930506871489,0.747158022858471,0.458674765225305,0.738748239186901,-5.88249881621159,"SAMM50",0.496505887355856,0.338495152662588,"no"
"CUL2",0.0791954228934202,11.6519344648747,1.28746129321646,0.204211792196043,0.515654576840843,-5.35890071134177,"CUL2",0.34656669168547,0.689919183219706,"no"
"PPIB",0.0790711273105895,14.2476782326028,0.962021592935654,0.340942253571405,0.644722949954363,-5.70619436582827,"PPIB",0.43331235647763,0.467319172558875,"no"
"PRMT7",0.0790225112082279,10.7860993776874,0.50655369848089,0.614986075367688,0.842147479538394,-5.9996555980819,"PRMT7",0.565999564442849,0.211134717491963,"no"
"TMEM65",0.0788094675081421,11.4421298019898,0.414719245819784,0.680667749086631,0.873860819657638,-5.97623723831912,"TMEM65",0.587313808242948,0.16706482633903,"no"
"DRG2",0.0786920194946603,11.0664983107003,0.918930504700026,0.362804981682926,0.664755413633227,-5.74498465600357,"DRG2",0.446775990808245,0.440326758264226,"no"
"ALAD",0.0786809819061016,13.0726861899833,0.698711347340217,0.488161580758094,0.761726558946911,-5.91628804454665,"ALAD",0.511949404425957,0.311436403372994,"no"
"POLDIP2",0.0780321519414269,12.033052267327,0.908172577960063,0.368401516358458,0.670439958027305,-5.75440192503302,"POLDIP2",0.450596520738309,0.433678590894419,"no"
"MPI",0.0779767400610556,15.1725577181162,1.17709400307314,0.245060652562938,0.559833487590293,-5.48730093802635,"MPI",0.37625893069265,0.610726414356212,"no"
"SERPINF1",0.0778887222353131,12.5192718070051,0.734057954445914,0.466544935668177,0.746420116277111,-5.89185365657918,"SERPINF1",0.501662085286767,0.331106520464356,"no"
"TMEM43",0.0777592220766188,13.4976993050917,0.989435156383243,0.3274963032312,0.635461931262025,-5.68062926537766,"TMEM43",0.427088111112633,0.484793597948082,"no"
"NDUFS8",0.0777146576879879,17.5918303923599,0.86508097890665,0.391370621441335,0.690527234770728,-5.79104998859525,"NDUFS8",0.464096994424761,0.407411778128153,"no"
"FNTA",0.0774400327102107,11.772138732681,1.02352697027532,0.311276870962756,0.616703946597857,-5.64787759240102,"FNTA",0.414481042389273,0.506853147825102,"no"
"ENO1",0.077032618210314,17.6543124328642,1.15632881823042,0.253366851143061,0.564220339745821,-5.51025243562015,"ENO1",0.37920729362151,0.596250205977328,"no"
"ARHGDIA",0.0767261871749714,15.6091650801702,1.17722553280045,0.245008675669656,0.559833487590293,-5.48715433493978,"ARHGDIA",0.37625893069265,0.610818537150775,"no"
"LCMT1",0.0766295519954365,13.6094937182124,1.17267886560331,0.246810026714567,0.561215211133687,-5.49221311316018,"LCMT1",0.377187574359874,0.607637200966371,"no"
"CDK4",0.0765508190341162,10.939062359707,0.611403829531662,0.545508560546843,0.799949735532324,-5.76378957791204,"CDK4",0.537638849356463,0.263198429733596,"no"
"DYNLRB1",0.0764769839187291,12.7263700753237,1.12905441749714,0.264581507053175,0.574821767019069,-5.53981311281834,"DYNLRB1",0.386332415247974,0.577440514137296,"no"
"DHRS7",0.0763721438153038,14.5810933818057,0.752348916123565,0.455577584825956,0.738030913173637,-5.87874730872098,"DHRS7",0.496023779149234,0.341437652077305,"no"
"COPZ1",0.0761353343224709,12.4256101227066,0.687777122022608,0.495032391602593,0.768126149079804,-5.91301193065268,"COPZ1",0.516250510011187,0.305366382815896,"no"
"COL15A1",0.0760506685041555,14.4610105067115,1.07982623645264,0.285707406314316,0.594296141705752,-5.59147708177206,"COL15A1",0.399420963107194,0.544078501375228,"no"
"SLC25A11",0.0759771580672499,15.8221967024083,0.783007532992556,0.437534455884086,0.723286603390953,-5.85607391618515,"SLC25A11",0.486114264345979,0.358987740559144,"no"
"PSME1",0.0759318627550858,14.58548396535,1.20025954217777,0.236029042785621,0.54832532663251,-5.46124335415847,"PSME1",0.368524401708234,0.627034554887962,"no"
"TUBA1B",0.0757005113542615,14.6547909214016,0.541315571683431,0.590836470258078,0.828081288592144,-6.0107099367819,"TUBA1B",0.556545807063784,0.22853270506119,"no"
"PALMD",0.0756755045840531,12.5604362342454,0.884327307566474,0.381002850926514,0.678882088517391,-5.77489417695039,"PALMD",0.456270398884899,0.419071774620914,"no"
"PPM1A",0.075517086340076,12.9373018566813,1.29059481380315,0.203131467012313,0.515369573627938,-5.35509875744487,"PPM1A",0.346375143651084,0.692222795003556,"no"
"RPA3",0.0753884363232995,10.6999700367613,0.861362963930188,0.393487490051283,0.691605696521012,-5.78364674627886,"RPA3",0.464821818634012,0.405069070390203,"no"
"CAV1",0.0752392816071659,14.5556834552242,0.846173441906281,0.401726280709979,0.695594087259818,-5.80658643730761,"CAV1",0.467502379314702,0.396069756035365,"no"
"TAF15",0.0751716963050875,13.4551846698649,0.774102075968946,0.442731289998131,0.72819427433325,-5.86275077898625,"TAF15",0.489412664784453,0.353859783209062,"no"
"LYRM7",0.0749170047707057,14.0553941215849,0.610892065678753,0.544202252915453,0.799949735532324,-5.97187792606562,"LYRM7",0.537638849356463,0.264239664638723,"no"
"NDUFB9",0.0748607834424977,15.678047359841,0.651322432745517,0.51799756912335,0.784626114126808,-5.94719415030731,"NDUFB9",0.527339984547221,0.285672278321934,"no"
"HSPB6",0.0746288719161896,17.8612870009587,0.335272961442663,0.738905017967551,0.897718083528683,-6.09844964358392,"HSPB6",0.603348055554607,0.131411384100027,"no"
"ATE1",0.0740732845579792,11.1115975010023,0.6654593889667,0.50921516307613,0.777621721453261,-5.90964670746446,"ATE1",0.52263239674492,0.293098672688756,"no"
"SOD1",0.0739644889086648,17.2751664812413,1.27009943335755,0.210275802218328,0.523932751963715,-5.37981042962669,"SOD1",0.352130376939858,0.677210701482476,"no"
"NDUFAB1",0.0739032357908158,17.6634026972873,0.752194654828133,0.455669450381226,0.738030913173637,-5.8788591600388,"NDUFAB1",0.496023779149234,0.341350087010262,"no"
"MLYCD",0.0737868354151772,11.6029704112703,0.575376630074857,0.567770027722108,0.813782329613565,-5.99227722400622,"MLYCD",0.546935608434088,0.245827537379847,"no"
"TKT",0.073463157631517,12.0098538785484,0.727862915802647,0.470371037444894,0.749629464319309,-5.88564757629633,"TKT",0.503819058546397,0.327559427291405,"no"
"SLC25A3",0.0733775260083434,17.5501903080749,0.627102271530865,0.533614501764953,0.794223339488054,-5.96216778568468,"SLC25A3",0.533790191317777,0.272772376334916,"no"
"IPO5",0.0732335125156851,14.5578128886641,1.09566972773043,0.278783443596737,0.587523880036107,-5.57508783057183,"IPO5",0.394869388414584,0.554733021707757,"no"
"IGHV1-18",0.0732177108552836,11.2163995299615,0.501191072703384,0.619190233603238,0.844430200320783,-5.92452950964654,"IGHV1-18",0.567533760055813,0.208175902334324,"no"
"LRRC14B",0.0727909550900154,10.4076924702294,0.409112418303594,0.684389605287555,0.875229531622679,-6.04961378727521,"LRRC14B",0.588233706948203,0.164696595274331,"no"
"GSTM2",0.0725066082120414,17.080416699945,0.765263894623954,0.447924707205187,0.732234931328126,-5.86930365974706,"GSTM2",0.492128353134451,0.348794981522859,"no"
"QDPR",0.0724720005509294,14.5313713774335,0.592527344358896,0.55632612849541,0.806548377567238,-5.98257637410426,"QDPR",0.542073735891685,0.254670542441161,"no"
"UBQLN1",0.072457354721946,13.3859714873088,0.86513487750069,0.391341342184211,0.690527234770728,-5.79100522486108,"UBQLN1",0.464096994424761,0.407444269824715,"no"
"NDUFB11",0.0720652592223736,13.3026650227077,0.715600711049142,0.477763717001336,0.754324490362546,-5.9047597988267,"NDUFB11",0.506974542306767,0.320786835131203,"no"
"SIRT2",0.0720192659118482,11.8030732695742,0.676169048367916,0.502233773143395,0.773361988975586,-5.93125484439379,"SIRT2",0.519769469780715,0.299094086133972,"no"
"ATP6V1F",0.0718199610384662,10.26093024143,0.413416492538445,0.681882917333817,0.874496641758628,-5.90768696582972,"ATP6V1F",0.587741138420817,0.166290189450643,"no"
"RGN",0.0715227814071753,10.5013652912583,0.420206609475359,0.676325781699681,0.872024699749634,-6.0451473493929,"RGN",0.586079768964263,0.169844056850142,"no"
"SMYD5",0.0712895979092281,11.3003166363775,0.650846327501157,0.518302190688654,0.784626114126808,-5.94749385994371,"SMYD5",0.527339984547221,0.285416955540203,"no"
"TXLNB",0.0710101577303561,14.4475296428935,0.876284801010393,0.385313919402132,0.683606172083905,-5.78168703425709,"TXLNB",0.45944541193903,0.414185301886697,"no"
"PSMD1",0.0709115571972205,12.5551349243234,1.31010164601244,0.196502641520852,0.505818853129122,-5.33123795241641,"PSMD1",0.339956192370237,0.70663160717039,"no"
"MYH11",0.0708277441623224,10.7612068760407,0.492614557379655,0.624838786396709,0.846067559242868,-5.979891127313,"MYH11",0.568634213906539,0.204232019791381,"no"
"VIM",0.0707447805765469,16.8823051611061,0.694363044100406,0.490858848787537,0.764117743549929,-5.91921247486377,"VIM",0.513556497573766,0.309043375505784,"no"
"SENP8",0.0707228981783299,11.1123422518115,0.788039737806536,0.434698882447212,0.721897494489562,-5.84173150547945,"SENP8",0.485180657047669,0.361811476320856,"no"
"LGALS3BP",0.0700878022456521,11.1680777657561,0.270660099999962,0.788556947569223,0.922994584865818,-5.89782872879296,"LGALS3BP",0.620336159295414,0.103166937563983,"no"
"DCAF11",0.0699407573655897,11.4616953576505,0.611141809480482,0.544101559241423,0.799949735532324,-5.96109737710764,"DCAF11",0.537638849356463,0.264320029526965,"no"
"PLOD1",0.0698701550671981,15.9229668976054,0.619695761197179,0.538438734305458,0.798517937758557,-5.96663540750694,"PLOD1",0.536676551260212,0.268863705303339,"no"
"TXN2",0.0698393303982598,15.3532252425869,0.558389069567854,0.579218522832916,0.819515944127373,-6.00160895695333,"TXN2",0.550789117939664,0.237157558282771,"no"
"DDX3Y",0.0697800474465033,13.7827784350648,1.21518215582109,0.230341246147491,0.545690277894953,-5.44420553696804,"DDX3Y",0.366753409721699,0.637628287956906,"no"
"CDC5L",0.0696616669728858,13.2277844302987,0.365130299041011,0.716645478699743,0.885213759679245,-6.08827294487683,"CDC5L",0.594944014665815,0.144695634738677,"no"
"SEPHS1",0.0696077926234864,11.2122148133888,0.5812012689606,0.563870491073325,0.810388148436888,-5.98901414365182,"SEPHS1",0.544654410527169,0.248820632667105,"no"
"PFN2",0.0696010206145186,14.8475536562386,0.617991292795672,0.539552128163043,0.798651350265935,-5.96765616023602,"PFN2",0.536766216577632,0.2679665901286,"no"
"BORCS7",0.0694029492978263,11.0890635294046,0.731540266750112,0.469159523496783,0.74811541638024,-5.77404571582937,"BORCS7",0.502801480871608,0.328679463479504,"no"
"ODR4",0.0693352959523708,9.76398507753022,0.451497055621967,0.653999543368863,0.863554367152155,-5.99006685157405,"ODR4",0.580386936441049,0.184422554905782,"no"
"HOOK3",0.0693301059550802,10.9432241450644,0.583539106009862,0.562309085903612,0.810388148436888,-5.98769533406852,"HOOK3",0.544654410527169,0.250024899016078,"no"
"THNSL1",0.0693103756379845,12.0546424931859,0.821344509126224,0.415580100591011,0.707833047464829,-5.82648309609946,"THNSL1",0.475728071742192,0.381345256135128,"no"
"FNTB",0.0691084791187428,10.3914654858259,0.485172844653084,0.629798434419326,0.847215419210858,-6.03866768811874,"FNTB",0.569405680018721,0.200798423286475,"no"
"BRCC3",0.068898549553067,12.373224477712,0.604367666535277,0.54855634095452,0.80115903291382,-5.9667833074598,"BRCC3",0.538451606988397,0.260778760415514,"no"
"PFDN1",0.0687888967811041,12.5258767698903,1.14114350152332,0.259567871621173,0.57144964812684,-5.52679282659266,"PFDN1",0.38406604519923,0.585749063956177,"no"
"EPHX2",0.0686584473044931,13.2935398764674,0.510803679533221,0.611869870087441,0.841612994018174,-6.02627915320317,"EPHX2",0.565640341647559,0.213340931959314,"no"
"DTYMK",0.0684598465111232,11.5654852718479,0.416478168494289,0.679171255362644,0.872920765561494,-6.01933874993467,"DTYMK",0.586682006543248,0.16802070306675,"no"
"BDH1",0.0682013876544421,14.1560011538163,0.319362776815646,0.750860859507921,0.903868959361108,-6.10351993344125,"BDH1",0.607482002549263,0.124440533763426,"no"
"LMOD2",0.0682010655571315,11.881481813197,0.81804828150054,0.417440962377327,0.709182259595659,-5.82908130222915,"LMOD2",0.476634864788476,0.379404937010909,"no"
"ECHS1",0.0680949314593242,16.0361398572262,0.505627676559282,0.61547164043961,0.842147479538394,-6.02883175910289,"ECHS1",0.565999564442849,0.210791953592678,"no"
"CLYBL",0.0680878504982925,11.2218849040326,0.354466254245322,0.724842546335448,0.891127836775742,-6.01652772126534,"CLYBL",0.598918811411076,0.139756322648565,"no"
"NIBAN2",0.0680166438471232,11.114430857625,0.485583761075246,0.630036434878028,0.847215419210858,-5.94143542217976,"NIBAN2",0.569405680018721,0.200634334659222,"no"
"TOMM22",0.0679281910900968,11.3890907718768,0.634701051122996,0.528688564280091,0.791385841546989,-5.95752998107793,"TOMM22",0.531883135086213,0.276800083435944,"no"
"STAM",0.0679194087712087,11.4004450642995,0.740035293330531,0.463023360218408,0.742847160550735,-5.87703862088373,"STAM",0.49926073465159,0.334397097625619,"no"
"VWA8",0.0678619914930803,12.1121116039855,0.526255430326439,0.601175352421008,0.833272306509244,-6.01850611733927,"VWA8",0.560034642394269,0.220998833352892,"no"
"VAPA",0.067572864931563,14.977675875543,1.12265475682796,0.267263318494369,0.578087415781134,-5.5466526809801,"VAPA",0.388527227702872,0.573060643445699,"no"
"ATP5PB",0.0671177379028087,17.9971601602664,0.539441597722266,0.592118358199232,0.829080731757351,-6.01169186697335,"ATP5PB",0.5572175236098,0.227591473724576,"no"
"VAMP3",0.0671086812288486,13.1838491755859,0.66506875224748,0.509243777351286,0.777621721453261,-5.93844808493896,"VAMP3",0.52263239674492,0.29307426910936,"no"
"PNPLA6",0.066999397050834,9.48589365793359,0.406271761869604,0.687722529327503,0.876493438985041,-5.81787906432007,"PNPLA6",0.589083167445294,0.162586748229812,"no"
"THOC2",0.0662582439335893,17.7098561686978,0.347612600929559,0.72967676788497,0.893655458152955,-6.09434837769831,"THOC2",0.600617602458177,0.136869480991377,"no"
"RABGAP1",0.0660066641484747,15.0261922464795,0.275017824011539,0.784503025722212,0.9206998678397,-6.11635632753614,"RABGAP1",0.618793901117531,0.105405377058655,"no"
"PACSIN2",0.0656802448074636,12.2055903639972,0.960753404380139,0.341572993070734,0.644722949954363,-5.70736036725209,"PACSIN2",0.43331235647763,0.466516474704415,"no"
"YWHAG",0.0654502779051462,15.8795922896864,1.09851697401623,0.277551724001888,0.585784495093296,-5.57211850702127,"YWHAG",0.393700363815034,0.556656070720226,"no"
"RNF170",0.0653884702921257,10.760567016639,0.37351430345024,0.710635929508411,0.882327039092484,-6.03579708488107,"RNF170",0.593003876347441,0.148352838511808,"no"
"PCBP1",0.0653200770965014,14.9890817715786,1.01379080250906,0.315852176982671,0.622008474765342,-5.65733919857674,"PCBP1",0.418046166913564,0.500516125423712,"no"
"AOC3",0.0649529468641941,14.6066768618926,0.287508077551599,0.774982067849297,0.91637081905834,-6.11293384910072,"AOC3",0.615884387304054,0.11070834642814,"no"
"HSP90B1",0.0647689143617232,14.2688110773508,0.961767883600913,0.341068375462608,0.644722949954363,-5.7064277500959,"HSP90B1",0.43331235647763,0.467158547373022,"no"
"PGRMC2",0.0644335716647948,14.2289581403159,0.815283070635213,0.419005945080843,0.710167042720793,-5.83125311793614,"PGRMC2",0.477296728456586,0.377779814987195,"no"
"CASTOR2",0.0644116533713408,10.8213392351478,0.382847949905446,0.705043735815603,0.881420697877308,-5.77880278034886,"CASTOR2",0.592394732764529,0.151783941683447,"no"
"STRAP",0.0642569210209345,13.8395456611733,0.97012530812437,0.336930020405267,0.644722949954363,-5.69870878066137,"STRAP",0.43331235647763,0.472460291733315,"no"
"PYGB",0.0640110686592728,18.0082737783295,0.50860198671528,0.61340076249679,0.84173321238346,-6.0273680846661,"PYGB",0.565721139303604,0.212255688497089,"no"
"LYRM4",0.0638623524108421,10.2592291822833,0.448408973154373,0.656957482657839,0.86465560367276,-5.85797767628423,"LYRM4",0.581127067363667,0.182462736444159,"no"
"CARS1",0.0637610882712014,11.1920262637008,0.533949818681211,0.595993074550127,0.831499130204565,-5.99253351856026,"CARS1",0.558842906931642,0.224758786739863,"no"
"SIRT3",0.0636885925228956,12.383953004875,0.546301465963079,0.587432311582113,0.82653360385126,-6.00808104670239,"SIRT3",0.555505622404304,0.231042168885959,"no"
"PA2G4",0.0636726692238945,12.4388812068324,1.061456891783,0.293884291299542,0.599880908255643,-5.61019528418573,"PA2G4",0.403174433267178,0.531823627211681,"no"
"SDR39U1",0.0636386725970493,11.6967866337015,0.651774101707358,0.517708670731387,0.784626114126808,-5.9469096245756,"SDR39U1",0.527339984547221,0.285914561270295,"no"
"CCT3",0.0636314727668186,13.8752402990716,0.847333787645425,0.401085910896299,0.69532813055564,-5.80564254906316,"CCT3",0.467323632263404,0.396762593384746,"no"
"MTHFD1",0.0634663266328506,14.508698539198,1.17793102746462,0.244730020027709,0.559833487590293,-5.48636772742511,"MTHFD1",0.37625893069265,0.611312754257865,"no"
"PRKDC",0.0629311165476398,11.5809103011125,1.01466382311673,0.315440068677198,0.622008474765342,-5.65649432281353,"PRKDC",0.418046166913564,0.501083141380798,"no"
"MTIF2",0.0625256983608296,11.585070454487,0.364456163783773,0.717476489866862,0.885481472725242,-5.98859473135141,"MTIF2",0.595123942138272,0.144192325239787,"no"
"SNRNP200",0.0623595451445009,11.6144492142141,0.771508469724668,0.444511477052549,0.729383374127774,-5.83628972838387,"SNRNP200",0.490211847804212,0.352117021293897,"no"
"LARS1",0.0622149784301396,12.1251583320335,0.808604733209298,0.422800239600247,0.714565485597535,-5.83646887829811,"LARS1",0.480252881402418,0.373864775250525,"no"
"SELENOO",0.06209083695183,10.8531433070797,0.52884280767736,0.599393112547688,0.833272306509244,-6.01718216451198,"SELENOO",0.560034642394269,0.222288251713562,"no"
"TRAPPC3",0.0620515148067362,11.0662312241282,0.6102652943987,0.545038378318482,0.799949735532324,-5.90117630875959,"TRAPPC3",0.537638849356463,0.263572916246082,"no"
"C19orf12",0.0619601639044696,11.3135288490952,0.378657844136758,0.707591599263517,0.881420697877308,-5.87377739439248,"C19orf12",0.592394732764529,0.150217331804084,"no"
"NUP62",0.0618529206546601,11.6393011212982,0.192182692469736,0.848441485406219,0.944788258951769,-6.12620619486733,"NUP62",0.634983486919097,0.0713781043675027,"no"
"EEF2K",0.0617092996161102,11.8043846000367,0.444662513469887,0.658596343615112,0.865026541522719,-6.05696057286199,"EEF2K",0.581376371276121,0.181380684726736,"no"
"RPS6KA3",0.0615566154914919,13.6988518378948,1.34649253678241,0.184575384056247,0.491432465853552,-5.2858393617429,"RPS6KA3",0.330287233987387,0.733826219243923,"no"
"VTA1",0.0615235977442161,10.2074603925861,0.497620773706721,0.621218477343249,0.844850795051258,-5.99855708362935,"VTA1",0.5678164379003,0.206755635221535,"no"
"ACTR1A",0.061480254919573,14.9506667284936,1.03812504735453,0.304501722905092,0.607108206870941,-5.63352950056452,"ACTR1A",0.408031834099868,0.516410245736992,"no"
"PDXK",0.0614276935453031,11.712657943642,0.910337562780953,0.367270803466144,0.669729112202968,-5.75251533211487,"PDXK",0.45011876780698,0.435013594925959,"no"
"AP1B1",0.0608966971983573,12.7084205472301,0.433755844266418,0.666442209261611,0.867940521779302,-6.06161568307561,"AP1B1",0.583334830567509,0.176237504595141,"no"
"ECH1",0.0608046653056089,15.9577227013614,0.367390344478133,0.714970334943939,0.884060317526967,-6.0874674986513,"ECH1",0.594168796818987,0.145711977272238,"no"
"LUC7L2",0.0606962290593014,9.11645891961143,0.348590316921689,0.731005104032586,0.893655458152955,-5.6909562263815,"LUC7L2",0.600617602458177,0.136079590695424,"no"
"CAPN3",0.0605935605903252,14.9422683416798,0.891579386108445,0.377141792808028,0.678674212037596,-5.76871753920649,"CAPN3",0.456130687017463,0.42349533876858,"no"
"DMTN",0.0605697515593739,12.0108937302876,0.105706587821917,0.916432861805739,0.969925088320832,-5.99337453126014,"DMTN",0.651877718416605,0.0378993461030954,"no"
"YWHAZ",0.0604794441180072,15.4518429206369,0.480986504112277,0.632748644148377,0.849261797523171,-6.04063119671479,"YWHAZ",0.570781032034367,0.198768776773436,"no"
"CAPG",0.0604582205255948,11.2420010975534,0.567103424983189,0.573962166801024,0.817258566848305,-5.89975990160729,"CAPG",0.549271955461856,0.241116733544639,"no"
"PEBP1",0.0600891424941565,17.7033073448298,0.861656276615537,0.393233830810118,0.691605696521012,-5.79388873175232,"PEBP1",0.464821818634012,0.405349125880293,"no"
"MRPL39",0.0599148086862122,11.8879499758037,0.661256154206663,0.511663639004893,0.77925318079826,-5.94089179770172,"MRPL39",0.523728885544223,0.291015444744943,"no"
"CLTB",0.0598089471806205,12.5310677983469,0.758928049507292,0.451669609990177,0.734855240181534,-5.87395611442155,"CLTB",0.49388943858061,0.34517912940224,"no"
"DHPS",0.0596212236520497,9.90437837531012,0.314013577380007,0.755176095270872,0.905645874653046,-6.02205122915065,"DHPS",0.60867625095079,0.121951765871354,"no"
"HOMER1",0.059449101883672,13.71508833887,0.893663018141208,0.376037072320812,0.677571799688063,-5.76693389097225,"HOMER1",0.455389765831053,0.424769337224747,"no"
"CUTC",0.0590002498735203,14.0523531622565,0.61301083299388,0.542812270929882,0.799949735532324,-5.9706229603222,"CUTC",0.537638849356463,0.265350343147712,"no"
"C11orf54",0.0589714817814713,13.8983042206038,0.60508466268633,0.548021442792474,0.800833437537209,-5.97529579115661,"C11orf54",0.538232777334656,0.261202448259686,"no"
"MDP1",0.0587498330243736,13.2553221595424,0.38484271941188,0.702242452413746,0.881420697877308,-6.03142398565098,"MDP1",0.592394732764529,0.153512919826885,"no"
"BTF3L4",0.0584790734595177,11.9917089636552,0.50205497042865,0.618368279441013,0.843808284664297,-5.95333838602485,"BTF3L4",0.567115776271211,0.208752796607619,"no"
"SMAD2",0.0583153908242622,10.7234836312879,0.33354231830824,0.740822891134266,0.898190713657905,-5.91139416807293,"SMAD2",0.603665705911323,0.130285606591105,"no"
"RPL27",0.0582354120579165,13.1312628058054,0.713889343295567,0.478811591177058,0.754324490362546,-5.90594019335453,"RPL27",0.506974542306767,0.319835344641352,"no"
"PANK4",0.0580220279405275,13.4511440095861,0.921216079512044,0.36162308108463,0.664755413633227,-5.74297015046889,"PANK4",0.446775990808245,0.441743857876467,"no"
"LMNB2",0.0579782665079343,15.3538848586081,0.960038228144981,0.341929028956025,0.644722949954363,-5.70801726548795,"LMNB2",0.43331235647763,0.466064027076336,"no"
"COA1",0.0579309060194362,12.3660563076315,0.267233087568326,0.790591619527144,0.924148967698847,-6.06886084683527,"COA1",0.621112009365111,0.10204779360095,"no"
"LIPE",0.0575679581835171,9.83581096823391,0.145959054494585,0.885271357917692,0.958653105997317,-5.80870236445113,"LIPE",0.644301922916969,0.052923586723021,"no"
"TGM2",0.0573509319127758,12.3531602509467,0.343648587366388,0.732636945493139,0.8938604798378,-6.09568195307642,"TGM2",0.60075539564422,0.135111184471324,"no"
"ELOC",0.0572563258800223,14.3560623437502,0.837446124318504,0.406562962050386,0.701029317937358,-5.81364554428151,"ELOC",0.471155347792171,0.390872188191355,"no"
"DDB1",0.0572117315049585,14.9672763466747,1.08696643002953,0.282572265599232,0.592046396600717,-5.58411896942021,"DDB1",0.397908930143258,0.548870466296006,"no"
"BLVRA",0.0571880565126701,13.3294552003857,0.836706118194442,0.406974716909842,0.701319849881097,-5.81424083725369,"BLVRA",0.471350611635629,0.390432570252929,"no"
"SCO1",0.0571481427228289,14.4896678240548,0.657391522067669,0.514122834466958,0.781834439490199,-5.94335479822013,"SCO1",0.525463725736529,0.288933106767537,"no"
"THY1",0.0571331682738592,11.2215027556005,0.294511167697746,0.769846437867272,0.91260990146848,-6.04992845717681,"THY1",0.613356709231642,0.113595895396237,"no"
"NDUFS5",0.0571271260451329,15.4792895852443,0.489382599906969,0.626837857486535,0.846451308259334,-6.03667621737975,"NDUFS5",0.568892128086006,0.202844782463483,"no"
"TMX3",0.057044697129033,12.4875597083548,0.650603767810942,0.518457421925622,0.784626114126808,-5.94764646927024,"TMX3",0.527339984547221,0.285286904042599,"no"
"ANXA6",0.0569797053188452,18.2218370884864,0.918690477249018,0.36292924767905,0.664755413633227,-5.74519593650053,"ANXA6",0.446775990808245,0.440178031541002,"no"
"NGLY1",0.0568650989559139,11.141794125359,0.497062746198198,0.621452650425977,0.844850795051258,-6.03299918710388,"NGLY1",0.5678164379003,0.206591955424733,"no"
"EIF4G1",0.0568364839000282,13.0186435857818,1.0265002872551,0.309888659343075,0.615294026176175,-5.64497091476248,"EIF4G1",0.413533447859859,0.508794316870892,"no"
"TPR",0.0558081285714351,10.9807859775679,0.521898250828544,0.604182236470161,0.834222886850323,-6.02072117545084,"TPR",0.560673518686239,0.218832047544028,"no"
"PDIA3",0.0557785532513666,13.7948445736443,1.12969283828024,0.264315027186241,0.574675884900402,-5.53912879187203,"PDIA3",0.386234369219658,0.577878145084178,"no"
"STAU2",0.0556870147137722,10.1687454055933,0.248415096164919,0.805552487089755,0.92852550591495,-5.88452894357623,"STAU2",0.62405344039028,0.0939061571556041,"no"
"ITGA1",0.0556739922746665,10.9370130851542,0.37610840197746,0.708720894738335,0.881420697877308,-6.03485376078591,"ITGA1",0.592394732764529,0.149524763039542,"no"
"CAV2",0.0556057465654298,11.8151683360396,0.470234263651412,0.640353589881493,0.855256515328116,-6.04559709762369,"CAV2",0.574810026657039,0.193580151438486,"no"
"HYPK",0.0555212406226122,12.0074465522108,0.421442701095348,0.675386568335735,0.871292000329477,-6.05603432404449,"HYPK",0.585587328432466,0.17044758059086,"no"
"PSMD12",0.0555149929500818,12.7697228542881,0.960283368692594,0.341806963150318,0.644722949954363,-5.70779215374897,"PSMD12",0.43331235647763,0.466219094257303,"no"
"RPS4X",0.0552867288810148,12.7207007231176,0.689888394931397,0.493643097106356,0.767623003752765,-5.92220322010127,"RPS4X",0.515912350671078,0.306586931595512,"no"
"CHP1",0.055131032747143,12.3071667134033,0.570869295006757,0.570796758584007,0.815463092880446,-5.99478009426088,"CHP1",0.548065233945177,0.243518501803145,"no"
"LPIN1",0.0551239346164056,12.3210427082131,0.450873860859761,0.65414532635017,0.863554367152155,-6.05425827637962,"LPIN1",0.580386936441049,0.184325757148798,"no"
"NUBP1",0.0548471940505255,9.60748871165222,0.394633478539192,0.695308594909652,0.881003354093157,-5.97676035553387,"NUBP1",0.592114239851124,0.157822402142123,"no"
"STIM1",0.0547281286712042,12.7233346414547,0.56840623749327,0.572454076343974,0.816125880290933,-5.99613960320358,"STIM1",0.548510687259197,0.242259347748552,"no"
"BAG2",0.0544848903138657,12.3472368340542,0.645542695445719,0.521702011371462,0.786234656970165,-5.95081796631899,"BAG2",0.528421071376843,0.28257748889418,"no"
"PLAA",0.0541965979862038,13.2892947791369,0.907988211833507,0.36849790899859,0.670439958027305,-5.75456238371919,"PLAA",0.450596520738309,0.433564972154863,"no"
"COX7A2",0.0539183724003092,14.9328917652414,0.249822115943968,0.803809185964057,0.92852550591495,-6.12279917051033,"COX7A2",0.62405344039028,0.0948470349806283,"no"
"BSG",0.0537243657845838,15.5045411130655,0.574308847478524,0.568486339807138,0.814137078124257,-5.992871904605,"BSG",0.547174031640731,0.245279966539409,"no"
"PRKAR1B",0.0536421198998838,12.2381872457871,0.436798539980508,0.664595187123042,0.867940521779302,-5.97802850091974,"PRKAR1B",0.583334830567509,0.177442808127235,"no"
"PAFAH1B1",0.0536295150349648,13.4446118646708,0.764086773649112,0.448619083290969,0.732371923628461,-5.87017087877664,"PAFAH1B1",0.492220424397746,0.348122256406886,"no"
"H4C16",0.0535942618175191,17.4879775337741,0.688656803974216,0.49441095502007,0.76798856860068,-5.92302306274535,"H4C16",0.516158043438346,0.305911914836604,"no"
"GFER",0.0535267030591129,12.1371436689868,0.623250106165401,0.536120795342922,0.795899203384987,-5.96449793067752,"GFER",0.53491652400745,0.270737346799087,"no"
"DDX39B",0.0534255813550359,14.5337096792241,0.827793683876604,0.41195392072093,0.706101755908704,-5.82137029903653,"DDX39B",0.47456448663329,0.385151359442139,"no"
"APOOL",0.0532101308985542,12.7490653493613,0.599650470967471,0.551607533413532,0.802308254189112,-5.97846491440249,"APOOL",0.539223988022678,0.258369811209775,"no"
"HSPH1",0.0525976187989983,12.1048662063895,0.449293363361342,0.655276707037142,0.863814698851432,-6.05494940860475,"HSPH1",0.580561902978362,0.183575269530554,"no"
"PDIA4",0.0525876553726938,13.5843031444174,0.329990422524019,0.742867574480781,0.89949064142297,-6.10016029331672,"PDIA4",0.604539375389307,0.129088597811492,"no"
"PLXND1",0.0524623087419567,15.1305468191647,0.307589787643242,0.76092299436801,0.909121608256294,-5.8096927244523,"PLXND1",0.611012259492472,0.118659291735627,"no"
"STOM",0.0520804986938668,13.3914096406913,0.450029880575661,0.654749377967449,0.863554367152155,-6.05462763790625,"STOM",0.580386936441049,0.183924905495984,"no"
"RCN2",0.0520424576603933,12.3336222168467,0.383860966653023,0.702805547727433,0.881420697877308,-6.08144845437896,"RCN2",0.592394732764529,0.153164818978248,"no"
"LSM8",0.0517299877239896,11.843255967763,0.359232742964862,0.721057935091774,0.887807891678696,-6.07963747528889,"LSM8",0.59668750688953,0.142029839469429,"no"
"ASPA",0.0515717770003619,15.1043357028413,0.592447087163879,0.556379409061936,0.806548377567238,-5.98262242289846,"ASPA",0.542073735891685,0.254628951103163,"no"
"NAPA",0.0515484278112233,14.2282499514386,1.13443328891899,0.262342313549753,0.573888454183568,-5.53403608824197,"NAPA",0.385705144287462,0.581131655810337,"no"
"UGGT1",0.051360641188765,13.0020045800819,0.783899745285558,0.437015803721571,0.722843696000739,-5.85540088358578,"UGGT1",0.485816590368392,0.359502857434683,"no"
"MAPK14",0.0511311530764242,13.7681364241468,0.707394113298485,0.482800399247851,0.758773578874012,-5.91039504743092,"MAPK14",0.509964733717229,0.316232379438262,"no"
"RPL18A",0.0510936283233221,12.0074636653921,0.376663116903359,0.70811226486369,0.881420697877308,-6.08411110987125,"RPL18A",0.592394732764529,0.149897883347388,"no"
"MAPK3",0.0510055280416815,11.4651577712232,0.552729359645454,0.583057490238035,0.821892174160003,-6.0046567429835,"MAPK3",0.552386160258453,0.234288621120612,"no"
"PLS3",0.051002549399275,13.5017269570943,0.529557524690019,0.598901236171453,0.833272306509244,-6.01681531557032,"PLS3",0.560034642394269,0.222644790502556,"no"
"NPEPPS",0.0509578344305979,16.3602884743636,0.747952403850158,0.45820000453264,0.738748239186901,-5.88192635153965,"NPEPPS",0.496505887355856,0.338944910850461,"no"
"RAB7A",0.0509182075997341,14.5434486151924,0.581952072453189,0.563368806128942,0.810388148436888,-5.98859117243839,"RAB7A",0.544654410527169,0.249207203678116,"no"
"PRRC2A",0.0508894186381212,10.2059244587429,0.26669499103878,0.791459213638338,0.924148967698847,-5.93057947288521,"PRRC2A",0.621112009365111,0.101571460774095,"no"
"IDH3B",0.0508870558730994,13.9325758973356,0.609199000527862,0.545314271382627,0.799949735532324,-5.97287767230418,"IDH3B",0.537638849356463,0.263353136273165,"no"
"TPD52L2",0.0506796172651569,12.9375947405241,0.582255003552011,0.563166451258066,0.810388148436888,-5.98842036145291,"TPD52L2",0.544654410527169,0.249363224724375,"no"
"ATP6V1B2",0.0506573982736782,11.806353027545,0.714967578450486,0.478151234540573,0.754324490362546,-5.90519681614415,"ATP6V1B2",0.506974542306767,0.320434718579665,"no"
"PFKFB1",0.0504177752908781,12.8652631547018,0.433887955868302,0.666346944963314,0.867940521779302,-6.06155998192604,"PFKFB1",0.583334830567509,0.176299589072662,"no"
"HIBADH",0.0504084108618184,15.2710740087082,0.485628670373806,0.629477570122197,0.847215419210858,-6.0384528767285,"HIBADH",0.569405680018721,0.201019740291161,"no"
"DYNC1I2",0.049988304137873,11.9661083223225,0.699776438589738,0.487502160843284,0.761359008510936,-5.91556899845519,"DYNC1I2",0.511702377163242,0.312023454959835,"no"
"HTATSF1",0.0499557070299232,11.0003503857011,0.299199729282629,0.766159314937028,0.910778928400336,-6.08744523225366,"HTATSF1",0.612126129096623,0.115680913913211,"no"
"MTM1",0.04981537407809,12.5273892509035,0.517489828444488,0.607231556592082,0.83704640670623,-6.02294376547341,"MTM1",0.562571180375514,0.216645667122958,"no"
"PTGR2",0.0493544045267349,13.5161577258359,0.641898647514694,0.524044822560472,0.787512839149125,-5.95308643520893,"PTGR2",0.529280125846692,0.28063156538619,"no"
"RPL15",0.0492716352951508,12.2879846289014,0.52227326274119,0.603923167273641,0.834222886850323,-6.02053124632648,"RPL15",0.560673518686239,0.219018309974203,"no"
"CTF1",0.0492559763868243,10.3857596182038,0.293448570624244,0.77095307151507,0.912981609802144,-5.96245905356029,"CTF1",0.613606530979098,0.112972056971525,"no"
"XPNPEP1",0.0490503463281495,13.7099691567854,0.770192093091989,0.445024445994985,0.729809714336485,-5.86565879258285,"XPNPEP1",0.490498387131702,0.351616131785086,"no"
"ARPC3",0.0490003401292363,12.5837894894007,0.684540687219754,0.496981999571655,0.769908170212295,-5.92575266062246,"ARPC3",0.517448190001123,0.30365934090102,"no"
"MRPS22",0.0487324699480975,12.1404089953317,0.406658289033163,0.686097378240463,0.875229531622679,-6.07268484580905,"MRPS22",0.588233706948203,0.163614240224493,"no"
"TMEM186",0.0484707275940597,9.87852449017923,0.222217238072114,0.825593331662385,0.937080935111281,-5.9429913475695,"TMEM186",0.629803465553805,0.0832338235098937,"no"
"GALM",0.0484622087479956,12.2071664518873,0.562322553994829,0.576557682945368,0.817817590953233,-5.99947271625961,"GALM",0.549647670413916,0.239157236276183,"no"
"SGCA",0.0483791187237301,13.4074414141736,0.76179624851279,0.449972055408638,0.733434781902323,-5.87185464608666,"SGCA",0.492934761654208,0.346814456355026,"no"
"DHRS7C",0.0483534014348912,13.5255881570151,0.418446841969466,0.677518620737796,0.872478668108019,-6.06795634395615,"DHRS7C",0.586384876916682,0.16907876425792,"no"
"POR",0.0483433261202411,11.4484122594523,0.326941877253418,0.745255396698195,0.901222387847585,-6.06681341002829,"POR",0.605703266211132,0.127694870380524,"no"
"SMYD1",0.048334764209665,15.8916085680086,0.525972770204307,0.601370204184554,0.833272306509244,-6.01865036500239,"SMYD1",0.560034642394269,0.220858093493228,"no"
"GSN",0.0480129069908877,14.3861457968206,0.653162193822057,0.516821352253468,0.784626114126808,-5.94603399408418,"GSN",0.527339984547221,0.286659551951253,"no"
"UBE3A",0.0479289059968178,12.6512420750801,0.753805133612109,0.45471090966519,0.738030913173637,-5.87769033673598,"UBE3A",0.496023779149234,0.342264625846459,"no"
"CLIC4",0.0478044709673586,10.5828476123794,0.371754643157391,0.711739533585157,0.882805036750556,-6.08589814717136,"CLIC4",0.593325134170858,0.147678910608311,"no"
"TRIM63",0.0477376010213977,10.9536884957745,0.364650868718006,0.717193384874479,0.885481472725242,-6.03693782652292,"TRIM63",0.595123942138272,0.144363724862448,"no"
"TMEM223",0.0476475177868192,11.7564536865424,0.461918190586415,0.646405935561894,0.859771583996795,-6.01515125980223,"TMEM223",0.577844562723456,0.189494664346802,"no"
"HSP90AB1",0.0475672184573881,16.8957528183484,0.602948054067082,0.549429997963832,0.801520887519553,-5.97654517922082,"HSP90AB1",0.538694806136067,0.260087632511922,"no"
"PSMB2",0.0473254415594919,13.9037472139205,0.715721446004301,0.477689839636557,0.754324490362546,-5.90467641906148,"PSMB2",0.506974542306767,0.320853995971628,"no"
"FRMD8",0.0472826137501201,16.0496295296985,0.312544550777043,0.756003630558689,0.906057713255207,-6.10561768109896,"FRMD8",0.608953043882085,0.121476118879986,"no"
"YAP1",0.0470866552117215,10.1522525662397,0.428079239926725,0.671631652934869,0.869006149991035,-5.8640239811929,"YAP1",0.584051029473702,0.172868844441352,"no"
"ABHD5",0.0470045280711453,10.8989704306771,0.240915339581894,0.810734956041193,0.928541691472517,-6.09605321905941,"ABHD5",0.624064318554445,0.0911211013277166,"no"
"YTHDF3",0.0467597883518032,11.4316713546779,0.434599105748498,0.665968237548063,0.867940521779302,-6.0270231323873,"YTHDF3",0.583334830567509,0.176546483422119,"no"
"CCT6A",0.0467394845894358,12.1823617888921,0.648036056038988,0.520102203290259,0.785288483331852,-5.9492585519305,"CCT6A",0.527785156789215,0.283911306435176,"no"
"HSPA5",0.0466675695922625,15.9581619256141,0.648294357546213,0.519936619354471,0.785288483331852,-5.94909666594253,"HSPA5",0.527785156789215,0.284049593946462,"no"
"SUB1",0.0466269416898886,12.2196377539257,0.298873776700156,0.76640641009338,0.910778928400336,-6.09016876840073,"SUB1",0.612126129096623,0.115540871548847,"no"
"ORM2",0.0462929804759167,15.0778673649479,0.346393207327472,0.730586925357429,0.893655458152955,-6.09476022687464,"ORM2",0.600617602458177,0.136328104223651,"no"
"VPS37C",0.0462393901736178,10.8117555506261,0.389007772811387,0.699181599884469,0.881003354093157,-6.03689663167165,"VPS37C",0.592114239851124,0.155410009397952,"no"
"GUK1",0.046203914672251,10.775197619052,0.325542274629081,0.74726244473922,0.901775615079645,-5.77804477819976,"GUK1",0.606075085138329,0.126526843586684,"no"
"SERPINH1",0.0461283667861618,11.3976221689613,0.5266327931689,0.600915263198772,0.833272306509244,-6.01831342147674,"SERPINH1",0.560034642394269,0.221186764802176,"no"
"RAB6A",0.0460761954930966,10.6655675199544,0.471794786839299,0.639504082459309,0.855143909893408,-5.99553666538021,"RAB6A",0.574734345581518,0.194156678732018,"no"
"CD59",0.0457217480312089,16.0427831885922,0.675856456628248,0.502430456243937,0.773361988975586,-5.9314590077222,"CD59",0.519769469780715,0.298924042483882,"no"
"AHCYL2",0.0455533060028319,11.9696305988503,0.58750800861193,0.559663262216109,0.807991368103072,-5.98544447469271,"AHCYL2",0.54304355654023,0.252073200401605,"no"
"MOB4",0.0452846177205064,12.5113014934057,0.388030462590641,0.699738330300599,0.881003354093157,-6.07988315519452,"MOB4",0.592114239851124,0.155064335631812,"no"
"DERA",0.0451046299097939,11.7404401694028,0.573933645895061,0.568738146147157,0.814137078124257,-5.99308060731091,"DERA",0.547174031640731,0.245087641968286,"no"
"PEBP4",0.0449757887147157,12.8812399125767,0.242689684677403,0.809320183548563,0.928541691472517,-6.11377628613356,"PEBP4",0.624064318554445,0.0918796286492582,"no"
"COPS3",0.0449019384869818,13.930198449482,0.672059929251948,0.504822588060783,0.774562810739349,-5.93393125109474,"COPS3",0.520576531028035,0.296861221016928,"no"
"G3BP1",0.0448365108477766,13.30649517162,0.57897793728307,0.565357416999865,0.811715853192535,-5.9902635202466,"G3BP1",0.545546748664685,0.247676905889718,"no"
"CCT8",0.0443725126135188,14.3620579755559,0.715518645086129,0.47781393660453,0.754324490362546,-5.90481646587019,"CCT8",0.506974542306767,0.320741187147519,"no"
"BAX",0.0443085573011235,12.5196521364243,0.56532334279422,0.57453178175237,0.817439721457131,-5.99783307120859,"BAX",0.549393707805934,0.240685942157754,"no"
"DUSP29",0.0442605964281686,14.5710971122841,0.368181720434597,0.714384102033081,0.883955167679924,-6.08718429629148,"DUSP29",0.594098126575267,0.146068218839738,"no"
"FXR1",0.0439959258373417,13.2522002547122,0.670563759349735,0.50576700015862,0.774774846682945,-5.9349017853811,"FXR1",0.52071903843278,0.296049510532449,"no"
"SRSF3",0.0439665937523035,13.4978365797846,0.557967467713762,0.579504071773954,0.819515944127373,-6.00183704766506,"SRSF3",0.550789117939664,0.236943508202979,"no"
"PTGES3",0.0438455813468366,14.1443738177777,0.383060599584423,0.703394897498763,0.881420697877308,-6.08174700371249,"PTGES3",0.592394732764529,0.152800786425913,"no"
"LMNA",0.0436919841887686,15.5762340300424,0.623863109591884,0.535721554584257,0.795899203384987,-5.96412807379864,"LMNA",0.53491652400745,0.271060879576962,"no"
"TSSC4",0.0436688577865443,11.5469445077901,0.325662009172861,0.746252550027981,0.901222387847585,-6.05886944336781,"TSSC4",0.605703266211132,0.127114171827481,"no"
"MTX2",0.0435527055833411,13.6088650680557,0.501899527826643,0.618071851368538,0.843808284664297,-6.03065441344215,"MTX2",0.567115776271211,0.208961034880408,"no"
"CPT1B",0.0434117100885114,13.382163792941,0.262873967515566,0.793791973298426,0.924148967698847,-6.11953864523749,"CPT1B",0.621112009365111,0.100293296925235,"no"
"PNPO",0.0432138766997898,13.5461191728315,0.435690862066037,0.665047443762177,0.867940521779302,-6.06079815597486,"PNPO",0.583334830567509,0.177147371495177,"no"
"MRRF",0.0432090169426562,11.6226294289029,0.347539997402509,0.730315959299022,0.893655458152955,-5.93912932697865,"MRRF",0.600617602458177,0.136489208793345,"no"
"MDH1",0.043149108025748,19.4916192101724,0.329046557486067,0.743576334412261,0.899970853111062,-6.10046309918224,"MDH1",0.604862121241909,0.128674440844355,"no"
"RPLP0",0.0429474678640425,14.5594468401662,0.616488787797603,0.540534581167952,0.798974010253213,-5.96855367099201,"RPLP0",0.536983073383239,0.267176516456275,"no"
"OSBPL6",0.0429417442582167,10.9280706544468,0.295428512450569,0.768962488434335,0.912497578633246,-6.11068509778009,"OSBPL6",0.613281218088625,0.114094845456469,"no"
"CLTC",0.0427568516094397,14.1269404959311,0.782179061293415,0.438016382160507,0.723668326515038,-5.85669819872149,"CLTC",0.486370816941836,0.358509646233661,"no"
"RPL10A",0.0427128002951989,13.000768757325,0.431203710015819,0.668283614764907,0.867940521779302,-6.06268841736814,"RPL10A",0.583334830567509,0.17503918694517,"no"
"EMC10",0.0427026182710364,9.64237964368455,0.286842883570503,0.775573228847908,0.91637081905834,-6.07656674157648,"EMC10",0.615884387304054,0.110377190264152,"no"
"SLC9A3R2",0.0426958415205529,10.6800092059569,0.330989680155412,0.742561005295451,0.89949064142297,-5.96920995515518,"SLC9A3R2",0.604539375389307,0.129267860967208,"no"
"PGPEP1",0.0426141951964638,10.3275373452927,0.244729785610799,0.807749555613838,0.92852550591495,-6.11501998570607,"PGPEP1",0.62405344039028,0.0927232722388373,"no"
"SGCG",0.0424728353758717,14.0293921031375,0.616085688623102,0.540798315294695,0.798974010253213,-5.96879409395358,"SGCG",0.536983073383239,0.266964669986829,"no"
"RETREG1",0.0423363529249094,12.3824793659215,0.299521074304861,0.765886098907314,0.910778928400336,-6.09877354083005,"RETREG1",0.612126129096623,0.115835812996826,"no"
"ALDH5A1",0.0422920429254994,14.6015873973745,0.395758388489862,0.694066796541416,0.880719442970468,-6.07693754562172,"ALDH5A1",0.591923425800512,0.158598731312608,"no"
"SEC31A",0.0419172311924285,12.8787244596547,0.457422560140965,0.649466273728358,0.86216075151614,-6.05136898385548,"SEC31A",0.579450300207907,0.187443396575511,"no"
"TMED2",0.0416329229340224,9.47467886568307,0.256599009971732,0.799026022917862,0.924779602924351,-5.97691102537748,"TMED2",0.62153585349174,0.0974390762234412,"no"
"YME1L1",0.0409150138876786,10.6587578162266,0.251118573046811,0.803318420021441,0.92852550591495,-5.94332016068992,"YME1L1",0.62405344039028,0.0951122745877579,"no"
"RNH1",0.040623402555001,15.6339818947032,0.537694695925171,0.59331450782434,0.829949406141472,-6.0126041860386,"RNH1",0.557801351662489,0.226715032092308,"no"
"HEBP2",0.0406194666115116,15.9584894022124,0.722814402274293,0.47336101549677,0.752315219226675,-5.89975388332663,"HEBP2",0.505624129682634,0.324807512042329,"no"
"SNTB1",0.040536676001901,13.3065672996377,0.280919237809614,0.780000301333048,0.917946444154004,-6.114758144176,"SNTB1",0.616943350418638,0.107905229530988,"no"
"RABGEF1",0.0405357104290704,12.229336019539,0.431524129456627,0.66857846827624,0.867940521779302,-5.95244460837037,"RABGEF1",0.583334830567509,0.174847614072183,"no"
"ASAH1",0.0405000655259666,11.469719077118,0.378963042961318,0.706415005601282,0.881420697877308,-6.08326575708197,"ASAH1",0.592394732764529,0.150940084089861,"no"
"FHL1",0.0403673720447273,19.3159846764399,0.615833533313061,0.540963325707344,0.798974010253213,-5.96894440990285,"FHL1",0.536983073383239,0.266832176636151,"no"
"MYH10",0.0403628465144799,10.9119888954158,0.465522979180313,0.643843059322732,0.858159750359425,-6.01712268993535,"MYH10",0.576761264181489,0.191219981671974,"no"
"CCT5",0.0401551076002207,14.2825019410151,0.662797501862126,0.510684598003134,0.778701491173099,-5.93990551874726,"CCT5",0.523358100028461,0.291847240055399,"no"
"GIT2",0.0399807849595106,11.1217264867594,0.407622510678161,0.685713931863653,0.875229531622679,-5.99334791691909,"GIT2",0.588233706948203,0.163857026748652,"no"
"APEX1",0.039948220898598,11.566942360271,0.544111121532526,0.588926632784007,0.82702535465185,-6.00923886960248,"APEX1",0.555836123588136,0.229938805317629,"no"
"MRPS18B",0.0393279199191419,11.9654164151793,0.274431720673123,0.785753789685056,0.921614392051267,-5.85844591279453,"MRPS18B",0.619408544416948,0.104713515706069,"no"
"SFXN1",0.0392039943205624,11.6397766934283,0.217174581883265,0.829144389379494,0.938445613132661,-6.07029742467012,"SFXN1",0.63072065308268,0.0813698336832396,"no"
"NUDC",0.0390211645483056,12.481335542205,0.495426683288094,0.622598094865644,0.845153340774292,-6.03378723409115,"NUDC",0.56801977609417,0.205792212581554,"no"
"RARS1",0.0390179178192067,13.1596044313964,0.617544739414328,0.539844022609064,0.798651350265935,-5.96792313009626,"RARS1",0.536766216577632,0.267731702964689,"no"
"PPP1R1A",0.0389118698920221,13.1724092637326,0.34237895572225,0.733585930181416,0.894261410872314,-6.09610586620248,"PPP1R1A",0.601024857699763,0.134549006813457,"no"
"ABCB7",0.0388333822895923,11.609137998911,0.149926976702553,0.881536634650279,0.95615881026966,-6.09060979447176,"ABCB7",0.642625529731989,0.0547596347023088,"no"
"ATOX1",0.0387226963834557,12.614672315712,0.475444344798768,0.63666361919166,0.852531915526965,-6.04320471211109,"ATOX1",0.572978848225468,0.196089966275202,"no"
"NANS",0.0385587951554935,12.2711924149698,0.527437706947647,0.60036066904202,0.833272306509244,-6.01790194590679,"NANS",0.560034642394269,0.22158776709086,"no"
"TIMM21",0.0383040010341826,10.8903252169196,0.39925423906849,0.691545825854875,0.879197719803762,-6.06488142281503,"TIMM21",0.590900689675921,0.160179035718839,"no"
"CALD1",0.0379196771014705,12.8914094911732,0.349675022568061,0.728138267666426,0.893254206975959,-6.0936485201549,"CALD1",0.600347925237821,0.137786143787525,"no"
"SNF8",0.0376979856511674,10.8690846829205,0.334103765264312,0.739846745218228,0.897718083528683,-6.0766967429218,"SNF8",0.603348055554607,0.130858232429951,"no"
"NDUFA9",0.037517364967659,16.746582425752,0.281797494757192,0.779330845819898,0.917814880922698,-6.11451740973841,"NDUFA9",0.616854927982633,0.108278134097968,"no"
"PSMC2",0.0374815058386204,12.9808625004788,0.777456704536875,0.440769411755778,0.725721424381444,-5.86024437631642,"PSMC2",0.487750685107898,0.355788552011566,"no"
"TIPRL",0.0374039708315212,12.4897587504957,0.449987537070935,0.654779690112595,0.863554367152155,-6.05464615114923,"TIPRL",0.580386936441049,0.18390479995164,"no"
"DCAF7",0.0373658775651933,11.2946272862294,0.592351537405482,0.556442845293526,0.806548377567238,-5.98267723802668,"DCAF7",0.542073735891685,0.254579437346128,"no"
"PRMT1",0.0370967251378751,11.9044169553977,0.613699215191808,0.542361062477812,0.799949735532324,-5.9702143053355,"PRMT1",0.537638849356463,0.26571149716096,"no"
"SLC37A4",0.0369826038875871,10.7874762006917,0.24482581339981,0.807652735850751,0.92852550591495,-6.12400349728473,"SLC37A4",0.62405344039028,0.0927753314554428,"no"
"ARIH1",0.0369532267098389,11.4981285515824,0.64327102233952,0.523161849942606,0.787477035886227,-5.95223359345076,"ARIH1",0.529256062803463,0.281363933191999,"no"
"MMRN2",0.0364731529568836,11.9685891735312,0.187422961134165,0.852542843779979,0.946315165316685,-5.91901955422342,"MMRN2",0.636009706623467,0.0692837867053341,"no"
"ALDOA",0.0364018267987767,20.0875016773062,0.316929735423617,0.752694728534062,0.903936466441894,-6.10427367338539,"ALDOA",0.607527373436489,0.123381125518251,"no"
"DSTN",0.0362834423675498,12.0585146018962,0.378786997629183,0.706544867354304,0.881420697877308,-6.08333064441529,"DSTN",0.592394732764529,0.150860254161232,"no"
"PFDN2",0.0361952971807362,12.83175314647,0.609874485050759,0.54487046833485,0.799949735532324,-5.97247912940681,"PFDN2",0.537638849356463,0.263706729968484,"no"
"CAMK2B",0.0359020808946955,15.7889053275421,0.681635710244846,0.49880094823211,0.771018171736603,-5.92766944495853,"CAMK2B",0.518194211802,0.302072729588881,"no"
"H2BC12",0.0358923117495333,15.5469261066049,0.408893134611459,0.68446778471893,0.875229531622679,-6.07179872997327,"H2BC12",0.588233706948203,0.164646987629401,"no"
"FXN",0.0357823043479222,12.553222709028,0.380083444985717,0.705588735706038,0.881420697877308,-6.08285209378402,"FXN",0.592394732764529,0.151448361067505,"no"
"COMMD3",0.0353617919605593,12.7007605902188,0.462618398817175,0.64576395658505,0.859527925593121,-6.0490472076911,"COMMD3",0.57768080215455,0.189926198855964,"no"
"PFAS",0.0350592355185704,11.0914610151342,0.390517942205562,0.697910859913147,0.881003354093157,-6.07894131322506,"PFAS",0.592114239851124,0.15620004373791,"no"
"USP9X",0.0350517501694583,12.1393658478628,0.526980462358128,0.60067568612665,0.833272306509244,-6.01813576756732,"USP9X",0.560034642394269,0.221359946868585,"no"
"TFB2M",0.0350222127396105,13.1715148918345,0.118431734261273,0.906228249390219,0.968459708992919,-6.14638932196071,"TFB2M",0.650892850467113,0.0427624039058216,"no"
"MLIP",0.0349971792067993,13.1885480212551,0.402434555481029,0.689181331284002,0.877222860084671,-6.07434638885481,"MLIP",0.58957340464806,0.161666495342049,"no"
"NAXD",0.0347636159273232,13.093005395787,0.491459102192897,0.62537980185451,0.846067559242868,-6.03568763581523,"NAXD",0.568634213906539,0.203856149451872,"no"
"GLO1",0.0346060016345753,17.4409024708193,0.444197506325044,0.658930070585009,0.865070762065838,-6.05716138295776,"GLO1",0.58140609149586,0.181160672766404,"no"
"PLIN4",0.0345232441887706,13.6111033278439,0.367217508763735,0.715098390729409,0.884060317526967,-6.08752926916922,"PLIN4",0.594168796818987,0.145634199302333,"no"
"CARM1",0.0344994560726448,12.3948347903085,0.498458343071387,0.620476309153141,0.844850795051258,-6.0323249350627,"CARM1",0.5678164379003,0.207274795954908,"no"
"DDX17",0.0343596602548129,12.9617969419201,0.560747411086004,0.577622487795508,0.818724499662955,-6.00032993774077,"DDX17",0.550257195404686,0.238355907309284,"no"
"DNAJB4",0.0342801858424497,13.8346259488188,0.341679951374092,0.734108579654297,0.894520302258384,-6.09633858819185,"DNAJB4",0.601198856215835,0.134239700223952,"no"
"ACAT2",0.0342686833611534,10.6189218504909,0.263998126304048,0.792930802043323,0.924148967698847,-6.11925007379669,"ACAT2",0.621112009365111,0.100764711297801,"no"
"PPP2R1A",0.0340599818457097,15.2329382126209,0.822524065046501,0.41491542104099,0.707833047464829,-5.82555086366852,"PPP2R1A",0.475728071742192,0.382040423574142,"no"
"DTNA",0.0339033512600899,11.9916604613264,0.52133741161821,0.604569776667878,0.834358384937048,-6.02100496743373,"DTNA",0.560764585702329,0.218553567635293,"no"
"RABGGTA",0.0338870004527543,12.0115806147365,0.434305444695415,0.666045934639026,0.867940521779302,-6.06138384890433,"RABGGTA",0.583334830567509,0.176495818168538,"no"
"MAOA",0.0338020273538877,12.6613711949507,0.163312524030874,0.871034114521908,0.954732729679898,-6.09745772304213,"MAOA",0.64166707410245,0.0599648352811081,"no"
"DIABLO",0.0337780149049696,14.2136956851823,0.318930901415054,0.751186273544646,0.903868959361108,-6.10365414444671,"DIABLO",0.607482002549263,0.12425235654903,"no"
"LRRFIP1",0.0336531180337705,12.1160861187159,0.269361067116289,0.78885142459569,0.922994584865818,-6.10712574419059,"LRRFIP1",0.620336159295414,0.103004785832847,"no"
"CORO1C",0.0335820525337578,10.7856658772836,0.230686040224142,0.818789990638367,0.934422913131282,-6.03164250450656,"CORO1C",0.628017033462619,0.0868274750435996,"no"
"SCRN3",0.0334737965754552,12.4855972382837,0.438981962017398,0.662677959002032,0.867620597548983,-6.05939940919229,"SCRN3",0.583119812438957,0.178697474018803,"no"
"AARS1",0.0334693238645709,12.369337243944,0.58872206829963,0.558855169651299,0.807991368103072,-5.98475295129401,"AARS1",0.54304355654023,0.252700727302951,"no"
"ACTN2",0.0333038912802373,20.4928018939194,0.521984761836743,0.604122467565987,0.834222886850323,-6.02067737290986,"ACTN2",0.560673518686239,0.218875012377661,"no"
"CDKN1B",0.0332129043194325,12.0340663149506,0.178573462671265,0.85905353038693,0.94781910757961,-6.12693518353149,"CDKN1B",0.637020492366398,0.0659797730403344,"no"
"SPEG",0.033013741870132,12.969760105757,0.358982688740705,0.721209185678635,0.887807891678696,-6.0904388600603,"SPEG",0.59668750688953,0.141938750524041,"no"
"DEPTOR",0.0328019387876903,11.836302291289,0.180162882198119,0.857796103749516,0.947156708965858,-6.13739952281613,"DEPTOR",0.636575300359083,0.0666159307291771,"no"
"CDK5RAP3",0.0327384816772671,11.3356732638209,0.303637938282191,0.762738413038643,0.909121608256294,-6.10829005578959,"CDK5RAP3",0.611012259492472,0.117624381118006,"no"
"MRI1",0.0327378850785287,11.6615418811532,0.240784127326184,0.811349988653437,0.928541691472517,-5.83197013648979,"MRI1",0.624064318554445,0.0907917655757734,"no"
"STRN3",0.0325873358522522,11.6419001366445,0.381748551560653,0.704361421053282,0.881420697877308,-6.08223507864157,"STRN3",0.592394732764529,0.152204439022914,"no"
"AHCY",0.0325725597801902,14.5937824565199,0.58712394427997,0.559919021746534,0.807991368103072,-5.98566294343771,"AHCY",0.54304355654023,0.251874778264561,"no"
"RHOC",0.0325001103629852,11.363628742543,0.32019260013727,0.750331362045278,0.903868959361108,-6.07456737080997,"RHOC",0.607482002549263,0.124746900706236,"no"
"CARS2",0.0321615833583682,11.692731760102,0.303524732916478,0.762824134555192,0.909121608256294,-6.10832352721178,"CARS2",0.611012259492472,0.117575575014689,"no"
"ATP2B2",0.0321547993585476,11.4862134982452,0.157502997092531,0.875932799020932,0.955628865724125,-5.92407883295663,"ATP2B2",0.642269358883962,0.0575292113363561,"no"
"TPM4",0.0320132155007951,12.5230171960751,0.327415938681836,0.744801314408342,0.901075194896873,-6.10098419199168,"TPM4",0.605604339184671,0.127959565593059,"no"
"ILKAP",0.0318719722075542,10.1379073971677,0.318042098722431,0.752021835391167,0.903936466441894,-6.04844558800185,"ILKAP",0.607527373436489,0.123769549232532,"no"
"ARCN1",0.0318579727894708,11.8210307882463,0.301865797172937,0.764080659877974,0.909873269231935,-6.10881259878991,"ARCN1",0.611517443911066,0.11686079287604,"no"
"LONP1",0.0316854863901561,14.1940039515386,0.506564317273202,0.614819157653816,0.842147479538394,-6.02837174860437,"LONP1",0.565999564442849,0.2112526084239,"no"
"C8A",0.0315728696958679,12.5107405144323,0.0835477270172248,0.933769419330346,0.977508074048434,-6.14982663924445,"C8A",0.656974173281437,0.0297603531869176,"no"
"CTSD",0.0315673343563105,15.9360990379345,0.371064813207001,0.712249847167363,0.88281010721561,-6.0861474277446,"CTSD",0.59332854198372,0.147367635278205,"no"
"ITGB1BP2",0.0313656984023574,11.489483422585,0.285696813434579,0.776360617884556,0.91637081905834,-6.11343954552873,"ITGB1BP2",0.615884387304054,0.109936502996729,"no"
"SLC35E2B",0.0312991665652653,15.7737309011797,0.111992064326612,0.911304691436646,0.969604132305431,-6.14711317476857,"SLC35E2B",0.651662006834802,0.0403363939536494,"no"
"STAT3",0.0312254242137691,11.2957247913958,0.199290297272805,0.842910326990496,0.941220658237244,-6.1231205667787,"STAT3",0.632585735338064,0.0742186253333654,"no"
"MARS1",0.0312102963119454,12.2305644604,0.221991961918023,0.825342833404363,0.937080935111281,-6.10031644477484,"MARS1",0.629803465553805,0.0833656154159917,"no"
"SRI",0.0310669765516778,12.96940463079,0.368160096578394,0.714400118173508,0.883955167679924,-6.08719204266948,"SRI",0.594098126575267,0.146058482280067,"no"
"RIC8A",0.0309138316758624,11.6174252075321,0.287138664330632,0.7752631683682,0.91637081905834,-6.11303724602879,"RIC8A",0.615884387304054,0.110550848243071,"no"
"RUSF1",0.0308481840842134,11.3398743854063,0.225486393694346,0.823494828888896,0.936216314113902,-5.80301921122742,"RUSF1",0.629222361745013,0.0843391236248507,"no"
"NDUFA1",0.030490491920709,13.614912245382,0.245479795852379,0.807149366101844,0.92852550591495,-6.12384723912797,"NDUFA1",0.62405344039028,0.0930460899726922,"no"
"PRKCSH",0.0304377500792121,13.5452521456714,0.426901833014101,0.671392150575169,0.869006149991035,-6.06448240640021,"PRKCSH",0.584051029473702,0.173023740511029,"no"
"WASHC2C",0.0303661231617962,9.85464489204741,0.150533132991352,0.881345193161848,0.95615881026966,-5.82991741476019,"WASHC2C",0.642625529731989,0.0548539597796318,"no"
"DHX9",0.0303063939557759,13.2065441610353,0.421290956700084,0.675455296821499,0.871292000329477,-6.06679546596119,"DHX9",0.585587328432466,0.17040338829432,"no"
"GATAD2B",0.0300391124888115,18.3614587423266,0.259474459717233,0.796397769640642,0.924148967698847,-6.12040382865593,"GATAD2B",0.621112009365111,0.0988699649104719,"no"
"UBR4",0.0299144356651659,11.380210907511,0.266517858431076,0.791001488256233,0.924148967698847,-6.11859879928439,"UBR4",0.621112009365111,0.101822699383661,"no"
"ALDH6A1",0.0297173680646985,12.9762590166536,0.183889295861807,0.854888162030873,0.946315165316685,-6.13673803276431,"ALDH6A1",0.636009706623467,0.0680906967218474,"no"
"SDCBP",0.0297071991674915,10.2855526226766,0.245735168966904,0.807137772420957,0.92852550591495,-6.0436387635098,"SDCBP",0.62405344039028,0.0930523281090366,"no"
"PPA1",0.0294378618726174,14.6589871446202,0.445802933635289,0.657778182466838,0.864739854104831,-6.05646720862302,"PPA1",0.581183691303078,0.181920535522563,"no"
"ECPAS",0.0293672060014885,13.9737926311334,0.53271616177458,0.596729691430193,0.831499130204565,-6.01518819516621,"ECPAS",0.558842906931642,0.224222352463454,"no"
"FYCO1",0.029194315463128,14.1595106435174,0.403635048848815,0.688304247610868,0.876493438985041,-6.07387588762233,"FYCO1",0.589083167445294,0.162219550352893,"no"
"RAB5B",0.0291650291213799,12.9226898455393,0.423539672458964,0.673825696570466,0.87113878170971,-6.06587208812075,"RAB5B",0.585484351609332,0.171452431072379,"no"
"GNG12",0.0287212185947894,11.1430743150606,0.258814526690452,0.796928188563861,0.924148967698847,-6.11156553598104,"GNG12",0.621112009365111,0.0985808112457436,"no"
"CAP1",0.0286914813903554,11.9264294842328,0.344703256561682,0.731848954803721,0.893655458152955,-6.09532862621168,"CAP1",0.600617602458177,0.13557854307295,"no"
"SNX5",0.0286148985083639,12.238358563365,0.410534224869123,0.68327210681927,0.87511038825409,-6.07114496840469,"SNX5",0.588153631787537,0.165406308095887,"no"
"YWHAH",0.0285723709826211,12.3063390977952,0.407276715128477,0.685646286212037,0.875229531622679,-6.07244012241967,"YWHAH",0.588233706948203,0.163899871995085,"no"
"SUN1",0.0284545857797482,12.0653996591997,0.409243051644398,0.684212770934035,0.875229531622679,-6.07165955145345,"SUN1",0.588233706948203,0.164808823903634,"no"
"MRPL49",0.0283256166201262,10.3990212814269,0.168069309384052,0.867295566267499,0.953992032639908,-6.11055651270919,"MRPL49",0.641169258444024,0.0618328737762671,"no"
"CA3",0.0280919486841462,20.5258865826091,0.277231100561147,0.782813434293429,0.920412369929836,-6.11576090489222,"CA3",0.618600676420295,0.106341729782764,"no"
"DARS1",0.027903076597882,12.4172599235919,0.510235453992574,0.612264804516829,0.84173321238346,-6.0265606360667,"DARS1",0.565721139303604,0.213060704868446,"no"
"MRPL40",0.0278546024875261,11.3854607679566,0.160963986104092,0.873097464036908,0.954732729679898,-5.96869881789427,"MRPL40",0.64166707410245,0.0589372732122097,"no"
"PSMA5",0.0278296243584997,15.2162560894156,0.613127341203124,0.542735890644638,0.799949735532324,-5.97055382746024,"PSMA5",0.537638849356463,0.265411457960737,"no"
"MYOM3",0.0277893917129006,16.0450858734567,0.109370263225656,0.913372560736415,0.969897703953492,-6.14739629616646,"MYOM3",0.651859313635538,0.0393520394771678,"no"
"NIF3L1",0.0276815183127752,13.5322926055637,0.453987816745197,0.651918637342663,0.863402878147978,-6.05288954414995,"NIF3L1",0.580285122076623,0.185806602976724,"no"
"GRPEL1",0.0276393905238592,13.3884992527127,0.388732935383449,0.699222063937572,0.881003354093157,-6.07961778153449,"GRPEL1",0.592114239851124,0.155384876004158,"no"
"ACACB",0.0275481071113486,13.4352713975861,0.422391390657163,0.674657637137155,0.871292000329477,-6.06634421012663,"ACACB",0.585587328432466,0.170916559053507,"no"
"CFL1",0.0275257437440075,14.9398035481676,0.303616836191154,0.762754391764201,0.909121608256294,-6.10829629598591,"CFL1",0.611012259492472,0.117615283110705,"no"
"STIP1",0.0273804412858762,15.6125505741104,0.492458883180431,0.624678325180837,0.846067559242868,-6.03521018295274,"STIP1",0.568634213906539,0.20434356275522,"no"
"THNSL2",0.0271803611001467,10.9953158660856,0.187487507663128,0.852270925069624,0.946315165316685,-6.04017094304357,"THNSL2",0.636009706623467,0.0694223271120257,"no"
"TAGLN",0.0269729505365923,12.7036519535207,0.18060810490739,0.857448564435215,0.947135713129013,-6.13732120090507,"TAGLN",0.636561189250521,0.0667919224244851,"no"
"TCP1",0.0266186334107879,12.6589647082994,0.429152284247067,0.669765246756425,0.868225362589377,-6.06354613800586,"TCP1",0.583526269452449,0.174077391184757,"no"
"ANK3",0.0265443237260268,13.274962839783,0.311423603939043,0.756850201091106,0.906057713255207,-6.10595824602236,"ANK3",0.608953043882085,0.120990069347037,"no"
"MOCS3",0.0262343831502481,9.97556495312644,0.199575477021149,0.843150644039724,0.941220658237244,-5.92808395257822,"MOCS3",0.632585735338064,0.0740948239158753,"no"
"BTF3",0.0261376568559601,10.5822424105248,0.141871253098548,0.887826497749857,0.958653105997317,-6.11263274331978,"BTF3",0.644301922916969,0.0516718973205477,"no"
"DAG1",0.0260772946594567,15.590890029712,0.429935250757328,0.669199596199484,0.867940521779302,-6.0632192509696,"DAG1",0.583334830567509,0.17444432976641,"no"
"CSNK1A1",0.0260481279870461,11.0588316351608,0.207918853612855,0.836187014212154,0.939854644044304,-6.13214778484639,"CSNK1A1",0.63166764978059,0.0776965812244893,"no"
"GSPT2",0.0257116231520715,11.6397784212155,0.162750144327957,0.871799560519679,0.954732729679898,-5.92287264117899,"GSPT2",0.64166707410245,0.0595833542491979,"no"
"TOM1L2",0.0254432771075503,11.9587658285028,0.316776761865738,0.75281007836524,0.903936466441894,-6.10432087182461,"TOM1L2",0.607527373436489,0.123314575355093,"no"
"CAPN1",0.0254004976864604,14.796422203087,0.440663323094847,0.66146877519004,0.866892802780498,-6.05868078785842,"CAPN1",0.582630668278373,0.179490651979472,"no"
"RAB21",0.0249988494462912,13.4419545476572,0.371484249928103,0.711939545766577,0.882805036750556,-6.08599591272544,"RAB21",0.593325134170858,0.14755688284442,"no"
"HSPA12B",0.0248793937124212,11.4437428417944,0.176454708651704,0.860742890347996,0.948956693259378,-6.10364836866262,"HSPA12B",0.637785053224098,0.0651265558383749,"no"
"UBE2O",0.0247378589644729,11.1594768718777,0.280866720720857,0.780094502326575,0.917946444154004,-6.09261815097631,"UBE2O",0.616943350418638,0.107852782754507,"no"
"GLRX3",0.0241565361788272,13.5090097329294,0.297155598662433,0.767651784559175,0.911883022201937,-6.11018666333261,"GLRX3",0.612868180371482,0.114835736138599,"no"
"PFDN5",0.0240520389784873,12.2634536132142,0.318176247520635,0.75175500773678,0.903936466441894,-6.10388822915419,"PFDN5",0.607527373436489,0.123923670210875,"no"
"CDSN",0.0240372802365005,10.9242206783545,0.107886923821381,0.914734902283392,0.969897703953492,-5.98177841160248,"CDSN",0.651859313635538,0.0387047498207181,"no"
"PTRH2",0.0239589997035328,11.3791290027063,0.208744208794273,0.835546305593922,0.939854644044304,-6.13198013779199,"PTRH2",0.63166764978059,0.0780294767021751,"no"
"UFD1",0.0239226593732891,11.8947712092285,0.332666427352823,0.740859353825355,0.898190713657905,-6.0992970987474,"UFD1",0.603665705911323,0.130264231501281,"no"
"MAPRE2",0.0239136539340237,14.9205820866915,0.268422431497051,0.789544066506467,0.923430240867402,-6.11810243230864,"MAPRE2",0.620628959681492,0.102623625875422,"no"
"UBXN1",0.0236569892225198,14.0513666078077,0.259643213288546,0.796268360825431,0.924148967698847,-6.12036114528194,"UBXN1",0.621112009365111,0.098940540322863,"no"
"GANAB",0.0236154016769525,13.4504958359804,0.35426065522071,0.724721589924342,0.891127836775742,-6.09207768682502,"GANAB",0.598918811411076,0.139828800575828,"no"
"PRPSAP2",0.0236032616694946,12.1009664792198,0.217863048390856,0.828475101494637,0.938445613132661,-6.13008379200025,"PRPSAP2",0.63072065308268,0.0817205390804603,"no"
"NAXE",0.0230971640453177,13.5197222227141,0.334061511313547,0.739813127508744,0.897718083528683,-6.09884433759828,"NAXE",0.603348055554607,0.130877966675631,"no"
"UBE2V2",0.0230017014216273,14.2682958975706,0.44467865923711,0.658584757358689,0.865026541522719,-6.0569535966835,"UBE2V2",0.581376371276121,0.181388325053835,"no"
"TNNT1",0.0226214775165055,17.2593658848409,0.0258365040536567,0.979496688149468,0.994426847655714,-6.15290674211222,"TNNT1",0.668345125193418,0.00899702809276963,"no"
"PRDX2",0.0225701634883926,17.7101910440144,0.359682571013616,0.720689104020007,0.887807891678696,-6.09019412322064,"PRDX2",0.59668750688953,0.142252043917743,"no"
"PEPD",0.0225121254365241,13.5939500827763,0.264272101159985,0.79272096076148,0.924148967698847,-6.11917955842537,"PEPD",0.621112009365111,0.100879658240692,"no"
"PSMC3",0.0224465431797984,13.9990134046492,0.400836638543584,0.690349442671481,0.878321907864907,-6.07497049093607,"PSMC3",0.590312064538436,0.160931021424903,"no"
"PRDX6",0.0224238982359175,18.2941756648807,0.285240277522342,0.776708201535674,0.91637081905834,-6.11356650574395,"PRDX6",0.615884387304054,0.109742108952739,"no"
"ABCC9",0.0224006652359474,9.63008579902258,0.114110414714136,0.909817682009874,0.968970955757099,-5.99967334512869,"ABCC9",0.651236454708507,0.0410456270524525,"no"
"PICALM",0.0218790175400105,10.5237029659867,0.145348737699399,0.885111706769065,0.958653105997317,-6.10407890342733,"PICALM",0.644301922916969,0.0530019150966358,"no"
"ANXA5",0.0217849750932064,15.8050892475724,0.203412113000764,0.839687484777013,0.940489129219942,-6.13305150624028,"ANXA5",0.632094081423244,0.0758823197602132,"no"
"PPP2R5D",0.0217315566502698,12.7494111250069,0.304157628608683,0.762344930995612,0.909121608256294,-6.10813623947301,"PPP2R5D",0.611012259492472,0.117848483078698,"no"
"PRPF8",0.0215893950545158,10.0791536977366,0.142677198519381,0.887358870195149,0.958653105997317,-6.00811152065626,"PRPF8",0.644301922916969,0.051900705055177,"no"
"UBE2M",0.0215339140492823,13.1114147213095,0.246225036012441,0.806575855846227,0.92852550591495,-6.12366866967487,"UBE2M",0.62405344039028,0.0933547823652113,"no"
"COA4",0.0215082893482439,10.2223467443509,0.110779176436886,0.912371560688553,0.969604132305431,-6.05341474035141,"COA4",0.651662006834802,0.0398282604718074,"no"
"EIF3C",0.021239967815637,11.637805825041,0.365732160987866,0.716199241251088,0.885041754190693,-6.08805893299863,"EIF3C",0.594828411361206,0.144966143419955,"no"
"RAB14",0.021236548900335,13.0304785273402,0.306686230491258,0.760431313609807,0.908923497983861,-6.10738409374653,"RAB14",0.610879111403054,0.118940007735129,"no"
"UBE2H",0.0209776786927289,10.8405338400125,0.216671506136709,0.829418440292216,0.938445613132661,-6.1195980605394,"UBE2H",0.63072065308268,0.0812263132833974,"no"
"SNRPE",0.0207240034630161,12.3797201656548,0.197556667491355,0.844240402280751,0.941407672678303,-6.13419615244022,"SNRPE",0.632711426021413,0.0735338679270215,"no"
"JPH1",0.0207072896695042,12.6723284197312,0.12385090706004,0.901959325909206,0.965817895937492,-6.14574884842871,"JPH1",0.649117312244841,0.0448130466392953,"no"
"PEA15",0.0206643503655659,12.7120705852543,0.223284566505265,0.824277735141596,0.936694012776201,-6.12891799104039,"PEA15",0.629543418616126,0.0839264308802292,"no"
"PGLYRP2",0.0206171904469254,11.1754526271477,0.106181920145692,0.915907947142242,0.969897703953492,-6.12914747758753,"PGLYRP2",0.651859313635538,0.0381481726826813,"no"
"CTSB",0.0203796696154637,13.6094239508075,0.218597167193821,0.827906444172297,0.938228883077332,-6.1299276065717,"CTSB",0.630574990808674,0.082018736977599,"no"
"C11orf68",0.0202288561614008,12.5498178189152,0.266366546721005,0.79114235269139,0.924148967698847,-6.10790685143568,"C11orf68",0.621112009365111,0.101745365521261,"no"
"YWHAE",0.0201986773483931,17.7567953420212,0.421540359563378,0.675274481852932,0.871292000329477,-6.06669329548388,"YWHAE",0.585587328432466,0.170519661652326,"no"
"ROCK1",0.020167068717484,12.0724846040335,0.10017363701945,0.920649548077873,0.971272725809142,-6.12614060701921,"ROCK1",0.652783453160154,0.0359056556882406,"no"
"PACSIN3",0.0201435336410594,15.1301446412947,0.142699980835763,0.887134651961898,0.958653105997317,-6.14329817413856,"PACSIN3",0.644301922916969,0.052010456644287,"no"
"RPL23A",0.020120535547834,11.4732397955002,0.183302348258578,0.855346058222509,0.946315165316685,-6.13684312128139,"RPL23A",0.636009706623467,0.0678581416814804,"no"
"DBT",0.0200886641154021,13.3062666445191,0.16841976506226,0.86697280398352,0.953992032639908,-6.13939563041766,"DBT",0.641169258444024,0.061994525666968,"no"
"DYNC1LI1",0.0200518708210993,12.0938007914377,0.270013715764026,0.788326962500137,0.922994584865818,-6.11768501263944,"DYNC1LI1",0.620336159295414,0.103293619365344,"no"
"ABRA",0.0199671431096107,10.9464364365816,0.0864547097858369,0.93156872443418,0.976502136112496,-6.03025202623848,"ABRA",0.656298091659831,0.0307851004654583,"no"
"TIGAR",0.0198492244537842,10.4741894686512,0.0940055396763009,0.925529678527782,0.974368115331856,-6.12001099691884,"TIGAR",0.654863835948448,0.0336096503695449,"no"
"GFM1",0.0198383329761391,12.9749440727867,0.24147833227407,0.81023057214942,0.928541691472517,-6.12479681143414,"GFM1",0.624064318554445,0.0913913737600638,"no"
"ACTBL2",0.0197064687088577,16.4211154057653,0.215636067776673,0.830200714129387,0.938499875494757,-6.13055437943679,"ACTBL2",0.630757122316464,0.0808168973820733,"no"
"HSPA12A",0.0196383859546536,10.8703556571425,0.215090845697353,0.830623317617628,0.938499875494757,-6.13066885607869,"HSPA12A",0.630757122316464,0.0805958813521639,"no"
"CEFIP",0.0193148688196505,10.6289799333559,0.219013268952092,0.827584168022456,0.938228883077332,-6.12983884718104,"CEFIP",0.630574990808674,0.0821878261337225,"no"
"PRKAA2",0.0190292138711481,14.4462049966649,0.385928711502916,0.701283819052179,0.881343177998009,-6.08067428781683,"PRKAA2",0.592342632367644,0.154106181602318,"no"
"RAB24",0.0186748406876625,11.129564222043,0.177131001319372,0.8602530752883,0.948779501169154,-6.0823349340535,"RAB24",0.637665964052276,0.0653737661602705,"no"
"RPL6",0.0186191823103172,12.0900934423803,0.209051266757035,0.83530797065045,0.939854644044304,-6.13191759865651,"RPL6",0.63166764978059,0.0781533744627017,"no"
"LANCL1",0.0185845328045069,13.6713306406893,0.200392868816863,0.842034425355448,0.941220658237244,-6.13364588770691,"LANCL1",0.632585735338064,0.0746701526377797,"no"
"COX6C",0.0181560154093177,16.1742645616087,0.0842476227327086,0.933215926242648,0.977283514477862,-6.14976934215182,"COX6C",0.656823248862349,0.0300178581548824,"no"
"CDC37L1",0.0179638345629805,11.8420105107455,0.111442352596829,0.911820249798261,0.969604132305431,-6.07145814264763,"CDC37L1",0.651662006834802,0.040090767170259,"no"
"KYAT1",0.0173981601314832,13.2969236050978,0.254018388741449,0.800584856094621,0.926198290578168,-6.12176894048614,"KYAT1",0.622489340397122,0.0965926292905497,"no"
"ADPRH",0.0171620715119136,10.8886924982163,0.160544707727315,0.873200520693056,0.954732729679898,-6.09572129159455,"ADPRH",0.64166707410245,0.0588860139912383,"no"
"IMPA2",0.0171583068990948,12.4931922409945,0.204821869115668,0.838592145245885,0.940358286559272,-6.13277093711901,"IMPA2",0.632006143276127,0.0764492097745025,"no"
"RPS16",0.0171035552400642,13.0511175934138,0.203691542802047,0.83947035040545,0.940489129219942,-6.13299604792494,"RPS16",0.632094081423244,0.0759946382784027,"no"
"CAPN2",0.0169900854555305,14.2632879610974,0.261458983973494,0.794876302104325,0.924148967698847,-6.11990012620304,"CAPN2",0.621112009365111,0.0997004505804199,"no"
"GNA11",0.0168258225874283,11.8529399713771,0.0971167603308721,0.923184652025315,0.972785581794219,-6.01624835149889,"GNA11",0.653800229733644,0.0347114242881286,"no"
"DARS2",0.0167474893224604,12.9076552764247,0.159110268387104,0.874260980352039,0.954732729679898,-6.14088261485761,"DARS2",0.64166707410245,0.0583589044275212,"no"
"EIF2S1",0.0166546168832742,12.1625635283635,0.247775355158201,0.805383129705601,0.92852550591495,-6.12329546299269,"EIF2S1",0.62405344039028,0.0939974717642225,"no"
"SMYD2",0.016559071866677,13.1613348669068,0.202656570469333,0.840274651423775,0.940781289341648,-6.13320107792384,"SMYD2",0.632290439550117,0.0755787376263844,"no"
"CYLD",0.0164274552538739,14.8693860032268,0.189770336196142,0.850302988301344,0.945185457391685,-6.13566655813223,"CYLD",0.63525044033219,0.0704262946380172,"no"
"ITGB1",0.0163338689377248,14.9442135710642,0.225615964193217,0.822474341211934,0.936216314113902,-6.12840787434784,"ITGB1",0.629222361745013,0.0848776418811973,"no"
"EHD4",0.0162949219038921,11.5538636198601,0.166254411474317,0.868666989065092,0.954732729679898,-6.13974903238049,"EHD4",0.64166707410245,0.0611466821583331,"no"
"VASP",0.0159791371395226,10.5832087456407,0.138466982687383,0.890580372308133,0.960188187496016,-6.05790446578065,"VASP",0.645333637053457,0.0503268806085721,"no"
"GSPT1",0.0159474193562179,12.7532485746388,0.260376371365114,0.795706205122295,0.924148967698847,-6.12017538407326,"GSPT1",0.621112009365111,0.0992472551852887,"no"
"TBCE",0.0156980464047809,11.6588501145767,0.126123559894572,0.90016991915316,0.965113379292883,-6.14547172987635,"TBCE",0.648643813096912,0.0456755039103914,"no"
"PRDX1",0.0155760029963119,16.9816580822135,0.224772050289147,0.823127018332946,0.936216314113902,-6.12859313569707,"PRDX1",0.629222361745013,0.0845331427893132,"no"
"AKR7A2",0.0153110067793865,14.0540545816214,0.200672742208459,0.841816810894838,0.941220658237244,-6.13359116372393,"AKR7A2",0.632585735338064,0.0747824057370046,"no"
"SPTBN1",0.0152186705358108,12.5197312517874,0.211413659842003,0.833474831270843,0.9392222812514,-6.13143337686589,"SPTBN1",0.631242644571823,0.0791075101793784,"no"
"FLNC",0.0151683081355927,18.5456367629182,0.161576594318816,0.872329054909518,0.954732729679898,-6.14049689537393,"FLNC",0.64166707410245,0.0593196621146429,"no"
"PLN",0.0150484842265879,12.8513992783536,0.0809836785370422,0.935797406070537,0.978881190121543,-6.15003246369336,"PLN",0.65789703194716,0.0288181629596258,"no"
"PDCD10",0.0149816697310872,11.3088981983529,0.12411749872476,0.901749394224447,0.965817895937492,-6.1457166019587,"PDCD10",0.649117312244841,0.0449141407590511,"no"
"NMRK1",0.0148003562464236,11.0015586879759,0.121867274220233,0.903556610056918,0.966946439047549,-6.11708090213714,"NMRK1",0.649875795674723,0.0440446326269513,"no"
"USP15",0.0145178488116233,14.189595279661,0.213395271029769,0.831937885892379,0.938499875494757,-6.13102301625665,"USP15",0.630757122316464,0.0799090977732141,"no"
"SNRPD3",0.0144849600353218,11.5809567686209,0.154290936778117,0.878038288050437,0.95615881026966,-6.1416192263048,"SNRPD3",0.642625529731989,0.0564865456810581,"no"
"HSPB2",0.014307285346753,16.6338305171881,0.181109460416704,0.857057242190779,0.947066320136456,-6.1372327732494,"HSPB2",0.636514550859363,0.066990170915332,"no"
"SLC25A12",0.0141571572925123,15.7142949971718,0.160657983446702,0.873048531114054,0.954732729679898,-6.14064125351598,"SLC25A12",0.64166707410245,0.0589616140158348,"no"
"PRKAG1",0.01412732241565,12.3611838192303,0.183437266359966,0.855240799934181,0.946315165316685,-6.13681899491143,"PRKAG1",0.636009706623467,0.0679115889456578,"no"
"DDX1",0.0138952792755429,14.4182291120296,0.270385839771869,0.788042417861127,0.922994584865818,-6.11758704367227,"DDX1",0.620336159295414,0.10345040516626,"no"
"EIF5",0.0138914884437931,14.1715509307411,0.214041450592845,0.831436849542914,0.938499875494757,-6.130888376517,"EIF5",0.630757122316464,0.0801707313350944,"no"
"HNRNPC",0.0138881062454583,11.616957041304,0.198372999560419,0.843605335027763,0.941220658237244,-6.13403857451038,"HNRNPC",0.632585735338064,0.0738606824107498,"no"
"NAE1",0.0137780903242835,13.3836314026531,0.246253605440551,0.806553871967008,0.92852550591495,-6.12366181331566,"NAE1",0.62405344039028,0.0933666195749182,"no"
"HK1",0.0137347157255334,14.4582097062451,0.159939784523653,0.873611115802401,0.954732729679898,-6.14075354461519,"HK1",0.64166707410245,0.058681848653839,"no"
"SRPK2",0.0136370763978189,13.5669823172337,0.0243934584999381,0.980723658827783,0.994426847655714,-5.89351041761148,"SRPK2",0.668345125193418,0.00845334771983354,"no"
"CCT7",0.0136198521477713,13.79371295629,0.242416455800548,0.809507924108244,0.928541691472517,-6.1245755856732,"CCT7",0.624064318554445,0.0917788956695441,"no"
"RABEP1",0.0135840446796447,10.687487246595,0.115589253396516,0.908468524688237,0.968733712153255,-6.1467138167657,"RABEP1",0.651077005467483,0.0416901149063196,"no"
"GSTP1",0.0134830652385496,16.9549816212193,0.189682292342778,0.850371593909091,0.945185457391685,-6.13568284725773,"GSTP1",0.63525044033219,0.0703912555574079,"no"
"ARMC1",0.0133462820400752,12.1797384104413,0.16583591575905,0.868994494550143,0.954732729679898,-6.13981680734825,"ARMC1",0.64166707410245,0.0609829749829412,"no"
"MYOZ1",0.0132846292883819,17.099661821942,0.181865587220312,0.856467132308341,0.946777125170609,-6.13709894680594,"MYOZ1",0.636320185586432,0.0672892988175724,"no"
"PCBP2",0.0131845979805068,13.0324247239979,0.206290116220601,0.837451702949574,0.940358286559272,-6.13247667093203,"PCBP2",0.632006143276127,0.0770402299595516,"no"
"ADPRS",0.0131470436219789,12.7355609931328,0.2280750769877,0.820573204991673,0.935290986852037,-6.12786408420799,"ADPRS",0.628600457814991,0.0858826685953465,"no"
"ACOT9",0.0130424098821837,13.0499105393249,0.163142217625263,0.87110307584377,0.954732729679898,-6.14024896574777,"ACOT9",0.64166707410245,0.0599304527746892,"no"
"KTN1",0.0129582298252799,12.3485050338268,0.211948550630116,0.833059902900172,0.9392222812514,-6.13132298584626,"KTN1",0.631242644571823,0.0793237686248772,"no"
"MRPS5",0.0127221233222805,9.44303662636958,0.0640645826348519,0.949387432922186,0.983147977411876,-5.85092795590692,"MRPS5",0.660764700385974,0.0225565213523023,"no"
"ATP6V1G1",0.0126467712435403,12.4936689754519,0.141019674267732,0.888454629432268,0.958972181450105,-6.14353070015496,"ATP6V1G1",0.64451637058996,0.0513647453379294,"no"
"VWF",0.0125857133863985,13.5483556381693,0.149947570862913,0.881445001649194,0.95615881026966,-6.14226369999554,"VWF",0.642625529731989,0.0548047806141528,"no"
"EPS15L1",0.0124867554235752,10.0098278084916,0.0586725482896703,0.953496634025603,0.984574067297927,-6.09040336351079,"EPS15L1",0.661723162263463,0.0206808357345851,"no"
"UBAP2L",0.0121457678220622,11.5417598513962,0.123977249413519,0.90185983480712,0.965817895937492,-6.14573357491218,"UBAP2L",0.649117312244841,0.0448609543648803,"no"
"PCBD2",0.0119528867628063,16.3554239457476,0.164809260891843,0.869798030073018,0.954732729679898,-6.13998235043067,"PCBD2",0.64166707410245,0.0605815802639076,"no"
"ACTN4",0.011700414512676,12.9802600592642,0.15840257672073,0.874815473661785,0.954976528045031,-6.14099219962682,"ACTN4",0.641830928738164,0.0580835438025586,"no"
"MYCBP",0.0115859631323545,12.3558916767017,0.160135015542987,0.873472932294362,0.954732729679898,-6.12997895321954,"MYCBP",0.64166707410245,0.0587505486516688,"no"
"SERPINB1",0.0115717358182366,14.3869929598602,0.151583210148168,0.880161820659585,0.95615881026966,-6.14202315974696,"SERPINB1",0.642625529731989,0.0554374740331095,"no"
"LIMCH1",0.0112368183979843,12.2997466510399,0.153715998995304,0.878489107399665,0.95615881026966,-6.14170559183465,"LIMCH1",0.642625529731989,0.0562636190583243,"no"
"BCS1L",0.0111153518057723,13.1900983047951,0.107097152480453,0.915165901206779,0.969897703953492,-6.14763633832258,"BCS1L",0.651859313635538,0.0385001699251984,"no"
"RTN4",0.0110143753483136,15.6656446697119,0.130663416034702,0.896596973065137,0.963791600800444,-6.14490308175758,"RTN4",0.647755457946315,0.0474027316572969,"no"
"ATP1B4",0.0108319208066963,11.7509676454371,0.0398118827132491,0.968435434583718,0.989719729849294,-6.09130694181529,"ATP1B4",0.665181514670383,0.0139293283147379,"no"
"PCBD1",0.01058157195361,14.6638506479241,0.120263943179948,0.904784617555714,0.967542304307539,-6.14617598326212,"PCBD1",0.650276271227777,0.043454791556805,"no"
"CFL2",0.0105651784510741,17.5071290442118,0.150996017490441,0.88062244400665,0.95615881026966,-6.14210981338103,"CFL2",0.642625529731989,0.0552102500779168,"no"
"ARHGEF6",0.0104979987083844,9.87584816936951,0.0740105176763319,0.941490181929539,0.980109238255132,-5.94714930453319,"ARHGEF6",0.658722391786872,0.0261842045438185,"no"
"ERN1",0.0102733851467178,13.0609146663057,0.0735319821556837,0.941693579593033,0.980109238255132,-6.1505942318714,"ERN1",0.658722391786872,0.0260903905623729,"no"
"STUB1",0.0101365735226828,12.6813355711244,0.144404083195951,0.88579631147157,0.958653105997317,-6.14305954472091,"STUB1",0.644301922916969,0.052666132485307,"no"
"HAGH",0.0100310075216807,15.9499322995857,0.165557261119809,0.86921257637325,0.954732729679898,-6.1398618405711,"HAGH",0.64166707410245,0.06087399863086,"no"
"PPIE",0.00990474943087172,11.1252074242969,0.0990168681739913,0.921553331438434,0.971421665278613,-6.13770032379996,"PPIE",0.652883554005786,0.0354795265553609,"no"
"GDI1",0.00988414173116503,12.7877311810278,0.120499513833004,0.904599030467019,0.967542304307539,-6.14614831642729,"GDI1",0.650276271227777,0.0435438820588702,"no"
"VAPB",0.00955293299369586,15.4564055447114,0.185242375535825,0.8538327746254,0.946315165316685,-6.13649449608142,"VAPB",0.636009706623467,0.0686271786890538,"no"
"PCYT2",0.00914178726269199,13.90503216265,0.10595067620006,0.916070568111467,0.969897703953492,-6.14775549547482,"PCYT2",0.651859313635538,0.0380710698245708,"no"
"NIPSNAP3B",0.00892613281545707,15.1566609116533,0.0403081679455372,0.968017486956073,0.989719729849294,-6.15243966424116,"NIPSNAP3B",0.665181514670383,0.0141167972164708,"no"
"PSMA6",0.00890046489733543,14.9618444324674,0.141867862848833,0.887788288365603,0.958653105997317,-6.14341366913862,"PSMA6",0.644301922916969,0.0516905884520599,"no"
"DAP3",0.00888223784474107,11.1896202670231,0.0780546649964696,0.938136915818877,0.978881190121543,-6.12134816362437,"DAP3",0.65789703194716,0.0277337741525393,"no"
"FKBP5",0.00877517325929311,11.4620693430749,0.0781916389635109,0.938006206760949,0.978881190121543,-6.15024929569431,"FKBP5",0.65789703194716,0.0277942878969351,"no"
"PSMA1",0.00867028262693026,15.367769224441,0.134698353139424,0.893423220239339,0.961484644263008,-6.14438081437533,"PSMA1",0.646204973705606,0.0489427643213503,"no"
"TMEM143",0.0081841669968572,13.4998358323604,0.0797385754855023,0.936782353252522,0.978881190121543,-6.15013009884865,"TMEM143",0.65789703194716,0.0283612989318903,"no"
"SLC2A4",0.00801148842186272,12.3677962199885,0.063180458673708,0.949889652704799,0.983182057872706,-6.15128471666777,"SLC2A4",0.660787605549801,0.022326843137338,"no"
"TMEM38A",0.0078046526944977,11.180725404533,0.0683752660314628,0.945809922150419,0.981634078742271,-6.09927141384344,"TMEM38A",0.659747223033816,0.0241961342700819,"no"
"AGL",0.007599646591256,18.011711947408,0.0687305929275102,0.94549445982736,0.981634078742271,-6.15092750160418,"AGL",0.659747223033816,0.0243410115819827,"no"
"GDI2",0.00755582254499387,15.8216985982065,0.128739529774151,0.898110845355363,0.964209239759581,-6.1451465148505,"GDI2",0.648036149244109,0.0466700591507885,"no"
"TTC1",0.00741604439753196,10.4067476981463,0.0629428477113469,0.950102397930406,0.983182057872706,-6.11169342250488,"TTC1",0.660787605549801,0.0222295858063006,"no"
"GNAS",0.00738294864147626,12.7368996255404,0.100390629357208,0.920459485711197,0.971272725809142,-6.14831518765439,"GNAS",0.652783453160154,0.0359953223357267,"no"
"CCDC51",0.0073313169927367,12.0652080591466,0.0718949899241877,0.943009870807165,0.980771088577582,-6.11628995155988,"CCDC51",0.659167215292654,0.025483761329853,"no"
"SERPINB6",0.00727134715105926,14.7649841438977,0.0744591257975606,0.940959788328948,0.980109238255132,-6.15052728704823,"SERPINB6",0.658722391786872,0.0264289356375615,"no"
"HINT3",0.00723751682001961,13.2215899461812,0.116718182161467,0.907578678818161,0.968459708992919,-6.14658588247196,"HINT3",0.650892850467113,0.0421157152776098,"no"
"CUTA",0.00723141646247427,14.19076857489,0.106320242591776,0.915778936609862,0.969897703953492,-6.14771722518995,"CUTA",0.651859313635538,0.038209349691601,"no"
"TXNL1",0.00700776172754658,14.7859155196556,0.0997379176082339,0.920974881574488,0.971272725809142,-6.14837891432445,"TXNL1",0.652783453160154,0.0357522144745455,"no"
"FKBP7",0.00698168570876234,10.9755327485633,0.0682482648380218,0.94588257743532,0.981634078742271,-6.14194223838559,"FKBP7",0.659747223033816,0.024162773891124,"no"
"PRMT5",0.00685472054755998,12.2149276310335,0.123587132674058,0.902167046049138,0.965817895937492,-6.14578068593043,"PRMT5",0.649117312244841,0.0447130406614949,"no"
"PCCA",0.00664774900214482,13.8663318081909,0.0563611928328971,0.955292021077428,0.985721867131792,-6.15168246594643,"PCCA",0.662494587960053,0.0198638496137301,"no"
"SSR4",0.00663656182720374,12.2596343474424,0.0846712458098565,0.932880931868271,0.977283514477862,-6.14973443003387,"SSR4",0.656823248862349,0.0301737838338641,"no"
"PGLS",0.00646749561483162,13.1617114748687,0.0920749414548292,0.927028242279305,0.974698184715987,-6.14909600427349,"PGLS",0.655085672541436,0.0329070347020827,"no"
"PIN4",0.00643436667767006,11.4910563688886,0.051582058324704,0.959084132525759,0.986809262695133,-6.14118371126059,"PIN4",0.663225416502776,0.0181432940920709,"no"
"SRPRB",0.00613983637535398,10.4916801354378,0.0653637066962571,0.948160526813467,0.982359893370409,-6.15114778537543,"SRPRB",0.66023503636031,0.0231181288988721,"no"
"DCUN1D1",0.0057405967719184,13.8675275547431,0.0599759505808804,0.952428052253089,0.98437794720339,-6.15147727791858,"DCUN1D1",0.661591351754278,0.0211678216257201,"no"
"ECHDC1",0.00572769425581399,11.9905691363584,0.0516471583700036,0.959032540794333,0.986809262695133,-6.14118043406976,"ECHDC1",0.663225416502776,0.0181666565961222,"no"
"TMX4",0.00556456077849887,13.7933016103406,0.060825587473518,0.95175497642799,0.984243316239606,-6.15142719867779,"TMX4",0.66150086752353,0.0214748437181495,"no"
"RIDA",0.00501865033088222,13.4735839070323,0.0497722397516005,0.960513947882508,0.987223426647155,-6.15202368119453,"RIDA",0.663503772280295,0.0174963242490069,"no"
"SEPTIN11",0.00488842223151487,11.4914296212194,0.0596913572599326,0.952653512752569,0.98437794720339,-6.15149389492514,"SEPTIN11",0.661591351754278,0.0210650268130811,"no"
"IMPDH2",0.0047058272586753,14.3816629026932,0.070229768076381,0.944307539671285,0.981058968242276,-6.15082585710437,"IMPDH2",0.659360696563794,0.0248865427457331,"no"
"LRRC39",0.00470193667208818,13.152075915734,0.0246106256674001,0.980469314173225,0.994426847655714,-6.15293691832292,"LRRC39",0.668345125193418,0.00856599393274178,"no"
"VPS4A",0.00462186952054289,12.7700913444597,0.0721853885395059,0.942759436893101,0.980771088577582,-6.15068996975714,"VPS4A",0.659167215292654,0.0255991116721828,"no"
"ANXA2",0.00437551788968626,15.9546166460842,0.0480959352079581,0.961842753648829,0.987532998137313,-6.15210373064691,"ANXA2",0.663711832427538,0.0168959225615485,"no"
"LEMD2",0.00437473532906907,11.9774291928423,0.0259599670988971,0.979444716381699,0.994426847655714,-5.99579667246487,"LEMD2",0.668345125193418,0.00902007222457444,"no"
"HBS1L",0.00418138029773729,9.4345302266367,0.0210205140952742,0.983330784186224,0.995065865499783,-6.09186303957971,"HBS1L",0.668774603200777,0.00730036458755865,"no"
"ATP6V0D1",0.00409871754881586,9.48172761248735,0.0183222705173966,0.985488260150079,0.996200089064754,-6.00859529214026,"ATP6V0D1",0.669536904412087,0.00634854498414,"no"
"CNN3",0.00406190617812641,12.097589406567,0.0464421617906174,0.96315380622567,0.98783822637759,-6.15218001726384,"CNN3",0.663916973516539,0.0163043547639615,"no"
"HGH1",0.00401589904882194,12.2003808792309,0.0352080220888781,0.97206236644728,0.992222327078721,-6.15262759413815,"HGH1",0.666863487218242,0.0123058703257768,"no"
"ANXA7",0.00383931300644136,16.4257110757048,0.0652056879441613,0.948285668834495,0.982359893370409,-6.15115785228186,"ANXA7",0.66023503636031,0.0230608127573542,"no"
"ADA",0.00366916507109494,11.7516737401865,0.0111115022223295,0.991238422568601,0.997118064293536,-5.79181180279906,"ADA",0.67015386710839,0.00382187210201626,"no"
"HYOU1",0.00332852112357429,11.4039750617037,0.0527631511036526,0.958143337615945,0.986545443695274,-6.15187404418374,"HYOU1",0.663048106182862,0.0185695158910933,"no"
"NXN",0.0032616874297684,12.9255241290764,0.044593138012093,0.96461976790941,0.988623814746829,-6.15226215058341,"NXN",0.664444960223885,0.0156438423457056,"no"
"AGO2",0.00321046192869723,11.108503215737,0.0359720679868892,0.971466627761078,0.992114165014236,-6.12368629349775,"AGO2",0.666790792490922,0.0125721138785592,"no"
"SQSTM1",0.00320037727074762,11.3103523474577,0.0241312638810731,0.980851849936488,0.994426847655714,-6.14393003174317,"SQSTM1",0.668345125193418,0.00839658447929556,"no"
"LZIC",0.00313713490480261,11.6489208858984,0.0304568626263635,0.975836805060215,0.994029808916623,-6.13321844703129,"LZIC",0.668078279113779,0.0106228058864706,"no"
"FCGRT",0.00309298502492972,10.1090621643077,0.0171544199048262,0.986400456524757,0.996306922603786,-6.06797475319545,"FCGRT",0.669608706249686,0.00594673541259144,"no"
"PSMD14",0.0029722602181792,12.9112064244395,0.0336558462317787,0.973293535227199,0.992649499331627,-6.1526797505747,"PSMD14",0.667150585754972,0.0117561612691081,"no"
"CHORDC1",0.00296562937839795,11.3857710496775,0.0281404527480484,0.977668795033717,0.994426847655714,-6.1528460599344,"CHORDC1",0.668345125193418,0.00980824628695289,"no"
"PRKN",0.00289798075734815,10.7221362860263,0.0182996789899014,0.985476933495316,0.996200089064754,-6.15306905961873,"PRKN",0.669536904412087,0.00635353655241107,"no"
"APRT",0.00272963134077919,13.1439100982126,0.0303637820027201,0.975904977917477,0.994029808916623,-6.15278258974089,"APRT",0.668078279113779,0.0105924667340326,"no"
"CCDC90B",0.00245045467149296,10.8303630140503,0.0221430844203548,0.982440733924213,0.994877669267583,-6.09012591038212,"CCDC90B",0.668648118246486,0.00769363912659943,"no"
"ITGA6",0.00243346786635534,10.8125682891624,0.0217658231493434,0.982799723230689,0.994877669267583,-5.88791796907348,"ITGA6",0.668648118246486,0.00753497449497013,"no"
"TPP1",0.00241317082555703,14.660557455696,0.0254652775958342,0.979791220242321,0.994426847655714,-6.15291603502835,"TPP1",0.668345125193418,0.00886645650797599,"no"
"G3BP2",0.00222687584243175,13.0292045212946,0.0305586843574599,0.975750363162368,0.994029808916623,-6.15277679581924,"G3BP2",0.668078279113779,0.0106612784075815,"no"
"RAP1A",0.00220686213235233,13.0360247542534,0.0390507528348707,0.969014656773309,0.989960756724822,-6.15248835496889,"RAP1A",0.665343506613461,0.0136696540043112,"no"
"ADH5",0.00208506733148539,14.0268172435116,0.0224231314388336,0.982204970751135,0.994877669267583,-6.15298712231282,"ADH5",0.668648118246486,0.00779787231770502,"no"
"MFN1",0.00199773149949323,10.3819313901535,0.0164347434624739,0.986959904735264,0.996306922603786,-6.13089916380186,"MFN1",0.669608706249686,0.00570049019350971,"no"
"CPNE3",0.001984019358094,11.2444639861397,0.0252907071339482,0.979932027879202,0.994426847655714,-6.14390208193633,"CPNE3",0.668345125193418,0.00880404771645782,"no"
"MAP2K3",0.00186751528751827,12.0588884420955,0.0239737085717533,0.980974663452254,0.994426847655714,-6.15295201774974,"MAP2K3",0.668345125193418,0.00834220940391928,"no"
"RPL21",0.00183468990355884,12.8654692691381,0.0166691973535339,0.986770794667279,0.996306922603786,-6.15309688118764,"RPL21",0.669608706249686,0.00578371275196147,"no"
"NAA10",0.00111157988432709,10.7905154919672,0.00831366734276153,0.993401774694364,0.997422382370118,-6.15319874068861,"NAA10",0.670358396484755,0.00287506848083867,"no"
"RPL14",0.00108101273990968,12.2209245177871,0.0114544370275316,0.990911298092817,0.997118064293536,-6.13360670111001,"RPL14",0.67015386710839,0.00396521985676689,"no"
"DDI2",0.00101830744625353,11.2324020974449,0.00420443466675939,0.99666724089321,0.998398768413873,-6.05745390827909,"DDI2",0.67101461655181,0.00144981617782738,"no"
"IDH1",0.00101346791775292,15.2236427033858,0.015144905866834,0.987980421684351,0.996971493075248,-6.15312054432064,"IDH1",0.670055357942564,0.00525166152441464,"no"
"PPIH",0.000967994226439117,11.9650748098571,0.00894067463627352,0.992904157145072,0.997422382370118,-6.15319346162068,"PPIH",0.670358396484755,0.00309267097279422,"no"
"FLNB",0.000720758833711699,13.3136273143765,0.00794887475187888,0.993691289615861,0.997422382370118,-6.15320163550337,"FLNB",0.670358396484755,0.00274851705153455,"no"
"PARP1",0.000521465091432916,12.7201797983316,0.00713879904289136,0.994334203174412,0.997422382370118,-6.15320759945784,"PARP1",0.670358396484755,0.00246762143770482,"no"
"MYO1C",0.000476584940368951,12.7433288495242,0.00663046042271553,0.994737646186376,0.997422382370118,-6.15321101492572,"MYO1C",0.670358396484755,0.002291445724075,"no"
"PBDC1",0.000202198810919541,12.7845504390949,0.00248816156558586,0.998025224517755,0.998741405961665,-6.15322944628532,"PBDC1",0.671244900091836,0.000858482028831633,"no"
"KIFBP",-1.42235514513089e-05,11.3287289967248,-9.54584739889446e-05,0.99992426476881,0.99992426476881,-6.1224367105925,"KIFBP",0.67203988860146,3.28926385729904e-05,"no"
"PSMD10",-8.52393027273024e-05,13.4701660917907,-0.00127003097612055,0.998992015622224,0.999338647133543,-6.15323168016518,"PSMD10",0.671646300382597,0.000437982830140514,"no"
"HPRT1",-0.000215588752954687,12.2100370905016,-0.00245876290794326,0.998048557258258,0.998741405961665,-6.15322951725122,"HPRT1",0.671244900091836,0.000848328816519707,"no"
"SEPTIN7",-0.000370066143144498,11.0446429316156,-0.00252974313335319,0.997992693135353,0.998741405961665,-6.13366754413914,"SEPTIN7",0.671244900091836,0.000872638414645926,"no"
"COPS4",-0.000476882897947561,13.9975966815839,-0.00954646618455795,0.992423379945839,0.997422382370118,-6.15318799675982,"COPS4",0.670358396484755,0.0033030129791712,"no"
"COPS5",-0.000513367474072268,14.0247103835881,-0.0111577143322553,0.99114465179475,0.997118064293536,-6.15317171855859,"COPS5",0.67015386710839,0.00386295813650083,"no"
"GPS1",-0.000555222745479256,13.3140682893698,-0.00747698157668395,0.994065805384108,0.997422382370118,-6.15320518755589,"GPS1",0.670358396484755,0.00258486513061429,"no"
"ACSL1",-0.00063953703115871,16.881817431596,-0.006238381948085,0.995048820272826,0.997422382370118,-6.15321347698811,"ACSL1",0.670358396484755,0.00215561085733305,"no"
"PDCD5",-0.000856707419702119,13.2617073499588,-0.011317246004635,0.991018044560453,0.997118064293536,-6.15316996898744,"PDCD5",0.67015386710839,0.00391843776327446,"no"
"UBE3C",-0.000966491137919689,10.9081533198356,-0.00587264965741081,0.995346581366226,0.997422382370118,-6.03568546959036,"UBE3C",0.670358396484755,0.00202567084576808,"no"
"ACSF3",-0.0010849502443584,11.7259482371811,-0.00851696668058649,0.993258764659017,0.997422382370118,-5.96190959276051,"ACSF3",0.670358396484755,0.00293759397836085,"no"
"EIF3B",-0.00119527205833059,12.0934194889082,-0.0164102750756835,0.986976264639755,0.996306922603786,-6.15310106057222,"EIF3B",0.669608706249686,0.00569329136271127,"no"
"EIF4E3",-0.00126333071398932,11.3862514170295,-0.0141620779255774,0.988760376545184,0.997060568583338,-6.15313459940721,"EIF4E3",0.670115224771127,0.00490894576716934,"no"
"RDH13",-0.00140506312839861,12.3831735586065,-0.0113431920510161,0.990997453328521,0.997118064293536,-6.15316968209095,"RDH13",0.67015386710839,0.00392746156597753,"no"
"EIF3K",-0.00142600730129416,13.7835133126932,-0.0184239283033581,0.985378337598686,0.996200089064754,-6.15306683311686,"EIF3K",0.669536904412087,0.00639698941727472,"no"
"KHSRP",-0.0014656605575798,11.5892752408427,-0.0218650829111113,0.982647765876843,0.994877669267583,-6.15299918217643,"KHSRP",0.668648118246486,0.00760212891222816,"no"
"SNX6",-0.00178605734155113,10.3670869503642,-0.0124829639604918,0.990096478439661,0.997118064293536,-6.12236079586886,"SNX6",0.67015386710839,0.0043224841777453,"no"
"MVP",-0.00198823650340429,9.71726544062953,-0.0124409822972684,0.990155632063742,0.997118064293536,-5.94003508064695,"MVP",0.67015386710839,0.004296537893033,"no"
"AP2M1",-0.00215887204284471,11.6059333819563,-0.0265569144017652,0.978930062112371,0.994426847655714,-6.13068707241409,"AP2M1",0.668345125193418,0.00924833447228832,"no"
"PTER",-0.00223611237303878,10.544492622061,-0.00875300496616343,0.993068598676825,0.997422382370118,-5.97453620052824,"PTER",0.670358396484755,0.00302075049977676,"no"
"PSMB3",-0.00270871513347437,13.2992005450094,-0.0349577624468687,0.9722608650702,0.992222327078721,-6.15263616237273,"PSMB3",0.666863487218242,0.0122171948879669,"no"
"NSFL1C",-0.00293621697684543,13.644579194243,-0.0532587234736819,0.957750580956785,0.986493363665028,-6.15184840745967,"NSFL1C",0.663013103674213,0.0187475759084455,"no"
"MT-CYB",-0.00350643402234851,11.4806966581713,-0.0289502380073459,0.977044085458256,0.994426847655714,-6.09167027115596,"MT-CYB",0.668345125193418,0.0100858399257519,"no"
"NRP1",-0.00371381218472777,9.3909090029572,-0.0146758682904515,0.988470071573979,0.997060568583338,-5.6591442146465,"NRP1",0.670115224771127,0.00503647551271736,"no"
"APEH",-0.00373508972148429,14.8564882188575,-0.0769382118341772,0.93899796232147,0.979373183004636,-6.15034416454032,"APEH",0.658227695832412,0.0273353501763827,"no"
"CLIC5",-0.00380331810745105,13.4783441465177,-0.0484302046262521,0.961577769595412,0.987532998137313,-6.15208798696992,"CLIC5",0.663711832427538,0.0170155855385513,"no"
"USP24",-0.0041664284955587,11.7652673189753,-0.0407069557441455,0.967701246364603,0.989719729849294,-6.15242389977879,"USP24",0.665181514670383,0.0142586995938016,"no"
"ARL8B",-0.00417823740450984,13.7246763259074,-0.0401286022795506,0.968159885067941,0.989719729849294,-6.15244671197269,"ARL8B",0.665181514670383,0.0140529159675493,"no"
"VBP1",-0.00454090096670967,12.527728062404,-0.0413885645913636,0.967160739522692,0.989719729849294,-6.15239659583022,"VBP1",0.665181514670383,0.0145013413395086,"no"
"AASDHPPT",-0.00456568715026329,12.2371234647412,-0.0335618853326409,0.973368066115335,0.992649499331627,-6.15268283239373,"AASDHPPT",0.667150585754972,0.011722906024907,"no"
"ARSB",-0.00473044633302067,13.7450403318103,-0.0244801665072512,0.980679011856769,0.994426847655714,-5.84008183380167,"ARSB",0.668345125193418,0.00847311921646535,"no"
"RABGGTB",-0.00473409682172665,11.2226416314874,-0.0451990871236189,0.964172445005101,0.988516770608003,-6.07195684091688,"RABGGTB",0.664373016844104,0.015845284337386,"no"
"THEM6",-0.00490434834405207,12.542390753164,-0.0706410753943253,0.943981923495865,0.981058968242276,-6.15079758703677,"THEM6",0.659360696563794,0.0250363220167225,"no"
"LACTB",-0.00509580042833413,14.199894944567,-0.0552679189709244,0.956158339934167,0.98591004793641,-6.15174201343718,"LACTB",0.662621062545608,0.0194701825507647,"no"
"ERAP1",-0.00519306982449663,12.4283133545007,-0.0464242975794762,0.96316796890302,0.98783822637759,-6.15218082674917,"ERAP1",0.663916973516539,0.0162979687357275,"no"
"SF3B6",-0.0052815217777038,10.8809253588177,-0.0575013370876839,0.954388619828721,0.985142281047692,-6.15161912326362,"SF3B6",0.662105053491177,0.0202747478530704,"no"
"ACTA2",-0.00533648347486704,19.5272511172341,-0.10911011721084,0.913577776585942,0.969897703953492,-6.14742402310512,"ACTA2",0.651859313635538,0.0392544734847017,"no"
"RAB12",-0.00556126057709605,16.4655077141104,-0.102238829044711,0.919000293481259,0.970841098236906,-6.14813248712628,"RAB12",0.652493360244337,0.0366843499226256,"no"
"CSE1L",-0.00559534743909573,13.3093835311643,-0.0664724478840689,0.947282503050637,0.982359893370409,-6.15107646560771,"CSE1L",0.66023503636031,0.0235204843339275,"no"
"TMED9",-0.00595920828504681,12.8277647518279,-0.0675888010425566,0.946398518046523,0.981816094828401,-6.1510034444596,"TMED9",0.659869554368854,0.0239259484358333,"no"
"H2BC20P",-0.00598008922851712,12.5031889828867,-0.0427079066852985,0.966126758228066,0.989464811357554,-6.12154807890152,"H2BC20P",0.665010186299998,0.0149658893324853,"no"
"MAIP1",-0.00603121901835202,11.5396083154202,-0.0657036810301796,0.947891290618476,0.982359893370409,-6.15112604402703,"MAIP1",0.66023503636031,0.0232414670835399,"no"
"POTEE",-0.00606996707611174,13.5720778765629,-0.0282329382901361,0.977606413492055,0.994426847655714,-6.11005086120108,"POTEE",0.668345125193418,0.00983595794535004,"no"
"DNAJC7",-0.00608052305494411,10.7399171501856,-0.0475740946233353,0.962265297511526,0.987615113109908,-6.13256732016856,"DNAJC7",0.663767021144303,0.016705176027568,"no"
"EIF3E",-0.00629360862158101,10.5606251404191,-0.0536613057344118,0.957446860530484,0.986493363665028,-6.12291369331652,"EIF3E",0.663013103674213,0.0188853205643568,"no"
"RPS27L",-0.00679404191067157,12.0830902659788,-0.0879862297751822,0.930259923823771,0.976210380973325,-6.14945518712905,"RPS27L",0.656102005717989,0.0313956883164636,"no"
"TBCB",-0.00704414903947281,12.6044009408418,-0.0781685799484398,0.9380244509722,0.978881190121543,-6.15025105481347,"TBCB",0.65789703194716,0.0277858409557929,"no"
"GPT2",-0.00721247089555987,11.7624685372101,-0.0301448482996815,0.976100724607339,0.994029808916623,-6.07497051894974,"GPT2",0.668078279113779,0.0105053648291224,"no"
"RPS2",-0.00741457626861575,11.7989644321553,-0.0959094598698502,0.923998600337898,0.97328752823316,-6.14874433479089,"RPS2",0.654137583312105,0.0343286866435165,"no"
"COPS2",-0.00759352167203353,13.9735104917535,-0.1559961905665,0.876701407647011,0.955949379064422,-6.14136117355829,"COPS2",0.642484772947904,0.0571482961343377,"no"
"EHD1",-0.00769705228209894,12.5771449452343,-0.126789380597764,0.899645774136008,0.964910255518642,-6.1453895885597,"EHD1",0.648507295479106,0.045928455694233,"no"
"MACROH2A1",-0.00805597624863275,13.7654626118207,-0.117830244920483,0.906702244115049,0.968459708992919,-6.1464586445301,"MACROH2A1",0.650892850467113,0.0425353093769657,"no"
"SGCD",-0.00822774027933626,12.4102876105479,-0.0996109509368986,0.921075141298021,0.971272725809142,-6.1483912622787,"SGCD",0.652783453160154,0.0357049386197211,"no"
"PRDX4",-0.00829617141664762,13.3279709384151,-0.10376040887722,0.917799185480134,0.969946866473323,-6.1479795737848,"PRDX4",0.651892355312308,0.0372523320648071,"no"
"CD63",-0.00833550852898313,11.3093916441183,-0.0594309171682217,0.952965262103594,0.98437794720339,-5.98754814345402,"CD63",0.661591351754278,0.0209229301609264,"no"
"TMEM126A",-0.0083907984106073,14.3978171005716,-0.0607551933337705,0.951810740782525,0.984243316239606,-6.15143137460474,"TMEM126A",0.66150086752353,0.0214493986796624,"no"
"NCK2",-0.00872938765379239,11.4170385114977,-0.0538933457995967,0.957301060979884,0.986493363665028,-6.05314449717164,"NCK2",0.663013103674213,0.0189514597565717,"no"
"USP7",-0.00890444657231626,11.2503142037578,-0.113957105248691,0.909755228168463,0.968970955757099,-6.14689658064613,"USP7",0.651236454708507,0.0410754399371764,"no"
"DYNC1H1",-0.00902404884645591,13.7912105451747,-0.18391584936617,0.854867448002405,0.946315165316685,-6.1367332706293,"DYNC1H1",0.636009706623467,0.0681012198494911,"no"
"EIF2B2",-0.00909649126782064,14.4620078149704,-0.0510671505179047,0.959487550074239,0.986872139444891,-6.15195996752912,"EIF2B2",0.663267675387165,0.0179606561230247,"no"
"GNPDA1",-0.00927817343161053,12.3754048357302,-0.1593523121015,0.8740713479355,0.954732729679898,-6.14084502284431,"GNPDA1",0.64166707410245,0.0584531157065598,"no"
"ZYG11B",-0.0094370310791394,10.447256838882,-0.0765807021710924,0.939287842874721,0.979373183004636,-6.13962135381137,"ZYG11B",0.658227695832412,0.0272012986647981,"no"
"PSMB5",-0.0104305963884013,13.86658453089,-0.152775911431635,0.879226334990818,0.95615881026966,-6.14184611523617,"PSMB5",0.642625529731989,0.0558993122020517,"no"
"NBAS",-0.0104711388673504,11.2133188927311,-0.0487559058450573,0.961397505512866,0.987532998137313,-5.98551907936041,"NBAS",0.663711832427538,0.017097009046776,"no"
"RPS5",-0.0105056566473625,10.2704411895039,-0.0555526351521058,0.955937785928176,0.98591004793641,-6.14097626792509,"RPS5",0.662621062545608,0.0195703714344645,"no"
"RPS6KB2",-0.0107189676762456,8.91161018969526,-0.0434825443343951,0.965612939263345,0.989290015599227,-5.91544301344989,"RPS6KB2",0.664892707680774,0.0151969233031884,"no"
"MYH14",-0.0107682108062246,13.2311923503717,-0.148121373353015,0.882878057561422,0.957253644208191,-6.14252918379758,"MYH14",0.643361357538166,0.0540992767002786,"no"
"RALB",-0.0110009362535237,10.5684821246816,-0.0714952288953761,0.943491187081509,0.980917811884598,-5.91943817821539,"RALB",0.659265826675912,0.025262152117752,"no"
"DNPEP",-0.0110777239541253,14.055976441597,-0.17481868174768,0.861969969048447,0.949946261760961,-6.13832458895021,"DNPEP",0.638450133099643,0.0645078646900654,"no"
"TMPO",-0.0111553019104633,10.6117154100042,-0.0892671353890906,0.929264045819196,0.976210380973325,-6.12714739610322,"TMPO",0.656102005717989,0.0318608658247364,"no"
"ALPK3",-0.0114062891255244,12.077428380419,-0.115432839246231,0.908591823053384,0.968733712153255,-6.14673144416787,"ALPK3",0.651077005467483,0.0416311759726074,"no"
"MAT2B",-0.0115645565015949,13.4673705698085,-0.129181417318679,0.897763097742333,0.964209239759581,-6.14509092115485,"MAT2B",0.648036149244109,0.0468382500997155,"no"
"EPB41",-0.0116163734515577,12.9648786824671,-0.0738086281411853,0.941474621728676,0.980109238255132,-6.15057434430453,"EPB41",0.658722391786872,0.0261913822768906,"no"
"TMEM70",-0.0116659762634317,12.7667836242767,-0.0877280227203602,0.930528483107886,0.976210380973325,-6.07432798538564,"TMEM70",0.656102005717989,0.0312703287478738,"no"
"EIPR1",-0.0116993712078415,10.0396247662862,-0.0806939474120632,0.936129920245744,0.978881190121543,-6.01675293747437,"EIPR1",0.65789703194716,0.0286638737722884,"no"
"LPP",-0.0118107473931719,12.0361475361072,-0.162457666250017,0.871639082413875,0.954732729679898,-6.14035766401372,"LPP",0.64166707410245,0.0596633051626371,"no"
"QARS1",-0.0118610847895226,13.9170728617767,-0.205526859201703,0.838044509322438,0.940358286559272,-6.13262990478894,"QARS1",0.632006143276127,0.0767329149737832,"no"
"UQCR11",-0.0119140388519074,15.8294665696374,-0.088891822533921,0.92954404703795,0.976210380973325,-6.14937703897979,"UQCR11",0.656102005717989,0.0317300260832719,"no"
"EEA1",-0.0121691490054872,11.6085807004574,-0.173210426328678,0.863226814728887,0.950967866588988,-6.1385975286027,"EEA1",0.639136744295123,0.0638750774679706,"no"
"AP2A2",-0.0123112857592922,11.8476804110187,-0.150951375084511,0.88065746545422,0.95615881026966,-6.14211638764062,"AP2A2",0.642625529731989,0.0551929789771132,"no"
"PLXDC2",-0.0125608608493692,10.2558348514967,-0.0505782599202695,0.959932245904861,0.986977412604748,-6.04544633231395,"PLXDC2",0.663338428508292,0.0177594193230035,"no"
"C4BPA",-0.0126779071970713,11.9846785698838,-0.087256597026799,0.93083674550665,0.976210380973325,-6.14951756890881,"C4BPA",0.656102005717989,0.0311264809334554,"no"
"NUDT16",-0.0131351085978775,11.1216351584131,-0.0881004880678403,0.930310776867145,0.976210380973325,-5.98144068251211,"NUDT16",0.656102005717989,0.0313719480779201,"no"
"NSF",-0.0136760110881688,13.3736400531997,-0.132687029549483,0.895005046412948,0.962798339107661,-6.14464313644424,"NSF",0.64708789591098,0.0481745159431738,"no"
"SPARCL1",-0.0136927172731092,11.5559009341061,-0.104306103551182,0.917472270228854,0.969946866473323,-6.05409068094387,"SPARCL1",0.651892355312308,0.0374070530361828,"no"
"CD44",-0.0141890698753215,12.0433290861717,-0.0799784347651483,0.936592603135729,0.978881190121543,-6.15011140781222,"CD44",0.65789703194716,0.028449276438651,"no"
"ANK1",-0.0143435555893507,13.2235885901203,-0.0786484507149747,0.937644785853439,0.978881190121543,-6.15021433965462,"ANK1",0.65789703194716,0.0279616571019065,"no"
"PNP",-0.0145349762197196,13.5074228268391,-0.0922376873915121,0.926899634669297,0.974698184715987,-6.14908137001884,"PNP",0.655085672541436,0.0329672890152535,"no"
"HADHA",-0.0147550444341462,17.2926347386398,-0.112625380857643,0.91080527385354,0.969604132305431,-6.14704377946565,"HADHA",0.651662006834802,0.0405744633458061,"no"
"PPIL3",-0.0147666048117614,11.1801045519709,-0.134944906663905,0.893229345644584,0.961484644263008,-6.14434838690272,"PPIL3",0.646204973705606,0.0490370173044108,"no"
"HNRNPD",-0.0148170988967387,12.982016172099,-0.256033399673124,0.799037804677266,0.924779602924351,-6.12126815237117,"HNRNPD",0.62153585349174,0.0974326725329151,"no"
"ESYT2",-0.0148366167022083,14.2836343702387,-0.13975515309998,0.889448194321492,0.959685308468885,-6.14370387382903,"ESYT2",0.644995656691063,0.0508793422124524,"no"
"CCDC28B",-0.0152736124714696,10.4337589892849,-0.0886543775030813,0.929889334515074,0.976210380973325,-5.9836045415896,"CCDC28B",0.656102005717989,0.0315687334559625,"no"
"PGM3",-0.0153276354204284,12.9660477500299,-0.131969752908894,0.895569260611517,0.963045944924656,-6.14473573163502,"PGM3",0.647254309500022,0.0479008214975445,"no"
"COA3",-0.0157568266341404,12.619137353379,-0.142606953087591,0.88720772219681,0.958653105997317,-6.14331111956245,"COA3",0.644301922916969,0.0519746867722556,"no"
"MYPN",-0.0158063179059571,14.8466327022797,-0.239664148048616,0.811628533649235,0.928541691472517,-6.12522220036317,"MYPN",0.624064318554445,0.0906426932939632,"no"
"HECTD3",-0.01626544022246,11.6811422634387,-0.110686136378776,0.912430111323147,0.969604132305431,-6.06394855443034,"HECTD3",0.651662006834802,0.039800390903388,"no"
"PURA",-0.0163304954322658,15.227099189649,-0.197318083467792,0.844426028978874,0.941407672678303,-6.13424208421386,"PURA",0.632711426021413,0.0734383882638732,"no"
"DAD1",-0.0163379084270439,11.9871832290913,-0.115026231033213,0.908922889828149,0.968733712153255,-6.1360295944892,"DAD1",0.651077005467483,0.0414729593991811,"no"
"COL18A1",-0.0164357075689399,11.9408062861087,-0.134663851148982,0.89345035101651,0.961484644263008,-6.14438534745644,"COL18A1",0.646204973705606,0.0489295762066391,"no"
"MEAK7",-0.0164573539927364,10.5350458191179,-0.102312272007358,0.919318833918402,0.970841098236906,-5.839529899715,"MEAK7",0.652493360244337,0.0365338424797805,"no"
"RER1",-0.0164811012742199,11.1482658398376,-0.116645200685171,0.907658041518858,0.968459708992919,-6.12703863298027,"RER1",0.650892850467113,0.0420777403042995,"no"
"ACTL6A",-0.0165021741212037,11.0259592159496,-0.152000484678724,0.879928586555808,0.95615881026966,-6.07257389684103,"ACTL6A",0.642625529731989,0.0555525729898904,"no"
"HSPA1A",-0.0167456284260652,18.226036515633,-0.185480315249742,0.853647212091313,0.946315165316685,-6.13645148573021,"HSPA1A",0.636009706623467,0.0687215736869994,"no"
"HSPA4",-0.0167551096570051,13.2084790244199,-0.339190089959949,0.735971294699439,0.896032619349021,-6.09716370201081,"HSPA4",0.602215270603336,0.133139124245042,"no"
"YIPF3",-0.0169068547177957,12.0522010896912,-0.103891680380013,0.91779895376858,0.969946866473323,-6.0398301812227,"YIPF3",0.651892355312308,0.037252441708685,"no"
"CASP7",-0.0170600081839574,11.1971529154128,-0.108578175734169,0.914512796023031,0.969897703953492,-5.77728223724945,"CASP7",0.651859313635538,0.0388102134206826,"no"
"ARFIP1",-0.0170718824245277,9.59362589090985,-0.0760696851105797,0.939941715780314,0.979700638682084,-5.85518602000168,"ARFIP1",0.658447775777212,0.0268990754426087,"no"
"RPS8",-0.017375784074801,11.4072392406988,-0.128469598087471,0.898323280608475,0.964209239759581,-6.14518038119301,"RPS8",0.648036149244109,0.0465673451605733,"no"
"MBNL1",-0.0175791837573485,13.1679182968287,-0.276085118617483,0.783688133117608,0.920689848320319,-6.11606979438749,"MBNL1",0.618787167090839,0.105856729422661,"no"
"MYO1B",-0.0177092159738894,9.04260831818653,-0.104615167943831,0.917373056661863,0.969946866473323,-5.94451416868491,"MYO1B",0.651892355312308,0.0374540192889612,"no"
"DDOST",-0.0177106157162985,13.718669218606,-0.154256772099891,0.878065076067338,0.95615881026966,-6.14162436742735,"DDOST",0.642625529731989,0.0564732960191536,"no"
"SYPL2",-0.0180513437938075,12.7810349542236,-0.0860479250763095,0.931792360889863,0.976502136112496,-6.14961976473336,"SYPL2",0.656298091659831,0.0306808543481739,"no"
"CMYA5",-0.0180779667164828,13.3703246171517,-0.260523187864793,0.79559364536043,0.924148967698847,-6.12013812222748,"CMYA5",0.621112009365111,0.0993086943710326,"no"
"SVIL",-0.018340503156109,12.5747229797607,-0.248738549331936,0.804642338771826,0.92852550591495,-6.12306241771921,"SVIL",0.62405344039028,0.094397119401834,"no"
"LNPK",-0.0184099939624485,12.2235146991139,-0.225177207010888,0.822813657162448,0.936216314113902,-6.12850427956737,"LNPK",0.629222361745013,0.0846985084441758,"no"
"UBE2B",-0.019350544399714,13.7289185540111,-0.261245444159655,0.795039977308038,0.924148967698847,-6.11995450956202,"UBE2B",0.621112009365111,0.0996110329941375,"no"
"ABHD10",-0.0193734904567346,12.064000112798,-0.189597819343474,0.850437418131818,0.945185457391685,-6.13569846864003,"ABHD10",0.63525044033219,0.0703576396763564,"no"
"UQCC1",-0.0197109833833728,12.1979563527401,-0.128596431658657,0.89824757461306,0.964209239759581,-6.12297248072183,"UQCC1",0.648036149244109,0.0466039467741189,"no"
"SNX2",-0.0197461696380419,11.9852029689152,-0.311104981944534,0.757090888391188,0.906057713255207,-6.10605482705179,"SNX2",0.608953043882085,0.120851980529847,"no"
"CCS",-0.0200718267134494,13.2073006390582,-0.20629102889939,0.837450994147252,0.940358286559272,-6.13247648736042,"CCS",0.632006143276127,0.077040597537845,"no"
"ENDOD1",-0.0202109742490091,14.5226638048197,-0.259569923835915,0.796324562192517,0.924148967698847,-6.12037968601357,"ENDOD1",0.621112009365111,0.0989098884930598,"no"
"DMAC1",-0.0202888247144841,10.9702824020838,-0.0933303289222879,0.926129020792165,0.974463491585333,-6.04269378511251,"DMAC1",0.654927937449952,0.0333285067145304,"no"
"TPP2",-0.0204041425544439,13.8139434747691,-0.325422322419969,0.746299896579791,0.901222387847585,-6.10161778628075,"TPP2",0.605703266211132,0.127086618562948,"no"
"STX4",-0.0206195602874288,11.1582571488351,-0.213367520030425,0.831959405112765,0.938499875494757,-6.13102878943231,"STX4",0.630757122316464,0.0798978642929752,"no"
"SEC24C",-0.0206888922146824,12.6850958698519,-0.208194436410959,0.835973071667189,0.939854644044304,-6.13209188188223,"SEC24C",0.63166764978059,0.0778077118130186,"no"
"HSCB",-0.020846667092405,10.3285196213361,-0.11849420922989,0.906516334090147,0.968459708992919,-5.921116867777,"HSCB",0.650892850467113,0.0426243661505933,"no"
"LSM14A",-0.0216202829381444,10.3314233428328,-0.117632438550246,0.907009296595138,0.968459708992919,-6.02379031052962,"LSM14A",0.650892850467113,0.0423882615184304,"no"
"LRPAP1",-0.0219483902344386,11.8701596474633,-0.221794000858003,0.825451883001735,0.937080935111281,-6.1185038805332,"LRPAP1",0.629803465553805,0.0833082374295096,"no"
"NUTF2",-0.0223651215134275,15.4830016466264,-0.258526069496116,0.797125150853311,0.924148967698847,-6.12064319330058,"NUTF2",0.621112009365111,0.0984734878158795,"no"
"ITGA7",-0.0224254860629234,12.8278038435973,-0.339962094839704,0.735393570464597,0.895707504710365,-6.09690850991333,"ITGA7",0.601996764049146,0.133480171480963,"no"
"CNIH4",-0.0224605656788484,10.3983155538756,-0.139464018512471,0.889816331083346,0.959723338014698,-6.04802101605675,"CNIH4",0.645021215998534,0.0506996277694816,"no"
"PCNP",-0.0234162423514306,10.4278509734567,-0.200314201470422,0.84209559508573,0.941220658237244,-6.13366125590181,"PCNP",0.632585735338064,0.0746386043891168,"no"
"RBM19",-0.0234300119841233,12.8546609006056,-0.16021080227748,0.874045200775942,0.954732729679898,-5.85143858603695,"RBM19",0.64166707410245,0.0584661074800458,"no"
"RPL4",-0.0234646674600114,11.9855282251882,-0.199734852176771,0.842546112648633,0.941220658237244,-6.1337742501525,"RPL4",0.632585735338064,0.0744063208176781,"no"
"HBG1",-0.0235329904205486,14.6445573387556,-0.041063455775215,0.967418544607118,0.989719729849294,-6.15240967561768,"HBG1",0.665181514670383,0.0143855918045543,"no"
"QKI",-0.0235753375460952,11.1478093931279,-0.230248833674322,0.819038051156,0.934422913131282,-6.06459573190515,"QKI",0.628017033462619,0.0866959211660729,"no"
"P4HB",-0.0237443405448268,16.7185713932057,-0.378165241916202,0.707003582748374,0.881420697877308,-6.08355957330426,"P4HB",0.592394732764529,0.150578385405496,"no"
"LGALSL",-0.0238607898083441,13.1226723427093,-0.205007261736661,0.838448124526501,0.940358286559272,-6.13273389644565,"LGALSL",0.632006143276127,0.0765238023826697,"no"
"NMNAT1",-0.0239326742210135,10.473451342803,-0.0947187652434505,0.925700405096758,0.974368115331856,-5.60035624481257,"NMNAT1",0.654863835948448,0.0335295462185949,"no"
"COPS6",-0.0242152846030024,13.165049784052,-0.282924204025303,0.778472253729937,0.917178384758238,-6.11420747681205,"COPS6",0.616427144772914,0.108756861922737,"no"
"MTX1",-0.0242716154354969,12.2200440099054,-0.342403508079562,0.73356757456083,0.894261410872314,-6.09609768329775,"MTX1",0.601024857699763,0.134559873767334,"no"
"SH3GLB2",-0.0243769053029617,11.6134367053039,-0.193393677922511,0.847480625430894,0.944082937835111,-6.13498965216123,"SH3GLB2",0.634509447092914,0.0718702215787236,"no"
"IMPACT",-0.0246822691461102,10.7982229497036,-0.17961904269657,0.85837708779948,0.947435353800116,-6.05423057495983,"IMPACT",0.636762574985744,0.0663218832777255,"no"
"ABCF1",-0.0246919877506322,13.6978887483848,-0.313727266423268,0.755110738141749,0.905645874653046,-6.10525702873905,"ABCF1",0.60867625095079,0.121989353751908,"no"
"ADGRE5",-0.0249195274948928,10.4017288554834,-0.10873149680157,0.914276866654536,0.969897703953492,-5.86363796766889,"ADGRE5",0.651859313635538,0.0389222687603596,"no"
"RPL5",-0.0249372539559705,13.0705340579559,-0.317233911951421,0.752465380918648,0.903936466441894,-6.10417975540152,"RPL5",0.607527373436489,0.123513476095386,"no"
"ACSF2",-0.025147251831946,12.3803735909773,-0.236476357441457,0.814086458610892,0.930246238674278,-6.12596192057228,"ACSF2",0.625209929029106,0.0893294691849178,"no"
"CLASP2",-0.0251656041434742,11.4709138205616,-0.296137315346765,0.768424487768037,0.912424958087006,-6.11048088849273,"CLASP2",0.613232410488365,0.114398803710036,"no"
"DDX6",-0.0252256105713045,12.1408842623748,-0.319365391119293,0.750858889794004,0.903868959361108,-6.1035191204612,"DDX6",0.607482002549263,0.124441673038428,"no"
"MIPEP",-0.0252598452531991,10.8333008905157,-0.14831894955086,0.883430452744744,0.957492479422217,-5.74105377862861,"MIPEP",0.643521876485734,0.0538276342478212,"no"
"TCEA3",-0.0254600772717613,11.7007217402788,-0.143793149746125,0.886317515244285,0.958653105997317,-6.11439390334082,"TCEA3",0.644301922916969,0.0524106681629235,"no"
"CHCHD2",-0.025580454339222,11.116469088203,-0.240270085033737,0.811207459922713,0.928541691472517,-6.10084621038524,"CHCHD2",0.624064318554445,0.0908680641887808,"no"
"PDIA6",-0.0256596724564062,13.3919425607166,-0.336031735852031,0.738336427851124,0.897718083528683,-6.09820170858405,"PDIA6",0.603348055554607,0.13174570394046,"no"
"CAND2",-0.0258235491459171,14.8826392088526,-0.334319519661478,0.739619691635671,0.897718083528683,-6.0987603968684,"CAND2",0.603348055554607,0.130991534702066,"no"
"LYPLA2",-0.025825419440606,13.025304933095,-0.303134344127431,0.763119768290056,0.909121608256294,-6.10843885808856,"LYPLA2",0.611012259492472,0.117407296087682,"no"
"NFIX",-0.0258704619054466,10.2706843491252,-0.217070190002389,0.829109560422195,0.938445613132661,-6.12124283852136,"NFIX",0.63072065308268,0.0813880769975036,"no"
"ELAVL1",-0.0258861497144416,12.2370676325821,-0.292600679415271,0.771110031171773,0.912981609802144,-6.11149495706438,"ELAVL1",0.613606530979098,0.112883647213319,"no"
"EFHD1",-0.025924696359203,11.21119124647,-0.106436424628139,0.915823870780564,0.969897703953492,-6.02821152213779,"EFHD1",0.651859313635538,0.0381880408550892,"no"
"SMARCC2",-0.0265190136535107,9.74118654554866,-0.210912452155758,0.833995504683865,0.9392222812514,-6.06504199653863,"SMARCC2",0.631242644571823,0.078836290245059,"no"
"CENPV",-0.0265371463800452,12.1950668166496,-0.22436026205365,0.823445538358734,0.936216314113902,-6.12868328259858,"CENPV",0.629222361745013,0.0843651192294177,"no"
"H6PD",-0.0267538472088393,12.6518042091043,-0.285076036631098,0.776833257640854,0.91637081905834,-6.11361213078139,"H6PD",0.615884387304054,0.109672189767506,"no"
"SRPRA",-0.0275763572585248,10.0403952310666,-0.214909084128079,0.830826880435366,0.938499875494757,-6.10182270284385,"SRPRA",0.630757122316464,0.08048946081785,"no"
"IGBP1",-0.0278754117126301,11.5657401460253,-0.431995441843308,0.667754597495487,0.867940521779302,-6.05166016141453,"IGBP1",0.583334830567509,0.175383113175482,"no"
"NAA50",-0.0279516713977035,11.5208067324808,-0.294805882259469,0.769435176433375,0.912497578633246,-6.11086407814565,"NAA50",0.613281218088625,0.113827962841144,"no"
"ALDH3A2",-0.0279603723943538,17.1387582795747,-0.467440837460993,0.642335790564346,0.857339853794912,-6.04686904397722,"ALDH3A2",0.576210219252094,0.192237878684092,"no"
"RPS6",-0.0280310397728023,12.8733219662943,-0.20371128900427,0.839455006852415,0.940489129219942,-6.13299212602971,"RPS6",0.632094081423244,0.0760025762375114,"no"
"FAH",-0.0282737644199376,12.8428016169292,-0.30684389625449,0.76031204389434,0.908923497983861,-6.10733698986003,"FAH",0.610879111403054,0.119008129919107,"no"
"PDCD6IP",-0.0282973968902098,13.6918815805476,-0.403861733636464,0.688138679598643,0.876493438985041,-6.07378688841858,"PDCD6IP",0.589083167445294,0.16232403020166,"no"
"SEC23A",-0.0283545849742595,11.7891676144965,-0.306817843280179,0.760360881880692,0.908923497983861,-6.09662032533346,"SEC23A",0.610879111403054,0.118980234284711,"no"
"SCCPDH",-0.0283743105804017,12.1632449568319,-0.288183052580382,0.774468532400312,0.91637081905834,-6.11274458483908,"SCCPDH",0.615884387304054,0.11099622346002,"no"
"TPPP",-0.0284190926407266,11.3243442353498,-0.286128080431029,0.776147911014852,0.91637081905834,-6.07347661697381,"TPPP",0.615884387304054,0.110055507071275,"no"
"PTBP1",-0.0285350600075631,14.0737860745102,-0.213300493852783,0.832051918752896,0.938499875494757,-6.10886797889786,"PTBP1",0.630757122316464,0.0798495735597635,"no"
"WDR77",-0.0286775062035822,12.3960280205787,-0.415797337302517,0.679443010031215,0.872920765561494,-6.06903076785015,"WDR77",0.586682006543248,0.167846964931399,"no"
"SORD",-0.0288500670077561,11.6178316535101,-0.236919806387088,0.813766559251748,0.930246238674278,-6.11685241255779,"SORD",0.625209929029106,0.0895001609202341,"no"
"CYB5B",-0.0288826941792024,15.813558382758,-0.360221123246871,0.720288997265133,0.887807891678696,-6.09000547806067,"CYB5B",0.59668750688953,0.142493219214057,"no"
"RNF123",-0.0288886595397102,12.1297525058089,-0.518325247579431,0.606653150039843,0.836833029456874,-6.02252400374622,"RNF123",0.562427771491521,0.217059542990366,"no"
"FBXO40",-0.0290598938641544,9.61785254375293,-0.153761164242637,0.878701974676713,0.95615881026966,-5.99376393036996,"FBXO40",0.642625529731989,0.0561583976225966,"no"
"TRIM28",-0.029109279074202,11.4122625024929,-0.379971395936797,0.705671353116704,0.881420697877308,-6.08289351798761,"TRIM28",0.592394732764529,0.151397512487734,"no"
"CRBN",-0.0292782634435742,10.3733563040896,-0.170793197743812,0.865698881599628,0.952962915483669,-5.85061742240325,"CRBN",0.640477598281945,0.0626331435493892,"no"
"AQP1",-0.0296566655351587,13.1454115773069,-0.211069379334669,0.833741923735548,0.9392222812514,-6.13150428238395,"AQP1",0.631242644571823,0.0789683599648385,"no"
"SPTAN1",-0.0299623596040792,13.3257905832775,-0.556654710894021,0.580393632099277,0.819515944127373,-6.00254617359511,"SPTAN1",0.550789117939664,0.236277361153869,"no"
"CACNB1",-0.0299887738221027,15.0984130139875,-0.245220611577369,0.807348850175418,0.92852550591495,-6.12390921660293,"CACNB1",0.62405344039028,0.0929387689091594,"no"
"MPST",-0.0302012632769166,13.6367409723119,-0.293595483513685,0.770354339145786,0.912836646016153,-6.11121094117904,"MPST",0.613509102153714,0.113309466855364,"no"
"FLAD1",-0.0308789626095578,10.7377845195437,-0.286118420416687,0.776256998323657,0.91637081905834,-6.03998191583685,"FLAD1",0.615884387304054,0.109994471427735,"no"
"CARHSP1",-0.0308855686292588,11.4817190940867,-0.258678692627684,0.797140951276584,0.924148967698847,-6.06274157668986,"CARHSP1",0.621112009365111,0.0984648794202918,"no"
"TRDN",-0.0310317589324853,12.2601714871492,-0.14209551319904,0.887636149301052,0.958653105997317,-6.12480177535167,"TRDN",0.644301922916969,0.0517650192810788,"no"
"SCFD2",-0.0313557977353511,11.9110203913655,-0.426234783726798,0.671874682043017,0.869006149991035,-6.06475898462878,"SCFD2",0.584051029473702,0.172711723929132,"no"
"IGHV4-61",-0.0318814955405262,8.21249083359464,-0.154389802683922,0.878210091127341,0.95615881026966,-5.99246045003548,"IGHV4-61",0.642625529731989,0.056401576915369,"no"
"NUDCD3",-0.0320016357039616,10.4072980845833,-0.228117027348662,0.820772180622842,0.935290986852037,-6.0299438817733,"NUDCD3",0.628600457814991,0.0857773720260436,"no"
"HDLBP",-0.0321808575059723,11.1074381573504,-0.258414526888977,0.797210711989952,0.924148967698847,-6.12067128815574,"HDLBP",0.621112009365111,0.09842687438842,"no"
"GPX1",-0.0322933704089419,15.0534588391048,-0.394304428179297,0.695132522145726,0.881003354093157,-6.07749614932939,"GPX1",0.592114239851124,0.157932392316114,"no"
"VAC14",-0.0325814128659889,10.7630867783833,-0.28067718481292,0.780397757412925,0.917946444154004,-6.0322350028849,"VAC14",0.616943350418638,0.107683987284428,"no"
"PPP5C",-0.0325936382692227,13.7488684937817,-0.666676543752356,0.508225167098706,0.777301409414095,-5.93741342929176,"PPP5C",0.522417117973613,0.293943832671194,"no"
"RPL7",-0.0326049481726933,12.7722477646844,-0.381379785548472,0.704633162295353,0.881420697877308,-6.08237195811185,"RPL7",0.592394732764529,0.152036921383322,"no"
"TMX1",-0.032605054542497,12.6443014074439,-0.422194888122007,0.674800046174577,0.871292000329477,-6.06642487573495,"TMX1",0.585587328432466,0.170824896365421,"no"
"ABCB10",-0.0326942234848655,10.8565218891881,-0.159839913871365,0.873704077363231,0.954732729679898,-6.13002497677146,"ABCB10",0.64166707410245,0.0586356375373862,"no"
"COMT",-0.0329063465483479,13.5703110474233,-0.388529044179706,0.699371894359347,0.881003354093157,-6.07969485477381,"COMT",0.592114239851124,0.155291824657466,"no"
"FSCN1",-0.0334500165072544,14.0170032747603,-0.156812516273574,0.876075994487986,0.955628865724125,-6.1304922274818,"FSCN1",0.642269358883962,0.0574582196820402,"no"
"ADRM1",-0.0337440264212159,10.8143334069122,-0.311719753646167,0.75668708249575,0.906057713255207,-6.08635315772864,"ADRM1",0.608953043882085,0.12108367986711,"no"
"PAIP1",-0.0337480706499296,12.4882597207846,-0.300648294235568,0.765271814569274,0.910556599836243,-6.01435981755237,"PAIP1",0.611976704116442,0.116184281708375,"no"
"ABLIM1",-0.033766693403976,10.9253193674365,-0.150236724329364,0.881460603113503,0.95615881026966,-5.96563867256149,"ABLIM1",0.642625529731989,0.0547970937251433,"no"
"CAVIN4",-0.0337879200984013,12.8367596349208,-0.283595782800529,0.777960619717969,0.916950313428825,-6.11402215407933,"CAVIN4",0.616273860133054,0.109042386393398,"no"
"LMAN1",-0.0341488034937019,14.1797141296657,-0.49451285950986,0.623238294306675,0.845153340774292,-6.03422627949971,"LMAN1",0.56801977609417,0.205345869688623,"no"
"VDAC2",-0.0343428772956607,17.0826579067476,-0.353010998880467,0.725652130613697,0.891127836775742,-6.09250778092319,"VDAC2",0.598918811411076,0.139271525252508,"no"
"VPS13C",-0.0346700483450881,12.7669078297327,-0.295158509931377,0.769167457905783,0.912497578633246,-6.11076275850131,"VPS13C",0.613281218088625,0.113979098264696,"no"
"SETD7",-0.0346932532415192,12.15495064633,-0.372254817032403,0.711369604661904,0.882805036750556,-6.08571711392432,"SETD7",0.593325134170858,0.147904695250354,"no"
"DDX3X",-0.0348624922878216,13.3268241718568,-0.451075041771923,0.654001372090018,0.863554367152155,-6.05417012986084,"DDX3X",0.580386936441049,0.184421340528182,"no"
"MPDZ",-0.034995353364895,12.6334031271227,-0.0801415679496557,0.936486488459723,0.978881190121543,-6.11567939996899,"MPDZ",0.65789703194716,0.0284984842040834,"no"
"HOMER2",-0.0354977979730329,11.7866078805019,-0.345381054388791,0.731375817390076,0.893655458152955,-6.08438403730379,"HOMER2",0.600617602458177,0.135859403510792,"no"
"GPD1L",-0.0355908219744236,15.3884431367717,-0.275123107123708,0.784422629909148,0.9206998678397,-6.11632811169222,"GPD1L",0.618793901117531,0.105449885806265,"no"
"SERPINA4",-0.0359318529120554,12.7831627385278,-0.411039601268084,0.682904060776212,0.875027736541253,-6.0709431180194,"SERPINA4",0.588098082332599,0.165640304813506,"no"
"SORBS1",-0.0359437758086205,14.0383193790954,-0.663810989106896,0.51004139714486,0.77842739437196,-5.93925578038157,"SORBS1",0.523173882092969,0.292394573270786,"no"
"GNB2",-0.0360306104004433,13.3396433116687,-0.555725862213407,0.581023444258186,0.819515944127373,-6.00304692443657,"GNB2",0.550789117939664,0.23580634350202,"no"
"PPBP",-0.0362293653765722,12.6663989568409,-0.136375284549851,0.892117236271065,0.961126304996069,-6.13341301379939,"PPBP",0.645964137184761,0.0495780697046036,"no"
"ACP1",-0.0363219070076362,15.7363903596966,-0.413803696420174,0.680892455674727,0.873860819657638,-6.06983476128571,"ACP1",0.587313808242948,0.166921477801371,"no"
"PREB",-0.0364710924729028,12.5078006578685,-0.392281156218823,0.696616577193477,0.881003354093157,-6.07827008169882,"PREB",0.592114239851124,0.157006194968235,"no"
"CD81",-0.036545191571312,9.88165497142165,-0.241762810562025,0.810257354865668,0.928541691472517,-6.02697772137489,"CD81",0.624064318554445,0.091377018101272,"no"
"GNAI2",-0.0368839011565303,14.0273132529074,-0.614735287401436,0.541682320415217,0.799626282517702,-5.96959839543673,"GNAI2",0.537421459564482,0.266255338810827,"no"
"C8orf82",-0.0370483045444754,11.6556870422076,-0.304944322543781,0.761778347148058,0.909121608256294,-6.09717810990576,"C8orf82",0.611012259492472,0.118171375922592,"no"
"PSMB6",-0.0372828911595757,13.9904679576135,-0.456588063902952,0.650061734465207,0.862461104677032,-6.05173945951268,"PSMB6",0.579652164800956,0.187045397719507,"no"
"TIMM9",-0.0373099430452726,12.5350689492044,-0.544587225517273,0.588601665820929,0.82702535465185,-6.00898759003386,"TIMM9",0.555836123588136,0.230178513123574,"no"
"IKBKB",-0.037440880859819,11.6429058670746,-0.162535162503226,0.871788524042312,0.954732729679898,-6.01496032455315,"IKBKB",0.64166707410245,0.059588852200535,"no"
"SYNM",-0.0376157757528297,16.6345611779762,-0.569066654113108,0.572009470399612,0.816125880290933,-5.9957756482756,"SYNM",0.548510687259197,0.242596780807946,"no"
"HP1BP3",-0.0379271651374005,11.1303346811735,-0.269529226316436,0.788697471058383,0.922994584865818,-6.11781236248245,"HP1BP3",0.620336159295414,0.103089551727735,"no"
"SUN2",-0.0379706180153061,14.0249884781477,-0.503117837063978,0.617221591695772,0.843808284664297,-6.03006026151727,"SUN2",0.567115776271211,0.209558889818366,"no"
"LAMP1",-0.0381796430229766,10.675259011196,-0.185316605132468,0.854307494337236,0.946315165316685,-5.90362538719287,"LAMP1",0.636009706623467,0.0683857838102431,"no"
"MT-ATP6",-0.0383553896545781,15.4396804584529,-0.243530550736186,0.808649940885823,0.928541691472517,-6.12431175149218,"MT-ATP6",0.624064318554445,0.0922394408636101,"no"
"NDUFA13",-0.0384247399946389,17.8382901495932,-0.343761720940868,0.732552404376231,0.8938604798378,-6.0956441035391,"NDUFA13",0.60075539564422,0.13516130187166,"no"
"TNPO1",-0.0386249126341056,11.7186132988199,-0.40790948157012,0.685184853712252,0.875229531622679,-6.07218934217559,"TNPO1",0.588233706948203,0.164192245855234,"no"
"TOLLIP",-0.0388977254124274,13.9545687797635,-0.470058465359179,0.640478257576623,0.855256515328116,-6.04567736613345,"TOLLIP",0.574810026657039,0.193495608737045,"no"
"STBD1",-0.0390965227414792,15.1735712668571,-0.566057041158764,0.574036974633304,0.817258566848305,-5.99743086594895,"STBD1",0.549271955461856,0.241060133103687,"no"
"LARP1",-0.0391819975471286,10.6697047556095,-0.26518151198681,0.792049467825762,0.924148967698847,-6.1099407244282,"LARP1",0.621112009365111,0.101247693495277,"no"
"BMS1",-0.0392023698831938,11.086872307009,-0.189371921273406,0.850920984643829,0.945358458084069,-5.9727092576643,"BMS1",0.635366712504127,0.0701107660333752,"no"
"SNX9",-0.0392732812412433,11.0818529190669,-0.396368968793025,0.693619438571865,0.88053934011567,-6.07670235520405,"SNX9",0.591802380330631,0.158878744329133,"no"
"HSPG2",-0.0392747957304707,15.1970252936583,-0.501370076125783,0.61844152115701,0.843808284664297,-6.03091217538775,"HSPG2",0.567115776271211,0.208701360286328,"no"
"RPLP1",-0.0393085581092549,14.6265529600641,-0.301468190427323,0.764381914006155,0.909873269231935,-6.10892942081751,"RPLP1",0.611517443911066,0.116689597310706,"no"
"NOP14",-0.0393756465290611,12.1223324450808,-0.2703035835805,0.788765832136449,0.922994584865818,-5.90699999815433,"NOP14",0.620336159295414,0.103051910485698,"no"
"TALDO1",-0.0394840479998599,15.6178523028664,-0.602517805450138,0.549713861251551,0.801520887519553,-5.97679624230738,"TALDO1",0.538694806136067,0.259863311989766,"no"
"PRSS3",-0.0395217226675495,13.8299368587824,-0.325174869634229,0.746485973701017,0.901222387847585,-6.10169616093385,"PRSS3",0.605703266211132,0.12697834815527,"no"
"UBA3",-0.0396701554966299,12.2083422014853,-0.625473115686743,0.534673716137648,0.795389227876594,-5.96315497141647,"UBA3",0.534573774165362,0.271911164725075,"no"
"RPRD1B",-0.0396986805919859,11.8818543456812,-0.399114947054805,0.691647737951763,0.879197719803762,-6.06665550888635,"RPRD1B",0.590900689675921,0.160115039091677,"no"
"NUDCD2",-0.0397389182353773,12.2238553966855,-0.429873140222459,0.669244460601938,0.867940521779302,-6.06324520358181,"NUDCD2",0.583334830567509,0.174415214821594,"no"
"CDH13",-0.0397394611383373,14.204742082411,-0.525349566820388,0.601799913351964,0.833272306509244,-6.01896812889966,"CDH13",0.560034642394269,0.220547879126292,"no"
"DDX19B",-0.0397701054610273,12.2126586592273,-0.641250288369466,0.52446224459463,0.787512839149125,-5.9534887262164,"DDX19B",0.529280125846692,0.28028577068186,"no"
"ZBTB8OS",-0.0404111124360522,11.9818960780731,-0.505754461813844,0.615434088730628,0.842147479538394,-6.01980820865291,"ZBTB8OS",0.565999564442849,0.210818451966381,"no"
"SQOR",-0.0405340494011721,10.1764312772602,-0.238152692678823,0.813320193924803,0.930107940930268,-5.93809516208588,"SQOR",0.625116980389141,0.0897384444695157,"no"
"PSMB1",-0.0405367070430032,15.2965810596676,-0.558144333221981,0.579384273301526,0.819515944127373,-6.0017413823911,"PSMB1",0.550789117939664,0.237033297380551,"no"
"PFKFB2",-0.0405512533137209,10.9847336287874,-0.242913195938606,0.810039522116061,0.928541691472517,-5.84448057873875,"PFKFB2",0.624064318554445,0.0914937912223538,"no"
"MFN2",-0.0405629036984383,11.7451291586372,-0.451233575987452,0.653887942873636,0.863554367152155,-6.05410064134786,"MFN2",0.580386936441049,0.184496670576866,"no"
"ORM1",-0.0406035913790319,16.1829379269403,-0.331432228153009,0.741785339118098,0.898935322689145,-6.0996960744096,"ORM1",0.604166150783037,0.129721754457167,"no"
"RPL35",-0.0406777920815458,10.1118846913889,-0.229126013864191,0.819962444408,0.935107487036497,-6.04222090223701,"RPL35",0.628477129279082,0.0862060385429673,"no"
"PSMA3",-0.0410522814394856,14.306366042673,-0.672216436455058,0.504723853059105,0.774562810739349,-5.93382960563375,"PSMA3",0.520576531028035,0.296946170187743,"no"
"ACAD9",-0.041381512342836,10.8819941642285,-0.247487635072261,0.805604449722615,0.92852550591495,-6.12336490209104,"ACAD9",0.62405344039028,0.0938781436403362,"no"
"AGK",-0.0413948203912291,11.7089137822478,-0.413540319173681,0.681084031137951,0.873860819657638,-6.06994068900789,"AGK",0.587313808242948,0.166799302172202,"no"
"APPL1",-0.0414393559173973,13.2677705623255,-0.717762104808853,0.476442142556662,0.754324490362546,-5.9032650563909,"APPL1",0.506974542306767,0.321989831004656,"no"
"ENOPH1",-0.0416029849901669,13.4843055103847,-0.642560389818181,0.523618965589281,0.787477035886227,-5.95267542864445,"ENOPH1",0.529256062803463,0.280984631598741,"no"
"GCLM",-0.0417512538757698,12.9052089379973,-0.492290893828037,0.624796167101826,0.846067559242868,-6.03529047461753,"GCLM",0.568634213906539,0.204261643361922,"no"
"PFDN4",-0.0420889205380064,11.6933308169996,-0.377997229062336,0.707127557170474,0.881420697877308,-6.08362137107794,"PFDN4",0.592394732764529,0.150502237718718,"no"
"WDR26",-0.042194774528129,9.8552660078815,-0.198775189750595,0.843521229946554,0.941220658237244,-6.02375877997428,"WDR26",0.632585735338064,0.073903982508629,"no"
"NSUN2",-0.0422739612411807,11.6023835575145,-0.303910412185585,0.762532102304209,0.909121608256294,-6.10820944248465,"NSUN2",0.611012259492472,0.117741867967935,"no"
"LAMA5",-0.0427320267307945,10.839779306039,-0.32377499851118,0.74756979536606,0.901775615079645,-6.09314154368368,"LAMA5",0.606075085138329,0.126348254070689,"no"
"UBE2V1",-0.0428742143073961,8.65424713842686,-0.199728097397126,0.843077985723074,0.941220658237244,-5.88118878301398,"UBE2V1",0.632585735338064,0.0741322507575837,"no"
"ATG3",-0.0428802804647948,11.0661944321851,-0.315886093901701,0.753808791734116,0.904758845366135,-5.99859277907979,"ATG3",0.608080086736994,0.12273880164451,"no"
"OSBP",-0.0429887046255839,12.3999405053969,-0.411331917526155,0.682691213679505,0.875027736541253,-6.07082625262654,"OSBP",0.588098082332599,0.165775686536139,"no"
"DCPS",-0.0430537011118215,11.7694299095088,-0.46137213374752,0.646651167343675,0.859771583996795,-6.04960647329425,"DCPS",0.577844562723456,0.189329934095288,"no"
"VARS1",-0.0430817043465392,12.1398220194826,-0.495234993319207,0.622732363123598,0.845153340774292,-6.03387939773674,"VARS1",0.56801977609417,0.205698563601275,"no"
"FAM98A",-0.043754602033891,10.7122486635776,-0.263443048183124,0.7934065909108,0.924148967698847,-6.09723250562463,"FAM98A",0.621112009365111,0.100504196117601,"no"
"GBF1",-0.0438601804785694,12.0853022323471,-0.127509963743531,0.89918877972463,0.964779029380762,-6.05293803427548,"GBF1",0.648419099600488,0.0461491209632717,"no"
"NUP155",-0.0439370033913207,10.1326102396981,-0.319491639111961,0.751094801033818,0.903868959361108,-6.00099184293537,"NUP155",0.607482002549263,0.124305244131014,"no"
"JPT1",-0.044362241710477,12.2622807347199,-0.363502816606907,0.717852639908347,0.885566607126985,-6.08884989509735,"JPT1",0.595181160185558,0.14396469815728,"no"
"VPS13A",-0.0447473648577077,10.0542977916895,-0.348020646134595,0.730090126403834,0.893655458152955,-5.92122186279049,"VPS13A",0.600617602458177,0.136623524833184,"no"
"CUL3",-0.0447691770378089,13.9029378101007,-0.805539053548006,0.424548937607494,0.714565485597535,-5.83884920809938,"CUL3",0.480252881402418,0.372072241561576,"no"
"TMOD4",-0.0447902383206582,16.8368653739132,-0.788968402101487,0.434076282903117,0.721708145103625,-5.85156323383006,"TMOD4",0.485053397069373,0.362433942531929,"no"
"FBP2",-0.0448222947290446,17.0205024677403,-0.264703490145203,0.792390585140384,0.924148967698847,-6.11906838017121,"FBP2",0.621112009365111,0.10106069321157,"no"
"ACTA1",-0.0448635040330245,20.9289322724358,-0.961455593432697,0.341223660899499,0.644722949954363,-5.70671494106829,"ACTA1",0.43331235647763,0.466960861907174,"no"
"COPE",-0.0450164090227343,12.0075922345158,-0.499318695693038,0.619924808093578,0.844850795051258,-6.02294537874556,"COPE",0.5678164379003,0.2076609837443,"no"
"CAVIN1",-0.0450171649039426,13.9664840857812,-0.542526196372179,0.590009046101428,0.827735318691201,-6.01007380308136,"CAVIN1",0.556313283879897,0.229141329642915,"no"
"PADI2",-0.0451825806512502,17.6370613628324,-0.544107274717958,0.58892925879301,0.82702535465185,-6.00924089900226,"PADI2",0.555836123588136,0.229936868813805,"no"
"DST",-0.0455887331323694,11.1815158773888,-0.418618928823697,0.67819101464796,0.872478668108019,-5.90295226939908,"DST",0.586384876916682,0.16864796848695,"no"
"CDC37",-0.0456961612893174,12.1558294545347,-0.349315750078434,0.72840619229761,0.893254206975959,-6.09377073105739,"CDC37",0.600347925237821,0.137626370854532,"no"
"ATP5MJ",-0.0461014053191029,13.3530738912409,-0.239869550864903,0.811470224560387,0.928541691472517,-6.12517419825217,"ATP5MJ",0.624064318554445,0.0907274111998723,"no"
"PITRM1",-0.0468644317090998,14.3402165011343,-0.440591101809251,0.661520695843599,0.866892802780498,-6.05871171154682,"PITRM1",0.582630668278373,0.179456564250366,"no"
"SF3B3",-0.0470803647243301,11.6913939317024,-0.596770849039064,0.553512644513932,0.80351306854666,-5.98013285229974,"SF3B3",0.540033732655508,0.256872453593021,"no"
"HNRNPAB",-0.0471931972778386,13.6030652980769,-0.599998454855759,0.551377538318885,0.802308254189112,-5.97826281960205,"HNRNPAB",0.539223988022678,0.258550929893024,"no"
"TPM2",-0.0475520087392951,18.8855779883795,-0.725788858729217,0.471552355722464,0.750267903723987,-5.89767548408673,"TPM2",0.504248147789969,0.326470081210758,"no"
"PPP2CA",-0.0478585394603623,11.9700843348831,-0.220127129746462,0.826785870969971,0.9380382080558,-6.09522102234813,"PPP2CA",0.630446839882904,0.0826069536850573,"no"
"PUS1",-0.0478723362744091,11.8467792857439,-0.276589772405988,0.784654726077747,0.9206998678397,-5.77214647010588,"PUS1",0.618793901117531,0.105321405096702,"no"
"EIF4E",-0.0480249920036702,12.8441126121888,-0.470136817824944,0.640422692481988,0.855256515328116,-6.04564159451045,"EIF4E",0.574810026657039,0.193533287862821,"no"
"RAB2A",-0.0480507391844522,12.4525029856506,-0.787474616465864,0.434941362444804,0.721897494489562,-5.85269672992834,"RAB2A",0.485180657047669,0.361569289443527,"no"
"NISCH",-0.0484473903210407,12.7017890984742,-0.196614472634835,0.845646839165666,0.942404266453272,-5.87122891112192,"NISCH",0.633381227518494,0.0728109700858971,"no"
"CAPZA1",-0.048488368114322,13.0450342655386,-0.491841229760479,0.625111648176782,0.846067559242868,-6.03550526128293,"CAPZA1",0.568634213906539,0.204042408485185,"no"
"RPL30",-0.048499589342752,11.2179167197703,-0.587684808237118,0.559545545900921,0.807991368103072,-5.98534385781154,"RPL30",0.54304355654023,0.252164556984815,"no"
"EMC2",-0.0485663963117453,11.5739447414162,-0.488724432028225,0.627300317190552,0.846679220252979,-6.03698869365813,"EMC2",0.569045305637763,0.202524492864273,"no"
"DHODH",-0.0485941016638769,11.2207203165106,-0.284418400953412,0.77791128125483,0.916950313428825,-5.93623715753357,"DHODH",0.616273860133054,0.109069930334876,"no"
"AGFG1",-0.0486385876981146,9.94564475394632,-0.389605023276,0.698885467232946,0.881003354093157,-6.0060912400101,"AGFG1",0.592114239851124,0.155593990240383,"no"
"GSS",-0.048827652598419,13.2358386425282,-0.545189640038728,0.588190607552448,0.82702535465185,-6.00866933505774,"GSS",0.555836123588136,0.230481914750254,"no"
"SLC25A24",-0.0488615328102124,10.7607649863223,-0.375871920556141,0.708988761143766,0.881420697877308,-6.00047477620795,"SLC25A24",0.592394732764529,0.149360649177909,"no"
"GRB2",-0.0489786374638026,14.7511581696232,-0.960970664673604,0.341464882976891,0.644722949954363,-5.70716071799049,"GRB2",0.43331235647763,0.466653953515569,"no"
"MGST3",-0.0494135666055833,14.0788356296859,-0.406968369609829,0.685871184992471,0.875229531622679,-6.07256218696116,"MGST3",0.588233706948203,0.163757442456628,"no"
"CYFIP1",-0.0497285377435723,12.3554110948565,-0.325471707169298,0.746293811319945,0.901222387847585,-6.09088118652213,"CYFIP1",0.605703266211132,0.127090159774141,"no"
"CDC42",-0.0498067682129673,13.8602646946113,-0.757034904413178,0.45279212014419,0.736266036308911,-5.87533894801184,"CDC42",0.494837621663757,0.344101139698924,"no"
"STK38L",-0.0500763957517734,11.6565105752978,-0.586668629493897,0.560222304761897,0.807991368103072,-5.98592175956929,"STK38L",0.54304355654023,0.251639604112642,"no"
"LMLN",-0.0503667322422299,13.869873908775,-0.381801308762385,0.704359530537354,0.881420697877308,-6.07150659358756,"LMLN",0.592394732764529,0.152205604676956,"no"
"SYAP1",-0.0504938422094394,10.6385855403356,-0.416174185798621,0.679296800123635,0.872920765561494,-6.03462499024627,"SYAP1",0.586682006543248,0.167940431179803,"no"
"JAGN1",-0.050998873863362,11.6082769145782,-0.335160855911771,0.739054559803787,0.897718083528683,-6.07635282440819,"JAGN1",0.603348055554607,0.131323499159885,"no"
"CORO1B",-0.05101696766042,11.195088782794,-0.498765430187742,0.620363737939716,0.844850795051258,-6.01370450481127,"CORO1B",0.5678164379003,0.207353595888969,"no"
"CACYBP",-0.0511058386186161,10.9603482996321,-0.540904806948373,0.591117340243716,0.828081288592144,-6.01092545810484,"CACYBP",0.556545807063784,0.22832630057041,"no"
"SEC13",-0.0512238218773771,12.1173286790443,-0.352910734937434,0.725760721730642,0.891127836775742,-6.0818268599513,"SEC13",0.598918811411076,0.139206539576124,"no"
"ARPC2",-0.0516554795796083,12.4972485389618,-0.683220474010977,0.497808197397241,0.770360189530996,-5.92662476371018,"ARPC2",0.517751988021922,0.302937956150335,"no"
"CSTB",-0.052071052720315,16.1727125837688,-0.63529707291409,0.528303203696727,0.791219811042943,-5.95716388688457,"CSTB",0.531771547513659,0.277116755688999,"no"
"GSTO1",-0.052511824750038,17.2181176008082,-0.568786798906062,0.572197853955752,0.816125880290933,-5.9959299270615,"GSTO1",0.548510687259197,0.242453775361449,"no"
"TPMT",-0.0525216306470675,11.4391592880015,-0.67577382946265,0.50270538527865,0.773372265612779,-5.90113761415687,"TPMT",0.519776376613921,0.298686462326582,"no"
"CMBL",-0.0526400695612566,18.0843799805694,-0.345603125967912,0.731176852616889,0.893655458152955,-6.09502630763366,"CMBL",0.600617602458177,0.135977565824386,"no"
"TBCEL",-0.0527779779354116,9.1115336505101,-0.249142612790032,0.805122713675932,0.92852550591495,-5.84661272574529,"TBCEL",0.62405344039028,0.0941379211095443,"no"
"HEBP1",-0.0531794245329564,11.2824214604162,-0.59928699300771,0.551847821039545,0.802308254189112,-5.9786758843122,"HEBP1",0.539223988022678,0.258180667913174,"no"
"HUWE1",-0.0533974462299263,11.1110139450788,-0.786883076235326,0.435284218307874,0.722050863855927,-5.85314501756736,"HUWE1",0.485283735186202,0.361227078365348,"no"
"OPLAH",-0.0536140353440064,13.0532025151453,-0.84505506620665,0.402344087036184,0.695594087259818,-5.80749499893063,"OPLAH",0.467502379314702,0.395402376806088,"no"
"GMPR",-0.0536441002744859,12.9586986082864,-0.430619402271018,0.668705492609577,0.867940521779302,-6.06293313519391,"GMPR",0.583334830567509,0.174765109579771,"no"
"SPTA1",-0.0536953175077493,13.3993582910784,-0.249505619290685,0.8040525160501,0.92852550591495,-6.12287617980167,"SPTA1",0.62405344039028,0.0947155847267616,"no"
"CALCOCO2",-0.0540379171821925,11.0601458477182,-0.356480105265139,0.7233005551366,0.890002347613666,-6.02213333076641,"CALCOCO2",0.598162380511503,0.140681201579685,"no"
"PPA2",-0.0541439637559975,14.4180162593656,-0.454369884053989,0.651645653319016,0.863402878147978,-6.05272096437101,"PPA2",0.580285122076623,0.185988497276376,"no"
"SELENBP1",-0.054161655083929,15.7248038288868,-0.487534191590572,0.628137019866698,0.847215419210858,-6.03755272366368,"SELENBP1",0.569405680018721,0.201945610273612,"no"
"NDUFB3",-0.0545414539541689,16.1937056176689,-0.374246401709644,0.709897323642474,0.881881551723552,-6.08499387919967,"NDUFB3",0.592704468389919,0.148804461140244,"no"
"ALDH9A1",-0.0547110584043491,15.3737738759896,-0.803458728972034,0.425738058990969,0.714929382523312,-5.84045946078039,"ALDH9A1",0.480497453174579,0.37085752419227,"no"
"RRAS2",-0.0550169765775728,12.8059271360679,-0.43078220743535,0.668587934290905,0.867940521779302,-6.06286498275201,"RRAS2",0.583334830567509,0.174841465192093,"no"
"DCAF6",-0.0550931984372163,11.9466094549464,-0.978707396256396,0.332715237233948,0.641188522022374,-5.69071566147248,"DCAF6",0.430936900018202,0.477927309455517,"no"
"HSPA2",-0.0552770514088188,15.9438375251645,-0.391890440262902,0.696903302797709,0.881003354093157,-6.07841908095875,"HSPA2",0.592114239851124,0.156827477245892,"no"
"MYH15",-0.0552977244111439,14.1661529600951,-0.476669315518819,0.635797394236441,0.852163592554003,-6.04263843570336,"MYH15",0.572731301747759,0.196681256337971,"no"
"PITPNB",-0.055982595020847,12.1065159317966,-0.543376250125787,0.58942839034371,0.827323295696648,-6.00962629640567,"PITPNB",0.556036367020174,0.229568949801549,"no"
"FGG",-0.0560144674180592,14.6429491326832,-0.39311816816181,0.696002489356463,0.881003354093157,-6.07795039142914,"FGG",0.592114239851124,0.157389207067826,"no"
"PTPA",-0.0562514286247211,13.5375447032607,-0.65731423925344,0.514172076751099,0.781834439490199,-5.94340390752877,"PTPA",0.525463725736529,0.288891512372656,"no"
"ATL2",-0.0564663594923775,11.8030365996185,-0.717295575509279,0.476727224751121,0.754324490362546,-5.90358806423523,"ATL2",0.506974542306767,0.321730045846046,"no"
"STAC3",-0.0568597758306844,13.7628293509068,-0.590090200890038,0.557945225807042,0.807991368103072,-5.98397198392735,"STAC3",0.54304355654023,0.253408434211829,"no"
"FUBP1",-0.0574178419030407,12.4225692910712,-0.605879463066723,0.547497942520614,0.800830323839132,-5.97482991967895,"FUBP1",0.538230684646857,0.261617508549256,"no"
"TNS1",-0.0580807811958,13.2671888711361,-1.02007157625675,0.312895470061327,0.617861397388224,-5.6512454296004,"TNS1",0.41525895440484,0.504600724299028,"no"
"PHB2",-0.0581617704204263,15.397790219437,-0.63105471549982,0.531049330538295,0.792979832175439,-5.95976231821465,"PHB2",0.532954441506228,0.274865134313115,"no"
"FITM1",-0.0583728877639587,11.7768834462847,-0.648011179562767,0.520185865122116,0.785288483331852,-5.93865827017938,"FITM1",0.527785156789215,0.283841452953044,"no"
"HDHD3",-0.0585485531332477,11.9813607669846,-0.216865626183223,0.829725240331305,0.938445613132661,-5.90923434801449,"HDHD3",0.63072065308268,0.0810656984227331,"no"
"SLC22A25",-0.058908696096962,13.0530823815037,-0.258735336700773,0.798028097735735,0.924724680776578,-5.83168770812819,"SLC22A25",0.621498940822079,0.0979818173250107,"no"
"CBX3",-0.0589711689535477,10.3036660124286,-0.609773169902013,0.544937022041859,0.799949735532324,-5.97253893409343,"CBX3",0.537638849356463,0.26365368590704,"no"
"TXNRD1",-0.0590174416644622,12.9996023622486,-1.28881560975168,0.203744344373826,0.515654576840843,-5.35725854940126,"TXNRD1",0.34656669168547,0.690914437760153,"no"
"PTPN11",-0.0592366040600893,12.4086923736963,-0.952026882217792,0.345934051604368,0.647437934878848,-5.71534368310672,"PTPN11",0.435137072839151,0.461006686623936,"no"
"SGCB",-0.0593051614254296,14.3832119550651,-0.629235955526033,0.532228919618271,0.792979832175439,-5.96087106471892,"SGCB",0.532954441506228,0.273901530969518,"no"
"ACSS2",-0.0594244731415401,12.1929592416682,-0.922373011520595,0.361025767003125,0.664755413633227,-5.74194859341457,"ACSS2",0.446775990808245,0.442461800676276,"no"
"CYRIB",-0.0596262084829355,12.7021058256463,-0.596918154569049,0.553415108883236,0.80351306854666,-5.98004772161988,"CYRIB",0.540033732655508,0.256948988283167,"no"
"MLF2",-0.0598903269586284,9.83725922266214,-0.248510943753066,0.805606345262477,0.92852550591495,-5.86605931176229,"MLF2",0.62405344039028,0.0938771217721801,"no"
"PSMA2",-0.0600191920493689,13.3476440006665,-0.849893406652737,0.399675550906801,0.693717407142869,-5.80355598589149,"PSMA2",0.466241079893163,0.398292417741958,"no"
"SERPING1",-0.0600759497502779,12.9503632985972,-0.512966252388138,0.610367879949764,0.839947779424902,-6.0252050436374,"SERPING1",0.564521166256793,0.2144083288009,"no"
"EIF2S3",-0.0603160151173316,14.3461517918541,-0.74073685241019,0.462522801271796,0.742847160550735,-5.88710439338267,"EIF2S3",0.49926073465159,0.334866852714282,"no"
"ALDH7A1",-0.0610748838945927,13.2670820470538,-0.466090647276668,0.643294823015234,0.857825612744181,-6.04748114300059,"ALDH7A1",0.57653669336784,0.191589943617452,"no"
"MYH8",-0.0614674191076716,16.4145416880553,-0.842331134801335,0.403851282979363,0.697187574149404,-5.80970303297769,"MYH8",0.468573347176465,0.393778533087289,"no"
"TAB1",-0.0615973202152116,10.6178923310768,-0.648581809819153,0.520208218065592,0.785288483331852,-5.88546063940021,"TAB1",0.527785156789215,0.283822791255203,"no"
"MYH13",-0.0616329060506509,16.1223781730644,-0.232762666359774,0.816952258210993,0.932781528880116,-6.12681121468798,"MYH13",0.626913874225293,0.0878033224166006,"no"
"MCM2",-0.0617280328976602,14.3023910113566,-0.428058932101035,0.670555457477182,0.868824215534074,-6.06400162156669,"MCM2",0.583928753000876,0.173565298527763,"no"
"WDR44",-0.0619672380269645,10.1898947509559,-0.463309754643001,0.645581027368442,0.859527925593121,-5.98483937691189,"WDR44",0.57768080215455,0.190049241344022,"no"
"TARDBP",-0.06217391421856,11.241102015973,-0.609811864732091,0.544974684083501,0.799949735532324,-5.96188266395505,"TARDBP",0.537638849356463,0.263623671701712,"no"
"EPRS1",-0.0625966621309875,12.7377681556004,-1.10091154375614,0.276518797605641,0.584460185848288,-5.56961561423467,"EPRS1",0.392810307768944,0.558275340240242,"no"
"RDX",-0.0627507395134526,13.0629753613118,-0.971418238940175,0.336292786702585,0.644722949954363,-5.69750889961088,"RDX",0.43331235647763,0.47328244796595,"no"
"PLCD4",-0.0628901645356805,13.8305439552716,-1.15984126608124,0.251947804690776,0.563510877365018,-5.5063972024775,"PLCD4",0.378730470489839,0.598689421451239,"no"
"PPP1R3A",-0.0629341182358498,13.066272624684,-0.541336212649432,0.590822358187308,0.828081288592144,-6.01069910255393,"PPP1R3A",0.556545807063784,0.228543078265903,"no"
"TMED7",-0.0633062168125367,12.3039997999409,-0.605032776443475,0.548055626868163,0.800833437537209,-5.97532618330579,"TMED7",0.538232777334656,0.261175359005004,"no"
"RFTN1",-0.0633299348400378,10.4135833922329,-0.466434633954853,0.643195597035484,0.857825612744181,-6.01311957163085,"RFTN1",0.57653669336784,0.191656937191412,"no"
"TACC2",-0.0634156029091937,12.7915236092916,-0.967610131612384,0.338171943980278,0.644722949954363,-5.70103855329729,"TACC2",0.43331235647763,0.470862425951685,"no"
"EVI5L",-0.0637338841702917,13.0480369768064,-0.225437242430953,0.823532630105049,0.936216314113902,-5.83939781066301,"EVI5L",0.629222361745013,0.0843191884871608,"no"
"ENSA",-0.0639858577660934,13.1671990302588,-1.16989823846598,0.247916395570144,0.561215211133687,-5.49529785854471,"ENSA",0.377187574359874,0.605694750883715,"no"
"THBS4",-0.0640601515974808,10.5332763421887,-0.389400486543575,0.700532452953034,0.881311908475463,-5.73685352814178,"THBS4",0.592321616409547,0.154571740732303,"no"
"TBCA",-0.0641597754667043,11.8222933864364,-0.896754369931132,0.374401871599536,0.675601078533035,-5.76428020244973,"TBCA",0.454065262293982,0.426661988931478,"no"
"SMS",-0.0644454889242621,12.1891776994947,-0.835117400827014,0.40785957922562,0.702076301831864,-5.81551714680731,"SMS",0.471859016024478,0.389489333146024,"no"
"FNBP1L",-0.0645591240054895,10.3194401948895,-0.37901893869053,0.707617234367613,0.881420697877308,-5.83419097900172,"FNBP1L",0.592394732764529,0.150201598176666,"no"
"SKIC8",-0.0647217696774742,11.68672147811,-1.084305841902,0.283737661337393,0.593194835123788,-5.58686613923883,"SKIC8",0.398680785096982,0.547083015189466,"no"
"PPP2CB",-0.0649610965051117,14.5565102914162,-0.96984831002001,0.337066645808593,0.644722949954363,-5.69896564437835,"PPP2CB",0.43331235647763,0.472284220655997,"no"
"BABAM2",-0.0649704385816499,11.2292438762424,-0.501637458990844,0.618357664147174,0.843808284664297,-6.0123117414098,"BABAM2",0.567115776271211,0.208760252040348,"no"
"CAPZB",-0.0653769900367358,16.025092001122,-1.16968484448104,0.248001449526298,0.561215211133687,-5.49553430679479,"CAPZB",0.377187574359874,0.605545780788973,"no"
"GALK1",-0.0653928099338312,11.7158262057416,-0.572346989282969,0.569803595326879,0.814822244250991,-5.99396168548258,"GALK1",0.547634525483823,0.244274814791702,"no"
"SWAP70",-0.0655010438278456,15.6581878684866,-0.45316696948886,0.652505288913733,0.863402878147978,-6.05325125177948,"SWAP70",0.580285122076623,0.185415963780118,"no"
"ABLIM2",-0.0659779350562637,13.7511045656662,-1.21404164880254,0.23077237311879,0.545690277894953,-5.44551466675811,"ABLIM2",0.366753409721699,0.63681618390545,"no"
"ITGA8",-0.0660216967872813,11.3151323262067,-0.185078840633437,0.854540697480874,0.946315165316685,-5.83876069364193,"ITGA8",0.636009706623467,0.0682672491860932,"no"
"PREPL",-0.0661776376542011,11.7669425474124,-0.457523473964298,0.649536299789475,0.86216075151614,-6.01710940394898,"PREPL",0.579450300207907,0.187396573062483,"no"
"TIMM10B",-0.0665393636430185,11.1405801052317,-0.112258062756365,0.911675285288828,0.969604132305431,-5.70385544966556,"TIMM10B",0.651662006834802,0.0401598183803549,"no"
"ANXA11",-0.066683679251442,14.475785246487,-1.11014672178134,0.272560436337637,0.58214928113239,-5.55991431463281,"ANXA11",0.391257169993855,0.564537184184542,"no"
"MICOS13",-0.0668838184070442,10.3362030395017,-0.490528993973843,0.62636251375063,0.846205776543142,-5.96007081323723,"MICOS13",0.56872710848101,0.203174241624443,"no"
"CCDC47",-0.0671608876515144,10.7659964784663,-0.587766564619161,0.56024097982589,0.807991368103072,-5.88121628248204,"CCDC47",0.54304355654023,0.251625127105936,"no"
"BCAT2",-0.0677693728586668,13.2312383126135,-0.837575702717576,0.406490888329951,0.701029317937358,-5.81354125331901,"BCAT2",0.471155347792171,0.3909491848605,"no"
"RPS24",-0.0679305001201094,10.0613695182934,-0.453250566663695,0.652537144062571,0.863402878147978,-6.03375646741564,"RPS24",0.580285122076623,0.185394762147108,"no"
"NOMO3",-0.0681469680396631,12.1342431948936,-0.578498571577232,0.566414396731052,0.812828624079454,-5.88436122046071,"NOMO3",0.546294631728666,0.246865716579952,"no"
"RANBP2",-0.0689066468728914,11.8951708519364,-0.632451672337503,0.530860105132727,0.792979832175439,-5.85658455388567,"RANBP2",0.532954441506228,0.275019911260346,"no"
"MYLK2",-0.0694554634523197,15.4637401012929,-0.651352169027854,0.517978546432126,0.784626114126808,-5.94717542409476,"MYLK2",0.527339984547221,0.285688227434479,"no"
"IGHG1",-0.0695718876795475,17.5847212454898,-0.430898226400605,0.668504164458343,0.867940521779302,-6.06281640005342,"IGHG1",0.583334830567509,0.174895882948526,"no"
"TINAGL1",-0.0695972291580009,13.1899800784205,-0.753243455496695,0.45504508159912,0.738030913173637,-5.87809825786389,"TINAGL1",0.496023779149234,0.341945575387141,"no"
"BCAM",-0.0697920254204956,12.1090945755651,-0.810484777599462,0.42172999804879,0.713944559233507,-5.83500478348108,"BCAM",0.479835562512164,0.374965506114138,"no"
"HARS1",-0.0704715361732831,12.1317574012104,-1.21184146103554,0.231605745201941,0.545962350105518,-5.44803689660459,"HARS1",0.366936266948513,0.635250671721141,"no"
"MIF4GD",-0.07056600240292,10.5031194238448,-0.563449569611062,0.57618334735833,0.817817590953233,-5.93619783250923,"MIF4GD",0.549647670413916,0.239439297695481,"no"
"ALB",-0.071026693340567,20.0722258446783,-0.805181995947434,0.424752890548601,0.714565485597535,-5.83912587229227,"ALB",0.480252881402418,0.371863656967368,"no"
"CACNA2D1",-0.0710837961454676,14.860099379596,-0.740581172038245,0.462616326590011,0.742847160550735,-5.88721557328299,"CACNA2D1",0.49926073465159,0.334779044235461,"no"
"ZW10",-0.0711585742848957,13.4050327717119,-0.652196025919985,0.517438875547102,0.784626114126808,-5.94664366148095,"ZW10",0.527339984547221,0.286140945543443,"no"
"POSTN",-0.0713609995428914,9.7100280036459,-0.2207226243185,0.827087452264254,0.9380382080558,-5.79092998070215,"POSTN",0.630446839882904,0.0824485678019745,"no"
"FN3K",-0.0714999428239285,14.7487619962051,-1.17659132247579,0.245259371533924,0.559843838584564,-5.48786108408836,"FN3K",0.376265887500563,0.610374388931865,"no"
"HYCC1",-0.0716762807757032,9.69912220998824,-0.558290147096747,0.579904677607418,0.819515944127373,-5.90654175414061,"HYCC1",0.550789117939664,0.236643388146254,"no"
"PPIA",-0.071896774317441,17.2766815370722,-0.8517918093163,0.39863151447969,0.693125078272438,-5.80200449968884,"PPIA",0.46584298111496,0.399428370403198,"no"
"SEPTIN2",-0.0722747239134574,12.3642360627702,-1.25464260699286,0.215786718461677,0.531017918876945,-5.39820338345076,"SEPTIN2",0.356892252364684,0.66597528938579,"no"
"LSMEM1",-0.0726592463987892,8.8450680247581,-0.211275497773727,0.834441905671405,0.939358068742937,-5.82919994301055,"LSMEM1",0.631333906094222,0.0786038937655414,"no"
"HP",-0.0728491122905623,15.4264200827645,-0.25645565528087,0.798713715249166,0.924779602924351,-6.12116270970416,"HP",0.62153585349174,0.0976088579415249,"no"
"TOMM70",-0.0729112285686018,13.7225857300109,-0.890327796835953,0.377806364504577,0.678674212037596,-5.7697870028755,"TOMM70",0.456130687017463,0.422730730252364,"no"
"TMSB4X",-0.0732845642889863,11.0496926501391,-0.568254216485494,0.572675218809767,0.816125880290933,-5.97683380543138,"TMSB4X",0.548510687259197,0.242091609565259,"no"
"PPP1R9B",-0.0736630712140336,12.2364307247733,-0.241267160739524,0.811381169025212,0.928541691472517,-5.82928451017808,"PPP1R9B",0.624064318554445,0.0907750758569091,"no"
"PTGES3L",-0.0736795139839845,10.706323527539,-0.459406624217391,0.648417384047646,0.86146881023473,-5.97781979304673,"PTGES3L",0.57898525284576,0.188145350247397,"no"
"H2AC8",-0.0737736351833114,13.9061065036027,-0.633777429788192,0.529286027461247,0.791869028111455,-5.95809662974941,"H2AC8",0.532207880325826,0.276309570729259,"no"
"SNAP23",-0.0737910818177685,10.8671904056708,-0.68026857852801,0.499658238633822,0.771549669844575,-5.92856875300702,"SNAP23",0.518551426785033,0.301326947313065,"no"
"SPR",-0.0738580962566449,13.2783857511526,-0.942464116136046,0.3507548804586,0.653246976978129,-5.72401165206264,"SPR",0.439041276530202,0.454996277415802,"no"
"RUVBL1",-0.0740311347017126,11.6533231772169,-1.05240443395103,0.297972913122352,0.600178816143493,-5.61930729046955,"RUVBL1",0.403374654414737,0.525823213159182,"no"
"RPL28",-0.0740825056346281,11.6474869012596,-0.630311531869352,0.531531170057943,0.792979832175439,-5.96021575530028,"RPL28",0.532954441506228,0.274471262491128,"no"
"NOS1",-0.0742118261646301,12.0255152595716,-0.990873699814922,0.326800660115109,0.635311060763223,-5.67926871882935,"NOS1",0.426986712439973,0.485717074893417,"no"
"SRP9",-0.0745054589127552,10.8635249629514,-1.05427519250793,0.297240316575424,0.599972125735857,-5.60712483254121,"SRP9",0.403235739695476,0.526892284821501,"no"
"MTR",-0.0746274828135256,10.9838640234542,-0.642834480079619,0.523579753472918,0.787477035886227,-5.93317263154008,"MTR",0.529256062803463,0.281017155713712,"no"
"RAB18",-0.0747202306382224,10.7926453363854,-0.67455791021984,0.503392995865271,0.773604481385702,-5.91300140745599,"RAB18",0.519932446696091,0.298092831453975,"no"
"ACADS",-0.0752728497821078,15.6583801862784,-0.345961242464699,0.730909438683174,0.893655458152955,-6.09490577733521,"ACADS",0.600617602458177,0.13613642976803,"no"
"POTEI",-0.0753432800432066,14.496045209448,-0.67478481340241,0.503105054434085,0.773574331697849,-5.93215822877768,"POTEI",0.519912183368577,0.298341319522184,"no"
"FLG2",-0.0753677028345905,10.9046955964202,-0.262385002755985,0.795341155002538,0.924148967698847,-5.78569662929795,"FLG2",0.621112009365111,0.099446544357169,"no"
"USP47",-0.0759201654606265,12.7908746024126,-0.911910036284682,0.366450943838867,0.669055922174565,-5.75114234584728,"USP47",0.449666322989271,0.435984155391311,"no"
"KARS1",-0.076239114700801,13.349911225319,-1.38278931133547,0.173237860581816,0.475209088541746,-5.23941630597711,"KARS1",0.319383651520683,0.761357188271963,"no"
"GDE1",-0.077363657600884,10.2680351162389,-0.509492277279485,0.613417093034218,0.84173321238346,-5.90855435822536,"GDE1",0.565721139303604,0.212244126451005,"no"
"APOA4",-0.0775519843788182,13.7083534487977,-0.665892750262546,0.508721598691424,0.777621721453261,-5.93791812680186,"APOA4",0.52263239674492,0.293519823223034,"no"
"FBN1",-0.0785063634077581,12.5762896084398,-0.205969451410988,0.837719868693542,0.940358286559272,-6.12353111488635,"FBN1",0.632006143276127,0.076901184018459,"no"
"COL6A1",-0.078566822142653,15.7518461745725,-0.679859457569335,0.49991494390207,0.771549669844575,-5.92883753153261,"COL6A1",0.518551426785033,0.301103880736502,"no"
"P4HA1",-0.0787127564667163,10.822866627969,-0.485908867778652,0.629379530496983,0.847215419210858,-6.01984224846034,"P4HA1",0.569405680018721,0.201087385885412,"no"
"AKR1C2",-0.0790720797106506,13.4775662060437,-0.376507631693609,0.708227061256414,0.881420697877308,-6.08416807492976,"AKR1C2",0.592394732764529,0.149827482929787,"no"
"UCHL5",-0.0792391433416046,8.72452985912015,-0.191195815467095,0.850380251373974,0.945185457391685,-5.63513316478592,"UCHL5",0.63525044033219,0.0703868341137544,"no"
"EPN1",-0.0797168354019586,10.7298434156904,-0.537870615876135,0.593248521106613,0.829949406141472,-6.00355972601016,"EPN1",0.557801351662489,0.226763335750384,"no"
"TXN",-0.0799914123897558,16.2442049313851,-0.952564529680679,0.345664309627812,0.647437934878848,-5.71485384748267,"TXN",0.435137072839151,0.461345459716711,"no"
"SEC22B",-0.0804432605299592,13.469757374235,-1.09490933686452,0.279113037248869,0.587739302064529,-5.57587958746065,"SEC22B",0.395014171575753,0.554219877330767,"no"
"SETD3",-0.0809892463205575,10.4578861468511,-0.583288325156856,0.56266426697426,0.810388148436888,-5.95734006478217,"SETD3",0.544654410527169,0.249750664637478,"no"
"EMC8",-0.081063592011752,11.0758578648538,-0.561022620650487,0.579376233975122,0.819515944127373,-5.70597708259521,"EMC8",0.550789117939664,0.237039323535349,"no"
"ITIH1",-0.0815470054237419,11.8900922994747,-0.590001011394683,0.558128599184262,0.807991368103072,-5.96464896342508,"ITIH1",0.54304355654023,0.253265723138802,"no"
"NADK2",-0.0821503478374694,11.6191693086251,-1.17187002049728,0.247258077702815,0.561215211133687,-5.48295047482154,"NADK2",0.377187574359874,0.606849511482228,"no"
"LMNB1",-0.0826129685647157,10.4855270749926,-0.311663086214408,0.756831438213222,0.906057713255207,-6.05636648469034,"LMNB1",0.608953043882085,0.121000835962841,"no"
"RAB1B",-0.0837512880549198,15.646675806353,-1.0607350472633,0.294208887143244,0.599880908255643,-5.61092460166071,"RAB1B",0.403174433267178,0.53134421271326,"no"
"BCAP31",-0.0839917248379241,11.6799928228194,-1.07936966345996,0.286278869273401,0.595055501164539,-5.56251667092696,"BCAP31",0.399931321605405,0.543210706804232,"no"
"CBFB",-0.0841810173761193,10.351664434208,-0.431963789396528,0.668261747340047,0.867940521779302,-5.94369873564585,"CBFB",0.583334830567509,0.175053398063207,"no"
"JPT2",-0.0842800939487276,10.4811560655788,-0.677684093452567,0.501760860003394,0.773301280639114,-5.8699553582499,"JPT2",0.519728668266923,0.299503218963035,"no"
"PHYH",-0.0848411122068899,10.2376204046663,-0.585482370632901,0.563234272271074,0.810388148436888,-5.6869564964084,"PHYH",0.544654410527169,0.249310926654733,"no"
"CCAR2",-0.0848427739085782,10.5921717128672,-0.637990069727625,0.526927723969364,0.789980565888547,-5.90057121522181,"CCAR2",0.530938662259391,0.278248950696224,"no"
"PPCDC",-0.0850321213515617,9.20421626044666,-0.482424196926195,0.632188155628529,0.849203505065905,-5.95540509343749,"PPCDC",0.570741854210739,0.199153645151546,"no"
"MAN2C1",-0.0851478421801062,12.7781659025238,-1.06427325967902,0.292620210240686,0.599164819690269,-5.60734524721395,"MAN2C1",0.402693156737886,0.533695681994385,"no"
"CD93",-0.0852773134429814,10.9301398792461,-0.393768324728368,0.695941931008581,0.881003354093157,-5.97708992838847,"CD93",0.592114239851124,0.157426996157606,"no"
"NLN",-0.0859122135276706,12.5139298617572,-1.23469795466009,0.223055385554568,0.53589056379485,-5.42162613223912,"NLN",0.360167112134769,0.651587286484706,"no"
"NEK7",-0.08592936094119,12.506254883929,-0.854119727864497,0.397353579379963,0.693125078272438,-5.80009741253049,"NEK7",0.46584298111496,0.400822870484095,"no"
"TPM1",-0.0859348346661868,20.9472402986841,-0.788004215309202,0.434634544263873,0.721897494489562,-5.85229510534453,"TPM1",0.485180657047669,0.361875759407627,"no"
"COPG1",-0.0860903836244269,11.2663285690231,-0.68792862611837,0.494865260733862,0.768126149079804,-5.92350711972907,"COPG1",0.516250510011187,0.305513032349944,"no"
"CD99L2",-0.0864380615404077,10.504321606494,-0.535029261254193,0.595252566409537,0.831499130204565,-5.99457899594438,"CD99L2",0.558842906931642,0.225298723474368,"no"
"CLEC3B",-0.0866567451424451,11.9352913546045,-0.764659453962463,0.448281184111739,0.732234931328126,-5.86974913113063,"CLEC3B",0.492128353134451,0.348449489570383,"no"
"PITPNA",-0.0867168214306968,11.9373814957155,-1.29516542108392,0.201563395786,0.514621573201087,-5.34953777389515,"PITPNA",0.345872419453616,0.695588333593216,"no"
"SLC27A1",-0.0869327365931589,12.6123755939534,-1.16413111172496,0.25022245532276,0.562707752492604,-5.5016737640494,"SLC27A1",0.378190697660229,0.601673718682719,"no"
"COL4A2",-0.0872342709626501,13.9903987502441,-0.44818222826159,0.656072589486456,0.864073675417748,-6.05543385444141,"COL4A2",0.580735958743293,0.183048106555233,"no"
"ATG4B",-0.0876056386160808,11.1307630872041,-0.806138903002623,0.424384529466045,0.714565485597535,-5.81921932571104,"ATG4B",0.480252881402418,0.372240456273973,"no"
"LSM2",-0.0876561209646063,12.8125402247937,-0.81869547139778,0.417075196588374,0.708978650804411,-5.82857196384804,"LSM2",0.476498021195206,0.379785636826669,"no"
"CST3",-0.0885131851338965,12.6424746014664,-0.573236948640069,0.569389896125245,0.814665543686889,-5.96295918842851,"CST3",0.547529208477972,0.244590243715205,"no"
"DENR",-0.0885183143207584,11.262192957101,-0.920610004591992,0.362252372289462,0.664755413633227,-5.7136083176847,"DENR",0.446775990808245,0.440988761774388,"no"
"COL6A3",-0.089005172973561,15.3601592570299,-0.805991085011212,0.424290819908299,0.714565485597535,-5.83849878296214,"COL6A3",0.480252881402418,0.372336364665859,"no"
"MTCH2",-0.0890438585910029,13.1763627534594,-0.856213905145173,0.396206140062378,0.692781533307514,-5.7983775062953,"MTCH2",0.465612087708238,0.402078798422543,"no"
"SNAP29",-0.0892476543678118,11.7588130458174,-0.704559774101162,0.484546827180537,0.760451008580016,-5.91232654217546,"SNAP29",0.511092118772756,0.314664245850794,"no"
"GNB1",-0.0893544123253047,11.9406129703587,-1.05541499781992,0.296608834225513,0.599972125735857,-5.61628516598756,"GNB1",0.403235739695476,0.527815918047164,"no"
"MAP3K20",-0.089622991730284,14.388947987352,-0.960555730412062,0.34167137652515,0.644722949954363,-5.70754198019901,"MAP3K20",0.43331235647763,0.466391402640714,"no"
"B3GLCT",-0.0897176220486671,10.2468756649793,-0.610562056118457,0.545304833019404,0.799949735532324,-5.84902857884788,"B3GLCT",0.537638849356463,0.263360653157931,"no"
"TMOD1",-0.089889033912506,13.365045894219,-0.896142291008857,0.374725275923594,0.675630375539538,-5.76480632744027,"TMOD1",0.454084952542214,0.426287011939783,"no"
"CACNG1",-0.0900644378141227,14.3679393976295,-0.587123618935835,0.55991923842738,0.807991368103072,-5.98566312844478,"CACNG1",0.54304355654023,0.251874610198691,"no"
"TMED10",-0.0901709830248514,13.2693933707982,-1.66004430863279,0.103536862571425,0.37066113395416,-4.84799825038303,"TMED10",0.249117934175783,0.984904999375044,"no"
"TFG",-0.0904747962710051,12.1730928703037,-0.743924447951669,0.460689730039472,0.741579280683304,-5.87425864154165,"TFG",0.49840860427043,0.336591469181878,"no"
"SH3GLB1",-0.0905108460651736,13.3094702393379,-1.40085014502569,0.167800320474179,0.464421060430526,-5.2158941563143,"SH3GLB1",0.312133117189695,0.775207214067304,"no"
"ITGAV",-0.0908903064607003,10.7300013178874,-0.67677192709309,0.501854559859793,0.773301280639114,-5.93086082439207,"ITGAV",0.519728668266923,0.299422125488579,"no"
"PLBD2",-0.0910941526616398,10.0643048970322,-0.538792219748048,0.59441407512795,0.831084276718662,-5.72039375258686,"PLBD2",0.558564087724752,0.225910915468833,"no"
"SYNE2",-0.0912630113436421,11.9023706602144,-1.50594894271092,0.138744879111003,0.423009979391315,-5.07349796829156,"SYNE2",0.284301111037817,0.857783037141323,"no"
"PSPH",-0.0915417915620029,11.1857702995028,-0.691018797276766,0.495632804651868,0.768230847210395,-5.64035720543791,"PSPH",0.516320876660441,0.304839956517535,"no"
"PCYOX1",-0.0918461865019466,14.3205019720314,-1.07188104004308,0.289224437265021,0.596078743889685,-5.59961062484408,"PCYOX1",0.400619033616452,0.538765015246866,"no"
"SSR1",-0.0923731963653331,12.6903583366187,-0.430248986185432,0.66901525167096,0.867940521779302,-6.05239148377539,"SSR1",0.583334830567509,0.174563981423453,"no"
"BZW2",-0.0924831709832468,14.269829159211,-1.33396553705592,0.188617179074751,0.494839143291781,-5.30159687943402,"BZW2",0.332576830516598,0.724418754665509,"no"
"HEXB",-0.0925967162221184,13.1313601575067,-0.624437507881824,0.535868992648308,0.795899203384987,-5.88690870753371,"HEXB",0.53491652400745,0.270941372106111,"no"
"NCK1",-0.0926437694784017,11.0122483774885,-0.843349584605681,0.403679297664504,0.697187574149404,-5.76256398339793,"NCK1",0.468573347176465,0.393963522426717,"no"
"CAT",-0.0932453295455513,15.3555471884573,-0.63000546729419,0.531729672021634,0.792979832175439,-5.96040234121826,"CAT",0.532954441506228,0.274309104147535,"no"
"FAU",-0.093728552758316,11.8075214706022,-0.526191422962988,0.601797657456427,0.833272306509244,-5.92330728769638,"FAU",0.560034642394269,0.220549507117253,"no"
"ANXA1",-0.0940712236581973,13.0406319590494,-0.716409829579634,0.477268742968351,0.754324490362546,-5.90420075748923,"ANXA1",0.506974542306767,0.321237007286536,"no"
"PPP3CB",-0.0945893973751186,14.4623266508966,-0.602763761136964,0.549551578987847,0.801520887519553,-5.9766527413136,"PPP3CB",0.538694806136067,0.259991539967412,"no"
"REXO2",-0.094734892221723,10.8234421577793,-0.571529554005451,0.571078732058835,0.815463092880446,-5.88014891623462,"REXO2",0.548065233945177,0.243304013397616,"no"
"MMAB",-0.0948817164181595,11.629985987691,-0.662988053895792,0.511031294241937,0.778701491173099,-5.85610884591929,"MMAB",0.523358100028461,0.291552503974008,"no"
"AFM",-0.0954597106988544,10.6498216533972,-0.476062450348051,0.636607521311272,0.852531915526965,-5.96169118322964,"AFM",0.572978848225468,0.196128234636338,"no"
"NDUFB5",-0.0954856966385247,12.9568081246947,-0.803379350013543,0.425783472005732,0.714929382523312,-5.84052082305891,"NDUFB5",0.480497453174579,0.370811200943781,"no"
"APOB",-0.0955057714131939,14.4568115043572,-0.987784919762585,0.328295536628647,0.635712833845126,-5.68218769618127,"APOB",0.427256740427811,0.483735021720025,"no"
"METAP1",-0.0955334238784129,11.0954802427409,-0.93428854698243,0.355013498285665,0.657356400486558,-5.72093093640896,"METAP1",0.441803182220589,0.449755133932142,"no"
"KBTBD12",-0.0955524712848383,9.38968456029321,-0.668400641316992,0.51077063119574,0.778701491173099,-5.57139372839073,"KBTBD12",0.523358100028461,0.291774082192324,"no"
"NOSIP",-0.0958551170749686,16.6654240815104,-0.485332535778543,0.629686016623927,0.847215419210858,-6.03859245516081,"NOSIP",0.569405680018721,0.200875950926136,"no"
"CUL5",-0.0971602274408063,13.2319783947901,-1.98154961973747,0.0533717280909357,0.26168485048668,-4.31611164465623,"CUL5",0.175875977777596,1.27268873521014,"no"
"FAM120A",-0.0971635753259115,10.3770414038398,-1.1113441793932,0.272050129570107,0.58214928113239,-5.55865079808102,"FAM120A",0.391257169993855,0.56535106291533,"no"
"MKRN2",-0.0974952032339953,11.7727786595927,-0.917096522276762,0.363755160782995,0.665000715622938,-5.74659764208071,"MKRN2",0.446940856016189,0.439190836401425,"no"
"RRAS",-0.0975458168029419,12.582366913411,-1.23772913408384,0.221939187565436,0.535658220137502,-5.41808894053171,"RRAS",0.360010956102654,0.65376600808421,"no"
"ABCC1",-0.0976610034809369,10.3751705152614,-0.629056438279828,0.532871318309153,0.793526865023393,-5.87514676107098,"ABCC1",0.53332209724492,0.273377654942592,"no"
"LRRC2",-0.0979567853522259,11.2379121762891,-0.716820335484715,0.477017728913793,0.754324490362546,-5.90391689199725,"LRRC2",0.506974542306767,0.321465479604861,"no"
"MYOM1",-0.0984113227195955,19.0760003816051,-1.64274992071131,0.107082123783353,0.375409609229711,-4.87428059881278,"MYOM1",0.2523093406729,0.970283023941546,"no"
"STRN",-0.0988700540072003,9.80442667151275,-0.580036244438652,0.567483062158911,0.813782329613565,-5.65217027733868,"STRN",0.546935608434088,0.246047096462061,"no"
"ILK",-0.0991675155775056,12.329375778706,-1.44360566785627,0.155455787962027,0.446838521131131,-5.15909736765339,"ILK",0.300316054469622,0.808393103577853,"no"
"NNT",-0.0991684229254979,16.0839611544171,-0.762062648055419,0.449814575429409,0.733434781902323,-5.8716590686856,"NNT",0.492934761654208,0.346966476143592,"no"
"COPB1",-0.0991872524649651,10.6095298744226,-1.08073242317776,0.285678765651833,0.594296141705752,-5.5628956901901,"COPB1",0.399420963107194,0.544122039291597,"no"
"OBSCN",-0.0996843731509216,15.587536565845,-1.05472040160876,0.296923170825599,0.599972125735857,-5.61698315872042,"OBSCN",0.403235739695476,0.527355910288597,"no"
"POLG",-0.0997539468828794,13.1277571361003,-0.481465670823611,0.632410657432015,0.849203505065905,-6.04040730788394,"POLG",0.570741854210739,0.199000819914852,"no"
"APCS",-0.100056848626293,13.2035720587028,-0.772613709549165,0.443603375207931,0.728307819319172,-5.86385942829002,"APCS",0.489488977323691,0.353005158130174,"no"
"ANXA3",-0.100200915055749,14.1536926442613,-0.845697467576255,0.401989143723215,0.695594087259818,-5.80697325825636,"ANXA3",0.467502379314702,0.3957856754846,"no"
"GMFB",-0.10023037704217,10.6452171987612,-0.519226196661655,0.607388512948121,0.83704640670623,-5.7769429261264,"GMFB",0.562571180375514,0.216533425803361,"no"
"UBFD1",-0.10049829554309,9.39110931216048,-0.644950508634778,0.522623780823332,0.787212309359282,-5.88098074031051,"UBFD1",0.529078142542952,0.281810832562442,"no"
"ANK2",-0.100935760939342,11.7622493724389,-0.92969862868054,0.357360341960871,0.659583780968753,-5.72668657306626,"ANK2",0.443300184127502,0.446893644956275,"no"
"RNF181",-0.101128987188078,11.2195662202317,-0.60759898553986,0.546563178812109,0.800533961209708,-5.93978762144548,"RNF181",0.538031502053253,0.262359629462531,"no"
"EPM2A",-0.101423180051594,14.2153761620438,-1.04917446307514,0.299441207501879,0.601595122806911,-5.62254052439651,"EPM2A",0.404326541078402,0.523688434590049,"no"
"NUP43",-0.10213563133245,11.6135151103737,-0.984786899868868,0.330089845290408,0.636980605068439,-5.65182843031591,"NUP43",0.428108797790259,0.481367835870161,"no"
"MYOM2",-0.102237241443479,19.0007065784299,-1.22793587349278,0.225560375073803,0.538854205494638,-5.42948782806334,"MYOM2",0.362158948424731,0.646737191915094,"no"
"ERP29",-0.102249842445957,13.0290483980277,-1.0915681541928,0.280564523206998,0.58942246560744,-5.57935241601038,"ERP29",0.396145410290255,0.551967245458444,"no"
"SERPINB9",-0.102383631002724,11.1290364737828,-0.698245444629753,0.488450186732688,0.761726558946911,-5.91660223980735,"SERPINB9",0.511949404425957,0.311179720031605,"no"
"SGTA",-0.102584639235529,12.0931265803332,-1.11501443285582,0.270490226254959,0.580225686229946,-5.55477003925965,"SGTA",0.389964339577092,0.567848422831812,"no"
"GOLGA3",-0.10273271054311,11.5818252848015,-0.787195749108302,0.435901964020357,0.722478761567602,-5.76795783403584,"GOLGA3",0.485571321297089,0.360611174200298,"no"
"DYSF",-0.103107175326681,15.4577687478577,-1.33671439360082,0.187724548463067,0.494839143291781,-5.2981507842277,"DYSF",0.332576830516598,0.726478931614455,"no"
"PPP6R1",-0.104047541763054,10.0870185324266,-0.654061469217207,0.518191892883473,0.784626114126808,-5.71390648511278,"PPP6R1",0.527339984547221,0.28550938583787,"no"
"PLIN5",-0.104264906125634,12.2318760551382,-0.472457658894329,0.638824751257006,0.854631906206008,-6.03389495837427,"PLIN5",0.574390232619,0.194618265473295,"no"
"DYNLT1",-0.104449778535814,11.1390071449557,-0.64171661290153,0.524228947764249,0.787512839149125,-5.94258054984501,"DYNLT1",0.529280125846692,0.280479001117073,"no"
"OPTN",-0.104612120646562,11.8432869333059,-1.30939642444617,0.196739407288182,0.505976548806271,-5.33210636329979,"OPTN",0.340062178182401,0.70610864133298,"no"
"NEDD4",-0.104671369752458,10.3907232873195,-0.691062214777987,0.494191708494278,0.76798856860068,-5.77693044517573,"NEDD4",0.516158043438346,0.306104545428051,"no"
"NIBAN1",-0.104864349639227,12.1424263078898,-0.464341929808357,0.64490823182591,0.859182270034241,-5.9752141683805,"NIBAN1",0.577448490237069,0.190502079546218,"no"
"SEPTIN9",-0.104880518552999,10.5762631102973,-0.51479136708232,0.609385218390275,0.838995981193487,-5.96909059020231,"SEPTIN9",0.563881471431946,0.21510808449043,"no"
"SCARB2",-0.105002125441334,12.1256607366762,-1.16976881424427,0.24796797858706,0.561215211133687,-5.49544127010511,"SCARB2",0.377187574359874,0.605604398290027,"no"
"ADAL",-0.105098286262802,11.2615222071733,-0.780943608740407,0.438999118690517,0.724078573625987,-5.82175500953243,"ADAL",0.486646540246545,0.357536351621727,"no"
"UBAC1",-0.105183583223228,13.3100781347563,-1.36430994134681,0.178941067533652,0.485338551422286,-5.2631931999061,"UBAC1",0.326191570225811,0.747289976053905,"no"
"MSRB3",-0.105220828744709,11.7498346728982,-1.05801286498467,0.295435217236681,0.599972125735857,-5.61367071892616,"MSRB3",0.403235739695476,0.529537736038538,"no"
"S100A10",-0.105564156867894,13.9556253638375,-0.920368673051684,0.362060995186837,0.664755413633227,-5.74371761672059,"S100A10",0.446775990808245,0.441218259186141,"no"
"SUGT1",-0.105858109453964,11.5951001217106,-1.34743352360201,0.184274469216949,0.491432465853552,-5.2846502202996,"SUGT1",0.330287233987387,0.73453483106558,"no"
"MAT2A",-0.106240390263785,12.5590366347127,-1.20719970222959,0.233371149536029,0.547721831247336,-5.45334400764441,"MAT2A",0.36811879801832,0.631952834544956,"no"
"SPCS2",-0.106316276847016,13.0930552353467,-0.94280120981731,0.350584199081546,0.653246976978129,-5.72370753074842,"SPCS2",0.439041276530202,0.455207661563196,"no"
"DNPH1",-0.106603184705598,13.2358158334969,-0.851293784903595,0.398905241480058,0.693125078272438,-5.80241183886746,"DNPH1",0.46584298111496,0.399130257169952,"no"
"IGHA1",-0.106731307786651,15.3167419917785,-0.336772199061084,0.737781701662478,0.897718083528683,-6.09795921924246,"IGHA1",0.603348055554607,0.132072120274248,"no"
"BST2",-0.1067401227437,11.900629205192,-0.528428296795322,0.599678470150997,0.833272306509244,-6.01739469986994,"BST2",0.560034642394269,0.222081543062278,"no"
"MYL4",-0.106983730206737,13.8755017038868,-0.344768364251206,0.731800319480164,0.893655458152955,-6.09530677905609,"MYL4",0.600617602458177,0.135607405250557,"no"
"TBC1D15",-0.107221003085254,14.3095294283449,-1.16278936822744,0.251018349454468,0.562738748454954,-5.48216365706889,"TBC1D15",0.378211529761038,0.600294530409223,"no"
"GCLC",-0.107438224501063,10.7803840746433,-0.966168439924929,0.340371850862004,0.644722949954363,-5.57622747639442,"GCLC",0.43331235647763,0.468046363748435,"no"
"STARD7",-0.10749783369722,11.1275047644533,-1.18834248466996,0.240772340518041,0.554743500177607,-5.46618976236492,"STARD7",0.372837997033645,0.618393405497019,"no"
"AIP",-0.10752918241465,10.2764350620139,-0.535796870732954,0.595781679092133,0.831499130204565,-5.84219518881677,"AIP",0.558842906931642,0.224912855923806,"no"
"TMEM109",-0.107645773301302,13.1909685780215,-1.1013001028174,0.276351443347206,0.584460185848288,-5.56920899090937,"TMEM109",0.392810307768944,0.55853826281338,"no"
"DBN1",-0.107716718806644,11.6151395322404,-0.40930824545551,0.687092053205209,0.876110742764536,-5.64344509655563,"DBN1",0.588825960840296,0.162985074409295,"no"
"EFTUD2",-0.107902630245547,11.2576277362528,-0.940310810191604,0.351846451174214,0.653591055886121,-5.72595186791305,"EFTUD2",0.439272528795143,0.453646825035132,"no"
"NONO",-0.10792718454544,11.364733253203,-0.700693415576767,0.487009005818342,0.761359008510936,-5.9060536739855,"NONO",0.511702377163242,0.312463007694918,"no"
"RASA3",-0.108243491381005,11.7478698644913,-0.964081584918287,0.340025166385045,0.644722949954363,-5.69555821829578,"RASA3",0.43331235647763,0.468488938199875,"no"
"COL6A2",-0.108341689827357,14.6703988491098,-0.994172616010396,0.325209130884408,0.633656363216623,-5.67614152246304,"COL6A2",0.425874605459408,0.487837269237123,"no"
"BABAM1",-0.108749711846224,11.5331654386188,-0.86928111318993,0.38928682446699,0.688113988312895,-5.76847209369589,"BABAM1",0.462475073707531,0.409730294864201,"no"
"RAD23A",-0.109087169946227,13.4485976112415,-1.69569704259144,0.0965318832046699,0.355299184641656,-4.79304988542632,"RAD23A",0.238793309533272,1.01532922123744,"no"
"DCUN1D2",-0.109164373600489,12.3076654433662,-1.25820919198823,0.214505668451587,0.529469042933155,-5.39397792807479,"DCUN1D2",0.355851267108703,0.668561226813906,"no"
"BLMH",-0.109323951604564,15.5076244361226,-1.40066537798604,0.16785527054062,0.464421060430526,-5.2161362111337,"BLMH",0.312133117189695,0.77506501765236,"no"
"PALLD",-0.109359903584954,11.634613245818,-1.15556049539856,0.253678021623853,0.564220339745821,-5.5110942715481,"PALLD",0.37920729362151,0.595717157929857,"no"
"LAMB2",-0.109368205718516,13.9125377492072,-1.0570833738183,0.295854756534832,0.599972125735857,-5.61460684495826,"LAMB2",0.403235739695476,0.528921444064087,"no"
"HOMER3",-0.110574832678042,10.7899101594487,-0.511618475305377,0.612766508182723,0.84173321238346,-5.80761607524604,"HOMER3",0.565721139303604,0.21270497984563,"no"
"DFFA",-0.110850915292746,10.8020191507298,-0.864673250223198,0.392616706328782,0.691605696521012,-5.69761163730884,"DFFA",0.464821818634012,0.406031224572904,"no"
"CAND1",-0.111059772263324,12.690093358912,-1.75019893564343,0.0865834275087467,0.337780813948196,-4.70707095637649,"CAND1",0.227019373942226,1.06256522611501,"no"
"METTL26",-0.111533483625193,12.010694053204,-0.885485862772077,0.380384352085507,0.678674212037596,-5.77391069848102,"METTL26",0.456130687017463,0.419777356988818,"no"
"NIT2",-0.111786141380444,13.2230470003469,-1.4169644849775,0.163061314137098,0.458192756975881,-5.19467104777608,"NIT2",0.307947131803288,0.787649061949494,"no"
"HDGF",-0.11189408920087,13.9256219900715,-1.18827276062079,0.24067157457102,0.554743500177607,-5.47478614393782,"HDGF",0.372837997033645,0.618575200692773,"no"
"TCERG1",-0.111899774435178,11.2312534778099,-0.601588758561185,0.5517954864172,0.802308254189112,-5.78119272970175,"TCERG1",0.539223988022678,0.258221856289093,"no"
"ISOC1",-0.112077870503104,11.5697440600769,-1.13492891672118,0.26213666821253,0.573888454183568,-5.53350246823531,"ISOC1",0.385705144287462,0.581472224804968,"no"
"GLOD4",-0.112182165162963,12.8635474858234,-1.97891439920192,0.0536773270839781,0.262291074547642,-4.32079641718504,"GLOD4",0.176283415385374,1.27020911842738,"no"
"ISCU",-0.112303719042611,9.98270543106868,-0.565264540614247,0.576528318072726,0.817817590953233,-5.74716200468994,"ISCU",0.549647670413916,0.239179356052404,"no"
"EIF4H",-0.112662781587767,13.1306634801549,-1.26814574868703,0.210966502571328,0.523932751963715,-5.38214681038681,"EIF4H",0.352130376939858,0.675786496850746,"no"
"PLCB1",-0.112974270752311,9.37201719664506,-0.609841731336301,0.546850902888482,0.800533961209708,-5.7353607729427,"PLCB1",0.538031502053253,0.262131066498773,"no"
"ILF3",-0.112996850862402,10.9413776437246,-0.874361304962672,0.387686742836302,0.686126997911024,-5.65984557272743,"ILF3",0.461139635759504,0.411519049680124,"no"
"TXNDC9",-0.113342686184332,9.4173633612332,-0.741904537720026,0.462458717421216,0.742847160550735,-5.81406780542248,"TXNDC9",0.49926073465159,0.334927029619805,"no"
"AHCYL1",-0.113449421172987,11.0614519846237,-0.813489582589016,0.42125707873268,0.713562960038964,-5.71372296622917,"AHCYL1",0.479579093208212,0.375452788248291,"no"
"AP2B1",-0.113609824116114,11.5503243209036,-1.48270940029681,0.14479924243415,0.433045867155243,-5.10579047386444,"AP2B1",0.291046138768939,0.839233710290315,"no"
"MTAP",-0.113973383886295,13.4454421698392,-1.05209863455819,0.29811171166059,0.600178816143493,-5.61961380433604,"MTAP",0.403374654414737,0.525620961875265,"no"
"HNRNPH2",-0.114462395013359,11.5848626498068,-0.921027045279379,0.362152149750701,0.664755413633227,-5.7053876826017,"HNRNPH2",0.446775990808245,0.441108932464934,"no"
"CTSL",-0.114805238364815,10.377530465286,-0.903066600845004,0.372007631589457,0.672882011290605,-5.66669621162117,"CTSL",0.45223780224417,0.429448150647154,"no"
"EIF4B",-0.115253216208899,10.7084760904136,-0.55597280199581,0.580912624792616,0.819515944127373,-5.99396637060027,"EIF4B",0.550789117939664,0.235889185034893,"no"
"UFM1",-0.115524095890699,11.8814450132324,-1.10195850283226,0.276068030017763,0.584460185848288,-5.56851967122169,"UFM1",0.392810307768944,0.558983883801808,"no"
"COLGALT1",-0.115561501677725,9.72524494592278,-0.805627120610228,0.430862354294519,0.719314439388464,-5.42488883377804,"COLGALT1",0.483444609505313,0.36566144983454,"no"
"BROX",-0.115574991864618,11.2140418357723,-0.850418793905639,0.400683413429807,0.695048303801525,-5.68879996208127,"BROX",0.467135563279293,0.39719863511909,"no"
"PKIA",-0.116388240319203,12.1858683574428,-1.32015919980473,0.193149398165098,0.500314209263233,-5.31880594139566,"PKIA",0.336256571928205,0.714106640736785,"no"
"SLC2A1",-0.116407975804924,12.4397588570579,-0.506868214604599,0.614607524175222,0.842147479538394,-6.02822231525273,"SLC2A1",0.565999564442849,0.211402127308118,"no"
"CKAP5",-0.116435187541233,9.00413936294939,-0.576690765615402,0.567925788131284,0.813782329613565,-5.82692626705721,"CKAP5",0.546935608434088,0.245708410610717,"no"
"PRKCQ",-0.116500703836135,10.7325814709815,-1.34485917246928,0.185236975322935,0.492201105858083,-5.27801381753224,"PRKCQ",0.330803829854914,0.732272319080021,"no"
"AKR1C3",-0.116501815227043,12.9599835823646,-0.484817651507622,0.630048511546333,0.847215419210858,-6.03883493724295,"AKR1C3",0.569405680018721,0.200626010092819,"no"
"PRPSAP1",-0.116692016914371,11.803918189253,-1.07522424351637,0.287740878714715,0.595721521496771,-5.59619512197808,"PRPSAP1",0.400378947736353,0.540998434463253,"no"
"FERMT2",-0.116782621538054,13.7926818277051,-1.65960509285671,0.103625693363529,0.37066113395416,-4.84866874327467,"FERMT2",0.249117934175783,0.984532550550746,"no"
"ERGIC1",-0.116876278281637,10.0019981987052,-0.749990235913374,0.457739320496692,0.738748239186901,-5.79434592554694,"ERGIC1",0.496505887355856,0.3393817794205,"no"
"ACHE",-0.117813555691049,12.5034384398455,-0.388507636507836,0.700665603641001,0.881311908475463,-5.83305657169747,"ACHE",0.592321616409547,0.154489201923534,"no"
"UTRN",-0.11813111578763,13.7688499704868,-0.671316212789429,0.505678015479654,0.774774846682945,-5.88343151735237,"UTRN",0.52071903843278,0.296125927054456,"no"
"NAPG",-0.118326658533274,11.4903959609706,-1.11917169972311,0.268730992068229,0.578470467871034,-5.55035971112004,"NAPG",0.388784673484413,0.570682244590095,"no"
"NPTN",-0.11882579097637,11.3629797542859,-0.589062340189484,0.559380573755176,0.807991368103072,-5.87912152651483,"NPTN",0.54304355654023,0.252292619940582,"no"
"FAM98B",-0.12008392775196,10.916996865388,-1.13187221495161,0.263658352291175,0.574582015390815,-5.51571662648523,"FAM98B",0.386171280386845,0.578958466333225,"no"
"H2AZ1",-0.120451124338501,11.9608509970507,-1.21549695940037,0.230352460436069,0.545690277894953,-5.43374500110627,"H2AZ1",0.366753409721699,0.637607144609038,"no"
"FABP3",-0.120777219775899,19.8975671252227,-0.938614932962255,0.352707699681732,0.654769026517987,-5.72747691799853,"FABP3",0.440064232007183,0.452585059491033,"no"
"EIF6",-0.120898559053824,14.1528625406143,-0.988488549606093,0.327954599017288,0.635712833845126,-5.68152351524631,"EIF6",0.427256740427811,0.484186274462127,"no"
"TGFBI",-0.121189713278792,12.8386017950543,-1.05571449708322,0.296473368000387,0.599972125735857,-5.61598406724531,"TGFBI",0.403235739695476,0.528014312923486,"no"
"CSK",-0.121406249130157,11.0044915202582,-0.683544871266179,0.49873861921206,0.771018171736603,-5.79749358579294,"CSK",0.518194211802,0.302127001420072,"no"
"TRIAP1",-0.122127916204477,11.5287870600734,-0.919545570636545,0.362486677848867,0.664755413633227,-5.74444301094151,"TRIAP1",0.446775990808245,0.440707950039309,"no"
"OXCT1",-0.122172209789282,11.3782126209126,-0.567060808438241,0.574731292193411,0.817439721457131,-5.80179884793816,"OXCT1",0.549393707805934,0.240535156342981,"no"
"GLRX",-0.122473372113149,12.6457667672148,-0.618385744196708,0.539294358603059,0.798651350265935,-5.96742018147655,"GLRX",0.536766216577632,0.26817412271272,"no"
"PDCD6",-0.122657182709274,12.3223392306713,-1.40124193475667,0.167683847593514,0.464421060430526,-5.21538079376102,"PDCD6",0.312133117189695,0.775508769468189,"no"
"UROD",-0.122958814979494,11.7852365547504,-1.25262834866663,0.216512710015348,0.531052716943155,-5.40058480209105,"UROD",0.356915639824478,0.664516604033435,"no"
"ITIH2",-0.12319602002731,12.3848969897184,-0.976421538681323,0.333834406434303,0.642057767678516,-5.69285124003069,"ITIH2",0.431521112017554,0.476468905060869,"no"
"FGB",-0.123238156362975,14.3862541695825,-0.872905335809898,0.387134577483059,0.686126997911024,-5.78452349867273,"FGB",0.461139635759504,0.412138037310736,"no"
"DUSP22",-0.123264397460211,10.654786137307,-0.98768243056337,0.329074412003879,0.635872339012858,-5.6181658546329,"DUSP22",0.427363942381929,0.482705886036091,"no"
"RO60",-0.123266256174457,12.4651832487631,-1.63496788344408,0.108709473423466,0.375409609229711,-4.8860273740158,"RO60",0.2523093406729,0.963732607926001,"no"
"MAP1LC3B2",-0.123377737671733,12.6858366344933,-1.02314893337458,0.311453675423684,0.616703946597857,-5.64824657986506,"MAP1LC3B2",0.414481042389273,0.506606539707785,"no"
"MT-ND1",-0.123630398205394,12.950748195592,-0.699957963617563,0.487463900586392,0.761359008510936,-5.90485701454004,"MT-ND1",0.511702377163242,0.312057540696991,"no"
"PPP1R2",-0.123762954628129,13.278613219542,-1.67222764001288,0.101097596234237,0.367083589349251,-4.82933706647296,"PPP1R2",0.246713499397609,0.995259170369606,"no"
"GSTM3",-0.123940128034103,16.3597943835464,-0.885630836819618,0.38030700201324,0.678674212037596,-5.77378754484733,"GSTM3",0.456130687017463,0.419865678512377,"no"
"DRG1",-0.124172898954267,10.0203088044657,-0.960291162272741,0.341803082870443,0.644722949954363,-5.70778499602568,"DRG1",0.43331235647763,0.466224024507079,"no"
"SELENOW",-0.125107817826606,11.278430468756,-0.825836816317995,0.413542025468977,0.707561815683715,-5.7724038670163,"SELENOW",0.475545779360272,0.383480349468484,"no"
"NT5C2",-0.125112908590209,9.94075157902129,-0.617535924968017,0.539913798705622,0.798651350265935,-5.95729839034161,"NT5C2",0.536766216577632,0.267675573019349,"no"
"PLEC",-0.125620377450179,15.9877233867927,-1.7353463073577,0.0892060109016907,0.343341686652919,-4.73073754506185,"PLEC",0.230756785268946,1.04960588089873,"no"
"TPSB2",-0.12608306586953,14.1923666270005,-0.834539352981827,0.408181825853473,0.702140933135778,-5.81598094290339,"TPSB2",0.471902454128556,0.389146335992467,"no"
"OSTF1",-0.126206107507993,9.04955441002883,-0.715119230007918,0.479535447635101,0.755052264080829,-5.74933270362267,"OSTF1",0.507463672319704,0.319179283919152,"no"
"METAP1D",-0.126538245625216,11.0460327188714,-0.708512690710893,0.483293868790412,0.758897725339193,-5.78238186009292,"METAP1D",0.510048171413032,0.315788714414982,"no"
"SERPINC1",-0.126657371469971,13.9516840513705,-1.60797623733805,0.114510919652818,0.386679995970089,-4.92638616313448,"SERPINC1",0.259884063795806,0.941153097439002,"no"
"RYR1",-0.127053165009618,15.2978240682977,-1.37803403868936,0.174691890804763,0.47772588537356,-5.24556288495109,"RYR1",0.32107516749052,0.757727254493219,"no"
"NGRN",-0.127184315166096,12.5724838299697,-0.369856891220508,0.713911177604721,0.883955167679924,-5.91870428295203,"NGRN",0.594098126575267,0.146355818301878,"no"
"NEK9",-0.127199847265281,11.4349911275361,-0.980955308504498,0.33371102317088,0.642057767678516,-5.53625661694258,"NEK9",0.431521112017554,0.476629447456031,"no"
"PAK2",-0.127801874255493,12.2197335261247,-1.64458260958829,0.106701790526576,0.375409609229711,-4.8715070073208,"PAK2",0.2523093406729,0.971828292765902,"no"
"COL4A1",-0.127896399187577,13.5449149080545,-0.552404346596757,0.583278317145809,0.821892174160003,-6.00483083438359,"COL4A1",0.552386160258453,0.234124167782147,"no"
"RBBP7",-0.128031630490423,12.4315245127163,-1.67394037727689,0.100758501125099,0.366313693245474,-4.82670400827912,"RBBP7",0.246196059317348,0.996718301653681,"no"
"PGD",-0.128347317025398,12.9041103788245,-1.94375440968041,0.0579011266944479,0.273654013541137,-4.38280002951416,"PGD",0.183920342025152,1.23731298528084,"no"
"TMLHE",-0.128647175709711,12.7279753989664,-0.889704014830169,0.378137859558896,0.678674212037596,-5.77031947334728,"TMLHE",0.456130687017463,0.422349838441793,"no"
"F2",-0.128920018964665,13.0584891061983,-1.21233914327376,0.231417043754948,0.545962350105518,-5.4474667435809,"F2",0.366936266948513,0.635604658624802,"no"
"SPTB",-0.129025338921796,14.7857112660679,-1.40502970577749,0.166561032527097,0.464405664193056,-5.21041089008793,"SPTB",0.312122769520298,0.778426595593922,"no"
"PLPBP",-0.129056084782384,13.16073569613,-1.53330810122354,0.131877088866362,0.411473644157706,-5.03489976369034,"PLPBP",0.276547646382115,0.879830648298899,"no"
"SHMT1",-0.129322557884933,11.7611374914595,-0.917207821707981,0.363697451240475,0.665000715622938,-5.74649984279955,"SHMT1",0.446940856016189,0.439259742431887,"no"
"GUSB",-0.129662360093606,11.4368977394766,-1.14029982681144,0.259915545238148,0.571576290558032,-5.52770573799883,"GUSB",0.384151160410801,0.585167745088243,"no"
"POTEF",-0.129855739697735,13.6867671276627,-1.24519205010117,0.219208659789684,0.533765680889915,-5.40934567473479,"POTEF",0.358738997905484,0.659142293141197,"no"
"NDUFC2",-0.129973836065652,15.0760505038978,-1.00523920992977,0.319908231192325,0.626134032944653,-5.66557834938267,"NDUFC2",0.420818916567643,0.494974585438191,"no"
"ITIH5",-0.130073949897845,13.146747033165,-1.19701899676149,0.237277624923454,0.55033901259398,-5.46491713807841,"ITIH5",0.369877781495989,0.62474321344904,"no"
"VAT1",-0.130124415963548,11.8278760012614,-1.12282882126427,0.267190121586693,0.578087415781134,-5.5464671377789,"VAT1",0.388527227702872,0.573179602407925,"no"
"DCN",-0.130579456532727,13.4288050167961,-0.760845927976574,0.450534092500847,0.733836038802226,-5.87255178160601,"DCN",0.493204442720878,0.346272339813051,"no"
"ARPC4",-0.130730212826423,13.4843651082083,-0.921459482469879,0.362594852613538,0.664755413633227,-5.64553393991211,"ARPC4",0.446775990808245,0.440578365429159,"no"
"SLC44A2",-0.130975088784968,16.3178495227577,-1.13078827324237,0.263858232503009,0.574582015390815,-5.53795374739067,"SLC44A2",0.386171280386845,0.578629351079988,"no"
"CKAP4",-0.130990758562479,11.0970508185742,-0.802439602235553,0.426691994042535,0.715621302399435,-5.79936137178948,"CKAP4",0.48096248615043,0.36988550566604,"no"
"RAB1A",-0.131418251114972,10.443224086394,-1.05599076544079,0.297278640960199,0.599972125735857,-5.54751329415424,"RAB1A",0.403235739695476,0.526836293103687,"no"
"RTCA",-0.131688200093864,14.2558440454818,-1.71981282895483,0.0920191149636513,0.349527152095134,-4.75530023385048,"RTCA",0.234913979621756,1.03612194807895,"no"
"F12",-0.131780657301306,10.3937440891715,-0.969674387944907,0.337607636615292,0.644722949954363,-5.65895863400554,"F12",0.43331235647763,0.471587738283434,"no"
"SRSF4",-0.132846986271517,12.3800363480022,-0.765191285968831,0.448049626897244,0.732234931328126,-5.85880589069034,"SRSF4",0.492128353134451,0.348673879988524,"no"
"FUS",-0.13388292522796,12.1829337393293,-0.949447519818182,0.347334221237687,0.648552176054568,-5.70893970633602,"FUS",0.435885944070693,0.459252425550393,"no"
"U2AF2",-0.133933164128822,10.4546777576712,-0.905658630162488,0.370027931602268,0.671182732724968,-5.72665374132107,"U2AF2",0.451095732771321,0.431765491925204,"no"
"UBA1",-0.13400316774503,15.3380648784456,-2.32192767833089,0.0246018440216145,0.173260680572277,-3.66835065221261,"UBA1",0.116446907604275,1.60903233930324,"no"
"DMD",-0.134374146199539,14.818692102562,-2.03469681134721,0.0475210439700549,0.246682663391723,-4.22051751758265,"DMD",0.165793146007928,1.32311402708718,"no"
"SSU72",-0.134560214246864,10.5946362455177,-0.747906184191886,0.458391101383015,0.738748239186901,-5.86272767779571,"SSU72",0.496505887355856,0.338763821794952,"no"
"FLOT2",-0.134679692090554,11.3770775477437,-1.69974625812432,0.0957616330758586,0.35363537032304,-4.78674416566316,"FLOT2",0.237675075254204,1.01880845627556,"no"
"RPL26L1",-0.134742775541666,12.1906952435054,-0.808454446730189,0.423064536937368,0.714565485597535,-5.81742380460935,"RPL26L1",0.480252881402418,0.373593377547221,"no"
"NRBP1",-0.13518194727027,11.207945709026,-1.801160905662,0.0780687857666413,0.320897141480195,-4.62453359220796,"NRBP1",0.215672013182657,1.10752257532916,"no"
"KTI12",-0.135254257475101,11.9903221466246,-0.386378121337198,0.700953245277224,0.881311908475463,-6.08050548156048,"KTI12",0.592321616409547,0.154310949216349,"no"
"C12orf57",-0.13586000522346,9.45288247169466,-0.726931944621108,0.471100981256446,0.749963627256948,-5.86657900424818,"C12orf57",0.504043646378995,0.326885991168652,"no"
"PPP2R3A",-0.136106037100312,11.2214549306257,-1.07386694711535,0.288342543856261,0.595721521496771,-5.597582989579,"PPP2R3A",0.400378947736353,0.540091274369086,"no"
"TBC1D4",-0.136538809365703,11.4349462528076,-1.8773137945463,0.0666637323068499,0.296342096611875,-4.49739232417803,"TBC1D4",0.199168793689603,1.17611037512053,"no"
"EIF5B",-0.136698983549666,10.7635610416948,-1.24186217986954,0.220988619607397,0.534931622795674,-5.37329615451371,"EIF5B",0.359522616721498,0.65563009088036,"no"
"TXNDC12",-0.137975133610951,12.6285975051653,-1.60460957487698,0.115251857898594,0.386679995970089,-4.93137813756928,"TXNDC12",0.259884063795806,0.938352064909214,"no"
"HNRNPF",-0.138074833283868,11.5697957446402,-1.45515610589748,0.152245954147261,0.442347374744249,-5.1434864730062,"HNRNPF",0.297297596348465,0.817454239679427,"no"
"BNIP1",-0.138615952358887,11.2563916944469,-1.05354763721786,0.298382604905866,0.6003049894931,-5.53768886602125,"BNIP1",0.403459454360895,0.525226498939311,"no"
"CDV3",-0.138786265143942,10.7179701096411,-1.07473863967039,0.288458981619664,0.595721521496771,-5.55581247936905,"CDV3",0.400378947736353,0.539915934060211,"no"
"CCDC134",-0.139104599789318,9.91790716839032,-0.995215510600994,0.32873709642532,0.635712833845126,-5.33201490413683,"CCDC134",0.427256740427811,0.483151285076367,"no"
"UBR3",-0.139360691530449,10.7611219116287,-1.47243565494439,0.147541505928724,0.435375805110042,-5.1199212007314,"UBR3",0.292612068608589,0.831085788091973,"no"
"RPL13",-0.139444523217879,11.9969422286158,-1.11063802739072,0.272598518740453,0.58214928113239,-5.53826748703106,"RPL13",0.391257169993855,0.564476508386141,"no"
"NUP54",-0.13991238607988,10.1498475267873,-1.57498843437269,0.1222344560896,0.393225597441013,-4.95786101660893,"NUP54",0.264283302256497,0.91280635562943,"no"
"HRG",-0.140260249010522,12.9561951721749,-0.929812758378162,0.357199960921717,0.659583780968753,-5.73534989613065,"HRG",0.443300184127502,0.447088597296044,"no"
"UFC1",-0.14195860754101,11.5433033018326,-0.867287436790229,0.392857817649742,0.691605696521012,-5.575761460537,"UFC1",0.464821818634012,0.405764600217029,"no"
"RPL13A",-0.142826523802691,10.8597743098348,-0.773539186175761,0.443230915095374,0.72819427433325,-5.84396679357748,"RPL13A",0.489412664784453,0.35336995543874,"no"
"EIF1B",-0.14384190027943,10.3730665219413,-0.873534590272908,0.387435859241983,0.686126997911024,-5.72442618902547,"EIF1B",0.461139635759504,0.411800185500768,"no"
"ATRN",-0.143899167676608,14.6262259531016,-0.910632886523558,0.367786934449741,0.670246353994059,-5.69035543529274,"ATRN",0.450466401250744,0.434403703040216,"no"
"CTNNA1",-0.144491126756892,10.3549485332574,-0.80856050177103,0.423528270894629,0.714565485597535,-5.76043243085593,"CTNNA1",0.480252881402418,0.373117594816754,"no"
"GCN1",-0.144508579600863,11.8709526186257,-1.40211435959274,0.167565620870752,0.464421060430526,-5.2044574903804,"GCN1",0.312133117189695,0.775815079963909,"no"
"RPN1",-0.144707972028371,13.6980355934345,-2.16332507094781,0.035612594577218,0.214403505960335,-3.98053480062402,"RPN1",0.144098621603767,1.44839638438471,"no"
"POLR2I",-0.144836009893996,10.2117338718383,-0.798439587358388,0.430851284230541,0.719314439388464,-5.65059366285447,"POLR2I",0.483444609505313,0.365672608222861,"no"
"YWHAQ",-0.145133639726041,12.2395130628426,-1.66717288201968,0.102103832369744,0.369300375795416,-4.83709406435855,"YWHAQ",0.248203381150482,0.99095795677894,"no"
"CACNA1S",-0.145231374549079,14.0887984330022,-1.31483336106539,0.194919619167367,0.503091550635201,-5.32540010845395,"CACNA1S",0.338123197483748,0.710144445811534,"no"
"SRP14",-0.145412375942385,9.89480757556956,-0.888642050284275,0.379006993829523,0.678674212037596,-5.74125103400823,"SRP14",0.456130687017463,0.42135277590648,"no"
"MYL1",-0.145900670103089,20.5087285600515,-0.607569015894868,0.546385956642413,0.800533961209708,-5.97383759103756,"MYL1",0.538031502053253,0.262500471535684,"no"
"FAF1",-0.146537578467939,11.5989802267051,-1.45135448436109,0.154254841534844,0.444716708144955,-5.08910736084873,"FAF1",0.298890003504459,0.811761196054081,"no"
"TM9SF2",-0.146558353690441,12.696265697534,-1.01883528577556,0.313826568439961,0.619275836285016,-5.62460959541823,"TM9SF2",0.416209585759759,0.503310291984167,"no"
"HNRNPH3",-0.146856608297082,13.3258807700897,-1.47344791016753,0.147269508771922,0.435375805110042,-5.11853288423142,"HNRNPH3",0.292612068608589,0.831887161798648,"no"
"RPL31",-0.147047334159998,11.0992309237546,-1.07042438517884,0.289872493559951,0.596078743889685,-5.60109561957556,"RPL31",0.400619033616452,0.537792993551157,"no"
"C3",-0.147524867104268,14.3279453186067,-1.37762246742302,0.174818178657338,0.47772588537356,-5.24609395955911,"C3",0.32107516749052,0.757413408772115,"no"
"TSG101",-0.147735343557502,11.7670486894428,-1.32996181855895,0.189923072702872,0.495967589313749,-5.30660440041417,"TSG101",0.33333524869447,0.72142227202519,"no"
"TRMT112",-0.147750895378534,11.1482037504409,-1.25725865305842,0.21526392982293,0.530432401435477,-5.36303747518773,"TRMT112",0.356498731485151,0.667028735579345,"no"
"MCU",-0.147991072860854,12.9514394571529,-1.05881293709524,0.29507442253811,0.599972125735857,-5.61286430878457,"MCU",0.403235739695476,0.530068434119088,"no"
"SCN1B",-0.14808420304538,12.1678031141489,-1.64826845647483,0.106233484872067,0.375409609229711,-4.84926049531037,"SCN1B",0.2523093406729,0.973738571738035,"no"
"AASS",-0.148307698147931,10.8467421301146,-0.996018619543169,0.325509911177183,0.633656363216623,-5.57331369778227,"AASS",0.425874605459408,0.487435783427497,"no"
"PRPF6",-0.148353140483202,13.1094587005408,-1.58477731983216,0.1201476393748,0.393225597441013,-4.93388095567927,"PRPF6",0.264283302256497,0.920284757665489,"no"
"TNNT3",-0.148457582580885,18.7444360930422,-0.172522906069473,0.863764218501692,0.951196425492887,-6.13871344012885,"TNNT3",0.639290356629303,0.0636047905977723,"no"
"FLII",-0.150543038798537,12.9896025783449,-1.79796136466471,0.0785818591296973,0.320897141480195,-4.62977597501216,"FLII",0.215672013182657,1.10467770064234,"no"
"TJP1",-0.151805108096273,12.7737863949239,-0.956910712719677,0.345530430495537,0.647437934878848,-5.55947714064381,"TJP1",0.435137072839151,0.461513698754831,"no"
"IRGQ",-0.151841640841937,10.4504284278672,-0.966127731550003,0.339904273206717,0.644722949954363,-5.60303273969496,"IRGQ",0.43331235647763,0.468643375521584,"no"
"ARPC1B",-0.152709254485567,10.3887411121876,-1.20464092102387,0.235055745338854,0.548208993704857,-5.40773541986867,"ARPC1B",0.368446215419036,0.628829129123818,"no"
"TIMM23",-0.152714482664448,9.44370666965306,-0.830537778573848,0.413467619825696,0.707561815683715,-5.57217638874435,"TIMM23",0.475545779360272,0.383558495982422,"no"
"GGCT",-0.153204452616436,13.8988026206398,-1.2680776492958,0.210990608751257,0.523932751963715,-5.38222818898308,"GGCT",0.352130376939858,0.675736874836312,"no"
"WBP2",-0.15336444313794,10.9381704454571,-0.973257573035502,0.337681887338741,0.644722949954363,-5.52157829762098,"WBP2",0.43331235647763,0.471492233530413,"no"
"RAB9A",-0.1535113442915,11.2311429567852,-0.93131166110013,0.356990860345641,0.659583780968753,-5.68390875121204,"RAB9A",0.443300184127502,0.447342902521603,"no"
"VCAN",-0.153548615878446,10.8447700196232,-0.824616179567392,0.418364756649914,0.709915004956858,-5.46090807526163,"VCAN",0.477127336196825,0.378444907881561,"no"
"ACSL3",-0.153799689467913,12.4295512378424,-2.40286057626721,0.0202512681238202,0.158045109184717,-3.50236512914737,"ACSL3",0.106220662216913,1.69354777630444,"no"
"GPD2",-0.153997606281139,12.9594830159298,-0.773348747724068,0.443172564482843,0.72819427433325,-5.86331217525308,"GPD2",0.489412664784453,0.353427133348481,"no"
"CYRIA",-0.154095130289004,11.2969657320774,-1.07233921135183,0.291302526709369,0.597559521577542,-5.44417756897607,"CYRIA",0.401614250661836,0.535655748358337,"no"
"DHTKD1",-0.154448631838195,12.7093923649005,-0.886489339553947,0.379849157247127,0.678674212037596,-5.7730578584824,"DHTKD1",0.456130687017463,0.420388832806698,"no"
"SIGLEC1",-0.154716531775165,15.3613194540549,-1.28882588236847,0.210732010785813,0.523932751963715,-5.04491658069833,"SIGLEC1",0.352130376939858,0.676269488826158,"no"
"PML",-0.154839080399503,10.4496664374851,-1.29548597310792,0.203135779126264,0.515369573627938,-5.24764998925139,"PML",0.346375143651084,0.692213575814403,"no"
"FGGY",-0.15494157181308,10.7333432042113,-1.17693821070273,0.245520422360134,0.559996343088819,-5.45840913698633,"FGGY",0.376368384373238,0.609912377474092,"no"
"DNAJB11",-0.15518173851166,11.388431562571,-1.09607377368564,0.280706571376696,0.58942246560744,-5.4231054421245,"DNAJB11",0.396145410290255,0.551747420357252,"no"
"IGKV2-28",-0.155572418621976,11.71845342712,-0.580895583739741,0.564814492956659,0.811340400196337,-5.88371367428903,"IGKV2-28",0.54529441016403,0.248094167957759,"no"
"F13A1",-0.155716461670522,11.6174032342599,-1.45058873211001,0.15411824411183,0.444716708144955,-5.1138646761707,"F13A1",0.298890003504459,0.812145947601466,"no"
"THOP1",-0.156231318692805,11.3773084991558,-2.08669074281641,0.0423440931097517,0.23297332144163,-4.1249675926948,"THOP1",0.156579223552441,1.37320716405252,"no"
"PSMD5",-0.156256067277958,13.1248079585764,-1.55917997900729,0.125635359270727,0.399786689599895,-4.9978244713614,"PSMD5",0.268692951865888,0.900888113982688,"no"
"MRC2",-0.156953518905478,10.0169657883445,-0.801904511159332,0.4288747637419,0.718446219562986,-5.64572980515474,"MRC2",0.482861086957302,0.367669508179413,"no"
"TRIM55",-0.157229466516988,11.7232320575667,-1.37627040572725,0.175519401665828,0.478282074671627,-5.22756199959724,"TRIM55",0.321448977194999,0.755674870248353,"no"
"SESN1",-0.157842802796933,12.4363539772762,-2.39180329335975,0.0208016814309537,0.159497998844254,-3.52530270211105,"SESN1",0.107197135975324,1.68190155894728,"no"
"C9",-0.158043607354106,11.8817084436548,-0.779315191776885,0.440043283342731,0.725054322110317,-5.8196872941511,"C9",0.487302331815784,0.356504603531109,"no"
"PDK1",-0.158667177048995,10.572466121809,-1.05134147235095,0.299381931525945,0.601595122806911,-5.55041761192682,"PDK1",0.404326541078402,0.523774413997537,"no"
"PON1",-0.158707409554511,10.7743203799911,-0.905397668258479,0.370396020730289,0.671182732724968,-5.70280703527721,"PON1",0.451095732771321,0.431333687714079,"no"
"THTPA",-0.158759340591338,10.6167954181456,-0.975102072240025,0.336562848943168,0.644722949954363,-5.53728858004893,"THTPA",0.43331235647763,0.472933824751875,"no"
"BNIP3",-0.159339401496844,11.1879976611028,-1.36519117160712,0.178950704183798,0.485338551422286,-5.24415508642767,"BNIP3",0.326191570225811,0.747266588290819,"no"
"CLNS1A",-0.160023553573435,12.4900460809287,-1.41118553297663,0.164748705595525,0.46068915444413,-5.20230767037073,"CLNS1A",0.309624937548761,0.783177988903478,"no"
"AHSG",-0.160268790072632,13.937787902809,-1.20364815699341,0.234728546708437,0.548208993704857,-5.45739174070936,"AHSG",0.368446215419036,0.62943409010297,"no"
"STAT5B",-0.160796028414646,11.3200454160826,-1.63105218480253,0.109535913334302,0.375495883641847,-4.89191928853612,"STAT5B",0.25236732491067,0.960443466159377,"no"
"CD36",-0.160874990744865,15.0550862818151,-1.53386547489704,0.131740052004543,0.411473644157706,-5.03410691141918,"CD36",0.276547646382115,0.880282169456205,"no"
"SH3BGR",-0.160956416472196,16.9403250782655,-2.11248720919823,0.0399633850881992,0.228600077796187,-4.0768246102677,"SH3BGR",0.153640006777868,1.39833773208618,"no"
"UBE4A",-0.161091851677298,10.9332130121979,-1.42213803976641,0.161562129674675,0.455756966587172,-5.1878102179311,"UBE4A",0.306310059517755,0.791660430694772,"no"
"DPT",-0.16118157002367,11.7203110629637,-0.860199721850337,0.394657907909429,0.692512932746734,-5.72055703661373,"DPT",0.465431563745269,0.403779190649011,"no"
"WASHC2A",-0.161276219728871,10.3583579332756,-1.50730985855356,0.139958933163652,0.424738530853483,-4.97834736704792,"WASHC2A",0.285462854554808,0.853999376584279,"no"
"GPC4",-0.161686296299836,10.375612344983,-0.973491215843246,0.338889893661862,0.644722949954363,-5.45599008010847,"GPC4",0.43331235647763,0.469941382453064,"no"
"IL18",-0.162662578853404,12.3034559718477,-1.04539850462292,0.301654188733384,0.603936823693296,-5.58800887841458,"IL18",0.40590037667603,0.520490639745341,"no"
"TMEM14C",-0.162727595602476,11.6578357714451,-1.25903404533482,0.214210203994189,0.529192817579476,-5.39299910410708,"TMEM14C",0.355665618592654,0.669159845209023,"no"
"FGA",-0.162941229885655,14.722094653075,-0.967296056815419,0.338327238120997,0.644722949954363,-5.70132906888346,"FGA",0.43331235647763,0.470663036532288,"no"
"APOE",-0.162952065937018,11.8536346735608,-1.70744014473541,0.0944541847624683,0.351405331780684,-4.76720307549902,"APOE",0.236176286889539,1.02477879603768,"no"
"AK4",-0.162998032837008,11.6642819300504,-0.86679219793313,0.390845720324944,0.690446208147558,-5.75171511796647,"AK4",0.46404253717762,0.407994639110309,"no"
"SLC25A42",-0.163426659147671,10.9877699781769,-1.23925687026654,0.222811915709043,0.535752087563946,-5.32231989917686,"SLC25A42",0.360074043535406,0.652061587338935,"no"
"TNNI1",-0.163446238811598,17.2524343081568,-0.183232177305769,0.855400804146143,0.946315165316685,-6.13685566240827,"TNNI1",0.636009706623467,0.0678303458069745,"no"
"NEB",-0.163624524959172,18.0472014883705,-1.39614642798299,0.169203560385615,0.466807525925099,-5.2220471679221,"NEB",0.313737038668183,0.77159050276533,"no"
"POLR2H",-0.164147406562526,9.86137326967336,-1.07342678448726,0.289644465602722,0.596078743889685,-5.51645154969842,"POLR2H",0.400619033616452,0.538134765390926,"no"
"MYBPC2",-0.164496012186561,16.1141821804964,-0.182821785682213,0.855720997565243,0.946315165316685,-6.13692891259642,"MYBPC2",0.636009706623467,0.067667811221136,"no"
"APOA2",-0.165169243190244,13.6633631383218,-1.59349373045935,0.117725912428986,0.389228985645592,-4.94779404007333,"APOA2",0.261597216279376,0.929127934893834,"no"
"ARHGAP10",-0.166163213134453,9.93660876138505,-1.10914766667063,0.274682220476892,0.584211627188715,-5.44532684911178,"ARHGAP10",0.392643253783182,0.561169450512711,"no"
"RBFOX1",-0.166384040948326,10.1429622615105,-0.997189987411497,0.325292866553078,0.633656363216623,-5.55816389581129,"RBFOX1",0.425874605459408,0.48772546039046,"no"
"PPP3CA",-0.166616114303922,12.0215872103725,-1.39949748999796,0.168202925342128,0.464936753366592,-5.21766553050348,"PPP3CA",0.312479709662262,0.774166455334206,"no"
"ERI3",-0.166652882020177,11.85553973667,-0.966014677756041,0.339067340380646,0.644722949954363,-5.69211773397049,"ERI3",0.43331235647763,0.469714040288427,"no"
"RRM2B",-0.167585879388705,10.9514441282582,-1.00384342313512,0.320798870306792,0.627025859725073,-5.64898118139152,"RRM2B",0.421418305132639,0.49376716975318,"no"
"NUCB2",-0.167730226462215,10.2183194377844,-0.92233258571609,0.362299893673537,0.664755413633227,-5.63699720497279,"NUCB2",0.446775990808245,0.440931793420619,"no"
"RBM20",-0.168294544811957,10.4018063112277,-1.60865436454287,0.11514995066418,0.386679995970089,-4.88128406971411,"RBM20",0.259884063795806,0.938736243772517,"no"
"CAMK2G",-0.169214666545797,15.6965949057582,-2.39953362335657,0.0204154833207492,0.158605071668804,-3.50927525394645,"CAMK2G",0.106597007844963,1.69004033403392,"no"
"GLUL",-0.16945841817796,11.3989605118841,-1.18190688580431,0.243163930856294,0.557286758305844,-5.48192646903606,"GLUL",0.374547297397088,0.614100844661674,"no"
"SIPA1",-0.169555694610763,9.94160037409582,-0.621204642362272,0.539285704533847,0.798651350265935,-5.73712002086717,"SIPA1",0.536766216577632,0.268181091902368,"no"
"DPYSL3",-0.169852217568412,13.8426231004015,-0.417917492326786,0.67790292511957,0.872478668108019,-6.06817154652399,"DPYSL3",0.586384876916682,0.168832492126039,"no"
"SART3",-0.169935398436934,15.6528806134952,-1.01143839063483,0.316964445478926,0.622909677106846,-5.65961231333545,"SART3",0.418651856706812,0.498989450710664,"no"
"MYBPC1",-0.171237192350947,19.5566667662743,-2.35771201455478,0.0225843680569518,0.167379776627743,-3.59550638172578,"MYBPC1",0.112494406228909,1.6461920571158,"no"
"APOH",-0.171296125287629,14.0642972153663,-1.4326679178714,0.158543997907889,0.45210914536938,-5.17377562130069,"APOH",0.303858392475342,0.799850194663852,"no"
"NMT1",-0.171650402020767,9.86825493212067,-0.910711119821746,0.36882336920961,0.670439958027305,-5.60574640716844,"NMT1",0.450596520738309,0.43318156918771,"no"
"CNPY2",-0.171777991383861,11.607597515742,-1.59871982361234,0.116557433886516,0.387583716141667,-4.9400888194096,"CNPY2",0.260491445799456,0.933460022504314,"no"
"ZNFX1",-0.172040096804126,11.1415843025311,-0.421118326873882,0.67790879532541,0.872478668108019,-5.71198014263911,"ZNFX1",0.586384876916682,0.168828731429822,"no"
"EIF2B3",-0.17233358658668,11.3910224535749,-1.43718993904246,0.157261467796475,0.449340744952664,-5.16771950216573,"EIF2B3",0.301997776053473,0.803377675172777,"no"
"GMPR2",-0.172571880921076,10.4524604043515,-1.16161344064732,0.252793157315286,0.564220339745821,-5.39488811229975,"GMPR2",0.37920729362151,0.597234685850224,"no"
"SUMO2",-0.17340832161547,12.0851950814626,-1.49538938010431,0.143030650226689,0.431004828050758,-5.00392194568568,"SUMO2",0.289674375185697,0.844570887024601,"no"
"UACA",-0.174516784256783,10.9564789086012,-1.53447683921044,0.133854426247231,0.414503019195239,-4.91334345789558,"UACA",0.278583661442942,0.873367263154936,"no"
"USP13",-0.176250298842863,10.6273956824012,-1.16331355236368,0.2529971369841,0.564220339745821,-5.33560657538729,"USP13",0.37920729362151,0.596884393444903,"no"
"TPD52L1",-0.178500632137984,10.038148146438,-1.19883091867209,0.236707706107189,0.549459192195672,-5.45274104079861,"TPD52L1",0.369286462309826,0.625787603222791,"no"
"GOLPH3",-0.179226415644518,11.2548419396391,-2.22601426112198,0.0314093872180896,0.198581717872264,-3.82479997384973,"GOLPH3",0.133464943555519,1.50294053639354,"no"
"TTLL12",-0.179239827734166,11.6831479296828,-2.34469608261251,0.0233953866989902,0.17032550467977,-3.61594955285143,"TTLL12",0.114474202921203,1.63086977202129,"no"
"TECR",-0.179271238769189,12.1808159557516,-1.13438975411834,0.262360382453674,0.573888454183568,-5.53408294967229,"TECR",0.385705144287462,0.581101744680358,"no"
"CLU",-0.179440438903931,13.2768305625175,-1.52034942056181,0.135095379411664,0.416964735569197,-5.05325998764195,"CLU",0.28023815834437,0.869359504644394,"no"
"SRGAP3",-0.179960206960214,10.0526302192703,-0.878268923431774,0.384443425324312,0.683159830707088,-5.76094805791402,"SRGAP3",0.459145430010675,0.415167561915199,"no"
"DCTPP1",-0.180483688876672,13.4224847534265,-2.30445680427145,0.0256441826921596,0.17687124091267,-3.70359758482717,"DCTPP1",0.118873531954178,1.59101113781255,"no"
"CAPZA2",-0.180957510984495,16.9784167639388,-3.1726126700146,0.00265695852874404,0.0543263222579367,-1.7213837120457,"CAPZA2",0.0365122208198358,2.57561522424165,"yes"
"PAICS",-0.180997524579016,12.3819016997761,-2.08732625349665,0.0422839869656869,0.23297332144163,-4.12378740314957,"PAICS",0.156579223552441,1.37382406971934,"no"
"HS1BP3",-0.181343646635327,10.4829716240822,-1.44151045432285,0.157187031502803,0.449340744952664,-5.09648248118094,"HS1BP3",0.301997776053473,0.803583287680206,"no"
"MYL3",-0.182788388744878,19.110510419164,-0.233097797763719,0.816693538006415,0.932781528880116,-6.12673512307093,"MYL3",0.626913874225293,0.0879408807029864,"no"
"ABRAXAS2",-0.183022532476276,12.7097309011795,-1.89740575796358,0.06390204906156,0.289214454386935,-4.46309656759744,"ABRAXAS2",0.194378370998993,1.19448521567789,"no"
"ATP2A1",-0.18343572697199,18.4286063729208,-0.376276251920374,0.708397904083373,0.881420697877308,-6.08425280218131,"ATP2A1",0.592394732764529,0.14972273241473,"no"
"VDAC3",-0.184294556676385,17.2982513003757,-1.23205541467946,0.224031849151244,0.537448833927887,-5.42470319298493,"VDAC3",0.361214411138818,0.649690236454249,"no"
"TMEM182",-0.184493671701324,12.0612399179192,-1.06282084351089,0.294903476257943,0.599972125735857,-5.49669029258793,"TMEM182",0.403235739695476,0.530320108049273,"no"
"AGPAT3",-0.185370786622778,9.87948074136248,-1.29054591890301,0.204058102958496,0.515654576840843,-5.29792078816645,"AGPAT3",0.34656669168547,0.690246155116188,"no"
"PSMA4",-0.185398099482997,13.8016698814023,-1.8947962778456,0.0642551277458727,0.289453021084032,-4.4675683765846,"PSMA4",0.194538709478806,1.19209220865229,"no"
"TMEM256",-0.185477162992369,11.1838454387569,-0.901970373842691,0.373036189393706,0.673849206780735,-5.64573978565309,"TMEM256",0.452887845424784,0.428249033897492,"no"
"SLC16A1",-0.185695111950226,11.6983849226695,-2.07709709549373,0.0432605547913277,0.23621246110492,-4.14274773347231,"SLC16A1",0.158756219486213,1.36390791528835,"no"
"ARL8A",-0.18594367657035,10.0355083891045,-1.2229773051647,0.227541068607717,0.542149504790121,-5.42513911946218,"ARL8A",0.364373688730045,0.642940206655103,"no"
"HARS2",-0.186239668578828,12.2675661425515,-1.57637743112349,0.121913987253825,0.393225597441013,-4.95351254794489,"HARS2",0.264283302256497,0.913946464696058,"no"
"PPTC7",-0.187077553802489,10.5921399906259,-1.16091747461051,0.257485320738695,0.568782457724925,-5.2025439523616,"PPTC7",0.38227345109612,0.589247525084549,"no"
"STT3B",-0.187460384587487,11.749885025591,-1.55182425989196,0.1273853180438,0.403573485626677,-5.00842219340919,"STT3B",0.271238022597404,0.89488062427697,"no"
"AP2A1",-0.187691458482,11.1613924637511,-1.72706760716309,0.0906962534435956,0.346786868273058,-4.74385250453222,"AP2A1",0.233072260104178,1.04241065276768,"no"
"DCXR",-0.18819545683947,12.7761039649298,-1.2063379732077,0.233699972638609,0.547721831247336,-5.45432715644775,"DCXR",0.36811879801832,0.631341338454593,"no"
"AK6",-0.189039611611884,9.99275946698925,-1.16834265386482,0.24972644016954,0.562707752492604,-5.41685141941057,"AK6",0.378190697660229,0.6025354736205,"no"
"RASA4",-0.190039287252732,10.2672052821267,-1.30132606211413,0.201150645469549,0.514567267869309,-5.24236280206321,"RASA4",0.345835921340304,0.696478569488873,"no"
"HYI",-0.190585260776375,12.7633097503511,-1.95437440475029,0.0570022475101917,0.271183959689576,-4.34267628321492,"HYI",0.182260241581818,1.24410802043222,"no"
"RPIA",-0.191366936320964,12.6356597122437,-2.07993144359458,0.0429880116665077,0.235616801586581,-4.13750179189481,"RPIA",0.158355882210228,1.36665264193193,"no"
"APOC1",-0.191945277320498,11.6667619139604,-1.01277612524296,0.316331612396548,0.622514702074571,-5.65832029107376,"APOC1",0.418386397625517,0.49985740497535,"no"
"PPP6R2",-0.192090830102188,9.5584022932191,-1.09969743731109,0.277849421136662,0.58598381941258,-5.51264990274101,"PPP6R2",0.393834327854159,0.55619050367405,"no"
"POLR2B",-0.192282777395839,11.0171260998946,-1.08959325651495,0.283981533128884,0.593274463775777,-5.40508526487971,"POLR2B",0.398734302780568,0.546709900519808,"no"
"TMED1",-0.192566134407336,11.4207509316869,-0.796669762408459,0.429902117205417,0.719314439388464,-5.81199749919095,"TMED1",0.483444609505313,0.366630416040552,"no"
"RPA2",-0.19275802110797,10.4036946568793,-1.8349796900853,0.0747380466360696,0.314848679884058,-4.47193932695571,"RPA2",0.211606897852929,1.12645825711873,"no"
"PRKAR2A",-0.19404020992658,14.6901554806914,-2.37563246600398,0.0216308775138867,0.163684300239224,-3.55870054401751,"PRKAR2A",0.110010710585175,1.66492586189662,"no"
"NID1",-0.19422925491758,14.5902444297644,-2.95582694413722,0.00485509291475462,0.0740615646419218,-2.25727486131714,"NID1",0.049776095455704,2.31380245432877,"yes"
"IGKV4-1",-0.194290735406895,13.2748661418716,-0.731837058265147,0.468046255519839,0.74811541638024,-5.87417457787511,"IGKV4-1",0.502801480871608,0.329711224865301,"no"
"FKBP9",-0.194306357556208,10.6252121297968,-1.00352024250124,0.32877136152032,0.635712833845126,-5.2502065402399,"FKBP9",0.427256740427811,0.483106019828401,"no"
"TPRKB",-0.195055574682931,10.8725369901093,-1.54259739603666,0.131627724387631,0.411473644157706,-4.91607800688337,"TPRKB",0.276547646382115,0.880652626828147,"no"
"PLIN2",-0.195796380051327,12.0615419022434,-1.21671809521072,0.229891778250762,0.545690277894953,-5.4323434973938,"PLIN2",0.366753409721699,0.638476560371324,"no"
"MTRR",-0.195942314731868,10.6146515815174,-1.84895866837315,0.0713156036644982,0.307055794737646,-4.51158802105505,"MTRR",0.206369371521983,1.14681543727316,"no"
"RBP4",-0.196090635673116,13.4870000194258,-1.60100214913779,0.116050096888043,0.387236608018781,-4.93671675201757,"RBP4",0.260258157627086,0.93535449262362,"no"
"TMX2",-0.196437320910558,11.3388839448995,-1.64970019400347,0.10872945671412,0.375409609229711,-4.71567917182892,"TMX2",0.2523093406729,0.963652781991607,"no"
"MYLK3",-0.197111811940809,10.5333494753997,-1.16048272531858,0.257658650637791,0.568782457724925,-5.21567831775366,"MYLK3",0.38227345109612,0.588955271944651,"no"
"RANGAP1",-0.197693679058942,10.9580968536194,-0.991571849903077,0.327195484233574,0.635461931262025,-5.61897216103084,"RANGAP1",0.427088111112633,0.485192698845378,"no"
"MESD",-0.198315239573189,9.38257598786682,-0.79703966277516,0.431453295573464,0.719314439388464,-5.63241376090099,"MESD",0.483444609505313,0.365066209386823,"no"
"VTN",-0.199374633335257,13.430674902029,-1.76199954486474,0.0845458335404805,0.33387437201073,-4.68814214478907,"VTN",0.224393890296133,1.07290778978077,"no"
"NOL6",-0.199454808115377,11.0060407480396,-0.94602792470803,0.351644405407839,0.653591055886121,-5.51877083144312,"NOL6",0.439272528795143,0.453896287733959,"no"
"PXN",-0.199678762769491,10.3923322769826,-1.17849710555091,0.246083498013431,0.56074126373485,-5.37982346896172,"PXN",0.376869038678383,0.608917508450781,"no"
"IVD",-0.200619473062158,12.9346047056916,-1.83725361265707,0.0724735302997428,0.308839934194472,-4.56483931336304,"IVD",0.207568475218194,1.13982058299861,"no"
"RPL18",-0.200869253832167,11.1538804698408,-1.53561632666412,0.131310325197395,0.411473644157706,-5.03161467393642,"RPL18",0.276547646382115,0.881701123111217,"no"
"PLGRKT",-0.201061979762493,12.7321946389138,-1.13098773638041,0.263775117196384,0.574582015390815,-5.53773967268446,"PLGRKT",0.386171280386845,0.578766175332465,"no"
"LAMC1",-0.201066312650335,13.5852072565584,-2.50369172409463,0.0158059783475338,0.136842749477297,-3.2894712174334,"LAMC1",0.0919707515407707,1.80117861733245,"no"
"CPOX",-0.202264542775527,10.3501362513334,-1.06524179212757,0.294020616669176,0.599880908255643,-5.47773461939032,"CPOX",0.403174433267178,0.531622215874459,"no"
"DBNL",-0.203081730555734,12.9016488181856,-0.70267468511603,0.486519550078433,0.761359008510936,-5.79488960977625,"DBNL",0.511702377163242,0.31289970355474,"no"
"CBX1",-0.203359149634924,11.1899713769036,-1.22941753336762,0.225727295345883,0.538854205494638,-5.37745756119662,"CBX1",0.362158948424731,0.646415922085938,"no"
"DYNLL2",-0.203359174802848,15.9964851320838,-1.76553403141797,0.0839433865068648,0.33387437201073,-4.68245107936839,"DYNLL2",0.224393890296133,1.07601351413838,"no"
"ALG5",-0.203365977134649,10.3245842911095,-0.958811865021701,0.344384580017176,0.647437934878848,-5.55080199811219,"ALG5",0.435137072839151,0.462956302524352,"no"
"XPO7",-0.204319635557512,9.60867608256017,-1.13563691900381,0.266797210455722,0.578087415781134,-5.26245578572459,"XPO7",0.388527227702872,0.573818715572656,"no"
"AP2S1",-0.204836916784343,12.1133061771444,-1.24405798662113,0.220684760388737,0.534931622795674,-5.33230841685726,"AP2S1",0.359522616721498,0.656227656451375,"no"
"H2AC20",-0.205871757789042,14.185917893696,-1.41495290238877,0.163647142078465,0.458498261041997,-5.19733250247796,"H2AC20",0.308152458272296,0.786091574776326,"no"
"HECTD1",-0.206603743692305,11.0929003742561,-2.10015389170152,0.0418809542253149,0.232645069425015,-4.05260290726878,"HECTD1",0.156358608395422,1.37798343181488,"no"
"KCNJ11",-0.208844693791004,10.8401563091853,-1.7178523188745,0.0925211301674621,0.349591636006282,-4.74939500346151,"KCNJ11",0.234957318664513,1.03375907085932,"no"
"SURF1",-0.210739017520021,13.054588089526,-1.9262498262854,0.0601082133242226,0.277711504829701,-4.41331881760405,"SURF1",0.186647344548887,1.22106618094776,"no"
"PDLIM1",-0.211080420908271,14.3672393072675,-0.37414637914471,0.709971238831205,0.881881551723552,-6.08503029340058,"PDLIM1",0.592704468389919,0.148759244337123,"no"
"PAFAH1B3",-0.212197028507731,12.8794184569272,-2.54916944180714,0.0141073687406935,0.129116012950538,-3.19128916124629,"PAFAH1B3",0.086777683087835,1.85055398184883,"no"
"SMAP",-0.212577904697895,8.30645055237998,-0.962198970170311,0.344428396021934,0.647437934878848,-5.4620253874935,"SMAP",0.435137072839151,0.462901050809378,"no"
"IGLC2",-0.212589019919081,15.669390594748,-1.44943935157166,0.153828057725682,0.444716708144955,-5.15122706554151,"IGLC2",0.298890003504459,0.812964443441671,"no"
"FN3KRP",-0.213258362765362,12.3798022274209,-1.41547746391636,0.1634942178322,0.458498261041997,-5.19663880679975,"FN3KRP",0.308152458272296,0.786497602073869,"no"
"LIN7C",-0.217442536526857,11.0664300757331,-1.50505674306031,0.139759415105844,0.424579972339461,-5.02556808417152,"LIN7C",0.285356288837929,0.854618925546848,"no"
"EGFLAM",-0.217530803805314,10.6579103722298,-1.34142276135679,0.186203091115908,0.49340396294776,-5.29223293309628,"EGFLAM",0.331612259026034,0.730013113669183,"no"
"CPA3",-0.217828447178784,13.4350672077356,-1.3308144233859,0.189644403910652,0.495967589313749,-5.30553919846328,"CPA3",0.33333524869447,0.722059968076305,"no"
"SPPL2A",-0.21799525292932,12.7282214636555,-2.12059738711452,0.0392395208579408,0.226708494255397,-4.0615887564631,"SPPL2A",0.152368690902433,1.40627630429981,"no"
"FKBP4",-0.218106305309679,11.9784923224274,-2.50213300623999,0.0158673579989681,0.136962853625824,-3.29281278900732,"FKBP4",0.0920514724327826,1.79949537960865,"no"
"GHITM",-0.218268920226418,10.5340650149875,-1.44156633787751,0.159082395673409,0.45319619241743,-5.00257187511295,"GHITM",0.304588986784148,0.798377877455305,"no"
"HHATL",-0.218328224083869,13.5283058065485,-2.10530850172386,0.0406138381569466,0.229138347175102,-4.09027069919093,"HHATL",0.154001772669735,1.3913259661461,"no"
"VAMP2",-0.219007797323934,10.6292459966774,-1.76705361374116,0.0884423443607302,0.340881388759339,-4.485492273066,"VAMP2",0.229103241715114,1.05333975400112,"no"
"PIP4K2B",-0.219314434508332,10.6201177263605,-2.19875367226901,0.0329414550535824,0.20308778970881,-3.90533900546229,"PIP4K2B",0.136493432933925,1.48225722156623,"no"
"ACOT1",-0.219778786110796,10.0851014475653,-0.8237030616073,0.414633463614571,0.707833047464829,-5.78556649560149,"ACOT1",0.475728071742192,0.382335650441192,"no"
"NEU3",-0.219918671025926,11.2949630054139,-0.669580729526156,0.506531826924845,0.775534390347492,-5.9162290810625,"NEU3",0.521229520733985,0.295393261412132,"no"
"DENND10",-0.221148602936847,10.2317894852197,-1.54817308473306,0.138800149267401,0.423009979391315,-4.65550724996453,"DENND10",0.284301111037817,0.857610066835245,"no"
"AAMDC",-0.221634838723137,15.8106491120276,-1.27362007857564,0.209035389244936,0.522679121589897,-5.37559169384403,"AAMDC",0.351287823512111,0.679780182536211,"no"
"CA4",-0.221787439586077,12.6313638964476,-1.36135616588189,0.180302203455067,0.486714655955954,-5.24049355098241,"CA4",0.327116437408351,0.743998965776048,"no"
"OSTC",-0.222354734086062,10.1552250607899,-1.71171318415008,0.0948533100637758,0.351405331780684,-4.69897116968696,"OSTC",0.236176286889539,1.0229475090837,"no"
"SULT1A3",-0.22237166868954,11.6116334910092,-1.62814266125787,0.110153305130741,0.37641037251512,-4.89628909361636,"SULT1A3",0.252981944459546,0.958002467387403,"no"
"CD34",-0.22414977270142,10.5849694624339,-1.78953943709315,0.0807072530397694,0.326338023160807,-4.602016522073,"CD34",0.219328779647242,1.09308743413042,"no"
"MYH4",-0.226203541489362,17.5770300905247,-0.387958699468496,0.699791079040351,0.881003354093157,-6.07991023835944,"MYH4",0.592114239851124,0.155031598218137,"no"
"SNX1",-0.226411712811151,9.83119808735993,-1.64972576618762,0.107200890227294,0.375409609229711,-4.78089210036048,"SNX1",0.2523093406729,0.969801608120899,"no"
"SERPINA3",-0.227127707356866,14.9750836906292,-1.93153859237218,0.0594339044046827,0.275036832100643,-4.40412262102245,"SERPINA3",0.184849721642618,1.22596573860077,"no"
"GALE",-0.228101903309867,11.3330063584075,-1.35439777841244,0.182818666083332,0.491208028255588,-5.23040910405651,"GALE",0.330136391544966,0.737979464164942,"no"
"CFH",-0.228941665595469,13.0403841082711,-2.48976271986761,0.0163621995878891,0.139151095610278,-3.31927643340189,"CFH",0.0935221697158473,1.78615831407112,"no"
"MPDU1",-0.229365388770356,10.674241698703,-1.45105203821783,0.155878583969429,0.447607527473968,-5.0165216067974,"MPDU1",0.30083289654975,0.807213548074731,"no"
"LAMA4",-0.229661551367576,12.2860278346366,-2.3459372049361,0.023231219511215,0.169558495824893,-3.61957182855502,"LAMA4",0.113958703334336,1.63392799153038,"no"
"AKT2",-0.230251882568391,10.7572892346648,-1.42131006303871,0.162753409827454,0.457807723849696,-5.1310179252275,"AKT2",0.307688354585506,0.788469903812092,"no"
"PLG",-0.230598511131948,12.497550705102,-2.15796941498379,0.0360504207800314,0.215182946395094,-3.9907664779987,"PLG",0.144622476340974,1.44308966183556,"no"
"FKBP2",-0.231410767783924,13.2792722759987,-2.29990842886405,0.0259219341481595,0.177092265756265,-3.71273939907942,"FKBP2",0.11902208071582,1.58633259699379,"no"
"RCC1",-0.233387170854039,15.1374351159894,-2.09001258425006,0.0422735733269578,0.23297332144163,-4.10159606673474,"RCC1",0.156579223552441,1.37393104030467,"no"
"UAP1L1",-0.23417235722358,10.3634894645273,-1.4549920758329,0.156716172374836,0.449011378147685,-4.92374620663464,"UAP1L1",0.301776411657463,0.804886184062757,"no"
"ADH1B",-0.234726007819647,12.5807211240411,-1.57770333410576,0.121314133729626,0.393225597441013,-4.97093798613881,"ADH1B",0.264283302256497,0.916088598612362,"no"
"SNRPGP15",-0.235797714628974,10.9135752867098,-1.69385460932403,0.0973308071103928,0.35654983087581,-4.77027426386865,"SNRPGP15",0.239633857348236,1.01174967524646,"no"
"S100A16",-0.237571842584888,12.3067488885894,-1.17001765938606,0.247868806320938,0.561215211133687,-5.49516551813382,"S100A16",0.377187574359874,0.605778124684758,"no"
"AKAP2",-0.237588022181916,9.6103768116971,-1.47430007118402,0.150422661150278,0.440272621417514,-4.94675279051262,"AKAP2",0.295903173746972,0.822686732420152,"no"
"ZNF512",-0.238196324857576,12.2110156975773,-1.34106959139998,0.188489450276184,0.494839143291781,-5.17107703119189,"ZNF512",0.332576830516598,0.724712952169353,"no"
"ADIPOQ",-0.2385852542119,14.0700624215243,-2.30819912626396,0.0254176489492183,0.17572921323884,-3.69606519529707,"ADIPOQ",0.118105985673182,1.59486462276712,"no"
"PHIP",-0.239740062712366,14.783312678809,-0.84686763565697,0.401343094078048,0.69535585350181,-5.80602189298282,"PHIP",0.467342264600184,0.396484205540329,"no"
"PMVK",-0.241491242186976,12.228316730765,-2.1892444430303,0.0339040316696151,0.207087549371823,-3.9110413536332,"PMVK",0.13918163456386,1.46974865496042,"no"
"FLOT1",-0.241977223440394,11.4808081343591,-2.02231821135543,0.048831635599444,0.247626072954506,-4.24297098979436,"FLOT1",0.16642720288585,1.31129872892258,"no"
"CCDC43",-0.242304245057161,10.8432518153697,-1.12105231090614,0.268758654152477,0.578470467871034,-5.49060359752227,"CCDC43",0.388784673484413,0.570637542368789,"no"
"UBQLN4",-0.242891392274613,9.32873233746568,-1.47479699811539,0.149416059534953,0.438680098577891,-4.9824286601254,"UBQLN4",0.294832853814309,0.82560272117806,"no"
"ECM1",-0.244726436993162,10.9859700133703,-1.4818093248133,0.146387117835244,0.434004557570861,-5.0288328932353,"ECM1",0.291690465767308,0.834497139802407,"no"
"LUM",-0.246008435333378,15.4826886470928,-1.3619467244358,0.179680694735256,0.485641067075228,-5.26621265602432,"LUM",0.326394888209848,0.74549858188012,"no"
"RPS6KA6",-0.246085285891272,16.636484461048,-1.0367518981997,0.306371198254978,0.609570852014564,-5.54042880756542,"RPS6KA6",0.409686955218833,0.51375206484514,"no"
"GABARAP",-0.246440310156709,10.7081713914282,-1.43126805081872,0.15971915818798,0.453866299325146,-5.1309785256596,"GABARAP",0.305039359464839,0.796642987453898,"no"
"ART3",-0.247304230198139,12.8811155346728,-1.91152135653881,0.0620206601313036,0.283285183985192,-4.43881622845807,"ART3",0.190393362973214,1.20746361555989,"no"
"COL1A1",-0.248488020440449,11.3067084278434,-0.731063491919173,0.468513973507963,0.74811541638024,-5.8756681131354,"COL1A1",0.502801480871608,0.329277451677161,"no"
"ANXA4",-0.248669620095164,12.5097856527608,-3.38020332924223,0.00146190534863773,0.0398745431851229,-1.18608984710776,"ANXA4",0.0267993132123459,2.83508074495342,"yes"
"HOOK2",-0.249493880911686,9.99696868383989,-0.886181274583558,0.385021999700617,0.683508882473448,-5.45381006382873,"HOOK2",0.459380024487923,0.414514454710683,"no"
"MT-ND2",-0.2495246746363,13.7015669261555,-1.85563507108529,0.0697566259579507,0.304597798182054,-4.53404639051425,"MT-ND2",0.204717374676217,1.15641453385647,"no"
"PAK1",-0.250186808621971,10.9102160849835,-1.59176796780252,0.118257913673728,0.389228985645592,-4.94251573827612,"PAK1",0.261597216279376,0.927169787166608,"no"
"KCMF1",-0.250715761318808,9.73824844322189,-1.56302890667922,0.131033258035857,0.411473644157706,-4.73797661518806,"KCMF1",0.276547646382115,0.882618460464222,"no"
"SRA1",-0.254004691969763,10.88451626298,-2.33815041661827,0.0240780842336518,0.172636363598927,-3.61453342688272,"SRA1",0.116027309916725,1.61837807056421,"no"
"MYH7",-0.25469239519963,20.4032613111562,-0.378825186715963,0.706516696010329,0.881420697877308,-6.08331657110808,"MYH7",0.592394732764529,0.150877570688063,"no"
"ABRACL",-0.255094289948401,9.91692930961469,-1.30889492614616,0.202384211212218,0.515369573627938,-5.07200654003583,"ABRACL",0.346375143651084,0.693823371530228,"no"
"GON7",-0.255233255596943,10.7696881621991,-1.22069066494114,0.232314606205932,0.546745314034042,-5.18672530501709,"GON7",0.367462489793426,0.6339234841506,"no"
"EIF4EBP1",-0.25573739938757,11.7417781362789,-1.81547188330812,0.0758082262480134,0.316402770377716,-4.60098673301436,"EIF4EBP1",0.212651387759848,1.1202836648129,"no"
"LAMA2",-0.256718849142018,14.3220590038027,-3.09813407478933,0.00327660907323421,0.0617415944976094,-1.90826294382977,"LAMA2",0.0414959569941463,2.48457537047748,"yes"
"DDAH2",-0.256912082213566,10.1995774385497,-1.63434628315057,0.110194365037378,0.37641037251512,-4.81358541853885,"DDAH2",0.252981944459546,0.957840613249596,"no"
"PEX14",-0.257045559943625,9.78322880231855,-1.11681199268588,0.275511377468212,0.584460185848288,-5.25553601170347,"PEX14",0.392810307768944,0.559860461895186,"no"
"IGKV2-30",-0.257706098713426,11.4426371886365,-1.5767306607067,0.121989847732579,0.393225597441013,-4.94723671606526,"IGKV2-30",0.264283302256497,0.913676310777558,"no"
"COL3A1",-0.263868641605796,11.1387525400887,-0.527801698285565,0.602444758439993,0.833420459972409,-5.71919272809144,"COL3A1",0.560134214972304,0.220082769839549,"no"
"SNTB2",-0.264469844882123,13.6766453266723,-1.86309835136749,0.0686783903330591,0.301333894537701,-4.52146873099431,"SNTB2",0.20252373509886,1.16317989227732,"no"
"PITHD1",-0.265169031075523,12.4418242473811,-1.37276814096639,0.17659854825281,0.480768285753401,-5.23446276175736,"PITHD1",0.323119936763943,0.753012870907857,"no"
"DHRS11",-0.265438858355685,12.2569068752751,-2.06894049186065,0.0440532941330674,0.238284515920513,-4.15781142418639,"DHRS11",0.160148828443221,1.35602161119463,"no"
"HPR",-0.265942307762451,10.4265306693245,-1.20243387605873,0.235598662226957,0.548208993704857,-5.42981362477761,"HPR",0.368446215419036,0.627827179882814,"no"
"APOO",-0.268215503917943,10.652126194373,-1.27910344058318,0.207850741238385,0.521526272402317,-5.31742865934675,"APOO",0.350513004191395,0.682248422371785,"no"
"GALT",-0.268824494788539,12.595727141723,-2.68629382195777,0.0099432166420531,0.107990992688885,-2.88737170845576,"GALT",0.0725797515408622,2.00247309810683,"no"
"AKAP7",-0.270171723714471,9.79554357398947,-1.49192517818027,0.143724880949499,0.431623783101465,-5.01292968691978,"AKAP7",0.290090369174425,0.842468042417572,"no"
"ATXN10",-0.271059341215413,11.0000367774571,-1.99817178957083,0.051478458698013,0.255883442114433,-4.28644112783337,"ATXN10",0.171976904644174,1.28837446466137,"no"
"TMEM205",-0.271485801341262,13.3032720243344,-1.94881087605621,0.0572766581944661,0.272040536366797,-4.37394078420452,"TMEM205",0.182835938877124,1.24202232886432,"no"
"EIF1AY",-0.27204796300302,10.0433131038036,-0.917612712347086,0.36564545097632,0.668032848646851,-5.56920871998527,"EIF1AY",0.44897872469426,0.436939825297772,"no"
"CASQ2",-0.274071095543562,17.7165745457698,-0.860872361111622,0.393661098852231,0.691605696521012,-5.79453698858929,"CASQ2",0.464821818634012,0.404877499582488,"no"
"CSMD3",-0.275461828825582,11.1145396328851,-1.64629537087651,0.108605703082248,0.375409609229711,-4.7574693094355,"CSMD3",0.2523093406729,0.96414736855824,"no"
"IGKC",-0.27665725751568,17.5350052658543,-1.58925672795801,0.118680191934575,0.390142523771243,-4.95402442909805,"IGKC",0.262211196839531,0.92562175999541,"no"
"MAOB",-0.279132563798793,13.7866587161528,-2.08137161393006,0.0428501035327093,0.235308282828192,-4.13483400013021,"MAOB",0.15814852959431,1.36804812441453,"no"
"POTEKP",-0.27932321852672,10.6713049470448,-1.25898296752094,0.216096355161999,0.531052716943155,-5.28422313839221,"POTEKP",0.356915639824478,0.665352558180991,"no"
"TPM3",-0.279925546478033,19.1378252732211,-0.383436448955782,0.703118118126703,0.881420697877308,-6.0816068831668,"TPM3",0.592394732764529,0.152971710909663,"no"
"MIA3",-0.279989061177407,10.281853947418,-1.35349709107829,0.184777243491242,0.491432465853552,-5.14184393508748,"MIA3",0.330287233987387,0.733351515987856,"no"
"CNBP",-0.28009626173972,11.1013845048336,-1.72278185652773,0.0914758108020708,0.348673166415698,-4.75062033869052,"CNBP",0.234340023712197,1.03869373242562,"no"
"AKT1S1",-0.280784194565944,11.3214395350665,-2.57602389681538,0.0134129814073452,0.125144418761735,-3.12188415472082,"AKT1S1",0.0841084112136992,1.8724746774173,"no"
"XPO4",-0.281127559780314,13.0543711355757,-0.988323715251104,0.32837465794898,0.635712833845126,-5.65389971642189,"XPO4",0.427256740427811,0.4836303665879,"no"
"IGHG3",-0.28298520403338,11.6305842478639,-1.88196766304337,0.0660151783122187,0.294628586942334,-4.48947617911317,"IGHG3",0.198017159622895,1.18035619931604,"no"
"PIGK",-0.283281722563487,10.7405914996385,-2.82615240427383,0.00693821514775127,0.0865925293115451,-2.5643202910967,"PIGK",0.0581980413943692,2.15875223720764,"no"
"DDX23",-0.284681048406707,13.0191752595654,-1.47979155847712,0.145866607339434,0.433647076211582,-5.0923454711738,"DDX23",0.2914502058383,0.836044118031595,"no"
"PGRMC1",-0.28861571544622,11.7057033442852,-2.00676787952093,0.0507790285196837,0.25371913210095,-4.25681788751182,"PGRMC1",0.170522291818375,1.29431561209909,"no"
"MT-ND5",-0.289612559859322,10.7672818815444,-1.60236054230835,0.116364892960026,0.387472161273175,-4.89782721855769,"MT-ND5",0.260416470799813,0.934178025643757,"no"
"GGA1",-0.29009659239957,10.3813257439869,-1.64432535634421,0.106898640638896,0.375409609229711,-4.86268962718025,"GGA1",0.2523093406729,0.971027817399079,"no"
"TTN",-0.290134397195587,17.4588828440687,-1.13036592304936,0.264034285272652,0.574582015390815,-5.53840691887939,"TTN",0.386171280386845,0.578339675637962,"no"
"IGKV3-20",-0.291223896445853,13.393677722941,-1.15398855870856,0.254315510771151,0.564860873424457,-5.51281496781599,"IGKV3-20",0.37963779040732,0.594627151279681,"no"
"AMPD1",-0.291425653406669,17.4222598948818,-2.09703016758006,0.0413754074627869,0.232072567539328,-4.10572983073946,"AMPD1",0.155973835151049,1.38325771628647,"no"
"RUVBL2",-0.29154600287011,9.74394717864556,-1.6597549401722,0.103888222749754,0.371139710269569,-4.83184236485245,"RUVBL2",0.249439580909467,0.983433683286914,"no"
"FABP5",-0.293903100558463,14.7364904602666,-1.9421275445099,0.0581032805639021,0.273712022656421,-4.3856462655937,"FABP5",0.183959329417245,1.2357993462572,"no"
"NAPRT",-0.294141571637144,12.3051084427688,-1.71325216877062,0.0932291442580187,0.35134591228218,-4.76561629772076,"NAPRT",0.236136351591875,1.03044830211109,"no"
"MT-ND3",-0.294652555893538,10.1002563856111,-0.865015756816076,0.396284437840769,0.692781533307514,-5.45791557383568,"MT-ND3",0.465612087708238,0.40199298215126,"no"
"CKB",-0.296218260962135,16.1689887643959,-0.698116393716447,0.488530144811945,0.761726558946911,-5.91668923283124,"CKB",0.511949404425957,0.311108632924606,"no"
"PEF1",-0.297348927158282,11.4871129953133,-1.43906375585243,0.160419618110414,0.453866299325146,-4.97855409707332,"PEF1",0.305039359464839,0.794742521861651,"no"
"IGHG2",-0.298655303073534,16.6243232785976,-1.79893626096307,0.0784252271749354,0.320897141480195,-4.62817948185464,"IGHG2",0.215672013182657,1.10554421460436,"no"
"CRK",-0.301287965641897,11.3462761653725,-3.27576040830447,0.00200295268381917,0.0465686498987956,-1.46054495939864,"CRK",0.0312983606788889,2.69832931001694,"yes"
"XPO1",-0.301593341337551,11.908106923364,-4.53808657299806,3.90856445143561e-05,0.00563419565674444,2.11116062949981,"XPO1",0.00378669100743625,4.40798272221983,"yes"
"GC",-0.301732851841669,13.9214603485488,-2.9317408792492,0.00518413641292444,0.0772851270185761,-2.31526483960246,"GC",0.0519426220386022,2.28532357916661,"no"
"MANF",-0.302892232145309,11.0287387320432,-1.58951762666733,0.12202924656396,0.393225597441013,-4.78199274978457,"MANF",0.264283302256497,0.91353607015204,"no"
"LAMB1",-0.303384758408374,13.6449657375672,-4.00658831085684,0.000217300738764477,0.0156352854379598,0.5412092748675,"LAMB1",0.0105083313348816,3.66293879719171,"yes"
"AGMAT",-0.30357166855905,10.7631127029806,-1.34131934454759,0.191784388823661,0.499020210269507,-5.02861670630881,"AGMAT",0.335386887122831,0.717186747132358,"no"
"CMA1",-0.304906773893702,11.7578301172232,-1.69890148222765,0.0959219075936932,0.35363537032304,-4.7880608012022,"CMA1",0.237675075254204,1.01808219303289,"no"
"RCSD1",-0.304996762095307,10.7050422866719,-1.74689954269893,0.0877627355438073,0.340018262497036,-4.67965749625718,"RCSD1",0.228523142504,1.0566898483656,"no"
"GTPBP3",-0.306080318791793,19.2609270329336,-0.462777971197814,0.646841680780107,0.859771583996795,-5.8541168247164,"GTPBP3",0.577844562723456,0.189202003067468,"no"
"ERLIN2",-0.309858383700794,11.538755942327,-3.02231485044659,0.00404519048291911,0.0674120471806693,-2.09555578356505,"ERLIN2",0.0453070160150258,2.39306102319067,"yes"
"IGHV3-9",-0.309871453029055,11.4556172023862,-1.80244187791395,0.0780026395048824,0.320897141480195,-4.61371526564812,"IGHV3-9",0.215672013182657,1.10789070111708,"no"
"COL6A6",-0.310425010979673,10.5599437673811,-1.75639768809794,0.0916733472574053,0.348673166415698,-4.46270818592959,"COL6A6",0.234340023712197,1.03775691102058,"no"
"SET",-0.311096942053616,11.7075832646104,-1.76152565731808,0.0846268806307952,0.33387437201073,-4.68890442153565,"SET",0.224393890296133,1.07249166703942,"no"
"STEAP4",-0.311677633044811,9.56395973229191,-1.34116391741026,0.192323413074156,0.499747889370329,-5.01368792639411,"STEAP4",0.335875953544243,0.7159678423868,"no"
"FABP4",-0.312044072397269,15.5197829955454,-2.4417570815987,0.0184177459092801,0.149070649809886,-3.42103093353815,"FABP4",0.100189010729873,1.73476352283969,"no"
"BGN",-0.312297282015557,13.1297145129373,-1.48479199184959,0.144248301043479,0.432335211216244,-5.1029151695462,"BGN",0.290568513457797,0.840889293262609,"no"
"KRT6B",-0.312859961981125,15.7425761218119,-0.721290786322571,0.474365695963138,0.753496584827398,-5.89192896494558,"KRT6B",0.506418114621974,0.3238867247715,"no"
"H1-0",-0.312978932404176,12.362073655094,-3.38973911368557,0.00142169434967614,0.03941100778958,-1.1610124987294,"H1-0",0.0264877753423699,2.84719376261973,"yes"
"PCNA",-0.313764684076153,11.5142916024675,-1.67288613726427,0.103217804447277,0.37066113395416,-4.71459740087032,"PCNA",0.249117934175783,0.986245383074375,"no"
"CYTH1",-0.314577560528612,10.4612179703392,-1.17087489475764,0.251118170931457,0.562738748454954,-5.29224271522813,"CYTH1",0.378211529761038,0.600121860565692,"no"
"GOLGA4",-0.315114635986612,13.5467114637812,-0.857594156477823,0.396466317591532,0.692781533307514,-5.69885728600171,"GOLGA4",0.465612087708238,0.401793702937785,"no"
"TLN2",-0.317063013440452,12.2853030213801,-3.81865880189037,0.000390712052476966,0.0212532612696432,0.00710877317573377,"TLN2",0.0142841211472862,3.40814319168408,"yes"
"GATM",-0.320196673246048,11.1711378004651,-1.59209352998163,0.121136656593639,0.393225597441013,-4.80010613415015,"GATM",0.264283302256497,0.916724417159191,"no"
"GSTT2",-0.320761815769211,10.0577732564667,-0.751919308850717,0.456374601704677,0.738111023298789,-5.81530776017797,"GSTT2",0.496077620426499,0.340678533067221,"no"
"ATG7",-0.321294585112829,10.5095649007426,-1.71175672392884,0.0948452039714114,0.351405331780684,-4.6896228179524,"ATG7",0.236176286889539,1.02298462514867,"no"
"VPS36",-0.32142978487075,11.6862554219428,-1.76487204863452,0.0855811315218546,0.334800027819707,-4.60234826317153,"VPS36",0.225016015039642,1.0676219757342,"no"
"IGHV3-7",-0.322108355190226,12.0095978624969,-1.05610989328032,0.297384726908269,0.599972125735857,-5.53422260080177,"IGHV3-7",0.403235739695476,0.526681339747444,"no"
"SOD3",-0.323831902257947,11.9374413296024,-3.1264722649322,0.00302633452479621,0.0585565264093119,-1.83749134577077,"SOD3",0.0393553020679031,2.51908306764028,"yes"
"ALDH2",-0.325022565906099,15.1650876142868,-2.40750235825644,0.020024141180554,0.157301359737159,-3.49271175342255,"ALDH2",0.105720795063474,1.69844610138828,"no"
"KNG1",-0.327100020090592,13.9745095419447,-3.40105686441827,0.00137533399819673,0.0391763340336587,-1.13119513392713,"KNG1",0.0263300532724654,2.86159182113602,"yes"
"ATP2A2",-0.328583148123556,16.5036874534125,-0.446121319754212,0.657549841116357,0.864739854104831,-6.05632924595451,"ATP2A2",0.581183691303078,0.182071322836027,"no"
"MYL11",-0.329521391119435,18.4933260891906,-0.436999636275603,0.664104753628054,0.867940521779302,-6.0602431653042,"MYL11",0.583334830567509,0.177763411092214,"no"
"SIX4",-0.330315961496474,11.2112404454249,-1.91113928232433,0.0624861140701812,0.284593154604001,-4.41592087879019,"SIX4",0.191272437979121,1.20421648269941,"no"
"PDK4",-0.331742665472683,11.4413819274176,-1.35261209429393,0.183932138647767,0.491432465853552,-5.20145035832493,"PDK4",0.330287233987387,0.735342379419378,"no"
"PRXL2A",-0.333051388905725,13.3351923275544,-2.24564521308218,0.0294485019764583,0.191647925955145,-3.82069922360311,"PRXL2A",0.128804805871348,1.53093679255447,"no"
"LAMP2",-0.333707315951933,13.0523330381179,-2.35221992842815,0.0228840399493291,0.168302773402846,-3.60674284166359,"LAMP2",0.113114743860243,1.6404673027453,"no"
"S100A11",-0.334490061818633,11.9115680041416,-1.90714778083186,0.0625984676957698,0.284655177234865,-4.44635560708917,"S100A11",0.191314122818069,1.20343629745118,"no"
"AMBP",-0.338957938759298,11.8770091009629,-2.31195736264455,0.0251919517310725,0.175430910243194,-3.68849109328254,"AMBP",0.117905498977312,1.59873818449873,"no"
"MYH1",-0.339673576460136,16.362375372272,-0.361212344204821,0.719552795900101,0.887284307348157,-6.08965753761937,"MYH1",0.59633561068342,0.14293733497703,"no"
"JCHAIN",-0.339819071403474,11.9912387624047,-0.92810795431297,0.359500112430536,0.663108652678974,-5.60872347563162,"JCHAIN",0.445669217938296,0.444300969459252,"no"
"TNNC1",-0.341151888201036,17.8736529244684,-0.438049573056837,0.663348896385466,0.867940521779302,-6.05979674239939,"TNNC1",0.583334830567509,0.178257989061149,"no"
"LSM3",-0.341936309891855,10.7462988942641,-1.58871614431004,0.120823224574067,0.393225597441013,-4.85461969903793,"LSM3",0.264283302256497,0.917849577843134,"no"
"INPP1",-0.34409786470828,11.2291097167585,-1.99587607762409,0.0517364396817373,0.256418119132024,-4.29055131800186,"INPP1",0.172336256143083,1.28620346119692,"no"
"GPX3",-0.344616789466496,12.2509819842446,-2.82662853509516,0.00687815406334811,0.0865925293115451,-2.56453704115677,"GPX3",0.0581980413943692,2.16252810066978,"no"
"POTEJ",-0.345166296437304,13.0612615820462,-1.6310889358665,0.10952813296359,0.375495883641847,-4.89186404789087,"POTEJ",0.25236732491067,0.960474315329981,"no"
"CHID1",-0.345887422733785,10.7326473695271,-2.23083101393628,0.030482530348523,0.195291411099537,-3.84981624698448,"CHID1",0.131253558678766,1.51594898514119,"no"
"MYH6",-0.346219628997201,16.121784918194,-0.507739770634055,0.614160709412682,0.842147479538394,-5.99363186822764,"MYH6",0.565999564442849,0.211717970750442,"no"
"TNXB",-0.346615820318005,12.2295768136826,-1.97326047923325,0.0543380866743887,0.263857796379138,-4.33083002763826,"TNXB",0.177336394698113,1.26489565780963,"no"
"LDHB",-0.350056253298494,17.0430114390041,-0.831108134242815,0.41009786109293,0.704596027134039,-5.81872756719286,"LDHB",0.473552500192273,0.387112495813613,"no"
"H3-3B",-0.352542817498126,12.3202292635243,-1.71517265541274,0.0928735786558021,0.350464040922353,-4.76260008029966,"H3-3B",0.235543653973364,1.03210781965576,"no"
"WDR82",-0.35389574882173,9.18879967982475,-1.54872382752561,0.134986655881881,0.416964735569197,-4.72998490400566,"WDR82",0.28023815834437,0.869709161603526,"no"
"SERPIND1",-0.354499452649124,11.2747789889441,-2.34747673797575,0.0235518699958369,0.170603118587934,-3.5957628105186,"SERPIND1",0.114660784671932,1.6279746046017,"no"
"CTNNB1",-0.357595354389083,13.2738264744214,-1.50519455554039,0.138938202601833,0.423009979391315,-5.07455336281952,"CTNNB1",0.284301111037817,0.857178323751249,"no"
"ITIH4",-0.358011248480125,13.0707440840089,-2.76978612884515,0.0079955306692467,0.0933243519005596,-2.69670173867588,"ITIH4",0.0627224373533493,2.09715270651721,"no"
"APOA1",-0.358185307109469,16.4522651530677,-2.70048380815077,0.00958407259668123,0.105461378993252,-2.8552610173291,"APOA1",0.0708796214749003,2.01844990528253,"no"
"SNCA",-0.358717676980946,9.95079520573455,-1.47388913215202,0.147294128890661,0.435375805110042,-5.1082972682653,"SNCA",0.292612068608589,0.831814563688293,"no"
"RFC4",-0.358858775374769,13.0625964853822,-2.16007417406779,0.0358777944801887,0.214596849556813,-3.98674790910676,"RFC4",0.144228566054179,1.44517426224233,"no"
"UFL1",-0.359420483607849,10.273716203201,-2.92703851194688,0.00596161579207085,0.0822360685576089,-2.32886932598747,"UFL1",0.0552701042466005,2.22463601635441,"no"
"MFAP5",-0.359992882385532,12.0899410253357,-2.23086833301715,0.030479885549408,0.195291411099537,-3.84974309057749,"MFAP5",0.131253558678766,1.51598666808552,"no"
"MAGT1",-0.361171852694548,12.3874727028603,-2.36410418102913,0.0231228524698404,0.169195897640989,-3.53634506109138,"MAGT1",0.113715004434625,1.63595859172653,"no"
"A1BG",-0.361638621705413,12.4067379108222,-2.91543230528635,0.00541861057480991,0.0788970865426358,-2.35434748124462,"A1BG",0.0530260051878547,2.26611205978081,"no"
"USP19",-0.362725515269236,10.7646071103875,-1.82363250054731,0.0800940879930419,0.324769698570942,-4.36070025697941,"USP19",0.218274723135365,1.09639953943082,"no"
"MT-ND4",-0.36294874006696,9.62658784192392,-1.7614288726991,0.0855871038859258,0.334800027819707,-4.63954153985706,"MT-ND4",0.225016015039642,1.06759166912088,"no"
"OGN",-0.365579859975005,13.5150581781753,-1.57540853269908,0.121842878920709,0.393225597441013,-4.97428430783494,"OGN",0.264283302256497,0.914199847979576,"no"
"A2M",-0.366523473508906,13.8225187792792,-2.68147746888089,0.0100679019297299,0.108305079341087,-2.8982429653103,"A2M",0.0727908462869287,1.99706102351547,"no"
"MYL2",-0.368846471660092,18.8688354495735,-0.529856639088037,0.598695438317184,0.833272306509244,-6.01666164130411,"MYL2",0.560034642394269,0.222794050892603,"no"
"SRCIN1",-0.37355553473453,11.6319983251506,-1.86822420020975,0.0703194626174792,0.305317787238242,-4.40256569551858,"SRCIN1",0.20520127268946,1.15292445680737,"no"
"CTSA",-0.373664898786018,11.2436065040788,-2.26000480855766,0.0289182553418853,0.190053176939025,-3.76899560005363,"CTSA",0.127732989745965,1.53882791187017,"no"
"MYH3",-0.376167743956039,17.4719205648333,-1.76115319175285,0.0846906274417631,0.33387437201073,-4.68950342957821,"MYH3",0.224393890296133,1.07216464959314,"no"
"AGT",-0.376617284788621,10.228449621962,-2.21653921289302,0.0326835419757656,0.202637960249746,-3.81936805755774,"AGT",0.136191106697618,1.48567088429461,"no"
"RPL32",-0.377033218026185,10.6704419487881,-1.74800816500799,0.0894379488991822,0.343341686652919,-4.58949761115682,"RPL32",0.230756785268946,1.04847816911755,"no"
"METTL7A",-0.377943686794897,12.7233443531276,-2.46479180974085,0.0174039464263611,0.142950363382334,-3.37239369482458,"METTL7A",0.0960756225924905,1.75935226224277,"no"
"KRT71",-0.378846207460494,11.5186565496906,-1.0421090130904,0.302670393593398,0.604711534809262,-5.62958010707564,"KRT71",0.406421052881635,0.519030058487954,"no"
"DNAJC11",-0.381271872425479,11.3963827210561,-3.12040173252905,0.00314317120326427,0.0604117505267392,-1.8554133039267,"DNAJC11",0.0406021811097822,2.50263196304606,"yes"
"RPL19",-0.381546838185207,9.53238061065585,-1.41130657405886,0.166248991457047,0.46424159343118,-5.1076194884321,"RPL19",0.312012499072406,0.77924098064722,"no"
"HPX",-0.381684479940896,14.5719495169702,-3.75586883686565,0.000474061470184477,0.023977530149857,-0.168506413238246,"HPX",0.0161150771699431,3.32416534096086,"yes"
"JUP",-0.38177811866888,14.5833950563274,-1.16194171296948,0.251101951109823,0.562738748454954,-5.5040865066709,"JUP",0.378211529761038,0.600149912723406,"no"
"TF",-0.385735030478386,16.9474984423031,-3.42865879720346,0.0012682267460784,0.0391763340336587,-1.05823306271212,"TF",0.0263300532724654,2.89680309206392,"yes"
"HLA-C",-0.390251816251659,11.1789701571787,-1.43217597652146,0.161443944821549,0.455756966587172,-5.02072988421057,"HLA-C",0.306310059517755,0.791978239156597,"no"
"QRICH1",-0.391984425779762,10.0557786401831,-2.46557178917854,0.0211507572208982,0.161744384795357,-3.27474252717713,"QRICH1",0.108706911282841,1.67467407977968,"no"
"DSP",-0.395525622407929,12.2605361302339,-1.20218343858195,0.235419111459277,0.548208993704857,-5.45055683734205,"DSP",0.368446215419036,0.628158283784867,"no"
"AP4S1",-0.402664672335375,10.7913101924118,-3.36677020132225,0.00156128992304503,0.0399056923854139,-1.23023891990698,"AP4S1",0.0268202483029635,2.80651644332623,"yes"
"AP1G1",-0.405760397047835,9.4600539203532,-2.06746021145695,0.0479801527051073,0.247012107587186,-4.00811395431926,"AP1G1",0.16601456241737,1.31893837414893,"no"
"ASS1",-0.407714501220434,12.6341020753129,-1.24745214687144,0.218519129995984,0.533765680889915,-5.39824571836511,"ASS1",0.358738997905484,0.660510537238067,"no"
"CAMKV",-0.408841909274129,9.65984397175332,-1.19291185671373,0.241899041966711,0.555693177681298,-5.28822988652442,"CAMKV",0.373476266536921,0.616365851643886,"no"
"KRT17",-0.411666674696415,13.7873037116319,-1.20531713586398,0.234219267823091,0.54809590027108,-5.44699388226794,"KRT17",0.368370206363836,0.630377380975662,"no"
"ADH1C",-0.411851467927221,11.0090487233053,-1.8633355349632,0.068644356933738,0.301333894537701,-4.52106830292492,"ADH1C",0.20252373509886,1.16339515913037,"no"
"CFB",-0.412130160694209,11.9674956108435,-3.51555292828901,0.000980539343754015,0.0340589750366605,-0.826333347867072,"CFB",0.0228907234237478,3.00853497575197,"yes"
"IGKV3-7",-0.431680574326244,14.0330232255228,-1.9205819160556,0.0608381184861153,0.279772239572596,-4.42315055483999,"IGKV3-7",0.188032345389297,1.21582422564687,"no"
"SERPINA1",-0.434169167950422,16.3507787794385,-4.77694069979719,1.76785230897774e-05,0.00356752324329361,2.84001310838844,"SERPINA1",0.00239769951333312,4.75255401990846,"yes"
"SNRPB",-0.435202805054375,10.9939790332793,-2.19917847258584,0.0376606973611302,0.221162695176474,-3.75863142711491,"SNRPB",0.148641410420779,1.42411164243707,"no"
"FLG",-0.439031643596103,13.6033622145204,-1.3486608210848,0.183882559507338,0.491432465853552,-5.2830981115411,"FLG",0.330287233987387,0.735459459826139,"no"
"PHYHD1",-0.442942690898009,11.2556483810392,-2.73278043009034,0.00886962292901102,0.0998871988450734,-2.7784499251563,"PHYHD1",0.0671332663380016,2.05209484277602,"no"
"TNNC2",-0.453391766320681,16.3108327189854,-0.490406560738202,0.626118675347211,0.846205776543142,-6.03618924751332,"TNNC2",0.56872710848101,0.203343342247016,"no"
"CTSH",-0.459565436459668,11.4124234198187,-2.05086042239366,0.0462385986916141,0.243703619795107,-4.16941799350458,"CTSH",0.163790958244966,1.33499533612994,"no"
"KRT2",-0.467438300915678,17.7518466661868,-1.56573514493959,0.124092193356962,0.396627265463548,-4.98834224976458,"KRT2",0.266569532003559,0.906255539118805,"no"
"KRT6A",-0.469412354658093,15.2387850519926,-1.06849207990037,0.290733719466409,0.59738971416502,-5.60306255675002,"KRT6A",0.401500124663882,0.536504595580995,"no"
"SKIC2",-0.473689666174289,9.11538652638383,-1.92421058850099,0.0632061985908507,0.286966095334524,-4.2861203160242,"SKIC2",0.19286726958826,1.19924032865123,"no"
"APOC3",-0.47798708223103,9.6374998055466,-2.57941360115876,0.0131440999972158,0.124652764118333,-3.12193918405655,"APOC3",0.0837779746562277,1.88126914555033,"no"
"SERPINA7",-0.478219688278061,11.185547803326,-3.43624438666936,0.00133696832585297,0.0391763340336587,-1.06789362857245,"SERPINA7",0.0263300532724654,2.87387888149659,"yes"
"PUDP",-0.479090654456582,13.1765106691052,-4.22935341518631,0.000106870565142621,0.011850301511776,1.18940164862029,"PUDP",0.00796447849948813,3.97114189400927,"yes"
"HACD1",-0.481952330253488,12.8911367357674,-3.06427581769248,0.00360113086419964,0.0652370606514344,-1.9922748064224,"HACD1",0.0438452276013256,2.44356109618853,"yes"
"PDLIM2",-0.489909195766474,10.1043352626225,-2.32446409083805,0.0249860051711068,0.174418045782811,-3.63473523705833,"PDLIM2",0.117224762102423,1.60230317447899,"no"
"TFRC",-0.491729382507243,11.9188271994398,-2.922520338568,0.00531551490545884,0.0781868850634583,-2.3373795283402,"TFRC",0.0525486853149727,2.27445465968852,"no"
"CREG1",-0.499233083097701,12.0896985517675,-1.94556252601819,0.0578072133660669,0.273654013541137,-4.3728825516079,"CREG1",0.183920342025152,1.23801796556537,"no"
"PPIC",-0.499644179898709,11.6431114803632,-1.70621809248257,0.0989618257250332,0.361148029829456,-4.56588290636803,"PPIC",0.242724264513513,1.00453230110132,"no"
"PNN",-0.502633296998834,10.1889689026824,-1.78190177508145,0.0878645874298619,0.340018262497036,-4.4189805260531,"PNN",0.228523142504,1.05618612586622,"no"
"APOD",-0.505537536338659,12.9044673147518,-2.84111355787825,0.00666770373808002,0.085435510563932,-2.52936146920571,"APOD",0.0574204197507586,2.17602370515109,"no"
"IPO9",-0.508257543564232,11.0119046266647,-2.21011480017536,0.0364020891919649,0.216638267725769,-3.74752645126948,"IPO9",0.14560058440316,1.43887369056784,"no"
"SLK",-0.509621682765999,11.6920575998817,-2.39477856844847,0.0213810052947655,0.16307258800214,-3.47986156869243,"SLK",0.109599584424775,1.66997187893523,"no"
"KRT10",-0.512518234320105,18.2799011781354,-1.8088679174386,0.076844447113839,0.318856348232995,-4.6118727147627,"KRT10",0.214300414837832,1.11438750975108,"no"
"CTSG",-0.513190191136493,12.1382159632392,-2.48360971905248,0.016613508551716,0.139488738762581,-3.33240255981751,"CTSG",0.0937490965686656,1.77953864065269,"no"
"MYH2",-0.522470560105358,18.4630025461416,-0.556315720223971,0.580623448771595,0.819515944127373,-6.00272902216294,"MYH2",0.550789117939664,0.2361054289479,"no"
"CP",-0.523595037949827,13.1245033444647,-5.34877102280436,2.5378197089154e-06,0.00182913355520077,4.62677812059212,"CP",0.00122934381531238,5.59553923417369,"yes"
"SBSN",-0.532751298625643,11.621600606191,-2.25244584767863,0.0289843338384903,0.190053176939025,-3.80728123030355,"SBSN",0.127732989745965,1.53783667678682,"no"
"KRT1",-0.536250666188259,19.5384778138703,-1.79184529990697,0.0795705024953292,0.323652334367274,-4.63977455991413,"KRT1",0.217523752945504,1.09924789931909,"no"
"CTSC",-0.547754291831032,10.1100088838562,-2.43393410422345,0.0194723126346312,0.154652003651905,-3.40348746610308,"CTSC",0.10394018724033,1.71058246631177,"no"
"KRT5",-0.555431991786353,16.7231794418302,-1.58581087085528,0.119460892099428,0.391972958901957,-4.95908053013151,"KRT5",0.263441415431759,0.922774246391122,"no"
"RHAG",-0.560386275012915,11.5935527495001,-1.18293239684082,0.247879545797238,0.561215211133687,-5.20887426546827,"RHAG",0.377187574359874,0.605759308302309,"no"
"L3HYPDH",-0.564012094458468,11.0775387520543,-2.99543435062064,0.00485523264562026,0.0740615646419218,-2.16768091395217,"L3HYPDH",0.049776095455704,2.31378995539791,"yes"
"ACTC1",-0.56512773594728,13.8096871814622,-2.32968067629871,0.0244544818927392,0.173260680572277,-3.63388892627614,"ACTC1",0.116446907604275,1.61164153396754,"no"
"ARG1",-0.565850569488047,12.4209165308776,-2.58600929831986,0.0128551365148451,0.122719730371849,-3.11079031908572,"ARG1",0.082478800479321,1.89092330701574,"no"
"COBL",-0.571649574741924,10.6127525021809,-1.36672562121693,0.186736777707053,0.49391021112792,-4.92015164538503,"COBL",0.331952503765148,0.728770139564293,"no"
"LRG1",-0.575365182099544,10.7330942216451,-3.89061511339906,0.00036723321037836,0.0211746669104162,0.109189450490922,"LRG1",0.0142312986023389,3.43505805069554,"yes"
"ACBD3",-0.576364235314607,12.2649152576914,-1.55141158756552,0.13560909800264,0.417247630247184,-4.7194612209702,"ACBD3",0.280428289251859,0.867711172712342,"no"
"PECAM1",-0.580847313084817,9.49396532871631,-2.0944328517662,0.0456718115852358,0.242584880574306,-3.95337228527183,"PECAM1",0.163039063918754,1.34035176163873,"no"
"TNNI2",-0.583927654880881,17.0163911131674,-0.621100834514851,0.537521806674225,0.797568383243331,-5.96579187474323,"TNNI2",0.53603836441635,0.269603912200864,"no"
"KRT9",-0.594368668473088,19.3149332444198,-1.84228789096222,0.0717206818849014,0.307055794737646,-4.55643199522598,"KRT9",0.206369371521983,1.1443555900323,"no"
"SERPINB3",-0.617917687739936,12.8217077506326,-2.07846756688541,0.0432483267956474,0.23621246110492,-4.13400019350316,"SERPINB3",0.158756219486213,1.36403068999047,"no"
"CSTA",-0.622938314834059,12.8222964596773,-2.27766443987543,0.027420827654627,0.183847084019278,-3.75200672387637,"CSTA",0.123561931855494,1.56191944085166,"no"
"KRT14",-0.642305061072207,16.9930028706132,-1.66934921087021,0.101669592871991,0.368696146226353,-4.83375682726323,"KRT14",0.247797284022339,0.992808915538087,"no"
"KRT16",-0.649472618500024,15.9889337293874,-1.3260111480593,0.191218390184413,0.498330585358482,-5.31153193262219,"KRT16",0.334923396571884,0.718470342334284,"no"
"CALML5",-0.651466327683266,9.05592564901828,-2.14565277770902,0.0510662379916734,0.254272822331597,-3.77532099554027,"CALML5",0.170894421922658,1.2918661350882,"no"
"CFHR1",-0.657491578664972,10.655732155921,-3.92909371594427,0.000310666837604683,0.0196536134422898,0.247361974138678,"CFHR1",0.0132090125759938,3.50770510340404,"yes"
"S100A9",-0.662069257522541,15.2810803338856,-2.81884491470594,0.00702210337277433,0.0872617414815016,-2.5827456906844,"S100A9",0.0586478127300536,2.15353278155039,"no"
"DSC1",-0.676794086867099,15.7248845175733,-2.29359792308155,0.026311736636776,0.179330346864835,-3.72539933609971,"DSC1",0.120526274415162,1.57985048650653,"no"
"S100A8",-0.704616975381368,13.7251661166146,-3.03150863181966,0.00394371661917662,0.0672765385389716,-2.07300647235315,"S100A8",0.045215941905036,2.40409429939753,"yes"
"DEFA1B",-0.714050419480762,11.3246042426715,-4.1802988285507,0.000163669221939021,0.0142987383893999,0.850057073946238,"DEFA1B",0.00961005037374055,3.78603298215665,"yes"
"SRP54",-0.714182126115906,14.2132157259781,-4.28690034182807,0.00025093987671954,0.0164422651041462,0.48613541295748,"SRP54",0.0110506949358819,3.60043031970108,"yes"
"MAST4",-0.718337036463497,10.8004741823776,-2.13118105610917,0.0443910804232287,0.239213990392838,-3.85852261146486,"MAST4",0.160773519675195,1.35270428466294,"no"
"CASP14",-0.760758857355393,14.0393154299659,-2.8913148675981,0.00578351458353267,0.0805501089097811,-2.4118718461766,"CASP14",0.0541369862957378,2.23780816497698,"no"
"SERPINA6",-0.764999950523073,11.2961712745743,-3.66088139219733,0.00135915766049142,0.0391763340336587,-0.933000729894698,"SERPINA6",0.0263300532724654,2.86673016275977,"yes"
"DSG1",-0.812242961806204,15.9994676013718,-2.45652471053182,0.0177618395542499,0.145475521121882,-3.38988951184043,"DSG1",0.0977727578514089,1.75051205731373,"no"
"LCN1",-0.862095574999966,12.0401535935382,-2.48863336675422,0.0197849234801196,0.156273792858041,-3.23877942021062,"LCN1",0.105030176828369,1.70366562506568,"no"
"ASPN",-0.902753264789865,12.3427721677606,-3.39104638071911,0.00141626448559125,0.03941100778958,-1.15757139375376,"ASPN",0.0264877753423699,2.84885563513019,"yes"
"AZGP1",-0.9057197914653,14.4972339723188,-4.18400850158969,0.000123623943930373,0.0118802610117089,1.05622455018717,"AZGP1",0.00798461400345261,3.90789740538199,"yes"
"LYZ",-0.909145387962722,14.4699651529109,-2.23212610856984,0.0303908660020347,0.195291411099537,-3.84727690705779,"LYZ",0.131253558678766,1.51725692431801,"no"
"S100A7",-0.956877602110287,15.2240439917432,-2.51670374258135,0.0153019352348077,0.134498412444971,-3.26151499420754,"S100A7",0.0903951442137373,1.81525364051251,"no"
"IGHM",-0.978802436216599,12.9483953897278,-5.25039942945959,3.55610263090661e-06,0.00190603110026212,4.31602185205903,"IGHM",0.00128102594708733,5.44902571356425,"yes"
"LTF",-1.0932519998883,11.589472794182,-2.64548635174782,0.0112551150620498,0.114388548179493,-2.96996225847898,"LTF",0.0768794896617527,1.94865006080936,"no"
"DCD",-1.21630647424274,16.0943873975524,-4.71560915545613,2.16978164450183e-05,0.00381034570601133,2.65170152847569,"DCD",0.00256089825402223,4.66358396908208,"yes"
"PIP",-1.21944113746378,16.033424503608,-3.40811121803203,0.00134716915193045,0.0391763340336587,-1.11258056829667,"PIP",0.0263300532724654,2.87057787039592,"yes"
"SAA1",-1.46657091246925,11.1317601922733,-3.75132997727728,0.00156378815574605,0.0399056923854139,-1.06083665440488,"SAA1",0.0268202483029635,2.80582208057411,"yes"
