"","logFC","AveExpr","t","P.Value","adj.P.Val","B","protein","q","-log10p","regulated_q"
"THY1",1.3310997591756,11.9124495266371,12.8497672278244,1.4202819387653e-21,4.07052803650136e-18,38.2464370191231,"THY1",2.02136890300663e-18,20.8476254356902,"+"
"S100A13",1.14033327057935,14.0543212545934,11.7694608567608,5.1722926972767e-20,7.41189543519751e-17,34.8516196304064,"S100A13",3.68064654283091e-17,19.2863169066038,"+"
"KRT71",0.999890677917342,12.0186018886493,4.23956764075117,5.34487830325e-05,0.00106377925118851,1.4915997063761,"KRT71",0.000528258319002836,4.27206217872998,"+"
"KRT16",0.96994646906678,16.4739069639208,3.2251750432765,0.00174662150182367,0.0143433158287296,-1.76140557964671,"KRT16",0.00712269570979703,2.75780119775255,"+"
"GTPBP3",0.965122202198504,19.4192476548414,3.49227548001378,0.000980690960339452,0.00937683960137444,-0.845224060319991,"GTPBP3",0.00465641111146613,3.00846782785362,"+"
"MYBPH",0.931317736916824,15.3163799188372,5.62426596801561,2.0109711892184e-07,1.25760802078395e-05,6.81749325406905,"MYBPH",6.24511051782195e-06,6.69659415140878,"+"
"KRT6A",0.901291525572752,15.6894308147789,3.46082226370971,0.000820293663010681,0.00814512586599387,-1.06470731047104,"KRT6A",0.00404475880990273,3.08603064347783,"+"
"CALML5",0.899092454733454,9.37581279302943,2.44697341293219,0.0199933762187591,0.0808194869435312,-3.20382663523857,"CALML5",0.040133858850661,1.69911386174145,"+"
"MYH7B",0.829074603323335,16.0660278708126,2.49599330543622,0.0149029418589772,0.0662198935935329,-3.54414444953114,"MYH7B",0.0328838992067044,1.8267279928623,"+"
"KRT14",0.827013515799768,17.4065096285131,3.57331959662868,0.000564949006834717,0.0061564405079403,-0.718852230627722,"KRT14",0.00305720468803278,3.24799075049868,"+"
"POSTN",0.788789123218011,10.1961474735635,3.46744752586799,0.000973668682847195,0.00937683960137444,-1.0183383726562,"POSTN",0.00465641111146613,3.01158879844946,"+"
"KRT5",0.736795740063044,17.0915773118617,3.46632080839816,0.000805621456601146,0.00807311571545065,-1.04799842316362,"KRT5",0.00400899954778645,3.09386897547407,"+"
"KRT6B",0.736466643110989,16.0990779531719,2.77737119275257,0.0066617269031664,0.0373630319069959,-2.9727104473562,"KRT6B",0.0185539738681568,2.17641317513912,"+"
"SERPINH1",0.692809385450611,11.7440268616866,11.2429132030208,6.25951477381751e-19,4.48494233544025e-16,32.4463032935002,"SERPINH1",2.22716141182235e-16,18.2034593312019,"+"
"S100A6",0.685139480429969,12.5418356423223,6.73123703645673,1.44308978288797e-09,1.96947396083663e-07,11.5771332245301,"S100A6",9.78014003101713e-08,8.84070664811661,"+"
"KRT17",0.680613294038134,14.1306474126848,2.98374504480807,0.00367012516764429,0.0246091160579989,-2.42942367712728,"KRT17",0.0122205525877855,2.43531912411569,"+"
"JUP",0.678650468651897,14.9227202906533,3.31920514647171,0.00129731550217287,0.011405233831986,-1.48799395076147,"JUP",0.00566368411979072,2.88695439231231,"+"
"FLG2",0.647105891769566,11.2191948537932,2.7393599955063,0.00830414200971563,0.0431153460142119,-2.9127259315493,"FLG2",0.0214104948778111,2.08070523253168,"+"
"SBSN",0.64687994879192,11.945040580587,3.64307752223252,0.000446600525338211,0.00511982842247726,-0.500224781033687,"SBSN",0.00254243721431779,3.35008077040172,"+"
"DSC1",0.642840216285237,16.0463046257159,3.40584124985438,0.000981525429313445,0.00937683960137444,-1.23066361824366,"DSC1",0.00465641111146613,3.00809844423774,"+"
"CTNNB1",0.639077846872702,13.5933653978578,4.06734614594358,0.000100648477253562,0.00170715806687361,0.894936166786032,"CTNNB1",0.00084775149512573,3.99719279132056,"+"
"ALDH1B1",0.638709081837137,14.7563242836544,7.4257997380548,5.68019282348211e-11,1.35661938600831e-08,14.7069479803471,"ALDH1B1",6.73678750153039e-09,10.2456369211987,"+"
"KRT2",0.618252581545562,18.0609729569596,3.5321538518277,0.000648128813951962,0.00670591039995063,-0.846380635813113,"KRT2",0.00333006396891437,3.18833867062805,"+"
"DSG1",0.616180190463509,16.3075576966036,3.01491487154118,0.00332665631613844,0.022863781779503,-2.35001057498531,"DSG1",0.0113538433047964,2.47799206469009,"+"
"FLG",0.609852752544214,13.9211046331335,3.13439597956813,0.00232207235072062,0.0179396837516456,-2.01741663624529,"FLG",0.00890860314440127,2.63412425271579,"+"
"NES",0.607213239053325,12.6887417926421,5.49036187888141,3.56653993105017e-07,1.96571220045957e-05,6.26725009976032,"NES",9.76145964022126e-06,6.44775290924664,"+"
"HSPB6",0.594847693012801,18.1587108474651,11.6659558837882,8.42869245819772e-20,8.05221086173155e-17,34.3808170820859,"HSPB6",3.99861848153393e-17,19.0742397921882,"+"
"CDSN",0.592750616684576,11.2239571719133,3.61293719293049,0.000572952225858909,0.00619653237476088,-0.600027499304359,"CDSN",0.00307711376423319,3.24188158904629,"+"
"KRT9",0.585863997723685,19.6078652432817,3.03776065660308,0.00310611121547389,0.0218725177974157,-2.28760920330489,"KRT9",0.0108615950829209,2.5077829982527,"+"
"UBE2D3",0.585527726673483,12.936076492223,3.44795176146117,0.000866809372688243,0.00853702976675087,-1.10020490097058,"UBE2D3",0.00423937296090562,3.06207640136147,"+"
"PXDN",0.582634231055989,9.82422643929675,4.64375700994503,1.66390865575032e-05,0.000433523837034582,2.75523620641489,"PXDN",0.000215282045728645,4.77887051902635,"+"
"UCHL1",0.578504643624459,13.8891176881467,6.23139174227649,1.39557685272044e-08,1.37921491720578e-06,9.3861345808231,"UCHL1",6.84899383864421e-07,7.85524624244774,"+"
"DSP",0.576633060151266,12.5389951245494,2.80496242583633,0.0061595494266523,0.0354483306361154,-2.90229449175162,"DSP",0.017603159238507,2.2104510554777,"+"
"KRT10",0.567993858935402,18.5638981076031,3.38553690147466,0.0010482771922867,0.0098181778859271,-1.29143329258345,"KRT10",0.00487557370563114,2.97952386318922,"+"
"GCC2",0.565512917948291,15.0834213801161,2.30578744853515,0.0251060227489122,0.0946633544720455,-3.70510385854643,"GCC2",0.0470085353222507,1.60022208199083,"+"
"KRT1",0.563788968365856,19.8203722980532,3.1926139490037,0.00193352366660169,0.01569824030731,-1.8546347700106,"KRT1",0.00779553279195575,2.71365050773283,"+"
"UCHL5",0.563558036209951,8.90647897697155,2.37129699440979,0.0229743419183849,0.0888589256924307,-3.52641829246524,"UCHL5",0.0441261348745401,1.63875691978112,"+"
"S100A16",0.551410757031269,12.582454267105,4.23713819871719,5.39339036412508e-05,0.00106603150231603,1.48306735848574,"S100A16",0.000529376756303874,4.26813814510215,"+"
"CES2",0.532263132774451,14.1784516990066,5.87360005407609,6.8123740963178e-08,5.1379642526439e-06,7.8584939848674,"CES2",2.55144322110618e-06,7.16670151110498,"+"
"BGN",0.530451939482014,13.3949404826783,5.21127574143314,1.1535754520319e-06,4.93454812764691e-05,5.14197544866894,"BGN",2.45042953792997e-05,5.93795399426865,"+"
"IGFN1",0.525269753445918,12.6762671832276,2.53824159548787,0.0132306213135073,0.0612978015840049,-3.48415962555563,"IGFN1",0.0304396552077492,1.87841976074886,"+"
"CSTA",0.502833424656079,13.0667768160009,2.98438242095867,0.0036535149710783,0.0246091160579989,-2.43032531659227,"CSTA",0.0122205525877855,2.4372891086983,"+"
"CASP3",0.493077389335986,12.7139945074699,8.18632336414582,2.14715191209328e-12,6.83748597784371e-10,17.8903397977014,"CASP3",3.39540261273729e-10,11.6681372279206,"+"
"CARNS1",0.487095923124964,11.6794548459717,6.70426731135431,1.63335473238062e-09,2.12781575591039e-07,11.4574347897106,"CARNS1",1.05664438661418e-07,8.78691948483771,"+"
"LSMEM1",0.482355957551976,9.06457240469654,1.4448456816386,0.155358176728346,0.328845298747002,-4.72484432647726,"LSMEM1",0.1633001062335,0.808665884252913,""
"FKBP9",0.46877872804617,10.6737520686881,1.96065862329895,0.0562013882915973,0.164360386575222,-4.0413124152008,"FKBP9",0.0816191342572985,1.25025295631825,""
"VIM",0.46784214079937,17.1162262315058,7.66432991892456,1.83904344379867e-11,5.27069850992698e-09,15.7991158879044,"VIM",2.61735724936732e-09,10.7354080112844,"+"
"RBP1",0.465805934001732,11.7078809011658,4.35296992696385,3.91539001009014e-05,0.000850114224918055,1.84319684349718,"RBP1",0.00042215517074043,4.40722497158973,"+"
"YBX1",0.452164389397907,8.78252922940075,2.27318712974177,0.0263031078874799,0.0972705899426032,-4.03532778554717,"YBX1",0.0483032530236747,1.57999293369125,"+"
"SLC25A6",0.441445721905604,14.1041746287125,3.87660646006779,0.000203034791387546,0.00285243976527798,0.250203534890276,"SLC25A6",0.00141648282176879,3.69242953640708,"+"
"CAMK2D",0.440703882882804,15.6045675142549,8.95337265825744,3.80186353919113e-14,1.81602348388696e-11,21.7891658916199,"CAMK2D",9.01812581694924e-12,13.4200034753822,"+"
"TUBB4A",0.438685579515099,11.2652042622912,4.58310498845508,1.49610455384288e-05,0.000399889102584812,2.71171665431492,"TUBB4A",0.000198579493708861,4.82503805515446,"+"
"GSN",0.437153144864173,14.6047223692527,8.46238281030435,4.05374818129053e-13,1.45225528594733e-10,19.4955258005724,"GSN",7.21170238336952e-11,12.3921432331646,"+"
"KRT6C",0.4333876588246,14.515000023104,0.619428639654643,0.53872576879826,0.708901769226728,-5.52460205364307,"KRT6C",0.352030984371481,0.268632250406838,""
"COL1A1",0.429319863361484,11.5263260468559,2.06361731450981,0.0419510623005238,0.134337144752292,-4.57845122407487,"COL1A1",0.0667100003945376,1.37725703732838,""
"IGKV2-28",0.424619796345763,11.8682854979132,2.62503231991415,0.0105345950042619,0.0515378826677125,-3.26654998305102,"IGKV2-28",0.0255930121146786,1.97738215590734,"+"
"CSRP3",0.421996668763088,17.1869504487432,6.43615728119626,5.54747010220632e-09,6.11501896650897e-07,10.2763663895172,"CSRP3",3.03663531349143e-07,8.25590502969655,"+"
"NDUFAF2",0.420863821107693,14.8768012054682,2.61415196149351,0.0104949243819469,0.0515042008196231,-3.37391430906869,"NDUFAF2",0.0255762861666657,1.9790206862499,"+"
"CASP14",0.417871670838292,14.248251265385,2.60438524514096,0.0107411095479431,0.0523537754496684,-3.40413059060593,"CASP14",0.0259981733819256,1.96895085404989,"+"
"SERPINB9",0.416878205938841,11.3339701654793,4.07466691420601,9.87435578607312e-05,0.00170094724068595,0.917646323842751,"SERPINB9",0.000844667283248266,4.00549122863112,"+"
"SSR1",0.409357137334556,12.8994320177515,3.21179568975687,0.00182734777495044,0.0149302773432646,-1.79803533929854,"SSR1",0.00741417282089989,2.7381787912525,"+"
"AGBL1",0.406942974495649,9.61298721920299,3.63520768130149,0.000547379233016922,0.00598774382376526,-0.533142791113683,"AGBL1",0.00297343220731924,3.26171168328183,"+"
"MPO",0.400439398994122,14.8154972077524,2.08784541011686,0.0407068304311323,0.13108514159059,-4.34460598235718,"MPO",0.0650950998203131,1.39033271191336,""
"LGALSL",0.396274798332689,13.3208097418757,7.17025193324404,1.88503100727246e-10,3.85892776203062e-08,13.5457621271701,"LGALSL",1.91629108242725e-08,9.72468150159794,"+"
"ADGRE5",0.39468013369219,10.4785101525493,3.14177853601989,0.00302018994130427,0.021532000924821,-1.88219062168866,"ADGRE5",0.0106924990317355,2.51996574317982,"+"
"NAMPT",0.388082071664274,13.8518355282203,7.00798350967524,4.01608541208978e-10,7.22430703255449e-08,12.81393511906,"NAMPT",3.58749269147132e-08,9.39619705940765,"+"
"DNAJA4",0.380263943524364,12.231739603799,5.50143659140736,3.4022567602515e-07,1.93134434964361e-05,6.31251338495042,"DNAJA4",9.59079356378201e-06,6.46823291431175,"+"
"S100A4",0.376548202565764,13.3671677485498,5.11613314430024,1.70978461610848e-06,6.71266124625603e-05,4.7654418972295,"S100A4",3.33341634744324e-05,5.76705859482832,"+"
"ATP1A1",0.368112384293153,12.1224843218018,7.2107308871188,1.55985347018861e-10,3.43887695812351e-08,13.7290173628116,"ATP1A1",1.70769956184641e-08,9.80691619656695,"+"
"COMTD1",0.36111999800237,12.0938319436079,4.95116073223381,3.35392834319177e-06,0.000113086572136325,4.12163745200138,"COMTD1",5.61572548362685e-05,5.47444622034915,"+"
"AKR1C2",0.359616656586375,13.6573745343368,4.51150842984598,1.90806979198413e-05,0.000463434578290382,2.46672062737794,"AKR1C2",0.000230135313338691,4.71940574403483,"+"
"MRPL30",0.358058814244187,9.77261801675554,3.42640857030427,0.00122446017397068,0.0109611533371114,-1.15596109812676,"MRPL30",0.00544315978124746,2.9120553359015,"+"
"PPP4R1",0.357672357608559,10.2591164973485,3.68206981630711,0.000409390978160943,0.00482845491114923,-0.377110716171225,"PPP4R1",0.00239774508846167,3.38786173221111,"+"
"SRP54",0.357646555839149,14.3637354721838,2.38964043272444,0.020976287381333,0.082921433979173,-3.675575522966,"SRP54",0.0411776571823549,1.67827137565055,"+"
"SMPX",0.357180362023186,16.7772831257093,3.93698897380325,0.000161875779930937,0.00239142260454673,0.453163977020819,"SMPX",0.0011875479651364,3.79081812610279,"+"
"AKT2",0.351791494940458,10.9306794900237,4.28899808978089,4.84738264101928e-05,0.000985290684337678,1.62951333454723,"AKT2",0.00048928196339218,4.31449269673605,"+"
"RHOT1",0.350701413807189,10.5254541551989,4.59190169678023,1.42940843953395e-05,0.00038647967808531,2.75048403546946,"RHOT1",0.000191920555741245,4.84484365805953,"+"
"ANXA1",0.350273927061735,13.2157689225803,4.85867435289029,4.86920253264504e-06,0.000156799263579333,3.76595449498961,"ANXA1",7.78643833358837e-05,5.31254216076304,"+"
"CBR1",0.348484230016338,15.4318561014287,6.98540354036927,4.46022856550911e-10,7.22430703255449e-08,12.7124700946087,"CBR1",3.58749269147132e-08,9.35064288519012,"+"
"SMARCC2",0.348470789660098,9.92451495333768,3.55450895206777,0.000633586022576006,0.00660843914360243,-0.774916325353199,"SMARCC2",0.0032816610676808,3.19819441220308,"+"
"MYL6B",0.347988316244725,15.1874789280662,2.77865508550835,0.0066240873171778,0.0372768779285701,-2.97246267233111,"MYL6B",0.0185111909733337,2.17887395141663,"+"
"TUBA1B",0.344658118239463,14.8289110246177,4.48035904462221,2.17319149098296e-05,0.00052339216917287,2.34795443452145,"TUBA1B",0.000259909438126006,4.6629020040922,"+"
"SPARC",0.343642079138557,11.8270019468034,5.62843078525988,2.01849158953459e-07,1.25760802078395e-05,6.81816953687423,"SPARC",6.24511051782195e-06,6.69497305582826,"+"
"LDAF1",0.341204528966035,11.1027330499961,2.58345077820731,0.0120225804521374,0.0571279453234897,-3.29069615966803,"LDAF1",0.0283689612586031,1.92000230805308,"+"
"FCGRT",0.340313593181498,10.2893387642819,3.21256570022001,0.00188483797359138,0.0153464364554344,-1.77684715816556,"FCGRT",0.00762083178025345,2.72472597712906,"+"
"TIMMDC1",0.334321930608434,10.1894992195864,3.05012340787807,0.00320789859379529,0.0222611074329717,-2.17939386829401,"TIMMDC1",0.0110545634148671,2.49377936883277,"+"
"COX20",0.332058414944219,11.455428567098,3.13436841349967,0.00232226890155635,0.0179396837516456,-2.01749400842688,"COX20",0.00890860314440127,2.63408749359806,"+"
"GBE1",0.330147205120027,14.8267647734913,7.56412375858018,2.95611612539093e-11,7.70202619579127e-09,15.3394068524752,"GBE1",3.82472153556181e-09,10.5292785095107,"+"
"TUBB2A",0.328444318216044,10.4826770375725,4.29720516165567,4.34852867897533e-05,0.000909699503207539,1.69120931894475,"TUBB2A",0.000451744410153919,4.36165766136495,"+"
"MMRN2",0.327655135040336,12.0932431550654,2.16074396509979,0.0349719960191577,0.119037696663784,-4.12881853545106,"MMRN2",0.0591125023987113,1.45627957971913,""
"AKR1C3",0.324241291582505,13.1221042281559,4.17947649984654,6.67743125313911e-05,0.00126738529612561,1.28151634675859,"AKR1C3",0.000629366313840225,4.17539057452127,"+"
"TUBB2B",0.323821662456511,15.5234492679636,5.58002685079928,2.4834563719093e-07,1.51437999189192e-05,6.61904993575156,"TUBB2B",7.52020523012246e-06,6.60494346506496,"+"
"ECM1",0.320606650348797,11.15336544372,2.76452292953487,0.00706555764237402,0.0383520609906135,-2.97021518910642,"ECM1",0.0190451122698252,2.15085355618645,"+"
"SYNC",0.315942124590449,12.1990881153758,7.005065602574,4.07091372595992e-10,7.22430703255449e-08,12.8008180014631,"SYNC",3.58749269147132e-08,9.390308101437,"+"
"RILP",0.313938438492854,10.4006232689929,2.7636696983502,0.00726398885327441,0.0390592721453742,-2.93357347293141,"RILP",0.0193963037180289,2.1388248309194,"+"
"DYNLT1",0.311859986826015,11.2987647361113,3.659817368766,0.000424121474734874,0.00498168912536947,-0.447348826506301,"DYNLT1",0.00247383911673611,3.3725097371542,"+"
"ANXA2",0.310055919331341,16.1096446057499,6.3839632180788,7.02497095564971e-09,7.45687657736744e-07,10.048429133317,"ANXA2",3.70298356672281e-07,8.15335546698546,"+"
"MYO1B",0.306112641970485,9.22766812232144,3.39377173963418,0.00120179823503762,0.01086546921646,-1.23656605479588,"MYO1B",0.0053956443473131,2.92016843812773,"+"
"TPM4",0.302697434468011,12.6743659133091,5.03905043641155,2.34563496144836e-06,8.50960734115317e-05,4.46316427677944,"TPM4",4.22575535703429e-05,5.62973957387605,"+"
"FABP5",0.30173358550888,14.8873572530211,2.72088843703903,0.00779351136251137,0.0409233424366487,-3.1181810642678,"FABP5",0.0203219756912993,2.10826682708034,"+"
"EEF1A1",0.297954023348395,14.9665378054456,5.1196166161167,1.6854329870313e-06,6.70895964004403e-05,4.7791616753188,"EEF1A1",3.3315781801045e-05,5.7732885103878,"+"
"SEPTIN7",0.297624210302071,11.1899580685414,4.38129281512182,3.19999241626971e-05,0.000722140020868425,1.98631135503876,"SEPTIN7",0.000358604920224213,4.49485105092263,"+"
"MRC2",0.296172522732403,10.1763045186962,2.98437400407614,0.00390327976755327,0.0253451902956385,-2.34175406713416,"MRC2",0.0125860770506873,2.40857031954883,"+"
"GSTK1",0.295311951591972,15.1485633234047,5.95345723646804,4.79712246618888e-08,3.92815799659923e-06,8.19615741516129,"GSTK1",1.95066987605057e-06,7.31901919424806,"+"
"MVP",0.295009908329691,9.88367764402202,3.05962798596063,0.00322736820020771,0.0222882825585429,-2.15765693260451,"MVP",0.0110680582129061,2.49115148448874,"+"
"LAMA4",0.294652078329417,12.4333538738013,5.32893044520346,7.05729259878511e-07,3.37103343135302e-05,5.61267679997499,"LAMA4",1.67400938846977e-05,6.15136187613205,"+"
"CLIC4",0.294014733586653,10.7298549791727,4.35305778820285,3.4928443193778e-05,0.000764159680865403,1.89377201639474,"CLIC4",0.000379471312316627,4.45682077100189,"+"
"AKAP12",0.292792188777162,12.3610960909307,1.64729605343123,0.104684845094237,0.24857229995036,-5.11695581649177,"AKAP12",0.123437625969617,0.980116185258399,""
"COX7A2",0.292634194084056,15.0792088622834,2.94150054857423,0.00413727511936727,0.0265266901389409,-2.54792297960916,"COX7A2",0.0131727938158693,2.38328559855087,"+"
"STAU2",0.290401208949335,10.3214929601953,2.57346872992409,0.0126720729391357,0.0594405254395463,-3.33393175474335,"STAU2",0.0295173571154527,1.89715233599346,"+"
"RHOC",0.2903076468781,11.5075477098945,4.74597922407844,8.03243243034364e-06,0.00023732939531304,3.30815539833754,"RHOC",0.000117854552321786,5.09515291909139,"+"
"ECH1",0.289402449596509,16.1024239261597,5.86449672363464,7.08940408383363e-08,5.20980310365825e-06,7.82012866130667,"ECH1",2.58711741820444e-06,7.14939026890432,"+"
"GIGYF2",0.287296419765536,13.815891757615,2.40255338514707,0.018301190372082,0.0767953317809472,-3.87385714029935,"GIGYF2",0.0381355180866179,1.7375206613508,"+"
"LGALS3",0.286623167915951,13.5881737560034,4.30468018107208,4.19065106614554e-05,0.000896298951908442,1.72148376911162,"LGALS3",0.000445089878497033,4.37771849911756,"+"
"CALU",0.284349246166541,15.5010017755028,6.90600118906052,6.44513633670422e-10,9.72197933736541e-08,12.3564242934009,"CALU",4.8278028137878e-08,9.19076789139792,"+"
"FTL",0.284201844213175,12.8844577361854,2.12685437217311,0.0361240542080961,0.121571810583461,-4.46120761698476,"FTL",0.0603709089317159,1.44220351468749,""
"EIF1AY",0.28390459845466,10.1268413910846,1.90966986383885,0.0606976247851739,0.172672626746556,-4.70610844295839,"EIF1AY",0.0857468797600901,1.21682830337079,""
"CLPB",0.283066254866832,12.5233778403659,4.1872562329839,6.48842817427029e-05,0.00123972234316391,1.30860158853601,"CLPB",0.000615629267348789,4.1878604985646,"+"
"PROB1",0.282701035641876,13.5899252546625,4.3778881280435,3.17967325823915e-05,0.000722140020868425,1.982687088872,"PROB1",0.000358604920224213,4.49761750562387,"+"
"CLIC1",0.281895962993746,11.2184243128294,3.93611065864317,0.000164623381506617,0.0024071969969284,0.447928311618155,"CLIC1",0.00119538131401355,3.7835084817717,"+"
"RTN3",0.281432140673699,12.2826694304037,4.15721598897716,7.24793915785799e-05,0.00134886971600136,1.20420369670795,"RTN3",0.000669830369348354,4.13978546096003,"+"
"PDK2",0.281321870015722,13.532723822765,4.05865781883973,0.000103870861010001,0.00172077391707898,0.865282694965978,"PDK2",0.000854512941293479,3.98350626839513,"+"
"FAM98A",0.279910572360307,10.8524770695126,2.61875534364307,0.0103824777208716,0.0513005989157204,-3.35956775160961,"FAM98A",0.0254751802282097,1.98369899214324,"+"
"AIP",0.278911037400022,10.3846249166351,2.80884244183242,0.00642897525798933,0.0366248971494966,-2.7932700496549,"AIP",0.0181874261790958,2.19185824562432,"+"
"POR",0.278818194561986,11.5842340089273,3.38542706892034,0.00107539593238481,0.00997576351100823,-1.28443534728803,"POR",0.00495382858540188,2.96843161054643,"+"
"RAB35",0.278670014413104,10.7688709416033,3.56450348378748,0.000596443874199455,0.00635467711321798,-0.744668612082123,"RAB35",0.00315564629210789,3.22443041749622,"+"
"HPRT1",0.278061018302915,12.349067599653,5.35624297610995,6.29184295978358e-07,3.16358279346311e-05,5.72272610617984,"HPRT1",1.5709922210214e-05,6.20122212561495,"+"
"SMIM11",0.278036224170681,10.9781174247256,2.36172124239836,0.0203355728085448,0.0817054383996258,-3.96102846631753,"SMIM11",0.040573810303363,1.69174358996279,"+"
"TOMM20",0.277572363903944,10.9876348510453,3.30898749066709,0.00142965242665707,0.0123788031867044,-1.498748151164,"TOMM20",0.00614714543019098,2.84476953423605,"+"
"ITPA",0.277287331873437,12.2351599646859,3.63229639800136,0.000465562785280752,0.00523256055927308,-0.534145465667453,"ITPA",0.00259841846138087,3.332021742261,"+"
"SLC2A4",0.273673469899832,12.5046329549384,4.71247761852018,8.71194568815921e-06,0.000253510958824986,3.2117445032065,"SLC2A4",0.00012589009684863,5.05988484071398,"+"
"UBL4A",0.272055118385649,10.1745656435477,2.33126930732184,0.0265366425692613,0.0980077546436891,-3.54155819223235,"UBL4A",0.0486693189959042,1.57615402517467,"+"
"AP1M1",0.269416008007619,10.4179284070559,3.51796042911409,0.000685661430690812,0.00706872539697794,-0.889057943967525,"AP1M1",0.00351023296565362,3.1638902794529,"+"
"CLPP",0.268701688952289,12.1757214480106,5.79991391028592,9.39960471179611e-08,6.57055295219699e-06,7.54870928788383,"CLPP",3.26284729991564e-06,7.02689040970832,"+"
"APOL2",0.267491027509535,10.1229730281375,2.6670884011537,0.00926832862844213,0.0467658976216816,-3.205859289718,"APOL2",0.0232233091937892,2.03299857576804,"+"
"COX11",0.265893245554644,11.1613285001209,2.32982743668146,0.0224211367357047,0.0873083938648499,-3.97341891371869,"COX11",0.043356161841241,1.64934237276116,"+"
"ZC3H8",0.265339810517549,14.3476817817163,1.27710296347578,0.207084184066608,0.38886310521021,-5.21022518306374,"ZC3H8",0.193104133259849,0.683853068826929,""
"TMSB4X",0.26467708295408,11.1858227362956,3.30806336818941,0.0013542737972619,0.0117974124709805,-1.51793317487013,"TMSB4X",0.00585843470206857,2.86829352426303,"+"
"DES",0.264577000521543,19.4505053181319,6.05095714055423,3.11834596520601e-08,2.79286860508763e-06,8.61105564671857,"DES",1.38690059321147e-06,7.50607570362928,"+"
"PSMB8",0.263064879290185,10.4331944862088,2.36133583619854,0.0207565817960005,0.0826211234376324,-3.90227017647295,"PSMB8",0.0410285270487526,1.68284416476207,"+"
"DYNLT3",0.263040355640941,10.398927674374,3.04237921906016,0.0030632051150796,0.0217305590589557,-2.27494739491202,"DYNLT3",0.0107911003026714,2.51382392145503,"+"
"CDK5",0.262091213808652,12.1441509170747,4.9846537426401,2.92777319062922e-06,0.000102329243467602,4.25138737760159,"CDK5",5.08153116152931e-05,5.53346257032999,"+"
"REEP5",0.261264660533423,13.4213473995859,5.94270793010022,5.0295738150188e-08,4.00409959828997e-06,8.15059074257672,"REEP5",1.98838144337689e-06,7.29846881367712,"+"
"IDH3A",0.260872990799234,15.298922574274,6.05866047036912,3.01366893928248e-08,2.78618554193019e-06,8.64395647948136,"IDH3A",1.38358187487268e-06,7.52090445797352,"+"
"MOGS",0.260807123537391,12.1632491285182,4.20920530337752,6.03264198469531e-05,0.00116821296811735,1.38203115685351,"MOGS",0.000580118683538439,4.21949244771275,"+"
"DYNC1LI2",0.260347672329293,11.4664354539072,3.82483714510827,0.00023883456813999,0.0032610687681782,0.0839883287459973,"DYNC1LI2",0.00161940243119594,3.62190281461994,"+"
"PSME2",0.259747335048618,13.8789186330158,5.25537609575902,9.60106413659564e-07,4.36772219293382e-05,5.31776105653614,"PSME2",2.16895148211698e-05,6.01768062914383,"+"
"CTSC",0.258820795636931,10.2417418780973,1.8452747297942,0.0686762507777617,0.186388385160099,-4.93979109209868,"CTSC",0.0925579389862337,1.16319342217412,""
"TXNDC5",0.257443897977395,12.483642594015,6.26934760316197,1.21340312785311e-08,1.24200477300965e-06,9.52497070408128,"TXNDC5",6.16762690991151e-07,7.91599488988678,"+"
"MYH10",0.256079771597187,11.0447593491948,5.48013661270131,3.95850211882975e-07,2.14057869293699e-05,6.18041322428466,"MYH10",1.06298228768875e-05,6.40246911826353,"+"
"SLC25A5",0.255320089535728,10.6905846272095,1.81895005482263,0.0743187472065582,0.197037492593891,-4.83259656076497,"SLC25A5",0.0978461410127068,1.12890161986835,""
"ZNF512",0.25320418268845,12.3430600135478,2.02151440954822,0.046972265202186,0.144329738147609,-4.56879774070033,"ZNF512",0.0716721864717635,1.32815849578676,""
"GSTT2",0.252634344423495,10.1664715524729,1.22702127358818,0.22330605066267,0.406088287562951,-5.86789622137106,"GSTT2",0.201657924719882,0.651099509199909,""
"CTNND1",0.252452090482631,9.95510039498943,2.04705825822676,0.0459831560680311,0.143141788750256,-4.35353993518149,"CTNND1",0.0710822669456913,1.33740122410868,""
"MYOZ2",0.252119060298209,14.085586390118,2.01892535741505,0.0464227040248368,0.143679772932162,-4.67355854781549,"MYOZ2",0.0713494225790303,1.33326956640351,""
"PTCD3",0.251206732964445,12.9788789545462,5.04609713974791,2.27903041085487e-06,8.37397584296162e-05,4.49069231442188,"PTCD3",4.15840259831254e-05,5.64224987965581,"+"
"HSPB3",0.251062285111932,15.0275050810941,4.54460641439144,1.67911895959147e-05,0.000433545489926951,2.58803680880781,"HSPB3",0.000215292798260725,4.7749185345564,"+"
"S100A11",0.25065820561318,12.0357103005326,2.3399916518293,0.0214840150141192,0.0840525100424494,-4.00885777455194,"S100A11",0.0417393341836531,1.66788455278942,"+"
"NASP",0.249520395745184,9.52144718827243,2.81444864759871,0.00600806250252993,0.0349271949944235,-2.87506524783926,"NASP",0.0173443703612611,2.22126555796749,"+"
"NPEPL1",0.24835592862736,14.5919155295056,6.78696003246749,1.11675856812396e-09,1.60031502812164e-07,11.8249322215597,"NPEPL1",7.94694694116294e-08,8.9520407067991,"+"
"EGFLAM",0.248224984794851,10.7820228646272,2.97834750557025,0.00371002700088473,0.0247277613593852,-2.44909000309448,"EGFLAM",0.0122794702320222,2.43062292965919,"+"
"HMOX2",0.245663330721625,11.8565292525632,6.61671407457291,2.43915064579427e-09,2.79624230033855e-07,11.0699414848979,"HMOX2",1.38857592442336e-07,8.61276137614516,"+"
"PELO",0.244553136261234,11.9414644492119,3.65520520813749,0.000428590477280836,0.00498338559264415,-0.461894907734862,"PELO",0.00247468155932913,3.36795748264167,"+"
"IDH3B",0.244359168280837,14.054755481476,6.02093076347617,3.56168628213395e-08,3.00229202488115e-06,8.48297989747902,"IDH3B",1.49089741734236e-06,7.44834433639952,"+"
"TPD52",0.24396418598706,10.9663240440023,2.44862465274655,0.0167268153292999,0.0719720339652194,-3.67558600302275,"TPD52",0.0357403339416558,1.77658673785221,"+"
"ANKRD2",0.243552690565636,17.8801081005471,2.76684665593607,0.006849219390927,0.0379687867976727,-3.00245987854157,"ANKRD2",0.018854783514443,2.16435892245371,"+"
"ENDOG",0.243449563071398,13.3871509256532,3.77465389637618,0.000284429331537829,0.00370203253045519,-0.0793803915780424,"ENDOG",0.00183837904268874,3.54602561937625,"+"
"COL6A3",0.243432399399662,15.4818754567297,4.01882722450912,0.000119953306822018,0.00188893504039507,0.72990085559084,"COL6A3",0.000938019469762935,3.92098777508457,"+"
"LAMP1",0.243121395746025,10.8005858431936,2.11899042545569,0.0382071401002922,0.126347307575718,-4.28653752196748,"LAMP1",0.0627423558373728,1.4178554691199,""
"MRPL19",0.242542474022597,11.2534855927948,3.26564811663883,0.00156633029587747,0.0132421906430231,-1.63611155390182,"MRPL19",0.00657589190725703,2.80511665188756,"+"
"LAP3",0.242374625170573,15.222909419237,4.9334799048846,3.60268665860789e-06,0.000120061627483375,4.05334352155125,"LAP3",5.9620972528137e-05,5.44337350872262,"+"
"ACTR3",0.240603073388501,11.425458852656,4.39124971130927,3.02255619477306e-05,0.000693011684337568,2.03066901642531,"ACTR3",0.000344140184167415,4.51962561607414,"+"
"NTMT1",0.240400188618651,14.8142174208121,2.49698211024453,0.0143147554093884,0.0643042147387261,-3.65819245630383,"NTMT1",0.0319325991221625,1.84421606819847,"+"
"NBAS",0.237238725964726,11.3457012492476,2.10065204857276,0.0392003093576176,0.128105001845988,-4.41631348830904,"NBAS",0.0636152029243003,1.40671050563832,""
"NUDT19",0.235330726517438,12.5509939327441,3.61713095261787,0.00048757188148544,0.00545851957944247,-0.58191173766631,"NUDT19",0.00271062663993375,3.31196134831172,"+"
"EPS15L1",0.234918385212819,10.1215820542161,2.19711107696151,0.0307183988990007,0.107890847113402,-4.2861481662728,"EPS15L1",0.0535771284016312,1.51260142429971,""
"ARG1",0.233655138191923,12.5352062625623,1.69531470341004,0.0934550733048732,0.232098994880214,-5.24451613087182,"ARG1",0.115257206549841,1.02939711752211,""
"ARPC4",0.233319291804581,13.6221626775286,3.13696428455329,0.00237584933324063,0.0179661851954292,-1.98706989739173,"ARPC4",0.0089217634012202,2.62418110401783,"+"
"ACTG1",0.233249317463041,8.7617192723102,1.65163741974378,0.103122226424891,0.246694000694771,-5.2013189064985,"ACTG1",0.122504888086044,0.986647719068089,""
"CKAP4",0.233073035450716,11.2089205440963,3.16485833803535,0.00213511785367791,0.0168304955486613,-1.92500937044091,"CKAP4",0.00835779535706044,2.67057814790389,"+"
"NCSTN",0.232628894499584,11.7298993961129,2.04760891590141,0.0435305324272782,0.13877475632545,-4.60967561429094,"NCSTN",0.0689136579930525,1.36120602090107,""
"SHMT2",0.232605341361914,12.113130684565,5.0833383752922,1.95654494986337e-06,7.5250583763244e-05,4.63652925376921,"SHMT2",3.73684172147001e-05,5.70851017012293,"+"
"MRPL4",0.23200885253703,11.8994509666541,3.04942410600404,0.00304273724528884,0.0216389204590516,-2.24328652363162,"MRPL4",0.0107455938193601,2.51673554939934,"+"
"TSTD1",0.231569858856455,11.2405790501475,2.97262079188951,0.00384632016139049,0.0252255230721857,-2.44151819325394,"TSTD1",0.0125266519338406,2.41495456863157,"+"
"ME2",0.231546490020008,13.5405968654725,4.45788695428132,2.34448935760589e-05,0.000559942208241541,2.2713657672961,"ME2",0.000278059690799512,4.62995173432352,"+"
"KLHL41",0.231320556809553,19.1847360033141,5.56791997014243,2.56116559514502e-07,1.52922929076784e-05,6.58517299331985,"KLHL41",7.59394483026785e-06,6.59156234080813,"+"
"COL6A2",0.231270530621154,14.7860341144204,3.67347196010451,0.00040275926443395,0.00477933612226892,-0.403984507578654,"COL6A2",0.00237335336544548,3.39495446097388,"+"
"TIMM44",0.228697277330749,13.7201758399155,4.05638781091542,0.000104728944501744,0.00172501813185056,0.857542299213473,"TIMM44",0.000856620560668661,3.97993327342957,"+"
"LASP1",0.227911345291903,12.0830938671483,3.82470153622751,0.000238947816230782,0.0032610687681782,0.0835447662711131,"LASP1",0.00161940243119594,3.62169693418799,"+"
"COL6A1",0.225165825658725,15.8644290874019,3.70531255371582,0.000361230316546925,0.00438680545433681,-0.302532942452006,"COL6A1",0.00217842797038141,3.44221580831277,"+"
"TPPP3",0.224018000646419,11.111600185716,2.80493156315312,0.00614718857755939,0.0354483306361154,-2.90532664058055,"TPPP3",0.017603159238507,2.21132346380492,"+"
"BOLA2B",0.22328301493441,13.0119740611361,5.34114627381543,6.70428143096977e-07,3.29305288188986e-05,5.66186178923769,"BOLA2B",1.6352853073897e-05,6.17364776326921,"+"
"TMEM43",0.22315852406735,13.6092785671254,4.82919642340396,5.47933871219103e-06,0.000173865381734075,3.65340579464246,"TMEM43",8.63391856769286e-05,5.26127185227768,"+"
"CAPN2",0.222914153127712,14.3747450376612,6.68297237303112,1.80096025704461e-09,2.24415308551732e-07,11.3630329436007,"CAPN2",1.1144159234314e-07,8.74449587093209,"+"
"VAT1",0.22279397870749,11.9399029322879,3.1817993734551,0.00200607421376108,0.0161062348810907,-1.88356198417422,"VAT1",0.00799813735250428,2.69765300450068,"+"
"TAGLN2",0.222508651378654,13.6155820007974,4.97666159842308,3.02439368985451e-06,0.000104432678495458,4.2203813300656,"TAGLN2",5.18598488636984e-05,5.51936167672813,"+"
"DPP3",0.222439141746319,12.8702229701443,5.12977359335704,1.61634723853159e-06,6.52457913469229e-05,4.81919433518769,"DPP3",3.24001732694329e-05,5.79146533441633,"+"
"PREB",0.222357311897656,12.6189793138173,4.69502809857903,9.33247273651438e-06,0.000267468668628502,3.14627132683256,"PREB",0.000132821305846829,5.03000327012908,"+"
"HSPB7",0.22158975134453,16.9031092593193,4.95397876748561,3.31585902525741e-06,0.000113086572136325,4.13253523641071,"HSPB7",5.61572548362685e-05,5.47940394188964,"+"
"DBN1",0.221286902520664,11.6721892204572,1.61654369703529,0.113382252564853,0.263975252518983,-4.84901399016266,"DBN1",0.131086522883606,0.945454919132242,""
"MARCKS",0.220740227680048,10.6649806608048,2.39318696154448,0.0190613375144599,0.0788308705864965,-3.83629144307208,"MARCKS",0.0391463389937593,1.7198466286311,"+"
"FAHD2A",0.220247261176087,13.5251966285269,5.1949978194706,1.23421984672408e-06,5.20187364810474e-05,5.07729013747787,"FAHD2A",2.58317975834068e-05,5.9086074742452,"+"
"PRRC1",0.220179106010705,10.6417998850322,2.94570904587692,0.00441872025174255,0.0278330818494377,-2.46365778677645,"PRRC1",0.0138215301849752,2.35470349266045,"+"
"ARPC1B",0.220168742952032,10.4951713873724,3.11846004908365,0.00249490264425739,0.0185724440998485,-2.04733323175719,"ARPC1B",0.00922282333388129,2.60294639668858,"+"
"AKAP2",0.218684613727596,9.69366642108953,1.8272834712596,0.0725929506634501,0.194440557571447,-4.85839177939484,"AKAP2",0.0965565383738294,1.13910555060303,""
"SYNPO2",0.216478629710283,16.7277298049113,5.06606661281682,2.1001492997994e-06,7.91977354371723e-05,4.5688191975825,"SYNPO2",3.93285190927814e-05,5.67774983013549,"+"
"MANF",0.216449878254702,11.1239178592895,2.10787363586987,0.0392661044554638,0.128173867163279,-4.323618214117,"MANF",0.0636494005049628,1.40598218244271,""
"CHMP4B",0.214851840877417,9.40868667456963,1.65436117633048,0.102439965478768,0.245684469508074,-5.20865832498969,"CHMP4B",0.122003568618618,0.98953057655643,""
"SIL1",0.214534725340699,9.40837404231653,2.40980055261617,0.0185015062323502,0.0771502875174813,-3.77953595368384,"SIL1",0.0383117842814064,1.73279291366348,"+"
"CREG1",0.21384733620909,12.1923193687623,1.34290059306555,0.182701175727864,0.360622280443743,-5.7586854055192,"CREG1",0.179080123483648,0.738258657844612,""
"ARPC1A",0.213685354608782,10.7790354272903,2.36594802194457,0.0206233867315502,0.082436020045499,-3.88140261377753,"ARPC1A",0.04093660721984,1.6856400142199,"+"
"PPP1R3D",0.213437331444827,10.9314842570231,2.1631643974285,0.033971801395638,0.116185182338781,-4.27028346848986,"PPP1R3D",0.0576959825515964,1.46888142353201,""
"EPHX1",0.212788444786373,15.3280516608137,2.76165992409282,0.00695029750550785,0.0381724705925834,-3.01560181326633,"EPHX1",0.0189559301188607,2.15799660516024,"+"
"PPP1R12B",0.212262495280444,12.6193359362283,4.53636563119847,1.73350127277061e-05,0.000439665013076157,2.55777943233392,"PPP1R12B",0.00021833167029013,4.76107583513995,"+"
"ARHGAP1",0.210619958791686,12.7183513483658,3.80692506236852,0.000254244691444619,0.00340497797046859,0.025497825094158,"ARHGAP1",0.00169086578527624,3.59474810625331,"+"
"MAPT",0.210320847216584,13.4969104406763,3.73954207919878,0.000321137256872531,0.00405407731313321,-0.192753724701834,"MAPT",0.00201319969735317,3.49330930665547,"+"
"ACY1",0.210033393006665,14.2214177641742,5.64624243311777,1.82943337461673e-07,1.19162637537536e-05,6.90840613500968,"ACY1",5.91745463386256e-06,6.73768340228188,"+"
"MRPS35",0.209983066166311,10.8577095649489,3.72777326964937,0.000338176791030065,0.0042007719612828,-0.231108247054634,"MRPS35",0.00208604626599195,3.47085620121327,"+"
"PURB",0.209267494066996,12.7984525623629,3.98517437366215,0.000135376494322959,0.00212015864879564,0.616239818789151,"PURB",0.00105284197128379,3.86845673647829,"+"
"MSN",0.20922699544122,16.7048325068112,6.98171616672775,4.53724796182766e-10,7.22430703255449e-08,12.6959094724266,"MSN",3.58749269147132e-08,9.34320748577458,"+"
"TUBB",0.209215911931414,15.6304702952747,5.51605122325026,3.26234611592317e-07,1.90813958535425e-05,6.35713622177185,"TUBB",9.47556185793082e-06,6.48646996473614,"+"
"GLUD1",0.208732431673565,13.0427228607029,6.17839882106338,1.76886693967052e-08,1.68985754969857e-06,9.15755067095256,"GLUD1",8.39160293416768e-07,7.75230483500451,"+"
"PRKAA1",0.208615636624824,11.3806965762964,3.6582237963028,0.000428685531364721,0.00498338559264415,-0.452585413863888,"PRKAA1",0.00247468155932913,3.3678611741859,"+"
"TRPT1",0.208416661870407,9.75046980130528,2.16719566048634,0.0336507833623071,0.115224785085271,-4.27038305266865,"TRPT1",0.0572190623276428,1.47300482130725,""
"ACSS3",0.208318625306076,11.4626510869322,2.46785948353782,0.0154946619767237,0.0677980171378475,-3.71827328022292,"ACSS3",0.0336675739115522,1.80981789365799,"+"
"CRIP1",0.208284935038672,11.7400612106512,2.49229819008151,0.0148271755024124,0.0660881570605194,-3.60887741722196,"CRIP1",0.0328184806347561,1.82894157186747,"+"
"CSPG4",0.207713528720562,11.1995926585291,2.75472798808895,0.00737896524643184,0.0393819634939919,-2.96730425803462,"CSPG4",0.0195565478562626,2.13200453509731,"+"
"METAP1",0.207153181370487,11.197205138301,3.7432808361538,0.000322515571316948,0.00405407731313321,-0.18252778264169,"METAP1",0.00201319969735317,3.49144931242787,"+"
"HSPB2",0.20692770250092,16.7372943684386,4.57252152253798,1.50690938866572e-05,0.000399889102584812,2.69078584526009,"HSPB2",0.000198579493708861,4.82191286127898,"+"
"UBXN6",0.206212940274148,10.1839569668009,1.72447453673723,0.0922540954905411,0.230485290224138,-4.83923290671938,"UBXN6",0.114455862748453,1.03501434484953,""
"MRPL3",0.205449210006377,10.611337930078,2.6602743774975,0.0092527678913754,0.0467658976216816,-3.26182306947781,"MRPL3",0.0232233091937892,2.03372833211106,"+"
"HSPE1",0.204693342080505,16.2261838977001,4.21327137395537,5.89306922655686e-05,0.00114894805464707,1.3994190318066,"HSPE1",0.000570551989326109,4.22965845716803,"+"
"RAB4A",0.204064905763272,11.0710394102425,2.89314330980412,0.0048910606532254,0.0300166591694732,-2.64805077944255,"RAB4A",0.0149058650065145,2.31059695153207,"+"
"MRPS17",0.203703395253243,12.1851227420084,2.95640053711212,0.00395931583459492,0.0256148965732484,-2.50807922580259,"MRPS17",0.0127200095227444,2.40237985319834,"+"
"ABHD5",0.203518049598933,10.992175467713,2.48105833015667,0.0150353221774993,0.0663558250842959,-3.67598203100794,"ABHD5",0.0329514009376601,1.82288726138381,"+"
"RPS13",0.203517028230388,12.2440497149079,2.39839551790214,0.0185203760683975,0.0771502875174813,-3.87942112094433,"RPS13",0.0383117842814064,1.73235019892992,"+"
"CASQ2",0.201759315204095,17.8174542033718,2.56430693862111,0.0119677573659018,0.0569760674595924,-3.50001705528126,"CASQ2",0.0282935407754657,1.9219872242689,"+"
"VWA1",0.201588946235251,10.0868979364961,2.26132906466567,0.0261627903359448,0.0970020143632829,-4.17436672684648,"VWA1",0.0481698820410217,1.58231593913681,"+"
"TOMM40",0.201432217125793,11.6259963939734,3.2493536096966,0.00162452445038481,0.0135740147953437,-1.6900544814525,"TOMM40",0.0067406712716915,2.7892737477925,"+"
"ARFIP1",0.201373497294041,9.72978077325285,1.66372547834615,0.101258030937768,0.243870182073649,-5.11278980393815,"ARFIP1",0.121102618135492,0.994570522151396,""
"COPA",0.201092931931218,11.6880390489784,3.76993575578089,0.000289118609906903,0.00373249520717651,-0.0946596910943587,"COPA",0.00185350639394996,3.53892395288225,"+"
"OSBPL11",0.200670992277286,11.5612918418768,0.860711814478535,0.392490985981574,0.58198612144972,-6.12761665348058,"OSBPL11",0.289006398514093,0.406170312889213,""
"INTU",0.200246999554835,13.3035647019326,1.07590599095993,0.28503282560211,0.47494423149747,-6.04907629485681,"INTU",0.235850850701061,0.545105121896962,""
"LTBP4",0.199466102770054,10.506612186712,2.23870049283359,0.0277736141453325,0.101400226930602,-4.2051394762293,"LTBP4",0.0503539746286836,1.55636760237992,""
"EIF6",0.199152900931259,14.25243899108,2.71110110453236,0.00800932888063148,0.0418119063240252,-3.14261321349424,"EIF6",0.0207632244418721,2.09640387288571,"+"
"TBCE",0.198770399371034,11.7582353142622,2.88710625243727,0.00485139893400281,0.0298371445168499,-2.69196512684468,"TBCE",0.0148167204696896,2.31413301155979,"+"
"TBRG4",0.197799332134161,11.5748939662315,3.56738448568028,0.000581855499008136,0.00626916488780947,-0.736300480077176,"TBRG4",0.0031131820831115,3.23518485688847,"+"
"MRPS22",0.197444062613618,12.2391310266385,3.77360322223144,0.000285467267700836,0.00370203253045519,-0.0827841111592633,"MRPS22",0.00183837904268874,3.54444368171538,"+"
"PDK1",0.196521496566988,10.671562401474,2.58650848176969,0.011594183755836,0.0557532393359494,-3.3873704269145,"PDK1",0.0276863009479326,1.93575982079178,"+"
"ARHGEF6",0.196454384085852,9.96518674652933,1.86421220450219,0.0665175527664667,0.182733961113747,-4.8328814658369,"ARHGEF6",0.0907432016697342,1.17706373719711,""
"PLIN3",0.19629761992833,14.8172212789174,4.7725753833084,6.86669951975579e-06,0.000207157482353896,3.43835236608735,"PLIN3",0.000102871590393275,5.16325195650373,"+"
"GATD3B",0.195448608563204,16.0395010638424,3.65038858570476,0.000435659241734884,0.00501445536872361,-0.477129271605246,"GATD3B",0.00249011038788091,3.36085306874825,"+"
"IDH3G",0.195411512968956,14.3398788826231,5.24709557833583,9.93833666016956e-07,4.41708544578235e-05,5.28469490296192,"IDH3G",2.19346460261744e-05,6.00268629565876,"+"
"FBN1",0.193851754228334,12.6664867642122,0.931259612261968,0.354312166774681,0.543751352728527,-6.20202372449093,"FBN1",0.270019531991219,0.450613934112258,""
"HYOU1",0.193167275024236,11.5005586992158,5.00307246758124,2.71642006613099e-06,9.61143198707584e-05,4.32295071951031,"HYOU1",4.77290650201171e-05,5.56600307007034,"+"
"GLS",0.192371786399351,11.4134639267241,2.46476285327453,0.015620397448137,0.0681401203749781,-3.7253767423898,"GLS",0.033837457729807,1.80630792005304,"+"
"NDUFA4",0.192021160154031,16.4248158541154,2.44054833347396,0.0165914814798498,0.0716851432938823,-3.78795565407104,"NDUFA4",0.0355978679332158,1.7801148333971,"+"
"KIAA1217",0.191774011140194,12.2694065842335,2.62584212350568,0.0101843707690646,0.0504989733981648,-3.34192795846921,"KIAA1217",0.0250771038905667,1.99206579827548,"+"
"CRIP2",0.191593754492372,12.3921671805475,2.97797994426909,0.00372363983611216,0.0247609089798085,-2.4475814748727,"CRIP2",0.0122959308898365,2.42903233218947,"+"
"BRAWNIN",0.191271114006179,11.824042218911,2.45737753757027,0.0160917023638439,0.0698769984466313,-3.71520945428484,"BRAWNIN",0.0346999677754008,1.79339800884597,"+"
"FSCN1",0.191230157067396,14.1094174954628,1.80143343641879,0.0749660144302886,0.198371793174458,-5.06613686995377,"FSCN1",0.0985087365473987,1.12513557781527,""
"SEPTIN9",0.190977970304994,10.6781258889476,1.64632111364246,0.103503642176257,0.24699536925658,-5.2851469726238,"SEPTIN9",0.122654543618133,0.985044367605907,""
"CACYBP",0.190383828414982,11.0555402138396,4.28523878479378,4.50740249464638e-05,0.000927670340035597,1.6526024841675,"CACYBP",0.000460668483492685,4.34607365928,"+"
"FNTB",0.190255721622584,10.4865933466372,2.47453862064041,0.015184346835375,0.0668484455148767,-3.71010877823198,"FNTB",0.0331960295486002,1.81860388480554,"+"
"MICU2",0.190042290715553,10.5260882933969,2.22608711268725,0.0291624780262309,0.104214042422915,-4.14880946242386,"MICU2",0.0517512771614153,1.5351755754366,""
"HSD17B8",0.189862965990552,12.4156216591078,2.89332194251642,0.00476440825955101,0.0294284354997267,-2.67561796476119,"HSD17B8",0.0146137611262867,2.32199103113691,"+"
"LNPEP",0.18985585707525,9.92252503449521,2.40432574759327,0.0184709388135193,0.0771502875174813,-3.82924431107019,"LNPEP",0.0383117842814064,1.73351103032212,"+"
"DHRS7",0.189805788531421,14.6759962760714,4.17248116811591,6.85188989060653e-05,0.00128349780565218,1.25719096495916,"DHRS7",0.000637367567096399,4.16418962473254,"+"
"GADD45GIP1",0.189355500801487,11.4101628179663,2.94294298048762,0.00416194698574598,0.026625312636491,-2.53377887996523,"GADD45GIP1",0.0132217684078379,2.38070345606688,"+"
"EIPR1",0.189288577565435,10.1304239182174,2.16769974190535,0.033610829316158,0.115224785085271,-4.26059831373816,"EIPR1",0.0572190623276428,1.47352077158325,""
"ACSS1",0.189155984280296,12.3414146002368,2.74215696735789,0.0073426728593542,0.0393347671306713,-3.06483132149907,"ACSS1",0.0195331107836529,2.13414582063356,"+"
"VPS45",0.18864270364401,10.8431883072249,2.71711541305555,0.00793754181296413,0.0415886560072307,-3.1150063689655,"VPS45",0.0206523613686029,2.10031397394038,"+"
"S100A7",0.188626198097658,15.318357090792,0.859109788189197,0.39252588023807,0.58198612144972,-6.29035527785323,"S100A7",0.289006398514093,0.406131703825616,""
"PPP2R5A",0.188568743698553,12.1333956625223,3.27512464419015,0.00149243698850705,0.0128448180452288,-1.61693634973983,"PPP2R5A",0.00637856207562697,2.82610399595831,"+"
"VAMP5",0.188156969655489,11.1089458802183,3.00227502975424,0.00353451142121624,0.0240615433092773,-2.36482387886614,"VAMP5",0.0119486354024782,2.45167061064629,"+"
"MTIF2",0.186532670300945,11.6754392392872,1.91579449190367,0.0589878955503685,0.169688737647936,-4.80431018467206,"MTIF2",0.084265120985827,1.22923709742579,""
"BSG",0.186020911752284,15.5975515689416,4.02671959910454,0.000116587990683559,0.00184608387458056,0.756653141708867,"BSG",0.00091674016318199,3.93334618241124,"+"
"MLF2",0.185787843289117,9.94389543220752,1.39511468111898,0.168258444926373,0.342979162986476,-5.4918375042523,"MLF2",0.170318791130595,0.774023129226518,""
"ABHD11",0.18573647475816,12.2704918015478,4.5296131685548,1.77932970804859e-05,0.000443439908110196,2.53301227238316,"ABHD11",0.000220206231861871,4.74974357011798,"+"
"PTRH2",0.185701132728988,11.4719795690708,3.32175207391653,0.00128680698276822,0.0113476578849653,-1.48050257625854,"PTRH2",0.00563509268697778,2.890486591095,"+"
"RALB",0.185543169271639,10.5957110241817,2.02567874640896,0.0469410784223426,0.144329738147609,-4.40900299586338,"RALB",0.0716721864717635,1.32844693715983,""
"CTSB",0.184834577975735,13.7018412397954,3.7792634730998,0.000279917959517472,0.00369698097685288,-0.0644392812086556,"CTSB",0.00183587050982224,3.55296923633514,"+"
"PGM5",0.184815090437663,14.4750738068503,3.39357680633598,0.00102135046625417,0.00966069450918963,-1.2674039016862,"PGM5",0.00479736960099826,2.99082520850723,"+"
"PTMS",0.18453936669827,11.0554246138455,2.39166508272886,0.0196994163884741,0.0803108497430537,-3.77891739090585,"PTMS",0.0398812765294639,1.70554663998154,"+"
"ABLIM1",0.184264552253071,10.9714187242235,1.64441329253561,0.104545179454435,0.24857229995036,-5.20589618959113,"ABLIM1",0.123437625969617,0.980695987567533,""
"HSPB1",0.183466219084401,19.32376367612,3.9713719880997,0.000142236408320118,0.00220351106078627,0.569815832909009,"HSPB1",0.0010942336462895,3.84698922281401,"+"
"UAP1L1",0.183157690070154,10.4488705093427,2.01264533516884,0.0492971312763042,0.149289233481996,-4.46286019932275,"UAP1L1",0.074135004453519,1.30717835267248,""
"EHBP1L1",0.183088315964152,12.2147165189701,3.95666028043455,0.000149914165040848,0.00228539360110145,0.520457620721834,"EHBP1L1",0.00113489540299724,3.82415732973723,"+"
"RCN3",0.183061149659707,9.84301661405182,1.65057587634093,0.104915367133728,0.24891344553416,-5.02582296841198,"RCN3",0.123607034230242,0.979160895289846,""
"NDUFB1",0.182754800838598,14.341111173206,1.41302943196564,0.161041011169227,0.335168775905361,-5.67386076075063,"NDUFB1",0.166440259052044,0.793063511195427,""
"CORO6",0.181643449549231,14.0635082994666,5.42612109601861,4.68465771707826e-07,2.44113254857206e-05,6.00558701489219,"CORO6",1.21223324776361e-05,6.32932213519554,"+"
"MTFMT",0.181396901670831,9.20904041234257,1.74097597406439,0.0868595367332692,0.221673581725334,-4.99399203438872,"MTFMT",0.110080088062191,1.06118249128419,""
"MYOT",0.180632463965319,17.8924176501003,5.23440933987115,1.04776538628301e-06,4.54984181376833e-05,5.23408901776953,"MYOT",2.25938961075314e-05,5.9797359528957,"+"
"MRPS25",0.180494314223187,10.619133488715,2.89977426894826,0.00475833287688048,0.0294284354997267,-2.63641232085768,"MRPS25",0.0146137611262867,2.32254517946237,"+"
"MCEE",0.179963532078514,12.8666981444229,1.99501197960604,0.0490176280915195,0.148818349693109,-4.71924372957936,"MCEE",0.0739011699634354,1.30964770760224,""
"SMTN",0.179951497945348,16.5729084204873,2.3808117492302,0.0193485332111532,0.0795593919414133,-3.92247893684519,"SMTN",0.0395081127977473,1.71335195273538,"+"
"ECI2",0.179589315124179,14.7965884656197,4.07867586482218,9.6590274717409e-05,0.00167774380206118,0.933670256699351,"ECI2",0.000833144770970166,4.01506659873138,"+"
"AGRN",0.179335587133419,10.4453940547165,2.04089335217683,0.0442416886312354,0.139963245345424,-4.61809872019319,"AGRN",0.0695038454883843,1.35416830509324,""
"NACA",0.177895157922903,13.9268230539208,3.13052067232959,0.00234270410920582,0.0179492355336596,-2.03032742565617,"NACA",0.00891334642953732,2.63028256067919,"+"
"SMTNL2",0.177862802351815,14.5684543632189,3.33691538253197,0.00122587856540807,0.0109611533371114,-1.43580938366575,"SMTNL2",0.00544315978124746,2.91155254856574,"+"
"ERO1A",0.176847124404498,12.3932797768218,4.04384933490496,0.000110394099212412,0.00176862140282287,0.81271975618525,"ERO1A",0.00087827335244959,3.95705413990371,"+"
"RPA3",0.17647472054757,10.7884519758407,3.13188609815451,0.00235481945591626,0.0179492355336596,-2.02068336250276,"RPA3",0.00891334642953732,2.62804238463065,"+"
"CMC1",0.176073129897408,13.2774012580583,3.08395834293888,0.00270094518585666,0.0197472165884316,-2.16025579691854,"CMC1",0.00980619938613678,2.56848422948213,"+"
"SMS",0.175789410388506,12.277072404689,4.10651550203181,8.72744751078167e-05,0.00155359407241617,1.0291620348986,"SMS",0.000771493702467319,4.05911275446983,"+"
"MT-ND3",0.175659985700849,10.0687886081954,1.08980623754819,0.28107901874086,0.470999083292362,-5.68253645924291,"MT-ND3",0.233891743718368,0.551171571273191,""
"ATP1B1",0.175057614095564,14.2852681643331,3.947893476287,0.000154676299216871,0.00232778342699905,0.491105900499191,"ATP1B1",0.00115594561444522,3.81057622739881,"+"
"NDUFV3",0.174980269093815,14.971423776183,2.08146777013212,0.0401853353851468,0.130284130332388,-4.55172974594485,"NDUFV3",0.064697328515517,1.3959324027172,""
"ITGAV",0.174314340812121,10.8174088359976,2.21978639640881,0.0289326547214069,0.10391101307212,-4.26634387689933,"ITGAV",0.0516007969040871,1.5386117157484,""
"HSD17B10",0.174303574701546,13.0343367802572,3.6049511268217,0.000508010613695302,0.00566520785545033,-0.620107176604437,"HSD17B10",0.00281326522883227,3.2941272140524,"+"
"ACTR1B",0.173816564733303,11.0764585351036,2.0833379229205,0.0400733395138333,0.130068166530743,-4.53974338566701,"ACTR1B",0.0645900838266449,1.39714446410594,""
"PSME1",0.173619522626959,14.6722937266635,4.7361841037445,7.93275026738231e-06,0.000236825648607476,3.30092845598477,"PSME1",0.000117604398553899,5.10057621761663,"+"
"CAMK2B",0.173120865772672,15.8754657604285,5.84517750509304,7.71457428534738e-08,5.5274924754514e-06,7.73879639382451,"CAMK2B",2.74487764272566e-06,7.11268803468517,"+"
"TFRC",0.173041700933936,12.0053480499067,1.73514838806305,0.0860826403346072,0.220082825333617,-5.1832360465945,"TFRC",0.109290140057008,1.06508442075338,""
"CLTB",0.172897363368911,12.6175164800313,4.30232926450564,4.22778116242127e-05,0.000897542282333285,1.7131435272534,"CLTB",0.000445707299488708,4.37388750064856,"+"
"PFN2",0.17278059881084,14.933943955644,2.86636050983888,0.00515242306913216,0.0310880937181742,-2.74631462796224,"PFN2",0.0154379248422239,2.28798848395454,"+"
"HOMER2",0.17251143335629,11.8734074810142,2.78826346270504,0.00647273855512278,0.0366617958477903,-2.94208958920969,"HOMER2",0.0182057495712021,2.18891193451777,"+"
"ATP5ME",0.172246385917036,16.502113052203,1.95586660077362,0.0535323377416334,0.158136053506092,-4.7929523102529,"ATP5ME",0.0785282150460627,1.27138379068862,""
"ACTN4",0.172179065178779,13.0663495918536,4.59946129704206,1.3570152073306e-05,0.000370400531829477,2.79031471135847,"ACTN4",0.000183935870231899,4.86741528541119,"+"
"NDUFAF7",0.171825236095213,12.8660245859038,2.38757059913887,0.0190173799602544,0.0787627326099555,-3.90740550191378,"NDUFAF7",0.0391125026006283,1.72084931637772,"+"
"CAPNS1",0.171209000605257,13.2861692122779,3.28635136866111,0.00144028693201214,0.0124333203227313,-1.58422473813057,"CAPNS1",0.00617421789903471,2.84155097972689,"+"
"MEMO1",0.170818164444045,12.08294813818,4.03765738142969,0.000112073394957441,0.00178445749971125,0.793788363618377,"MEMO1",0.000886137342946186,3.95049747210186,"+"
"ORAI1",0.170746573028687,10.4129829051044,1.88412748480129,0.064058329398773,0.178940582353852,-4.78506971619411,"ORAI1",0.0888594613309334,1.19342439165339,""
"TMEM11",0.169763963697345,14.4068825993318,3.60057558584966,0.000515549347648486,0.0057269939161262,-0.633805216216746,"TMEM11",0.00284394734686942,3.28772975834223,"+"
"SIAE",0.169371321373115,12.4025756585218,2.46611392324683,0.0155227836143165,0.067817527193035,-3.72949126866652,"SIAE",0.0336772623398098,1.80903039648392,"+"
"DYNC1LI1",0.169296284025793,12.1784489334506,4.2497457142703,5.1461677145587e-05,0.00103865610351586,1.52738105414791,"DYNC1LI1",0.000515782505301089,4.28851606415745,"+"
"PRKAB2",0.169268508812615,14.302411179256,5.08176452136929,1.96922323176668e-06,7.5250583763244e-05,4.63035405490089,"PRKAB2",3.73684172147001e-05,5.70570504931175,"+"
"ATP5MK",0.16898074347845,16.3720362247477,2.66785612775396,0.00902950095873806,0.045818122428492,-3.24966936260457,"ATP5MK",0.0227526569134523,2.04433625155309,"+"
"CYB5R1",0.168864783138795,15.91229667834,3.26458370978524,0.00154300624079571,0.0131614758515491,-1.6475696155385,"CYB5R1",0.00653581003875372,2.81163231739916,"+"
"PPP2R5D",0.168184506970747,12.8335033784923,3.71850063666188,0.000345250007802129,0.0042467232719352,-0.260324314060702,"PPP2R5D",0.00210886506236732,3.46186630293493,"+"
"MME",0.167617373473609,12.4710596827331,3.63733170970258,0.000455381751404323,0.00517906388700313,-0.518351582962087,"MME",0.00257185274097037,3.34162437693387,"+"
"THBS4",0.167514583391502,10.6419912109771,1.813315538054,0.0750988819240361,0.198371793174458,-4.8212419647121,"THBS4",0.0985087365473987,1.12436652874598,""
"RCN2",0.167456141548222,12.4173502876208,3.2521992012718,0.001604468064888,0.0135131864515205,-1.68346113018625,"RCN2",0.00671046474282767,2.79466892262017,"+"
"FAM114A1",0.167245270440231,8.46609766265886,0.911888627549728,0.366340835726607,0.556993546521197,-5.9146106078153,"FAM114A1",0.276595425462548,0.436114668170686,""
"OPA1",0.166883942830655,13.7896691040894,5.75865898056369,1.12478513155162e-07,7.5869072528032e-06,7.37603746445462,"OPA1",3.76755503298121e-06,6.94893043319175,"+"
"CANX",0.166854055953429,14.3209881988772,5.90158211210194,6.02586414969302e-08,4.66760179811357e-06,7.97658580509726,"CANX",2.31786761857903e-06,7.21998066351957,"+"
"TBCEL",0.166829773853431,9.20976772336845,1.20945734726197,0.231194752196245,0.413352563814372,-5.73437894027192,"TBCEL",0.205265265582247,0.636022028028666,""
"TMED1",0.166825225073666,11.4912578328409,1.69215012992818,0.0942602487495238,0.233000156914895,-5.22590632135216,"TMED1",0.115704711369152,1.02567141848681,""
"TMX1",0.16499314851597,12.7247337615829,4.37354351858719,3.26324983423397e-05,0.000724997986427485,1.96279823927503,"TMX1",0.000360024147080076,4.4863496753768,"+"
"LRRC39",0.164663773281042,13.2344078023745,3.65241261076113,0.000432675457836297,0.00500019299257592,-0.470729350434977,"LRRC39",0.00248302788571672,3.36383773810044,"+"
"TXNDC17",0.164574175776318,15.2180376872905,3.12927671799196,0.00235167044173662,0.0179492355336596,-2.03381894088089,"TXNDC17",0.00891334642953732,2.62862353946811,"+"
"EZR",0.164491045600263,11.9714241152597,2.4337060469123,0.0168884281827829,0.0724584358860115,-3.80351239995736,"EZR",0.0359818745251465,1.77241076862375,"+"
"ALDOC",0.164284447621808,13.4763147630421,1.22046863867649,0.22564391831777,0.407495570194537,-5.89190863818143,"ALDOC",0.202356762149258,0.646576367336066,""
"MRPL50",0.163691281944436,10.1842110080086,2.08517566921563,0.0403904707992144,0.130801230859377,-4.47505001282061,"MRPL50",0.0649541136096402,1.39372108457923,""
"TUBB4B",0.163570797106091,17.6638028220785,5.05254492763345,2.21970598086321e-06,8.26191862487526e-05,4.51589939831198,"TUBB4B",4.1027565067082e-05,5.65370454777692,"+"
"AK3",0.163504058561685,15.0751572036156,2.03370703975269,0.044878202003525,0.140969659124979,-4.64507037719626,"AK3",0.070003616893791,1.34796455094061,""
"ATP5MG",0.163475215504869,15.3572909987172,2.12896101585661,0.0359445088323228,0.121244414887239,-4.45696306784146,"ATP5MG",0.0602083286783957,1.44436744647641,""
"CAPG",0.163233175794534,11.3264900565581,2.48675359603972,0.0150424549681981,0.0663558250842959,-3.62821746672445,"CAPG",0.0329514009376601,1.82268127995878,"+"
"NUBPL",0.163110257288699,10.0504165902963,2.04818613801856,0.0434727052696476,0.138744736417383,-4.60861417923853,"NUBPL",0.0688987505146878,1.36178333319027,""
"MRPS34",0.162408257613567,11.3183029797791,2.2020115762597,0.030423087085953,0.107247930612966,-4.27256373315944,"MRPS34",0.053257864804978,1.51679671939642,""
"VCL",0.162173795311621,14.3789707559961,3.49252374928009,0.000739039274037856,0.00751322400480952,-0.96809561639243,"VCL",0.00373096493340903,3.13133248170706,"+"
"HTRA2",0.162063550392752,11.7895671607904,3.0412252631368,0.00308237430314706,0.0217588294404421,-2.27579679556362,"HTRA2",0.0108051389899129,2.51111462456602,"+"
"SYNPO2L",0.160841507075554,13.9639974349877,2.76960817929521,0.00679595265771179,0.0378904667315532,-2.9954543621295,"SYNPO2L",0.0188158908340056,2.1677496551953,"+"
"HOMER1",0.160364243924048,13.795270460832,4.43695440255802,2.53983684628462e-05,0.00059665347552883,2.19550661918713,"HOMER1",0.000296290007215234,4.59519418063758,"+"
"TIMM8B",0.160350398780984,11.8609304039414,1.85778111747125,0.0665646390100321,0.182733961113747,-4.95143401909224,"TIMM8B",0.0907432016697342,1.17675641889502,""
"LAMTOR1",0.160034666827347,11.4704916136078,3.4924318287384,0.00073926349244811,0.00751322400480952,-0.968376717926016,"LAMTOR1",0.00373096493340903,3.13120074033274,"+"
"HTATSF1",0.159946335853555,11.0835910528036,1.88321252539688,0.0629204382527249,0.176967591788331,-4.91702318462853,"HTATSF1",0.0878797010297373,1.2012082610952,""
"PTGR1",0.15948190146747,11.6288480899961,2.73879041788397,0.00742675957348377,0.0394899683443497,-3.07019101612438,"PTGR1",0.019610181597126,2.12920063527377,"+"
"CNN3",0.159257391311899,12.1771608916734,2.9776459985609,0.00373712402783688,0.0247930496846771,-2.44564585701287,"CNN3",0.0123118915270706,2.42746248852678,"+"
"S100A10",0.158652406075567,14.0349515668753,3.1261083599983,0.00237465220471828,0.0179661851954292,-2.04270681276129,"S100A10",0.0089217634012202,2.62439998883167,"+"
"GORASP2",0.158073634836621,13.0241125417585,2.09675905601906,0.0388058488761976,0.127446778064607,-4.51725695833119,"GORASP2",0.0632883379399611,1.41110281195162,""
"SET",0.157936876354706,11.7865517027877,1.46005657088013,0.147700792062638,0.319720898830454,-5.60818024125892,"SET",0.158769053238774,0.830617175727246,""
"COA5",0.157400229018949,11.3448073748169,2.01244026884044,0.0471472152083267,0.144517560200069,-4.68173520446225,"COA5",0.0717654563504465,1.3265439541541,""
"MRPS7",0.156887104709719,11.9523765366144,3.05649346883644,0.00297880266005652,0.0213431210593049,-2.22419400031807,"MRPS7",0.0105987038574646,2.5259582670056,"+"
"DTYMK",0.156847796903104,11.6458324652821,2.16322186999386,0.0336484995819403,0.115224785085271,-4.30691038525599,"DTYMK",0.0572190623276428,1.47303429660529,""
"ARHGDIB",0.156572405507782,11.1770278032586,2.72161431800862,0.00779245339296818,0.0409233424366487,-3.11321898072241,"ARHGDIB",0.0203219756912993,2.10832578657916,"+"
"NHLRC2",0.156268368335605,12.4942435055784,3.70856598113254,0.000357223983802761,0.00437523050247313,-0.292130527079449,"NHLRC2",0.00217268000659361,3.44705939053511,"+"
"PDCL3",0.156232857418758,10.6737850214912,1.81869833567917,0.0722300536837838,0.193683314524076,-5.04059470171478,"PDCL3",0.0961805017677067,1.14128206235745,""
"CYB5R3",0.155968334469796,15.6618384500409,4.92924011114423,3.66495930491839e-06,0.000120733027217197,4.03698762721123,"CYB5R3",5.99543805113925e-05,5.43593084332777,"+"
"SYNM",0.155931148959342,16.7125267524558,4.53105051323099,1.76947732832511e-05,0.000443439908110196,2.53828233202654,"SYNM",0.000220206231861871,4.7521549974494,"+"
"LMCD1",0.155766589133162,16.1932049983123,3.23453255968958,0.00169611704930861,0.0140493394893598,-1.73447436507071,"LMCD1",0.00697671105490869,2.77054418031352,"+"
"PGM3",0.155326590096188,13.043711045078,2.29280920956518,0.0241514938663831,0.0919232156986109,-4.1152879040313,"PGM3",0.045647819646821,1.61705600123289,"+"
"SLC16A1",0.155293931958789,11.7760318886489,3.24724774396307,0.00162967615028208,0.013577476298571,-1.69778082339707,"SLC16A1",0.00674239020715115,2.78789869014767,"+"
"VAPA",0.155254146688791,15.0553029488874,5.39582108838603,5.32497056026251e-07,2.72524386173435e-05,5.88270672314817,"VAPA",1.35331906470647e-05,6.27368278893164,"+"
"SPTBN1",0.155166382037134,12.5973144428059,4.55424980355473,1.61757732190577e-05,0.000425318954548801,2.62348759294625,"SPTBN1",0.000211207612593469,4.79113495042779,"+"
"GIT2",0.155056008580118,11.2058330119986,2.90962545199685,0.00467749825516881,0.0292063398677861,-2.60055694208697,"GIT2",0.0145034714538234,2.32998636583131,"+"
"ADA",0.154578432898693,11.7960277472281,0.667165165223435,0.508193108891671,0.686246322844616,-5.70372805478502,"ADA",0.340780597593677,0.293971228287248,""
"TM9SF3",0.154574928600857,10.1973838034522,1.68700035089359,0.0979004677273811,0.238525163939406,-4.95847179298565,"TM9SF3",0.118448354770719,1.00921523331499,""
"LYPLA1",0.154315672628031,13.8238056983213,3.72689775959299,0.000335427711007114,0.00419797301199296,-0.233391983584699,"LYPLA1",0.00208465634581333,3.47440106146653,"+"
"HDDC2",0.154186460855758,12.5248205500061,2.35162665164735,0.0208380032959258,0.0826211234376324,-3.98713392126833,"HDDC2",0.0410285270487526,1.68114389761367,"+"
"PRDX4",0.153974347692514,13.4049581122613,3.94488411692076,0.000156344095500914,0.00233376134221677,0.481040962651283,"PRDX4",0.00115891416590035,3.8059185156989,"+"
"UNC45B",0.153935113618928,14.2310443318448,3.47190259395357,0.000790980530726726,0.00795421123179929,-1.03101587334792,"UNC45B",0.0039499531971593,3.10183420613824,"+"
"PLS3",0.153416891520105,13.5784354028544,4.07158014229554,9.91131155598581e-05,0.00170094724068595,0.909402706637424,"PLS3",0.000844667283248266,4.00386887186808,"+"
"SIRT3",0.153400092268448,12.4606530510092,2.73307754120476,0.0075321424685935,0.039902255665414,-3.08764906379434,"SIRT3",0.0198149178776356,2.12308147400603,"+"
"OPTN",0.153088921336269,11.9198313939741,3.75111822524475,0.000308563507884762,0.00394795988213271,-0.155460475591814,"OPTN",0.00196050322329185,3.51065543686455,"+"
"RPL12",0.153062211565186,12.6862696217961,1.58752722339461,0.115921353577023,0.269012631054047,-5.41072536244642,"RPL12",0.133588016604357,0.935836556387815,""
"CLASP1",0.152929934522713,10.835673687883,2.11964060314117,0.0370066551877201,0.124048039494744,-4.44095126864474,"CLASP1",0.0616005705562296,1.43172016643587,""
"CLEC3B",0.152806053992404,12.0116943816007,2.55867858494882,0.0121497774999363,0.0573661652632905,-3.513380029413,"CLEC3B",0.0284872580432147,1.91543167527017,"+"
"LRPPRC",0.152758981461169,15.7462462039297,5.16966339390821,1.37081318674674e-06,5.69384143944373e-05,4.97683171844135,"LRPPRC",2.82748427750282e-05,5.86302172646,"+"
"MRPS28",0.152254774651947,12.3241120520832,1.87281280548031,0.064434743390086,0.179814970356365,-4.92658978330115,"MRPS28",0.0892936705297379,1.19087989671026,""
"ACSL1",0.15196950031309,16.9578021817526,3.86650771758095,0.000206357024395083,0.00288497186300637,0.220822183287198,"ACSL1",0.00143263781937796,3.68538074314663,"+"
"RPS28",0.151890558047016,14.2158376792422,2.50048816159567,0.0141830186473567,0.0638124512454072,-3.65004539921502,"RPS28",0.0316883960546207,1.84823132610864,"+"
"MRPL38",0.151743973677463,12.7149322283611,1.89237119155718,0.0616043706507608,0.174292326046476,-4.90965289483508,"MRPL38",0.0865512004201426,1.2103884748133,""
"FLNB",0.15168197340618,13.3894683010796,4.14279006879267,7.6423745934787e-05,0.00140288650893084,1.15425032695716,"FLNB",0.000696654374609756,4.11677167904048,"+"
"CAMK2A",0.151564344472161,15.4866161009599,2.51604350579919,0.0136115604191071,0.06219911675148,-3.61377941287937,"CAMK2A",0.0308872360707245,1.86609208474804,"+"
"COG2",0.151155725360185,9.65763149593203,1.70294081513664,0.0924390435953481,0.230574672710416,-5.18096413996723,"COG2",0.114500248876399,1.03414455652278,""
"RASA4",0.151036058739729,10.3571480363313,1.91313875657757,0.0597938321022885,0.171197924880279,-4.76557876874303,"RASA4",0.0850145628550183,1.22334361236766,""
"EML2",0.151003369798464,12.0117203962058,2.41215968406468,0.01790026511784,0.0753335680289714,-3.84485529428942,"EML2",0.0374096260732747,1.74714053670936,"+"
"SNX9",0.150987888233903,11.1578274167209,2.93151344688781,0.00427104932842633,0.0270814764939599,-2.57190822955204,"SNX9",0.0134482931800284,2.36946541266598,"+"
"TIMM13",0.150890528309114,12.7142027447454,3.36784264370374,0.00110990682424598,0.010228273177778,-1.34416190082191,"TIMM13",0.00507922145422382,2.95471347834335,"+"
"PNPLA6",0.150575384770718,9.54761969953019,1.43652765506123,0.156274222310916,0.329875929100889,-5.42009324922335,"PNPLA6",0.163811903260608,0.806112653659637,""
"THNSL1",0.150364693858325,12.1298248401151,3.42247482013905,0.000929843947593614,0.00906439712177993,-1.18067173488527,"THNSL1",0.00450125642230362,3.03158993143068,"+"
"MRPL53",0.150158528374219,10.451955760749,2.22798857509283,0.0284465983416787,0.103199937781331,-4.2367014572936,"MRPL53",0.0512476865784464,1.54596965931334,""
"FH",0.149748808234549,15.141681468116,3.46043615931852,0.000821333347966584,0.00814512586599387,-1.06587983662401,"FH",0.00404475880990273,3.08548054348969,"+"
"MIEF1",0.149721416769242,10.4943282220953,1.58234809903511,0.117263841699057,0.270812385422642,-5.39805058487343,"MIEF1",0.134481750164501,0.930835881928711,""
"RPL3",0.149705387504865,11.018194243167,1.68042105308064,0.0972416458313899,0.237591267649415,-5.15663759595233,"RPL3",0.117984594565091,1.01214769925855,""
"ATP6V1D",0.149621990737246,9.79577341483221,1.20265879851131,0.233796597472067,0.416445648449313,-5.71471218186883,"ATP6V1D",0.206801249375841,0.631161813575627,""
"GLRX5",0.149138329048649,13.2560259107685,2.47247910177743,0.0152664662226311,0.0670041228086688,-3.71485238876897,"GLRX5",0.0332733367769877,1.81626147883217,"+"
"HOOK3",0.148775039372126,11.0176116647504,2.38515999282088,0.0191349064893661,0.0789073985590261,-3.91278590048914,"HOOK3",0.0391843417448752,1.71817365579389,"+"
"HIBCH",0.148462095167353,15.2714952377394,2.68543943992756,0.00860125515350648,0.0441777728852143,-3.20631730645231,"HIBCH",0.0219380816231928,2.06543816893468,"+"
"PMPCB",0.148338617501558,13.6001649399639,3.88357060600049,0.000194314121732991,0.00274337080239779,0.277157215316568,"PMPCB",0.00136232065708839,3.71149563600418,"+"
"MRPS30",0.14829382570584,11.4637613021561,2.19288273621729,0.0309097841842288,0.10843016092044,-4.31833897911891,"MRPS30",0.0538449443087405,1.50990402722158,""
"ATPAF2",0.148231510809992,11.3877623097822,2.32343191955952,0.022502813035526,0.0874099903606498,-4.02825572783476,"ATPAF2",0.0434066132803228,1.64776318813562,"+"
"CTF1",0.148129297374686,10.4545888726213,1.61181215810203,0.111888303416525,0.261549328041827,-5.23143637276801,"CTF1",0.129881841757424,0.951215311390912,""
"PMPCA",0.147857251211883,12.8835563299236,4.24358876358659,5.26550488870967e-05,0.00105531028049244,1.50572928067021,"PMPCA",0.000524052743251485,4.2785599796793,"+"
"CLTC",0.147649491099691,14.200765241481,4.81850935533763,5.71841448335734e-06,0.000178141042492414,3.61270081966014,"CLTC",8.84624207017737e-05,5.24272436921044,"+"
"BORCS7",0.147626488749095,11.163866780041,2.77931664254052,0.00693409112270981,0.0381724705925834,-2.90936805735386,"BORCS7",0.0189559301188607,2.15901045546445,"+"
"LMOD3",0.147574557150157,13.6166041505278,3.33608961609019,0.00122912565818688,0.0109611533371114,-1.43824737959971,"LMOD3",0.00544315978124746,2.91040371526856,"+"
"FARSB",0.147565216893653,15.2880290831939,4.62155636383866,1.24496176472214e-05,0.000343082732470543,2.87221385454564,"FARSB",0.000170370222328836,4.90484398641979,"+"
"CARD19",0.147504996356639,14.4851390117552,3.41056996432637,0.000966564409403603,0.00935869458564434,-1.21647063507124,"CARD19",0.00464740054325176,3.01476920038707,"+"
"MRPS11",0.147395272814414,10.980567258998,1.41062402779646,0.163396468146145,0.337387808146147,-5.48844428448848,"MRPS11",0.167542200305383,0.786757335081556,""
"MRPL43",0.147306811326118,10.8584447719005,1.94608290481084,0.054748378829281,0.160602716197256,-4.80683947659145,"MRPL43",0.0797531262156739,1.26162873632203,""
"TOMM70",0.147288979377444,13.7962302196997,3.72417524809301,0.000338582806369968,0.0042007719612828,-0.242128842558553,"TOMM70",0.00208604626599195,3.47033509964775,"+"
"PRKAR1B",0.147045220511002,12.309628785144,1.92075781430697,0.0585398106522951,0.168870059453694,-4.78157715293163,"PRKAR1B",0.0838585765206931,1.23254868663056,""
"FNTA",0.147029000601656,11.8456532329819,3.63179072304804,0.000464004859537424,0.00523256055927308,-0.53581207533257,"FNTA",0.00259841846138087,3.33347747104159,"+"
"ETF1",0.147026847497354,10.0808132030252,1.55117723942068,0.125215771980664,0.284139669435141,-5.36894781864332,"ETF1",0.141099898282591,0.902340964633854,""
"CPTP",0.1470018329565,12.0471305456437,3.17778464252551,0.00202468989188034,0.0162088302517572,-1.89684468141372,"CPTP",0.00804908481926975,2.69364148531771,"+"
"ERP29",0.146763814524141,13.1024303052897,2.63261881220649,0.00994645153611494,0.0495415961856182,-3.33581537307534,"ERP29",0.024601683377912,2.00233182911828,"+"
"CD44",0.146757235951545,12.1167077041475,1.54482495416543,0.125841568950041,0.284209563917115,-5.4846191518447,"CD44",0.141134606932448,0.900175875714572,""
"G6PD",0.146705435772151,10.2253965384003,1.19856727883694,0.235016987168764,0.417322605468201,-5.78870254780298,"G6PD",0.207236734313264,0.628900745528144,""
"FARSA",0.146661532400778,12.5897477424683,4.37390107171334,3.22806476148425e-05,0.000722783875501083,1.96838773878662,"FARSA",0.000358924649684578,4.49105776104008,"+"
"PLIN2",0.146508837854732,12.1351394701164,1.64023244626621,0.104468295282,0.24857229995036,-5.32863223328561,"PLIN2",0.123437625969617,0.98101549207204,""
"COX5B",0.146462440315126,18.9344378503926,2.50773698543889,0.0139140930089098,0.0630977698790119,-3.6331696916777,"COX5B",0.0313334950008421,1.85654509792236,"+"
"HAX1",0.145611176538305,12.2697201376523,1.95796403248226,0.053315598553545,0.157853827948822,-4.7847223536976,"HAX1",0.078388065669868,1.27314571077371,""
"PTGES2",0.145481521178653,13.9879950087266,3.11378818436442,0.00246601770360965,0.0184532813016848,-2.07719854010683,"PTGES2",0.00916364870777785,2.60800380991694,"+"
"TRMT10C",0.145357914276683,12.3982739843822,3.34125917312291,0.00120893001563734,0.0108955768075995,-1.42297702266619,"TRMT10C",0.0054105953679001,2.91759883950502,"+"
"DYNLRB1",0.145249033016912,12.7958465686157,3.91859336730465,0.000172792897657329,0.00250113355901972,0.391947158656433,"DYNLRB1",0.0012420289341169,3.76247411238734,"+"
"ATP5PO",0.145023940883777,16.0648549491042,1.86966542841604,0.064729310152537,0.180110876599195,-4.95052184383252,"ATP5PO",0.0894406135484568,1.18889902141623,""
"SH3BGRL",0.144845153770547,10.82637862461,1.83699900131231,0.0702000838386027,0.189447683880824,-4.91789774214833,"SH3BGRL",0.0940771451539909,1.15366236920038,""
"NDRG3",0.144551966331191,10.4876047520423,1.86843625443281,0.0659184868050221,0.182181661700283,-4.83340824716357,"NDRG3",0.0904689372869529,1.18099277066427,""
"GAA",0.14447265266855,12.2674560879558,3.5130246520047,0.000690604795761103,0.00709416969409076,-0.905261637710821,"GAA",0.00352286825780282,3.16077041010856,"+"
"TMUB1",0.144346362043416,10.712723602892,1.86451177908463,0.0665367739981963,0.182733961113747,-4.81911227042125,"TMUB1",0.0907432016697342,1.17693825950485,""
"APMAP",0.144275148597827,12.0107068357909,2.51924195771234,0.01359978269178,0.06219911675148,-3.58645857610717,"APMAP",0.0308872360707245,1.8664680310794,"+"
"MFN2",0.144250413878916,11.8172543655767,3.16252505350309,0.00212267493445893,0.0168054871882854,-1.94011563658465,"MFN2",0.00834537654517023,2.67311650841519,"+"
"DNAJA2",0.144224911937082,14.9550287075997,4.51328076891162,1.89507917862632e-05,0.000463434578290382,2.47320279683384,"DNAJA2",0.000230135313338691,4.72237263998503,"+"
"TIGAR",0.143861831693725,10.5416553412427,1.6761002720271,0.0973309465852075,0.237606893452474,-5.25772481569743,"TIGAR",0.117992354126531,1.01174905290395,""
"DECR1",0.143397475166514,16.8102847394862,2.53661043725619,0.0128877533868217,0.0601568423560765,-3.56552973568332,"DECR1",0.0298730703612006,1.88982278293701,"+"
"SLIRP",0.143298199838496,13.6495782569589,3.07974887914891,0.00273572310465649,0.0199505913942633,-2.17192450501639,"SLIRP",0.00990719255077708,2.56292786170532,"+"
"SUPV3L1",0.143166044611371,11.1685145959962,1.95532058109366,0.0536662241073523,0.158238064086082,-4.7854186552995,"SUPV3L1",0.0785788721137258,1.27029896008894,""
"ABCB10",0.143089418264692,10.9300414603868,1.31684897225293,0.19132905142081,0.370432639856012,-5.78163094294408,"ABCB10",0.183951814641517,0.7182190816516,""
"SIRT5",0.143029376190553,14.0172632093351,3.06758329884051,0.0028385843693328,0.0205438959659288,-2.20557520456244,"SIRT5",0.0102018195378465,2.54689819300413,"+"
"DYNC1H1",0.142918645622466,13.8626698679859,5.29138986896634,8.25991400252626e-07,3.81821185987746e-05,5.46189107286284,"DYNC1H1",1.89607211876154e-05,6.08302447428043,"+"
"LDHD",0.142763116916329,12.7065586451655,2.48034631219597,0.0149549015121593,0.066347906708744,-3.69671359343639,"LDHD",0.0329474687799746,1.82521644273742,"+"
"HSP90B1",0.142628543808124,14.3401253492549,4.10043908354251,8.92310999958768e-05,0.00156893455575572,1.00828161373846,"HSP90B1",0.000779111578011133,4.04948375321825,"+"
"CCT6A",0.142578747011492,12.2536511623978,4.28381196042986,4.53153690177891e-05,0.000927670340035597,1.64755530209546,"CCT6A",0.000460668483492685,4.34375447905541,"+"
"SEPTIN11",0.1425013926851,11.5622886513597,2.97233162058836,0.00378653516033242,0.0249556525435791,-2.46277983591821,"SEPTIN11",0.0123926378969708,2.42175800612645,"+"
"KCTD12",0.142301359845566,13.0956876570094,2.89176296585282,0.00478609082127305,0.0294987877285346,-2.67972078776793,"KCTD12",0.014648697087001,2.32001906443477,"+"
"TPMT",0.141900557821875,11.505825196588,3.00647120120397,0.00348009311390307,0.0237474925343957,-2.35431901187146,"TPMT",0.0117926820557334,2.45840913584845,"+"
"QRSL1",0.141878741385958,11.6256416021656,2.09827792256785,0.038699491441095,0.127446778064607,-4.51015080519898,"QRSL1",0.0632883379399611,1.41229474210712,""
"GON7",0.141738693951872,10.8172902002541,1.3257113972629,0.190678631096165,0.369996585458097,-5.54643429518385,"GON7",0.183735275953646,0.719697974583865,""
"CASP7",0.141247259541231,11.2702136262868,1.32759155387901,0.190171734131697,0.36951334916708,-5.4185087751126,"CASP7",0.18349530737888,0.720854033260199,""
"NIPSNAP3A",0.140813711668298,11.7675743510027,2.63349364059889,0.00995671995914727,0.0495415961856182,-3.32705431048535,"NIPSNAP3A",0.024601683377912,2.00188370758574,"+"
"ACOT9",0.140786370261002,13.1203037244554,4.17653280741624,6.75031788471535e-05,0.00127279020115751,1.27127668377512,"ACOT9",0.000632050316224492,4.17067577497237,"+"
"ATP6V0D1",0.140747656040198,9.54308227506056,1.21513804328213,0.228548824485743,0.41041411715297,-5.78563342090071,"ATP6V0D1",0.203806072904727,0.641021008111986,""
"MRPS10",0.140654063609843,10.1051094240177,1.59689084299068,0.114963703974958,0.267006463202779,-5.26530396104997,"MRPS10",0.13259178091395,0.939439252267956,""
"PPIB",0.140524974973043,14.3179407200893,2.41477148475198,0.0177350263403211,0.0751556064953667,-3.84636270321695,"PPIB",0.037321252794247,1.75116816217103,"+"
"PICALM",0.140043413130343,10.5874718789723,1.58105179137889,0.117560091810502,0.271277957430675,-5.39997858455299,"PICALM",0.134712946896402,0.92974008342982,""
"GANAB",0.139608397372235,13.5203000346665,4.41941736914096,2.71552700638539e-05,0.000632739869943133,2.13212844347471,"GANAB",0.000314210020254476,4.5661458737162,"+"
"RPS29",0.139484763210684,10.3995103489403,1.69171316294586,0.0943870140189089,0.233000156914895,-5.22198332116428,"RPS29",0.115704711369152,1.02508775281926,""
"LSM14B",0.139410251115757,11.0647112496997,1.99879577226724,0.0488084232653325,0.148340340486154,-4.68428050288988,"LSM14B",0.0736637970875761,1.31150522180928,""
"MEAK7",0.138971704633077,10.6220966498474,1.76478197183766,0.0836513259748798,0.215017668380274,-4.87474524116426,"MEAK7",0.106774851951258,1.07752717055324,""
"SPRYD4",0.138944350996494,10.9889046670908,1.70041967245397,0.0925258259304318,0.230590449666624,-5.23166921506556,"SPRYD4",0.114508083498437,1.03373702949221,""
"AUH",0.138621396075453,11.6014071460935,2.36397278641485,0.0201959409929051,0.0812943355135757,-3.95986891515977,"AUH",0.0403696621971846,1.69473590686609,"+"
"CDV3",0.138517567574889,10.7936871335952,1.66567944755029,0.0994387428082481,0.241313663749737,-5.26925656180548,"CDV3",0.119833085879828,1.00244437506323,""
"RRAS2",0.138276019274224,12.8757231335614,2.0315884068575,0.0451290851878063,0.141355145517216,-4.64492271326754,"RRAS2",0.0701950441972793,1.34554346997896,""
"CAVIN3",0.138191273633615,9.52996434457653,0.725105089536566,0.47173641504305,0.65599057036069,-6.00899769574532,"CAVIN3",0.325756002096569,0.326300597695709,""
"PLXDC2",0.138189726812633,10.3503663880503,1.11317711188418,0.269311235429426,0.459979738224514,-5.92067132827385,"PLXDC2",0.228419686714483,0.569745527824226,""
"ETFA",0.138088091753326,16.9246928731396,2.7635010770197,0.00691426256211636,0.0381724705925834,-3.01093915346852,"ETFA",0.0189559301188607,2.16025413258748,"+"
"ACSL3",0.13789318955858,12.4984978326217,4.28771710620029,4.46577644666564e-05,0.000927457630155342,1.66137181582411,"ACSL3",0.000460562854656953,4.3501030211682,"+"
"CTSZ",0.137881481230243,10.5964392243017,2.34295288036509,0.0213746199658537,0.0840324565461407,-3.99433668725946,"CTSZ",0.0417293758899203,1.670101598153,"+"
"TPD52L1",0.137874390692785,10.1044530063139,1.93014207806235,0.0567219013530123,0.165508132623578,-4.83631959607042,"TPD52L1",0.0821890893466358,1.24624921976291,""
"PRDX5",0.137842693504462,17.3324649691324,2.85818540621564,0.00527568727978374,0.0314992058152563,-2.76764210637904,"PRDX5",0.0156420775224755,2.2777209554853,"+"
"FUNDC2",0.137719210396942,12.7287991617464,2.68810142642374,0.00853805490937679,0.0440902078743673,-3.19973298033329,"FUNDC2",0.0218945980288457,2.068641056517,"+"
"PPIA",0.137604132280353,17.3454836032124,2.79269601405345,0.00636520352001274,0.036485346576713,-2.93665434379842,"PPIA",0.0181181272611933,2.19618770572511,"+"
"ACYP2",0.137541052717424,15.7280081524752,2.02284970859409,0.0460082865995516,0.143141788750256,-4.66601379091537,"ACYP2",0.0710822669456913,1.33716394005004,""
"HSPD1",0.137282330817381,17.7268231473934,3.67289013131374,0.00040355873747002,0.00477933612226892,-0.405832345780699,"HSPD1",0.00237335336544548,3.3940932453221,"+"
"CIAPIN1",0.137002562401943,11.5656110529259,2.5539488496673,0.0123234598016984,0.0579000586748648,-3.52109690082043,"CIAPIN1",0.0287523822556016,1.90926734721678,"+"
"DNM1L",0.136902039268625,14.952584982218,4.12832246329506,8.05862453533734e-05,0.00145084227207373,1.10427091042943,"DNM1L",0.000720468554850681,4.09373907825561,"+"
"PDP1",0.136848252811005,13.1711432489035,3.25153769574964,0.0016078145777978,0.0135131864515205,-1.68537521114278,"PDP1",0.00671046474282767,2.7937640379772,"+"
"USP5",0.136809945695919,13.4266541152277,4.64534584698026,1.13435177694273e-05,0.000321886355714639,2.96066269398197,"USP5",0.000159844389698133,4.94525224430208,"+"
"ENAH",0.136716716271129,12.3593023602849,1.26007680858026,0.211283794660969,0.393974857188248,-5.81747760096814,"ENAH",0.19564255982162,0.675133811793937,""
"MTARC2",0.136544579697358,13.1033811947714,2.0969380700103,0.038821017882206,0.127446778064607,-4.51281254511748,"MTARC2",0.0632883379399611,1.41093308165168,""
"ARL6IP5",0.136461078226766,14.6875780734143,2.42411947413109,0.0173124474019717,0.0739455652072293,-3.82524420873922,"ARL6IP5",0.0367203627354483,1.76164153304668,"+"
"FBXO40",0.136350103641059,9.65840391630091,1.20077521635136,0.234521204697675,0.416781735935731,-5.75449869387751,"FBXO40",0.206968145854048,0.629817883580671,""
"TXN2",0.136280892907046,15.4230337030762,2.78451071007456,0.0065283135078673,0.0368309970739127,-2.9545455937822,"TXN2",0.0182897726005898,2.18519899771812,"+"
"MMAA",0.13606222106238,9.38341692689456,1.65948410388243,0.100726869826252,0.243693673577003,-5.27327758669903,"MMAA",0.121014966414871,0.996854661912421,""
"CALR",0.135958522223627,14.7764198215412,4.04166470192266,0.000110461699618037,0.00176862140282287,0.807411191780295,"CALR",0.00087827335244959,3.95678827879244,"+"
"LETM1",0.13552044067665,13.2641460566255,3.80427972813439,0.000256599318605881,0.00342052859127654,0.0168764669625991,"LETM1",0.00169858801223101,3.59074450121946,"+"
"EIF2B5",0.135478358737326,12.238567854449,3.06857400533051,0.00283007545678544,0.0205341677446761,-2.20283888656626,"EIF2B5",0.0101969886353825,2.54820198496028,"+"
"MCU",0.135453366597384,13.0191661404516,2.50508518746364,0.0140119372619433,0.0634362428755612,-3.63934816709305,"MCU",0.0315015760909604,1.85350181589137,"+"
"FBLN5",0.135404624927395,12.8658501062294,1.69295488397643,0.093905149476936,0.233000156914895,-5.24836772033263,"FBLN5",0.115704711369152,1.0273105916732,""
"YWHAQ",0.135303604190952,12.3071648649381,2.74665298709998,0.00725046786389897,0.0390592721453742,-3.05350857245351,"YWHAQ",0.0193963037180289,2.1396339680285,"+"
"CBX3",0.134999227140048,10.3711656259986,2.40314963228982,0.0182731924713022,0.076790278039226,-3.87251824802567,"CBX3",0.0381330084671614,1.73818557133661,"+"
"DHRS4",0.13489444593005,10.3734641094565,1.68330365105075,0.0959658610823438,0.235276439573993,-5.23998458595462,"DHRS4",0.116835082402172,1.01788323550634,""
"SPTAN1",0.134586298285394,13.3930837324202,4.91673353559549,3.85482329986147e-06,0.000125544586106852,3.98878776736256,"SPTAN1",6.23437352652032e-05,5.41399552465684,"+"
"DCXR",0.134451417683136,12.8433296737714,2.42496092906493,0.0172748530581567,0.0738951177084733,-3.82333972516184,"DCXR",0.0366953111931655,1.76258563809577,"+"
"MESD",0.134221082893169,9.45852185646348,0.941533735505556,0.349892791756971,0.539425896275136,-6.0624639042849,"MESD",0.267871569100952,0.456065004451697,""
"PRKRA",0.134125233466486,11.6412508484036,2.58127731486304,0.0114337175686291,0.0551667248344968,-3.45957221583695,"PRKRA",0.0273950458174514,1.94181253976743,"+"
"ATP1A2",0.134034682854843,14.8173559374551,3.40727777376562,0.000976957567511086,0.00937683960137444,-1.22635357335119,"ATP1A2",0.00465641111146613,3.01012429871314,"+"
"MAP4",0.133788423130744,14.6775278779908,3.32930366152389,0.00125611692058379,0.0111112070814603,-1.45826444398223,"MAP4",0.0055176744314075,2.90096993416486,"+"
"PTGES3L",0.133760479270737,10.763684097197,1.57355484831341,0.119373500304672,0.274322663972579,-5.4010397828115,"PTGES3L",0.136224906786469,0.923092071437489,""
"MSRA",0.133482286852714,11.6835850412878,1.57092111923008,0.119984294155144,0.275087298762028,-5.40408809441304,"MSRA",0.136604614031251,0.92087559902041,""
"IDE",0.133419673322378,12.6002027408433,2.80599251579988,0.00612861009661638,0.0354124930179487,-2.90260478019041,"IDE",0.0175853627643714,2.21263800766965,"+"
"TIMM50",0.133133446472326,13.5017357156196,3.59784373332578,0.000522866240439606,0.0057858480505788,-0.642118493524773,"TIMM50",0.00287317351019002,3.2816093980711,"+"
"AHNAK",0.133051769360692,13.6487600296986,3.48924927518842,0.000747066297109171,0.00755509347864207,-0.978105791564555,"AHNAK",0.00375175674509327,3.12664085576014,"+"
"TUFM",0.132210324689515,16.5043194018965,3.27055553616297,0.00151416331859686,0.0129540061823839,-1.63022428660368,"TUFM",0.00643278342063265,2.81982727903668,"+"
"SEC31A",0.132066152904656,12.944757536107,2.48256163090158,0.0148682018104573,0.0661681155105135,-3.69159684549787,"SEC31A",0.0328581869143595,1.82774155273012,"+"
"PNPT1",0.132007397833563,12.7662681692185,3.25997927828663,0.00156559513703852,0.0132421906430231,-1.66092626337122,"PNPT1",0.00657589190725703,2.80532053632848,"+"
"SERPINB1",0.131944431471987,14.4529651755962,3.54295310037866,0.000625252422580832,0.00658813765851715,-0.81303311501349,"SERPINB1",0.00327157962609184,3.20394461689222,"+"
"OBSCN",0.131860613408211,15.6534668725491,2.22921628008404,0.0282483396800597,0.102740788734836,-4.25059337869934,"OBSCN",0.0510196794019557,1.54900707311812,""
"BAX",0.131800414422987,12.5858806245868,2.91672468482364,0.00446026372574889,0.0280331487675358,-2.6111398576048,"BAX",0.0139208806975223,2.3506394616351,"+"
"ARMC1",0.131668671920643,12.2455727464016,2.75965617565048,0.00698970953165885,0.0382299761788822,-3.02067326258529,"ARMC1",0.0189844866114954,2.1555408716676,"+"
"SYNGR1",0.13162731549301,11.1954843717781,2.04807725574081,0.0441267022174868,0.139963245345424,-4.52455234102201,"SYNGR1",0.0695038454883843,1.35529852807659,""
"LGALS1",0.13157833801233,18.8690474582127,2.27870140036755,0.025012208681966,0.0946633544720455,-4.14559767726434,"LGALS1",0.0470085353222507,1.60184795656868,"+"
"CALD1",0.131563707772783,12.9571913450596,2.39205965506142,0.0188002293810114,0.078056834821692,-3.89737331465216,"CALD1",0.038761963352378,1.72583685189059,"+"
"DYSF",0.131431341251782,15.5234844184835,3.68378176978298,0.000388839865348441,0.00466282449409469,-0.371205636815642,"DYSF",0.00231549527432851,3.41022921593377,"+"
"PRDX3",0.131293436312049,18.0617454640306,3.59473696388308,0.000525774036940298,0.00579564765334959,-0.652064203813871,"PRDX3",0.00287803985974591,3.27920086344068,"+"
"NDUFS4",0.130966884092135,15.8101937068961,2.12879369055437,0.035958741330828,0.121244414887239,-4.45730034037084,"NDUFS4",0.0602083286783957,1.44419551834712,""
"LGALS3BP",0.130779975359938,11.2505324085193,0.91020854422214,0.366797722032991,0.557392508667313,-5.98759744226506,"LGALS3BP",0.276793544642272,0.435573370143712,""
"PPFIA4",0.130487898125627,14.2596468881383,1.39163114106686,0.167446469583805,0.342080957067932,-5.69839669651648,"PPFIA4",0.169872754278382,0.776124004627163,""
"C8orf82",0.130342471048604,11.717106832585,2.68865428727999,0.00855633537350154,0.0441044731938476,-3.19202274701654,"C8orf82",0.0219016819926289,2.06771220119184,"+"
"HDHD5",0.130335217341449,13.2706236710443,3.10667443840915,0.00252025086611879,0.0186641834167867,-2.09706435179832,"HDHD5",0.0092683798319029,2.59855622733414,"+"
"GLUL",0.130221041064005,11.4640250689366,1.65721324387809,0.100940502245428,0.243693673577003,-5.3060877697789,"GLUL",0.121014966414871,0.995934538696099,""
"GSR",0.130110565454286,12.6387232544037,3.95930683663737,0.000148504339874746,0.00227658875777151,0.529327415250757,"GSR",0.00113052303746054,3.82826085438641,"+"
"DYNC1I2",0.130062560243984,12.0311396024444,3.64170121806301,0.000448689158432247,0.00512327939468853,-0.504568658447651,"DYNC1I2",0.00254415092021797,3.34805442409281,"+"
"STAT1",0.129564110334621,11.9487771509431,2.18760671936344,0.0312760044273786,0.109047480156773,-4.33321596892942,"STAT1",0.0541514966519157,1.50478873406417,""
"RHOG",0.129486947354887,11.112944143274,2.59580015398907,0.0110297722369845,0.0534878633353598,-3.41799056844809,"RHOG",0.0265613460133033,1.95743345557813,"+"
"RMDN1",0.129472615636599,13.0026551917748,2.24792702543647,0.0269839545849718,0.0991329103241663,-4.21113569298931,"RMDN1",0.0492280560155644,1.56889440275247,"+"
"ATP5IF1",0.129383375844536,10.4259482649971,1.24540469883878,0.216553188413487,0.398613640329514,-5.84197526370743,"ATP5IF1",0.197946116486865,0.664435417567067,""
"ATIC",0.129307811200963,14.7896246866688,3.81329911034195,0.000248655415593432,0.0033615397221263,0.0462891123041951,"ATIC",0.00166929494149066,3.60440207760718,"+"
"BCKDHA",0.128914353062444,12.3658519643018,1.98097732194579,0.0505974568163829,0.152004519115046,-4.74582415818299,"BCKDHA",0.0754833783971965,1.29587131158645,""
"VPS13C",0.128798984742744,12.831307322104,2.20748103951765,0.0297819936267896,0.105963305862169,-4.29605830572143,"VPS13C",0.0526199376122381,1.5260462336445,""
"CRYZ",0.128794702944186,15.3777432915178,2.61142572914301,0.0105377527017723,0.0515378826677125,-3.38715429750335,"CRYZ",0.0255930121146786,1.97725199759431,"+"
"FLNC",0.128788577443652,18.61003105164,2.69734897797983,0.00832176764857968,0.0431287270901074,-3.17681637801692,"FLNC",0.0214171397382472,2.07978441427588,"+"
"UBTF",0.128734730019754,13.7289039982749,1.51629506710378,0.132893276660222,0.296141846813324,-5.5269450881191,"UBTF",0.147060016454748,0.876496990338127,""
"SDHC",0.128580839634124,12.8663113268796,1.27941423335264,0.203987215398277,0.384623262718066,-5.84921320498414,"SDHC",0.190998685099214,0.690397050495517,""
"COX7C",0.127985908934405,15.5300698090937,1.22012361749773,0.225554500555511,0.407495570194537,-5.92164981838392,"COX7C",0.202356762149258,0.646748502873857,""
"HK1",0.127960733181512,14.5221900728358,2.7227922701692,0.0077521508797172,0.0409233424366487,-3.11341984772508,"HK1",0.0203219756912993,2.11057778322368,"+"
"CROCC",0.127733481714094,12.6011573969403,0.78353099856685,0.436772537730175,0.622781140863025,-6.10560503009605,"CROCC",0.309264650735956,0.359744675905852,""
"AP2M1",0.127709846459354,11.6705339359881,2.85610357671164,0.00534389212478583,0.031775093007544,-2.76484018839898,"AP2M1",0.0157790793527608,2.27214231738938,"+"
"TUBA3C",0.127606160782451,13.1721018966711,2.47897283255038,0.0150088817020569,0.0663558250842959,-3.69988393581602,"TUBA3C",0.0329514009376601,1.82365166543287,"+"
"ANK2",0.127286683256054,11.8236832343196,2.3320534502216,0.0219176648275857,0.0855804187954505,-4.02623322824526,"ANK2",0.0424980729055715,1.65920571873317,"+"
"ETFB",0.127167804055155,15.6040298675966,2.03427788218686,0.044819450071058,0.140969659124979,-4.64396641220711,"ETFB",0.070003616893791,1.34853347650623,""
"ADPRHL1",0.126896980309198,16.4203326295594,3.16521224879239,0.00210510532844434,0.0167125536601703,-1.93250774194697,"ADPRHL1",0.00829922701810791,2.67672616946358,"+"
"ABRACL",0.126885749940764,9.98340338200292,1.22848919754074,0.224851416804452,0.406952936982753,-5.61398440801907,"ABRACL",0.202087297870863,0.648104371567612,""
"FHOD1",0.126867084610313,13.3993905472233,2.70596378639894,0.00812477420314167,0.0423374597567346,-3.15540761511404,"FHOD1",0.021024207134098,2.09018869972659,"+"
"TRAP1",0.126802989529571,13.7037090086239,3.38642408477138,0.00104527345157297,0.0098181778859271,-1.28878387212057,"TRAP1",0.00487557370563114,2.98077007991294,"+"
"COA4",0.126799710480967,10.2762719076289,1.23762389590707,0.219454730926544,0.40112070078793,-5.83818202824329,"COA4",0.199191088638673,0.65865505235309,""
"PGRMC1",0.126741004440476,11.7703577232771,1.644557826464,0.103610052186409,0.247043601968593,-5.31732369214668,"PGRMC1",0.122678495327419,0.984598107551141,""
"RTRAF",0.126380803524322,13.3277069572654,2.68056364806262,0.00871811837836257,0.0445385512876776,-3.2183629946598,"RTRAF",0.0221172392747496,2.05957723824095,"+"
"ISOC2",0.126338753775227,13.9444573101393,2.74780137040233,0.00724123117184446,0.0390592721453742,-3.04752623060927,"ISOC2",0.0193963037180289,2.14018758771432,"+"
"SYNJ2BP",0.125898500112315,13.2289645904395,1.44195613718562,0.152730043650371,0.325687727010389,-5.63370330178621,"SYNJ2BP",0.161732099021618,0.816075524121265,""
"EIF2S2",0.125723710951611,11.5769306720412,2.48634573885058,0.0147211460153801,0.0657915220266132,-3.68284743911737,"EIF2S2",0.0326711757082936,1.83205837961928,"+"
"POLDIP2",0.125569417018802,12.0958369758364,2.8944740024459,0.0047484432772155,0.0294284354997267,-2.67258486293002,"POLDIP2",0.0146137611262867,2.32344874551723,"+"
"DPYSL2",0.125548547736315,14.0860659604771,3.56253306679017,0.000585709858116594,0.00628705787776089,-0.752375595486037,"DPYSL2",0.0031220674987493,3.23231746627491,"+"
"TIPRL",0.125468310239408,12.5524929056154,3.77700649283924,0.000282118273922044,0.00370203253045519,-0.0717565271427461,"TIPRL",0.00183837904268874,3.54956878195357,"+"
"CCDC25",0.12545959989844,11.0935216450989,1.82582066610381,0.071453406567621,0.192226037661657,-4.99045984112447,"CCDC25",0.0954568378827388,1.14597706122917,""
"WASHC2C",0.125323783140643,9.92554016316343,1.24421503401391,0.218385385242855,0.400443067246336,-5.67944074693513,"WASHC2C",0.198854585031198,0.660776428791282,""
"SLC25A3",0.125286698110131,17.61283365713,2.20850543728554,0.0297081095352677,0.105899803393131,-4.29392447871203,"SLC25A3",0.052588403149135,1.52712498348828,""
"PPIF",0.125085962621715,15.2220420586358,2.62511489761722,0.0101522908457673,0.0504271500242099,-3.3540338333512,"PPIF",0.0250414373791658,1.99343594894108,"+"
"PPM1F",0.124986090189094,10.5272454886893,1.3650615613634,0.176978794818727,0.353464268955033,-5.57629080375541,"PPM1F",0.17552555225827,0.752078766660285,""
"SSR4",0.124784217967076,12.322026456426,2.64936882700695,0.00950055089311196,0.0477694365958928,-3.29498807837041,"SSR4",0.0237216530099318,2.02225121124778,"+"
"RAB7A",0.124662426027699,14.6057798282063,2.66773436365058,0.00903253285837334,0.045818122428492,-3.24996872819573,"RAB7A",0.0227526569134523,2.044190449889,"+"
"HCCS",0.124565108773835,11.5550712536631,2.02185415397121,0.0461131177366854,0.143141788750256,-4.66792905964891,"HCCS",0.0710822669456913,1.33617551386681,""
"CDK5RAP3",0.124048740525452,11.3976976340836,2.34448216721944,0.0212177569682731,0.083530345427295,-4.0028540348287,"CDK5RAP3",0.0414800343321697,1.67330052937861,"+"
"PFN1",0.124002318348752,15.5722007235161,2.54125390860176,0.0127292045673742,0.0596109481864287,-3.5545891283397,"PFN1",0.0296019867354489,1.89519873403632,"+"
"MYOM3",0.123916822958646,16.107044284936,1.88165450704602,0.0630631009342161,0.17707994348927,-4.92899906970751,"MYOM3",0.0879354933575241,1.20022467796636,""
"OXCT1",0.123858696711928,11.3736479717966,1.09943912867439,0.275665394323492,0.466385490041988,-5.80603757312462,"OXCT1",0.231600696010601,0.559617749663712,""
"DPYSL3",0.12364963813599,13.9044479194695,2.0449443806915,0.0437337059125984,0.139190433605236,-4.62328628919267,"DPYSL3",0.0691200776809925,1.35918371979215,""
"DIAPH1",0.123488630454472,11.2601791685707,1.96542307443253,0.0525020818474149,0.156252301739035,-4.76234248486557,"DIAPH1",0.0775927695193971,1.2798234753194,""
"AFG3L2",0.123102855474266,14.4476356038567,3.89280389716006,0.000188080255778162,0.00266850501514957,0.307715560591534,"AFG3L2",0.00132514332459352,3.72565679326759,"+"
"MRPS23",0.122861190626921,12.7572127026952,2.68916948083315,0.00851281626519744,0.0440392263827723,-3.197089626251,"MRPS23",0.0218692813129762,2.06992674002147,"+"
"MRPL13",0.122841841083546,11.9358778288733,2.36672539228858,0.0200789366204661,0.0809370356599941,-3.94995851451924,"MRPL13",0.0401922319457277,1.69725929113322,"+"
"IL18",0.12274538656738,12.3756021602573,1.42571670299431,0.157724438060538,0.332136840177444,-5.61292699471268,"IL18",0.164934640974642,0.802101011220393,""
"HTD2",0.12270605491747,10.2072661300883,0.846518321498863,0.400657397949721,0.589372748432341,-6.08077880152976,"HTD2",0.292674497086782,0.397226833806313,""
"CCDC124",0.122690450089891,11.6910781722277,2.22299462452811,0.0286801170305194,0.103653487275496,-4.26364836574507,"CCDC124",0.0514729130933505,1.54241908084228,""
"CCDC90B",0.122680272902071,10.8888753693906,1.97282868535439,0.0519067934823105,0.155124994911681,-4.71606039013673,"CCDC90B",0.0770329642694325,1.28477579862935,""
"MFF",0.122630815766301,11.032344284537,2.02892368418227,0.0454054236856542,0.14206544135708,-4.65006470841272,"MFF",0.0705477674581829,1.3428922674939,""
"PDIA3",0.122354037950757,13.8560215926197,4.71117041742274,8.75700799849044e-06,0.000253510958824986,3.20683462367751,"PDIA3",0.00012589009684863,5.05764425361553,"+"
"IARS2",0.122039647483877,14.9096183416197,3.94706920142794,0.000155131414709288,0.00232778342699905,0.488348539241159,"IARS2",0.00115594561444522,3.80930024697429,"+"
"PDPR",0.122011609247988,12.956778762578,1.31353293735847,0.192324966083891,0.371430830725357,-5.80133137599406,"PDPR",0.184447502661466,0.715964335477141,""
"GPT2",0.121861455292064,11.8326069399282,1.23872562426553,0.219390356755048,0.40112070078793,-5.77420953372485,"GPT2",0.199191088638673,0.65878246564057,""
"LMNB1",0.121746761385434,10.5459274455308,0.980091769272133,0.329775138409321,0.523330867486774,-6.15518337121637,"LMNB1",0.259878996541802,0.481782088711612,""
"TUBA4A",0.121164236110303,17.0052390005238,3.3964856767577,0.00101176957039494,0.00960176022765532,-1.25869912499787,"TUBA4A",0.00476810363772612,2.99491838641025,"+"
"HBS1L",0.121086869969664,9.48306230590702,0.984980029278403,0.327866675508171,0.521457209770487,-6.07610729316606,"HBS1L",0.258948563583567,0.484302722941465,""
"TGM2",0.120780289331066,12.4135503956123,2.18375725477222,0.0315385515249535,0.109829269344492,-4.34522637159381,"TGM2",0.0545397225377445,1.50115825644672,""
"CNDP2",0.120578453314886,13.1108557513292,3.89432302864953,0.000187073091350458,0.00266742029756425,0.312748192627913,"CNDP2",0.00132460466858235,3.72798867705611,"+"
"GYS1",0.120528276373314,16.0879944915636,3.1602617979341,0.00213757863911819,0.0168304955486613,-1.94651928049468,"GYS1",0.00835779535706044,2.6700778990995,"+"
"MAPK1",0.120435285871711,13.499947607123,3.84256032157219,0.00022446624395601,0.00309288584220156,0.142056159358304,"MAPK1",0.00153588507582156,3.64884896052211,"+"
"NUBP1",0.120384395514369,9.67346113366189,1.48059185744665,0.142878350517876,0.313707144992581,-5.49841998635794,"NUBP1",0.155782704811934,0.845033572209166,""
"IMPACT",0.119883387216801,10.850880131709,1.4745933874228,0.144481540000932,0.315612876252035,-5.48898504164965,"IMPACT",0.156729065055815,0.84018763794459,""
"BPHL",0.119783804893164,12.3639369241658,2.25361429786283,0.026609605917709,0.0980245894089384,-4.19908382215904,"BPHL",0.0486776789115366,1.57496155720478,"+"
"PCBP1",0.119467658924258,15.0488156010407,3.50396782733889,0.000711620229138954,0.00728394134540086,-0.933054655448189,"PCBP1",0.00361710628077936,3.1477517147779,"+"
"COBL",0.119318467836694,10.5557461527709,0.296982297594735,0.767832584607316,0.869461946852852,-5.67628981380949,"COBL",0.431762986510845,0.114733461618356,""
"ARF5",0.119283092539558,10.7517678973923,1.76072575328296,0.081820515386743,0.211449591612629,-5.11730465049826,"ARF5",0.105002993519874,1.08713778921172,""
"AP2A2",0.118619309692284,11.9069900658649,2.41222227979627,0.0178518471521101,0.075240285202864,-3.85210930374794,"AP2A2",0.0373633030895765,1.74831684025406,"+"
"PPIL1",0.118494278591227,12.3769672074534,1.95983182637301,0.0530594993006497,0.157258040326434,-4.78554700159434,"PPIL1",0.0780922056335553,1.27523685258194,""
"AIMP2",0.118061315696716,14.3514736765465,2.35242857220884,0.0207957566107443,0.0826211234376324,-3.98536680391638,"AIMP2",0.0410285270487526,1.68202527410195,"+"
"GOT2",0.11788624541486,17.9019921530089,1.68593112753398,0.0952175702673907,0.234646222172263,-5.26432615732158,"GOT2",0.116522125005351,1.02128290491284,""
"RSU1",0.117640731948173,12.6520270913518,1.65233937854804,0.101932131757613,0.244876353409319,-5.31386903361031,"RSU1",0.12160226914656,0.991688893075481,""
"BIN1",0.11756818402929,16.6523296343262,2.86799222802791,0.00512813895988293,0.0310724022389524,-2.74205167780828,"BIN1",0.015430132666895,2.29004021502343,"+"
"ETHE1",0.117564238196707,13.0944780224605,2.77165562200572,0.00675670431569008,0.0377479816155317,-2.99025654623502,"ETHE1",0.0187451346618126,2.17026508608819,"+"
"PITRM1",0.117491124663894,14.3989620634663,2.33970239599141,0.0214752268607853,0.0840525100424494,-4.01334740914609,"PITRM1",0.0417393341836531,1.66806223965659,"+"
"FABP4",0.117477965695173,15.5785219783929,2.02384496615161,0.0459036907370505,0.143141788750256,-4.66409823335938,"FABP4",0.0710822669456913,1.33815239502272,""
"MYL6",0.117128347912307,14.4785077233538,2.83927137409744,0.00557131919277928,0.0329904975341021,-2.81679094286602,"MYL6",0.0163826327228709,2.25404195916906,"+"
"ACHE",0.117034757036983,12.5201808599592,0.648999259938447,0.519116976171228,0.694624357553775,-6.12050580711476,"ACHE",0.344941015769782,0.28473476858419,""
"EMC1",0.116834393570641,11.4646498934525,1.9012486205323,0.060452483669223,0.172223477332001,-4.88918479785355,"EMC1",0.0855238382649222,1.21858585159923,""
"BCKDK",0.116731705829,12.5375904738219,2.23495211573203,0.0278553324902456,0.101569189461888,-4.23852886173235,"BCKDK",0.0504378791254592,1.55509165329439,""
"EEF1A2",0.11667651515687,18.1394631393647,3.05733626331658,0.00292799684085471,0.0211376295866237,-2.23383536179838,"EEF1A2",0.0104966595848331,2.53342939619292,"+"
"IQGAP1",0.116495665854127,12.9919715091734,2.52311046903702,0.0133588381245844,0.0616528664493703,-3.59723886011314,"IQGAP1",0.0306159755944322,1.87423131267069,"+"
"SUCLG1",0.116462031801232,16.9900576835489,2.53200934913363,0.0130466044714877,0.0607992982362336,-3.57635338372325,"SUCLG1",0.0301921052200833,1.88450250374163,"+"
"CAV1",0.116221549187827,14.6137942298181,2.76154474620394,0.00695255744917254,0.0381724705925834,-3.01589341041968,"CAV1",0.0189559301188607,2.15785541386178,"+"
"RPS9",0.116058603575194,11.4948857103739,1.52207893867394,0.131596511229835,0.293734891888401,-5.49720103800579,"RPS9",0.145864755350403,0.880755624200144,""
"API5",0.116012741419206,9.36749893773621,1.13897740531892,0.257686789031594,0.444897793593102,-6.01539174284858,"API5",0.220930197979501,0.588907846089178,""
"PADI2",0.115913689957571,17.6950182078112,2.5620786159095,0.0120395251135338,0.0571279453234897,-3.50531062618539,"PADI2",0.0283689612586031,1.91939064303162,"+"
"DNAJC21",0.115768080297512,13.062606483064,1.9534818711648,0.0539587139931476,0.158773792920288,-4.77980992528556,"DNAJC21",0.0788449077720478,1.26793840948818,""
"IDI1",0.115741385699382,13.8306648074738,2.2055175015624,0.029924061654437,0.106273061588125,-4.3001458848151,"IDI1",0.0527737580960575,1.52397945912337,""
"ACTB",0.11572627637387,17.3703351983185,3.91955466733407,0.000171079826108311,0.00248890752094629,0.396539955896393,"ACTB",0.00123595764976583,3.76680119984754,"+"
"SAE1",0.115659285907071,10.8475392779096,1.34754918393213,0.181323799650693,0.359138914857558,-5.7377168732298,"SAE1",0.178343504293013,0.741545188852048,""
"NME1",0.115543849154371,12.721845972815,2.57432644501259,0.0116497992468484,0.0559268419455067,-3.47616577956207,"NME1",0.0277725096445177,1.93368155847806,"+"
"IGKV4-1",0.115434488130166,13.3150858218182,0.754303292298432,0.452670287776453,0.637833355342829,-6.35916347997465,"IGKV4-1",0.316739375881692,0.344218010647694,""
"PYURF",0.1153364384275,12.5518453623282,1.41358615505612,0.160915266130067,0.335168775905361,-5.66843441227409,"PYURF",0.166440259052044,0.79340275216236,""
"IARS1",0.115128823219242,11.7985893111679,2.51016501195686,0.0138250434622119,0.0628929754963482,-3.62750760362877,"IARS1",0.0312317968936396,1.85933349471627,"+"
"CD36",0.114968654852786,15.1125706092414,2.20023324291793,0.0303093389766342,0.107110438356392,-4.31113013257334,"CD36",0.0531895880189316,1.51842353515764,""
"UBAP2",0.114675090492097,13.7166288255466,1.7818716829522,0.0780888662864211,0.204386018974322,-5.10423768260514,"UBAP2",0.101495319344149,1.10741088232062,""
"MMAB",0.114543667385913,11.6738882384307,1.12367087398561,0.264452959372684,0.453574016494383,-5.97906346160861,"MMAB",0.22523869235933,0.577651568625956,""
"BCO2",0.114427581032862,11.1521975545179,1.3347071450098,0.185397135367803,0.363190833878417,-5.76421406513464,"BCO2",0.180355632211755,0.731896980566749,""
"TFG",0.114421460058021,12.2243721076184,1.9046505482049,0.0600383795569284,0.171555329820695,-4.87871736071883,"TFG",0.0851920452911691,1.22157103793079,""
"TXN",0.114417842079394,16.3014138524248,1.91537902719453,0.0585683318551889,0.168870059453694,-4.86777579360593,"TXN",0.0838585765206931,1.23233714538306,""
"LAMP2",0.114143630097279,13.1098494473151,1.3242604389603,0.18875252660609,0.368253738089213,-5.78753058095067,"LAMP2",0.182869801636172,0.724107226274993,""
"YBX3",0.114133989516561,13.849543016405,2.10289228962848,0.0382216035129616,0.126347307575718,-4.50921969705349,"YBX3",0.0627423558373728,1.41769109691934,""
"PPP1CB",0.113594750606087,14.9483492206323,4.19315084755244,6.34866032512101e-05,0.00122115842226824,1.32914630521041,"PPP1CB",0.00060641067652227,4.19731790853313,"+"
"RETREG1",0.113361302968356,12.4311515648709,1.89041259602707,0.061939776367064,0.174895959672912,-4.90452800194024,"RETREG1",0.0868509566754354,1.20803036699223,""
"PSPH",0.113339103396716,11.264715236948,1.36946439518354,0.17609148719359,0.352759733276169,-5.52197082118192,"PSPH",0.175175689415036,0.754261638661978,""
"COL6A6",0.113186446367695,10.5654518894957,1.11500460907955,0.26948968141556,0.46001037935497,-5.76307539524456,"COL6A6",0.228434902683444,0.569457859011845,""
"EEF1B2",0.113133221625542,14.6999822785397,2.57207057648015,0.0117207148677058,0.0561731919913791,-3.48154283970506,"EEF1B2",0.0278948437293135,1.93104589910019,"+"
"WDR82",0.112989193753164,9.24254704572435,0.929103636737031,0.357536292362648,0.546797766228042,-5.92087552349071,"WDR82",0.271532339533238,0.44667986778499,""
"FAM162A",0.112967763160845,14.6473563618556,2.31315002680314,0.0229564672175727,0.0888589256924307,-4.07129418240512,"FAM162A",0.0441261348745401,1.63909494493097,"+"
"ADIRF",0.112936495928026,9.55230645628999,1.06815389339834,0.288856007381759,0.479437429751465,-6.00905002405714,"ADIRF",0.238082111889837,0.539318595941094,""
"ARIH2",0.11286249894984,12.4270538801417,2.07826440063197,0.0404863016059537,0.130963589619259,-4.55805184304454,"ARIH2",0.0650347387632844,1.39269189390302,""
"MTRF1L",0.112744099118685,10.5792202457668,1.53228943673542,0.129578022656547,0.291221300006781,-5.42291011178333,"MTRF1L",0.144616539782596,0.887468651616366,""
"STK38L",0.112502085420178,11.711761427382,2.41686056529694,0.0176850866301878,0.0751556064953667,-3.83380052453196,"STK38L",0.037321252794247,1.75239280845763,"+"
"MIX23",0.112449553505622,12.6211819816574,2.40173504775832,0.0183396790811229,0.0768443278457576,-3.87569426781781,"MIX23",0.0381598488665289,1.73660826814892,"+"
"NUDT3",0.112256626628891,11.5088389951724,1.55983652695108,0.122368856246181,0.279011828320183,-5.44815933909831,"NUDT3",0.138553482074082,0.912329099195844,""
"ZW10",0.112168419903112,13.4611169816634,1.79259217376461,0.0763440752319983,0.200735889554961,-5.08583579568736,"ZW10",0.0996827146810476,1.11722466121255,""
"PITHD1",0.111879777058493,12.5041129628187,1.03657928754269,0.302822187848789,0.493189148846434,-6.10056360953794,"PITHD1",0.244911028701658,0.518812307153247,""
"SOD2",0.111875552615695,17.5353305854736,2.43958154175654,0.016633154323249,0.0716851432938823,-3.79015608974671,"SOD2",0.0355978679332158,1.7790253830548,"+"
"EEFSEC",0.111332154225747,11.0908159028781,1.61285842113988,0.111245164312671,0.260693900997642,-5.25646557763709,"EEFSEC",0.129457048312839,0.953718858171453,""
"VPS25",0.111121198442516,13.2120665931083,2.19134226816658,0.0309957413655875,0.108565269789915,-4.32549811591515,"VPS25",0.0539120375371443,1.50869797160042,""
"ARID4A",0.11092913359908,11.5434989461932,1.34342447522197,0.182532221033809,0.360622280443743,-5.75749539480536,"ARID4A",0.179080123483648,0.7386604617169,""
"ATP5F1D",0.110875850149815,13.7348331013184,1.8608007432812,0.0659849100842793,0.182189549423453,-4.96635385942548,"ATP5F1D",0.0904728542230824,1.18055537076753,""
"MRPL37",0.110670972918594,11.7572599117592,1.6346036165395,0.105726378692006,0.250009737072022,-5.32783874656027,"MRPL37",0.124151437708954,0.975816642861822,""
"MTDH",0.110434078693661,9.73516198695109,0.95385187490045,0.343894793102902,0.535071920213311,-6.00988095094071,"MTDH",0.265709443760729,0.463574399763321,""
"QARS1",0.110405551242559,13.972275637398,4.05869116245477,0.000103858307217687,0.00172077391707898,0.865396414063346,"QARS1",0.000854512941293479,3.98355876023132,"+"
"COX5A",0.110201360527435,17.0876575743954,2.04422099285542,0.0438066193691286,0.139190433605236,-4.62469190328854,"COX5A",0.0691200776809925,1.35846026076802,""
"RABGGTB",0.109762284683004,11.2805786887036,2.03811709055765,0.0449076408866384,0.140969659124979,-4.57503346579077,"RABGGTB",0.070003616893791,1.3476797589392,""
"SERPINB3",0.109667635225684,12.8689114799154,0.592090715746947,0.555300060625076,0.722630913856785,-6.46734391357813,"SERPINB3",0.358848691010822,0.255472279113181,""
"NDRG2",0.10966384860108,16.4045497568287,2.29500909144611,0.024019658366336,0.0915430064865944,-4.11054659139498,"NDRG2",0.0454590129193117,1.6194331738969,"+"
"STARD10",0.109596529563344,9.62490279247299,0.757939172945879,0.451815237574845,0.637255152996804,-6.0666600980902,"STARD10",0.316452248454631,0.345039126485417,""
"ARPC3",0.109464526829998,12.6385217528157,2.93319863297422,0.00423960161986758,0.0269416812473181,-2.57005098954191,"ARPC3",0.013378872760413,2.3726749505822,"+"
"HYCC1",0.109423530459213,9.74446725843809,1.34870583525344,0.181750019262071,0.359734499451034,-5.64468737469404,"HYCC1",0.178639263507928,0.740525534441905,""
"PCBP2",0.108923946082409,13.0868866970391,2.97511474382741,0.00374581275763759,0.0247933010701832,-2.45780153442376,"PCBP2",0.0123120163616966,2.42645393554518,"+"
"HNRNPA3",0.108909433626257,13.772679886472,3.44677881197186,0.000858918757778246,0.00848848675790501,-1.10729024382812,"HNRNPA3",0.00421526716242948,3.06604791267307,"+"
"ACADVL",0.10855968061631,17.397977393642,2.52649999263783,0.0132391274181783,0.0612978015840049,-3.58929124130888,"ACADVL",0.0304396552077492,1.87814063800495,"+"
"ATP5PF",0.108354725990941,17.7042968540174,1.75257175287305,0.0830264608195496,0.213603085016902,-5.15400628891194,"ATP5PF",0.106072389077697,1.08078347441325,""
"ANXA5",0.108093363780612,15.8591359294627,2.38606458488745,0.0190907286371213,0.0788386574553166,-3.91076744017381,"ANXA5",0.039150205846989,1.71917749554336,"+"
"EIF3E",0.108001560324085,10.6143189090821,1.34870035193567,0.180955039091508,0.358705559109687,-5.73676782422133,"EIF3E",0.178128305718079,0.742429318501268,""
"SRPRB",0.107989518086161,10.5456748944809,1.86905022663804,0.0648157959466123,0.180176596685733,-4.95162282084914,"SRPRB",0.0894732492502722,1.18831914140623,""
"ITGB1BP2",0.107872230433185,11.5434195378016,2.17612760703375,0.0321223451726462,0.110918844897354,-4.36093748510595,"ITGB1BP2",0.0550807909495778,1.49319275547432,""
"MLEC",0.107864284927978,11.1546797700127,2.11349626831599,0.0372807260913872,0.12438482069606,-4.48803357613775,"MLEC",0.0617678115238274,1.42851563777696,""
"ARF1",0.107492862624015,14.5833007180893,2.75671128036043,0.0070480034426678,0.0383293697660074,-3.02812110064889,"ARF1",0.0190338441160676,2.15193389246047,"+"
"NEK9",0.10748690835699,11.4705607115691,1.52024879987752,0.133191500538163,0.296141846813324,-5.36748052962109,"NEK9",0.147060016454748,0.875523488282457,""
"SYNCRIP",0.107207452635695,14.0856534002995,2.87449166926114,0.00503245061942545,0.0305572107526977,-2.72505151644033,"SYNCRIP",0.015174295576456,2.29822047790305,"+"
"LAMB1",0.107152477611777,13.698541976373,2.46786753327606,0.0154517866245356,0.0677137927613441,-3.72546153692705,"LAMB1",0.0336257492308198,1.8110212977073,"+"
"RBM8A",0.107034473375274,11.1758430241978,1.62371087727411,0.107917019575436,0.253932822744826,-5.3591397126109,"RBM8A",0.126099588737942,0.966910057404127,""
"LYPLA2",0.106990153976803,13.0788000100834,2.07729194836682,0.0405780499270722,0.130964742219582,-4.55996930281179,"LYPLA2",0.0650353111289408,1.39170882783647,""
"MT-ATP8",0.106955584533596,16.738100209679,2.51970313526074,0.0134801570807668,0.0618671973520514,-3.60521890859872,"MT-ATP8",0.0307224094078706,1.87030504705049,"+"
"CTSH",0.106558545549642,11.4663242184147,0.760182850128575,0.449213120700278,0.635461403715201,-6.34266786806027,"CTSH",0.315561496939076,0.347547567271419,""
"NME2",0.106433009768754,16.1250761751512,3.13198805531154,0.00233216822516446,0.0179492355336596,-2.02620736137436,"NME2",0.00891334642953732,2.63224012602897,"+"
"GSTM1",0.106171011902426,13.0390279777863,0.487234135491778,0.627258091420563,0.77743550236321,-6.53798226735014,"GSTM1",0.386063904849314,0.20255372772298,""
"CHID1",0.106094938885445,10.7838704956017,1.39251319370597,0.167180229336961,0.341997528393812,-5.69720160218253,"CHID1",0.16983132473264,0.776815083341661,""
"GET3",0.105824689141771,13.6638790471885,3.84722035935896,0.00022219114135925,0.00307632759002711,0.156353908019613,"GET3",0.00152766247282425,3.65327326013632,"+"
"SIRT2",0.10545095109809,11.8559167481036,2.56617346543185,0.0119264275552887,0.0568737793235565,-3.49211023443706,"SIRT2",0.0282427458772424,1.92348962551399,"+"
"PGRMC2",0.105312710095636,14.2816144953637,2.36088047580277,0.0203550882823911,0.0817054383996258,-3.96670976155532,"PGRMC2",0.040573810303363,1.69132700969469,"+"
"ILVBL",0.105021894871069,13.7210876378076,2.00626508731296,0.0478142978991261,0.146093579721637,-4.6935392045935,"ILVBL",0.0725480862261929,1.32044221698227,""
"RGN",0.104998784338922,10.5614349205287,1.25538873825852,0.212799560782519,0.395935626284208,-5.84380162083182,"RGN",0.196616251107127,0.672029272758218,""
"TNKS1BP1",0.104680490693879,10.124976620158,0.71493538074157,0.477943333639445,0.659819650390486,-6.02531590124362,"TNKS1BP1",0.327657471200809,0.320623591560582,""
"PCCB",0.104605861865702,13.8881612776494,2.65569149720873,0.00933700178997937,0.0470296083129717,-3.27951933255059,"PCCB",0.023354264339162,2.02979255793534,"+"
"MMGT1",0.104549468548853,11.6941898192488,0.808206285287775,0.422921121001049,0.608982687707967,-5.77795401433861,"MMGT1",0.302412526425027,0.373740625316194,""
"FAHD1",0.104299759500731,13.2755342486885,2.51555699230073,0.0136291156036041,0.06219911675148,-3.61491663830773,"FAHD1",0.0308872360707245,1.86553232471823,"+"
"HMGCL",0.104143380709717,11.6911968849452,2.01429629964222,0.0469156415623963,0.144329738147609,-4.68244093599868,"HMGCL",0.0716721864717635,1.32868234040392,""
"PHB1",0.104080662060031,15.6984118326204,2.74503764417662,0.00728347328908266,0.0390907012106946,-3.05757844675212,"PHB1",0.0194119109647349,2.13766146813739,"+"
"NT5DC1",0.104058167562171,12.350104544966,2.11384129638907,0.0372504517989901,0.12438482069606,-4.48734260956781,"NT5DC1",0.0617678115238274,1.42886845546285,""
"EEF1D",0.103972815831406,13.7605890871331,2.78680168980687,0.00647273374965936,0.0366617958477903,-2.95170501426131,"EEF1D",0.0182057495712021,2.18891225694498,"+"
"YWHAB",0.103914191359468,13.9423005020332,2.7111865632388,0.00800742114786273,0.0418119063240252,-3.1424002059023,"YWHAB",0.0207632244418721,2.09650732930688,"+"
"DCAF11",0.103497838674468,11.5147850449578,1.60478034937689,0.112066495057698,0.261549328041827,-5.38417253635867,"DCAF11",0.129881841757424,0.950524210656827,""
"CD93",0.103446477705667,10.9850645616392,1.10871557139407,0.270983141831669,0.460912572397367,-5.97360155325979,"CD93",0.228882919487175,0.567057726237081,""
"SNAP29",0.103293645880591,11.8062372173224,1.92361642191689,0.0575469875927174,0.166932860769968,-4.84832348335762,"SNAP29",0.0828965899815721,1.23997740541562,""
"NOL3",0.103132074159107,14.8167673414747,2.17159207077648,0.0324738313145366,0.11199759391993,-4.37025369494372,"NOL3",0.0556164830536072,1.48846646959383,""
"NIPSNAP3B",0.103075744723228,15.2081987840149,1.08768625029046,0.279591466426666,0.470207781609185,-6.07141174817005,"NIPSNAP3B",0.233498794056573,0.553476088077884,""
"PPP1R14B",0.102877677020901,10.5078360178425,1.20860897749833,0.230853132569723,0.412999424434973,-5.80910052419988,"PPP1R14B",0.205089901365726,0.636664227898569,""
"PABPC4",0.102623148100709,12.8617962493123,2.43688348847287,0.0167499464950458,0.0719720339652194,-3.7962928696198,"PABPC4",0.0357403339416558,1.77598657590734,"+"
"PRR33",0.102468349048874,13.118071067003,1.45052320789975,0.150371107439926,0.323061164859692,-5.61701501815167,"PRR33",0.160427783953493,0.822835601808315,""
"HSDL2",0.102390864280148,16.3129998563986,2.45338612453454,0.0160468873529738,0.0697881322513244,-3.75866428195737,"HSDL2",0.0346558380305345,1.79460919606443,"+"
"MRPL12",0.102346313807649,12.9496527629053,1.8543346145027,0.0669135909477406,0.183324499922462,-4.97785819565969,"MRPL12",0.0910364552165101,1.17448566288785,""
"CCDC28B",0.102079687961459,10.4699902598237,1.00146828214268,0.320287755176875,0.513679186534373,-5.98142710559913,"CCDC28B",0.255086102950608,0.494459664398203,""
"PAM16",0.10201031148729,11.770382959195,2.08638809623036,0.0398889649082031,0.129734950325455,-4.52025112163281,"PAM16",0.0644246131876253,1.3991472331935,""
"CFL1",0.101894347541443,14.9907507219383,2.2967733433577,0.0239143882362773,0.091384848913561,-4.10674125216073,"CFL1",0.0453804740179608,1.62134072451425,"+"
"FBLN2",0.101781441044229,10.4157687018722,0.981684006314882,0.328902797018476,0.5228149840571,-6.16967406851111,"FBLN2",0.259622815841665,0.482932433222956,""
"CKMT2",0.101752925118863,19.6828262926109,1.80909768882898,0.0737210273148756,0.1959977706684,-5.05730300801222,"CKMT2",0.0973298292346979,1.13240862144438,""
"CLUH",0.101613497759979,12.5579840854659,2.82575488800371,0.00579181206711096,0.0339454670436401,-2.85174704609876,"CLUH",0.0168568576029331,2.23718553858246,"+"
"TACO1",0.101420690746484,13.5198451540314,2.01329076714975,0.047023308158303,0.144329738147609,-4.68436792227522,"TACO1",0.0716721864717635,1.32768682088616,""
"MRPL48",0.101399588988468,11.392286196236,1.43867071668372,0.153694577935743,0.327267680429394,-5.63365261908423,"MRPL48",0.162516682417369,0.813341453346859,""
"DDAH1",0.101367044291803,15.1252538212333,1.52454315515038,0.130823360173251,0.293179940251121,-5.51478548901727,"DDAH1",0.145589173909319,0.883314700289209,""
"DUSP22",0.101294089165141,10.7153175141109,1.41856596362897,0.159748779905751,0.333883362556882,-5.62664230304338,"DUSP22",0.165801940252412,0.796562450116187,""
"DDOST",0.101111912718343,13.7682781776189,1.67404751391942,0.0975753873221104,0.238000902183122,-5.27904574418659,"DDOST",0.118188013507452,1.01065971612643,""
"FUBP1",0.101099574239153,12.4731190781908,2.04452462984746,0.0437760017584713,0.139190433605236,-4.62410196176809,"FUBP1",0.0691200776809925,1.35876390685049,""
"PHYKPL",0.101041884592775,12.845887632773,1.86743657722317,0.0650431052525468,0.180402571385869,-4.95450904622026,"PHYKPL",0.0895854652152836,1.18679873306815,""
"NEXN",0.100991073181852,13.6995005253437,1.92610428938221,0.0571968055668712,0.166253595085855,-4.8480951072389,"NEXN",0.0825592758743034,1.24262822581224,""
"RPS15A",0.100798017215508,13.2512598397804,1.85039251082239,0.0674851139000984,0.184026961405977,-4.98485366254079,"RPS15A",0.0913852880425231,1.17079201478412,""
"ALDH7A1",0.100710430159244,13.3174372621334,2.53946796125105,0.0127899759482689,0.0597978320844026,-3.55879909748837,"ALDH7A1",0.0296947907393643,1.89313027221751,"+"
"SVIL",0.100678300675518,12.6250621300985,2.378740642632,0.0194510282664514,0.0797519985860513,-3.92709033492804,"SVIL",0.0396037586398819,1.71105743502507,"+"
"TMED2",0.100548314930565,9.51665550739899,0.940388635552751,0.350100010597717,0.539455177619923,-6.11738161748627,"TMED2",0.26788610981883,0.455807876088638,""
"PDIA6",0.100357140363449,13.4421211308984,2.76894812693378,0.00680864981393925,0.0378904667315532,-2.99712933858295,"PDIA6",0.0188158908340056,2.16693900210963,"+"
"ENDOD1",0.100294671945067,14.5728111407923,3.03245818538084,0.00315605721366252,0.0220327137059445,-2.30212665205332,"ENDOD1",0.0109411461939771,2.50085513241043,"+"
"C8A",0.100192587283288,12.5608368080739,1.08765452212474,0.279605403242918,0.470207781609185,-6.07144562403608,"C8A",0.233498794056573,0.553454440308653,""
"DDX1",0.100173156845909,14.4683156904526,3.54625667525975,0.000618408273333213,0.00656428930138144,-0.802816507313941,"DDX1",0.00325973685604587,3.20872470887155,"+"
"SSBP1",0.0997393673581364,13.5542603767636,1.95084383338858,0.0541364144042314,0.159133296084643,-4.80231286881339,"SSBP1",0.0790234321576909,1.26651051206799,""
"WASHC2A",0.0997369829780039,10.4115296742324,1.51495438405734,0.133751566970784,0.296926406613684,-5.4677718786719,"WASHC2A",0.147449618189161,0.873701121285962,""
"PDCD5",0.0997117286745688,13.3115632142961,2.41293322325191,0.0178191984802184,0.0752132884304949,-3.85050718006522,"PDCD5",0.0373498968593137,1.74911183472378,"+"
"UBR3",0.0994096845771981,10.8108267539173,1.81278035265619,0.0731461154074269,0.194867801448225,-5.05090367006634,"UBR3",0.0967687018766414,1.13580873313287,""
"MYORG",0.0993619453806387,10.2675228310715,1.16017549856107,0.249785359217077,0.434923960823901,-5.88099562970607,"MYORG",0.215977328174242,0.602433020715986,""
"CBR4",0.0989656790714886,12.4074422834641,1.56886463620711,0.120170725069804,0.275087298762028,-5.44378325203666,"CBR4",0.136604614031251,0.920201318432658,""
"COL15A1",0.098946420628728,14.5104837170258,2.58947885846337,0.0111834109840402,0.0540500099161203,-3.43994338240791,"COL15A1",0.0268405003655375,1.95142571473121,"+"
"RTCB",0.0985274374348784,13.5714072275855,4.06729726861922,0.000100666334020112,0.00170715806687361,0.894769225242396,"RTCB",0.00084775149512573,3.99711574686319,"+"
"NID2",0.098261028067502,14.2365925584198,3.11632708667457,0.00244692608099527,0.0183583511731216,-2.07009955787452,"NID2",0.00911650769606749,2.61137915001918,"+"
"HNRNPA1",0.0981390799486404,14.4645799884829,2.37002703775787,0.0198875482231245,0.0805052446433259,-3.94645274323999,"HNRNPA1",0.0399778103950434,1.70141875427125,"+"
"BAG6",0.0980948895015574,12.4986049115776,2.21867975593875,0.0289829472885784,0.103961360361784,-4.27268312115061,"BAG6",0.0516257986838967,1.53785745302349,""
"OSTF1",0.0980459259203306,9.08910740921573,0.997090545169888,0.322506989610953,0.515795218875553,-5.99310099986389,"OSTF1",0.256136895853608,0.491460868574224,""
"SCRN2",0.0976866644305874,12.9360179312958,1.60605505204509,0.111708874984546,0.261549328041827,-5.39125845930741,"SCRN2",0.129881841757424,0.951912321927346,""
"SYPL1",0.0972820253799211,11.4005360845785,1.02779708992058,0.307124947900516,0.497337328668906,-6.06993228396086,"SYPL1",0.246970958426262,0.512684904183886,""
"MAP2K3",0.0972664622401709,12.1075216732155,2.39998618056381,0.0184221747370295,0.0770773033523015,-3.87961854448149,"MAP2K3",0.0382755413368588,1.73465910266568,"+"
"CPT1B",0.0971461089070553,13.4307368473945,2.07407760299573,0.040882590853695,0.131355947742926,-4.56630147637461,"CPT1B",0.0652295784752114,1.38846158944358,""
"HEXB",0.0967123213042216,13.1698489232118,1.36395622865333,0.176689922728802,0.353133415997732,-5.63512320409249,"HEXB",0.175361255176084,0.752788219186362,""
"RABEP1",0.096597215161192,10.7357858541756,1.66695362649826,0.0989443758171947,0.240725450842173,-5.29500845003926,"RABEP1",0.119540987343954,1.00460888686411,""
"NARS1",0.0964874475245834,14.4417132395351,2.7588040154079,0.00700653254404353,0.0382489948023405,-3.02282912291112,"NARS1",0.0189939310014349,2.15449685643457,"+"
"OTUD4",0.0963985685121962,9.777519280225,1.04239766525087,0.300067581783167,0.490429580389524,-6.10422553272285,"OTUD4",0.243540664509471,0.522780921646728,""
"TRIAP1",0.0962674036063866,11.5834206496222,1.4387899474014,0.153699336307733,0.327267680429394,-5.62841167915278,"TRIAP1",0.162516682417369,0.813328007832144,""
"ERP44",0.0959502683494176,12.3769115083892,2.26582673597142,0.0258211310438596,0.0961252823886482,-4.17311265364198,"ERP44",0.0477345088575166,1.58802473823735,"+"
"RPL10A",0.0953609270655296,13.0484492208577,1.68270864014132,0.0958422249619887,0.235222359019147,-5.26955917707815,"RPL10A",0.116808226733609,1.0184431127605,""
"ACTN1",0.0953422479757933,15.0740563075171,2.43020063470479,0.0170423879090359,0.0730096916999953,-3.81146754211688,"ACTN1",0.0362556206706088,1.76846955375593,"+"
"UGDH",0.0953212304787954,17.0836946475258,1.43368742374101,0.155071153080311,0.328741981045301,-5.64526169580794,"UGDH",0.16324880006696,0.809468983767484,""
"UFC1",0.0952550633705389,11.5656367812677,1.27357728397066,0.20699824192528,0.38886310521021,-5.6811427387342,"UFC1",0.193104133259849,0.684033343071547,""
"ATP2B1",0.0951349948389346,11.8244175767453,1.57894366114066,0.117918095249656,0.271885165716423,-5.4191595401108,"ATP2B1",0.135014478278928,0.928419544658403,""
"FSD2",0.0949707549144705,13.2207967850586,2.81849184166664,0.00592618715343323,0.0345915527123007,-2.86755295192418,"FSD2",0.0171776949654565,2.22722463729406,"+"
"SARNP",0.0949678719865652,11.6290176032149,1.31953891078608,0.190554484696287,0.369996585458097,-5.76475072847299,"SARNP",0.183735275953646,0.719980825658904,""
"NCK2",0.0948207710503066,11.4558351574869,1.14755649779609,0.254729370903984,0.441691399777272,-5.92278095517748,"NCK2",0.21933794638659,0.593920976959731,""
"RPL24",0.0948132930193291,13.476415920596,1.36341957300828,0.176133697947731,0.352759733276169,-5.7362378527183,"RPL24",0.175175689415036,0.754157546743162,""
"FIS1",0.0947255834284642,13.9899927705046,1.85256677830819,0.0671693875272692,0.18351521892579,-4.98099701817488,"FIS1",0.0911311636816239,1.17282861172423,""
"PDAP1",0.0945493041947412,13.5170140017821,1.94243102302595,0.0551611552469259,0.161483014236659,-4.81794164740927,"PDAP1",0.0801902702584789,1.25836664691766,""
"MLIP",0.0945037610173154,13.2357999017638,2.19058394517555,0.0310240599992815,0.108565269789915,-4.33112681509909,"MLIP",0.0539120375371443,1.50830136835654,""
"HARS1",0.0943311476143416,12.1789229750175,2.98452783388271,0.00364249027014427,0.0246091160579989,-2.43241388650056,"HARS1",0.0122205525877855,2.4386015996481,"+"
"AS3MT",0.0941759250632703,12.3276483413162,1.72548877582719,0.0878537502771516,0.223415127146687,-5.19482460588927,"AS3MT",0.110944915850215,1.05623969472749,""
"VWA8",0.0940636067375893,12.1591434073543,1.67634695720137,0.0970851766945269,0.23745809728685,-5.27986235590982,"VWA8",0.117918463972874,1.01284707463586,""
"GUSB",0.0938941676092577,11.4856502145741,1.81503474051601,0.0728322855351433,0.194841516638693,-5.04254505116463,"GUSB",0.0967556491974481,1.13767606132506,""
"HSPA12A",0.0936101769453783,10.9172929143853,1.83287946110939,0.0701841914104056,0.189447683880824,-5.00121328845105,"HSPA12A",0.0940771451539909,1.15376069921473,""
"DCTN2",0.0935046628832152,13.8995774704774,3.28957690170676,0.00142562248682622,0.0123788031867044,-1.57481016237151,"DCTN2",0.00614714543019098,2.84599546297925,"+"
"MRPL44",0.0934922003949259,11.9772821625581,2.20280408977258,0.0301213597369349,0.106841357680762,-4.30578913561453,"MRPL44",0.0530559662123156,1.52112542712875,""
"ACAA2",0.0934337804048182,15.6218970388671,2.0356239779237,0.044681168954878,0.140875940841233,-4.64136204879772,"ACAA2",0.0699570776677473,1.34987547333592,""
"RPL22",0.0933741271000397,12.899083765196,1.8813143146011,0.0631098783990918,0.17707994348927,-4.92961153579926,"RPL22",0.0879354933575241,1.19990265662849,""
"HLA-A",0.0933570775638008,12.3832269623729,1.5450497266616,0.125787211929295,0.284209563917115,-5.48428271537857,"HLA-A",0.141134606932448,0.900363508897449,""
"RPS27A",0.0933152168317726,16.9599407435015,2.38173432231485,0.0193030314904402,0.0794863336948297,-3.92042365392617,"RPS27A",0.0394718330653814,1.71437448082727,"+"
"GARS1",0.0932080348236193,13.9407874349032,3.39929699223914,0.00100259038895485,0.00954625931808836,-1.25028081053267,"GARS1",0.00474054264031221,2.99887646294248,"+"
"MDH2",0.0929995190120696,20.153194911451,1.87469287362074,0.0640261670125874,0.178940582353852,-4.94151207047169,"MDH2",0.0888594613309334,1.19364249685004,""
"TNFAIP2",0.0927577469200278,10.44930034219,1.17845337115362,0.242471061901835,0.425736383368402,-5.86101625446534,"TNFAIP2",0.211414902072278,0.615340085541196,""
"PTRHD1",0.0923827251455283,12.6176979146003,2.27447166886291,0.0252754706520518,0.094698692314596,-4.15465253585903,"PTRHD1",0.0470260836146075,1.59730074870686,"+"
"EEF1G",0.0922014243247062,15.7354007677785,2.77816157013242,0.00663335929643083,0.0372768779285701,-2.97371851364584,"EEF1G",0.0185111909733337,2.17826647846957,"+"
"PPP6C",0.0918133782692685,9.51300019702424,1.08797835803471,0.279893396868552,0.470207781609185,-6.00064108391114,"PPP6C",0.233498794056573,0.55300734711218,""
"ANXA4",0.0918104731928437,12.5556908893572,2.03577631952827,0.0446655423415312,0.140875940841233,-4.64106720639428,"ANXA4",0.0699570776677473,1.35002738831786,""
"PPP2R2A",0.091654879883956,13.4814961597311,2.25038597537798,0.0268215377522307,0.0986784688034571,-4.20592828241874,"PPP2R2A",0.0490023865324017,1.57151632647832,"+"
"TAF15",0.0916166752308305,13.5009930074803,1.39146407512251,0.1674597288089,0.342080957067932,-5.70329225321412,"TAF15",0.169872754278382,0.776089616441314,""
"GMPR2",0.0914103704388083,10.4923479458204,1.06019558705437,0.292528716347843,0.482941993694077,-5.99948165779283,"GMPR2",0.239822430715471,0.533831494575791,""
"RPL17",0.0912109102417329,12.1476645357502,0.831821940112504,0.407699752093495,0.594260669072708,-6.30832729627508,"RPL17",0.295101772048213,0.389659552625498,""
"IPO7",0.0911586399078548,12.0966437039479,2.11925889767364,0.0367778694943766,0.123425496453025,-4.47647972615302,"IPO7",0.0612914241422927,1.43441343261929,""
"ACO2",0.0907114073219297,17.968518751689,1.96839370929478,0.0520506136243465,0.155392769424351,-4.7695101969085,"ACO2",0.077165937453274,1.28357414622843,""
"TBCA",0.0906694377824797,11.8676281053277,2.37998719364443,0.0193892812588522,0.079612722188926,-3.92431526519705,"TBCA",0.0395345958738852,1.7124382894824,"+"
"CYRIB",0.0906693301683674,12.7474404907305,1.8658540424239,0.0652666803506742,0.180603029046144,-4.95733737849067,"CYRIB",0.0896850097650853,1.18530847619705,""
"CTSA",0.090559598302967,11.2777740461269,0.714088972952586,0.477095404438221,0.659284199189943,-6.37824254329952,"CTSA",0.327391573411591,0.321394766708176,""
"SLMAP",0.0905495260694051,13.8471384576898,2.00474348695753,0.047947061309872,0.146187529483078,-4.70071228226461,"SLMAP",0.0725947404009138,1.31923800571995,""
"KPNA3",0.0902295759836962,14.3831914836001,2.219783972628,0.0289051849099457,0.10391101307212,-4.27037253710369,"KPNA3",0.0516007969040871,1.53902424804593,""
"COX7A2L",0.0901126717316005,10.2825930553926,0.906052332566466,0.367995853719757,0.558620824555521,-6.12584965498846,"COX7A2L",0.277403509619107,0.434157074578587,""
"MRPL46",0.0898851795960107,11.6110587675622,1.85379834370545,0.0670267883722886,0.183324499922462,-4.97440574658076,"MRPL46",0.0910364552165101,1.17375158958149,""
"PPP1R3A",0.0896354261051995,13.1110903377366,2.2012127139777,0.0302375999991049,0.106988841478314,-4.3090959177757,"PPP1R3A",0.0531292046618231,1.51945268236755,""
"MAVS",0.0894920019503687,11.63985934926,1.44408310093275,0.152132281537368,0.325141422707677,-5.63071986927562,"MAVS",0.161460811729361,0.81777862154204,""
"PHKA1",0.089340552387811,14.4219055609002,2.02612031163306,0.0456653295070506,0.142567357698483,-4.65971567879842,"PHKA1",0.0707970122921026,1.34041340426862,""
"LONP1",0.0892290430530176,14.2386184730651,2.72229331278163,0.00776297127740373,0.0409233424366487,-3.11466794228073,"LONP1",0.0203219756912993,2.10997202070096,"+"
"POFUT1",0.0892048489659754,11.3058535479458,1.68549394465471,0.0954176314868935,0.234735563812392,-5.25121081563769,"POFUT1",0.116566490849654,1.02037136795881,""
"UBE2A",0.0891111743799655,11.6445643176007,1.44407871299372,0.152133512857988,0.325141422707677,-5.63072602843652,"UBE2A",0.161460811729361,0.817775106485398,""
"LMAN2",0.0890697338911011,10.6179869143996,1.88451824519338,0.0628939514393947,0.176967591788331,-4.89440031432115,"LMAN2",0.0878797010297373,1.20139111898722,""
"PPT1",0.0887325915246624,12.4146651550289,0.834384210910156,0.406311951071096,0.593399940993977,-6.29636390864231,"PPT1",0.294674346181915,0.391140403349452,""
"RPS11",0.0884347768316465,12.9573369484919,1.4124647691002,0.161206634488819,0.335168775905361,-5.67463691087864,"RPS11",0.166440259052044,0.792617088693505,""
"TKT",0.0882540478415841,12.0545753228573,1.40177986267438,0.164402676240738,0.338489992892209,-5.68460237774688,"TKT",0.168089530271195,0.784091117044603,""
"ANP32A",0.0882266568554337,10.0261023305146,1.01995110109606,0.31080842994362,0.501563603726585,-6.08199225435108,"ANP32A",0.249069669183328,0.507507210500636,""
"PPA2",0.0878046445301006,14.4619185816306,2.09346267608593,0.0390754491592456,0.127842736632874,-4.52797837306674,"PPA2",0.0634849655837451,1.40809602120997,""
"PACSIN3",0.0876127619847535,15.173951022287,2.27671303845979,0.0251356639055222,0.0946633544720455,-4.14985615843099,"PACSIN3",0.0470085353222507,1.5997096393121,"+"
"CAP1",0.0874217605712619,11.9701403645184,1.77606904421859,0.0790469456606518,0.206516450559187,-5.11415509947434,"CAP1",0.102553262715872,1.10211490635608,""
"FAM136A",0.0870807044842667,12.0974353358886,1.44654558806196,0.151442486982256,0.324468753620005,-5.62726056394268,"FAM136A",0.161126773402234,0.819752267019683,""
"DDAH2",0.0869521394140831,10.2425990168626,0.971641185706727,0.334140794648005,0.526758810484698,-6.13165388526257,"DDAH2",0.26158126644761,0.476070498893554,""
"FKBP4",0.0868004663187429,12.0218925555868,1.92452735422791,0.0573967424552754,0.166665718213596,-4.85099510502894,"FKBP4",0.0827639306186402,1.24111275522997,""
"MSI2",0.0866882643223787,12.5754473364923,2.10883703723429,0.037691637054556,0.125463683854074,-4.49735433099074,"MSI2",0.0623035603059638,1.4237549995013,""
"F13A1",0.086683822849519,11.6586043950056,1.29023048906666,0.200450526092287,0.382147870676361,-5.8068577514138,"F13A1",0.189769439052759,0.697992799584686,""
"ILKAP",0.086561965346581,10.1766866001522,1.40473777408094,0.163947834713438,0.33828257328201,-5.63152181440946,"ILKAP",0.167986528511677,0.785294314756834,""
"PRKCSH",0.0863703866509216,13.5884373389969,2.37697435708572,0.0195388189488058,0.0799975072961107,-3.93102024223505,"PRKCSH",0.039725674928747,1.70910169136025,"+"
"SARS2",0.0863444721941411,12.8070659472466,2.21816008522115,0.0290196074165018,0.103962743569618,-4.27377018060828,"SARS2",0.0516264855661084,1.53730846708781,""
"PPP2CB",0.0860155584784064,14.5995180706554,2.35351766884117,0.0207385024707654,0.0826211234376324,-3.98296601074348,"PPP2CB",0.0410285270487526,1.68322260726058,"+"
"GNAI2",0.0859794634332092,14.070302984624,2.64698894603401,0.00956278115672508,0.04799812748717,-3.30080241685577,"GNAI2",0.0238352177985498,2.01941578289514,"+"
"CLIC5",0.0856668748306486,13.521177583933,2.13636838177811,0.0353193201015705,0.119651502850001,-4.44200826202675,"CLIC5",0.0594173102089431,1.45198766520144,""
"CDC34",0.0856115212210895,11.872920396385,1.24737877368531,0.215442983784743,0.398322278395342,-5.88876384188142,"CDC34",0.197801430110067,0.666667644779077,""
"NDUFA7",0.0854699667422834,15.6935742648452,1.24829549070531,0.21510875089597,0.397999793458908,-5.88764553080587,"NDUFA7",0.197641288473319,0.667341921604511,""
"DDB1",0.0854464676546236,15.009999580502,2.75737438424679,0.00703483879289846,0.0383293697660074,-3.02644465168161,"DDB1",0.0190338441160676,2.15274585020604,"+"
"VPS29",0.0853676765084721,12.4624987219269,1.97579204840461,0.0511920139977169,0.153468945729557,-4.75560112176197,"VPS29",0.0762105927518857,1.2907977840874,""
"NCKAP1",0.0851365022391111,10.8621889645666,1.25277532640768,0.21351606944852,0.396075763779584,-5.87745433320552,"NCKAP1",0.196685841482812,0.670569433940157,""
"AIMP1",0.0850000137605535,13.5629002059913,3.53429593021081,0.000643529196905904,0.00668244448671131,-0.839772119833309,"AIMP1",0.0033184111153098,3.19143174438124,"+"
"PSMD7",0.0849768774179269,13.17147641396,1.96388120560061,0.0525802911375615,0.156322732780344,-4.77797032185235,"PSMD7",0.077627744617328,1.27917701353041,""
"RDH14",0.084975948882831,11.4517620803942,1.33376925347362,0.185591225711227,0.363322713721569,-5.77989713871847,"RDH14",0.180421121949571,0.731442559988243,""
"PPP1R7",0.0847038348646532,12.6333430441278,2.56076067383854,0.012082154430527,0.0571611982186428,-3.50843963935986,"PPP1R7",0.0283854741944175,1.91785561754737,"+"
"COMMD3",0.0845320863134127,12.7414341080445,1.68379115099354,0.0956696830670831,0.235153783593705,-5.263276641478,"COMMD3",0.116774173109299,1.01922566475845,""
"KPNB1",0.0844441445193258,14.2454772309837,2.89773607804156,0.00470350476465042,0.0293048796858437,-2.66399115754819,"KPNB1",0.0145524049882798,2.3275784116985,"+"
"KLC1",0.0837732053713864,12.0430126494478,2.24600284962223,0.0271116501293423,0.0993631576351599,-4.21520704450734,"KLC1",0.0493423937010612,1.56684404862171,"+"
"PEA15",0.0836118082527975,12.7514525184925,1.66660156765334,0.0990523954482726,0.240766603325451,-5.29103833880395,"PEA15",0.119561423107873,1.00413501717352,""
"MECR",0.083554897321128,14.444575856439,2.09906988400742,0.0385657571549561,0.127191553516806,-4.51683295994875,"MECR",0.063161596898115,1.413798137788,""
"OSBPL1A",0.0830372367563932,12.5825849724139,2.12015512520869,0.0367001931998755,0.123309207163943,-4.47468026648094,"OSBPL1A",0.0612336764617474,1.43533164949671,""
"CAPZA1",0.0829811245156566,13.0865248277964,1.69042397844371,0.0943522014289112,0.233000156914895,-5.25701450085899,"CAPZA1",0.115704711369152,1.02524796240658,""
"MT-CO1",0.0828915754539672,15.5097025636583,0.774779775718924,0.440468099038626,0.62711454140323,-6.35836609723279,"MT-CO1",0.311416558551771,0.356085539949286,""
"FMC1",0.0823015425532043,12.1517660406621,0.947825100808887,0.345890782207983,0.53664567290074,-6.17972982110621,"FMC1",0.266490947957449,0.461061011531605,""
"S100A1",0.0821638653118502,16.949291158558,1.36608165573748,0.175299638264932,0.352605894201275,-5.73269885049826,"S100A1",0.175099295021171,0.756218980082509,""
"MAPRE1",0.081768120567145,12.0420968992448,1.83845426966148,0.0692408649431192,0.187742969656556,-5.00595450878008,"MAPRE1",0.0932306072378901,1.15963751564243,""
"SNTA1",0.081736074413528,14.5121144474711,1.99160530996447,0.0493971853179671,0.149289233481996,-4.72571145847436,"SNTA1",0.074135004453519,1.30629779673832,""
"SCFD1",0.0817328974786227,13.0249054924136,2.23831185266872,0.0276545177255992,0.101094193624448,-4.22745009263147,"SCFD1",0.0502020026479486,1.55823391090436,""
"COA1",0.0817173175460066,12.3771894102383,1.31437723818688,0.192235767019237,0.371430830725357,-5.77230316892235,"COA1",0.184447502661466,0.716165805148534,""
"MYL9",0.0813982753933358,12.7198822205493,1.1442774631418,0.255527151028869,0.442769537393433,-6.00471764618807,"MYL9",0.219873334874503,0.592562947131857,""
"PARVB",0.0812561605057285,11.5769630255476,1.24576724351122,0.216066529351607,0.398613640329514,-5.88601106403312,"PARVB",0.197946116486865,0.665412504027135,""
"LYPLAL1",0.0812361601118186,13.6984743202515,1.9913146153841,0.049429689066053,0.149289233481996,-4.72626288779304,"LYPLAL1",0.074135004453519,1.30601212142921,""
"LACTB2",0.0810964420621874,12.4500158188669,1.40727404653393,0.162735275980079,0.336993714565683,-5.68175784757885,"LACTB2",0.167346498789196,0.788518295232147,""
"MRPS27",0.0810620303908012,12.1983032516799,1.34167562000948,0.183059269959887,0.360622280443743,-5.76489646190202,"MRPS27",0.179080123483648,0.737408273936283,""
"HNRNPUL2",0.0810002194242863,11.953941812469,1.82694598648084,0.0709693214050051,0.191163604461226,-5.02617545936883,"HNRNPUL2",0.094929247994249,1.14892934739153,""
"ACTR2",0.0809915595392647,11.9172440182274,1.43059825080138,0.15599042736884,0.329875929100889,-5.64490951902151,"ACTR2",0.163811903260608,0.806902052084311,""
"SF3B1",0.0809407591086577,11.502987258055,1.70350200461117,0.0918696616660516,0.229954978458431,-5.23562745283528,"SF3B1",0.114192517132728,1.03682788302431,""
"SLC25A42",0.0809208497370308,11.0053664032025,1.26164004860464,0.210864032700617,0.393448123515605,-5.78298704517313,"SLC25A42",0.195380991038283,0.675997492009063,""
"NAP1L1",0.0807405153807448,13.8419107721274,1.77501863762509,0.0792214139856825,0.206783763645689,-5.11594714911468,"NAP1L1",0.102686006761749,1.10115741034502,""
"JPT1",0.080736497812044,12.3026489836259,1.37366867713289,0.172901969960516,0.349955540894661,-5.72725210357024,"JPT1",0.173783165588348,0.762200058558883,""
"TIMM8A",0.0804641750523318,14.2234220066674,1.66378552967908,0.0995779059180025,0.24144693600761,-5.30009874512571,"TIMM8A",0.119899267071871,1.00183701099708,""
"PTPN11",0.080425756986525,12.4488666983968,2.22599775458923,0.0284984644272242,0.10325739449864,-4.25333547832095,"PTPN11",0.0512762188034052,1.5451785402985,""
"NOS1",0.0803489090509055,12.065689714097,2.17946740172176,0.0318656472970587,0.110298242938853,-4.35406620456274,"NOS1",0.0547726084511869,1.49667725513216,""
"CDC37",0.0802201981287007,12.1956371120995,1.21740561231404,0.226615960470919,0.408222088441014,-5.92016632749381,"CDC37",0.202717541236817,0.644709506209824,""
"ACADSB",0.080212035277138,13.6464013519935,1.47777584166307,0.142902996648169,0.313707144992581,-5.58290061407499,"ACADSB",0.155782704811934,0.844958664042349,""
"COL18A1",0.0801938791005501,11.980903225659,1.30324871918385,0.19576094739491,0.376291666823483,-5.81916015872557,"COL18A1",0.186861327807308,0.708273941861283,""
"MYH9",0.0801354131840304,14.1811023564299,2.50353108786487,0.014069565846034,0.0634362428755612,-3.64296645260153,"MYH9",0.0315015760909604,1.85171930367263,"+"
"HSD17B12",0.0800535540356293,13.7493735655926,1.91015645437102,0.0592461728347791,0.169969500845322,-4.8773224676478,"HSD17B12",0.0844045441739775,1.22733969882706,""
"PLIN5",0.0798850917077782,12.2646478101698,1.12477903099542,0.263658108460523,0.45302406405747,-6.02640370943748,"PLIN5",0.224965593453208,0.578958867967972,""
"UGP2",0.0798574331052961,16.8200389526119,2.57953005915345,0.0114876915799198,0.0553339900303363,-3.46374700654643,"UGP2",0.0274781074405119,1.93976723282819,"+"
"SYNPO",0.0798437398993554,14.5999838429353,2.3056465299408,0.0233910827497642,0.0899850243769451,-4.08756315058713,"SYNPO",0.0446853401771894,1.6309496746695,"+"
"MRPL45",0.0798358867109012,11.3196738011129,1.4501378119018,0.150516845780375,0.32313204494873,-5.61299055587606,"MRPL45",0.160462982042424,0.822414891299098,""
"EEA1",0.0794608337164426,11.6483111173156,2.27401362965581,0.0253041251526779,0.094698692314596,-4.15563219035464,"EEA1",0.0470260836146075,1.59680867309269,"+"
"CYGB",0.0793466079736032,11.9473875020652,1.41382814279832,0.161087482703805,0.335168775905361,-5.63298354152049,"CYGB",0.166440259052044,0.792938205104494,""
"LAMTOR3",0.0792962816325353,12.2277442624902,1.65694143677901,0.101034278601277,0.243693673577003,-5.30205962699425,"LAMTOR3",0.121014966414871,0.995531255111545,""
"RAB6A",0.0790584469010822,10.6981817975089,1.42264920040305,0.158477573873917,0.332604541466739,-5.63035164616637,"RAB6A",0.16516689507868,0.800032186013396,""
"ATAD3A",0.0789875799490458,12.7989471175299,1.92888389569392,0.0568458176710599,0.16554688906411,-4.84297806206455,"ATAD3A",0.0822083352682906,1.2453014822374,""
"CMC2",0.0789364500778076,12.3713283181775,1.10228964801919,0.273227728167343,0.463287341801575,-6.05571769748623,"CMC2",0.230062197699346,0.563475228932648,""
"UBE2G2",0.0788028868485684,11.245681370107,1.44764840540018,0.151172048044983,0.324295725821049,-5.62106240453897,"UBE2G2",0.161040850148782,0.82052850316053,""
"LSM8",0.0787742054640832,11.8809852664026,1.05022655068829,0.296442554865726,0.486321901685845,-6.10129161047037,"LSM8",0.241500847090034,0.528059452457944,""
"SMYD2",0.078698900211374,13.200698896826,1.69538291418543,0.0934420900245041,0.232098994880214,-5.24440472557415,"SMYD2",0.115257206549841,1.02945745623384,""
"CRYAB",0.0786441450663542,19.3982946612198,1.96162614547319,0.0528467018073096,0.156951966196632,-4.78219147260554,"CRYAB",0.0779402133803512,1.27698211207619,""
"DCTN1",0.0785813148302585,12.3722434478372,2.60295163770774,0.0107829498162978,0.0524684790721721,-3.40758253484095,"DCTN1",0.026055133641998,1.96726241598643,"+"
"SF3A1",0.0785807584569103,11.0419323243666,0.932630869505575,0.353637810997075,0.543452324086122,-6.19609375285783,"SF3A1",0.269871038431306,0.451441306358398,""
"RUVBL1",0.0784814752822882,11.6937819062477,2.04020680287616,0.044245185025455,0.139963245345424,-4.62825008668458,"RUVBL1",0.0695038454883843,1.35413398441596,""
"PRKAA2",0.0784589263276754,14.4854344598287,3.01127369041975,0.00336311790519864,0.0230040475329339,-2.35992066581161,"PRKAA2",0.0114234973716888,2.47325790679195,"+"
"PRKAG1",0.0783950832151188,12.4003813608379,1.84657763157711,0.0680420734176696,0.185017630374802,-4.99161022778907,"PRKAG1",0.0918772407888987,1.16722246078356,""
"TPRKB",0.0782447419212176,10.9078035523195,1.01633133156842,0.312900026498148,0.503521322820715,-6.03435645625598,"TPRKB",0.250041845879376,0.504594400075286,""
"GRSF1",0.0781920818437083,12.6760241165615,1.8199261690936,0.0720411947997704,0.193505214897978,-5.03845193841115,"GRSF1",0.0960920599138233,1.14241909303956,""
"TRIM63",0.0781640081532569,10.9845391874549,1.12633704306673,0.263175540073785,0.452466165477784,-5.99860445671967,"TRIM63",0.224688548600576,0.579754477157694,""
"SNRPC",0.0779061439766862,10.5595785844291,0.998585187792539,0.32078203340173,0.514184176582415,-6.1376141220318,"SNRPC",0.255336874145472,0.493789963994468,""
"MICOS10",0.0778539057265686,13.5440490072113,0.756877773325959,0.451068334659361,0.63682849612499,-6.37191275761712,"MICOS10",0.316240376450506,0.345757659635606,""
"PDIA4",0.077762803741213,13.623184546288,1.16116518903722,0.248596106845331,0.433379831033284,-5.99038129604749,"PDIA4",0.215210534305493,0.604505676936647,""
"FLNA",0.0776689754262785,13.3486910214006,2.09573321370341,0.0388683621431741,0.127456208126244,-4.52346849624952,"FLNA",0.0632930207804118,1.41040375952742,""
"SUCLA2",0.0775969632153686,17.4208475455979,1.94808518133268,0.054470644228259,0.159951707334211,-4.80744455554624,"SUCLA2",0.0794298440617272,1.26383748826416,""
"RAB14",0.0773546420337272,13.0691558483571,2.1580322996201,0.0335447037756526,0.115224785085271,-4.39800170054728,"RAB14",0.0572190623276428,1.47437603891011,""
"YARS1",0.0768974229743051,13.1532310981306,1.56014375952322,0.122179362129049,0.279011828320183,-5.46158400778967,"YARS1",0.138553482074082,0.913002146551835,""
"ATOX1",0.0768909217466938,12.6531177765853,1.75508718122646,0.082592709257628,0.212869338788095,-5.14976382353792,"ATOX1",0.105708020672343,1.08305828765454,""
"FUS",0.0766883148242776,12.2167156289318,0.856819110070187,0.393834082072222,0.583020908687493,-6.28279388430233,"FUS",0.289520259793246,0.404686703090187,""
"CALM1",0.0766520770762398,15.6899434004968,1.36258210583774,0.176359829097566,0.352965970805604,-5.74202962604292,"CALM1",0.175278104169312,0.753600330700897,""
"MRPS18B",0.076396101069574,11.9985772809,0.94935929489042,0.346216974596465,0.53664567290074,-5.9840647576908,"MRPS18B",0.266490947957449,0.460651643009282,""
"ESYT1",0.0763704531745306,13.3388882217831,1.80066192206699,0.0750521241045529,0.198371793174458,-5.07191616504478,"ESYT1",0.0985087365473987,1.12463701196392,""
"RDH13",0.0761312918869752,12.42123920455,1.33483378993404,0.18524381631635,0.363190833878417,-5.77851189662159,"RDH13",0.180355632211755,0.73225628043101,""
"SULT1A3",0.0760959218850337,11.6531972641187,0.897660398345334,0.371749384120403,0.561201364386077,-6.25217989165203,"SULT1A3",0.27868497062851,0.429749742303875,""
"PHKB",0.0760700750090839,13.8690048585091,1.43743488868756,0.154006728840372,0.327435671258535,-5.64003118026606,"PHKB",0.162600104380065,0.812460303615473,""
"ATP5F1A",0.0760080076823879,18.7550330211094,1.47305010440181,0.144170524115249,0.315173701078797,-5.58967111974721,"ATP5F1A",0.156510976633332,0.841123522713826,""
"ECHDC1",0.0759863122359086,12.0230702161749,1.83389883623732,0.0699568014463285,0.189209729425539,-5.00955217113342,"ECHDC1",0.0939589802053818,1.15517005548218,""
"TNPO1",0.0759693522576015,11.7565979749487,1.52923421320883,0.129657494350541,0.291221300006781,-5.50784183493092,"TNPO1",0.144616539782596,0.887202375454448,""
"ABCC1",0.0757773356485956,10.4098914456481,0.840612145188615,0.403087455007286,0.591222439125323,-6.24489852326739,"ABCC1",0.293593028346964,0.394600717862555,""
"PAFAH1B2",0.0756846650675627,14.4921458726863,1.47726359101709,0.143039969968253,0.313707144992581,-5.58363550761796,"PAFAH1B2",0.155782704811934,0.844542589729809,""
"AHCYL1",0.0756002890395351,11.0713637697052,0.968874752781476,0.335786574975898,0.527901439320309,-6.08430948822613,"AHCYL1",0.262148680398643,0.473936671302312,""
"LARS1",0.0754577716047411,12.1628872178359,2.10572540221813,0.0379682373186585,0.125836223961965,-4.50356875601465,"LARS1",0.0624885586605905,1.42057956458128,""
"APEX1",0.0753589790266931,11.6046218497843,1.91181733258563,0.0590298923360057,0.169688737647936,-4.87428904804424,"APEX1",0.084265120985827,1.22892800888318,""
"GART",0.0753582243254494,12.6250403241317,1.89012708552812,0.061907460467026,0.174895959672912,-4.91371244271499,"GART",0.0868509566754354,1.20825701100532,""
"CNP",0.0753209537167656,11.3182857088555,1.36179335327777,0.176682378066327,0.353133415997732,-5.73344715049869,"CNP",0.175361255176084,0.752806763963495,""
"SEC23A",0.0751006063225841,11.8257573512275,1.47926153397248,0.142544198119297,0.313531597705224,-5.57613424252969,"SEC23A",0.155695530414783,0.846050454791227,""
"CORO1B",0.0747903330450441,11.2333923008003,1.28924311494966,0.200674300547077,0.382147870676361,-5.82294294981405,"CORO1B",0.189769439052759,0.6975082420877,""
"ERAP1",0.0747251963542235,12.4656759526778,1.36376589023738,0.175988131176018,0.352759733276169,-5.74045721354632,"ERAP1",0.175175689415036,0.754516620473195,""
"COX7A1",0.0746322150790544,17.2377530133517,1.03594277737674,0.302990000908956,0.493189148846434,-6.12061296741845,"COX7A1",0.244911028701658,0.518571703582576,""
"LCN1",0.0745511265217633,12.0376308074851,0.277511435993769,0.782673567388928,0.879433564612303,-6.1984172387073,"LCN1",0.436714756372366,0.106419333014119,""
"HSPA9",0.0744154892797821,15.8581514034445,2.30504872539583,0.023426018850072,0.0899986193355315,-4.0888572822771,"HSPA9",0.044692091248863,1.63030151158888,"+"
"MOB4",0.0744115164968981,12.54836975993,1.24686891708668,0.215699991650234,0.398322278395342,-5.87952433142064,"MOB4",0.197801430110067,0.666149871709033,""
"ADPRH",0.0742940664269094,10.9244189345769,1.34135886053861,0.183486358976545,0.361175758809599,-5.72436062215885,"ADPRH",0.179354973318165,0.736396217196211,""
"VARS1",0.0741963473759686,12.1769201931705,1.69050879728905,0.0943359262898741,0.233000156914895,-5.25687629120935,"VARS1",0.115704711369152,1.02532288183239,""
"GMPR",0.0741503988637566,12.9957738077183,1.4572438667462,0.148473757447027,0.320708156048793,-5.6121663129743,"GMPR",0.159259311756225,0.828350300576332,""
"AIFM1",0.0740881915912297,15.1714119405097,2.0200478827263,0.0463038387500065,0.143466812818939,-4.67140180409208,"AIFM1",0.0712436694810071,1.33438300295965,""
"CISD1",0.0738087007490673,16.2789716811007,1.86713313842604,0.0650859242194657,0.180402571385869,-4.95505152897488,"CISD1",0.0895854652152836,1.18651292379407,""
"NDUFB11",0.0737054436431128,13.3395177445293,1.40254600785148,0.164137308946327,0.338359208034823,-5.68822221317509,"NDUFB11",0.16802458428843,0.784792691171948,""
"NANS",0.0736437475203946,12.30801428873,1.73668551485177,0.0858093533861539,0.219776234856762,-5.18066831464367,"NANS",0.109137891392876,1.0664653706292,""
"SKIC3",0.0735703510975778,10.6436079949577,1.27945984908116,0.20397123093674,0.384623262718066,-5.84915619851643,"SKIC3",0.190998685099214,0.690431083194226,""
"TFB2M",0.0735227849802698,13.2082762843246,0.421233363485067,0.674572894432634,0.811723796611593,-6.56772967092418,"TFB2M",0.403091005782979,0.170971113539404,""
"TUBA8",0.0732315087533291,14.545581136504,1.28098520453742,0.203437255986727,0.384091683569144,-5.84724881693223,"TUBA8",0.190734710118209,0.691569510666892,""
"ATE1",0.0731308792113126,11.1482480723221,1.12469614051755,0.263830267128976,0.453048259791279,-6.00639496441312,"ATE1",0.224977608725789,0.578675382811386,""
"SHOC2",0.0731006410211741,10.7679393308277,0.792183917834704,0.430499190602403,0.615673992148946,-6.30245619439922,"SHOC2",0.305735337273216,0.366027660742824,""
"NAA10",0.0729921719943771,10.8288617099394,0.892077140267406,0.374718243406343,0.564341821125896,-6.25710436287331,"NAA10",0.280244478765582,0.426295162476433,""
"CDK4",0.0729230766192739,10.9726913398156,0.86761283209024,0.389633726855264,0.578895936323061,-5.92355809404954,"CDK4",0.287471854576907,0.409343457457763,""
"DNAJB4",0.0728570213804778,13.871054459509,1.48671509812034,0.140529121230348,0.309574528398291,-5.57003696648391,"DNAJB4",0.153730503574936,0.852233669501641,""
"C6orf136",0.0727970116345444,10.4991005208947,0.792462778584833,0.430164104565909,0.61566085747658,-6.33988259628378,"C6orf136",0.305728814773424,0.366365832533773,""
"POLR1B",0.0727910824035902,11.9411906367899,0.72111311100047,0.474102981166278,0.657938017417745,-6.12566178784918,"POLR1B",0.326723077838606,0.324127313822588,""
"IGHV4-61",0.0726882119614789,8.25499758356801,0.442141845772863,0.659938367254564,0.799898277339096,-6.37399579741181,"IGHV4-61",0.397218613625259,0.180496622050714,""
"PCCA",0.0725723227505242,13.9026179695662,1.89869914428779,0.0607564323156588,0.172672626746556,-4.89818179179105,"PCCA",0.0857468797600901,1.21640773630882,""
"IBA57",0.0724657689585877,13.9109733399173,1.36550023833011,0.175444633712085,0.352611725258651,-5.73815112537356,"IBA57",0.175102190645018,0.755859910918916,""
"ACOT13",0.0723599092908778,13.0647440975168,0.960784155870593,0.339193703029316,0.532381792377886,-6.19918397130905,"ACOT13",0.264373562837448,0.469552218812155,""
"HSPA12B",0.0722943017096416,11.4835436450047,1.14650074758305,0.254750831762676,0.441691399777272,-5.98291288337619,"HSPA12B",0.21933794638659,0.593884389345674,""
"UFD1",0.0720627343311788,11.9308025763941,1.44358932654604,0.152270890335982,0.325192527349421,-5.63141284698134,"UFD1",0.161486189599921,0.817383112913329,""
"C1QBP",0.0720026626051489,16.895835451209,1.76023454203192,0.0817109351747213,0.211356985749775,-5.14106469336061,"C1QBP",0.104957006706928,1.08771981900924,""
"MAPK3",0.0718806977177469,11.501098120082,1.30184811779093,0.1962374144391,0.37669939882605,-5.8209409629087,"MAPK3",0.18706380197856,0.707218186888039,""
"OXSM",0.0717177210018347,11.1572873942586,1.02703620229671,0.30711180651063,0.497337328668906,-6.13440705804995,"OXSM",0.246970958426262,0.512703487354209,""
"MYO18A",0.0717106133221534,12.6703769225757,1.07467983679508,0.28534488844299,0.475187943217669,-6.08521787196703,"MYO18A",0.235971874629183,0.54462990282726,""
"SRP14",0.0715663422555144,9.92938487502639,0.769535823203117,0.443773896430423,0.629819794845366,-6.31684738074246,"SRP14",0.312759950645782,0.352838247326271,""
"SPAG9",0.0715395299910782,11.8033489825303,1.67663806175735,0.0971042882136035,0.23745809728685,-5.27041095158217,"SPAG9",0.117918463972874,1.01276159082955,""
"AKR7A2",0.071494024469664,14.0898015938563,2.10238529523356,0.038267097991352,0.126351961800939,-4.51023022344607,"AKR7A2",0.0627446670623647,1.41717447151289,""
"LDB3",0.0713776560049126,17.7768699172492,2.18107197370517,0.0317429562784283,0.110006424055593,-4.35076159324492,"LDB3",0.0546276951596821,1.4983526290739,""
"BLMH",0.0713437837012094,15.5432963279732,1.23025882040094,0.221754888827256,0.404222397257585,-5.90950274983512,"BLMH",0.200731348952349,0.65412679689738,""
"NAPG",0.0712988483492243,11.5260453851452,1.17563748400057,0.24279081192872,0.425753665590998,-5.97381557248911,"NAPG",0.211423484189147,0.614767752539777,""
"TRIM28",0.0712316103825925,11.4478783076842,1.51513008243935,0.133187703879017,0.296141846813324,-5.52865749540705,"TRIM28",0.147060016454748,0.875535868138613,""
"TAPT1",0.0712221716278663,12.9998500497287,0.62407454542335,0.534565694438619,0.704721840046496,-6.26900296455579,"TAPT1",0.349955288347299,0.271998915377566,""
"TYMP",0.0711499960580007,10.7932403266817,0.895018487909203,0.373178827723438,0.562614687141175,-6.24980744785367,"TYMP",0.279386807501134,0.428083003895832,""
"ADSS1",0.0710285871096463,15.2446942122801,1.79262582241787,0.0763386501110741,0.200735889554961,-5.0857778754442,"ADSS1",0.0996827146810476,1.11725552390611,""
"PPA1",0.0708570234622252,14.6944156563513,2.10560269016079,0.0379791813423237,0.125836223961965,-4.5038136609358,"PPA1",0.0624885586605905,1.42045440090346,""
"STX12",0.0708279123583981,11.0073732962384,0.72560704854171,0.470705651631979,0.655511369085156,-6.20643509369417,"STX12",0.325518037255654,0.327250587208916,""
"MSRB2",0.0708144613167825,12.2772378770631,1.69167222141011,0.0941129179007527,0.233000156914895,-5.25497987130527,"MSRB2",0.115704711369152,1.0263507613977,""
"YWHAH",0.0707419698117384,12.341710082701,1.65764374420907,0.100815457617865,0.243693673577003,-5.30994103290295,"YWHAH",0.121014966414871,0.996472874205321,""
"EHD4",0.0705343692754257,11.5924483950269,1.72314218962428,0.0882792520990988,0.223864620991819,-5.19871845038042,"EHD4",0.111168128384927,1.05414135483311,""
"FLAD1",0.0704602420323548,10.7709481937313,1.09046776912766,0.278844487237835,0.470050663303229,-6.00089359622434,"FLAD1",0.233420771241129,0.554637937099816,""
"HSPA4",0.0703854205607506,13.2436717347003,2.53093576141613,0.01308392208284,0.0608151255069933,-3.57887645226126,"HSPA4",0.0301999648276444,1.88326205084279,"+"
"PRKDC",0.0703104274397948,11.6160655148324,2.31354449389994,0.0229338175414094,0.0888589256924307,-4.07043760652317,"PRKDC",0.0441261348745401,1.63952364700702,"+"
"PPIC",0.0701457593997521,11.6789782093405,0.448143579857762,0.656006289307984,0.79748547128844,-6.26789316104792,"PPIC",0.396020446931394,0.183091996906872,""
"PRKCQ",0.0699789991914059,10.7662277089525,1.34885971229195,0.180786274250901,0.358705559109687,-5.75087047646197,"PRKCQ",0.178128305718079,0.742834545339504,""
"SUMO2",0.0699564475619558,12.1215290861204,0.997473882144423,0.321764790793948,0.514895527870158,-6.07298652542142,"SUMO2",0.255690121527449,0.492461480437394,""
"UFL1",0.0698953773227835,10.3050523358649,0.872356291199938,0.386019314937876,0.575845064254366,-6.15151028294965,"UFL1",0.285956832970026,0.413390964341009,""
"DDX23",0.0698834436549856,13.0505765834166,0.725615673250393,0.46998959716454,0.655150868420998,-6.38058526918411,"DDX23",0.325339017525165,0.327911754711167,""
"PRKAR1A",0.0697404915594158,15.7055462872054,1.9204939031714,0.0579108261909286,0.167479745573362,-4.85840270405147,"PRKAR1A",0.0831681655425791,1.23724023911426,""
"VPS36",0.0697198740313132,11.7221106737022,0.724302943247224,0.471090077407491,0.655728101918344,-6.30496549413467,"VPS36",0.325625663835139,0.326896043230576,""
"ALDH1A2",0.069683930587324,12.0120360730999,0.66429244276756,0.508582769616987,0.686251514935163,-6.32860176526957,"ALDH1A2",0.340783175915281,0.293638357465505,""
"UBQLN1",0.0694335299833018,13.4206882523005,1.39260982076143,0.167113866281923,0.341997528393812,-5.70173948895592,"UBQLN1",0.16983132473264,0.776987513003816,""
"NDUFS7",0.0694312298456534,15.7065057193706,1.342061377448,0.182898026418424,0.360622280443743,-5.76907881990674,"NDUFS7",0.179080123483648,0.737790980801399,""
"APRT",0.0693592129814808,13.1785897047033,1.41594967240109,0.160186549261982,0.33437337959566,-5.6698420462296,"APRT",0.166045276054364,0.795373954085416,""
"APOC3",0.0693454936533113,9.67058600539893,0.648743232304438,0.518223670164976,0.694356726831613,-6.42255507993366,"APOC3",0.344808113990353,0.285482754246252,""
"SF3B2",0.0691133984127816,11.7935874926153,1.2846923014028,0.202143841117377,0.382880372111727,-5.84260414269573,"SF3B2",0.190133189310608,0.694339486135821,""
"PHYHD1",0.0688328259917457,11.2909826662486,0.771537953288592,0.442421184432818,0.628804697213339,-6.35132563390473,"PHYHD1",0.312255866957254,0.35416408590317,""
"GAPDH",0.0687899777800229,20.2824646330247,1.33315689977133,0.185791287895198,0.363466096319206,-5.78069349075044,"GAPDH",0.180492323798937,0.730974654754382,""
"HSPA5",0.0684352173123219,15.9923795342703,1.95652456471367,0.053453631361171,0.158099182127055,-4.79172447414639,"HSPA5",0.0785099052203279,1.27202278574898,""
"HDHD2",0.0681073599970192,13.415033349253,1.46631047833121,0.146031165362895,0.31706463631065,-5.59465193941015,"HDHD2",0.157449989370989,0.835554449004992,""
"CCT4",0.0680498066182516,12.6326041900126,1.69773922232428,0.0929569307988577,0.231262642074241,-5.24507062529478,"CCT4",0.114841885112727,1.0317182240149,""
"DUSP3",0.0679909625816029,15.4584582619448,1.98355513402678,0.0503040730076237,0.151440623151102,-4.74095489031786,"DUSP3",0.0752033553250484,1.29839684967325,""
"MLYCD",0.0679868985549614,11.6369638605477,1.32217336957116,0.189407292694966,0.368527699160742,-5.79491760282434,"MLYCD",0.183005846981065,0.722603303494262,""
"PPME1",0.0678633697581184,13.1625033533905,2.03252111612337,0.0450004700574118,0.141106506766458,-4.6473629581743,"PPME1",0.0700715735727413,1.34678294972968,""
"ACADM",0.0678476987290999,18.2487145360496,1.28299862245228,0.202734011873042,0.383016267652036,-5.84472778249841,"ACADM",0.190200673189057,0.693073385349112,""
"PPP5C",0.0677204761810319,13.7827287318722,2.22162394939814,0.0287760135375224,0.103869086648034,-4.26652007975484,"PPP5C",0.0515799768116809,1.54096937087797,""
"PPM1A",0.0674146892376548,12.9710092013001,2.26325178042625,0.0259856489158101,0.0965951618582513,-4.17859901513648,"PPM1A",0.0479678446162929,1.58526643346738,"+"
"PAK2",0.0673921648087772,12.2534296085291,1.5320433719744,0.128963270743236,0.290572904048831,-5.50367405343896,"PAK2",0.144294555161809,0.88953396090091,""
"CPT2",0.0672007984689138,15.2677776859905,1.70964865743739,0.090721437117227,0.228076876121029,-5.22552219311874,"CPT2",0.113259877036051,1.04229007874286,""
"CRAT",0.0670538637813927,17.2216231869852,1.62448616232794,0.107713308766477,0.25366174439172,-5.36248440705584,"CRAT",0.125964974911841,0.967730633129583,""
"PDCD6IP",0.0669784590729288,13.7253708100841,2.26575496888714,0.0258257039215838,0.0961252823886482,-4.17326564046638,"PDCD6IP",0.0477345088575166,1.58794783224423,"+"
"DNAJB11",0.0665773956877489,11.4194170684038,0.709188191713128,0.480581171139983,0.662503913654252,-6.27526244779905,"DNAJB11",0.328990439857506,0.318233248576218,""
"C11orf68",0.0664613351996293,12.582865462268,1.4511012350205,0.150210462826116,0.323061164859692,-5.61620029867398,"C11orf68",0.160427783953493,0.823299815738037,""
"AP2B1",0.0663995800372588,11.5835241109222,1.70618529652873,0.0913669582133588,0.229297462556468,-5.23122024547409,"AP2B1",0.113866003671687,1.03921083336932,""
"TSFM",0.0662320919970929,12.5965346903654,1.37194454255277,0.173436311946927,0.350294904890692,-5.72955778047234,"TSFM",0.173951689136701,0.76085997014014,""
"KPNA4",0.0661179995811851,15.6065250237094,1.99101381551491,0.0494633419254798,0.149289233481996,-4.72683340863069,"KPNA4",0.074135004453519,1.30571654444938,""
"L3HYPDH",0.0660938262404329,11.1008291883246,0.741749859597233,0.460571934806887,0.645576693464356,-6.28989658994661,"L3HYPDH",0.32058461235813,0.336702529528221,""
"NDUFS6",0.0660052461975296,14.5845063786924,1.28530241548256,0.20193155599987,0.382880372111727,-5.84183848214263,"NDUFS6",0.190133189310608,0.694795808219587,""
"NISCH",0.066004310777962,12.6549993037822,0.337295427914673,0.73729304433173,0.848627255042063,-5.93727705221941,"NISCH",0.42141676170846,0.132359863238631,""
"SUCLG2",0.0659825771528677,14.2029493423556,1.10013008188828,0.274162409213759,0.464116636034633,-6.05805138957769,"SUCLG2",0.23047401394508,0.561992092180304,""
"PDLIM1",0.0659655323172608,14.4002220734261,1.25351027311667,0.213214676949144,0.396029335149869,-5.88126887715428,"PDLIM1",0.196662785656277,0.671182903310411,""
"SEC24C",0.0658863198686976,12.7180390297862,1.16207764907764,0.248227200246691,0.433000094891671,-5.98934272838769,"SEC24C",0.215021962498317,0.605150631097553,""
"PML",0.065790804837313,10.4781631111478,1.00551262560516,0.317702031192034,0.510389025446395,-6.08402823182499,"PML",0.253452253668774,0.497980008551285,""
"TST",0.0654644579490782,15.0990963356651,1.37879736398829,0.171319888630178,0.347489597179115,-5.72037712243073,"TST",0.172558611452258,0.766192216596942,""
"STOML2",0.0653307908564216,12.393163131588,1.06509987887392,0.289634303560236,0.479789311928086,-6.09528332938029,"STOML2",0.238256851796543,0.538150002679817,""
"POTEE",0.0653252699626767,13.6023554671665,0.576527854964231,0.565828759785576,0.730479831326784,-6.44468918039305,"POTEE",0.362746356756851,0.247314982119844,""
"PPP2R1A",0.0652637049640123,15.2655700651029,2.73337409734116,0.00752588419338994,0.039902255665414,-3.08690479236708,"PPP2R1A",0.0198149178776356,2.12344246879036,"+"
"CORO1C",0.0651881860111434,10.8019198338742,0.900391041026069,0.370667306843257,0.560597626075343,-6.18209558081009,"CORO1C",0.278385162388417,0.431015717406392,""
"DDX17",0.06488662435524,12.9942402540977,1.99081794679212,0.0494852658087566,0.149289233481996,-4.7272048663331,"DDX17",0.074135004453519,1.30552409259174,""
"PSMD9",0.0647458746997618,12.729865317057,1.32218037997571,0.189404968027623,0.368527699160742,-5.79490856016201,"PSMD9",0.183005846981065,0.722608633787412,""
"RAP1A",0.064582803598725,13.0683161560527,2.18220637088547,0.031656465039088,0.110004538740297,-4.34842398566823,"RAP1A",0.054626758937728,1.49953758283217,""
"STXBP3",0.0643173746245314,12.7289799084857,1.79867588104312,0.0753683900791829,0.198900373818543,-5.075347314804,"STXBP3",0.0987712225116528,1.12281076145893,""
"CHD2",0.0642296819988184,13.6489702470552,0.240040544692148,0.810932870996291,0.898389489089822,-6.54056507524924,"CHD2",0.446128010850164,0.0910150951877673,""
"AKAP7",0.0642169522686471,9.83725373271428,0.701496026593497,0.485123033838388,0.667160563810374,-6.33043125086189,"AKAP7",0.331302869039508,0.314148104406258,""
"GRPEL1",0.0641427342599554,13.4205706198426,1.39462136352349,0.166507968577995,0.341109247994663,-5.69901039788532,"GRPEL1",0.169390216758468,0.778564977613271,""
"PHKG1",0.064125634962851,15.0025525178694,1.27605067828301,0.20516841187863,0.386342094904175,-5.85341127542085,"PHKG1",0.191852233803297,0.687889503223073,""
"RANBP1",0.0639712182366328,12.0863348941288,1.2043324243447,0.231568290970145,0.4135044996389,-5.940381825428,"RANBP1",0.205340714847846,0.635320909536555,""
"KIF5B",0.0636869491541221,13.3966331723303,1.7191944144881,0.088961526314599,0.225214873011837,-5.20976112304234,"KIF5B",0.111838645187664,1.05079777449941,""
"AZGP1",0.063426122654004,14.5289470336458,0.483642549122621,0.62979541263345,0.778350001124393,-6.53971170578792,"AZGP1",0.386518032505755,0.200800507045355,""
"NAGK",0.0631789881787812,13.060364547612,1.39982311781943,0.164986220571095,0.339204094803987,-5.68726948353324,"NAGK",0.168444143575686,0.782552325966893,""
"ALPK3",0.0631586650666502,12.1090077129523,1.25762229031847,0.211729791470009,0.394549793467521,-5.87622258766583,"ALPK3",0.195928065364319,0.67421803021512,""
"CD2AP",0.0630929345786253,10.6926596084385,0.622041102969859,0.535590321765083,0.705423649898313,-6.42844052379837,"CD2AP",0.350303797581866,0.271167279385934,""
"BNIP1",0.0630665457098294,11.2883334246164,0.854123581680878,0.395704423051555,0.584280719456855,-6.21420837227977,"BNIP1",0.290145864700036,0.40262909530853,""
"PRKACA",0.0630505130591983,15.186485173802,1.9663203661025,0.0522934165973696,0.155955184149908,-4.77339955117092,"PRKACA",0.0774452249625697,1.28155298255529,""
"TOM1L2",0.0629179455713569,11.9902248012884,1.36590267941168,0.175318701757438,0.352605894201275,-5.73761561481617,"TOM1L2",0.175099295021171,0.756171753975576,""
"FKBP2",0.0628735995702288,13.3107090757838,1.22636481315219,0.22320917262546,0.406088287562951,-5.91418122461088,"FKBP2",0.201657924719882,0.651287962338543,""
"NRP1",0.0627192162981727,9.49200147195666,0.41546795860453,0.680532461744498,0.81504640006675,-5.90307008250324,"NRP1",0.404740965503451,0.167151153898908,""
"PAFAH1B1",0.0626353368554771,13.4759295330985,1.78311407367325,0.077884987873162,0.204038734227132,-5.10211036749213,"PAFAH1B1",0.101322862458417,1.10854624338177,""
"DERA",0.0625817781431115,11.7746039010688,1.4337816809517,0.155081904491028,0.328741981045301,-5.64047750849258,"DERA",0.16324880006696,0.809438874257131,""
"ACAD9",0.0625135579377041,10.9132509431974,0.838944571702366,0.403687649013555,0.59179989875849,-6.30724722031874,"ACAD9",0.293879786952913,0.393954537801265,""
"STUB1",0.0625113730555871,12.7125912576522,1.65327210038416,0.101703897321763,0.244625111741283,-5.31692578565715,"STUB1",0.121477505948677,0.992662404472485,""
"INPP1",0.0624473120649922,11.2624372507772,0.705983218485125,0.482032914309682,0.663866570116073,-6.39912452551362,"INPP1",0.329667116537461,0.316923306128311,""
"PRKN",0.062349093558419,10.7533108328055,0.772505797893969,0.44180647673929,0.628507909525851,-6.36010417161078,"PRKN",0.312108486225097,0.354767921802029,""
"GSTZ1",0.0622539956276693,13.32727333463,1.1408658704118,0.256936870689612,0.444138161276494,-6.0085381325871,"GSTZ1",0.220552974894747,0.590173569583145,""
"MARS1",0.0622344041752667,12.2628170057789,0.882485083308743,0.379933441764825,0.569502742729074,-6.25002135337681,"MARS1",0.282807322294965,0.420292478135917,""
"CAPN3",0.0620115486389814,14.9732741159993,1.85986962558354,0.0661179703777067,0.182335874657264,-4.96801276065623,"CAPN3",0.090545517345581,1.17968048642683,""
"RUSF1",0.0618438642668115,11.3739603552035,0.399252958354459,0.69185912255052,0.819705764873828,-6.10667695332263,"RUSF1",0.407054742744225,0.159982328270886,""
"LARS2",0.0617521769694189,10.5200966900969,0.940974438330671,0.349369985818147,0.539232834106324,-6.18797917933882,"LARS2",0.267775697051703,0.456714407748783,""
"IGHG3",0.0616370743196502,11.6614027850238,0.796840291668732,0.427607322836207,0.613374668292577,-6.34124295920452,"IGHG3",0.30459352429477,0.368954866044819,""
"RPS3",0.0616150593024347,13.6046055137147,1.46292208640868,0.146916531717125,0.318504372088715,-5.60411178919321,"RPS3",0.158164942591856,0.832929332667428,""
"WARS1",0.0615326890610071,14.8419486996448,1.70109359281915,0.0923227889662632,0.230485290224138,-5.23957764184304,"WARS1",0.114455862748453,1.03469108444871,""
"COL3A1",0.0613091361936489,11.2242771512028,0.208349750482105,0.835733053792211,0.912269024642476,-6.33682221444053,"COL3A1",0.453020399577801,0.0779324208606079,""
"STX7",0.0611818755406128,9.47659299821444,0.757693265738852,0.450718695656668,0.636648487802864,-6.33984654354628,"STX7",0.316150986764115,0.346094427169473,""
"UQCRB",0.0611075048669871,17.5159749226794,1.33440156366084,0.185384813511627,0.363190833878417,-5.77907446484877,"UQCRB",0.180355632211755,0.731925845586539,""
"COX6A2",0.0610577867787576,16.2550135382776,0.807581484705626,0.421426756125885,0.608858671639522,-6.33273418860796,"COX6A2",0.302350941730859,0.375277894762691,""
"HNRNPL",0.0610199689383792,12.8108621163406,1.83715621229509,0.0694340479875488,0.188088829425628,-5.00824119134889,"HNRNPL",0.0934023564988547,1.15842751474621,""
"RAB11B",0.0608396573558911,15.2034995198503,1.51513382351318,0.133186757574655,0.296141846813324,-5.528651998416,"RAB11B",0.147060016454748,0.875538953830538,""
"ZRANB2",0.0608159400012012,11.216671123682,1.29822289965825,0.197585029110044,0.378023159832701,-5.81117230196678,"ZRANB2",0.187721163704081,0.704245964714021,""
"NFU1",0.0606953604879932,12.2729420704724,1.19907421253543,0.233596249825264,0.416347544775625,-5.94656684868085,"NFU1",0.206752532424752,0.631534133705475,""
"LIMS1",0.0605583424316993,13.858821657555,1.12899507318499,0.261852256000997,0.45100274380941,-6.02649110027276,"LIMS1",0.223961833288481,0.581943680060896,""
"ABLIM2",0.0605110200466106,13.7813600756895,1.90425966239582,0.0600194635697159,0.171555329820695,-4.88807269945804,"ABLIM2",0.0851920452911691,1.22170789044654,""
"ATPAF1",0.0604451243979511,11.6784996313463,0.952568283458067,0.343375326051507,0.535071920213311,-6.19744616673154,"ATPAF1",0.265709443760729,0.464230915187536,""
"UBE2V1",0.0602439564655013,8.70265381609287,0.486319817521513,0.628727854385983,0.777701351174029,-6.2909978323419,"UBE2V1",0.386195921755787,0.201537298774737,""
"AKR1A1",0.0601978334211815,13.0556998720797,1.59162016238539,0.114920408717552,0.267006463202779,-5.41357722495315,"AKR1A1",0.13259178091395,0.939602838097233,""
"GNG12",0.0599125801244877,11.1707517541656,1.06881296189371,0.287997564879366,0.478493345474935,-6.08663448062243,"GNG12",0.237613292468552,0.540611184337731,""
"ARHGAP17",0.0598814601211739,12.6966489692011,1.37044486946618,0.173976875454493,0.350892135856844,-5.72228542966303,"ARHGAP17",0.174248265917911,0.7595084731537,""
"CYC1",0.0597360680184185,17.1435586547168,0.992638287890417,0.323504989697927,0.516239031444465,-6.16856634060987,"CYC1",0.256357287143759,0.490119016443305,""
"CMPK1",0.059637226163245,12.9624347894367,1.51963369050362,0.132052341319896,0.294522965153947,-5.52203072953578,"CMPK1",0.146256101823878,0.879253894242768,""
"APPL1",0.0594165838270291,13.297478854239,2.02182820942102,0.0461158524092279,0.143141788750256,-4.66797896080682,"APPL1",0.0710822669456913,1.33614975941691,""
"RPLP2",0.0593514957840764,15.3610083855746,1.62998491325608,0.106543800582252,0.251527621473422,-5.35383996416968,"RPLP2",0.124905198474101,0.972471815318596,""
"CDH13",0.0590558034562765,14.2342699841391,1.55532708266487,0.12332162813299,0.280730568887331,-5.46885014246775,"CDH13",0.139406985281434,0.908960750208051,""
"MTM1",0.0590184437548515,12.556898472781,1.28501899405226,0.202030150038502,0.382880372111727,-5.84219420446901,"MTM1",0.190133189310608,0.694583813631304,""
"NDUFS8",0.0589932520783325,17.6213270183991,1.5228523692696,0.131245590838168,0.293179940251121,-5.51728320572221,"NDUFS8",0.145589173909319,0.881915277688239,""
"MICOS13",0.0587981799465345,10.3614770784325,0.82467875578821,0.411991962235569,0.598903188022372,-6.25877580004107,"MICOS13",0.297407183865137,0.385111256760046,""
"CUTC",0.058653345878688,14.0816798351959,1.34802354103701,0.180979845942989,0.358705559109687,-5.76126047596209,"CUTC",0.178128305718079,0.742369785810864,""
"HIKESHI",0.0586020511117473,13.0071351888797,1.52291306845934,0.13123041419964,0.293179940251121,-5.51719358327857,"HIKESHI",0.145589173909319,0.881965500415247,""
"ABHD16A",0.0585521383546075,11.3249524604944,1.20133479952497,0.23272283590913,0.415048940706638,-5.9439110227439,"ABHD16A",0.206107663292583,0.633160999512018,""
"PPP6R3",0.0578656075753337,10.894247099592,1.28713063434807,0.201296428678002,0.382823865023991,-5.83954206702637,"PPP6R3",0.19010512865879,0.696163930124735,""
"SNX21",0.0577017312821955,10.1690469518156,0.630389992626573,0.53070277857059,0.701079496087172,-6.26637888219383,"SNX21",0.348146549837845,0.275148638553551,""
"RPN2",0.0576925789753577,11.9867512719636,0.912921067078807,0.363710560795812,0.554760227376688,-6.23856597120895,"RPN2",0.275486389526984,0.439244088473037,""
"RCC1",0.0574310163217451,15.1674425849352,0.891482673307179,0.375116121744897,0.564644330315585,-6.24289061898872,"RCC1",0.280394700717975,0.425834270335047,""
"FLOT2",0.0572617249791021,11.4057084102332,1.2093139344457,0.229658801255771,0.411398060882326,-5.93449810435674,"FLOT2",0.204294685988581,0.638916906381167,""
"UBA6",0.0570291968356367,10.6729006025209,0.953294652740794,0.343009311481164,0.534855651090868,-6.19676485241349,"UBA6",0.265602047453698,0.46469409024878,""
"DAD1",0.0568332521361672,12.0134121098299,0.665444820421301,0.507459081925158,0.686246322844616,-6.43141257924743,"DAD1",0.340780597593677,0.294598970578377,""
"TBCB",0.0567712541346213,12.6327865679091,1.08853834132013,0.279217359084631,0.470174471878115,-6.07050161851199,"TBCB",0.233482252896815,0.554057584901631,""
"SETD7",0.0564047951742381,12.1831530439171,1.30651786965057,0.194652177905981,0.374914745886117,-5.81499640091319,"SETD7",0.186177567582656,0.710740732725381,""
"IGFBP7",0.0563953162786639,11.3910385743111,0.629280848343633,0.530824321880378,0.701079496087172,-6.43486213611127,"IGFBP7",0.348146549837845,0.275049186379486,""
"DMAC2L",0.0563914081125887,13.22309934612,1.52290110639491,0.131233404969141,0.293179940251121,-5.51721124555284,"DMAC2L",0.145589173909319,0.881955602862929,""
"PECAM1",0.0562833336990654,9.48538284570802,0.43467579359241,0.665454439701676,0.804884189978594,-6.32648988284326,"PECAM1",0.399694550081712,0.176881673117156,""
"NDUFAF5",0.0562631621138756,12.0455441896412,1.12788288569714,0.262319265991713,0.451535745544895,-6.02772186196378,"NDUFAF5",0.22422651470664,0.581169811557487,""
"MYG1",0.0562122888777123,11.9689357780752,1.04795741644839,0.297512851137684,0.487519629136994,-6.09895926452382,"MYG1",0.242095622264734,0.526494270077817,""
"PPIL3",0.0559443999316063,11.2080767519367,0.975706938132991,0.331783175000079,0.524809963953565,-6.18496217294329,"PPIL3",0.260613495745765,0.47914564118656,""
"VPS26A",0.0559366289000147,12.1327505496162,1.2970420288406,0.197914906002845,0.378401681523784,-5.82233607008556,"VPS26A",0.187909132431629,0.703521495581393,""
"SPG7",0.0558871629192579,12.2991949533017,1.25403138644603,0.213026076667916,0.395935626284208,-5.88063024712851,"SPG7",0.196616251107127,0.671567231022264,""
"PLEC",0.0558561181878288,16.0156514458867,1.3201750271137,0.190070819736211,0.36951334916708,-5.79749336774237,"PLEC",0.18349530737888,0.721084552257547,""
"UBAC1",0.0557826863498034,13.3379694779312,1.40881067024572,0.162281594447483,0.336297215969984,-5.67965243107974,"UBAC1",0.167000627052235,0.78973073392099,""
"RPL15",0.0555625762891037,12.315765917046,1.04808888588058,0.297359246121867,0.487519629136994,-6.11293977793947,"RPL15",0.242095622264734,0.526718552953251,""
"UBE3C",0.0555458340522215,10.9472899402417,0.628026856663727,0.531960582801826,0.702256577756809,-6.34700837128959,"UBE3C",0.348731072598029,0.274120546851329,""
"COQ5",0.0554312947319966,14.3601769849061,1.23178797543636,0.221185690395376,0.403512532573614,-5.90766161715659,"COQ5",0.200378839797602,0.655242973132928,""
"RABGGTA",0.0553606703447276,12.0392609499089,1.22449955587218,0.223908236790411,0.406409757214262,-5.91641716641924,"RABGGTA",0.201817562179837,0.649929929972433,""
"LARP4",0.0552366089226632,10.6886621064841,0.690986091363961,0.491538518887475,0.67243407882172,-6.36659852844903,"LARP4",0.333921624925203,0.308442443478224,""
"RPS8",0.0552216535125538,11.4348500674551,0.804273137338047,0.423324706098304,0.608982687707967,-6.33536690576192,"RPS8",0.302412526425027,0.373326384469405,""
"RPL19",0.0551993679887781,9.57692841468126,0.352839996354654,0.725276773607853,0.8418968137546,-6.46548907634938,"RPL19",0.41807451603419,0.139496230239147,""
"CCDC51",0.0551453132101791,12.0953509038587,0.909301801588462,0.365747964835868,0.556682776006159,-6.21781076973456,"CCDC51",0.276441101048261,0.43681808177958,""
"SLC25A4",0.0549744879415854,19.985131082573,1.18811758717665,0.237862986377373,0.420634910112674,-5.95937045466032,"SLC25A4",0.208881579784314,0.623673132837429,""
"COMT",0.0549396552448727,13.5977808750457,0.996348136788477,0.321709576329388,0.514895527870158,-6.16493696872144,"COMT",0.255690121527449,0.492536011261195,""
"LDHA",0.0547877109286343,19.8196790198014,0.758126814364427,0.450324014504645,0.636648487802864,-6.37097773780531,"LDHA",0.316150986764115,0.346474892724467,""
"LRRC2",0.0546025855129209,11.2641343828879,0.69184254499455,0.490808015053168,0.672003399714319,-6.41368829116547,"LRRC2",0.33370775553355,0.309088353718178,""
"THEM4",0.054353777359303,11.1326650435801,0.540368300669646,0.590417331052548,0.750725852172406,-6.45910604199544,"THEM4",0.372800255558182,0.228840902760191,""
"SLC27A1",0.0541815663651972,12.639466377136,1.24468141241932,0.216428640787954,0.398613640329514,-5.89204977298737,"SLC27A1",0.197946116486865,0.664685267996564,""
"MTX2",0.0541708073810643,13.6359504717463,1.4557934110185,0.148873585694717,0.320948782554693,-5.61421898582607,"MTX2",0.159378803608856,0.82718235130529,""
"TNNI2",0.0539091158785094,17.0433456711067,0.311250598812119,0.756318387549525,0.861529609982885,-6.60772891692541,"TNNI2",0.427823895824492,0.121295340944338,""
"DAP3",0.0538626753759628,11.215658403049,0.915014725135029,0.362699580184096,0.553807670115939,-6.22122129027371,"DAP3",0.275013362536887,0.440452947104529,""
"PANX1",0.0537963100580647,10.1467957993246,0.475728628384983,0.6357821242239,0.781033676821987,-6.39923791142,"PANX1",0.387850709385076,0.196691686959241,""
"SCFD2",0.0537126165910022,11.9363005853075,1.15924891786233,0.24940537554887,0.434526326032256,-5.98782088250055,"SCFD2",0.215779868140709,0.603094190207708,""
"RRAS",0.0536637909498729,12.609198808886,1.23301778853834,0.220728689064274,0.402935301183573,-5.90617929381328,"RRAS",0.200092194534087,0.656141216033803,""
"NADK2",0.0536040614477198,11.6443477564809,1.22879802824586,0.222369886823829,0.404899679566134,-5.90189486665582,"NADK2",0.201067678142267,0.652924024966371,""
"DARS2",0.0535906624350959,12.9344506076423,1.08245821869762,0.281894394362504,0.471634170602999,-6.07698067941493,"DARS2",0.234207119445768,0.549913560246303,""
"ECHS1",0.0535525091905988,16.0629161118216,1.10516513412465,0.271986631417381,0.461853894987401,-6.05260344654133,"ECHS1",0.229350367492477,0.565452441717068,""
"NDUFAF4",0.0534963860602655,11.702232717949,0.902899053872787,0.368951141676369,0.559356532110443,-6.25231582378054,"NDUFAF4",0.277768851992355,0.43303114144322,""
"RAB10",0.0534505254402697,14.9345006551583,1.73592794371618,0.0859439533471182,0.219924437761465,-5.18193408404824,"RAB10",0.109211486941221,1.06578467302412,""
"COX6B1",0.0534449024793933,18.753325461435,1.20309891689971,0.232042878756408,0.414093954244,-5.94183510350361,"COX6B1",0.205633429993841,0.634431755252935,""
"NDUFV1",0.0534009081877391,16.2003755789597,1.08106756427051,0.282509168336344,0.472386975759604,-6.07845761142162,"NDUFV1",0.234580952255649,0.548967453355087,""
"COPG1",0.0533752796957288,11.293016208871,0.804852418166707,0.422992014452996,0.608982687707967,-6.33490669490314,"COPG1",0.302412526425027,0.373667831470667,""
"CS",0.0533648751891231,18.2185684394738,1.1695495772208,0.245220950873911,0.429061810259237,-5.98080835438037,"CS",0.213066263872535,0.61044242787209,""
"ACAA1",0.0531769841494176,12.385257044378,1.0439618216662,0.299254320355368,0.489581464458023,-6.11718162604976,"ACAA1",0.243119501664084,0.52395957093675,""
"ARCN1",0.0530570864118536,11.8473965856116,0.857016686868827,0.39370022017929,0.583020908687493,-6.28733767439714,"ARCN1",0.289520259793246,0.40483434232782,""
"FUCA1",0.0529976558842149,11.0444122903789,0.647062671669447,0.520582840913504,0.694624357553775,-6.08964888999722,"FUCA1",0.344941015769782,0.283510150900993,""
"MIF",0.0529695949516,17.0184687840886,1.10979258413074,0.26999761124683,0.460118475237121,-6.04757518140306,"MIF",0.228488581629459,0.5686400781629,""
"NT5C1A",0.0529319867673008,14.7739736794163,1.08592101298058,0.280367588757326,0.470330370576604,-6.07329501255165,"NT5C1A",0.233559670071766,0.552272193406616,""
"GGCT",0.0529083753932653,13.9252568083364,0.727791117808546,0.468600421925043,0.653532267268697,-6.39325606190485,"GGCT",0.324535242190296,0.329197324702702,""
"AGT",0.0527304041016201,10.2558396717901,0.487236438895224,0.627466703920501,0.77743550236321,-6.46249506563283,"AGT",0.386063904849314,0.202409314766847,""
"CAST",0.0522525035221593,13.3770449683056,1.17418368176338,0.243369563084731,0.426082570434233,-5.97548866063639,"CAST",0.211586813864364,0.61373373757227,""
"AFM",0.052153616362367,10.6741959916221,0.40818673320536,0.684262626822394,0.816416869512334,-6.49882182306815,"AFM",0.405421522004962,0.164777179729029,""
"TIMM10B",0.0519855565443423,11.4000909258276,0.351055641778797,0.727037377150078,0.843556491198077,-6.1292986871122,"TIMM10B",0.418898689297016,0.138443261393014,""
"CTSG",0.0518818104323158,12.1645037071629,0.395019936480908,0.693758012029832,0.821028307434768,-6.57353334508122,"CTSG",0.407711499406165,0.158791988286922,""
"SNF8",0.0518657847260338,10.8972090263438,0.824214421176834,0.412085515275687,0.598903188022372,-6.29408725935944,"SNF8",0.297407183865137,0.385012650572226,""
"NUDT16",0.0518280975242531,11.1419975066101,0.668740816920893,0.506048481481743,0.685413491458732,-6.27900269682938,"NUDT16",0.340367024845921,0.295807874007286,""
"VPS35",0.051775759114987,12.3611021501149,1.70994149523077,0.0906670277168436,0.228076876121029,-5.22503990884349,"VPS35",0.113259877036051,1.04255062125399,""
"KTN1",0.0517023889400576,12.3743562282968,1.6211374272279,0.108430585964704,0.254931960110616,-5.36773537017489,"KTN1",0.126595746775163,0.964848195269515,""
"ACAT1",0.0515362283957757,17.0284133379999,0.980951349720187,0.329204292363725,0.522968862029993,-6.17991314886131,"ACAT1",0.259699229551748,0.482534510829978,""
"TOLLIP",0.0514950781406602,13.9803163188338,1.13372120260542,0.259874258633266,0.448404349935546,-6.02124795153942,"TOLLIP",0.222671506203814,0.585236736609741,""
"ENY2",0.0514333972080152,12.0652210271799,1.20965867910725,0.229596550316192,0.411398060882326,-5.92420797123035,"ENY2",0.204294685988581,0.639034641491386,""
"SEPTIN2",0.0514106968168901,12.3899414111786,1.54495313595253,0.125810568305528,0.284209563917115,-5.4844272967476,"SEPTIN2",0.141134606932448,0.900282875870123,""
"EIF3G",0.0513923365341551,11.8458080500539,1.10200862846859,0.273349230630308,0.463287341801575,-6.05602162778858,"EIF3G",0.230062197699346,0.563282144137457,""
"EIF2S3",0.0513579180514592,14.3718307508798,1.3223325353061,0.189354518213089,0.368527699160742,-5.79471228490809,"EIF2S3",0.183005846981065,0.722724327661708,""
"SRP9",0.0513221020143906,10.889410528271,1.18533508235537,0.238989242476443,0.422022901378611,-5.95787118707279,"SRP9",0.209570837383685,0.621621647329127,""
"PCNA",0.0512539772531975,11.5495232010236,0.511036067255994,0.610969808814389,0.765564157070003,-6.39055133048466,"PCNA",0.380168756112501,0.213980249969018,""
"UQCRQ",0.0512113770716791,15.8388383640393,0.71740300484204,0.474953621103752,0.658357652830303,-6.40067839943218,"UQCRQ",0.326931463081488,0.3233487968638,""
"MTOR",0.0511805105083312,10.2986350841951,0.84798912255122,0.398785316372634,0.587921150578174,-6.27491399924176,"MTOR",0.291953653320132,0.399260841172171,""
"YWHAG",0.0510464409823275,15.9051155101776,1.71133203883156,0.090409028088027,0.22769092662591,-5.22274872014882,"YWHAG",0.113068219761965,1.04378819946887,""
"ATP6V1G1",0.0508156961797193,12.5192024307872,1.07161999894446,0.286741231372242,0.476682348673344,-6.08368484257498,"ATP6V1G1",0.236713976068971,0.542509854071423,""
"SRI",0.0506973244548385,12.9947532930175,0.806006115928611,0.422329888369865,0.608858671639522,-6.33398916433825,"SRI",0.302350941730859,0.374348182380957,""
"SARS1",0.0503606252575217,12.0230741329201,1.34901602784885,0.180662016837811,0.358705559109687,-5.7599557699364,"SARS1",0.178128305718079,0.743133145788291,""
"DLST",0.0503438649515839,17.0041708823799,0.993809035169248,0.32293768101162,0.515996976129148,-6.16742242047735,"DLST",0.25623708576379,0.490881277681347,""
"PPP3CA",0.0503071704457652,12.0467407955954,1.07575269531892,0.284867249613785,0.47494423149747,-6.08408517229292,"PPP3CA",0.235850850701061,0.545357477505308,""
"MMUT",0.0501981819895132,12.9313872845266,1.0829926488356,0.281658381530818,0.471514556931848,-6.07641260065139,"MMUT",0.234147720922267,0.55027732059258,""
"ATAD1",0.0501772974113122,12.8787872116978,1.14721612397567,0.254284268321727,0.441416543313186,-6.00615961053617,"ATAD1",0.219201456401921,0.594680507273769,""
"ETFDH",0.050089153078356,14.8360511843444,1.00028069741677,0.319813612820884,0.513205943082113,-6.16107525709192,"ETFDH",0.254851096683762,0.495103054513579,""
"MYH14",0.0499664607669139,13.2561755807552,1.64030729972365,0.104376014008956,0.24857229995036,-5.33753806974782,"MYH14",0.123437625969617,0.981399292333681,""
"SND1",0.0499628739932412,12.0719162326734,1.22540186114731,0.223639986395496,0.406180102033899,-5.90596948235018,"SND1",0.201703518538364,0.650450542832436,""
"EIF3J",0.0499337684648173,11.954110700057,1.42260646674036,0.158251798292531,0.332604541466739,-5.66065158509912,"EIF3J",0.16516689507868,0.800651346182105,""
"CCT2",0.0499139708536456,13.8182963574738,1.55410360312542,0.123613119792685,0.281170794703044,-5.4706924157774,"CCT2",0.139625595438692,0.907935432554786,""
"HINT3",0.0497608856561387,13.2464703890093,1.68260829758384,0.0958617290071052,0.235222359019147,-5.26972197314867,"HINT3",0.116808226733609,1.01835474213462,""
"PTBP1",0.0496206512838704,14.1001716470133,0.683024795142468,0.496396369872295,0.677140407450737,-6.40488991012436,"PTBP1",0.336258723761698,0.304171403140663,""
"VCP",0.0495926706620491,15.2375081722088,1.92200615502772,0.0577176280538448,0.167189780537232,-4.85562706850921,"VCP",0.0830241728463646,1.23869152484627,""
"CPNE3",0.0495098080634788,11.2689894092204,0.929507806709785,0.355099575937887,0.543941947962578,-6.22351367876541,"CPNE3",0.270114178994191,0.449649846335236,""
"SAR1B",0.049200770616924,16.0476451849567,1.06038589001569,0.291761108417042,0.482173095683052,-6.10020395515648,"SAR1B",0.239440606412792,0.534972599781708,""
"ASS1",0.0485994457120844,12.6455992905282,0.492155055264062,0.62380192563228,0.774617122557241,-6.53077824385438,"ASS1",0.384664335740452,0.204953288940558,""
"HEBP1",0.048568434903947,11.3067056778682,0.960260556850035,0.339455663324769,0.532501330645204,-6.19967907587918,"HEBP1",0.264432923916431,0.469216941356421,""
"GATD1",0.0484371723274091,11.1632679878652,0.804392688389447,0.423483076274243,0.608982687707967,-6.28570581882021,"GATD1",0.302412526425027,0.373163940770275,""
"PEPD",0.0483875102754121,13.6181438379141,1.00833028696246,0.315955960452491,0.507868638618531,-6.15312430177275,"PEPD",0.252200663823008,0.500373447335252,""
"HSP90AB1",0.0483789359463955,16.9199422863216,1.29018857699063,0.200237405000042,0.382077498488761,-5.83569397146717,"HSP90AB1",0.18973449318078,0.698454791653255,""
"FBP2",0.0480170813594878,17.04451100842,0.810719750112606,0.419631077467381,0.60794953394789,-6.33022697507216,"FBP2",0.301899476308698,0.377132355862646,""
"RTN2",0.0477488071449201,15.2925635918616,0.889975748289761,0.375813750659131,0.565397485243606,-6.26373547749593,"RTN2",0.280768707219588,0.425027333532646,""
"TGFBI",0.0474820163129186,12.8623428032107,0.879891327866861,0.381224116647235,0.571107761369466,-6.27253418884316,"TGFBI",0.283604352739012,0.418819633229095,""
"CD9",0.0473983106761544,17.3042004067639,0.933978594444024,0.352801134237299,0.542741841505152,-6.21941100331304,"CD9",0.269518222437306,0.4524700273038,""
"HP1BP3",0.047269636244601,11.1491476447937,0.686096559840698,0.49440685042981,0.675390864314507,-6.41760442271025,"HP1BP3",0.335389924417157,0.305915520356025,""
"FRMD8",0.047183358913685,16.0732212091554,0.786959095414343,0.433340149400669,0.619119076860576,-6.34897126386835,"FRMD8",0.307446119521088,0.363171071280938,""
"PGPEP1",0.0470315802857346,10.3582242564062,0.497282082030556,0.620252311415309,0.773192165351569,-6.50772357831162,"PGPEP1",0.383956721357788,0.207431608622793,""
"IGHG1",0.0470263255302381,17.608234408255,0.616169134767434,0.539313329034316,0.709023853675389,-6.46747899325562,"IGHG1",0.352091609849516,0.268158846067265,""
"RRAGA",0.0470226576173172,11.6248630997385,0.667703823208903,0.506003903386212,0.685413491458732,-6.43472796594334,"RRAGA",0.340367024845921,0.295846132937762,""
"TSNAX",0.0470068827714467,12.6220297662652,0.676551166651204,0.5004169135618,0.681327731243762,-6.42403856933651,"TSNAX",0.338338091850098,0.300668020036924,""
"LRRC47",0.0469023677332778,12.7457213679846,1.03577509193672,0.303037714975077,0.493189148846434,-6.12554770050207,"LRRC47",0.244911028701658,0.518503317417635,""
"ATP5F1B",0.0468996834361199,20.1090391117739,0.972810478023884,0.33321315216894,0.525874941693932,-6.18773936243393,"ATP5F1B",0.261142349218206,0.477277865003343,""
"TFAM",0.0467819599448092,13.101776202507,1.08731880644125,0.279752898089257,0.470207781609185,-6.07180400555988,"TFAM",0.233498794056573,0.553225405719529,""
"BCL2L13",0.0466735780160805,14.4816715589747,1.514298543209,0.133398172958627,0.296371444728236,-5.5298790073665,"BCL2L13",0.147174031658977,0.874850118541061,""
"RFTN1",0.0466545383010226,10.4364169917286,0.658564926503481,0.511945429529099,0.689490414018044,-6.41087165477936,"RFTN1",0.342391569182052,0.290776329878596,""
"TRIP10",0.0466368050409658,13.6159769372637,1.22181416587868,0.224917464124452,0.406952936982753,-5.91963044547833,"TRIP10",0.202087297870863,0.647976821672352,""
"GRHPR",0.0465893046655461,15.254390543866,1.27196402139729,0.206610334686036,0.388801851090072,-5.85849751052337,"GRHPR",0.193073715296254,0.684847958785115,""
"ACTR1A",0.0465739480741263,14.9739537025307,1.40226443936502,0.164221095037139,0.338359208034823,-5.68860652805021,"ACTR1A",0.16802458428843,0.784571056292208,""
"SRSF7",0.0463966023569702,12.4811081244412,0.714895107650793,0.476494581380053,0.658771572713571,-6.40245449215028,"SRSF7",0.327137010070201,0.321942033724758,""
"GATC",0.0462926051787873,10.5330359911352,0.633347754356672,0.528140527145251,0.699145843324845,-6.4420209227615,"GATC",0.3471863241551,0.277250505413925,""
"ABCF1",0.046168471441284,13.7209729841054,1.19256717574347,0.236123525507218,0.419027878701973,-5.95418452167732,"ABCF1",0.208083549825887,0.626860741049267,""
"DYRK1A",0.0461476656995208,10.5780916850891,0.630898056302222,0.529873195969927,0.700468902052496,-6.40526228818365,"DYRK1A",0.347843337138414,0.275828049039697,""
"LIN7C",0.0460950362571726,11.0921591864674,0.590615478070612,0.556393246572455,0.723513178165452,-6.43784981241775,"LIN7C",0.359286811476221,0.254618150056908,""
"PIN4",0.0460312656598765,11.5092104873153,0.763898513848294,0.446937630329396,0.63349319907223,-6.35711927206205,"PIN4",0.314584113261976,0.34975307797245,""
"NDUFA11",0.0459885299409581,13.7513935828358,0.696551223328596,0.487850086117254,0.669234700712201,-6.41525858767377,"NDUFA11",0.332332857236699,0.311713614010619,""
"GLRX2",0.045958619831258,10.0176808103337,0.486428121020699,0.628111572769169,0.77761026676304,-6.44016979983164,"GLRX2",0.38615069047516,0.201963204775375,""
"STAM",0.0459380217890857,11.4240490065339,0.86480113518932,0.389460813674755,0.578895936323061,-6.27601800250261,"STAM",0.287471854576907,0.409536233141508,""
"MRRF",0.0457984315586586,11.6382339992275,0.656623994929319,0.513759870505981,0.690635923485058,-6.28292581845988,"MRRF",0.342960413615491,0.289239821242196,""
"SRL",0.0457745916594678,17.9630541476937,1.1817677354817,0.240361210154861,0.423923217417742,-5.9667385799598,"SRL",0.210514508502748,0.619135618095913,""
"WDR1",0.0455411649411896,16.404154295489,1.45059835179876,0.150312498215414,0.323061164859692,-5.62155498812406,"WDR1",0.160427783953493,0.823004907102239,""
"MRPS31",0.0453408680260319,10.8701520461441,0.64716998105523,0.51927688069131,0.694624357553775,-6.41180615201582,"MRPS31",0.344941015769782,0.284601012686478,""
"NDUFA5",0.0451867595340376,15.927417075472,0.953325689313588,0.342937663187138,0.534855651090868,-6.20621159896274,"NDUFA5",0.265602047453698,0.46478481580045,""
"DNPEP",0.0450490965570616,14.0785009898755,1.37635748243208,0.172071156504411,0.348766573226056,-5.72365083564794,"DNPEP",0.173192740402612,0.764291922355764,""
"MYL12B",0.0445531032553523,14.0125625839318,0.655025678872492,0.514095172804479,0.690762665380983,-6.44302668976451,"MYL12B",0.34302335191854,0.288956474005404,""
"GAMT",0.0445240322563789,14.8216065471005,1.07283402385408,0.286167935594682,0.476281825443879,-6.08716406137076,"GAMT",0.236515081676472,0.543379029466594,""
"DUSP13",0.0444469570550918,11.0533142137041,0.54858261681327,0.584689487741681,0.747088752504529,-6.48606258249438,"DUSP13",0.370994121292588,0.233074714366618,""
"ATXN10",0.044281858272087,11.0193716619604,0.643968545868981,0.521225133800344,0.694624357553775,-6.44532880539923,"ATXN10",0.344941015769782,0.282974650504313,""
"MTHFD1",0.0442787279477423,14.5308379031719,1.65624165877081,0.10109971314831,0.243693673577003,-5.31218309201183,"MTHFD1",0.121014966414871,0.995250076637316,""
"BCS1L",0.0442327626695409,13.2122146861298,0.973420464450828,0.332911667358368,0.525688616335583,-6.18715516605986,"BCS1L",0.261049822577478,0.477670984114689,""
"ELOC",0.0441859227083627,14.3781553051044,1.11908468453217,0.266034263559408,0.456013277129943,-6.03741650025457,"ELOC",0.226449996040532,0.575062425337039,""
"FASTKD2",0.0440905864162708,11.9464078929829,0.899240352865837,0.370911953441724,0.560671760845981,-6.2507808836557,"FASTKD2",0.278421976707998,0.43072917036476,""
"GPX7",0.0440135619941593,10.9304657915332,0.402879925258286,0.688175604352507,0.818491531592823,-6.4881334408467,"GPX7",0.406451770998739,0.162300727069462,""
"CHCHD2",0.0439262514669627,11.1384322139365,0.636813687635865,0.525909391345182,0.698450563297169,-6.43288429691502,"CHCHD2",0.346841057542458,0.279089073771115,""
"LRRFIP2",0.0438719802549166,11.7354816124571,0.589382698971295,0.557106737250744,0.724112430367634,-6.4687676929722,"LRRFIP2",0.359584391975775,0.254061589461704,""
"SDHA",0.04384755759075,16.058770998393,1.06477168390999,0.289782030337584,0.479789311928086,-6.09562660004871,"SDHA",0.238256851796543,0.5379285490484,""
"LARP1",0.0438369272369767,10.6893642584702,0.493498594757803,0.622911481464609,0.773846686552912,-6.50958183860735,"LARP1",0.3842817476912,0.205573664163956,""
"ANK3",0.0437621843386209,13.2968439319523,0.944769258771547,0.347265709222918,0.537109294459192,-6.21420765471942,"ANK3",0.266721176122595,0.459338099011476,""
"RAD23B",0.0436484196368934,12.6705506349499,1.06491988779208,0.289715314575492,0.479789311928086,-6.09547160116382,"RAD23B",0.238256851796543,0.538028547047407,""
"TMED9",0.0435520715709767,12.8495407876134,0.94512064918514,0.347087274896474,0.537109294459192,-6.21388066892478,"TMED9",0.266721176122595,0.459561308378569,""
"SAR1A",0.0434571817008811,13.9937994029514,1.27033946331547,0.207185611184923,0.38886310521021,-5.86051505652534,"SAR1A",0.193104133259849,0.683640409158351,""
"RBMX",0.0434551408851318,10.9310666726396,0.571029048543705,0.569461133397942,0.733517127334158,-6.46961704010136,"RBMX",0.364254636676183,0.244535911842684,""
"NDUFAB1",0.0432797195379777,17.6850425570563,1.05297235363478,0.295127398905668,0.484441652499223,-6.1078993934709,"NDUFAB1",0.240567140897211,0.529990469791201,""
"TIMM9",0.0431437711129803,12.5566408347609,1.08907977406907,0.278979824940263,0.470050663303229,-6.06992294636998,"TIMM9",0.233420771241129,0.554427202582773,""
"PPP1R14C",0.0430484272739964,12.3889635832114,0.503374642406069,0.616340460030612,0.769687040717967,-6.33739160359774,"PPP1R14C",0.382216124100629,0.210179321817805,""
"TMEM70",0.0429921154167525,12.7909225210382,0.542316290683972,0.589287734988647,0.749622125378367,-6.38244185127214,"TMEM70",0.372252159832301,0.229672597903974,""
"NARS2",0.0428697922973207,11.6001876234555,0.554583582794752,0.580935499970118,0.743950466002841,-6.38418544881336,"NARS2",0.369435690866277,0.235872083723369,""
"RPS23",0.0427550514784834,10.9366190395746,0.506227382821213,0.614000383088474,0.767801336691738,-6.49958178103466,"RPS23",0.38127970910859,0.211831357892776,""
"ATP5PD",0.0426982797999909,17.4297031756758,0.946898928858353,0.346185182927981,0.53664567290074,-6.21222406557767,"ATP5PD",0.266490947957449,0.460691524300964,""
"CTBP1",0.0426583160939655,12.0477410672275,1.05804631697217,0.292820602435935,0.482967252416447,-6.10263817871012,"CTBP1",0.239834973853725,0.533398370204269,""
"DNM2",0.0426140477117416,13.1226705207516,1.45555297415896,0.14893994445141,0.320948782554693,-5.61455906165303,"DNM2",0.159378803608856,0.826988812466937,""
"EEF2",0.0421365006800265,16.3654708041305,1.58558474103378,0.116284897426025,0.269502254671304,-5.4228525383717,"EEF2",0.133831157038528,0.93447668587728,""
"PLAA",0.0420027453922849,13.310296151833,1.3798442217539,0.170998315271761,0.347082982697499,-5.71897079608573,"PLAA",0.172356692226723,0.767008168390196,""
"RHOA",0.0419961136544975,14.0087360022092,1.02566634457752,0.307753764960369,0.497755242876081,-6.13578915230902,"RHOA",0.247178488941943,0.511796625345433,""
"CAPN1",0.0419432266959765,14.817393816435,1.35611964365272,0.17839947929703,0.354818117741351,-5.75059056421957,"CAPN1",0.176197855166271,0.748606417553824,""
"NDUFA1",0.0417192451573793,13.6357718679607,0.864419056061822,0.389619041062507,0.578895936323061,-6.28584218325963,"NDUFA1",0.287471854576907,0.409359826879906,""
"MKRN2",0.0414688213759513,11.7944353734759,0.765985322449833,0.445679029573834,0.632021820266505,-6.3602618268102,"MKRN2",0.313853446543613,0.350977800184918,""
"RPL11",0.0413789622503131,12.1559655808542,0.696909645361783,0.487626797491344,0.669234700712201,-6.41501156111773,"RPL11",0.332332857236699,0.311912435779597,""
"ABCE1",0.041344835273434,12.6250949102037,1.14182240435022,0.25650821804484,0.443932701036541,-6.01221100394805,"ABCE1",0.220450946131863,0.590898716344163,""
"GSS",0.0410625978891312,13.2563699414728,1.04389825070819,0.299283574923397,0.489581464458023,-6.11724683733053,"GSS",0.243119501664084,0.523917117158715,""
"RPLP0",0.0409542608992233,14.5799239706158,1.17617359024136,0.242577639232589,0.425736383368402,-5.97319809539168,"RPLP0",0.211414902072278,0.615149234819283,""
"ATRN",0.040869387746409,14.6361717299718,0.406302060058467,0.685655521328814,0.81708470857729,-6.4948482738976,"ATRN",0.405753161808449,0.163894022429024,""
"HNRNPM",0.0408458021684419,13.7865545218122,1.10508765916188,0.272020019099348,0.461853894987401,-6.05268745811735,"HNRNPM",0.229350367492477,0.565399133228849,""
"PGP",0.040787522458591,14.3806529720182,0.846901620973081,0.399260405932517,0.588318932340665,-6.30062894285221,"PGP",0.29215118633739,0.398743756015583,""
"LUC7L2",0.0407493848816465,9.10853308128213,0.364276808194232,0.717417449866544,0.837181763565763,-6.15540089498381,"LUC7L2",0.415733086189619,0.144228064113099,""
"NDUFA2",0.0406326062061808,14.7980282099492,0.609386373209113,0.543779119546996,0.713912485855103,-6.4715954320076,"NDUFA2",0.354519238151716,0.264577472805198,""
"ARPC5L",0.0402798882128623,10.7078460148892,0.648052498433342,0.518668168516203,0.694624357553775,-6.42313800815776,"ARPC5L",0.344941015769782,0.285110404526104,""
"EPRS1",0.0396256052667621,12.7575809582338,1.27844753615512,0.204326179054774,0.385009092157121,-5.85042083603247,"EPRS1",0.19119028275509,0.689675986325694,""
"AHCY",0.0396209328351587,14.6135929229374,1.35646781552353,0.178289138227149,0.354818117741351,-5.75013033039114,"AHCY",0.176197855166271,0.748875114209398,""
"SCCPDH",0.0396090072097461,12.1830494604367,0.940592345941614,0.349391267597852,0.539232834106324,-6.21808534346993,"SCCPDH",0.267775697051703,0.456687953621716,""
"SEC23IP",0.0395891997025917,11.8645668302072,0.899974844407281,0.37052305311608,0.560597626075343,-6.25012968818884,"SEC23IP",0.278385162388417,0.431184766012208,""
"ELAVL1",0.0395732395758905,12.25685425237,0.85571701429169,0.39439041401647,0.583543069990296,-6.29322494979441,"ELAVL1",0.28977955799986,0.404073649487278,""
"YWHAZ",0.0393891652843283,15.4715375032791,1.08956952965527,0.278765082665332,0.470050663303229,-6.06939926429424,"YWHAZ",0.233420771241129,0.554761625679677,""
"RAD23A",0.0393732930121429,13.4682842577476,1.03745909502002,0.302256844926179,0.493038200090171,-6.12383205959142,"RAD23A",0.244836069600745,0.519623855297601,""
"ZYX",0.0393471467507265,10.9267493095922,0.598374226414562,0.551085471999227,0.720422171128316,-6.47337305516667,"ZYX",0.357751859389462,0.258781037919792,""
"COQ8A",0.0392565697903979,16.5836188883631,0.715298487476377,0.476246539674903,0.658746420226,-6.40216923356637,"COQ8A",0.327124519686704,0.322168166813552,""
"TPSB2",0.03914594750586,14.2119396007534,0.380015554788735,0.704814844651494,0.829227974043999,-6.58412298982397,"TPSB2",0.411783342407932,0.151924957487131,""
"CTNNA1",0.0390408696277946,10.3776302029782,0.355331326004042,0.723248615688896,0.840668699859193,-6.54274988882725,"CTNNA1",0.417464651364235,0.140712388926781,""
"RPS3A",0.038937880807925,13.2964897606538,0.696258827467692,0.488032283492149,0.669234700712201,-6.41546001549538,"RPS3A",0.332332857236699,0.311551448327709,""
"MAPKAPK2",0.0389173773883096,11.9035293304887,0.484369093165053,0.629320970580924,0.778099181054757,-6.52464491725993,"MAPKAPK2",0.386393478667908,0.201127796210826,""
"EIF4G1",0.038818402072617,13.0380527868181,1.24049635460589,0.217964448757681,0.400294636766217,-5.89713441479473,"EIF4G1",0.198780876471994,0.661614336521301,""
"G3BP2",0.0387462988222582,13.0485776707058,1.13285300285284,0.260236830359108,0.448759780871964,-6.02221272489378,"G3BP2",0.222848008376407,0.584631239327847,""
"TIMM23",0.0387216193837387,9.47240454488461,0.332672222049874,0.740658758428538,0.850271432706554,-6.35322547826264,"TIMM23",0.422233237991689,0.130381837183918,""
"MPC2",0.0386158933077594,14.0677316536914,0.677017668709854,0.500103429083108,0.681224537905033,-6.42853104982513,"MPC2",0.338286847440519,0.300940167594371,""
"SEC22B",0.0385329211783914,13.4890238348242,0.835390504408049,0.405674721468896,0.593399940993977,-6.31018344552479,"SEC22B",0.294674346181915,0.391822053347201,""
"UACA",0.0385241035815449,10.9888155793877,0.575815715957693,0.566574184076925,0.731112837264506,-6.36319929341731,"UACA",0.363060698902748,0.246743217970123,""
"SH3GLB1",0.0383743912982517,13.328657434987,1.1105437125406,0.269675712186128,0.460053923288954,-6.04675706412473,"SH3GLB1",0.228456526009283,0.569158165666215,""
"TWF2",0.0381552333962158,14.320674095151,1.02180903550934,0.309566268097667,0.499840520770656,-6.13967123566217,"TWF2",0.248214009604723,0.509246368328823,""
"PDHA1",0.0381060970284661,17.7813136680913,0.877255912508069,0.382646008149062,0.572670213762513,-6.27481736007819,"PDHA1",0.284380245363116,0.417202812970561,""
"ALDH4A1",0.0378773398866974,16.3581640395721,0.88455337970634,0.37871687652638,0.568273595876757,-6.26847877062451,"ALDH4A1",0.282196944672647,0.421685341251049,""
"NDUFA12",0.0377968302600804,13.3390452689513,0.643752213776117,0.521347017349506,0.694624357553775,-6.45027359070023,"NDUFA12",0.344941015769782,0.28287310673486,""
"PSMD1",0.037713476228534,12.5739916624377,1.39585643803443,0.166136783909926,0.34065846823285,-5.69733288407535,"PSMD1",0.169166365655009,0.779534200899141,""
"NDUFS1",0.0376757566728578,17.7525509157817,0.860945009088239,0.391519583450625,0.581095352754786,-6.28879835813922,"NDUFS1",0.288564054886051,0.407246510050907,""
"LYRM7",0.037654677108895,14.0742214601394,0.645607797469833,0.520149713209512,0.694624357553775,-6.44908933856919,"LYRM7",0.344941015769782,0.283871636629326,""
"GLTP",0.0375995434965937,12.2199633807484,0.649938960472631,0.517378644306851,0.693873277764826,-6.4415054646048,"GLTP",0.344568039754031,0.286191501501004,""
"S100A8",0.0374670903181311,13.7438996617737,0.206921000421273,0.836531503027315,0.912290444321265,-6.63459068509279,"S100A8",0.453031036299186,0.0775176992523284,""
"YAP1",0.0374456521618818,10.1702267437047,0.458622005980526,0.648072309939754,0.792057671764322,-6.38105320745139,"YAP1",0.393325075453437,0.188376534166774,""
"CCT8",0.0373971729808273,14.3807565620463,1.24472411314447,0.216413011632447,0.398613640329514,-5.89199780840897,"CCT8",0.197946116486865,0.664716631225857,""
"TRIM54",0.0373433205653173,13.4051699011442,0.834032616635985,0.406435479473544,0.593399940993977,-6.31130203652068,"TRIM54",0.294674346181915,0.391008387665518,""
"CLYBL",0.0372740260343596,11.2261919925328,0.380458127108055,0.704607856052416,0.829227974043999,-6.52338604079736,"CLYBL",0.411783342407932,0.152052518944737,""
"HADHB",0.0372048527291113,17.4822965607487,0.804438445911572,0.423229750470062,0.608982687707967,-6.33523560932602,"HADHB",0.302412526425027,0.37342381164665,""
"ME1",0.0369257593284242,14.0312574957302,0.86538999712216,0.389088891086403,0.578895936323061,-6.28501388575123,"ME1",0.287471854576907,0.40995116860193,""
"RPS12",0.0368937192861445,15.5846222913474,1.02408233678935,0.308497205526873,0.498407011651068,-6.13738506291958,"RPS12",0.247502148457833,0.510748765600774,""
"VDAC2",0.0366090553699152,17.1009624344326,0.955805651663762,0.341689816936048,0.53337854865943,-6.20388084715784,"VDAC2",0.264868538460592,0.466367963883068,""
"TKFC",0.0365594063834322,12.0905879884495,0.851139399057994,0.396939214282204,0.585802156608031,-6.29228912296983,"TKFC",0.290901389712439,0.401275994302443,""
"SDR39U1",0.0362557144095916,11.7149144909063,0.677666475625164,0.499693786016994,0.68119926573059,-6.42809620372408,"SDR39U1",0.338274297622149,0.301296051228436,""
"RPS20",0.0362043829305554,12.990480189173,0.648818306778509,0.518081560066102,0.694356726831613,-6.44703238305405,"RPS20",0.344808113990353,0.285601865161357,""
"OXSR1",0.0361425252200815,15.1246602916825,0.889261919951358,0.376195132717587,0.565674318136728,-6.26436153693186,"OXSR1",0.280906178672055,0.424586827731861,""
"CRKL",0.0360903861374462,13.0677591212337,0.978822301293734,0.330249632687148,0.523793828047242,-6.18196607157901,"CRKL",0.260108896464332,0.481157656747602,""
"RALA",0.0359434346182352,13.4847608464645,0.607194655283009,0.545226140572107,0.714829880548792,-6.47291591922835,"RALA",0.354974803888883,0.263423330324404,""
"ADRM1",0.0359133925781601,10.8333157512432,0.564836431668543,0.573598574781442,0.736558775402493,-6.48790119023547,"ADRM1",0.365765077769842,0.241391936429036,""
"RACK1",0.0357548835686199,13.8903796639274,0.772371898509713,0.441885358581504,0.628507909525851,-6.36020635805072,"RACK1",0.312108486225097,0.354690388101891,""
"COX4I1",0.035662257885269,18.3553213982685,0.799076048746662,0.426316446774843,0.612442574665012,-6.33948113236157,"COX4I1",0.304130659266804,0.370267912471849,""
"ALDH1L1",0.0355723189128767,14.7433891075787,0.593890021297269,0.55405163510153,0.722297244675891,-6.48083053563685,"ALDH1L1",0.358682995430273,0.256449759107874,""
"PNP",0.0355000359023503,13.5251728447903,0.387136685809531,0.699554321959661,0.826569586889716,-6.58141085392186,"PNP",0.410463223475539,0.15517855592365,""
"GMPS",0.0353405692776292,11.0190431043849,0.474096828307957,0.636836887166226,0.781659322748781,-6.44847455543588,"GMPS",0.388161396649571,0.195971789132228,""
"DNAJA3",0.0352572402766684,12.2590360579425,0.768945830278864,0.443906484852631,0.629819794845366,-6.36281504474037,"DNAJA3",0.312759950645782,0.352708510493574,""
"SLC16A3",0.034949853418623,11.7608425518587,0.538977379948155,0.591226369595677,0.751270041149755,-6.50684273962561,"SLC16A3",0.373070492408612,0.228246203986545,""
"SLC25A20",0.0349165015029005,12.2925461839848,0.509426577379995,0.611680119055482,0.765869471914815,-6.52701381027615,"SLC25A20",0.380320371315098,0.213475634795336,""
"SORBS1",0.0348924898026306,14.0557656239967,1.19656890652448,0.234566971411142,0.416781735935731,-5.94950451989941,"SORBS1",0.206968145854048,0.629733139465644,""
"CKAP5",0.0348511587175206,9.01371963576868,0.300162113043799,0.764937212135458,0.866868347164975,-6.48803919010449,"CKAP5",0.430475040153785,0.116374211306773,""
"SPEG",0.0348251800638115,12.9871726957889,0.763225676909642,0.447292881268491,0.633683340442656,-6.36714499059963,"SPEG",0.314678534882441,0.349408013632428,""
"CASTOR2",0.0347913503655874,10.8472428634181,0.347640782797226,0.72931720242191,0.844469848082038,-6.38145735613747,"CASTOR2",0.419352249912747,0.137083542602089,""
"RPL21",0.0347063043608653,12.8828224213185,0.564961741387586,0.573482842564248,0.736558775402493,-6.49743874449036,"RPL21",0.365765077769842,0.241479570772538,""
"OLA1",0.0345411116589585,14.4390092492868,0.794463194593716,0.428982340079025,0.614968594995717,-6.3431108265616,"OLA1",0.30538504663352,0.367560586053261,""
"KLHL31",0.0344297590634888,12.1984816753581,0.724526543547575,0.470612211351484,0.655511369085156,-6.39079844750575,"KLHL31",0.325518037255654,0.327336808027485,""
"COPS8",0.0344263509375402,12.8859140399645,0.875785168629241,0.383440956405221,0.572962346745237,-6.27608860036976,"COPS8",0.284525314632146,0.41630150076728,""
"NIT1",0.0343936321550666,12.9879174971046,0.837444416914735,0.404525659331751,0.592422350355033,-6.30848808374756,"NIT1",0.294188887956419,0.393053925590015,""
"MT-ATP6",0.0342709938814645,15.4582236572681,0.485277596477925,0.628652563562777,0.777701351174029,-6.53411192305098,"MT-ATP6",0.386195921755787,0.201589309110875,""
"CAB39",0.0341714391338082,14.4720410431842,0.808287369102295,0.421022458440997,0.608858671639522,-6.33217108097421,"CAB39",0.302350941730859,0.37569473714093,""
"RCN1",0.0340164906173364,12.1539216759405,0.669043187829856,0.505171696770442,0.685197388993889,-6.42903669106178,"RCN1",0.34025971129879,0.296560989630464,""
"STBD1",0.0340037775434254,15.1905731556288,0.931868139995659,0.353857883386602,0.54349233321865,-6.22613021861111,"STBD1",0.269890906422781,0.451171124565825,""
"MYPN",0.0339929635261189,14.8636291840428,0.959698927179687,0.339736797192415,0.53259205419017,-6.20020984753454,"MYPN",0.264477975995896,0.468857411763661,""
"AK2",0.033797232024833,14.3388768096465,0.820661816113514,0.413972607685449,0.601340848264823,-6.3222208298713,"AK2",0.29861769281287,0.383028394928941,""
"PDCD10",0.033754237194767,11.3257753169502,0.461285170443313,0.645689098294864,0.789481636396365,-6.55019103366317,"PDCD10",0.392045851298944,0.189976546086576,""
"COA6",0.0335022583728231,11.683701279703,0.793227183479442,0.429698334541963,0.615449988404431,-6.34407988073443,"COA6",0.30562410005798,0.366836329584975,""
"EMC4",0.033462801222516,11.7371718488381,0.755105947030222,0.452191037984211,0.637471478043653,-6.35900953185314,"EMC4",0.316559672532962,0.344678049227663,""
"EMC2",0.0332723445317002,11.5897964893886,0.594086694552957,0.553936837685259,0.722297244675891,-6.47590522719839,"EMC2",0.358682995430273,0.256539752615615,""
"PALLD",0.0332579948092535,11.6512422432226,0.641958630604665,0.522505684878271,0.695541705927137,-6.45141506343755,"PALLD",0.345396558504904,0.281908980053593,""
"PGLS",0.0330624923162199,13.1782427210268,0.897020607353397,0.372062870378007,0.56122746658072,-6.25753035098575,"PGLS",0.278697932623631,0.42938366777615,""
"UROD",0.032987252754709,11.8017301811277,0.655677415133648,0.513677569079185,0.690635923485058,-6.44260392478294,"UROD",0.342960413615491,0.28930939833606,""
"TBCC",0.0328946865112076,12.405893494843,0.746890505851269,0.45708800254927,0.642396080859138,-6.36945808858177,"TBCC",0.319005163364033,0.340000177737204,""
"PSMD8",0.0327825592809239,14.0535158979391,0.801262994986877,0.425055990958424,0.610938049190994,-6.33775306105291,"PSMD8",0.303383532363442,0.371553858272873,""
"COPB1",0.0327670882991153,10.62363862613,0.598175551916271,0.551251158857082,0.720422171128316,-6.4634639230537,"COPB1",0.357751859389462,0.258650484535974,""
"GLRX3",0.0325293442462522,13.5252744050525,0.707291494029861,0.481183541634948,0.663015399195077,-6.40780178135943,"GLRX3",0.32924443662581,0.317689235653396,""
"ARL1",0.0324767227755665,12.400724158443,0.470635140291849,0.639021701459627,0.783015077410338,-6.54586855540112,"ARL1",0.388834645989314,0.194484392758458,""
"NFS1",0.032454048714821,12.1419884991752,0.370845189485719,0.711610340101051,0.834903703796669,-6.58754165599937,"NFS1",0.414601832667927,0.147757749997608,""
"RO60",0.0323878218285554,12.4813771596773,0.722765826551986,0.47166782141745,0.65599057036069,-6.39685981758852,"RO60",0.325756002096569,0.326363751605758,""
"DBT",0.0323111228338222,13.3224222059361,0.719555656236838,0.473633159849695,0.657794556457063,-6.39914898767507,"DBT",0.326651837075216,0.324557899537654,""
"UQCRC2",0.0322894520816721,17.6214501219156,0.620429164131341,0.536518091528562,0.70632101530586,-6.46487049393375,"UQCRC2",0.35074941704774,0.270415628929062,""
"GNA11",0.0320604103814048,11.8640427020001,0.356368619266488,0.722676583227686,0.840580798510774,-6.42698150438029,"GNA11",0.41742100074922,0.141056017427785,""
"OSBPL9",0.0319222902646308,9.66651443559368,0.387094800989933,0.699671255336515,0.826569586889716,-6.53978382950913,"OSBPL9",0.410463223475539,0.15510596788458,""
"HNRNPA2B1",0.031838939033662,15.5964356385176,1.10617010775375,0.271553798422425,0.461609244530647,-6.05151316323856,"HNRNPA2B1",0.22922887740054,0.566144118032975,""
"NDUFA8",0.0318175386806612,17.9255762063434,0.643459257126789,0.521536177551809,0.694624357553775,-6.45046024987608,"NDUFA8",0.344941015769782,0.282715560360811,""
"LYRM4",0.0316717462484171,10.288326796349,0.375720818860458,0.708484234089039,0.83251980930676,-6.38403815655558,"LYRM4",0.41341802306221,0.149669809671024,""
"UBE2M",0.0315744159694606,13.1272019292942,0.702273302993865,0.484292069864986,0.666652903681369,-6.41129988125941,"UBE2M",0.331050771918726,0.31489264233499,""
"NID1",0.0315199392177492,14.6060043993732,0.910726785375062,0.364833192929402,0.555585510592809,-6.24532024575674,"NID1",0.275896213956218,0.437905655951384,""
"LMNA",0.0314783925447575,15.5919732263148,0.957919578189818,0.340628484065102,0.53259205419017,-6.20188942365153,"LMNA",0.264477975995896,0.467719038243473,""
"RPL27",0.0314289227633076,13.146977267187,0.58703856003929,0.558624049111174,0.725110011568254,-6.4848384460403,"RPL27",0.36007977724252,0.252880371586221,""
"MAP2K1",0.0314048883071818,13.2807580222607,0.716877411833314,0.475276337650348,0.658357652830303,-6.40105113370147,"MAP2K1",0.326931463081488,0.32305380717314,""
"LDHB",0.031303593035954,17.0586632355221,0.363255652925262,0.717252091559046,0.837181763565763,-6.59030803480079,"LDHB",0.415733086189619,0.144328176645955,""
"AGK",0.0312993512947122,11.7245634578951,0.573007234427604,0.568045810891522,0.732352358981152,-6.49290231710913,"AGK",0.363676228541695,0.245616638558119,""
"WDR26",0.0312919864539873,9.85947633502393,0.284857088904618,0.776601141246604,0.875930291543788,-6.48500939914686,"WDR26",0.434975078577265,0.109801975576298,""
"CARS1",0.0312224957512424,11.210149234662,0.514958878036437,0.607866041013064,0.763763293969067,-6.50948927814363,"CARS1",0.379274471970945,0.216192118192447,""
"DENR",0.0311535191853478,11.2752410725279,0.547245138181894,0.585603945219389,0.747590604453794,-6.48683333702254,"DENR",0.371243334150248,0.232396006093724,""
"CLNS1A",0.0311011046378438,12.5055966332476,0.497553060586327,0.619993131409162,0.773192165351569,-6.5329426364477,"CLNS1A",0.383956721357788,0.207613121804364,""
"CCT5",0.0310292635177971,14.298016572774,1.05458499784487,0.294392898257435,0.484067725993006,-6.10622991037281,"CCT5",0.240381454076018,0.531072670845438,""
"NUCB1",0.0309112361986275,11.9709187571617,0.674734099223702,0.501546666234448,0.68221772445559,-6.43005827389687,"NUCB1",0.338780050383769,0.299688651985098,""
"TOMM22",0.0309060082425354,11.4078885734572,0.482548976891942,0.630581586362946,0.778698588699201,-6.53542162442546,"TOMM22",0.386691136357976,0.200258715252755,""
"BLVRA",0.0308301225414134,13.3448702616564,0.96093232343065,0.339119597686517,0.532381792377886,-6.19904381908401,"BLVRA",0.264373562837448,0.469647111663442,""
"PLCB1",0.0307030721776336,9.39559018901569,0.29554087607,0.768684281673139,0.869909058786072,-6.38308497582842,"PLCB1",0.431985016220473,0.114251999446427,""
"PTMA",0.0306728620189629,9.1120746745975,0.221744581074471,0.825224670245368,0.904138743448689,-6.45183464436829,"PTMA",0.448983012430372,0.0834277971903084,""
"TATDN3",0.0305303702259403,10.4485631090497,0.437870669490624,0.662584666407945,0.801928907907589,-6.52830127452364,"TATDN3",0.398226997168583,0.178758618818489,""
"DCTN4",0.0304159106893529,12.4955525658841,0.593316108370471,0.554450083142694,0.722297244675891,-6.47635841230369,"DCTN4",0.358682995430273,0.256137547064884,""
"KBTBD12",0.0303862543993283,9.3874555471799,0.283163390171436,0.778309303664162,0.877511590991931,-6.26670831928249,"KBTBD12",0.435760330392793,0.108847778100815,""
"HPX",0.030193919974387,14.5870464769574,0.524703945741852,0.601058427132229,0.758315333415604,-6.51918085238609,"HPX",0.376569088799811,0.221083309448532,""
"STRIP2",0.0298177515058073,10.5859820696949,0.334383576605033,0.738881565415549,0.849432236855581,-6.58558089058511,"STRIP2",0.421816504737065,0.131425168653273,""
"SGTA",0.0297838605519569,12.1080185106092,0.646567659597244,0.519530933950641,0.694624357553775,-6.4484754196039,"SGTA",0.344941015769782,0.284388588541642,""
"PSMA4",0.0296921228233842,13.816515942814,0.490669053654847,0.624835634799409,0.775228973738141,-6.53631636130747,"PSMA4",0.384968172721612,0.204234210316039,""
"AFG1L",0.0296787166851109,10.8713898155149,0.244628660002607,0.807497597606658,0.896416156527463,-6.40594419491996,"AFG1L",0.445148080717987,0.092858761068344,""
"COQ10A",0.029558605333845,13.5504221871,0.626434325449919,0.53259039971882,0.702764311967836,-6.46116315381154,"COQ10A",0.348983206506937,0.273606666261175,""
"IGHG2",0.0295001774491706,16.6390733673222,0.362406382746107,0.717884387699119,0.837385696029986,-6.59061404496535,"IGHG2",0.415834356279837,0.143945491450087,""
"TRIM55",0.029491499621507,11.7367502451165,0.474545145502377,0.636267472818412,0.781295020178907,-6.53396769335744,"TRIM55",0.387980488944373,0.196360278141354,""
"PSMD5",0.0294146615375768,13.1395152893452,0.493933986580528,0.622536871819017,0.773846686552912,-6.53472210602632,"PSMD5",0.3842817476912,0.205834920933737,""
"HADH",0.0290108271244574,16.4053324730769,0.577714563913716,0.564876329372108,0.730237059080046,-6.49021857499206,"HADH",0.362625799358482,0.248046623596938,""
"HYPK",0.0284501831463624,12.0224542287606,0.420778376498925,0.674925962081446,0.811723796611593,-6.55836713058457,"HYPK",0.403091005782979,0.170743865721629,""
"PLIN4",0.0283658068738317,13.6252862312808,0.571193585245966,0.569269258802847,0.733517127334158,-6.49393049768238,"PLIN4",0.364254636676183,0.244682267958629,""
"SERPINF1",0.0283093595118196,12.533426486761,0.506067606010697,0.614026749371062,0.767801336691738,-6.5287051538584,"SERPINF1",0.38127970910859,0.211812708905738,""
"MGST3",0.0282051956519611,14.0929382275119,0.408000647367799,0.684226677735248,0.816416869512334,-6.57317579487564,"MGST3",0.405421522004962,0.164799996845873,""
"NDUFA3",0.0281591683167459,12.7724325840132,0.5212539158854,0.603449675863092,0.760548272217951,-6.52096984934164,"NDUFA3",0.377677935862627,0.219358941649896,""
"MIPEP",0.0279790372019963,10.8675991872604,0.277305317164741,0.782775653637818,0.879433564612303,-6.24080785008853,"MIPEP",0.436714756372366,0.106362690493827,""
"ATP5PB",0.0279254731992946,18.0111228968661,0.634034269762058,0.527640928437609,0.699145843324845,-6.45642051247116,"ATP5PB",0.3471863241551,0.277661524146907,""
"EIF4E3",0.0277598849653451,11.4001313595121,0.578130297910761,0.564596828429546,0.730205103916552,-6.48998050933206,"EIF4E3",0.362609930858573,0.248261565791324,""
"OSBPL6",0.0277384132769312,10.9375505435289,0.40839297318081,0.683950228841982,0.816416869512334,-6.56820055062943,"OSBPL6",0.405421522004962,0.164975500802898,""
"KIAA1191",0.02766159182399,10.4658912632005,0.222681967318279,0.82448705893407,0.903970891700476,-6.43491402604043,"KIAA1191",0.448899659533374,0.0838161566084625,""
"ATP5F1C",0.0275666090418891,17.5541085431487,0.526208949502782,0.60001665890311,0.758315333415604,-6.51839676515562,"ATP5F1C",0.376569088799811,0.22183669166759,""
"TTR",0.0274879531045977,13.8830284350127,0.410145357461179,0.68265840965074,0.816228202778065,-6.5723048653222,"TTR",0.405327832668772,0.165796555342833,""
"AHCYL2",0.0274482936698659,11.9833547456852,0.600886730193914,0.549401585889699,0.718660403998118,-6.4766900412993,"AHCYL2",0.356876989775645,0.260110091289409,""
"TIMM21",0.0274466166356682,10.9076448277933,0.477420540127467,0.634226956550067,0.780574114866481,-6.53312817745311,"TIMM21",0.387622497163581,0.197755303097091,""
"FAM114A2",0.0274050900120333,12.0912441570043,0.467268015517064,0.641431659002308,0.784945830358931,-6.54262049075193,"FAM114A2",0.389793431663967,0.192849608500675,""
"FXN",0.0272431400202953,12.5668442790382,0.718493083230488,0.474284697831494,0.657938017417745,-6.39990448872882,"FXN",0.326723077838606,0.323960887059174,""
"GFM1",0.0272392365787644,12.9885636910761,0.544070484192997,0.587716785526078,0.748620581030106,-6.50892073917846,"GFM1",0.371754806520297,0.230831905410752,""
"TRAPPC3",0.0269583662651307,11.0806311496979,0.447315375675042,0.655792355622172,0.79748547128844,-6.52040423192659,"TRAPPC3",0.396020446931394,0.183233650079673,""
"PERM1",0.026918068757281,14.337747007652,0.550975481624539,0.582993815468988,0.745919765684875,-6.50517323607844,"PERM1",0.370413618324894,0.234336052311205,""
"OVCA2",0.0266755498703377,12.2810470058231,0.525705113345725,0.600365323370086,0.758315333415604,-6.51865950572521,"OVCA2",0.376569088799811,0.221584400212807,""
"COX17",0.0265640289692168,11.3872863592868,0.279381866015576,0.780611348825243,0.878474556960301,-6.59763560627449,"COX17",0.436238526205636,0.107565139070206,""
"KHDRBS1",0.0265249481325469,10.5974548992411,0.294287793637595,0.769441543622712,0.869909058786072,-6.46998262985868,"KHDRBS1",0.431985016220473,0.113824369005252,""
"FKBP1A",0.0264165215857846,13.507380189633,0.602479978134945,0.548345445773829,0.71760641442365,-6.47574046845351,"FKBP1A",0.356353592877057,0.260945759166853,""
"FDPS",0.0263700053847513,13.4516307279005,0.694443181927769,0.489164481173504,0.67041919305424,-6.41670891798183,"FDPS",0.332921060036085,0.310545085140197,""
"P4HA1",0.0262847729500884,10.8472034803843,0.364920833399527,0.716093511323517,0.837181763565763,-6.5438837185697,"P4HA1",0.415733086189619,0.145030261490953,""
"RALY",0.0262287993460388,10.3937159301207,0.515248690398037,0.607636006755339,0.763763293969067,-6.51924286483336,"RALY",0.379274471970945,0.216356499009666,""
"CCT3",0.0259984951477019,13.8882395466454,0.745741944476019,0.457735527775584,0.64275846281471,-6.38018163306356,"CCT3",0.31918511731827,0.33938537789806,""
"RAB18",0.025951993582372,10.7976879728438,0.38426395270083,0.701694627431164,0.827894875112539,-6.57289160614177,"RAB18",0.411121343595856,0.153851848661339,""
"SNX6",0.0259480460123758,10.3787052986311,0.360894941251898,0.719048162401898,0.838061014007255,-6.57143588148332,"SNX6",0.416169710009538,0.143242019262657,""
"CFL2",0.025882678097032,17.5200703832603,0.749156281012708,0.455685356513486,0.641136098069539,-6.37765919415633,"CFL2",0.318379473034331,0.34133492728231,""
"NDUFB10",0.0258791027487337,16.6734098559741,0.526898306054205,0.599539761632376,0.758288153944568,-6.518036874114,"NDUFB10",0.376555591843874,0.222182009087397,""
"P4HB",0.0256899781159099,16.7314163822637,0.913723889232634,0.363264257542666,0.554374527219,-6.2426260640407,"P4HB",0.275294856070478,0.439777331329758,""
"HRC",0.0253975012921606,16.000849613446,0.593398165168431,0.554379260514013,0.722297244675891,-6.48111979495275,"HRC",0.358682995430273,0.25619302517258,""
"EIF3K",0.0250461184870758,13.7960363719367,0.594544763434352,0.553615660827497,0.722297244675891,-6.48044511453061,"EIF3K",0.358682995430273,0.256791632939371,""
"ARMT1",0.0250105012609758,12.9966573352601,0.537274101148792,0.592382957681432,0.751558015367412,-6.51256344370631,"ARMT1",0.373213496491429,0.227397444228104,""
"DCAF8",0.0250004885216581,12.3018935073214,0.48148488187119,0.631321864128543,0.778893010156007,-6.54074455578552,"DCAF8",0.386787683411169,0.19974916979517,""
"TRIM72",0.0249509671618977,18.3633212610684,0.930686258472744,0.35446579177386,0.543751352728527,-6.22721441498626,"TRIM72",0.270019531991219,0.450425670666236,""
"HUWE1",0.0247990107094251,11.1234134504335,0.633375032644409,0.52806931117808,0.699145843324845,-6.45683414566164,"HUWE1",0.3471863241551,0.27730907086274,""
"MCCC2",0.0247939770069907,13.3287937745823,0.549623988087264,0.583916810227676,0.746688491738901,-6.50591041820349,"MCCC2",0.370795357236064,0.233649021778973,""
"MCM7",0.0246724537406715,12.8716909221134,0.157003241185288,0.875894511455167,0.936159997111172,-5.95192242052237,"MCM7",0.464884331818964,0.0575481950323408,""
"REXO2",0.0245845027509821,10.8388925463694,0.300880158302442,0.764322470536795,0.86651431984116,-6.52966267674209,"REXO2",0.430299234996136,0.116723372278584,""
"CMAS",0.0244386073015201,10.4758597383916,0.315097755130295,0.753557050728896,0.86040913651447,-6.51636896051725,"CMAS",0.427267483927709,0.122883862289209,""
"THAP4",0.0243152307695436,12.1923735543177,0.513400117101383,0.608909365146603,0.764727523385073,-6.52499864938412,"THAP4",0.379753295194714,0.215447346358986,""
"ISOC1",0.0238999728718214,11.5816940465128,0.555035344806715,0.580225323058916,0.743373167584646,-6.50294793937058,"ISOC1",0.369149012317492,0.23640332099223,""
"AARS1",0.0238871704675638,12.3812808291777,0.854062604852179,0.39530158403222,0.584280719456855,-6.29462022829628,"AARS1",0.290145864700036,0.403071445370983,""
"CAPRIN1",0.0237801574980425,15.4801894976856,0.34941535256336,0.727589548583966,0.843556491198077,-6.5903884054811,"CAPRIN1",0.418898689297016,0.138113547960549,""
"DSTN",0.0237028846623657,12.0703660442274,0.524334459361613,0.601314313626295,0.758315333415604,-6.5193730086888,"DSTN",0.376569088799811,0.220898458128675,""
"NIT2",0.0236603680797618,13.2348771843867,0.586037451028576,0.559293709919633,0.725110011568254,-6.48542020215732,"NIT2",0.36007977724252,0.252360064924488,""
"RPS14",0.0234032265788189,12.1358962364021,0.369907919628329,0.712306207669964,0.835130310761268,-6.58788637645257,"RPS14",0.414714362606878,0.147333270810473,""
"DARS1",0.0233050996515232,12.4289124734176,0.770123142753354,0.443211353354971,0.629456758530896,-6.36191990284345,"DARS1",0.312579671745808,0.353389123197808,""
"VAC14",0.0232961005424155,10.7732693229531,0.413421553287314,0.680358041498398,0.81504640006675,-6.52815119944368,"VAC14",0.404740965503451,0.167262477698505,""
"MRPL40",0.0231712011059875,11.3847322414415,0.280085306953992,0.780281906469872,0.878474556960301,-6.45336932239445,"MRPL40",0.436238526205636,0.107748463584784,""
"ALDH5A1",0.0230147616153724,14.6130947781822,0.501719902688737,0.617070096712579,0.77026258587903,-6.53087783361583,"ALDH5A1",0.38250193200575,0.20966549903592,""
"TMED7",0.022941898546895,12.3154707492144,0.398539194136673,0.691161594371408,0.819556942270771,-6.57696361977264,"TMED7",0.406980839462099,0.160420402207364,""
"AASDHPPT",0.0228934230713671,12.2485701762769,0.41209770059007,0.681232014977263,0.815202903935214,-6.57150809730929,"AASDHPPT",0.404818683197587,0.166704950255464,""
"IDH2",0.0227004377941729,18.7584315040386,0.518424222574189,0.605414202705461,0.761684418329171,-6.52242841705955,"IDH2",0.37824213058083,0.217947394935015,""
"PSMD11",0.0224757029504961,13.5311475371916,0.96857968959662,0.3353091402188,0.527689306959349,-6.19178140514356,"PSMD11",0.262043338351145,0.47455460794164,""
"EIF4A1",0.0223657906678447,13.3199529716266,0.413365473615938,0.680306391299689,0.81504640006675,-6.57098868964817,"EIF4A1",0.404740965503451,0.167295448937788,""
"RPS27L",0.0223479204702635,12.0942642262139,0.525857469772027,0.600259879923841,0.758315333415604,-6.51858008125322,"RPS27L",0.376569088799811,0.2216606829809,""
"SLK",0.0222685659151907,11.7125039170702,0.165315336986795,0.869126436745062,0.932927478543576,-6.56914451817337,"SLK",0.46327910702937,0.0609170396774494,""
"LMAN1",0.022241592973109,14.1908349261522,0.574654226848177,0.566935894945598,0.731250348746212,-6.49196581292754,"LMAN1",0.363128985235734,0.246466045243479,""
"DDX19A",0.0220913405389984,12.2268166560536,0.331824000688641,0.740798244057316,0.850271432706554,-6.59160108599039,"DDX19A",0.422233237991689,0.130300055749883,""
"ANXA6",0.0219614438249671,18.2328178103989,0.66018868216716,0.510791876427596,0.688583968881228,-6.4396661620095,"ANXA6",0.34194144084602,0.291756018320765,""
"JPH2",0.0218703714951252,13.7386481891917,0.495490385474184,0.62144236108747,0.773362486702861,-6.53395842059653,"JPH2",0.384041300626113,0.206599146060941,""
"COA7",0.0217299680091951,11.8033164557151,0.471075005507282,0.638708760280811,0.783015077410338,-6.5456630805238,"COA7",0.388834645989314,0.194697127187051,""
"PDLIM3",0.0215662797801457,18.4399031691142,0.455146832102349,0.650082137335228,0.792823576852239,-6.55298183815554,"PDLIM3",0.393705413511175,0.187031767145141,""
"PDLIM2",0.0215278914614982,10.1040683368813,0.196860855841162,0.844420785949053,0.917751222043984,-6.58817630486776,"PDLIM2",0.455742784302382,0.0734410848008229,""
"UQCRH",0.0212444807280399,17.1650111842712,0.537944545123202,0.591921885722178,0.75130563528776,-6.51220612380266,"UQCRH",0.373088167973808,0.227735602125365,""
"EIF4B",0.021222044057172,10.7148635501425,0.17210582104277,0.863743048296306,0.928888396404208,-6.63158974860241,"EIF4B",0.461273353731519,0.0636154349563309,""
"RUVBL2",0.0210943760357623,9.75615449631868,0.197351787151655,0.844032057605579,0.917676736379965,-6.59336104281358,"RUVBL2",0.455705795733917,0.0736410579041969,""
"CHORDC1",0.0209356289082239,11.3962388641316,0.440500914301543,0.660613645769803,0.800219234478553,-6.55949028396181,"CHORDC1",0.397377996578792,0.180052459676819,""
"STIM1",0.0208881479513012,12.7337787154304,0.546347316674901,0.586157460760987,0.747616423661426,-6.50769023709343,"STIM1",0.371256155617866,0.231985702832297,""
"UBE2H",0.0208224013352236,10.8495833770645,0.357169497665128,0.72179674430059,0.840239426955926,-6.58766781946925,"UBE2H",0.417251480274444,0.141585081178531,""
"AKAP1",0.0207475144339151,11.4158292642804,0.400254155124015,0.689902610303812,0.819193775238281,-6.57628361809218,"AKAP1",0.406800495649333,0.161212211861063,""
"UBE2G1",0.0207321656879316,14.1421611074567,0.505612796996873,0.614344795921227,0.767864014439702,-6.52893330876444,"UBE2G1",0.381310834026416,0.211587816257677,""
"ATG7",0.020634308093606,10.5222422736853,0.203711367683535,0.839106445304436,0.913707854195484,-6.56486070731193,"ATG7",0.45373490277962,0.0761829430139225,""
"PA2G4",0.0206177465762556,12.4491900801206,0.606500299162418,0.545684974875766,0.714897772537781,-6.4733332772356,"PA2G4",0.355008518127938,0.263058004102835,""
"THOC2",0.0205389070954034,17.7174346471002,0.334387352372732,0.738861256596703,0.849432236855581,-6.59549151169779,"THOC2",0.421816504737065,0.131437105788514,""
"EIF3M",0.0202291114104662,13.1739473131161,0.476834318239006,0.634629909244403,0.780574114866481,-6.53814077941872,"EIF3M",0.387622497163581,0.197479464045077,""
"TXNL1",0.0202273934415977,14.7960292163764,0.562445784030181,0.575188224444192,0.737722917734854,-6.49884428677134,"TXNL1",0.366343175030985,0.240190013639182,""
"ALYREF",0.0202259832463296,11.1207684473346,0.279474932412055,0.780525443039465,0.878474556960301,-6.60749590250492,"ALYREF",0.436238526205636,0.107612935533602,""
"DCAF6",0.0201981369021054,11.9567085233974,0.542002975651008,0.589134438926438,0.749622125378367,-6.51003369064735,"DCAF6",0.372252159832301,0.229785589047154,""
"RPSA",0.0201862939472877,13.5207468277122,0.608206626642291,0.544557773154497,0.714280356000361,-6.47230680342647,"RPSA",0.354701917466365,0.263956038348609,""
"HSPA8",0.0200692381118479,18.6251031101247,0.808940287249553,0.420648703428889,0.608858671639522,-6.33164979461597,"HSPA8",0.302350941730859,0.376080445377984,""
"PPM1B",0.0197567966052494,11.6402554581707,0.511690463514907,0.610100812829838,0.765564157070003,-6.52586759964223,"PPM1B",0.380168756112501,0.21459839640201,""
"RPS26",0.0196704105507441,11.87898876446,0.315141776806489,0.753413291214721,0.86040913651447,-6.58179281142402,"RPS26",0.427267483927709,0.122966722531616,""
"MT-CO2",0.0196263282319595,17.6254378596709,0.357623457089042,0.721449015230658,0.840175895022782,-6.59232409761593,"MT-CO2",0.417219931179866,0.141794355057485,""
"MRPS5",0.0195484348596082,9.45100070186476,0.173502760522754,0.86291146723452,0.928746849777435,-6.39285741736762,"MRPS5",0.461203063600332,0.0640337596310861,""
"RPL35",0.0194178538173357,10.1161929277701,0.202906512762814,0.839801244337605,0.914117115940591,-6.50965266415514,"RPL35",0.453938136600228,0.0758234862013477,""
"GFER",0.019310128024113,12.1467987329989,0.412501261343068,0.680937315064069,0.815190620289734,-6.57134293058069,"GFER",0.40481258330618,0.166892866023778,""
"HSD17B4",0.0190610795810153,13.3236645783768,0.524191429293722,0.601413382014539,0.758315333415604,-6.51944735725666,"HSD17B4",0.376569088799811,0.220826912666475,""
"IGKV3-7",0.0188474344856431,14.0424469427657,0.141509252359447,0.887778859323166,0.943453310177567,-6.64592017519159,"IGKV3-7",0.468506091969024,0.0516952010414572,""
"TNNT3",0.0187449761589882,18.7538085811217,0.131870713814241,0.895376197130543,0.947089944856882,-6.647230195265,"TNNT3",0.470311995327617,0.0479944551751157,""
"KLHL40",0.0187332450503899,16.6158456328295,0.314134960465631,0.754133897740526,0.86040913651447,-6.60683289971804,"KLHL40",0.427267483927709,0.122551537569038,""
"PSMC1",0.0186986665736075,12.5135556846346,0.496836870339834,0.620496155027428,0.773192165351569,-6.53329580681638,"PSMC1",0.383956721357788,0.207260905310368,""
"RAC1",0.0186124779506338,13.4994276055823,0.553469849049521,0.581292120273521,0.744074683655163,-6.5038079427383,"RAC1",0.369497375664258,0.235605564098357,""
"EIF3F",0.0184665208547647,12.1011085340327,0.448158044256062,0.655098904538048,0.797245630745667,-6.55611399350134,"EIF3F",0.39590134537737,0.183693126798374,""
"LMOD2",0.0182227850916057,11.8905932057428,0.356073759777735,0.722605301326721,0.840580798510774,-6.59287330605351,"LMOD2",0.41742100074922,0.141098856595154,""
"RPL18",0.018145653749702,11.1621872614837,0.234507977554199,0.815120573215372,0.899638796380007,-6.62371913485029,"RPL18",0.446748399871941,0.0887781453593739,""
"EHD1",0.0181418909581765,12.5862158907134,0.584451554301116,0.560355356298512,0.726030041207747,-6.4863397682745,"EHD1",0.360536651457963,0.251536472396849,""
"KPNA1",0.0181396736567292,13.5456393008701,0.464148489939197,0.643644176659115,0.787317204568939,-6.54887649450636,"KPNA1",0.390971023868841,0.191354155653088,""
"MTPN",0.0178572146729836,14.7052605197996,0.308639108124606,0.758297926314192,0.863350725725594,-6.60853305373679,"MTPN",0.428728237152712,0.120160131658875,""
"ARL8B",0.0177961028800038,13.7335743773474,0.305657215494247,0.760560204233478,0.864300374834713,-6.60944297805301,"ARL8B",0.429199819994232,0.11886640247684,""
"ARL8A",0.0177086349371081,10.0386261627673,0.213761563014926,0.831219397910701,0.909265188706896,-6.62360089958314,"ARL8A",0.451528735475388,0.0802843303362517,""
"PDHB",0.0175471644557561,17.7765137937694,0.371372499327821,0.711218950920713,0.834903703796669,-6.58734733332396,"PDHB",0.414601832667927,0.147996679806908,""
"XRCC5",0.01748979916343,12.1999388775387,0.397599003143059,0.69185217455234,0.819705764873828,-6.57733518148053,"XRCC5",0.407054742744225,0.159986689696967,""
"USP14",0.0173815363249501,13.9192715217733,0.669523553764856,0.504848154643035,0.685082770457831,-6.43352389849263,"USP14",0.340202793291489,0.296839226865516,""
"PSMD12",0.0172541729744458,12.7783499407753,0.495638820203379,0.621338021321302,0.773362486702861,-6.53388546262911,"PSMD12",0.384041300626113,0.206672069942646,""
"NDUFA10",0.0171319177173306,16.6280999823577,0.453375207294815,0.651352351358107,0.794034810290231,-6.55378038974686,"NDUFA10",0.39430689557539,0.186184014728971,""
"RCSD1",0.0171072320883887,10.7150647183476,0.186432543907807,0.852547379565421,0.92378101695066,-6.60923689264999,"RCSD1",0.458737098505986,0.069281476133657,""
"FAM185A",0.0170741568974906,12.2041589245447,0.319991639252646,0.749712523387488,0.858097480842069,-6.60017008163446,"FAM185A",0.426119547137015,0.125105234528498,""
"MAP2K2",0.0169703079152974,11.4941905624236,0.405589844898265,0.685991173109289,0.817144930229103,-6.5741493489077,"MAP2K2",0.405783067062306,0.163681472477784,""
"SUGT1",0.016965162598928,11.6035827030101,0.415086117191753,0.679050901754342,0.814292838672779,-6.57028119812368,"SUGT1",0.404366757156372,0.168097669721764,""
"HADHA",0.0169418649517183,17.3011056711157,0.44125517156336,0.660069583359024,0.799898277339096,-6.55916027828789,"HADHA",0.397218613625259,0.180410279494573,""
"RPL13",0.0169359813332912,12.0036368907675,0.264856196547515,0.79175058895648,0.886389526542684,-6.59561421742652,"RPL13",0.440168992533003,0.101411604898956,""
"PRMT7",0.0169289671352351,10.7882308903767,0.172846654056739,0.863195484014321,0.928746849777435,-6.59357076904458,"PRMT7",0.461203063600332,0.0638908404205942,""
"UBE2L3",0.0168834256450632,15.0032768398229,0.383757147630578,0.702049046364752,0.827894875112539,-6.58270423337909,"UBE2L3",0.411121343595856,0.15363254624412,""
"ATP6V1E1",0.0168586120123067,11.4980153291692,0.303548142966815,0.762169165822708,0.865442483854152,-6.605262884524,"ATP6V1E1",0.429766975811619,0.117948624947114,""
"PSMC6",0.0167611355325468,13.2026147672361,0.643762167440384,0.521340590963766,0.694624357553775,-6.45026724718155,"PSMC6",0.344941015769782,0.282878460100227,""
"MRI1",0.0167210293273126,11.6550438904573,0.251280359757707,0.802396603301516,0.893422169798813,-6.44758876694422,"MRI1",0.44366130759788,0.0956109184354584,""
"MRPS36",0.0167059221645287,14.9105240930735,0.314362706353232,0.753961497818868,0.86040913651447,-6.60676179992946,"MRPS36",0.427267483927709,0.122650831466762,""
"PAIP1",0.0164336007854171,12.4936558021764,0.285861639103132,0.775757063980921,0.87532273439737,-6.53119475515093,"PAIP1",0.434673373955271,0.110274261075454,""
"UCHL3",0.0163684181709298,14.3542538887385,0.417448499627201,0.677328633251301,0.813096630101226,-6.56930506842875,"UCHL3",0.403772736236637,0.169200564729986,""
"CLIP1",0.0163510761420289,12.5574116411052,0.494648617352645,0.622034214531628,0.773763046374846,-6.53437175155055,"CLIP1",0.384240213115472,0.206185726605612,""
"RPL7",0.0163323791395165,12.7804139542542,0.274338986523673,0.784442764021798,0.880563136568777,-6.61846711951499,"RPL7",0.437275686454667,0.105438738726272,""
"UGGT1",0.0162839361465403,13.0101465481552,0.487117293047448,0.627340565971349,0.77743550236321,-6.53803873020897,"UGGT1",0.386063904849314,0.202496628598659,""
"SDHB",0.0161357234985058,17.2235614190018,0.353158238656629,0.724782423142127,0.8418968137546,-6.59390011224315,"SDHB",0.41807451603419,0.139792347374489,""
"NT5C3A",0.016014630900111,16.8056581399169,0.40350116700215,0.687521310271198,0.81828740665999,-6.57498817167249,"NT5C3A",0.406350405331224,0.162713835985328,""
"CAMK2G",0.0158353831362819,15.7034099174804,0.382004097603196,0.703354189240877,0.828870520709027,-6.57855380398008,"CAMK2G",0.411605835939702,0.15282592150073,""
"ST13",0.0157568098496554,14.5759165114868,0.416836557806054,0.677774598530471,0.813102553113575,-6.56955845063442,"ST13",0.403775677524073,0.168914711575312,""
"SNX3",0.015593106267338,12.5515132334427,0.373915479454741,0.70933254329384,0.833175028311535,-6.58640633710695,"SNX3",0.413743395915322,0.149150114804335,""
"EIF4G2",0.0154855155072768,11.6304939354426,0.368296235168121,0.71350335752281,0.835335221674989,-6.5884771077232,"EIF4G2",0.41481611858182,0.146603978891032,""
"RPS21",0.0154403388719979,13.8206099822245,0.481537026811039,0.631284955066361,0.778893010156007,-6.54071964878945,"RPS21",0.386787683411169,0.199774560759005,""
"ASPA",0.0153633122116386,15.1120173589471,0.349747612899554,0.72733212943073,0.843556491198077,-6.59509060278323,"ASPA",0.418898689297016,0.138267227324384,""
"AGFG1",0.0151527820889665,9.94808283640095,0.187565758572687,0.851677796754645,0.923537103858801,-6.59022830424774,"AGFG1",0.458615974579434,0.0697246746666917,""
"USP9X",0.015023704308768,12.1468777000172,0.451554938034665,0.652658514596097,0.794950829933028,-6.5545976385439,"USP9X",0.394761778480971,0.185313991800105,""
"GUF1",0.0150178788228965,10.4687627590554,0.204074406046356,0.838753735519186,0.913670925882929,-6.63035261262503,"GUF1",0.453716564681475,0.0763655326211549,""
"COQ3",0.0149557921754235,15.5511074548582,0.36458891331065,0.716259853759907,0.837181763565763,-6.58982619200311,"COQ3",0.415733086189619,0.144929390289312,""
"VPS37C",0.0149100117929155,10.8137400098822,0.227036645999624,0.82094383315222,0.902156835051481,-6.59374096250939,"VPS37C",0.447998823655156,0.0856865551661731,""
"RNH1",0.0147773677400229,15.6413705785732,0.39898700819558,0.690832761994043,0.819506082729688,-6.57678633704534,"RNH1",0.406955583305196,0.160627074671687,""
"CAND2",0.0147390507827927,14.890008734244,0.44217818480037,0.659404042063652,0.7997680848728,-6.5587556729583,"CAND2",0.397153961815858,0.180848395014281,""
"RPS17",0.0146722725020956,11.5045561174718,0.232658210240419,0.816546634177432,0.900326572421602,-6.62896785300487,"RPS17",0.447089940107077,0.0880190070233603,""
"ACTN2",0.0146137074223631,20.5001087476306,0.476103830574384,0.635135671970912,0.780574114866481,-6.54330038415225,"ACTN2",0.387622497163581,0.197133494716343,""
"VAMP2",0.0143841527203747,10.6412899296605,0.185239462524712,0.853769292023911,0.924249127042341,-6.33655995444786,"VAMP2",0.458969555615732,0.0686594697527327,""
"FBL",0.0143836402778179,11.5814979966429,0.259854815118397,0.795593504210878,0.888609112653303,-6.59758202838078,"FBL",0.441271208830574,0.0993087714210158,""
"PSMA7",0.0141363085398716,13.457203046531,0.422728600943096,0.673485438927478,0.811012297464769,-6.56710339603362,"PSMA7",0.402737684976193,0.171671789490822,""
"FAU",0.0140511395301015,11.7947409753403,0.137384624434948,0.891097569422092,0.944484332087173,-6.55222448970144,"FAU",0.469018083437381,0.050074740921935,""
"HERC4",0.0140059808152415,11.989948787365,0.253411773666456,0.800525023693277,0.892725571169235,-6.61913582135004,"HERC4",0.443315386185454,0.0966250878770375,""
"SNTB1",0.0139563493235011,13.3135454742994,0.279233571822855,0.780695986244901,0.878474556960301,-6.61712091433672,"SNTB1",0.436238526205636,0.107518053447112,""
"CDC42",0.0139244486580195,13.8672269189403,0.495950608341027,0.621118880150411,0.773362486702861,-6.53373214316021,"CDC42",0.384041300626113,0.206825269304572,""
"TIMM10",0.0139127879517416,11.798981118899,0.243440107609152,0.808209622518283,0.896759108841424,-6.62641686339023,"TIMM10",0.445318386176256,0.0924759831661811,""
"MT-CYB",0.0136694974979914,11.493425582118,0.198235487514598,0.843393859390884,0.917330854274866,-6.54649422238674,"MT-CYB",0.455534035381185,0.0739695653348655,""
"NPLOC4",0.013634399585019,11.9854390721773,0.348139713068874,0.728535226056194,0.843970071898566,-6.59564784948032,"NPLOC4",0.41910406785217,0.137549444426643,""
"ATP1B4",0.0132713630709329,11.7436409592661,0.157168822810736,0.875500671661054,0.936159997111172,-6.58648321442155,"ATP1B4",0.464884331818964,0.0577435164011203,""
"PSMB7",0.0129362506419328,12.8635310085833,0.190720843262997,0.849171654122543,0.921865894210306,-6.63297291641957,"PSMB7",0.457786074580323,0.0710045112837441,""
"ERGIC1",0.0126449801513999,10.008998249645,0.144301371404356,0.885652312518937,0.942595169353915,-6.54471428253746,"ERGIC1",0.468079950898437,0.0527367390496963,""
"WBP2",0.012619603437904,10.9347294328037,0.141648989073706,0.887820508565561,0.943453310177567,-6.46486896093738,"WBP2",0.468506091969024,0.0516748270353857,""
"LSS",0.0123914758037174,13.3529277246229,0.241619887941504,0.809615568204808,0.897971446778243,-6.62685562221368,"LSS",0.445920416719578,0.0917211493179679,""
"LIMCH1",0.0123382381044337,12.3059157700921,0.307733619570192,0.758984673611464,0.863350725725594,-6.60881029550693,"LIMCH1",0.428728237152712,0.119766993845196,""
"MCTS1",0.012238619171332,13.8103838796484,0.303925238877262,0.761875163707901,0.865442483854152,-6.60996744339604,"MCTS1",0.429766975811619,0.11811618371852,""
"MTCH2",0.0122255659111001,13.1824755364149,0.240654301669497,0.810361645222005,0.898103818718587,-6.62708703905221,"MTCH2",0.445986150826171,0.0913211225128175,""
"CRADD",0.0120915546237956,11.6863972152405,0.204441794353187,0.838462497002646,0.913670925882929,-6.63509758695014,"CRADD",0.453716564681475,0.0765163578748937,""
"GDI1",0.0120700280384751,12.793766195047,0.293557047045793,0.769761447500297,0.869927566457354,-6.61304487100462,"GDI1",0.431994206878506,0.11364384377034,""
"FAH",0.0119968915700071,12.8488000627142,0.251927538138113,0.801662272696725,0.893422169798813,-6.62432757588449,"FAH",0.44366130759788,0.0960085544033201,""
"BAG2",0.0119557945654352,12.353214731337,0.332627289565866,0.740176781276752,0.850271432706554,-6.60089241482652,"BAG2",0.422233237991689,0.130664542479952,""
"MAP2K4",0.0118216090489192,12.3887757867032,0.344430322341674,0.731313334168182,0.845820829590803,-6.59692363707584,"MAP2K4",0.420023128969681,0.135896507933789,""
"GNB2",0.0117004849483022,13.3454935541429,0.348201523591968,0.728488964299243,0.843970071898566,-6.59562647525735,"GNB2",0.41910406785217,0.137577022864814,""
"TMEM186",0.011672358602981,9.87122392172844,0.118443373656401,0.90610895822724,0.952615776009484,-6.45477204212601,"TMEM186",0.473056047979993,0.0428195759306286,""
"EIF3L",0.0116319816345589,14.3553175840062,0.311471708822034,0.756150858131661,0.861529609982885,-6.60766052172424,"EIF3L",0.427823895824492,0.121391550638835,""
"STAT3",0.0115745538562857,11.294673725059,0.141912257006277,0.887464869066298,0.943453310177567,-6.64104334721964,"STAT3",0.468506091969024,0.0518488297913246,""
"NDUFA6",0.0114113895906929,14.5439347881873,0.207355024536816,0.836193554687992,0.912269024642476,-6.63450131606884,"NDUFA6",0.453020399577801,0.0776931842792984,""
"PRRC2A",0.0113158721891544,10.2435436249976,0.099961400889236,0.920675863677974,0.961067121700924,-6.49545408247336,"PRRC2A",0.477252871393577,0.035893242108501,""
"FAM98B",0.0110380319111352,10.9218534889721,0.180465622887005,0.857199803508359,0.926370526717555,-6.62511051113062,"FAM98B",0.460023013863869,0.0669179371813584,""
"SERPINA1",0.0109872949379231,16.3562724269074,0.186474443959228,0.852485680576968,0.92378101695066,-6.63858877620427,"SERPINA1",0.458737098505986,0.0693129072312259,""
"ALB",0.0108870788631084,20.0776693841099,0.23075335799004,0.818021770616138,0.900326572421602,-6.62940654480963,"ALB",0.447089940107077,0.0872351379758153,""
"SMTNL1",0.0106103731823124,15.719590417523,0.0914864344688933,0.92730614808226,0.964317641655935,-6.65171496741965,"SMTNL1",0.478867035427516,0.0327768608151688,""
"TCP1",0.0102190855085755,12.6640742510537,0.337600449380118,0.736437848332979,0.848627255042063,-6.59923701243172,"TCP1",0.42141676170846,0.132863899554543,""
"RNPEP",0.0101934405447537,13.0959682596967,0.172676328096275,0.863287371879653,0.928746849777435,-6.64105215458234,"RNPEP",0.461203063600332,0.0638446118782498,""
"OGN",0.0100665201918018,13.5200914382712,0.0931061344094953,0.926022879221388,0.964032536087359,-6.65156630609172,"OGN",0.478725455876847,0.0333782830838863,""
"SH3BGRL3",0.00984394773430441,11.7945237922261,0.131664761593267,0.895538642903751,0.947089944856882,-6.64725717962537,"SH3BGRL3",0.470311995327617,0.0479156694042579,""
"DHX9",0.0097494797972546,13.211418900934,0.263501646404979,0.79275666187991,0.886823026131078,-6.62136324714871,"DHX9",0.440384262537187,0.100860099719634,""
"COA3",0.00972295042232219,12.6239988285902,0.176537725047669,0.860261812467031,0.92849303133428,-6.64038183887768,"COA3",0.461077020810945,0.06536935526149,""
"PITPNA",0.0095450966195445,11.9421540440253,0.210054524498041,0.834092309648863,0.91205973271791,-6.63394126722052,"PITPNA",0.452916468052413,0.0787858829921488,""
"NFIX",0.00951907424391862,10.277758625439,0.123249767724149,0.902195351862235,0.950422394457226,-6.62167548533022,"NFIX",0.471966844509976,0.0446994147308628,""
"CARHSP1",0.0094583524697569,11.48019043544,0.152244923043064,0.879352590828799,0.937425131511526,-6.61384115964989,"CARHSP1",0.465512580368555,0.055836952517158,""
"SFPQ",0.00930591561947214,12.2593418234496,0.226457467549176,0.821350948043961,0.902258266421615,-6.63038267539546,"SFPQ",0.448049193095076,0.0854712372383199,""
"KIFBP",0.00890059445883917,11.3226271834892,0.125797139174283,0.900181208889296,0.948986661352885,-6.62759943098856,"KIFBP",0.471253878962482,0.0456700571172303,""
"UBQLN4",0.00876602714897246,9.33447126983113,0.0919368031849363,0.927033342820472,0.964317641655935,-6.49180233139422,"UBQLN4",0.478867035427516,0.0329046452055296,""
"CTSL",0.00871424102935769,10.3872248731467,0.0997646249147738,0.920827046821611,0.961067121700924,-6.5039241696598,"CTSL",0.477252871393577,0.0358219329568168,""
"RAN",0.00871097800402154,14.54277013995,0.162680900941426,0.871128553472759,0.933677798897878,-6.6427184945087,"RAN",0.463651705920197,0.0599177509117495,""
"HGS",0.00869101473946543,11.0473824539746,0.126130002537467,0.899912034935706,0.948986661352885,-6.63788595314758,"HGS",0.471253878962482,0.0457999401263341,""
"CSNK2B",0.00868030479473791,13.6706433035253,0.228730069010433,0.819589343142988,0.901359576917807,-6.62986856769995,"CSNK2B",0.447602916100994,0.0864036972258013,""
"DLD",0.00860694797379402,16.8108780517844,0.204195970549461,0.838654017344644,0.913670925882929,-6.63514751577938,"DLD",0.453716564681475,0.0764171683107196,""
"SCLY",0.00858100776915194,9.74612462489834,0.0772140681209258,0.938681781831841,0.96803999720611,-6.50543417946875,"SCLY",0.4807155066056,0.0274816109470567,""
"B3GLCT",0.00846204122133276,10.261695357472,0.112980636519755,0.910386450008651,0.95538907569564,-6.50272080989085,"B3GLCT",0.474433230914012,0.0407742148442871,""
"CNPY2",0.00831982020166144,11.6117574258428,0.126119531910875,0.899914120203476,0.948986661352885,-6.64796787932868,"CNPY2",0.471253878962482,0.0457989337843788,""
"UQCRFS1",0.00826478537870656,17.2080822633638,0.208997643053876,0.834914825710661,0.912263015816528,-6.63416139401935,"UQCRFS1",0.453017415676497,0.0783578270440749,""
"MPI",0.00798208857530014,15.1765487624038,0.223764703725368,0.823439426708247,0.903970891700476,-6.6309851947757,"MPI",0.448899659533374,0.0843683425949081,""
"FKBP3",0.00794943467957943,16.1206388122258,0.144282273601638,0.885595002432491,0.942595169353915,-6.64552617688705,"FKBP3",0.468079950898437,0.0527648429221475,""
"METAP1D",0.00786816130569701,11.046758961023,0.086578121021371,0.931259559076819,0.966325089179639,-6.50693931614373,"METAP1D",0.479863906585864,0.0309292563290113,""
"NLRX1",0.00783874246072092,14.3067936909314,0.159772674102211,0.873412446456418,0.93507660498472,-6.64318468175713,"NLRX1",0.464346334012651,0.0587806235105949,""
"IST1",0.00739858494421952,12.0269347890433,0.152339641726728,0.879254596399275,0.937425131511526,-6.64433800143894,"IST1",0.465512580368555,0.055885352683327,""
"DLAT",0.00734900289570106,17.3065546202396,0.151988036702648,0.87953111606228,0.937425131511526,-6.64439119697033,"DLAT",0.465512580368555,0.0557487914593876,""
"PLN",0.00728280794241964,12.8550406823248,0.0670565432138731,0.94668304974547,0.971426287350705,-6.65364084127359,"PLN",0.482397092270522,0.0237953988073205,""
"PSMB2",0.00722835488030071,13.9073613913606,0.163813614187087,0.870239303819699,0.933422846088046,-6.64253464705009,"PSMB2",0.463525099819733,0.06036130595879,""
"HSPBP1",0.00708710505574039,13.2435482306763,0.128234650279659,0.898247915978592,0.948205719040385,-6.64288028203994,"HSPBP1",0.470866073623378,0.0466037817270395,""
"EHD2",0.00691438068114003,15.3196019021343,0.174731108487412,0.861677112329465,0.92849303133428,-6.6406973009243,"EHD2",0.461077020810945,0.0646554425320035,""
"FAM120A",0.00680159083644138,10.380442199258,0.128853072537046,0.897756818162095,0.948036492576479,-6.64762135720933,"FAM120A",0.47078203806125,0.046841287868355,""
"DUSP29",0.00673755709859147,14.5744658908334,0.116433917193336,0.907563920462495,0.953474412040143,-6.64913590906927,"DUSP29",0.473482434963651,0.0421227775022863,""
"UQCC2",0.00659266655656765,10.9691947662926,0.0809215208278092,0.935685113024056,0.96803999720611,-6.64305953537452,"UQCC2",0.4807155066056,0.028870280198236,""
"RAB5B",0.00648315110539688,12.925931421092,0.188789817186662,0.850675812003702,0.922875953011281,-6.63815688068394,"RAB5B",0.45828765605383,0.0702359156877084,""
"FKBP7",0.00629701900473911,10.9757179963305,0.111917027973893,0.911137140650741,0.955477147861333,-6.64482853214249,"FKBP7",0.474476966354563,0.040416249870783,""
"NLN",0.00622954233721273,12.5170446329258,0.165874743378504,0.868621619017087,0.932734941964395,-6.64219684050784,"NLN",0.463183495980789,0.0611693657371066,""
"CPSF7",0.00621911225504501,9.47093921234678,0.0767892384015208,0.938960782413604,0.96803999720611,-6.64812436423524,"CPSF7",0.4807155066056,0.0273525465379868,""
"EIF3B",0.00610529175748997,12.0964721347869,0.178537003552554,0.858696113451192,0.927288267200872,-6.64002895539654,"EIF3B",0.460478751315466,0.0661605027592745,""
"TIMM17A",0.00608582813481551,10.1385598445285,0.0547335894259117,0.956537311595662,0.975947289082651,-6.44556057725143,"TIMM17A",0.484642160288589,0.0192980848065083,""
"CDC123",0.00607922132587024,9.76669212784956,0.0665631400508522,0.947088672033968,0.971494679330477,-6.61238433716865,"CDC123",0.482431054798205,0.0236093578792621,""
"GDI2",0.00605159516805731,15.8247243957906,0.236927099086334,0.81324317028895,0.899638796380007,-6.62797163647883,"GDI2",0.446748399871941,0.0897795752865353,""
"ILK",0.00599317753992423,12.332372367476,0.157434648833817,0.875249326699372,0.936159997111172,-6.64355337176825,"ILK",0.464884331818964,0.0578682146513157,""
"PKM",0.00589253355239627,19.1772265302861,0.153223834502938,0.878559289490574,0.937425131511526,-6.64420368594256,"PKM",0.465512580368555,0.0562289248576628,""
"RBM20",0.00563828056919125,10.4086019468628,0.0650370602164255,0.948316466768316,0.97217090804179,-6.56105785035694,"RBM20",0.482766860786055,0.0230467081937637,""
"RPS19",0.00549838582256257,12.4012809611482,0.0838733732227929,0.9333424279546,0.967085827374506,-6.64755845996959,"RPS19",0.480241678834732,0.0299589915296709,""
"RTN4IP1",0.005300590228976,11.9610441764925,0.11306571925252,0.910226239658113,0.95538907569564,-6.64952024093697,"RTN4IP1",0.474433230914012,0.0408506489719376,""
"PDHX",0.00511966837959132,14.3737868449126,0.106011637633082,0.915805271556871,0.958618666282685,-6.65028861085545,"PDHX",0.476037001708257,0.0381968609159094,""
"UFM1",0.00507927301090572,11.8846341098731,0.0905747652931912,0.928030723513917,0.964721093068874,-6.64697720448174,"UFM1",0.479067383916134,0.03243764572975,""
"RPL27A",0.00507577548494353,13.6387734511723,0.0635720245753068,0.949452828024196,0.9725274500062,-6.64424080053099,"RPL27A",0.48294391468005,0.0225266075859453,""
"AP2S1",0.00503782033884104,12.1197669374503,0.0549822348668155,0.956297916473423,0.975947289082651,-6.5613284179553,"AP2S1",0.484642160288589,0.0194067904384414,""
"NDUFV2",0.00492972218898657,16.5601758324573,0.103672085686991,0.917656554782713,0.959505175486047,-6.65053252371872,"NDUFV2",0.476477230130672,0.0373198288979977,""
"RASA3",0.00491646581921223,11.7492219543613,0.0703282065771126,0.94409297873746,0.969840439598011,-6.63368362117566,"RASA3",0.481609581828768,0.0249852322229758,""
"UQCRC1",0.00484741086537532,17.7480738832062,0.112223517406005,0.910892101259585,0.955477147861333,-6.64961457873687,"UQCRC1",0.474476966354563,0.0405330638643476,""
"ADHFE1",0.00478568596755036,15.2232907323489,0.0678659256363723,0.946040498453365,0.97111463773902,-6.65358654044947,"ADHFE1",0.482242331308788,0.0240902717606232,""
"PSMA1",0.00441936821012767,15.3699789085461,0.132998593190855,0.89448665628015,0.946916924160932,-6.64708167011402,"PSMA1",0.470226075601421,0.0484261337406817,""
"DDX19B",0.00435978043972884,12.2148385494472,0.131150380582631,0.895944382752636,0.947169531895631,-6.64732439093088,"DDX19B",0.470351517169444,0.0477189490580995,""
"PACSIN2",0.00417098539722893,12.2076758566958,0.103742260028506,0.917601019298917,0.959505175486047,-6.65052528676863,"PACSIN2",0.476477230130672,0.037346112679098,""
"DDX39B",0.00413461958155903,14.5357769890149,0.133340328908578,0.894217161225642,0.946916924160932,-6.64703641894718,"DDX39B",0.470226075601421,0.0485569996949143,""
"PCNP",0.00401541070821398,10.4298586788108,0.0607292402273484,0.951707341324083,0.974112128064541,-6.65404288358224,"PCNP",0.483730844267485,0.0214965805947697,""
"BABAM1",0.00396868469266565,11.534058450758,0.0607699646545644,0.951679486562559,0.974112128064541,-6.63975152821785,"BABAM1",0.483730844267485,0.0215092917988698,""
"PRMT1",0.00394145511638566,11.9063876829559,0.122374326628553,0.902871042486807,0.950634977137101,-6.64843058744986,"PRMT1",0.472072410179727,0.0443742757505457,""
"ITGA1",0.00388441158881747,10.9485780282261,0.0572560894856278,0.954479701351977,0.975292877844238,-6.6092343503701,"ITGA1",0.484317188561274,0.0202333031891881,""
"RNF7",0.00388134862146039,10.4889706562093,0.0383317505624515,0.969523074430827,0.984387939259939,-6.57016227232671,"RNF7",0.488833672455201,0.0134418503514128,""
"SUB1",0.00385928405327984,12.210957699474,0.0706778225814384,0.943811918339894,0.969840439598011,-6.64331169170649,"SUB1",0.481609581828768,0.0251145427415672,""
"DHODH",0.00382913850326982,11.2113808915247,0.0304741338190764,0.975780243080831,0.986667779230884,-6.49755187049646,"DHODH",0.489965810000938,0.010647979427112,""
"NXN",0.00379953753955231,12.9274238978462,0.0997126702736078,0.920790661895304,0.961067121700924,-6.65093291986257,"NXN",0.477252871393577,0.0358390937091778,""
"RANGAP1",0.00350596662261449,10.9408159292822,0.0301453783742701,0.97602575395362,0.986667779230884,-6.59703456767143,"RANGAP1",0.489965810000938,0.0105387226484937,""
"DCAF7",0.00349140748456911,11.2963729899716,0.0973815225260276,0.922636488886181,0.962388060097946,-6.65116136772424,"DCAF7",0.477908831449516,0.0349693736942012,""
"TRDN",0.00344805506138623,12.2512247200646,0.0332183949679362,0.973574426677639,0.986656402707961,-6.64524675545451,"TRDN",0.489960160574265,0.0116308424388911,""
"RPL10",0.00341166550596661,11.8700420791374,0.0600984133336501,0.952211296200181,0.974112128064541,-6.64399958086504,"RPL10",0.483730844267485,0.0212666707418845,""
"IDI2",0.00339301967449757,15.1270908420895,0.0347945057055517,0.972321114408205,0.985779588446428,-6.64542380630533,"IDI2",0.489524746528205,0.0121902832377322,""
"PSMB4",0.00305650083145093,13.6030693554414,0.076219229915731,0.939411150953087,0.96803999720611,-6.65298806995073,"PSMB4",0.4807155066056,0.0271442889806909,""
"EIF3A",0.00302595876260359,12.9677077806488,0.075306050517633,0.94013566889911,0.968174210228117,-6.65305687239031,"EIF3A",0.480782154968327,0.0268094698016639,""
"UBXN1",0.00301735844677697,14.0528752870311,0.0571696929162655,0.954534725175536,0.975292877844238,-6.65425156231692,"UBXN1",0.484317188561274,0.0202082677126413,""
"WASHC5",0.00294167365986997,10.8391286408696,0.0450583702751772,0.964167137183141,0.981984013918579,-6.61953119433672,"WASHC5",0.487639915800879,0.0158476751588052,""
"CAND1",0.00293691504181037,12.6915618164329,0.0779627415079945,0.938027988242201,0.96803999720611,-6.65285440421676,"CAND1",0.4807155066056,0.0277842032437438,""
"PBXIP1",0.00291991437178396,13.8163490758993,0.0554039598344298,0.955937482630123,0.975947289082651,-6.65435040325391,"PBXIP1",0.484642160288589,0.0195705092265819,""
"RAB9A",0.00283996949727783,11.2260058918825,0.0317150893453013,0.974776833006215,0.986667779230884,-6.60352674526132,"RAB9A",0.489965810000938,0.0110948010067253,""
"MYL2",0.00271775179872336,18.8701943254729,0.0189094682462739,0.984954514120615,0.991514245028776,-6.65569898313921,"MYL2",0.492372499050981,0.00658382505827389,""
"XPO7",0.0026933601086041,9.59151329819459,0.0262367433192167,0.979166189951786,0.988130387465429,-6.36876682006466,"XPO7",0.490692121372848,0.0091435908795556,""
"RAB2A",0.00266975581499906,12.4538378635581,0.0772393364606052,0.938601857148128,0.96803999720611,-6.65291023070923,"RAB2A",0.4807155066056,0.0275185908135026,""
"CYB5B",0.00262954034303764,15.8148731529295,0.0804557889759063,0.936050534892219,0.96803999720611,-6.65265802452204,"CYB5B",0.4807155066056,0.02870070421874,""
"BCAM",0.00243479492891652,12.1103119730296,0.0599081981707592,0.952359449698829,0.974112128064541,-6.65409213517581,"BCAM",0.483730844267485,0.0211991046016342,""
"ACACB",0.0024305820611179,13.4364866886166,0.0551822211227753,0.956113649179284,0.975947289082651,-6.6543625964613,"ACACB",0.484642160288589,0.0194904819102198,""
"NUDT9",0.00242778015796841,12.5904290469638,0.0523695808078651,0.958348416470442,0.977099452722976,-6.65451301738728,"NUDT9",0.485214309094062,0.0184765704192297,""
"NEU3",0.00236223819535208,11.2983464264818,0.016956778397674,0.986509280506628,0.992047578221753,-6.64144472453552,"NEU3",0.492637345066427,0.00589882480220098,""
"TPPP",0.00223690358466033,11.3216580298229,0.0356921895639665,0.971616192541008,0.985717524892931,-6.59753536398296,"TPPP",0.489493926611004,0.0125052560400147,""
"CUL1",0.00218507859664552,12.9179057628948,0.0648608634575336,0.948426328989827,0.97217090804179,-6.65378486712058,"CUL1",0.482766860786055,0.0229963982026231,""
"GGA1",0.00216243042753117,10.3866727533132,0.024504012616108,0.980505154700188,0.989133323960134,-6.6460168608058,"GGA1",0.491190166005856,0.00855011882234396,""
"PLCD4",0.00210544324152906,13.8315966768924,0.0698900116095206,0.944433777247862,0.969840439598011,-6.65344789464951,"PLCD4",0.481609581828768,0.0248284889693829,""
"POLR2I",0.00207713029446221,10.2117514892432,0.0157381908123312,0.987504110884336,0.992493607841655,-6.3575026417641,"POLR2I",0.492858837313969,0.00546108777171298,""
"CSNK1A1",0.00193946253469957,11.0591111401166,0.0288454364057485,0.977051401371258,0.987038884853727,-6.65064259444448,"CSNK1A1",0.490150096009785,0.0100825880266836,""
"IGKV2-30",0.00188733579983147,11.4531438370984,0.0180607703835558,0.985632967232024,0.991514245028776,-6.62004229246927,"IGKV2-30",0.492372499050981,0.00628477875158051,""
"MUL1",0.00175645070746988,11.7202734376043,0.00937485159847939,0.992568512197981,0.995346870524637,-5.91569413859558,"MUL1",0.494275728785486,0.00323950628515047,""
"HNRNPU",0.00167593013808975,13.3411011661058,0.042682584943283,0.96604759932257,0.983549705029657,-6.65497087501269,"HNRNPU",0.488417416728343,0.0150014743983315,""
"SCO1",0.00159159002613585,14.4904636190679,0.0377589580527271,0.969962156479438,0.984387939259939,-6.65516782140278,"SCO1",0.488833672455201,0.0132452096025859,""
"RWDD1",0.00150717510173859,12.1069536793858,0.0383014044566094,0.969530843622423,0.984387939259939,-6.65514730512459,"RWDD1",0.488833672455201,0.013438370183061,""
"LNPK",0.00146526510580802,12.2242473316668,0.0319893781082066,0.974550222627697,0.986667779230884,-6.65536792849038,"LNPK",0.489965810000938,0.0111957749680639,""
"HDGF",0.00140854364069742,13.9263262618919,0.0264362337121589,0.978966985993564,0.988130387465429,-6.65552926342322,"HDGF",0.490692121372848,0.00923195379704301,""
"CCAR2",0.0013768731621191,10.5929042383099,0.0182278959300084,0.98550107747274,0.991514245028776,-6.61070119854398,"CCAR2",0.492372499050981,0.00634289655936329,""
"UQCR10",0.00127958817416207,17.0394653399831,0.0117581137740922,0.990644206943921,0.993875509381128,-6.65580804100056,"UQCR10",0.493545070837939,0.00408229577267065,""
"ACADS",0.00111439628352183,15.6589373844201,0.0130562931852389,0.989611317215597,0.993671622796044,-6.655792022266,"ACADS",0.493443823530678,0.00453534674981288,""
"NSF",0.000964805459440221,13.3741224559294,0.0204682007396845,0.983714463219564,0.990975624459498,-6.65566846134558,"NSF",0.492105027396323,0.00713094327980298,""
"PPIH",0.000813907912883494,11.9654817638135,0.0127464888764184,0.989857809868355,0.993671622796044,-6.65579599732444,"PPIH",0.493443823530678,0.00442718603337488,""
"CCT7",0.000457609785117441,13.7939417611826,0.0145935013631943,0.988388268512063,0.992891965494417,-6.65577088669419,"CCT7",0.493056656310509,0.00507241801572106,""
"AP2A1",0.000453386538309175,11.1616191570202,0.00691813491506414,0.994495237450205,0.996581591095205,-6.65585299030712,"AP2A1",0.49488887424054,0.00239729233245516,""
"PAFAH1B3",0.000276622928685022,12.8795567683915,0.00541914048187474,0.995687974447634,0.997079571896198,-6.65586218652866,"PAFAH1B3",0.495136164738577,0.00187673808873945,""
"PTGR3",2.37205133499785e-05,9.61754132194439,0.000235917577979916,0.999812471649791,0.999812471649791,-6.51423114125974,"PTGR3",0.496493285615134,8.14501650422849e-05,""
"VASP",-8.84006176899987e-05,10.5848118493036,-0.00123973026933928,0.999014025567851,0.999362721562814,-6.58149419438204,"VASP",0.496269945834205,0.000428414492771909,""
"LPIN1",-0.000265621464308197,12.3209098974809,-0.00450402508582958,0.99641612889743,0.997460225434871,-6.65586670213747,"LPIN1",0.495325192112665,0.00155925119327821,""
"GPX4",-0.000289517919207505,13.9179500264529,-0.00717543756428921,0.994290505124034,0.996581591095205,-6.65585118705917,"GPX4",0.49488887424054,0.00248670781641985,""
"CSMD3",-0.000439908161192548,11.1201995743411,-0.00373686467671598,0.997030328609857,0.997726578839333,-6.4776904225546,"CSMD3",0.495457459593484,0.00129163070783239,""
"ACAD8",-0.000874002593543644,12.7147090735047,-0.0214057803923601,0.982968590034268,0.990572425822156,-6.65564893861133,"ACAD8",0.491904804432631,0.00746035947482077,""
"AHSG",-0.00105016159246407,13.9372628220128,-0.0155271809131146,0.987645418550035,0.992493607841655,-6.65575690203494,"AHSG",0.492858837313969,0.0053989465123766,""
"UBA1",-0.00106448023799821,15.3375326383266,-0.0347368368288204,0.972365281415928,0.985779588446428,-6.65527676674774,"UBA1",0.489524746528205,0.0121705561621679,""
"OGDH",-0.00107158048504274,18.2446663325947,-0.0300300498451708,0.976108515582124,0.986667779230884,-6.65542835404524,"OGDH",0.489965810000938,0.0105018984206164,""
"S100A9",-0.00111580272087508,15.2805224325251,-0.00609209985553081,0.995152505079802,0.996891674085534,-6.65585833439684,"S100A9",0.495042857239399,0.00211035941568849,""
"HNRNPR",-0.00135953627157281,10.4218996919896,-0.0197756902409904,0.984266347295292,0.991183187402778,-6.64605580048871,"HNRNPR",0.492208100333102,0.00688736345042549,""
"MYBPC2",-0.0016599620657356,16.1133521994635,-0.0116195232773331,0.990754476727803,0.993875509381128,-6.65580965210515,"MYBPC2",0.493545070837939,0.00403395662810107,""
"PET117",-0.00177840855503852,12.1109629603049,-0.0299320275778627,0.976188685383704,0.986667779230884,-6.64114222558807,"PET117",0.489965810000938,0.0104662303856026,""
"NAPA",-0.00199484314351661,14.2272525298668,-0.0842530915178933,0.93303933761268,0.967085827374506,-6.65234703210025,"NAPA",0.480241678834732,0.0301000456983298,""
"NGLY1",-0.00214755251286203,11.1408613284583,-0.031435616436646,0.974991386640464,0.986667779230884,-6.65056495557328,"NGLY1",0.489965810000938,0.0109992209691971,""
"TAB1",-0.00233674098159042,10.6112262445358,-0.0400807454914221,0.96812927872325,0.984270490535947,-6.58939416703182,"TAB1",0.488775349015036,0.0140666454939653,""
"PSMD4",-0.00235255013427249,14.1029563961725,-0.0762309782331276,0.939401830150719,0.96803999720611,-6.65298717938498,"PSMD4",0.4807155066056,0.0271485980557036,""
"PITPNB",-0.00254426370248861,12.1067096245584,-0.0414005551747106,0.967067804121976,0.983876622731982,-6.6502040546236,"PITPNB",0.48857975961639,0.0145430751169037,""
"YKT6",-0.00258284925540053,12.2311712124144,-0.027046524220951,0.978491295089462,0.988130387465429,-6.5864115492577,"YKT6",0.490692121372848,0.00944303358434284,""
"GPC4",-0.0026183066137655,10.3347493972499,-0.022216485761152,0.982374661928932,0.99032211786434,-6.18137565272327,"GPC4",0.491780504902554,0.0077228476751788,""
"TSG101",-0.00281723945539269,11.7677063341958,-0.0455214922861964,0.963791977323029,0.981950873447494,-6.65002594410372,"TSG101",0.487623458693329,0.0160166931197242,""
"PCMTD1",-0.00294613681344469,10.9501589380931,-0.0380526296331916,0.969756455319868,0.984387939259939,-6.51131498739707,"PCMTD1",0.488833672455201,0.0133373207761486,""
"TMX4",-0.00302939757823051,13.7924278816548,-0.070326399633888,0.944089096603827,0.969840439598011,-6.64859711102058,"TMX4",0.481609581828768,0.0249870180562771,""
"CSE1L",-0.00313245663481698,13.3078173028469,-0.0745241808441772,0.940756045553711,0.968465095746025,-6.65311512254339,"CSE1L",0.480926604763283,0.0265229821049035,""
"HSPA2",-0.00320414866573948,15.9422354508316,-0.0419965308859693,0.966593002765647,0.983755520570435,-6.65499976293676,"HSPA2",0.488519621928787,0.0147563530738892,""
"THOP1",-0.00328114597726969,11.3756679261672,-0.0759574495235382,0.939618842735686,0.96803999720611,-6.65300787826948,"THOP1",0.4807155066056,0.0270482826414736,""
"RPS25",-0.0036379355681122,11.2216294173858,-0.0386606465447896,0.969260407741398,0.984387939259939,-6.57303443685372,"RPS25",0.488833672455201,0.0135595269208139,""
"NDUFS2",-0.00363977040453367,15.2871687803607,-0.0921288792124528,0.926797123617559,0.964317641655935,-6.65165631386414,"NDUFS2",0.478867035427516,0.0330153227445571,""
"PPP6R1",-0.00364871899351549,10.0735400144202,-0.041046621439842,0.967398577410581,0.983876622731982,-6.44764064021934,"PPP6R1",0.48857975961639,0.0143945555905125,""
"ECPAS",-0.00373839937183451,13.9719234314475,-0.144476839513428,0.885441807528718,0.942595169353915,-6.64549824551852,"ECPAS",0.468079950898437,0.0528399759754595,""
"BCAT2",-0.00378497467302452,13.229345825277,-0.0940493277640006,0.92527568832645,0.963763958665652,-6.65147853503651,"BCAT2",0.47859208397929,0.0337288487958774,""
"CHCHD7",-0.00382038368932136,12.0858073602236,-0.0297392729176281,0.976339784333143,0.986667779230884,-6.655436996245,"CHCHD7",0.489965810000938,0.01039901350133,""
"IMMT",-0.00399028813895619,16.2729518610301,-0.108111400073444,0.914144128190945,0.95722947438628,-6.65006506399072,"IMMT",0.475347147892113,0.0389853259912024,""
"USP15",-0.00401725666100639,14.1875866513305,-0.13271000744745,0.89471424655541,0.946916924160932,-6.64711979299038,"USP15",0.470226075601421,0.0483156473206753,""
"NDUFS3",-0.00403041924195868,16.776855848756,-0.0843234084980604,0.932983586473492,0.967085827374506,-6.65234113805728,"NDUFS3",0.480241678834732,0.0301259965179084,""
"PCMT1",-0.0042240555493871,15.4532576802598,-0.114453060298412,0.909129520074983,0.954769221156065,-6.64936330284194,"PCMT1",0.474125419573702,0.0413742401588643,""
"CMYA5",-0.00422855564523417,13.368210339329,-0.117888826725039,0.906414243258151,0.952615776009484,-6.64896640718323,"CMYA5",0.473056047979993,0.0426732786523621,""
"MATR3",-0.00437340511997597,11.3896269384255,-0.0820081237424096,0.934819444568179,0.96803999720611,-6.65253262358434,"MATR3",0.4807155066056,0.029272262710238,""
"CYCS",-0.00450069769397388,15.5987364969476,-0.0636205760535119,0.949411177551364,0.9725274500062,-6.65386410505489,"CYCS",0.48294391468005,0.0225456595775249,""
"COPE",-0.00452646371462428,12.0049577706508,-0.0899466505442225,0.928528449547376,0.964888519362864,-6.64703358133695,"COPE",0.479150525538347,0.032204785201364,""
"ATP6V1A",-0.00453239346960466,13.048545654092,-0.1379590910143,0.890576005059529,0.944484332087173,-6.64641343624425,"ATP6V1A",0.469018083437381,0.0503290103171072,""
"NNT",-0.00461581692426272,16.081653245955,-0.0788188748005456,0.937348869840256,0.96803999720611,-6.65278766252595,"NNT",0.4807155066056,0.0280987399046231,""
"HMBS",-0.00482761313636804,11.3778318619717,-0.0730307924041671,0.94194107997471,0.968988921467164,-6.65322469230169,"HMBS",0.481186729497423,0.0259762622200174,""
"PRKAR2A",-0.00485074416609166,14.6877301086084,-0.119600215819235,0.905062149824703,0.951892888586275,-6.6487643312303,"PRKAR2A",0.472697071909924,0.0433215971493126,""
"OAT",-0.00506911159247281,10.500445569466,-0.0460880146862986,0.963391974571629,0.981892389446049,-6.43528983779609,"OAT",0.48759441633303,0.0161969758477979,""
"HMGB1",-0.00514643372775581,14.0125490868465,-0.087690123661975,0.930314667032028,0.966146200729846,-6.652053183725,"HMGB1",0.479775073012854,0.0313701320464904,""
"AHSA1",-0.00523486109200721,11.6562566087434,-0.110046056035639,0.912613939414467,0.956325978194465,-6.64985521507555,"AHSA1",0.474898483962091,0.0397129020278001,""
"NUP54",-0.00525927447591279,10.14675868886,-0.0972292641178321,0.922764266974583,0.962388060097946,-6.636887532122,"NUP54",0.477908831449516,0.0349092313986986,""
"RPL38",-0.00529035232955444,12.0052796404713,-0.077359852575316,0.938508115952392,0.96803999720611,-6.64808062940829,"RPL38",0.4807155066056,0.0275619673707126,""
"GSPT2",-0.00552842797718345,11.6337651772434,-0.0586098615633567,0.953462717248616,0.974892667725485,-6.45261611218142,"GSPT2",0.484118449655299,0.0206962842747766,""
"BCCIP",-0.00553296402002879,11.5465520498115,-0.0872544648613741,0.930673355601476,0.966146200729846,-6.62160253436301,"BCCIP",0.479775073012854,0.0312027193963634,""
"NIBAN2",-0.00558321806432716,11.1202555327756,-0.0698906414181356,0.944460804926047,0.969840439598011,-6.57487019728474,"NIBAN2",0.481609581828768,0.0248160605664367,""
"COPS6",-0.00560990018283203,13.1622448339606,-0.137635499815679,0.890831029560084,0.944484332087173,-6.64645777322467,"COPS6",0.469018083437381,0.0502046639639772,""
"IAH1",-0.00565214174043227,12.9035346911652,-0.103771099835276,0.917578195795721,0.959505175486047,-6.65052231115322,"IAH1",0.476477230130672,0.0373569150262634,""
"CUL3",-0.00569533628873575,13.9000901419563,-0.184193584183108,0.854269343173468,0.924249127042341,-6.63900902679724,"CUL3",0.458969555615732,0.0684051787119429,""
"COQ7",-0.00571458541999714,13.598555336718,-0.156406121827474,0.876057610695102,0.936159997111172,-6.64371384278143,"COQ7",0.464884331818964,0.0574673331192604,""
"APEH",-0.00577707865238519,14.8535996795313,-0.218359719310651,0.827635298337356,0.905690250108768,-6.63217285856641,"APEH",0.449753469552241,0.0821609951133321,""
"EIF2S1",-0.00600422212827834,12.1595614172994,-0.175199270051688,0.861310311950033,0.92849303133428,-6.64061586424644,"EIF2S1",0.461077020810945,0.0648403532062303,""
"PMVK",-0.00603944754267172,12.2264139883322,-0.119765479679009,0.904953331291345,0.951892888586275,-6.61321280773643,"PMVK",0.472697071909924,0.0433738169110949,""
"ARHGDIA",-0.00606017537598014,15.6061349924822,-0.17487858414802,0.861561563198973,0.92849303133428,-6.64067167103489,"ARHGDIA",0.461077020810945,0.0647136844349378,""
"UBR4",-0.00617641659438917,11.3771226992138,-0.102733019707537,0.918399764231641,0.959932065750505,-6.65062889674252,"UBR4",0.476689218034411,0.03696823643664,""
"CDNF",-0.00618700814907225,13.1403314756444,-0.10178677157923,0.919153704690227,0.960369856960332,-6.64087455314368,"CDNF",0.476906619199474,0.0366118580185328,""
"KSR2",-0.00625493786440678,18.0421192873914,-0.0730928998396712,0.941897198166743,0.968988921467164,-6.63848258211431,"KSR2",0.481186729497423,0.0259964949833926,""
"ASAH1",-0.00629814226344561,11.4665700059863,-0.109104090748336,0.913358932763196,0.95675683527022,-6.64995785328477,"ASAH1",0.475112441730411,0.0393585194153411,""
"EIF5B",-0.00629814702641607,10.7642761599964,-0.0839234674181839,0.933315861942991,0.967085827374506,-6.61696586878876,"EIF5B",0.480241678834732,0.0299713531625537,""
"KIAA1671",-0.00632896358593804,10.8723530886937,-0.0814002721835826,0.935330904163827,0.96803999720611,-6.5856244970303,"KIAA1671",0.4807155066056,0.0290347159420918,""
"GNB1",-0.0065239901469818,11.9373509752852,-0.153375590564957,0.878439961906043,0.937425131511526,-6.64418055494637,"GNB1",0.465512580368555,0.0562879155618867,""
"DAZAP1",-0.00655123616446307,11.7015015160759,-0.138705286867711,0.889991332478885,0.944484332087173,-6.64149073750758,"DAZAP1",0.469018083437381,0.0506142228774714,""
"ECHDC3",-0.00667706631669152,14.0255238895044,-0.0759055671800163,0.939667575794626,0.96803999720611,-6.63115511299484,"ECHDC3",0.4807155066056,0.02702575866814,""
"PRKG1",-0.0067171186947359,13.4157343872255,-0.183156294956647,0.855080768208198,0.924429076455939,-6.63919843873507,"PRKG1",0.459058916048949,0.0679928612596151,""
"PANK4",-0.00683185536232678,13.4477280819049,-0.230811230003216,0.817976944279108,0.900326572421602,-6.6293932698108,"PANK4",0.447089940107077,0.0872589372986923,""
"CLINT1",-0.00687424229006695,11.5156719691839,-0.13447763603272,0.893320362843509,0.946490262443437,-6.64688498568344,"CLINT1",0.470014201190997,0.0489927663472751,""
"EIF5A",-0.00697560673906228,15.4687872152393,-0.221404408086277,0.82527109311297,0.904138743448689,-6.63150740186379,"EIF5A",0.448983012430372,0.0834033667183419,""
"PDLIM5",-0.00699421187555949,18.3075051044096,-0.130036721039129,0.896822923624502,0.947623206465514,-6.64746900555631,"PDLIM5",0.470576805795249,0.0472932993020351,""
"CSTB",-0.00701411722407563,16.1692055251568,-0.166546694980857,0.868094355804952,0.932518149826459,-6.64208579932697,"CSTB",0.463075839951373,0.0614330674752097,""
"LIPE",-0.0072821679723214,10.1463051969796,-0.0238722643281044,0.981066318903084,0.989351185776298,-5.80942787852314,"LIPE",0.491298353222944,0.00830163384314491,""
"HLA-B",-0.007410304433904,13.0962348425065,-0.09489918440759,0.924611974826036,0.96361378903688,-6.63245969776502,"HLA-B",0.4785175117825,0.0340404862308462,""
"NDUFAF6",-0.00744028389449625,12.7155663425237,-0.138545693172304,0.890117090899062,0.944484332087173,-6.64151273473481,"NDUFAF6",0.469018083437381,0.0505528601117999,""
"TATDN1",-0.00773523721574065,12.3732986166135,-0.230051623679132,0.818565366042242,0.900579016920178,-6.62956724786736,"TATDN1",0.447215300614259,0.0869466345440844,""
"EPDR1",-0.00781268811083446,13.1440193039643,-0.169235841633931,0.865984850480396,0.930600892942188,-6.64163692276468,"EPDR1",0.462123756238845,0.0624897054541505,""
"NAP1L4",-0.00783592102961084,15.3166037337168,-0.263599236551989,0.792681686766523,0.886823026131078,-6.62133768749133,"NAP1L4",0.440384262537187,0.100901175145968,""
"IFITM3",-0.008485203782854,9.99735348802784,-0.0959520844790281,0.923834897744792,0.963154171311958,-6.52650589210013,"IFITM3",0.478289271866672,0.0344056363612471,""
"TMEM223",-0.00859583825852539,11.7532261918706,-0.155685172522772,0.876644066647157,0.936437530753169,-6.61937186573864,"TMEM223",0.465022151253799,0.0571767022644442,""
"MYOZ3",-0.0086798196045752,16.1861874165259,-0.234041451157819,0.815475852301479,0.899638796380007,-6.62864703186081,"MYOZ3",0.446748399871941,0.0885888946696764,""
"MCAM",-0.00868770947490205,10.5018530547046,-0.0939764898386383,0.9254286162763,0.963763958665652,-6.44649494720798,"MCAM",0.47859208397929,0.0336570752935036,""
"PSMD3",-0.0087512211603098,12.7495644715949,-0.271714597580359,0.786453818797794,0.882182639794316,-6.61917914288703,"PSMD3",0.438079909746847,0.104326774414036,""
"JPT2",-0.00896711170763087,10.4769224557525,-0.129798047949431,0.897034807795164,0.947623206465514,-6.61106380260342,"JPT2",0.470576805795249,0.0471907046258383,""
"SPCS2",-0.00898992885288497,13.0896536697622,-0.153248688364111,0.878543472570859,0.937425131511526,-6.639379927996,"SPCS2",0.465512580368555,0.0562367436387854,""
"AK1",-0.00908349705134803,18.4910214044758,-0.235859896041504,0.81406870736698,0.899638796380007,-6.62822238209804,"AK1",0.446748399871941,0.0893389391266526,""
"SNAP23",-0.00915660918052108,10.8596466500246,-0.164217461572381,0.869930387177522,0.933422846088046,-6.63238872561401,"SNAP23",0.463525099819733,0.0605154987311032,""
"JSRP1",-0.00922849491565447,11.5932136619977,-0.121488512435081,0.903570614244914,0.951022174229131,-6.64853798808788,"JSRP1",0.472264686993484,0.0440379015661955,""
"SCP2",-0.00925205553954989,12.9552766288188,-0.237852496011074,0.812527498286193,0.899460722320675,-6.62775329381809,"SCP2",0.446659970714166,0.090161932316016,""
"CUL4A",-0.00944234121973508,13.5297474812458,-0.256301335684605,0.798293738059977,0.89065154046401,-6.62322299670576,"CUL4A",0.442285450724053,0.0978372773889314,""
"METAP2",-0.00970611899899954,12.3859610337115,-0.230780067855663,0.818001081690307,0.900326572421602,-6.62940041836776,"METAP2",0.447089940107077,0.0872461220354973,""
"CHCHD10",-0.00984078644508113,12.8192223268447,-0.080122110176254,0.936339071936007,0.96803999720611,-6.59519587763667,"CHCHD10",0.4807155066056,0.0285668538208563,""
"HINT2",-0.0098761149096962,13.2363229595316,-0.236050465050236,0.813921276899102,0.899638796380007,-6.62817768970969,"HINT2",0.446748399871941,0.0894175983806501,""
"XRCC6",-0.00993997623729292,13.62831635721,-0.315698979032112,0.752950212573705,0.86040913651447,-6.60634359429329,"XRCC6",0.427267483927709,0.123233739761269,""
"ADAL",-0.00994172583714548,11.257099890639,-0.161416996225099,0.872141547215568,0.934414083857876,-6.61791200947761,"ADAL",0.464017335024958,0.0594130240285796,""
"GCN1",-0.0101355207687952,11.8698780026734,-0.179864508087173,0.85766120531435,0.926519794357681,-6.63497267115465,"GCN1",0.460097138145356,0.0666842339691603,""
"NCL",-0.0103776046062078,13.4336800996577,-0.201318323129201,0.840896700433304,0.914962013455524,-6.63572752614186,"NCL",0.454357701223687,0.0752573516304332,""
"CA3",-0.0104180115067258,20.5206775768557,-0.26151794785795,0.794281089650804,0.888181663261493,-6.62188074569485,"CA3",0.44105894327179,0.10002577706797,""
"PIP",-0.0104462992668264,16.0282013539746,-0.0533103974019682,0.95760085809827,0.976684718615531,-6.65446357783339,"PIP",0.485008357772689,0.0188154734337503,""
"RPL8",-0.0106321187720768,11.4237135648619,-0.16271490109022,0.871114012940375,0.933677798897878,-6.62769167005286,"RPL8",0.463651705920197,0.0599250000435294,""
"TXNRD2",-0.0108540343984291,12.2855637418577,-0.188711844051491,0.850746080898745,0.922875953011281,-6.62861157809177,"TXNRD2",0.45828765605383,0.0702000428762543,""
"SCRIB",-0.0109080964886275,10.0850878292433,-0.0872580337697381,0.93075005590199,0.966146200729846,-6.46235883671441,"SCRIB",0.479775073012854,0.03116692902531,""
"ISCU",-0.0110680343303802,9.98956770614555,-0.111496532614309,0.911585905042058,0.955598099433262,-6.44893577705147,"ISCU",0.474537029261408,0.0402023985089735,""
"MRPS14",-0.0111392646070048,9.93000270491899,-0.0817802180824842,0.935110678408934,0.96803999720611,-6.40491061718701,"MRPS14",0.4807155066056,0.029136983589963,""
"MAN2C1",-0.0112159445422524,12.7724128518877,-0.250170559184038,0.803022683951079,0.893772043574289,-6.61994686063152,"MAN2C1",0.443835050159873,0.095272186507575,""
"RPS2",-0.0113438549565057,11.793292504677,-0.24713288551198,0.805359242521266,0.895329553555449,-6.62551662624227,"RPS2",0.444608488449404,0.0940103528711267,""
"TTLL12",-0.0114372869153234,11.6782243922723,-0.231074174134059,0.817778977829914,0.900326572421602,-6.62451360992736,"TTLL12",0.447089940107077,0.0873640577946593,""
"PRUNE1",-0.0114801735611838,17.3228734471995,-0.260641946298872,0.794954531858472,0.888241593881629,-6.62210803026374,"PRUNE1",0.441088704003271,0.0996577104978299,""
"MRPL39",-0.0116582424905705,11.8815759409797,-0.2391525396304,0.811528261174842,0.898701698812634,-6.62262590565601,"MRPL39",0.446283049955472,0.0906963514279277,""
"MAIP1",-0.0120767346705755,11.5335699480849,-0.247689248339858,0.804930024180284,0.895199631082924,-6.62537982113909,"MAIP1",0.44454397071524,0.0942418729654218,""
"TBC1D15",-0.0121540773220463,14.3023604595617,-0.244261285010621,0.807587758602202,0.896416156527463,-6.6165938704958,"TBC1D15",0.445148080717987,0.0928102727048805,""
"DNAH10",-0.0121665885324624,14.3651039791939,-0.137867693351852,0.890654799744084,0.944484332087173,-6.63634550844832,"DNAH10",0.469018083437381,0.0502905873383047,""
"GSPT1",-0.0123224815210738,12.7470873338782,-0.407405399759541,0.684662184215491,0.816416869512334,-6.57341670807751,"GSPT1",0.405421522004962,0.164523658754679,""
"MAPRE3",-0.0123246569679107,10.509876390507,-0.191388799602268,0.848664576417607,0.921664522930224,-6.61821769098077,"MAPRE3",0.457686076339342,0.0712639250619831,""
"NAXE",-0.0124302408882713,13.5135071022699,-0.370753761187665,0.711678209481948,0.834903703796669,-6.58757532088564,"NAXE",0.414601832667927,0.147716331414364,""
"LTN1",-0.012476560914588,10.1878119789446,-0.160072340926129,0.873288635324778,0.93507660498472,-6.52057354642023,"LTN1",0.464346334012651,0.0588421915624162,""
"RPL23",-0.0125843208452414,10.5055820123953,-0.15839549493156,0.874494350282191,0.93588529048124,-6.64340251061208,"RPL23",0.464747916239901,0.0582429919591121,""
"USP7",-0.0125881784021171,11.2425789195126,-0.278250733301119,0.781454863313692,0.878638539920377,-6.61257441555846,"USP7",0.436319957915023,0.10709610168818,""
"NEDD4",-0.0125903063787902,10.385980197544,-0.142251050108603,0.887312027148166,0.943453310177567,-6.50262338551984,"NEDD4",0.468506091969024,0.0519236317587761,""
"PSMB1",-0.0127818637612176,15.290190127787,-0.346382800058936,0.729850597941105,0.844469848082038,-6.59625381153945,"PSMB1",0.419352249912747,0.136766031838873,""
"CD34",-0.0129542034889649,10.5683217253504,-0.183230594612882,0.855056198326581,0.924429076455939,-6.60320246689656,"CD34",0.459058916048949,0.0680053404518863,""
"CENPV",-0.0130988484140921,12.1885173924426,-0.170872585208607,0.86470137831782,0.929570198896802,-6.64136019747307,"CENPV",0.461611927583403,0.0631338487665462,""
"UBE3A",-0.013187059748959,12.6446485452056,-0.338857595974724,0.735493696876347,0.848601020631083,-6.59881466926281,"UBE3A",0.421403734056502,0.133421044790361,""
"SNU13",-0.0134703465462671,11.1827640334581,-0.19561239707376,0.84534745740364,0.91841008829372,-6.6368532740054,"SNU13",0.456069968327775,0.0729647492545818,""
"SCRN3",-0.0134998713488592,12.4788473026093,-0.338039746320031,0.736107878257378,0.848627255042063,-6.59908960693602,"SCRN3",0.42141676170846,0.133058534169737,""
"TLN1",-0.013501830840644,13.2177718976296,-0.44870525323315,0.654705525705839,0.797105368170321,-6.55587049260587,"TLN1",0.395831692888672,0.183953993622944,""
"ZYG11B",-0.0139685561682512,10.4423251915387,-0.174647656029906,0.861755569905508,0.92849303133428,-6.62642447171764,"ZYG11B",0.461077020810945,0.0646159008745732,""
"PBDC1",-0.0140926349896864,12.7775041216001,-0.378016533584617,0.706294158133303,0.830627434226527,-6.584875310008,"PBDC1",0.412478295315414,0.15101438584987,""
"USP24",-0.0141074797966914,11.7582135790769,-0.2593467400146,0.795950529860443,0.888661557686027,-6.62244268511426,"USP24",0.441297252321078,0.0991139238154382,""
"APOE",-0.0141231199895318,11.8467720702625,-0.269900074113146,0.787851836765871,0.883405072054377,-6.6148486081717,"APOE",0.438686952993905,0.103555448151454,""
"ARPC2",-0.0141539833824247,12.4901715472706,-0.342430846058587,0.732812309875242,0.846218117134114,-6.5976056723179,"ARPC2",0.420220416564411,0.13500724394448,""
"ABHD10",-0.0141883034346026,12.0569059610807,-0.380717032746588,0.704296006187724,0.829227974043999,-6.58385805512849,"ABHD10",0.411783342407932,0.152244774330303,""
"PSMD2",-0.0142171396929598,13.5755747018519,-0.510158743277177,0.611169152608572,0.765564157070003,-6.52664366589103,"PSMD2",0.380168756112501,0.213838573918559,""
"RPRD1B",-0.0145104749629184,11.8724202167208,-0.266195867327489,0.790700876569893,0.885560262700005,-6.61109578127578,"RPRD1B",0.439757191378719,0.101987779743972,""
"SERBP1",-0.0147616075757702,12.500643813072,-0.230993177692848,0.817836015704026,0.900326572421602,-6.62935151199531,"SERBP1",0.447089940107077,0.0873337679842893,""
"RBX1",-0.014849928772632,13.7068276465266,-0.245935806054862,0.806282957796117,0.895661611257237,-6.62580993671244,"RBX1",0.44477338379133,0.0935125196789125,""
"ANXA11",-0.0149914417618824,14.468289525606,-0.476109254964393,0.635131822464849,0.780574114866481,-6.54329782212952,"ANXA11",0.387622497163581,0.197136126948134,""
"SRSF4",-0.0150753624666224,12.3709821506077,-0.174233282022798,0.862080226402488,0.928493772592834,-6.6264963271883,"SRSF4",0.461077388909868,0.0644523162371947,""
"TMLHE",-0.0151374825975861,12.7204066576676,-0.260860863970526,0.794786220318661,0.888241593881629,-6.62205130195169,"TMLHE",0.441088704003271,0.0997496711186462,""
"THRAP3",-0.0152286480378736,11.1788636858248,-0.207899109708032,0.835890914442108,0.912269024642476,-6.53104178116673,"THRAP3",0.453020399577801,0.0778503952248586,""
"NSFL1C",-0.0152628704930962,13.6369477589965,-0.530182766671767,0.597269969682328,0.756055817559878,-6.51631573179794,"NSFL1C",0.37544704393348,0.223829320727766,""
"DTNA",-0.0152890053047861,11.984015958674,-0.486609367370848,0.627699146011328,0.77743550236321,-6.53828402328903,"DTNA",0.386063904849314,0.202248462209286,""
"NDUFB7",-0.0153264205750059,14.2574529315106,-0.307155415415625,0.75942330061208,0.863350725725594,-6.60898690434851,"NDUFB7",0.428728237152712,0.119516081976299,""
"LAMTOR5",-0.0153327667325307,13.8220713115987,-0.289198042790579,0.77308430056336,0.872650494452379,-6.61430685605446,"LAMTOR5",0.433346375915277,0.111773146090358,""
"QKI",-0.0154446157438359,11.1426422420595,-0.234703366588868,0.815050345265151,0.899638796380007,-6.55923239627604,"QKI",0.446748399871941,0.0888155642716231,""
"DNAJC11",-0.0156585431612637,11.3929092177967,-0.208043922860624,0.835678334958541,0.912269024642476,-6.61498017268963,"DNAJC11",0.453020399577801,0.0779608568132253,""
"BPNT1",-0.0156908196410352,11.3899684327147,-0.324621422744198,0.74620886548852,0.85477002737414,-6.6035058250269,"BPNT1",0.424467178966114,0.127139595539264,""
"PHAX",-0.0160403250740533,13.9594018294807,-0.209335834609157,0.834661999994454,0.912263015816528,-6.62453149596259,"PHAX",0.453017415676497,0.0784893583549801,""
"PSMC2",-0.0161361235917781,12.9727944386829,-0.635040542017717,0.526987384220296,0.699145843324845,-6.45578831247904,"PSMC2",0.3471863241551,0.278199781427096,""
"GPI",-0.016361204522255,18.1145753154279,-0.402098555851159,0.688549575251325,0.818491531592823,-6.57554904494824,"GPI",0.406451770998739,0.162064785279263,""
"PGAM1",-0.0164683090476698,14.3654043061603,-0.408367851067245,0.683958070330624,0.816416869512334,-6.57302700259249,"PGAM1",0.405421522004962,0.164970521645671,""
"CPPED1",-0.0164835395937351,13.0826074805891,-0.248121024432895,0.804596962188668,0.895176589143137,-6.62527343917424,"CPPED1",0.444532528401091,0.0944216114704363,""
"CARS2",-0.0166396867060881,11.684411916749,-0.33702749180569,0.736868289459254,0.848627255042063,-6.59942898026127,"CARS2",0.42141676170846,0.132610132592675,""
"ENO2",-0.0166998591601146,19.3537942578074,-0.279946275310066,0.780150844832435,0.878474556960301,-6.61692291045478,"ENO2",0.436238526205636,0.107821416867794,""
"AARSD1",-0.0167714866246591,12.5504450860059,-0.361410900189524,0.718625791557583,0.837909486820192,-6.59097182936376,"AARSD1",0.416094463667751,0.143497199975607,""
"ERN1",-0.0168274149117744,13.0525009588498,-0.251028010192303,0.802355522488382,0.893422169798813,-6.62455239309483,"ERN1",0.44366130759788,0.0956331538575813,""
"PSMA5",-0.0169088881080128,15.2078016453616,-0.689995996401761,0.491943715268611,0.672667312957939,-6.4197543109953,"PSMA5",0.334037445827515,0.308084583302899,""
"PON2",-0.0169777773662609,11.9719125365636,-0.123069693065539,0.902337521046097,0.950422394457226,-6.62169753202536,"PON2",0.471966844509976,0.0446309834009573,""
"CZIB",-0.0169822777511461,13.7221238181827,-0.342884243315278,0.732472314065201,0.846218117134114,-6.59745136257864,"CZIB",0.420220416564411,0.135208786094597,""
"GYG1",-0.0170576377860847,15.5857255670995,-0.425414830223264,0.671533542424163,0.809682428518154,-6.5659727261771,"GYG1",0.402077290130694,0.17293228988148,""
"RPS6KA3",-0.0170737294526893,13.6903149731684,-0.677423470339994,0.49984719324195,0.68119926573059,-6.42825912004176,"RPS6KA3",0.338274297622149,0.301162742213221,""
"NDUFC2",-0.0170747466707715,15.0675131305624,-0.315833382925304,0.752848520115528,0.86040913651447,-6.60630143270652,"NDUFC2",0.427267483927709,0.123292398959933,""
"PIN1",-0.0171216891996373,13.309889784624,-0.401137098199354,0.689254765497979,0.818990115222724,-6.57593238647753,"PIN1",0.406699360853419,0.161620222505727,""
"PSMD6",-0.0171397671646467,12.8873724014736,-0.530273096064326,0.597207601909969,0.756055817559878,-6.51626824667875,"PSMD6",0.37544704393348,0.223874672737804,""
"EDF1",-0.0171412946466907,12.2502093552209,-0.318286768654845,0.75099301103786,0.859219947957887,-6.6055286757487,"EDF1",0.426676949052004,0.124364104649381,""
"COPS4",-0.0172237230283958,13.9889848200697,-0.694123614902583,0.489363905048663,0.67041919305424,-6.41692840015029,"COPS4",0.332921060036085,0.310368066893286,""
"EIF4H",-0.017275230918397,13.1220258646957,-0.446723334059803,0.656130754116588,0.79748547128844,-6.55675101637291,"EIF4H",0.396020446931394,0.183009605543864,""
"PSMB6",-0.0173885725986276,13.9817736713142,-0.403983960802439,0.687167506175125,0.818206095844582,-6.57479466287745,"PSMB6",0.406310027485335,0.162937385006974,""
"CAVIN1",-0.0174331102504128,13.957767530656,-0.407203068114119,0.684810242256682,0.816416869512334,-6.57349851749722,"CAVIN1",0.405421522004962,0.164429752825215,""
"MRPL15",-0.0179848706289087,10.3070771492881,-0.175151874257515,0.861492770978642,0.92849303133428,-6.49347359228402,"MRPL15",0.461077020810945,0.0647483624843886,""
"FLII",-0.0181247342890503,12.9805402112003,-0.314837955678579,0.753601781983864,0.86040913651447,-6.60661326667041,"FLII",0.427267483927709,0.122858083271384,""
"PFKM",-0.0182888463987148,18.0796443521792,-0.50761957510748,0.612942017926183,0.767114333352157,-6.52792507314097,"PFKM",0.380938552586774,0.212580606208664,""
"ADH5",-0.0185593806063373,14.0175375532084,-0.424773217267684,0.671999554037536,0.809903583629764,-6.56624343809767,"ADH5",0.402187112753543,0.172631015159123,""
"FITM1",-0.0186353800628698,11.7694550173215,-0.256230733652321,0.798354433863238,0.89065154046401,-6.61842196519851,"FITM1",0.442285450724053,0.0978042584021473,""
"XPNPEP1",-0.0186622126724778,13.7006380504492,-0.62281110922819,0.53495840308273,0.704915302636829,-6.46340421519934,"XPNPEP1",0.350051359240433,0.271679986229185,""
"COPZ1",-0.0189095136882393,12.4123385950469,-0.343242789376158,0.732221063775993,0.846218117134114,-6.58777317492428,"COPZ1",0.420220416564411,0.135357781941647,""
"MYO1C",-0.0190179809759901,12.7338198590362,-0.568447561801386,0.571124096266536,0.735303508145224,-6.49548109393359,"MYO1C",0.365141729109409,0.243269516153165,""
"GLG1",-0.0190555963561412,12.1238200196841,-0.392425974300968,0.6956564658532,0.822844172981953,-6.57936390923444,"GLG1",0.40861323355864,0.157605173918914,""
"LMO7",-0.0192448692070952,11.5282036635527,-0.269445758306391,0.788200284738784,0.883450143160483,-6.61497035099155,"LMO7",0.438709334692665,0.103363412580717,""
"ELOB",-0.0193386342599666,13.0002208255791,-0.358866976392425,0.720521647376681,0.839437008691694,-6.59188167793905,"ELOB",0.416853010269575,0.142352966695916,""
"STRAP",-0.0195374532596917,13.8297769345435,-0.635809458125115,0.526488279037281,0.698895510755372,-6.45530456401399,"STRAP",0.347062012403208,0.278611292866135,""
"MFAP5",-0.0195962780868593,12.0801428862923,-0.22272774651528,0.824244019555892,0.903970891700476,-6.63121529914939,"MFAP5",0.448899659533374,0.0839441952716128,""
"HNRNPH2",-0.0198280227135115,11.5803267323862,-0.337150084266404,0.736840089289528,0.848627255042063,-6.56491695917093,"HNRNPH2",0.42141676170846,0.132626753490376,""
"HSPB8",-0.0198945993826376,14.6932959557337,-0.342396748974335,0.732837880923542,0.846218117134114,-6.59761726872504,"HSPB8",0.420220416564411,0.134992089762065,""
"CKB",-0.0199463164867337,16.1590156061525,-0.18568317356771,0.85310437814993,0.924035203241761,-6.6387351539721,"CKB",0.458863323963664,0.0689978292295512,""
"HNRNPC",-0.0199758682594897,11.6069691071742,-0.456313354816962,0.649246331166057,0.792478698944599,-6.55245434087079,"HNRNPC",0.393534151829254,0.187590495851665,""
"GPD1L",-0.0200591535857431,15.3784135599789,-0.535336675406176,0.593716287756504,0.752916318898292,-6.51359352590684,"GPD1L",0.373888011565037,0.226421036663055,""
"SERPINB6",-0.0201276547129314,14.7549203165412,-0.560186130767423,0.576721950724143,0.739215165820837,-6.50010133463904,"SERPINB6",0.367084205150303,0.239033518509431,""
"CYB5A",-0.0201851418934194,13.5051600170509,-0.430565311909966,0.667797345064861,0.806534846589082,-6.56378486950192,"CYB5A",0.400514243721472,0.175355311885381,""
"COPS3",-0.0201936679891057,13.9201016154874,-0.562358719909681,0.575247282383696,0.737722917734854,-6.49889281372494,"COPS3",0.366343175030985,0.240145424373448,""
"NPM1",-0.0203868264420386,14.0837040642421,-0.586882503440439,0.558728412271892,0.725110011568254,-6.48492919717933,"NPM1",0.36007977724252,0.252799243479358,""
"SLC37A4",-0.0204597646678062,10.7788044758998,-0.222988696846242,0.824052624639906,0.903970891700476,-6.62107860208322,"SLC37A4",0.448899659533374,0.084045053034739,""
"PPP2R3A",-0.0204615471292238,11.2109378448264,-0.294715909821803,0.768886141548776,0.869909058786072,-6.60788770638863,"PPP2R3A",0.431985016220473,0.11413796677607,""
"ABRAXAS2",-0.0205073566079195,12.6994772228755,-0.368924042885382,0.713036940137063,0.835130310761268,-6.58824730290456,"ABRAXAS2",0.414714362606878,0.146887970173219,""
"SMYD1",-0.0205427317018323,15.8813372021577,-0.66160451948585,0.509887995635495,0.687688939054743,-6.43874004766482,"SMYD1",0.341496981197961,0.29252521256799,""
"PDK4",-0.020693312527877,11.441831042241,-0.125667914175737,0.900312188492147,0.948986661352885,-6.58283514457909,"PDK4",0.471253878962482,0.0456068703052784,""
"EFTUD2",-0.0208139964020706,11.2472207380518,-0.33684481283267,0.737005546841708,0.848627255042063,-6.59949011795644,"EFTUD2",0.42141676170846,0.13252924354708,""
"SAMM50",-0.0208214195622176,16.3826399773678,-0.419598096478726,0.675762981917422,0.812114116109804,-6.56841206607756,"SAMM50",0.403284833141211,0.17020560242399,""
"EIF3I",-0.0208428045898099,11.9939436587595,-0.583104710468988,0.561257752247938,0.726870636214456,-6.48711878004759,"EIF3I",0.360954079514311,0.250837647351203,""
"NDUFB8",-0.0209250881429659,15.3394354888378,-0.476709621074237,0.634705824929728,0.780574114866481,-6.54301408050169,"NDUFB8",0.387622497163581,0.197427515986926,""
"RPS18",-0.0211523009186623,14.5452788084549,-0.390966767471747,0.696730994057662,0.823775176967517,-6.57993138463755,"RPS18",0.409075557485197,0.156934869458521,""
"PGM1",-0.021187152295763,19.6280506896878,-0.493548200313807,0.622808300701126,0.773846686552912,-6.53491103198874,"PGM1",0.3842817476912,0.205645607849788,""
"ADIPOQ",-0.0211915946804133,14.0594666241841,-0.369511761825473,0.712600404729336,0.835130310761268,-6.58803181868013,"ADIPOQ",0.414714362606878,0.147153935322545,""
"CD38",-0.0214601373399299,11.0980176391786,-0.32593433837187,0.745218542921651,0.85397694682665,-6.60308159496231,"CD38",0.424073345944477,0.127716347296514,""
"MYCBP",-0.0216066711069409,12.3447475887282,-0.505122543872713,0.61471482236236,0.76799157841784,-6.51963141680338,"MYCBP",0.38137418056432,0.211326314791016,""
"FHL1",-0.0216506568976982,19.3051593479911,-0.67129028793813,0.503727419435692,0.684209850285636,-6.43235179318212,"FHL1",0.339769312997273,0.297804408511925,""
"CCDC134",-0.0219154791245586,9.89618028419489,-0.227702598635754,0.820779623077248,0.902156835051481,-6.36248970565285,"CCDC134",0.447998823655156,0.0857734340243639,""
"PSMB5",-0.0221285407737941,13.8555202605031,-0.568096997208715,0.571361100013752,0.735303508145224,-6.49567851312395,"PSMB5",0.365141729109409,0.243089331024433,""
"UBL5",-0.0221935045079755,11.2836265256882,-0.381102226671586,0.704020915660792,0.829227974043999,-6.57889546273295,"UBL5",0.411783342407932,0.152414438271049,""
"COQ6",-0.0222186622271483,14.2125447789328,-0.639471705943286,0.524114478261801,0.696900141599646,-6.4529925713254,"COQ6",0.346071139198249,0.280573843078634,""
"MOCS3",-0.0223130195230281,9.94223447199696,-0.236299773708758,0.814070496317241,0.899638796380007,-6.3887383145717,"MOCS3",0.446748399871941,0.089337984747291,""
"NUCB2",-0.0223324340272546,10.2224387446005,-0.184475534813239,0.854238005257459,0.924249127042341,-6.45247521007617,"NUCB2",0.458969555615732,0.0684211106118098,""
"BTF3",-0.0223372196629201,10.5703943179548,-0.220227175055976,0.826219427646775,0.904831822558524,-6.60155507647786,"BTF3",0.449327186097125,0.0829045972793155,""
"CCS",-0.0223583354565084,13.1961214713299,-0.395054435443725,0.693722491773939,0.821028307434768,-6.57833640356669,"CCS",0.407711499406165,0.158814224637041,""
"ABCF2",-0.0227625462283667,10.5501548095895,-0.27410963271188,0.78470280907071,0.880563136568777,-6.5604173103967,"ABCF2",0.437275686454667,0.105294792705253,""
"MYH11",-0.0228129728929147,10.7338202435309,-0.234320403114545,0.815338904352686,0.899638796380007,-6.56644416722805,"MYH11",0.446748399871941,0.0886618345770031,""
"SH3GLB2",-0.0233042574022839,11.6017845766028,-0.302864346787954,0.762680964770004,0.865680651497359,-6.61028722666516,"SH3GLB2",0.429885246626453,0.117657092733499,""
"SWAP70",-0.0234331437661499,15.6464712966036,-0.328232410319545,0.743486154940055,0.853006457987364,-6.60233492874241,"SWAP70",0.423591414376175,0.128727114417239,""
"NDUFB4",-0.023573844383634,16.6688859872736,-0.430809704961886,0.667620267406759,0.806534846589082,-6.56368040293194,"NDUFB4",0.400514243721472,0.175470487616949,""
"EPHX2",-0.0236518825349616,13.2829448236479,-0.367291034921565,0.714259741505556,0.835538130267316,-6.58402704134605,"EPHX2",0.414916880231169,0.146143827734498,""
"DCD",-0.0236750417296481,16.0825498766875,-0.137698002372284,0.890781769960041,0.944484332087173,-6.64644921752095,"DCD",0.469018083437381,0.0502286794767648,""
"ACOT2",-0.0237315238207589,16.5220181618107,-0.51943278604423,0.604713669135099,0.761137187413788,-6.52190945736121,"ACOT2",0.377970383145313,0.218450214356104,""
"LCMT1",-0.0238882846326751,13.5975495758961,-0.614497035127858,0.540412507859217,0.709817711972739,-6.46849798228393,"LCMT1",0.352485829091163,0.267274607778477,""
"RAP1B",-0.0240462927039831,9.93998539791956,-0.301614456433975,0.763670183221228,0.866117429802945,-6.58527209875044,"RAP1B",0.430102144797034,0.11709416568296,""
"GNL1",-0.0240580995613255,10.1790190784084,-0.241104087433396,0.810128296037267,0.898103818718587,-6.5417634679026,"GNL1",0.445986150826171,0.0914461985918583,""
"DDX3Y",-0.0241473798135567,13.770704745158,-0.771273371495063,0.442532824242604,0.628804697213339,-6.36104404817348,"DDX3Y",0.312255866957254,0.354054510596131,""
"MT-CO3",-0.0245028979097679,11.5191547260011,-0.292098596202395,0.770872744401672,0.870840080983521,-6.61346920800887,"MT-CO3",0.432447349190804,0.113017309323337,""
"RAB24",-0.0245175762571757,11.116748134256,-0.438597689826529,0.6620862414856,0.801664202829628,-6.51959079346588,"RAB24",0.398095548224303,0.179085436901898,""
"FILIP1",-0.0245608922988749,11.5109738344364,-0.456516757359328,0.649100640433854,0.792478698944599,-6.55236222538344,"FILIP1",0.393534151829254,0.187687962372879,""
"VBP1",-0.0245782287002321,12.5154389480538,-0.408905668198353,0.683564733539665,0.816416869512334,-6.57280883642594,"VBP1",0.405421522004962,0.165220351487002,""
"USP13",-0.0246696482178317,10.6138461115785,-0.31340133019638,0.754928544515397,0.860973023709164,-6.47232885869774,"USP13",0.427547502645167,0.122094153259915,""
"ENO3",-0.0250853021179491,18.9076855334666,-0.469051960375894,0.640148591947205,0.783710322307001,-6.54660652755658,"ENO3",0.389179895156372,0.193719205434155,""
"DYNLL2",-0.0252402398852389,15.9838650121412,-0.307380918103901,0.759252224388399,0.863350725725594,-6.60891806538909,"DYNLL2",0.428728237152712,0.119613927051196,""
"PRPF19",-0.0253113308972974,10.6449809068732,-0.335430063575224,0.73814231720403,0.849263701769069,-6.55669948648792,"PRPF19",0.421732812503554,0.131859896147668,""
"OTUB1",-0.0253480977367193,14.7557854162997,-0.733587051243657,0.465076607148161,0.649706714633559,-6.38906901795496,"OTUB1",0.322635524742304,0.332475504483256,""
"HNRNPK",-0.0253727046180856,14.9732192380032,-0.780575560315365,0.437067625365824,0.622892001142939,-6.35391339683965,"HNRNPK",0.30931970244433,0.359451361539853,""
"SKIC8",-0.0253933584137647,11.6740247989031,-0.691521770662392,0.49098922505296,0.672003399714319,-6.41871165583847,"SKIC8",0.33370775553355,0.308928038531591,""
"YARS2",-0.0254235629843196,10.4240066728732,-0.332631879904445,0.740359458921098,0.850271432706554,-6.499377724834,"YARS2",0.422233237991689,0.130557370644296,""
"PSMA6",-0.0255166391106281,14.949086112912,-0.751143954280788,0.454494261751592,0.640088724412807,-6.37618550296475,"PSMA6",0.317859361510577,0.342471595622105,""
"COQ9",-0.0258400539765837,17.0772228591168,-0.733421068353209,0.465177312780203,0.649706714633559,-6.38918938223502,"COQ9",0.322635524742304,0.332381474456558,""
"BRCC3",-0.0259204557780821,12.3573893701389,-0.423870646314091,0.672666301920046,0.810366381379929,-6.56180769271753,"BRCC3",0.40241693182669,0.172200328310576,""
"PSMC4",-0.0259675009710936,13.7393284566373,-1.01203054261747,0.314193125972601,0.505318461861658,-6.14944848388795,"PSMC4",0.250934280703352,0.502803320839091,""
"EIF3H",-0.0260633144419078,12.6469106174178,-0.640951104069376,0.52315714363009,0.69608559593493,-6.45205488953887,"EIF3H",0.345666646891116,0.281367840079991,""
"PYGB",-0.0260927023808737,17.9952274271391,-0.654327818398067,0.514542529798934,0.691039779945522,-6.44347891267092,"PYGB",0.343160963245205,0.28857872256602,""
"DMAC1",-0.0262032192777415,10.922847894093,-0.223670338232772,0.823610315743166,0.903970891700476,-6.54648600901855,"DMAC1",0.448899659533374,0.08427822246892,""
"PGD",-0.0262340744805378,12.8909933415843,-0.72934415823598,0.467654732902535,0.652848740622827,-6.39213734799584,"PGD",0.324195812147327,0.330074666016402,""
"SF3B3",-0.0262989788996073,11.6782444422526,-0.586092594347563,0.559256813202941,0.725110011568254,-6.48538818337569,"SF3B3",0.36007977724252,0.252388716362459,""
"UBE2F",-0.0264257160077728,11.381979123423,-0.444970371982756,0.657392397389849,0.79800364714922,-6.55752658537991,"UBE2F",0.396277766021663,0.182175322753221,""
"HNRNPDL",-0.0264303658795706,15.7709973200435,-0.948955748022022,0.345143687515048,0.53614190158164,-6.21030417427455,"HNRNPDL",0.266240781966815,0.462000065206146,""
"FKBP5",-0.0265919535320664,11.449419182847,-0.411071464959388,0.68199225644675,0.81577203963956,-6.56711118185804,"FKBP5",0.405101308253609,0.166220556430821,""
"ITGB1",-0.026627841517584,14.9308996503054,-0.778746705809812,0.438138979194473,0.624108506148787,-6.35532197801242,"ITGB1",0.3099238022975,0.358388107935672,""
"MUSTN1",-0.0269213123935588,14.8756332233336,-0.278266189042032,0.781436105173069,0.878638539920377,-6.61738886732759,"MUSTN1",0.436319957915023,0.107106526672555,""
"PGK1",-0.0269713594742989,19.6247490322749,-0.594540477909669,0.553618513881768,0.722297244675891,-6.48044763862145,"PGK1",0.358682995430273,0.256789394811692,""
"FN3K",-0.0272225771067971,14.7351507076517,-0.813733000030627,0.417911240911505,0.606140494156059,-6.32781062066277,"FN3K",0.301001131733568,0.378915947113896,""
"NDUFAF3",-0.0273290825859061,13.5345663076025,-0.582187910558407,0.561872423927917,0.727338015798288,-6.48764803492316,"NDUFAF3",0.361186173863787,0.250362282071004,""
"BNIP3",-0.0275143362083794,11.1714830301341,-0.363408446000522,0.717176641553994,0.837181763565763,-6.57060047115974,"BNIP3",0.415733086189619,0.144373863852474,""
"GC",-0.0275946058712258,13.9076630456132,-0.444381804213476,0.657816224709348,0.798180059278997,-6.55778630663611,"GC",0.396365369887807,0.181895419064305,""
"PLBD2",-0.0276353303528767,10.0493948678872,-0.294544815432162,0.769367396648446,0.869909058786072,-6.39406563814319,"PLBD2",0.431985016220473,0.113866221662792,""
"MLH3",-0.0277102563926794,15.2204405278653,-0.41807173016489,0.6768745592223,0.813043791588899,-6.56904663140911,"MLH3",0.403746497349509,0.169491808841146,""
"SELENOW",-0.0277637159998507,11.2537522742728,-0.30787415828325,0.758927133510466,0.863350725725594,-6.574980501217,"SELENOW",0.428728237152712,0.11979991980077,""
"CELF1",-0.0277968216719247,12.222315515173,-0.364005042342289,0.716703593216227,0.837181763565763,-6.58522015225627,"CELF1",0.415733086189619,0.144660418175824,""
"TNNT1",-0.0278865803392971,17.2454225946712,-0.218611385934924,0.827439818320713,0.905690250108768,-6.63211820249591,"TNNT1",0.449753469552241,0.0822635836811751,""
"TMX3",-0.0279864912373347,12.4735664627362,-0.656695203710743,0.513025774366259,0.690620887427759,-6.44194287788541,"TMX3",0.342952946913782,0.289860815426484,""
"SBDS",-0.0280982662218046,12.7608108669239,-0.576773428501818,0.565509311221666,0.730396433511174,-6.49075687820174,"SBDS",0.362704942535025,0.247560239935877,""
"PSMC5",-0.0281951400732892,12.7364223320432,-0.932287753451744,0.353642213684793,0.543452324086122,-6.22574496249192,"PSMC5",0.269871038431306,0.451435899552282,""
"CCDC22",-0.0282339140024632,15.971884325916,-0.482530622375708,0.630620873820951,0.778698588699201,-6.52597346036849,"CCDC22",0.386691136357976,0.200231658016881,""
"ORM1",-0.0282560119833963,16.1688099209486,-0.429684874451093,0.668435431451119,0.806625661700592,-6.56416072579553,"ORM1",0.400559341271638,0.174940537719587,""
"PTGES3",-0.0283386538690227,14.1302044908432,-0.699664190462958,0.485912652347966,0.667605782180858,-6.41310891716465,"PTGES3",0.331523958431615,0.313441792492117,""
"AP1B1",-0.0289396710981222,12.693950711681,-0.533486898177954,0.594990599642427,0.754198610603801,-6.51457355702723,"AP1B1",0.374524780199194,0.225489895709555,""
"PSMD14",-0.0291644756253442,12.8966241866268,-0.591772753741321,0.555462631970167,0.722630913856785,-6.48207400382314,"PSMD14",0.358848691010822,0.255345152339725,""
"PGLYRP2",-0.0292383597833288,11.170420421772,-0.274719539217868,0.78418703909189,0.880563136568777,-6.59391543265345,"PGLYRP2",0.437275686454667,0.105580339920776,""
"ANP32B",-0.0292496034901051,12.4671477813652,-0.633536255750824,0.52805576222663,0.699145843324845,-6.4323427743508,"ANP32B",0.3471863241551,0.277320213927135,""
"CUL2",-0.0293510816457543,11.6372589240519,-0.786968631583967,0.433334595053375,0.619119076860576,-6.34896385126503,"CUL2",0.307446119521088,0.363176637896086,""
"RPN1",-0.0298516004931795,13.6831097931879,-0.844131777402965,0.400798146090241,0.589372748432341,-6.30293973827469,"RPN1",0.292674497086782,0.397074295984723,""
"SELENOO",-0.0301229268010799,10.8393772720864,-0.367589697435868,0.714037768013712,0.835538130267316,-6.58391807003297,"SELENOO",0.414916880231169,0.146278816226419,""
"NDUFB9",-0.0303420373284418,15.6628763411767,-0.757796069980829,0.450521040606589,0.636648487802864,-6.3712254779629,"NDUFB9",0.316150986764115,0.34628492143086,""
"FXR1",-0.0303601176438919,13.2370201958903,-0.871288718948492,0.385877690751269,0.575845064254366,-6.27996210860154,"FXR1",0.285956832970026,0.413550329134457,""
"LSM1",-0.0305013992422944,11.9144127085992,-0.608300736026038,0.544546661703748,0.714280356000361,-6.45770896356769,"LSM1",0.354701917466365,0.263964900018054,""
"DDT",-0.0305284858314216,16.4349203647862,-0.327847279625734,0.743776391664488,0.853006457987364,-6.60246042654717,"DDT",0.423591414376175,0.128557610774786,""
"EIF4A2",-0.0307383253570217,15.0039017953271,-1.02695824545887,0.307148315332855,0.497337328668906,-6.13448575960878,"EIF4A2",0.246970958426262,0.51265186238463,""
"CYRIA",-0.0308653939147945,11.2664508161775,-0.400186244126333,0.690283659176709,0.819193775238281,-6.43492002220429,"CYRIA",0.406800495649333,0.160972407378583,""
"MAPK14",-0.0308911132309246,13.7526908675314,-0.719410315962877,0.473722248613879,0.657794556457063,-6.399252391362,"MAPK14",0.326651837075216,0.324476217924918,""
"PSMA3",-0.0309359985753908,14.2908980433853,-1.03108623581449,0.305219108571076,0.496457414962943,-6.13031030850381,"PSMA3",0.24653400523822,0.515388280392144,""
"IGHG4",-0.0309507084750118,12.2643394731401,-0.268158020224923,0.78920195947604,0.88422705858418,-6.6055616634111,"IGHG4",0.439095140333517,0.102811845127176,""
"RARS1",-0.0311116231999682,13.1440486197964,-1.05610073170044,0.293703673202099,0.483489217344754,-6.1046584810289,"RARS1",0.240094174543433,0.53209062194357,""
"GPC1",-0.0314767953680075,10.6573892321057,-0.342028268909069,0.733199724201183,0.846294969617636,-6.54248303333723,"GPC1",0.420258580463275,0.13477770707306,""
"PSMB3",-0.0315329001458835,13.2834340949364,-0.72807647218505,0.468426581155408,0.653532267268697,-6.39305068705819,"PSMB3",0.324535242190296,0.329358468592047,""
"COPS5",-0.0315903950305785,14.0089151860728,-1.33972239890648,0.183654704757652,0.361259014300227,-5.77213689181107,"COPS5",0.17939631686334,0.735997941676893,""
"SLC25A12",-0.0316998688708576,15.6984450627364,-0.624806706846722,0.533653485076466,0.703843022654925,-6.46217147610971,"SLC25A12",0.349518879574084,0.2727406500257,""
"ABHD14B",-0.0317082240426423,16.0558385093596,-0.664351263920725,0.508136883240551,0.686246322844616,-6.43693776959589,"ABHD14B",0.340780597593677,0.294019280573881,""
"RER1",-0.0318081919739601,11.1307898049949,-0.394929613551815,0.693834808306702,0.821028307434768,-6.56831279466759,"RER1",0.407711499406165,0.158743916260574,""
"ACSS2",-0.0318146919415172,12.1770518956974,-0.82702850068958,0.41037327011298,0.597323408910006,-6.31704337625234,"ACSS2",0.296622687027694,0.386820934983214,""
"AK6",-0.0318374640437149,9.9776697761963,-0.322892231833835,0.747694052275352,0.856129106600543,-6.49996786566929,"AK6",0.425142079239577,0.126276074046738,""
"EIF1",-0.0318731444744387,14.1777071757305,-0.900484676418735,0.370227184981406,0.560523566907929,-6.25446156659487,"EIF1",0.27834838561237,0.431531695107832,""
"EMD",-0.0319178557336333,12.3796152355066,-0.749779934136055,0.455311446073212,0.640924658372212,-6.37719722340821,"EMD",0.318274474954179,0.341691431826771,""
"CSNK2A1",-0.0319487823095601,13.4291139623335,-1.04436396238027,0.299069305117274,0.489581464458023,-6.11676901907888,"CSNK2A1",0.243119501664084,0.524228158357043,""
"IMPA1",-0.0320055988364283,14.9289324467998,-0.949623559333635,0.344805970315609,0.535907760805063,-6.20967994281192,"IMPA1",0.266124510839223,0.462425222972973,""
"TARDBP",-0.0321067104547303,11.2245241197613,-0.644193303487742,0.521098242845059,0.694624357553775,-6.44045751559507,"TARDBP",0.344941015769782,0.283080391281486,""
"CHCHD3",-0.032133233699593,15.1309208788845,-0.756431393738656,0.451334509757684,0.63689054897367,-6.37224654376039,"CHCHD3",0.31627119105184,0.345501458360334,""
"UBE4A",-0.0322231079150832,10.9151860273096,-0.479771905503584,0.63254749433088,0.779840963272749,-6.53674703866603,"UBE4A",0.387258424045924,0.198906860268444,""
"SEC13",-0.032242142948788,12.0968855755459,-0.565563361283636,0.573090688557909,0.736558775402493,-6.49229080439423,"SEC13",0.365765077769842,0.241776647799048,""
"STIP1",-0.0324308825534807,15.5963351328336,-1.06056064102402,0.291682076285618,0.482173095683052,-6.10002192388878,"STIP1",0.239440606412792,0.535090257232101,""
"MTAP",-0.0325228655723286,13.4291807370531,-0.643917586840078,0.521240252889228,0.694624357553775,-6.45016818503609,"MTAP",0.344941015769782,0.282962053180779,""
"CTTN",-0.0325518122958188,10.5140618224888,-0.604154046041833,0.547236830625306,0.716482757684845,-6.47474003983962,"CTTN",0.35579560021146,0.261824681026506,""
"FECH",-0.0326183237166706,14.0628221668308,-0.844431763968835,0.400631427472129,0.589372748432341,-6.30268982847498,"FECH",0.292674497086782,0.397254985540761,""
"FERMT2",-0.0326386398546612,13.7763625077777,-0.906097988585538,0.367264733829823,0.55780642668589,-6.24946412707709,"FERMT2",0.276999090705004,0.435020772276617,""
"HECTD1",-0.0328590188358433,11.0698343354091,-0.529987582083245,0.597510965377921,0.756055817559878,-6.48062708984915,"HECTD1",0.37544704393348,0.223654120238527,""
"PTER",-0.0329442944533254,10.4940549626108,-0.24673238713779,0.805899337135034,0.895582590240019,-6.46659459634324,"PTER",0.444734143028103,0.0937192014417881,""
"BAG3",-0.0332387332741737,15.450429710821,-0.743475278265927,0.459099470656099,0.644042625012423,-6.38184991197938,"BAG3",0.319822814813435,0.33809320797732,""
"POLR2H",-0.0334441607126035,9.83924925071882,-0.326906775634118,0.744620057569129,0.853632433997249,-6.52792083176503,"POLR2H",0.423902265555448,0.128065269522044,""
"HNRNPH1",-0.0337120740755035,13.4398564303094,-1.0416002298906,0.30034239807538,0.490473682555008,-6.11960155133085,"HNRNPH1",0.243562565045486,0.522383355944678,""
"TF",-0.033797572405005,16.9305996561006,-0.510257449216307,0.611100282079237,0.765564157070003,-6.52659372495436,"TF",0.380168756112501,0.213887515813101,""
"VAMP3",-0.033923862265242,13.1668872444533,-0.653741165665841,0.514918757166501,0.691221151306413,-6.4438587020592,"VAMP3",0.343251029798123,0.28826128765318,""
"PON1",-0.0339411492054076,10.7512460226214,-0.312297925378202,0.755612064607206,0.861409776119432,-6.55635570300073,"PON1",0.427764387956486,0.121701116458904,""
"RPL26L1",-0.0342855274317007,12.1892018890946,-0.402598095011618,0.688273170164821,0.818491531592823,-6.53422004300134,"RPL26L1",0.406451770998739,0.162239159512767,""
"EIF1B",-0.0344991221756494,10.3494758877283,-0.302403248130447,0.763115410126844,0.865830865171629,-6.55809645048607,"EIF1B",0.429959840695638,0.117409776342705,""
"TPD52L2",-0.0345553038600528,12.9203170885941,-0.701903981105674,0.484521283450207,0.666652903681369,-6.41155635634417,"TPD52L2",0.331050771918726,0.314687141044663,""
"RPL4",-0.0346136486257782,11.9682214008753,-0.511294559517106,0.61037686601709,0.765564157070003,-6.52606841129254,"RPL4",0.380168756112501,0.214401934999958,""
"HIBADH",-0.0347682746045503,15.2536898714059,-0.944883626188132,0.347207627499215,0.537109294459192,-6.21410124338553,"HIBADH",0.266721176122595,0.459410742756969,""
"TMEM65",-0.0351620458108197,11.3825214587216,-0.42673094558668,0.67072916623109,0.809052942095246,-6.48607492507593,"TMEM65",0.401764695728022,0.173452808229478,""
"ALDH3A2",-0.0351749207188146,17.1211708192153,-1.08571403258621,0.280458689223802,0.470330370576604,-6.07351563687008,"ALDH3A2",0.233559670071766,0.552131100052788,""
"DCUN1D1",-0.0353998629787995,13.8498276232537,-0.870743452772424,0.38617383583283,0.575845064254366,-6.2804305003909,"DCUN1D1",0.285956832970026,0.413217154011699,""
"ACE",-0.0354826112678932,11.8009807582773,-0.577994339349739,0.565379497009509,0.730396433511174,-6.30017968887312,"ACE",0.362704942535025,0.247659944868581,""
"UFSP2",-0.0355168729048021,11.971470731708,-0.144425681289257,0.885697414888379,0.942595169353915,-6.364654942963,"UFSP2",0.468079950898437,0.0527146229086876,""
"IGLC2",-0.0360645671867319,15.6513583111546,-0.386377279338144,0.700114618531559,0.826752573840728,-6.58170247010564,"IGLC2",0.410554092308554,0.154830854098793,""
"RCC1L",-0.0360710863501668,10.249054624382,-0.456723762613184,0.649181481034436,0.792478698944599,-6.46596513191858,"RCC1L",0.393534151829254,0.187633877630879,""
"ATL2",-0.036123439093509,11.7849748800718,-1.02610197764173,0.307549515774316,0.497705766351886,-6.13534982326902,"ATL2",0.247153919572431,0.512084952420783,""
"ADK",-0.0362930743842096,12.3856550261353,-1.01550064965087,0.3125459218521,0.503521322820715,-6.14598933622018,"ADK",0.250041845879376,0.505086163466294,""
"PUS1",-0.0363982968267536,11.8402918261569,-0.347558514983905,0.729617151808732,0.844469848082038,-6.03996991758587,"PUS1",0.419352249912747,0.136904965183572,""
"USP47",-0.0364773524939324,12.7726359261657,-0.817777453725281,0.415609482231071,0.603107228392024,-6.3245534494171,"USP47",0.299494853178306,0.381314552467959,""
"PAICS",-0.0367086910942378,12.3635473542289,-0.87002169551195,0.386566053642979,0.576130166271855,-6.28105005724804,"PAICS",0.286098410757274,0.412776286269269,""
"TMEM256",-0.0369756635431893,11.1713028576021,-0.355377924198033,0.723338804554351,0.840668699859193,-6.48876082012214,"TMEM256",0.417464651364235,0.140658235923514,""
"BZW2",-0.0370616742108423,14.2512983221056,-0.908448203992257,0.366028868290273,0.556814615987219,-6.24736271240535,"BZW2",0.276506570991104,0.436484660931405,""
"ERI3",-0.0370994222122674,11.8353169891385,-0.352562665436965,0.725245540830309,0.8418968137546,-6.58455315875284,"ERI3",0.41807451603419,0.139514932775204,""
"DDX6",-0.0371379878059788,12.1223152684718,-0.761469208029773,0.448335719944817,0.63484692359775,-6.36846816852341,"DDX6",0.315256354463752,0.348396658508881,""
"COPS2",-0.0371598147680956,13.9549305843695,-1.49349341889324,0.138749731755378,0.306504362696442,-5.56023368837701,"COPS2",0.152205901012038,0.857767847825263,""
"HNRNPF",-0.0372249149373252,11.5511832871716,-0.738470320987847,0.462119334890619,0.647012219734496,-6.38551581997214,"HNRNPF",0.321297475194571,0.335245860391407,""
"DENND10",-0.0373922033034129,10.1781980069681,-0.297931112568467,0.76700350797959,0.868866424454349,-6.20624002412713,"DENND10",0.43146725818111,0.115202649750244,""
"MBNL1",-0.0377743978554994,13.149031097901,-0.984676148823913,0.327380702888561,0.520973400598898,-6.17631103219728,"MBNL1",0.258708310524094,0.484946923201425,""
"CSDE1",-0.0378981942616656,13.1575094476204,-0.930155692361081,0.354738909785229,0.543751352728527,-6.227700689669,"CSDE1",0.270019531991219,0.450091173021623,""
"DEPTOR",-0.037902250276252,11.8173511661509,-0.542881819787504,0.588531635348136,0.749325485076748,-6.50956111830266,"DEPTOR",0.372104852289963,0.230230187556546,""
"EIF5",-0.0379727623951114,14.1525645495436,-1.30325979177162,0.195757184076049,0.376291666823483,-5.81914607306213,"EIF5",0.186861327807308,0.708282290841746,""
"GNAS",-0.0380025292026573,12.7178983609391,-0.977198917142076,0.331048163175759,0.52447984282019,-6.18352847634822,"GNAS",0.260449562077395,0.480108817463513,""
"MAP3K20",-0.0381404227432398,14.3698777759804,-0.836471219783893,0.405069867960563,0.592916364440743,-6.30929190118238,"MAP3K20",0.294434208637556,0.392470061593421,""
"VPS4A",-0.038360201120776,12.7509112438993,-1.00240178839408,0.318794083950087,0.511856495574761,-6.15898620345799,"VPS4A",0.254180979391081,0.496489746660091,""
"UBA3",-0.0383795563655216,12.1891524233025,-1.19728579296435,0.234288905945693,0.416781735935731,-5.94866452118601,"UBA3",0.206968145854048,0.630248275639652,""
"RPS5",-0.038406872633729,10.2466276875169,-0.383529033416722,0.702237418492178,0.827894875112539,-6.57323671046766,"RPS5",0.411121343595856,0.153516033014058,""
"RTN4",-0.038602039760594,15.6463436498316,-0.840866404373173,0.402615627800608,0.590832764606525,-6.30565436860004,"RTN4",0.293399521276744,0.39510937168322,""
"PSMD13",-0.0388712097074269,13.9131459447595,-1.3640473978017,0.175899827719022,0.352759733276169,-5.74008309620011,"PSMD13",0.175175689415036,0.754734585901918,""
"HEBP2",-0.0390484480853672,15.9389651781697,-1.23852548983063,0.218690456864586,0.400746067374619,-5.89952318790392,"HEBP2",0.199005050777024,0.660170168135101,""
"RPS7",-0.0391077579686936,11.6721010112187,-0.562349168932141,0.575300321401744,0.737722917734854,-6.48418954204131,"RPS7",0.366343175030985,0.240105383348106,""
"TBC1D17",-0.0393005045868957,11.9612617428019,-0.974975779456308,0.332172112565166,0.524809963953565,-6.1808900283494,"TBC1D17",0.260613495745765,0.4786368314495,""
"PKIA",-0.0394987495164569,12.1661189826846,-0.669664493552406,0.504758699893997,0.685082770457831,-6.43343050699266,"PKIA",0.340202793291489,0.296916186929356,""
"IGHV3-7",-0.0395004295411505,11.9893575936187,-0.251398004601871,0.802139464367017,0.893422169798813,-6.56850135693063,"IGHV3-7",0.44366130759788,0.0957501163301537,""
"MACROD1",-0.0396136406273246,16.9899358411167,-1.37264439171881,0.1732192643707,0.350103252247128,-5.7286222103623,"MACROD1",0.173856517038534,0.761403810097857,""
"ORM2",-0.0397006018640269,15.0580170640158,-0.587861095005573,0.55807413637683,0.725041013080687,-6.48435972398755,"ORM2",0.360045513531308,0.253308104143617,""
"SLC25A24",-0.0397483649849795,10.7404276471068,-0.519830668450423,0.604645035474187,0.761137187413788,-6.45446223499975,"SLC25A24",0.377970383145313,0.2184995086145,""
"HLA-DPA1",-0.0397947622105574,10.0280758966055,-0.385942187321525,0.700989781706626,0.827445104765729,-6.34103372341822,"HLA-DPA1",0.410897993754169,0.154288312676381,""
"NAE1",-0.0399840544314705,13.3636393754374,-1.26219603405703,0.210087113084396,0.392509560690925,-5.87059092254505,"NAE1",0.194914913494949,0.677600586756283,""
"ATP5MF",-0.0400182057708953,18.2306485556285,-0.684962754520388,0.495118668364668,0.67604102121636,-6.41837334149443,"ATP5MF",0.335712783498755,0.305290698360674,""
"LSM2",-0.0401837373839768,12.7897699253263,-0.993754023541159,0.322993222322293,0.515996976129148,-6.16270514631367,"LSM2",0.25623708576379,0.490806590792462,""
"EIF2B3",-0.0405199009943624,11.3707625030777,-0.520858696776692,0.603723883357808,0.760559406463068,-6.52117403950529,"EIF2B3",0.377683464977433,0.219161643087497,""
"FNBP1L",-0.0405630339767473,10.3180911446265,-0.376694306938477,0.708011839054053,0.832305960102098,-6.18661021194927,"FNBP1L",0.413311828453461,0.149959480173426,""
"RPL6",-0.040614300962547,12.069786291899,-0.674989626904464,0.501385059054185,0.68221772445559,-6.42988763383444,"RPL6",0.338780050383769,0.299828611875611,""
"ACAT2",-0.0406834399178235,10.6010071368869,-0.547394919032253,0.5854553595172,0.747590604453794,-6.50231064145091,"ACAT2",0.371243334150248,0.232506213921177,""
"H1-2",-0.0407005195887207,12.8964931392898,-0.784102600244033,0.435005799802682,0.620761974468767,-6.35118767096387,"H1-2",0.308261960145754,0.36150495268787,""
"RNF123",-0.0408733078032437,12.1093158519073,-1.18703295210002,0.238288389587879,0.42104471304492,-5.96063173385883,"RNF123",0.2090850823511,0.622897117791004,""
"ESYT2",-0.0409414933101049,14.2631636235836,-0.709891175446723,0.479577515694954,0.661756937882397,-6.4059798998824,"ESYT2",0.328619501840868,0.319141186370753,""
"EML1",-0.0409752387931608,12.1794362257763,-1.10895768096399,0.270355726552447,0.460118475237121,-6.04848391279296,"EML1",0.228488581629459,0.568064426962082,""
"IMPA2",-0.0409866656249642,12.472698908182,-0.853664949534179,0.395520786304885,0.584280719456855,-6.29495520263993,"IMPA2",0.290145864700036,0.40283068753851,""
"UQCC1",-0.0414656402395686,12.1791771236589,-0.632518376120179,0.528698267420782,0.699238225393613,-6.4376006655929,"UQCC1",0.347232199834945,0.276792112804321,""
"IPO5",-0.0414722913818935,14.5370767429732,-1.42986084678099,0.156163898403778,0.329875929100889,-5.65058917109801,"IPO5",0.163811903260608,0.80641935801424,""
"NIPSNAP2",-0.0415529153557515,18.6260382790815,-1.21292697762598,0.228281007270911,0.41041411715297,-5.93021598701983,"NIPSNAP2",0.203806072904727,0.641530219830661,""
"IGKC",-0.0416085611782435,17.5142009852652,-0.433616239542615,0.665588112438684,0.804884189978594,-6.56247650948064,"IGKC",0.399694550081712,0.176794443250364,""
"PFDN5",-0.04166440610721,12.2426214101606,-0.904053642884239,0.368341903961724,0.558850130626946,-6.25128770532909,"PFDN5",0.277517379897826,0.433748871359224,""
"SNX2",-0.0418867164648153,11.9642596106828,-1.3037785519274,0.195580929797274,0.376291666823483,-5.81848601857692,"SNX2",0.186861327807308,0.708673493554417,""
"G3BP1",-0.0421850970949382,13.2854026230725,-1.12372087571124,0.264072090635385,0.453191983090428,-6.03231713426167,"G3BP1",0.225048979762896,0.578277496269568,""
"TUBG1",-0.0424345203463528,10.6686436600408,-0.549494997146716,0.584115700795051,0.746688491738901,-6.47100560032325,"TUBG1",0.370795357236064,0.233501119942452,""
"CHP1",-0.0425004075600448,12.2859165096232,-0.83453873265351,0.406151826330133,0.593399940993977,-6.31088532137259,"CHP1",0.294674346181915,0.391311589546919,""
"GMFB",-0.0425036262488652,10.632793690791,-0.422029850520034,0.674727563799805,0.811723796611593,-6.29521537889246,"GMFB",0.403091005782979,0.17087154779396,""
"BCAP31",-0.0425669256080443,11.6623255141661,-0.958690450910394,0.340327454167955,0.53259205419017,-6.18547277893545,"BCAP31",0.264477975995896,0.468103015016109,""
"SMU1",-0.0426067879187855,10.3095020326415,-0.581720358302131,0.562322895492451,0.727592513987072,-6.44828080063742,"SMU1",0.361312554205617,0.250014233432439,""
"UBAP2L",-0.0426311528941525,11.5204442749492,-0.740913919747118,0.460643523424497,0.645576693464356,-6.38372904883957,"UBAP2L",0.32058461235813,0.336635030570447,""
"HYI",-0.0428913954762935,12.7528582839857,-0.709157376318599,0.480251415769946,0.662367929546037,-6.35188387501172,"HYI",0.328922911997439,0.318531346174402,""
"DRG1",-0.0429174469370643,9.99885008099713,-0.638511276879495,0.524736470627436,0.697215913221248,-6.45360016728447,"DRG1",0.346227947094089,0.280058750092098,""
"NDUFB5",-0.0430463606626397,12.9352849443634,-0.715607279345141,0.476056709525767,0.658746420226,-6.40195075735064,"NDUFB5",0.327124519686704,0.322341309533437,""
"HNRNPD",-0.0432738351556514,12.9603792545211,-1.28440095482951,0.202245271519796,0.382880372111727,-5.84296964344324,"HNRNPD",0.190133189310608,0.694121623371395,""
"AKR1B1",-0.0433366832196889,18.5956898311248,-1.19759793682497,0.23416790598801,0.416781735935731,-5.94829861997541,"AKR1B1",0.206968145854048,0.630472627655727,""
"ADPRS",-0.0434940896745841,12.7138139482955,-1.25410333504565,0.213000046797387,0.395935626284208,-5.88054205320329,"ADPRS",0.196616251107127,0.671620301144151,""
"APOA4",-0.0439150101221237,13.6863959437366,-0.740397984100943,0.460954899481465,0.645697332313724,-6.38410678908077,"APOA4",0.320644519971202,0.336341564555049,""
"KHSRP",-0.0439999980413024,11.5672752418221,-0.944386143913871,0.347460320656626,0.537120430961106,-6.21456402581046,"KHSRP",0.266726706358096,0.459094783890549,""
"PEX14",-0.0441168399919309,9.73916425219304,-0.291353777135858,0.772233240344516,0.872033280861853,-6.06995898469834,"PEX14",0.433039876034374,0.112251508348465,""
"GCDH",-0.0441326104473934,12.6554018423992,-0.876380761228996,0.383118910293533,0.572962346745237,-6.27557405141218,"GCDH",0.284525314632146,0.416666411229018,""
"HSBP1",-0.0441374241225683,10.4605249340033,-0.513591859337162,0.609167109521327,0.764727523385073,-6.3946299581298,"HSBP1",0.379753295194714,0.215263553364568,""
"CEFIP",-0.0444090361823628,10.6067754152647,-0.807408396008532,0.421525928596236,0.608858671639522,-6.33287219323236,"CEFIP",0.302350941730859,0.375175706211401,""
"CASQ1",-0.0444806758872218,18.1390775114549,-1.26834708505116,0.207892749364367,0.389543452890713,-5.86298600378439,"CASQ1",0.193441984671821,0.682160657209931,""
"SSB",-0.0446444419706351,11.9094468999216,-1.14132949902635,0.256712136354186,0.444017491123173,-6.01276262938488,"SSB",0.220493051736557,0.590553599084454,""
"ACSF3",-0.0446806532123185,11.7222213245302,-0.596531852513428,0.552909061632975,0.722259512598043,-6.31335524650868,"ACSF3",0.358664258193205,0.257346292345675,""
"ALDH2",-0.044710398944571,15.1427324148145,-0.664367190045992,0.508126739330054,0.686246322844616,-6.43692729809822,"ALDH2",0.340780597593677,0.294027950458851,""
"LAMA5",-0.0448210396523079,10.8122847007366,-0.544297010998649,0.587622013012474,0.748620581030106,-6.48938211213637,"LAMA5",0.371754806520297,0.230901943394411,""
"UBE2O",-0.0448341793168412,11.1349536958077,-0.80801126888661,0.421227321598907,0.608858671639522,-6.32236692676975,"UBE2O",0.302350941730859,0.375483467413378,""
"CNIH4",-0.0450525321898008,10.3789365498579,-0.452638924532758,0.652142604047051,0.794660162924681,-6.45728986758762,"CNIH4",0.394617437194893,0.185657426693103,""
"RPS16",-0.045394276216709,13.0284204553054,-0.936719898480163,0.351369372876573,0.540829550303038,-6.22166532772292,"RPS16",0.268568604615052,0.454236096484388,""
"LRRC40",-0.0455729881104281,11.9178097041952,-0.971857829750588,0.333963236551919,0.526758810484698,-6.14429624752005,"LRRC40",0.26158126644761,0.476301338701613,""
"RPL9P9",-0.0456650621740815,13.6641135702987,-0.98749063930435,0.32603592842274,0.519988297640274,-6.16880834156998,"RPL9P9",0.25821912178274,0.486734539024172,""
"EIF3D",-0.0457516717861921,11.8766427660669,-1.06640475194465,0.289047465400454,0.479437429751465,-6.09391749631654,"EIF3D",0.238082111889837,0.539030834513819,""
"THTPA",-0.0462962379478986,10.5863515385784,-0.445589916986226,0.657363566914497,0.79800364714922,-6.4046513160108,"THTPA",0.396277766021663,0.182194369506684,""
"NDUFA13",-0.0464614711103319,17.8150594140381,-1.06400703761847,0.290126412134062,0.480082157722991,-6.09642597037189,"NDUFA13",0.238402275038415,0.537412732686691,""
"LANCL1",-0.0467870122695269,13.6479371345545,-1.05317826886793,0.295033542590917,0.484441652499223,-6.10768635941546,"LANCL1",0.240567140897211,0.530128605940396,""
"TMEM38A",-0.0469294215512974,11.1582361681239,-0.6508476531009,0.516954202576245,0.693628625741347,-6.4002913880228,"TMEM38A",0.344446548884079,0.286547929728908,""
"ITGA7",-0.0469723570376805,12.8043176650784,-1.426304423875,0.157184811347297,0.331243874500995,-5.65552833071672,"ITGA7",0.164491206355438,0.803589421825532,""
"TMOD1",-0.046981251985339,13.3415552682263,-1.08038098848372,0.282813026948367,0.472619320836163,-6.07918610091863,"TMOD1",0.234696331663017,0.54850058991937,""
"STRN3",-0.0470884407763803,11.6183559162564,-1.05791301465999,0.292881048394901,0.482967252416447,-6.1027767160253,"STRN3",0.239834973853725,0.53330872952633,""
"EMC8",-0.0474016043145973,11.0496337865267,-0.547492782162112,0.586406741238969,0.747616423661426,-6.22530404045728,"EMC8",0.371256155617866,0.23180104575769,""
"GPT",-0.0475707794330962,14.2791328659298,-0.882675510066276,0.379725546911572,0.569488967790982,-6.27011482223031,"GPT",0.282800481847915,0.420530183714824,""
"SQSTM1",-0.0475750328210456,11.2813468774063,-0.73748763886279,0.462755686172475,0.647270764553594,-6.37671038919224,"SQSTM1",0.321425865038019,0.334648236090656,""
"STARD7",-0.0476037929422235,11.1055880746903,-0.717077271956549,0.475236981206622,0.658357652830303,-6.3805818394122,"STARD7",0.326931463081488,0.323089771501063,""
"ILF3",-0.0478276911292443,10.9120596539954,-0.640130714993142,0.524255654322692,0.696900141599646,-6.3127106385118,"ILF3",0.346071139198249,0.280456876784599,""
"BDH1",-0.0480700689716134,14.1319661193305,-0.721997821447391,0.472137595124543,0.656230042496091,-6.39740839810841,"BDH1",0.325874920704497,0.325931416418851,""
"IGKV3-20",-0.0480823417710328,13.3696365520555,-0.36895816855627,0.713011590264637,0.835130310761268,-6.58823480024886,"IGKV3-20",0.414714362606878,0.146903410474833,""
"VDAC1",-0.0481059110207944,17.8608492496879,-1.23661346770239,0.21939647497841,0.40112070078793,-5.90183713299008,"VDAC1",0.199191088638673,0.658770354471988,""
"NEDD8",-0.0482775661753783,12.7319048973847,-0.86854308449541,0.387370332748455,0.577028780487044,-6.28231772019711,"NEDD8",0.286544650364051,0.411873643340727,""
"RPL5",-0.0485994911369945,13.0462343123874,-1.3303125386849,0.186722694779876,0.364790213523603,-5.78438790849453,"RPL5",0.181149862407418,0.728802893520293,""
"SYNRG",-0.0487174554456828,16.0379856880504,-0.399885753980122,0.69017298686958,0.819193775238281,-6.57642993873955,"SYNRG",0.406800495649333,0.161042042846711,""
"RPL32",-0.0489010741537683,10.6423616995379,-0.417607679419132,0.677485956971992,0.813096630101226,-6.45443690220715,"RPL32",0.403772736236637,0.169099702479802,""
"LPP",-0.0489746516433485,12.0116602102855,-1.16704102366322,0.246227331868014,0.430035059801174,-5.9836795209036,"LPP",0.213549566368255,0.608663740922861,""
"ARL3",-0.0491195648818845,13.1020512399732,-1.10348237934467,0.272744356503808,0.46280954750735,-6.04967571743203,"ARL3",0.229824931546227,0.564244226861019,""
"MAPRE2",-0.0491627281131777,14.896000722635,-1.31684108290086,0.1911816896475,0.370432639856012,-5.80178231460206,"MAPRE2",0.183951814641517,0.718553704454502,""
"CTSD",-0.0493019132857224,15.9114480812916,-0.9422461579889,0.348548669326858,0.538512391531415,-6.21655202108393,"CTSD",0.267417935060074,0.457736570953887,""
"DRG2",-0.0497808299784968,11.0416078957111,-0.951614474824934,0.343800421386725,0.535071920213311,-6.20781639565877,"DRG2",0.265709443760729,0.463693595345833,""
"SGCA",-0.0497839821560451,13.3825494230956,-1.47388743006956,0.143945301966912,0.314921553768833,-5.58847299971033,"SGCA",0.156385763705975,0.841802504895945,""
"DNPH1",-0.0500801354317622,13.210775765781,-0.99714936434505,0.321322685230546,0.514762893164196,-6.16415138300748,"DNPH1",0.25562425693502,0.493058612379814,""
"PRDX2",-0.0501445885190339,17.6851187497548,-1.58245570093083,0.116997387198495,0.270414928799102,-5.42764817145971,"PRDX2",0.134284378606828,0.931823836868764,""
"MSRB3",-0.0502740365130707,11.7279082515651,-0.760701956893866,0.448813265713758,0.635209293597843,-6.36424656224241,"MSRB3",0.315436302481062,0.34793431498465,""
"APOA2",-0.0505391536898703,13.6380935614769,-0.786059998190078,0.433864017057669,0.61955868105993,-6.34966974725796,"APOA2",0.30766442099211,0.362646367020609,""
"SFXN1",-0.0506959285877713,11.5891670998799,-0.668356724573416,0.505795202694286,0.685413491458732,-6.38258977454026,"SFXN1",0.340367024845921,0.296025294116327,""
"THEM6",-0.0508442159621065,12.5169686451829,-1.34150022162301,0.183079350329953,0.360622280443743,-5.76981296425264,"THEM6",0.179080123483648,0.737360637366745,""
"HSPG2",-0.0509389491429957,15.1715558190868,-1.18080986542529,0.240739690556342,0.424329614473848,-5.96784673343499,"HSPG2",0.21071631975773,0.618452302045004,""
"PSMD10",-0.0509711386694018,13.444680522456,-1.39973611120332,0.164974915406506,0.339204094803987,-5.69205415203752,"PSMD10",0.168444143575686,0.782582085657139,""
"NUP62",-0.0512074267388041,11.5770090073542,-0.524525271132458,0.601271073775924,0.758315333415604,-6.48579765708123,"NUP62",0.376569088799811,0.220929688889699,""
"WDR77",-0.0513100511543856,12.3703729950015,-1.31136515881582,0.193016794542659,0.372515914585361,-5.80880416097175,"WDR77",0.184986340559669,0.714404901044687,""
"RPS10",-0.0514928846005267,13.0453022454953,-0.946936172300572,0.346166306186868,0.53664567290074,-6.21218933783047,"RPS10",0.266490947957449,0.460715206100261,""
"DMD",-0.0515255434231747,14.7929293308504,-1.4423215721495,0.152627212727295,0.325687727010389,-5.63319101510199,"DMD",0.161732099021618,0.816368026776542,""
"PFAS",-0.0515517765180471,11.0656851268751,-0.950781487722911,0.344220905234756,0.535288721868047,-6.20859655803282,"PFAS",0.26581710451606,0.46316275762148,""
"AMPD3",-0.0515749509811041,10.8206506138831,-0.539333340638859,0.591704897928496,0.75130563528776,-6.2931828722634,"AMPD3",0.373088167973808,0.227894835768595,""
"GNPDA1",-0.0518061649629074,12.3495017532488,-1.71223208322748,0.0902423553369498,0.22747105575699,-5.22126479322834,"GNPDA1",0.112959034876583,1.0445895780716,""
"DNAH7",-0.0519447476096921,14.6053205544902,-0.234015733443395,0.815513465804347,0.899638796380007,-6.61378522625836,"DNAH7",0.446748399871941,0.0885688634695183,""
"PSMA2",-0.0521901430175529,13.3215489291578,-1.54408189213155,0.12602139698728,0.284391593516178,-5.48573102678995,"PSMA2",0.141225000357496,0.899555710401701,""
"PDCD6",-0.0522107315766185,12.296233864883,-1.10142206297544,0.273602960838256,0.46344331309837,-6.05665577131598,"PDCD6",0.230139650925629,0.562879207139207,""
"EPB41L2",-0.0523407770049999,11.0695057988831,-0.717008767401132,0.475772640595094,0.658726757461614,-6.27371817109433,"EPB41L2",0.327114755425134,0.322600535775448,""
"MYOZ1",-0.0525297414271382,17.0733969512285,-1.44489368307403,0.151904952461658,0.325137859413824,-5.62958178356269,"MYOZ1",0.16145904224606,0.818428066876461,""
"MTRR",-0.0526089452644269,10.5742518778295,-0.842647301321517,0.401986902306871,0.59021232685015,-6.22168085375975,"MTRR",0.293091420318897,0.395788097036224,""
"LAMC1",-0.0527329916430643,13.5588407607369,-1.2213107007375,0.225107044292644,0.407038983560074,-5.92023212123791,"LAMC1",0.202130027431757,0.647610914375064,""
"DNAJC7",-0.0531392063431682,10.7103895151886,-0.833377265414752,0.406851361716016,0.593704685681315,-6.30227174330405,"DNAJC7",0.294825678252058,0.390564226098841,""
"SRSF3",-0.0531774831527967,13.4712478382082,-1.0773034107613,0.284177839895949,0.47434693601735,-6.08244601547854,"SRSF3",0.235554241883091,0.546409791243654,""
"HNRNPA0",-0.0531908809097006,12.3874135974921,-0.902259071871136,0.369341951404024,0.559478875646898,-6.2433956698713,"HNRNPA0",0.277829606129866,0.432571360563139,""
"ANO6",-0.0532453037614182,11.3303137445089,-1.23960976537326,0.218290823728649,0.400443067246336,-5.89820945339882,"ANO6",0.198854585031198,0.660964520304484,""
"SETD3",-0.053342562303782,10.4284789903037,-0.659255789744806,0.511524875028075,0.68924790401056,-6.40638324494202,"SETD3",0.342271142008133,0.29113324205983,""
"PYGL",-0.0536428779452036,11.8849275040402,-0.656175123425715,0.513560531596874,0.690635923485058,-6.38918634200092,"PYGL",0.342960413615491,0.28940836026695,""
"OPLAH",-0.053867161797494,13.0262689342465,-1.76067228121797,0.0816363073029728,0.211356985749775,-5.14032380930113,"OPLAH",0.104957006706928,1.08811664817709,""
"IGBP1",-0.0539994441150631,11.5376299702731,-1.31655289330625,0.191314196730897,0.370432639856012,-5.79745715841245,"IGBP1",0.183951814641517,0.718252801362553,""
"NDUFA9",-0.0541011783113223,16.7195318365964,-1.01519152032873,0.31269242554512,0.503521322820715,-6.14629795879663,"NDUFA9",0.250041845879376,0.504882638692466,""
"ACSF2",-0.0541193597361085,12.3533139111093,-1.28450882889527,0.20220771147524,0.382880372111727,-5.84283432234816,"ACSF2",0.190133189310608,0.694202285998812,""
"SLC25A11",-0.0541576245738389,15.7951178901214,-1.02406670234735,0.308504549430912,0.498407011651068,-6.13740080283512,"SLC25A11",0.247502148457833,0.510738427163405,""
"NAA50",-0.0541754797203495,11.4937189926206,-1.17802946496449,0.241840718401173,0.425224232477155,-5.97105842561241,"NAA50",0.211160574899996,0.616470575732646,""
"CSK",-0.05451881319454,10.9979424105541,-0.470537786391137,0.639511301825374,0.783264697022018,-6.40417566014392,"CSK",0.388958603696055,0.194151776006244,""
"RPS4X",-0.0547375975887761,12.6933319243232,-1.07160200186127,0.286718200020287,0.476682348673344,-6.08846126674326,"RPS4X",0.236713976068971,0.542544738453901,""
"YWHAE",-0.0549026704199065,17.7293440068112,-2.22405863506083,0.0286058686553161,0.103515681270374,-4.26141805375369,"YWHAE",0.051404480504039,1.54354485976748,""
"DIABLO",-0.0549330062414626,14.1862291820616,-1.45824335906046,0.148198725880068,0.320556640280962,-5.61075070506178,"DIABLO",0.159184071085074,0.829155530132901,""
"PHB2",-0.0549427542424388,15.3703188423158,-1.356522747328,0.178271734201575,0.354818117741351,-5.75005770797925,"PHB2",0.176197855166271,0.748917510741716,""
"MTX1",-0.0549502145946095,12.1925689026081,-1.52417314769779,0.130915668447774,0.293179940251121,-5.51533230821413,"MTX1",0.145589173909319,0.883008372447063,""
"RBBP7",-0.0549949080483101,12.4040270586922,-1.33849186958419,0.184053735869286,0.36179561522728,-5.77374367629337,"RBBP7",0.179662785591117,0.735055362944564,""
"VWF",-0.0550893240969357,13.5208109761209,-1.29937599134071,0.197080507391967,0.377758829426425,-5.82407966484322,"VWF",0.187589900816669,0.705356328286474,""
"PUF60",-0.0552956853553015,13.1264327634594,-1.09625731720838,0.275875854547394,0.466466194178662,-6.05747261395973,"PUF60",0.231640772588075,0.559286308566517,""
"NT5C",-0.0554924186111103,12.6948990789934,-0.912017710670624,0.364156887572272,0.555145553075603,-6.24416086170967,"NT5C",0.275677737032352,0.438711471494844,""
"SLC9A3R2",-0.0555974420795655,10.6430854101634,-0.671983417495651,0.503702041700872,0.684209850285636,-6.32277001515203,"SLC9A3R2",0.339769312997273,0.297826288773765,""
"TXNDC12",-0.0556503996078215,12.6007723053614,-0.975230279243312,0.332018223093609,0.524809963953565,-6.18541975965367,"TXNDC12",0.260613495745765,0.47883807903149,""
"RPL7A",-0.0556994835876576,12.5843398522087,-0.946398332341184,0.346438973642565,0.53669951268086,-6.21269071818814,"RPL7A",0.266517684060555,0.460373256707236,""
"PCYOX1",-0.0558722871642674,14.2925658284493,-1.25647888435516,0.212141920784498,0.395060912909922,-5.87762738322452,"PCYOX1",0.196181880333121,0.673373503258778,""
"GDE1",-0.0561837462545371,10.2278384059694,-0.747119209851717,0.457253316452422,0.642396080859138,-6.30348879982906,"GDE1",0.319005163364033,0.339843135907832,""
"SRA1",-0.0564541997782362,10.8597911825458,-0.845164969553665,0.400464158584662,0.589372748432341,-6.25736169115936,"SRA1",0.292674497086782,0.397436347059014,""
"SRSF1",-0.0564843514952642,11.6617056976898,-1.08435767052322,0.281186124045091,0.470999083292362,-6.05483621280105,"SRSF1",0.233891743718368,0.551006114659814,""
"RPL13A",-0.0565900543289803,10.8304774909708,-0.455532972546043,0.649854704852564,0.792823576852239,-6.53344656599196,"RPL13A",0.393705413511175,0.187183732486885,""
"MYOM1",-0.0566139448859104,19.0476934091622,-1.68547144637886,0.0953064727658541,0.234663531741356,-5.26507321150947,"MYOM1",0.116530720702119,1.02087760312838,""
"ALDOA",-0.0566279815814781,20.0591876865155,-2.18208581380122,0.0316656470553889,0.110004538740297,-4.34867246481726,"ALDOA",0.054626758937728,1.49941163317862,""
"COASY",-0.0567001971669985,13.2404952723718,-1.23368708876099,0.220480264962227,0.402738329752544,-5.90537196922639,"COASY",0.199994381198349,0.656630277858627,""
"TMEM182",-0.0567131808553558,12.0051169595135,-0.714290304486813,0.477441041944762,0.659443868054789,-6.26367567577979,"TMEM182",0.327470862799917,0.321080250758661,""
"NDUFB6",-0.056755839313027,13.1984010263965,-1.1316812625043,0.260726728640274,0.449334217849083,-6.02351366403175,"NDUFB6",0.223133265972442,0.583814444451342,""
"GSTO1",-0.0570426614863671,17.189596270065,-1.4216564859896,0.158526798200825,0.332604541466739,-5.66196566261876,"GSTO1",0.16516689507868,0.799897311824858,""
"EIF3C",-0.0573717862694298,11.6091199319063,-1.60210002879891,0.112581562839679,0.26232419438904,-5.39739252127859,"EIF3C",0.130266629854742,0.948532726825776,""
"PPID",-0.0575546257865502,12.2113421528836,-1.0150182136453,0.312804092266807,0.503521322820715,-6.14170334187364,"PPID",0.250041845879376,0.504727573907371,""
"PSMC3",-0.0575658608754273,13.9702304742115,-1.99739012809758,0.0487541415785975,0.14833266429327,-4.71472270259739,"PSMC3",0.0736599851945123,1.31198848584581,""
"TBC1D4",-0.0576225069435239,11.4061349993359,-1.26816952398325,0.207955855869781,0.389543452890713,-5.86320603339007,"TBC1D4",0.193441984671821,0.682028845743263,""
"TPM3",-0.0576565393823891,19.1089970035299,-0.614749520171089,0.540246460204175,0.709817711972739,-6.46834429216479,"TPM3",0.352485829091163,0.26740807001405,""
"TCERG1",-0.0577647341723768,11.20041081561,-0.547226262732374,0.586142453417931,0.747616423661426,-6.34218955299538,"TCERG1",0.371256155617866,0.231996822181874,""
"HMGB2",-0.0579280408313405,10.6458920359377,-0.811906608039405,0.41902447268489,0.607447718115779,-6.31448838323737,"HMGB2",0.301650281386328,0.377760611779217,""
"PGAM2",-0.0588532646899971,19.0944601677665,-1.80909516588146,0.0737214224635502,0.1959977706684,-5.05730738797258,"PGAM2",0.0973298292346979,1.13240629360882,""
"SCARB2",-0.0590944429878926,12.0961135151823,-1.29502076756531,0.198572363335636,0.379405595546622,-5.82959523613327,"SCARB2",0.188407662491823,0.702081195347304,""
"CSRP1",-0.0592026322261567,12.8305302680202,-1.25189461363397,0.213800191835582,0.396346280595588,-5.88324725596631,"CSRP1",0.19682017645722,0.669991909449517,""
"H6PD",-0.0592383189507979,12.6221850496289,-1.4710763533804,0.14470250607622,0.315678466444636,-5.59249277103927,"H6PD",0.156761636254067,0.83952394734918,""
"LTA4H",-0.059331547753386,15.1662687455258,-1.72471190506004,0.0879571050189717,0.223479665766288,-5.20061368084792,"LTA4H",0.110976964851606,1.0557290732514,""
"EEF2K",-0.0593916301144528,11.7821370049021,-1.01659879983545,0.31208562812775,0.503341255044531,-6.13492489826805,"EEF2K",0.249952426668909,0.505726230593005,""
"DDX3X",-0.0595532500828595,13.2972474539553,-1.31611490018112,0.191460544739593,0.370432639856012,-5.79801957817705,"DDX3X",0.183951814641517,0.717920709775386,""
"GPS1",-0.0598422105838363,13.2841471840778,-1.65308434544393,0.101742195811448,0.244625111741283,-5.31722538064524,"GPS1",0.121477505948677,0.992498893611443,""
"SNRPGP15",-0.0599102490053225,10.8737788995075,-0.748428522526162,0.456330949080094,0.641729391591536,-6.33210518082131,"SNRPGP15",0.318674094534285,0.340720075696111,""
"SGCD",-0.0599510277633231,12.3803120966662,-1.3157400855669,0.191549606513123,0.370432639856012,-5.80319639882664,"SGCD",0.183951814641517,0.71771873582058,""
"RPL28",-0.0600106243924028,11.6174815890634,-0.980624666887474,0.329364548487138,0.522968862029993,-6.18022843448553,"RPL28",0.259699229551748,0.482323148411514,""
"TPI1",-0.0601588933030097,18.8797728994963,-1.39574894468525,0.166169064406673,0.34065846823285,-5.69747894113707,"TPI1",0.169166365655009,0.779449825365424,""
"ACO1",-0.0601646000980569,14.3851647171698,-1.50656284380422,0.135368697187806,0.300061675909535,-5.54121202582097,"ACO1",0.149006550312059,0.868481750793436,""
"NUTF2",-0.0601659660737655,15.4529186635895,-1.47718183063929,0.143061841767377,0.313707144992581,-5.58375278159002,"NUTF2",0.155782704811934,0.844476188181145,""
"GSTM2",-0.0602571423100375,17.05028812879,-1.34296881182962,0.182605097325035,0.360622280443743,-5.76789102492202,"GSTM2",0.179080123483648,0.738487103530979,""
"NDUFS5",-0.0602615324611104,15.4491588190138,-1.16615210005667,0.246584655194926,0.430396846399914,-5.98469550374656,"NDUFS5",0.21372922467638,0.608033952766721,""
"DOHH",-0.0604885436506946,11.1002366434768,-0.986639096702393,0.326480390246776,0.520407563096363,-6.16442985373804,"DOHH",0.258427323310268,0.486142899115942,""
"HSP90AA1",-0.0606017033421944,15.5693074365719,-1.46761801721154,0.145638310633162,0.316691500967104,-5.59742807383572,"HSP90AA1",0.157264695430426,0.836724367412845,""
"MYL1",-0.0610820449319771,20.4781875375855,-1.3351705953042,0.185134002424742,0.363190833878417,-5.77807340298827,"MYL1",0.180355632211755,0.73251380972216,""
"TPP2",-0.0610932521281971,13.783396848705,-1.9783008988578,0.0509036041984677,0.152764114798752,-4.75087355393065,"TPP2",0.0758605832905504,1.29325146662021,""
"UBE2N",-0.0612306069668085,13.4313536958322,-1.11470753111219,0.267896145569633,0.458129384029345,-6.04221213162779,"UBE2N",0.227500825968132,0.57203353487959,""
"SEPHS1",-0.0613840047369862,11.1812815076713,-0.792271226426373,0.430275191041727,0.61566085747658,-6.34003248306764,"SEPHS1",0.305728814773424,0.366253693899528,""
"LMLN",-0.0615979352757163,13.841508563806,-1.02997912884733,0.305892291258246,0.49670668937458,-6.10684418631598,"LMLN",0.246657791523312,0.51443146746184,""
"SUN1",-0.0618097145249719,12.0344948019372,-1.28477370151855,0.202115508936756,0.382880372111727,-5.84250201016013,"SUN1",0.190133189310608,0.694400360471676,""
"SYPL2",-0.0619632490422379,12.7500533297025,-0.616566741971448,0.539052123832827,0.709005684674109,-6.46723628460801,"SYPL2",0.352082587370403,0.268369238526645,""
"PARK7",-0.0619911195624443,16.1928107045713,-1.74567547003479,0.084225261312648,0.215911984724552,-5.16560825285297,"PARK7",0.10721895729375,1.07455763292666,""
"PARP1",-0.0620284668330999,12.689165564915,-1.46556578378056,0.146195855027206,0.317181923170304,-5.60035152852896,"PARP1",0.157508232431524,0.835064940403677,""
"SESN1",-0.0621507507575645,12.4052786018974,-1.86713442060548,0.0650857432383815,0.180402571385869,-4.95504923688776,"SESN1",0.0895854652152836,1.18651413141609,""
"PPP3R1",-0.0622864296451091,12.7801507893409,-0.893143428151344,0.374150103836046,0.563782438272401,-6.25616622110247,"PPP3R1",0.279966696842748,0.426954129913309,""
"NAXD",-0.0625227680798304,13.0617440117471,-1.43325388031453,0.155194661672816,0.328741981045301,-5.64586597127042,"NAXD",0.16324880006696,0.809123221517984,""
"ENSA",-0.0626299144892801,13.1358840730141,-1.52554785236882,0.130572970353923,0.293047872383981,-5.51330005146781,"ENSA",0.145523590801347,0.88414671617787,""
"SORD",-0.0627598036099393,11.5881021961381,-0.919521786050626,0.360295278775148,0.550723343450439,-6.22761887459482,"SORD",0.273481727831893,0.443341428733204,""
"CLASP2",-0.0630010377274237,11.4394133016979,-1.35918308752586,0.177430396897568,0.353725614166129,-5.74653723530017,"CLASP2",0.175655332738326,0.750971975969801,""
"AGPS",-0.0630164962548738,11.0290691237928,-0.798526876067097,0.426804303527744,0.612836239434125,-6.3047751070166,"AGPS",0.304326147841102,0.369771210173226,""
"PFKFB1",-0.0633179933057395,12.8336041580489,-1.57635961987654,0.11839548269227,0.272766441636694,-5.43696541826296,"PFKFB1",0.135452107924082,0.926664867539163,""
"AGL",-0.063493333339574,17.9799652807382,-1.81861647382767,0.0722426598835441,0.193683314524076,-5.04073751580824,"AGL",0.0961805017677067,1.14120627222557,""
"RTCA",-0.0635656065461836,14.2243126180537,-1.55279681995372,0.123963161530815,0.281743394882884,-5.4680595995847,"RTCA",0.139909940906161,0.906707356134929,""
"MCCC1",-0.0636253110901137,12.2177453593611,-1.23007838943605,0.221856884468312,0.404222397257585,-5.9049987431365,"MCCC1",0.200731348952349,0.653927090092757,""
"C4orf54",-0.0637294809038549,10.7793638671685,-0.480632877770992,0.632634417169972,0.779840963272749,-6.29716943540246,"C4orf54",0.387258424045924,0.198847184882501,""
"USO1",-0.0639821610024418,12.8668467267177,-2.25389658621266,0.0265911444333162,0.0980245894089384,-4.19848491783264,"USO1",0.0486776789115366,1.57526297104081,"+"
"AKT1S1",-0.0640615614737046,11.3001111951517,-0.986177790799394,0.326930475261598,0.520545967833189,-6.12529840738914,"AKT1S1",0.258496053221606,0.485544594191558,""
"COX6C",-0.0641706581355512,16.142179232541,-0.445789645515472,0.656802625386708,0.797963681372744,-6.55716448926113,"COX6C",0.396257919560214,0.182565119913157,""
"UTRN",-0.0643028244715484,13.7215721603808,-0.829929297309513,0.408864258569867,0.595429352165264,-6.28569961517637,"UTRN",0.295682124189158,0.3884208522344,""
"NDUFC1",-0.0645509436964877,14.0994485866755,-0.431833413724138,0.666913135933621,0.806146371820227,-6.54809572970372,"NDUFC1",0.400321332430769,0.175930728364369,""
"GALM",-0.0646184751335532,12.1748572143205,-1.4709676171336,0.144731857958218,0.315678466444636,-5.59264811431734,"GALM",0.156761636254067,0.839435862712298,""
"SSPN",-0.0647167414615479,10.9107565648047,-0.666797380242488,0.507281113695164,0.686246322844616,-6.27339794536821,"SSPN",0.340780597593677,0.294751306361204,""
"ISCA2",-0.0648262388973677,13.2859662501704,-1.3838540641025,0.169770823213201,0.345080269027683,-5.71357459584768,"ISCA2",0.171362171835881,0.770136945460085,""
"NDUFB3",-0.0652381903066548,16.1610865225156,-1.25079289514613,0.214200130144055,0.396574659556113,-5.88459489973285,"NDUFB3",0.196933586345266,0.669180269634752,""
"FYCO1",-0.0657839678779926,14.1266186595784,-1.77157550935881,0.0797955368591175,0.207150370143325,-5.12181437887652,"FYCO1",0.102868058566163,1.09802139902099,""
"PFDN2",-0.0657876319932473,12.7988593304734,-1.91411507295125,0.0587317779127669,0.169171131153759,-4.87008845990609,"PFDN2",0.0840080846352744,1.23112685211095,""
"VAPB",-0.0658296303592749,15.4234907295317,-2.20210686065123,0.0301722399263653,0.106889542186604,-4.30723819936993,"VAPB",0.0530798939830726,1.52039244747995,""
"PPP3CB",-0.0658806452338903,14.4293863282797,-1.79181928577271,0.0764687747859029,0.200879476202014,-5.08716590789871,"PPP3CB",0.0997540178585811,1.11651586819978,""
"TMEM205",-0.066430520865981,13.2700567639014,-0.976608212944244,0.331339040877659,0.52465065809689,-6.18409636184664,"TMEM205",0.260534386622363,0.479727389234855,""
"PSPC1",-0.0665423505720737,10.3394860572326,-0.858081279493946,0.39316640018175,0.58263438620522,-6.27630390345364,"PSPC1",0.289328317981526,0.405423603859137,""
"PRDX1",-0.0665498237227897,16.9483831703521,-1.74690673393615,0.0840101889935121,0.215598899266533,-5.16353996950143,"PRDX1",0.10706348331024,1.07566803827969,""
"CAPZB",-0.0665627966479407,15.991810602798,-2.13852508269256,0.0351390746000165,0.119389823310287,-4.43764525661194,"CAPZB",0.059287363705839,1.45420967998923,""
"TMPO",-0.0666704479867661,10.5743078462665,-0.92531284219687,0.357320436241813,0.546759407511499,-6.21751121556393,"TMPO",0.271513291115911,0.44694214446579,""
"RAB12",-0.0667239420565178,16.4321457430822,-1.7732114402153,0.0795223271050946,0.20681577993031,-5.11902801104978,"RAB12",0.102701905613579,1.09951091942923,""
"NOMO3",-0.0667377186164195,12.089457850489,-1.18039185119403,0.241410306966373,0.424988906489941,-5.89163382811353,"NOMO3",0.21104371521291,0.61724419172391,""
"USP19",-0.0673136022508674,10.7222644011288,-0.587165810602182,0.559392266426172,0.725110011568254,-6.25722270468295,"USP19",0.36007977724252,0.25228354202537,""
"LRRFIP1",-0.0674887372744113,12.0785579166127,-1.12657950816576,0.262899779858419,0.452263366791254,-6.02441640365229,"LRRFIP1",0.224587841528951,0.580209777554017,""
"CD81",-0.0679327065500619,9.83425163438494,-0.825829023606193,0.41143718137041,0.598568000917561,-6.24039602829261,"CD81",0.297240734504199,0.385696463894701,""
"GSTT1",-0.0681478445485979,15.2138066447696,-0.673278573300097,0.502723492959114,0.683494084829612,-6.36560858577355,"GSTT1",0.339413873599317,0.298670819120231,""
"MIF4GD",-0.0685419384925634,10.4601035938063,-0.969221417721283,0.335268772075843,0.527689306959349,-6.14535084071098,"MIF4GD",0.262043338351145,0.474606896158805,""
"OCIAD1",-0.068703889363384,14.243023689767,-1.81268845248457,0.0731604167335275,0.194867801448225,-5.05106351148906,"OCIAD1",0.0967687018766414,1.1357238293772,""
"PRSS3",-0.0693262174443436,13.7941528293133,-0.797359357524591,0.427330192875329,0.613284092529141,-6.33603896591311,"PRSS3",0.304548545601604,0.369236421163837,""
"ADI1",-0.0693547585174921,12.6235123867408,-1.29818207282329,0.197488644799468,0.378023159832701,-5.82559344971569,"ADI1",0.187721163704081,0.704457870380331,""
"HARS2",-0.0695466876275708,12.2294354437429,-1.20470218656504,0.231495427740673,0.4135044996389,-5.93006115302124,"HARS2",0.205340714847846,0.635457582298751,""
"SMYD5",-0.0695815643239897,11.2655258542155,-1.06635984493995,0.289067647805489,0.479437429751465,-6.09396452834213,"SMYD5",0.238082111889837,0.539000511462436,""
"TNNC2",-0.0699420937115409,16.2758616721296,-0.429884280559613,0.668290892937166,0.806625661700592,-6.56407566699942,"TNNC2",0.400559341271638,0.175034457137693,""
"SERPINA7",-0.0699730548491333,11.1466879723577,-0.838694502391212,0.404094931022102,0.592094106497619,-6.25391384597081,"SERPINA7",0.294025886517778,0.393516597325077,""
"MAP2K6",-0.0699973154278544,13.7854231324813,-1.92950932209711,0.0567670950345348,0.165508132623578,-4.84182576315203,"MAP2K6",0.0821890893466358,1.24590332953276,""
"HSPA1A",-0.0701445393067708,18.1909642459797,-1.72258631928152,0.0883429470836521,0.223864620991819,-5.2041409365282,"HSPA1A",0.111168128384927,1.05382811695425,""
"KARS1",-0.0701984827777933,13.3148119839301,-2.41407498957515,0.0177668763903532,0.0751556064953667,-3.8479333217829,"KARS1",0.037321252794247,1.75038891916576,"+"
"CARM1",-0.0703616386558643,12.3596539709806,-1.79331325810742,0.0762278858443235,0.200735889554961,-5.08459435415323,"CARM1",0.0996827146810476,1.11788612507946,""
"NRAP",-0.0703640011961886,15.3078349277974,-0.683018773981779,0.496321375931614,0.677140407450737,-6.42449323525984,"NRAP",0.336258723761698,0.304237019887848,""
"TCEA3",-0.0705270836628005,11.6714343234412,-0.855488511810702,0.394618152236743,0.583578753514193,-6.2731452401698,"TCEA3",0.289797277952876,0.403822941296366,""
"GALT",-0.0705522065069362,12.5597149015198,-1.21597841928584,0.227156525849788,0.408938821033601,-5.92186496584293,"GALT",0.203073460901646,0.64367478207259,""
"NIF3L1",-0.0705936038234229,13.496995803652,-2.21615803494406,0.0291612213586359,0.104214042422915,-4.27795598329625,"NIF3L1",0.0517512771614153,1.53519429042924,""
"RPL14",-0.0708345502255217,12.1825706327404,-1.22237793967349,0.224775306287773,0.406952936982753,-5.90908130638869,"RPL14",0.202087297870863,0.648251401875317,""
"DAG1",-0.0711298441339823,15.5553251076451,-2.11412002378855,0.0372260105571246,0.12438482069606,-4.48678434473285,"DAG1",0.0617678115238274,1.42915350382627,""
"PRCP",-0.0713020175318277,13.2564957230286,-0.517381348761542,0.606984885233137,0.763325441455977,-6.27887492901156,"PRCP",0.379057040363515,0.216822123326015,""
"PREP",-0.0713612197946798,15.270897830003,-1.80699948939471,0.0740502597044362,0.196689568408632,-5.06094362316043,"PREP",0.0976733665907206,1.13047341400968,""
"CYTH1",-0.0713869109721266,10.4184572768063,-0.473608444432955,0.637782017571261,0.782484273270221,-6.2080278081071,"CYTH1",0.388571055867148,0.195327729965542,""
"ARIH1",-0.0721838880467285,11.462036607559,-1.64492724348655,0.103417390400798,0.246995200740573,-5.3302105039918,"ARIH1",0.122654459935374,0.985406425264707,""
"NMT1",-0.0722570148162847,9.83080571784775,-0.592915520917219,0.555448819393436,0.722630913856785,-6.28901796721043,"NMT1",0.358848691010822,0.255355951986893,""
"ACTA2",-0.072268033810591,19.4911171003289,-2.68171770554956,0.00869032832422276,0.0444758588878972,-3.21551356913103,"ACTA2",0.0220861070810306,2.06096381541501,"+"
"NCLN",-0.0722707795312587,12.0145429959805,-1.30675061175816,0.194646437287213,0.374914745886117,-5.80487563914328,"NCLN",0.186177567582656,0.710753540985963,""
"PFKL",-0.0724029489946183,16.0067188142276,-0.962175409794595,0.338498289514072,0.531872860607089,-6.19786714529525,"PFKL",0.264120834236634,0.470443521532683,""
"POTEF",-0.0724606578002165,13.653133112865,-1.26514391750163,0.20906876667873,0.3909272222986,-5.86223949910727,"POTEF",0.194129145753861,0.679710842707165,""
"APOOL",-0.0726841394645676,12.7127232796291,-1.70503143439861,0.0915828533156075,0.229443313456207,-5.23311621803355,"APOOL",0.113938431246333,1.03818582990726,""
"H4C16",-0.0727579191724423,17.4515985741879,-1.56904975624334,0.120089474589127,0.275087298762028,-5.44809293763049,"H4C16",0.136604614031251,0.920495055279671,""
"ATG3",-0.072847894640895,11.0279906986926,-0.820283413688441,0.414571450756279,0.601905662546857,-6.24626008632049,"ATG3",0.298898171909302,0.382400608672255,""
"RPL30",-0.0728562912341948,11.1814885741532,-1.57427647330599,0.118876280220778,0.273434525772673,-5.44014149779507,"RPL30",0.135783869426509,0.924904792958204,""
"MYL4",-0.0729812088559809,13.8390110994588,-0.737438703200806,0.462743184830639,0.647270764553594,-6.38626839321863,"MYL4",0.321425865038019,0.334659968711724,""
"PYGM",-0.0730058252047669,20.3617794079415,-1.75405931183886,0.0827697253082187,0.213133901826914,-5.15149809167518,"PYGM",0.105839399081915,1.08212848611229,""
"LANCL2",-0.0732461516986422,11.6985334535517,-1.83350486969956,0.0699798720136328,0.189209729425539,-5.01466543044199,"LANCL2",0.0939589802053818,1.15502685613468,""
"FLOT1",-0.073304786265167,11.4441557412265,-1.17854155831852,0.241637661268612,0.425128015467061,-5.97046744859016,"FLOT1",0.211112794840407,0.616835376315571,""
"GPX1",-0.0734517403537396,15.0167329689279,-2.28362489605718,0.0247088081401546,0.0936712223937608,-4.13503876241169,"GPX1",0.0465158560156014,1.60714820282284,"+"
"PRMT5",-0.074092306916806,12.1778814775751,-2.13822030063034,0.0351644981308615,0.119389823310287,-4.43826207189818,"PRMT5",0.059287363705839,1.45389557647474,""
"MAP1LC3B2",-0.0744897081145295,12.648591780436,-1.28343027613239,0.202583479013915,0.382984334336333,-5.84418680476714,"MAP1LC3B2",0.190184815538464,0.693395974897008,""
"CD59",-0.074491207231004,16.0055375849767,-2.03389288834287,0.0448590669528161,0.140969659124979,-4.64471099146013,"CD59",0.070003616893791,1.34814976377707,""
"POTEKP",-0.0745426588666458,10.6414228604918,-0.565482450493646,0.573621488729367,0.736558775402493,-6.36092055664883,"POTEKP",0.365765077769842,0.241374587706746,""
"ATG4B",-0.0747675485178485,11.0945892146457,-1.20901052471597,0.230032177193044,0.411787770040765,-5.89707160449258,"ATG4B",0.204488210260376,0.638211410069538,""
"AGPAT3",-0.0748962218550098,9.84609009828362,-0.957012142831976,0.341500457074825,0.53337854865943,-6.1337133665252,"AGPAT3",0.264868538460592,0.466608710708828,""
"PIP4K2B",-0.0751029366017688,10.5799095718628,-1.18014436636706,0.241036622746229,0.424591862809275,-5.96388216776943,"PIP4K2B",0.210846548717056,0.617916966353585,""
"YTHDF3",-0.0754506716563368,11.3961429991268,-1.29157961743805,0.199905401855676,0.381698122397314,-5.81403680246575,"YTHDF3",0.189546100169623,0.699175470191962,""
"MAGOH",-0.0754803792866401,10.6807606382202,-1.11833629754303,0.266520779638012,0.456470647152624,-6.01430706589542,"MAGOH",0.226677119777975,0.574268924985204,""
"SURF1",-0.0755124094988586,13.018345104153,-1.36864826218029,0.174498332279171,0.35144920612235,-5.72928050812659,"SURF1",0.174524899440978,0.758208719337549,""
"FHL3",-0.0755248025544182,15.8504817047149,-1.86572968030593,0.0652842770732049,0.180603029046144,-4.95755954647691,"FHL3",0.0896850097650853,1.18519140069348,""
"LACTB",-0.0756430854253933,14.1620734018543,-2.00544859664719,0.047870273847503,0.146108844352443,-4.6993663566053,"LACTB",0.0725556664343993,1.31993408807854,""
"PCBD1",-0.0757376725544763,14.6259818116469,-1.87026981472629,0.0646444390815114,0.180110876599195,-4.94943989597288,"PCBD1",0.0894406135484568,1.18946882855756,""
"TMED10",-0.0758391871177659,13.2314737772393,-2.03607637174542,0.0446347778478601,0.140875940841233,-4.6404864255857,"TMED10",0.0699570776677473,1.35032662241557,""
"APOC1",-0.0760647919260506,11.6340265226761,-0.736274602069316,0.463468505012565,0.647951578227323,-6.3823157405878,"APOC1",0.321763947855893,0.333979772984398,""
"VCAN",-0.0761962456983225,10.8337332945681,-0.702743590152061,0.485721442076895,0.667605782180858,-6.03884969977919,"VCAN",0.331523958431615,0.313612724259863,""
"FGG",-0.0762158915500155,14.6048411869082,-0.96826069857429,0.335467521730612,0.527689306959349,-6.19208546574513,"FGG",0.262043338351145,0.47434951965579,""
"HAGH",-0.0763056904059525,15.9117794543827,-2.61488167383343,0.0104392106826645,0.0513186583473694,-3.37880678481541,"HAGH",0.0254841482965325,1.9813323374566,"+"
"SF3B6",-0.076317210730374,10.8442878621524,-1.41862389360608,0.159444599053966,0.33379709341758,-5.66149608763698,"SF3B6",0.165759100170263,0.797390187244389,""
"PPP2CA",-0.0763981618698848,11.9315971270167,-0.664218927933431,0.508297431090779,0.686246322844616,-6.4173506320298,"PPP2CA",0.340780597593677,0.293882085193851,""
"GOT1",-0.0764838217634889,18.9919390182212,-1.96508776200062,0.0524382189254965,0.156224465114837,-4.77570999273234,"GOT1",0.0775789462301296,1.28035206762964,""
"VPS35L",-0.0765928968279077,20.2346716999504,-1.40626654483968,0.163033263923249,0.337123617896127,-5.6831370901835,"VPS35L",0.167411007017662,0.787723776795679,""
"RAB1B",-0.0766126228477599,15.6083694949291,-1.88812062616846,0.0621795148357569,0.175400088109527,-4.91733832487385,"RAB1B",0.0871013000057741,1.20635267092222,""
"RABGEF1",-0.0766783698677314,12.1938740265035,-1.55867985893367,0.12325615974831,0.280730568887331,-5.38147041376491,"RABGEF1",0.139406985281434,0.909191367565098,""
"MYH3",-0.0766912758076117,17.4335749269295,-0.564859695927747,0.573551964221303,0.736558775402493,-6.49749587349589,"MYH3",0.365765077769842,0.241427228587109,""
"TGFB1I1",-0.0767439652880872,10.7419106205189,-1.09499149602619,0.276526438955394,0.467290550734763,-6.04441088545463,"TGFB1I1",0.232050136850538,0.558263339066332,""
"PURA",-0.0767981400306814,15.19080525447,-1.84318577230344,0.0685763485128573,0.186293663353411,-4.99319335213883,"PURA",0.0925109014243354,1.16382564349836,""
"LHPP",-0.0773575030389084,10.928158682637,-1.17521106242534,0.243099524275576,0.425869949005991,-5.95406614995917,"LHPP",0.2114812289527,0.614215891032001,""
"RBM38",-0.0778164551329672,12.5459367870688,-1.22259782607622,0.2247658040866,0.406952936982753,-5.89900337908247,"RBM38",0.202087297870863,0.648269761724686,""
"H2BC12",-0.0778986055899091,15.5079768038099,-1.32246206108569,0.189311579563179,0.368527699160742,-5.79454518389462,"H2BC12",0.183005846981065,0.722822820866703,""
"CNBP",-0.0779209728182364,11.0624240184245,-0.843750373958214,0.401010173590067,0.589382132055965,-6.30325734782875,"CNBP",0.292679156866747,0.396844609230241,""
"GSTM3",-0.0781397370975103,16.3207245149976,-1.14920387222933,0.253468124718951,0.44053344174925,-6.00392250543614,"GSTM3",0.218762920166934,0.59607664827965,""
"TLN2",-0.0783107813019885,12.2461476307291,-1.70501896538532,0.0915851886231338,0.229443313456207,-5.23313669996968,"TLN2",0.113938431246333,1.03817475580108,""
"TACC2",-0.0783137823823372,12.7523667181005,-2.32102133044424,0.0225082250126167,0.0874099903606498,-4.05417732833472,"TACC2",0.0434066132803228,1.6476587518951,"+"
"TOM1",-0.0786168985168345,13.4170870242863,-1.69070706055034,0.0942978922264045,0.233000156914895,-5.25655320205696,"TOM1",0.115704711369152,1.02549801462929,""
"SCN1B",-0.0786943960872017,12.1250914027317,-1.42963169621461,0.15630548210712,0.329875929100889,-5.64117512038188,"SCN1B",0.163811903260608,0.806025789689583,""
"FGGY",-0.0787879882930032,10.6948321698603,-1.07798114180366,0.284075290634968,0.47434693601735,-6.05256035861257,"FGGY",0.235554241883091,0.546566540326969,""
"DHRS7B",-0.0788025401883878,12.4535474048075,-1.42859736892617,0.15652600740306,0.330098261381288,-5.65234523516871,"DHRS7B",0.16392231044948,0.805413492409914,""
"IVD",-0.0792137265040598,12.8949978424395,-1.34816764229386,0.180933673496326,0.358705559109687,-5.76107110016538,"IVD",0.178128305718079,0.742480599239119,""
"EIF4E",-0.0792947852009327,12.8044652195884,-1.90250376990741,0.0602513642577786,0.171875099426843,-4.8912678807698,"EIF4E",0.0853508385317999,1.22003311501173,""
"ENOPH1",-0.0794096251832004,13.4446006977931,-1.91051656320169,0.0591992225893164,0.169969500845322,-4.87666497306211,"ENOPH1",0.0844045441739775,1.2276839964424,""
"TPM1",-0.0794891172784382,20.9074957400449,-2.06445123649379,0.0418064378316686,0.134023770498392,-4.58521184095734,"TPM1",0.0665543829989182,1.37875683546217,""
"LAMA2",-0.0797940712332617,14.2821619681861,-1.60539892041766,0.111853275929103,0.261549328041827,-5.39227707790108,"LAMA2",0.129881841757424,0.951351291879394,""
"CST3",-0.0798868784658948,12.5988834899498,-0.866027523348198,0.388871720990736,0.578895936323061,-6.25897538784442,"CST3",0.287471854576907,0.410193637886798,""
"STX4",-0.0799974823709277,11.1182584076496,-1.70886446540648,0.0908672718356273,0.228243296302286,-5.22681332381753,"STX4",0.113342519036354,1.04159251084392,""
"RFC4",-0.0802000976302963,13.0255136647684,-0.902781617451525,0.369066016127302,0.559356532110443,-6.24286669949955,"RFC4",0.277768851992355,0.432895943121535,""
"KPNA6",-0.0803041180521262,10.6921141081712,-0.978350002028893,0.330797619754921,0.524372775562833,-6.13207920634287,"KPNA6",0.260396393932473,0.480437624062123,""
"MYH7",-0.0803987709854965,20.3630619256635,-1.08916948415446,0.278940481362576,0.470050663303229,-6.06982703901704,"MYH7",0.233420771241129,0.554488453978439,""
"SNRPB",-0.0805558664893464,10.9402829400645,-0.493150208135945,0.624333157210545,0.774941025797064,-5.70252080107322,"SNRPB",0.384825181687388,0.204583599857772,""
"MRPL47",-0.0806722875868537,10.0085349405745,-0.747290670309441,0.458425721102724,0.643412397982569,-6.08731848745971,"MRPL47",0.319509852635418,0.338731023196861,""
"SYNE2",-0.0810662415112908,11.8618375394588,-2.07748308896185,0.040560002180102,0.130964742219582,-4.55959248039954,"SYNE2",0.0650353111289408,1.39190203033137,""
"PVALB",-0.0814268939162028,11.3176624824931,-0.479933138175822,0.632978402232719,0.779929536027074,-6.3188001857827,"PVALB",0.387302408071987,0.198611108230943,""
"ATP2A2",-0.0814332192782432,16.4629708437734,-1.02971524103597,0.30585893153072,0.49670668937458,-6.13169888050287,"ATP2A2",0.246657791523312,0.514478832943288,""
"DCTPP1",-0.0814405437844741,13.3817644815343,-1.63888060173997,0.104673494805101,0.24857229995036,-5.33979699343338,"DCTPP1",0.123437625969617,0.980163275505171,""
"GALK1",-0.0814870263224403,11.6750826925804,-1.80597926498504,0.0742107858927688,0.196933437378403,-5.06271240921419,"GALK1",0.097794468606843,1.12953296920497,""
"ACTL6A",-0.0815835689060211,10.989516240015,-1.31071733235035,0.193681879653814,0.373547959009308,-5.75365960001026,"ACTL6A",0.185498839794751,0.712911008782565,""
"NRDC",-0.0820709706650451,12.1188101077496,-1.81418046938426,0.0730398166447275,0.194867801448225,-5.03533851946081,"NRDC",0.0967687018766414,1.13644032570217,""
"PLGRKT",-0.0822531342158195,12.6910680718059,-1.17540174157222,0.242884592896469,0.425753665590998,-5.97408700977416,"PLGRKT",0.211423484189147,0.61460003328983,""
"SNX5",-0.082299023839421,12.1972090514453,-1.87007569178949,0.0646716886533994,0.180110876599195,-4.94978744224745,"SNX5",0.0894406135484568,1.18928579896817,""
"SMAP",-0.0823475614043678,8.27096147852911,-0.420621521059193,0.675817225025081,0.812114116109804,-6.00144379614113,"SMAP",0.403284833141211,0.170170743253621,""
"PXN",-0.082604408551977,10.3766703762934,-0.832874182141755,0.407854408955344,0.594260669072708,-6.17367103873152,"PXN",0.295101772048213,0.389494838555722,""
"RPLP1",-0.0827934483132839,14.5847973690683,-1.21192783156166,0.228695820608962,0.410420927905627,-5.92667545746269,"RPLP1",0.203809455031936,0.640741772004754,""
"HDLBP",-0.0829187199511887,11.0694457878415,-1.07679542169894,0.284532669732216,0.474662765688319,-6.06236904284556,"HDLBP",0.235711078605457,0.545867861185065,""
"GUK1",-0.0832429482862649,10.7354253272134,-1.11222188526843,0.270304864081812,0.460118475237121,-5.83946884732014,"GUK1",0.228488581629459,0.568146139188866,""
"RRAD",-0.0836959002314126,11.6496469536971,-0.911510397186241,0.364448986338952,0.555295478387792,-6.23983386809704,"RRAD",0.275752187904847,0.438363253359695,""
"TPM2",-0.0837242939907394,18.8437158413841,-2.67784016144781,0.0087840210548471,0.0447953813935797,-3.22508327669015,"TPM2",0.0222447776149283,2.05630663191118,"+"
"IGHV1-18",-0.0837542245041272,11.1545778106155,-0.898488304575847,0.37167409202809,0.561201364386077,-6.18553070284244,"IGHV1-18",0.27868497062851,0.429837710847735,""
"NUP133",-0.0839801764791277,10.0254000455768,-1.04259939481546,0.300144272157441,0.490429580389524,-6.07618736658446,"NUP133",0.243540664509471,0.522669940144697,""
"FN1",-0.0840305518610824,12.7261114313319,-1.40636385353765,0.163004464775377,0.337123617896127,-5.68300391844444,"FN1",0.167411007017662,0.787800499885898,""
"ACTA1",-0.0843801189089337,20.8867422129813,-3.18195952538067,0.00199862650972068,0.0161062348810907,-1.88497719678267,"ACTA1",0.00799813735250428,2.6992683564183,"+"
"CBX1",-0.0844333793090133,11.1482141816118,-1.02856695719368,0.306619606679122,0.497337328668906,-6.09735461774933,"CBX1",0.246970958426262,0.513400077791172,""
"KCMF1",-0.08453710386613,9.68513940848979,-0.636633090740206,0.527422223056578,0.699145843324845,-6.14422606917118,"KCMF1",0.3471863241551,0.277841575059253,""
"ARF6",-0.0845713374400408,11.870503414875,-1.28375887882847,0.202578567380906,0.382984334336333,-5.8283171350678,"ARF6",0.190184815538464,0.693406504486993,""
"L2HGDH",-0.0846016428049241,13.616587741455,-2.16988918377354,0.03260666041129,0.112320539349468,-4.37374698859612,"L2HGDH",0.0557768533649727,1.48669367955097,""
"NPTN",-0.0848012549533523,11.323408888906,-0.806694134710105,0.422281059057799,0.608858671639522,-6.26075971614433,"NPTN",0.302350941730859,0.374398397929012,""
"ALG5",-0.0851128444189548,10.2941333417173,-0.539822576305509,0.591369578797574,0.751270041149755,-6.2967380795153,"ALG5",0.373070492408612,0.228141020188934,""
"SYAP1",-0.0853594114803231,10.5952164464496,-1.19226789960714,0.236494993777653,0.419203264530863,-5.91923584515324,"SYAP1",0.208170644044958,0.626178048151337,""
"CAP2",-0.0856882384083146,14.7954971064128,-3.11674013815277,0.0024438331171311,0.0183583511731216,-2.06894419122859,"CAP2",0.00911650769606749,2.61192845423294,"+"
"MAOA",-0.0860883874379503,12.6240313225743,-0.810884064018948,0.419794880559272,0.60794953394789,-6.27707389556027,"MAOA",0.301899476308698,0.376962861986147,""
"U2AF2",-0.0864747944624957,10.4047804779329,-1.08648883328145,0.280353634154282,0.470330370576604,-6.03721028562355,"U2AF2",0.233559670071766,0.552293809877877,""
"RPL3L",-0.0867330749821988,10.8037187496682,-1.43810551150773,0.153892936186749,0.327435671258535,-5.62987025699786,"RPL3L",0.162600104380065,0.812781314187506,""
"H2AC8",-0.0867870185075663,13.8627129943489,-1.18936226042067,0.237375486887773,0.420468569481061,-5.9579216978485,"H2AC8",0.208798977287283,0.624564131459955,""
"ASB14",-0.0868114396815294,10.7313804133107,-1.36122992167592,0.177288493929222,0.353725614166129,-5.68102884504282,"ASB14",0.175655332738326,0.751319449312776,""
"MOCS2",-0.087037061530296,12.4772310066195,-1.72554225793089,0.0878440721074455,0.223415127146687,-5.19473580176148,"MOCS2",0.110944915850215,1.05628754023458,""
"PLOD1",-0.0870556442270551,15.8794390754918,-1.37287028229055,0.17314925191787,0.350103252247128,-5.7283201383795,"PLOD1",0.173856517038534,0.761579380456668,""
"MYL11",-0.0870664207722633,18.4497928788044,-0.686104118329359,0.4943829633165,0.675390864314507,-6.42240354980326,"MYL11",0.335389924417157,0.305936503665839,""
"SGCG",-0.0871189935906003,13.9858326063422,-2.35053702292853,0.0208955288291397,0.0827162784866221,-3.98953418062632,"SGCG",0.0410757797528901,1.6799466331506,"+"
"GRB2",-0.0871796564105383,14.7075683414179,-2.94764591405735,0.0040630018733619,0.0261675581327083,-2.5315098675682,"GRB2",0.0129944537423055,2.39115297742979,"+"
"HSPH1",-0.0872335722677198,12.0612494202556,-1.57538863041714,0.118619397244052,0.27306280522205,-5.43844633656912,"HSPH1",0.135599278052884,0.925844287133297,""
"MAPKAPK3",-0.0873581047690042,11.5862282900308,-0.785565397377566,0.435139848816383,0.620761974468767,-6.14426925456014,"MAPKAPK3",0.308261960145754,0.36137114348591,""
"RAB21",-0.0874167242489801,13.3982461855327,-2.78855008249064,0.00644066579321224,0.0366248971494966,-2.94724342597809,"RAB21",0.0181874261790958,2.19106923584323,"+"
"MAT2B",-0.0874566740612579,13.4236422327779,-1.76637289136635,0.0806695625073749,0.209229833616413,-5.13065969362445,"MAT2B",0.103900691866252,1.09329029834584,""
"ATP2A1",-0.0875182639277323,18.3848472409569,-1.24307219536597,0.217018242345915,0.399213275072781,-5.89400685151424,"ATP2A1",0.198243886951122,0.66350375823821,""
"TMEM126A",-0.0877741528088665,14.3539300241671,-1.93346950317324,0.0562707632424572,0.164395522378065,-4.83452146075365,"TMEM126A",0.0816365822194824,1.24971719414511,""
"PFDN6",-0.0880905885539454,14.428366898006,-2.50393740783524,0.014054478337896,0.0634362428755612,-3.64202063887607,"PFDN6",0.0315015760909604,1.85218526952845,"+"
"FABP3",-0.088440892144888,19.8533466791503,-1.9877555997213,0.0498291178584347,0.150168508709016,-4.73300814157688,"FABP3",0.0745716405815947,1.30251680122158,""
"RMND5A",-0.0885054769887024,9.35899901736783,-0.834117445652805,0.407668708529221,0.594260669072708,-6.10552648075243,"RMND5A",0.295101772048213,0.389692622456673,""
"STYXL2",-0.0886479184978972,11.2107251181433,-1.26774348052377,0.208179048540947,0.38970682764099,-5.85432778738293,"STYXL2",0.193523114352488,0.681562980689617,""
"F2",-0.0887763494031351,13.0141009314967,-1.54483918041951,0.125838128045501,0.284209563917115,-5.4845978595538,"F2",0.141134606932448,0.900187750854861,""
"COL4A1",-0.0890661534623955,13.5003818313233,-0.643400399090804,0.521574186132492,0.694624357553775,-6.45049774148881,"COL4A1",0.344941015769782,0.282683910944915,""
"STAC3",-0.0892968715813893,13.7181809151161,-2.20723353256662,0.0297998689898493,0.105963305862169,-4.29657373104837,"STAC3",0.0526199376122381,1.52578564522276,""
"PPP6R2",-0.0893246040254772,9.50900155410161,-0.938172452550397,0.351109683729684,0.540720232976505,-6.14233098416694,"PPP6R2",0.268514319116357,0.454557192373527,""
"GLOD4",-0.0894827548773227,12.8188061083848,-2.7466845671666,0.00724982396730067,0.0390592721453742,-3.05342898596513,"GLOD4",0.0193963037180289,2.13967253838874,"+"
"NFIC",-0.0896118831829371,10.8833342748645,-1.15983136333681,0.250266836605735,0.435497725386785,-5.8505470374645,"NFIC",0.216262251858506,0.601596695870616,""
"MDH1",-0.0897695572578616,19.4467344315434,-2.3067842769092,0.0233247190263131,0.0899660180396379,-4.08509932406295,"MDH1",0.0446759018883855,1.63218357913802,"+"
"SOD1",-0.0897894038725084,17.230271779305,-2.55760222238991,0.01218486961974,0.0574372308062088,-3.51593266587874,"SOD1",0.028522548226022,1.91417911348216,"+"
"RIDA",-0.0900181005289351,13.4285748567678,-1.56522269166778,0.120984023794475,0.276728022501967,-5.45389920017245,"RIDA",0.137419375142488,0.917271975435576,""
"SNRPE",-0.0901100992736801,12.3353510142568,-1.49339036899818,0.138814606692248,0.306504362696442,-5.5557557719875,"SNRPE",0.152205901012038,0.857564833073678,""
"MACROH2A1",-0.0901244082963863,13.7204004076725,-2.49377713171512,0.0144361383314155,0.0646468319653699,-3.66563120337879,"MACROH2A1",0.0321027381806242,1.84054896505236,"+"
"NEB",-0.0906262149306212,18.0018883809052,-1.13926125826845,0.257569028755165,0.444897793593102,-6.01507473847152,"NEB",0.220930197979501,0.589106359671618,""
"PUDP",-0.0911410560257151,13.1309401410923,-1.28895281009588,0.200664875690631,0.382147870676361,-5.83725011224502,"PUDP",0.189769439052759,0.697528639613735,""
"XPO4",-0.0912385174064294,13.0119364924783,-0.470727823431562,0.639034286832791,0.783015077410338,-6.5149882873928,"XPO4",0.388834645989314,0.194475839521091,""
"UQCR11",-0.0912429050800618,15.78635306027,-1.26118753851963,0.210483856643838,0.392994614424261,-5.86712200401765,"UQCR11",0.195155784586871,0.676781207378677,""
"ANXA7",-0.0912691787781057,16.3800764863157,-2.78921594518658,0.00642849119218117,0.0366248971494966,-2.94554364392073,"ANXA7",0.0181874261790958,2.19189094679609,"+"
"MAOB",-0.0913943197388942,13.7409615562834,-2.11528440122593,0.0371240578252654,0.124296202952349,-4.4844514854002,"MAOB",0.0617238051566468,1.43034455953279,""
"CAV2",-0.0914926897240056,11.7694219911776,-1.65046108982202,0.102278512415021,0.245502693954313,-5.32140788268861,"CAV2",0.121913301349014,0.990215597175288,""
"LUM",-0.0916471389114006,15.4368650776371,-1.027838413291,0.306736283972172,0.497337328668906,-6.13359684454609,"LUM",0.246970958426262,0.513234848090378,""
"GPHN",-0.0916598961328443,11.9277499625415,-1.70277479602111,0.0920062895077712,0.230096008489766,-5.23682074598145,"GPHN",0.114262550729641,1.03618248346798,""
"FDX2",-0.0917045678760653,10.4340973438374,-0.499611150811887,0.618998783870332,0.77233370246947,-6.38940014861719,"FDX2",0.383530420357353,0.208310204225315,""
"CUL5",-0.0919885622170629,13.1859841136816,-3.10766322455758,0.00251264685461335,0.0186560774231136,-2.09430526236554,"CUL5",0.0092643545056082,2.59986854597568,"+"
"GBP2",-0.0920522915776631,11.1307564669049,-1.22841569826382,0.223622877540161,0.406180102033899,-5.74556007484692,"GBP2",0.201703518538364,0.650483768400962,""
"TXLNB",-0.0920622049339954,14.4014985404265,-2.39193741625141,0.0188061131603981,0.078056834821692,-3.89764671489265,"TXLNB",0.038761963352378,1.72570095497701,"+"
"IRGQ",-0.0921292217144192,10.3905810997366,-0.993879732860182,0.323416099229644,0.516239031444465,-6.08665919117922,"IRGQ",0.256357287143759,0.490238365281278,""
"MYOF",-0.0922567682289284,10.7284065426853,-1.11950975378316,0.266619631309662,0.456470647152624,-5.93339642914996,"MYOF",0.226677119777975,0.574107876469147,""
"RBP4",-0.0928071223572182,13.4405964582472,-1.24674786409525,0.21567323277144,0.398322278395342,-5.88953303293249,"RBP4",0.197801430110067,0.666203751888697,""
"GHITM",-0.0931658586734088,10.4740384106616,-1.03891004723072,0.302555591959093,0.493189148846434,-5.98102252638258,"GHITM",0.244911028701658,0.519194815844975,""
"KNG1",-0.0932681022817432,13.9278754908039,-1.54682259655335,0.125359127972491,0.284191230032034,-5.48162748066017,"KNG1",0.141125502574281,0.901844037583279,""
"DCUN1D2",-0.0933411111002993,12.2622109133268,-1.78755260933523,0.0771968450567401,0.202606371733166,-5.09004340550025,"DCUN1D2",0.100611570710228,1.11240044840062,""
"PAK1",-0.0937600915981394,10.8513180239207,-1.27055954615198,0.207179423699871,0.38886310521021,-5.85090088610022,"PAK1",0.193104133259849,0.683653379319389,""
"JPH1",-0.0938146516041076,12.6254210939291,-1.90670455099574,0.0596978205632111,0.171093953734163,-4.88361922989604,"JPH1",0.0849629321968622,1.22404152372236,""
"ATP2B2",-0.0939311942254424,11.4653504846891,-0.890247918977814,0.377730637068877,0.567090626421897,-5.78573252777378,"ATP2B2",0.281609498118338,0.422817788880849,""
"MT-ND1",-0.0940910512308717,12.9000718096857,-0.956197260977061,0.341520825897622,0.53337854865943,-6.19873552915302,"MT-ND1",0.264868538460592,0.46658280795128,""
"SEPHS2",-0.0941383881789548,11.3376098716632,-1.49681388726752,0.137922500434901,0.305240066599557,-5.55079018901504,"SEPHS2",0.151578068752557,0.860364878004018,""
"SNTB2",-0.0950528129277819,13.6345020739735,-1.18808490049087,0.237909696194224,0.420634910112674,-5.95467647100307,"SNTB2",0.208881579784314,0.623587857593527,""
"ASPSCR1",-0.0954122738489973,10.3047653194407,-1.25605301957276,0.213428944389457,0.396075763779584,-5.72977271586837,"ASPSCR1",0.196685841482812,0.670746683617212,""
"ATP6V1B2",-0.0957876688544257,11.7584591931178,-2.41380340341727,0.0177793095617092,0.0751556064953667,-3.84854564930715,"ATP6V1B2",0.037321252794247,1.75008510834679,"+"
"ECI1",-0.0958758016862449,15.5629978699635,-2.34467015897473,0.0212076865922678,0.083530345427295,-4.00244093578882,"ECI1",0.0414800343321697,1.67350670324245,"+"
"CAVIN2",-0.0960184371130604,11.9626583151557,-2.03992848702507,0.0442414298841891,0.139963245345424,-4.63302334304886,"CAVIN2",0.0695038454883843,1.35417084506733,""
"COPG2",-0.0960562048752198,10.6230484882071,-1.45769603989555,0.148768539056283,0.320948782554693,-5.5625942150559,"COPG2",0.159378803608856,0.827488901847128,""
"SGCB",-0.0960701853908796,14.3351768623696,-2.19685342824143,0.0305580278422352,0.107459273369136,-4.31814325965106,"SGCB",0.0533628147454691,1.5148746777427,""
"PALMD",-0.0966919420794268,12.5120902632056,-1.84975834811984,0.0675774344188502,0.184103542817894,-4.98597772904005,"PALMD",0.0914233173309125,1.17019830026291,""
"COPS7A",-0.0968301401725871,14.2072333463373,-2.47342378902239,0.0152287494063221,0.0669410978504895,-3.71267695478778,"COPS7A",0.0332420394392874,1.81733575971279,"+"
"EPN1",-0.096925985001187,10.6852166257314,-1.21797003668584,0.226510726255286,0.408222088441014,-5.90422508789997,"EPN1",0.202717541236817,0.644911227456078,""
"POTEJ",-0.0970624402269129,13.0120439463175,-0.794216846667181,0.429147658754862,0.614968594995717,-6.33850840203791,"POTEJ",0.30538504663352,0.367393252456586,""
"PDLIM7",-0.097283183756069,16.5226377840973,-1.38965548796904,0.168006793120411,0.342954037808474,-5.70574083763766,"PDLIM7",0.170306314308659,0.774673157827324,""
"SH3KBP1",-0.0972964814622603,9.72930209719266,-0.608469753535768,0.54577680611049,0.714897772537781,-6.015218916811,"SH3KBP1",0.355008518127938,0.262984924496574,""
"ANP32E",-0.0978001717882577,12.5704789170272,-1.97282428048965,0.0515684882892177,0.154436037029152,-4.75688575095998,"ANP32E",0.0766908371481505,1.2876155995856,""
"CRK",-0.0982587148944969,11.2962972178641,-1.63311793239519,0.105919992809028,0.250261087708717,-5.3443463757352,"CRK",0.124276255019192,0.975022057388888,""
"RDX",-0.0983903107566411,13.0137802059335,-3.08906025945125,0.00265934446121522,0.0194927908589331,-2.14609592898127,"RDX",0.00967985502660373,2.57522540546046,"+"
"OSBP",-0.0984093658999861,12.3507358224469,-1.77425517127402,0.0793484223454787,0.20681577993031,-5.11724904313643,"OSBP",0.102701905613579,1.1004617037354,""
"ENO1",-0.098441802651509,17.6050915315385,-2.96155539605165,0.00389941182689088,0.0253451902956385,-2.49425616585593,"ENO1",0.0125860770506873,2.40900089543493,"+"
"GATM",-0.0986430351371119,11.1205477481682,-0.87546015504647,0.384429753483418,0.574140528131046,-6.12193590360086,"GATM",0.285110383496436,0.415183006868207,""
"ATP5MJ",-0.0986500770909426,13.3037488526955,-0.887285936438678,0.377252121015353,0.566669066472747,-6.26609198862266,"ATP5MJ",0.281400157176739,0.423368309822288,""
"SMAD2",-0.0986861342602374,10.67460722757,-1.05460841646194,0.295014163870825,0.484441652499223,-6.00477169717786,"SMAD2",0.240567140897211,0.530157132688701,""
"PCYT2",-0.0990248935780977,13.8555197158609,-2.35153828944757,0.0208426630304983,0.0826211234376324,-3.98732860420826,"PCYT2",0.0410285270487526,1.68104679278312,"+"
"PRDX6",-0.0990301759538035,18.2446605769038,-2.41844585581636,0.0175678413209587,0.0748134223266977,-3.83807029633478,"PRDX6",0.0371513287864902,1.75528159991575,"+"
"NUDC",-0.0990487239221549,12.4318111802439,-2.21474263628319,0.0292617032078785,0.1044384077133,-4.2809131951332,"NUDC",0.0518626939154166,1.53370039891285,""
"CYFIP1",-0.0991410802659001,12.3086628683348,-1.21516896376081,0.227534793989235,0.40936266137674,-5.91354734282713,"CYFIP1",0.203283934255908,0.642952182821746,""
"ATP6V1F",-0.0992388225782994,10.20491573172,-1.03230287812643,0.30546025170184,0.496567828347971,-5.99487989859085,"ATP6V1F",0.246588835024668,0.515045294716532,""
"RANBP2",-0.0993126188257918,11.8422310114703,-2.01938544565907,0.0468185710272272,0.144329738147609,-4.61614645406566,"RANBP2",0.0716721864717635,1.32958184575389,""
"SNX12",-0.0993614359714643,10.8529178450217,-1.24395786473615,0.217696315132746,0.400203745458915,-5.77214528974298,"SNX12",0.198735741084033,0.662148922043237,""
"PRXL2A",-0.0996947517030442,13.2891805410752,-1.40518457143249,0.163391086511803,0.337387808146147,-5.67995315442692,"PRXL2A",0.167542200305383,0.786771639262148,""
"CUTA",-0.0998117544864501,14.1408626976467,-2.52056302221957,0.0134494475990585,0.0618671973520514,-3.60320591782936,"CUTA",0.0307224094078706,1.8712955528071,"+"
"HNRNPAB",-0.100120076715831,13.553005259719,-2.10691193601066,0.0378625573454893,0.12574054386115,-4.50120004171675,"HNRNPAB",0.0624410452228521,1.42179005588924,""
"CFB",-0.100617088164871,11.917187066761,-1.4122513238549,0.161269274938413,0.335168775905361,-5.6749302220247,"CFB",0.166440259052044,0.792448366620631,""
"TMOD4",-0.100672538390697,16.7865291047178,-3.46357493059232,0.000812917286194437,0.00811784300429706,-1.05634508431061,"TMOD4",0.00403121051156786,3.08995364133926,"+"
"CKM",-0.101369394536778,20.7253454999473,-3.09994964624579,0.00257253642511448,0.0190022922535518,-2.11581030581168,"CKM",0.00943628008522145,2.58963846724999,"+"
"HGH1",-0.101955922650427,12.1482649394387,-1.30157228520718,0.196367376778129,0.37669939882605,-5.81659126719622,"HGH1",0.18706380197856,0.706930661467974,""
"SPARCL1",-0.10199688131847,11.5146373129065,-1.42090414201814,0.159256768136058,0.333647585875688,-5.59659658608478,"SPARCL1",0.16568485675682,0.797902101839188,""
"SNRPD3",-0.102259538690988,11.5298269992754,-1.81382968312067,0.0729829853971699,0.194867801448225,-5.04907804185487,"SNRPD3",0.0967687018766414,1.13677837562471,""
"UBE2I",-0.102847796415719,12.6538857982893,-2.30427514014642,0.0234712960161173,0.0900518532559466,-4.0905315028463,"UBE2I",0.0447185264902733,1.62946292927195,"+"
"TPR",-0.10299832683896,10.9306443999456,-1.71834109163326,0.0891550892027027,0.22532494325833,-5.20666978035175,"TPR",0.111893304576178,1.04985386113061,""
"RPS6KA6",-0.103077906146369,16.5522462276085,-0.952487974832937,0.343632994214286,0.535071920213311,-6.15632634194174,"RPS6KA6",0.265709443760729,0.46390514368462,""
"MPP1",-0.103115635950121,11.8392961493422,-1.73379410124963,0.086361251484502,0.220598348266116,-5.18100323600641,"MPP1",0.109546141739148,1.06368107281216,""
"MAT2A",-0.10323058380841,12.5074213428085,-2.10692796408151,0.0378611315298793,0.12574054386115,-4.50116803610619,"MAT2A",0.0624410452228521,1.42180641071455,""
"FN3KRP",-0.10344114189137,12.3280816564752,-1.32420869480451,0.188733271232012,0.368253738089213,-5.79229031694474,"FN3KRP",0.182869801636172,0.724151532592022,""
"GSTP1",-0.103518958194019,16.9032221421222,-2.73957426688505,0.00739612152599183,0.0394001566793543,-3.07132848718354,"GSTP1",0.0195655823448617,2.13099596154287,"+"
"NOL6",-0.103589935451476,10.9208291638003,-0.899000596013872,0.371849752606127,0.561201364386077,-6.09993901555119,"NOL6",0.27868497062851,0.429632503115127,""
"MAGT1",-0.103690946531,12.3349931634141,-1.30408714430754,0.195921994210435,0.376348817296988,-5.76096371869226,"MAGT1",0.186889707955756,0.707916807353637,""
"NUDCD3",-0.103891076835933,10.3625992693704,-1.1707532627396,0.245381549421673,0.429080854571394,-5.88877631824356,"NUDCD3",0.213075721019133,0.610158095584571,""
"DHTKD1",-0.104225994166419,12.6572793678173,-1.21763708827246,0.22649385819929,0.408222088441014,-5.92461508100172,"DHTKD1",0.202717541236817,0.644943570191203,""
"SUN2",-0.104280137021476,13.9728484096369,-2.56842299937661,0.0118362040743958,0.0566319881088788,-3.49022855333716,"SUN2",0.0281226756460618,1.92678755554081,"+"
"PCYT1A",-0.104935482647417,12.2685902567657,-2.59368665674788,0.0110569207597058,0.0535289440833052,-3.42985200852508,"PCYT1A",0.026581746154431,1.95636580280192,"+"
"RIC8A",-0.105186191300929,11.5648321118816,-1.58322561944266,0.116821752563538,0.270226911095318,-5.42646900907027,"RIC8A",0.134191011570356,0.932476282748231,""
"BUB3",-0.105348488931916,11.239423271134,-1.48194359795386,0.142033048747963,0.312647248626468,-5.54857875714175,"BUB3",0.15525637468089,0.847610590695082,""
"GCLM",-0.105411686609759,12.8525030946924,-2.23873862432319,0.0275985221927261,0.101018345599429,-4.23054927937122,"GCLM",0.0501643375495256,1.55911417230896,""
"SART3",-0.106057071142657,15.5998520779239,-0.863841484377966,0.389934616555562,0.579042803651938,-6.28633446852603,"SART3",0.287544786896447,0.409008208485446,""
"UBQLN2",-0.106066629947882,10.7686344736713,-1.58542842781159,0.116320407895465,0.269502254671304,-5.42309231990919,"UBQLN2",0.133831157038528,0.93434408356173,""
"YME1L1",-0.106290855733328,10.6255654035226,-1.06374271165992,0.291894738663676,0.482173095683052,-5.87128960186027,"YME1L1",0.239440606412792,0.534773733000769,""
"HS1BP3",-0.106327817843703,10.4301558004321,-1.61065167761931,0.111171710210717,0.260693900997642,-5.33073330526148,"HS1BP3",0.129457048312839,0.954005713315697,""
"IDH1",-0.106460679309124,15.1704123637313,-3.13753337667448,0.00229274951286356,0.0178560328909428,-2.01062341823216,"IDH1",0.00886706326382118,2.63964339015598,"+"
"TMEM14C",-0.106592229758225,11.6067796892691,-1.24476052837204,0.216434728677343,0.398613640329514,-5.8872364358726,"TMEM14C",0.197946116486865,0.6646730519628,""
"VPS37A",-0.106749091296961,10.2939435288596,-1.17768065275856,0.242438877347371,0.425736383368402,-5.91036599947629,"VPS37A",0.211414902072278,0.615397735728563,""
"SEL1L3",-0.107110469463164,16.9276372477864,-1.25099501977543,0.214161876292138,0.396574659556113,-5.87963244354455,"SEL1L3",0.196933586345266,0.669257836910065,""
"NCK1",-0.107153841347284,10.9556364031329,-1.61892671073585,0.109281405288735,0.256721727506159,-5.3265498371658,"NCK1",0.127484520940215,0.961453728878329,""
"PFDN1",-0.10716757578479,12.4722929819979,-3.13462178854023,0.00231336842761965,0.0179396837516456,-2.01880857423653,"PFDN1",0.00890860314440127,2.63575519587607,"+"
"CD99L2",-0.107182191439415,10.4573676565988,-1.26525104784802,0.209103779408149,0.3909272222986,-5.85285489389873,"CD99L2",0.194129145753861,0.679638117534933,""
"HSCB",-0.107225010520905,10.2605904482828,-0.878475449267761,0.383281735021579,0.572962346745237,-5.91040218407895,"HSCB",0.284525314632146,0.4164818762018,""
"DHRS7C",-0.10731707537285,13.4719296193286,-1.71611062127557,0.0895269895635221,0.226065508448506,-5.21486178447117,"DHRS7C",0.112261059185076,1.04804601885716,""
"TXNRD1",-0.10746380015385,12.9458704621717,-3.56128808342388,0.000588152020099695,0.00628971525972285,-0.756239965845557,"TXNRD1",0.00312338711851685,3.23051040698953,"+"
"PRPF40A",-0.107585054776941,10.9717835903531,-1.48293964140208,0.143461052158927,0.314101891128713,-5.36390997688257,"PRPF40A",0.155978730378397,0.843265988326035,""
"METTL26",-0.107856454131841,11.9567658261381,-2.15041963164038,0.0341592639807979,0.11668706861617,-4.41351119170369,"METTL26",0.0579452124561354,1.46649149549245,""
"EGLN1",-0.107859364840816,10.5191072733348,-0.845646672214618,0.401905522701656,0.59021232685015,-5.98116751200763,"EGLN1",0.293091420318897,0.39587602599912,""
"QDPR",-0.107965669667343,14.4773885425998,-2.37132299159395,0.0198220801832695,0.080353722496818,-3.94357698558058,"QDPR",0.0399025665563273,1.70285077140925,"+"
"OXR1",-0.108123961691658,10.1607534037833,-1.63417038973637,0.107690135712049,0.25366174439172,-5.14030323807078,"OXR1",0.125964974911841,0.967824075736595,""
"RPS27",-0.108180189366814,11.9730893891212,-1.9528949663294,0.0538890344158073,0.158731729327548,-4.79849299554286,"RPS27",0.0788240195635519,1.26849959802661,""
"SUGP2",-0.108399414332886,13.1166732224101,-1.14845329027772,0.254023464975571,0.44123106098181,-5.96952374446158,"SUGP2",0.219109348396931,0.595126164329986,""
"TNS1",-0.10840868175418,13.212984530259,-3.70256405478127,0.000364648110016165,0.00440962651184105,-0.311315690829419,"TNS1",0.00218976059739175,3.43812603305855,"+"
"HLA-DRA",-0.108708104629421,12.8539845946841,-1.60346916986463,0.112278841516512,0.261831700395706,-5.39527066188509,"HLA-DRA",0.13002206403082,0.949702077027818,""
"HINT1",-0.109191800174161,15.8837596809857,-2.8145680388724,0.00598031926058395,0.0348365752049463,-2.88057271173218,"HINT1",0.0172993698053618,2.22327563049172,"+"
"LRRC20",-0.109399087295881,14.8088364396068,-2.32256903811986,0.0224210039813827,0.0873083938648499,-4.05080563206559,"LRRC20",0.043356161841241,1.6493449442026,"+"
"HMOX1",-0.109460036365265,10.631072827905,-1.05908729347853,0.293991371645513,0.483685000652148,-5.89015355411045,"HMOX1",0.240191397873121,0.531665415512094,""
"TALDO1",-0.109673981087393,15.5630153123227,-3.1807324023617,0.00200625465894954,0.0161062348810907,-1.88846669473694,"TALDO1",0.00799813735250428,2.69761394172583,"+"
"NEK7",-0.109894299950708,12.4513077339536,-2.7680430588513,0.00682609546245337,0.0379139333244018,-2.99942553027717,"NEK7",0.0188275440250949,2.16582764243786,"+"
"CACNG1",-0.110398299030472,14.3127402481143,-1.624625605189,0.107683524033024,0.25366174439172,-5.36226553294395,"CACNG1",0.125964974911841,0.967850740238849,""
"HLA-C",-0.110432933818984,11.1462093521638,-0.665377112463592,0.508339477808486,0.686246322844616,-6.23903521783601,"HLA-C",0.340780597593677,0.293846161537464,""
"NAPRT",-0.110548313648626,12.2570237501916,-1.33044254241727,0.186716503391154,0.364790213523603,-5.77952837147487,"NAPRT",0.181149862407418,0.72881729418295,""
"RPL18A",-0.110838790844953,11.9520442699697,-1.38112409624778,0.170605788448192,0.346531672354726,-5.71725005003772,"RPL18A",0.172082919003005,0.768006237831676,""
"POLR2B",-0.110929644014743,10.9634292215225,-1.24115146611533,0.21926569366093,0.40112070078793,-5.72132273503664,"POLR2B",0.199191088638673,0.659029312778681,""
"SDCBP",-0.111063347973221,10.2312312991302,-1.39052969215831,0.168155106845121,0.342979162986476,-5.65483594403118,"SDCBP",0.170318791130595,0.774289938691437,""
"C4BPA",-0.111445152642841,11.9289559935624,-1.3705982148748,0.173854435894394,0.350892122023473,-5.73135628707101,"C4BPA",0.174248259048447,0.759814223819491,""
"MYH15",-0.11156611473721,14.1103699027265,-1.77367803237738,0.0794445453926764,0.20681577993031,-5.1182328573867,"MYH15",0.102701905613579,1.09993591579057,""
"TNNI1",-0.111718552615653,17.196575031849,-0.959353161111894,0.33990995208415,0.53259205419017,-6.20053646462821,"TNNI1",0.264477975995896,0.468636119700682,""
"ADSL",-0.11183686972421,15.0115318511161,-3.59191019124507,0.00053079305414511,0.00582855514628308,-0.660896343022217,"ADSL",0.00289438127351218,3.27507476886372,"+"
"A2M",-0.112070792058084,13.7664833832502,-1.44641455138456,0.151479132011014,0.324468753620005,-5.62744478617469,"A2M",0.161126773402234,0.819647192090338,""
"ALDH6A1",-0.112139288904866,12.9201893722012,-1.64636351416252,0.103120822553652,0.246694000694771,-5.32792852031626,"ALDH6A1",0.122504888086044,0.986653631447058,""
"VDAC3",-0.112219966359214,17.2421413171961,-1.9811592038038,0.0505767089567421,0.152004519115046,-4.74548078905896,"VDAC3",0.0754833783971965,1.29604943375847,""
"JAGN1",-0.112419412863122,11.553808818575,-1.46187761250356,0.147529635876593,0.319591788678999,-5.56670995730112,"JAGN1",0.158704938892214,0.831120729483473,""
"PPP1R2",-0.112496348562298,13.2223650452609,-2.78394409549121,0.00652546043293262,0.0368309970739127,-2.95899202322603,"PPP1R2",0.0182897726005898,2.18538883932652,"+"
"IGHV3-9",-0.112496671867505,11.3969007819357,-1.24042654620109,0.218025096996534,0.400294636766217,-5.89250082484596,"IGHV3-9",0.198780876471994,0.661493511625855,""
"ALDH9A1",-0.112664209427285,15.3174417712759,-3.1446267235754,0.00224323076227753,0.0175658452587087,-1.99065685247608,"ALDH9A1",0.00872296002940658,2.64912604802702,"+"
"CPNE1",-0.112667931127272,12.8553149054117,-1.64644410680633,0.103142093857361,0.246694000694771,-5.32325219656731,"CPNE1",0.122504888086044,0.986564056355059,""
"PTPN23",-0.112850393917351,11.5953547920374,-1.80631494669944,0.074562035250451,0.197499808713302,-5.01297347807072,"PTPN23",0.0980757209145664,1.12748224596018,""
"SNX1",-0.113298079666804,9.77618119819696,-1.28909702365818,0.201104170672895,0.382712186685603,-5.77361646257274,"SNX1",0.190049670713694,0.69657892253383,""
"TMX2",-0.113308941299766,11.2735775430278,-1.41733406443324,0.161603548820524,0.335620123854799,-5.47805815008732,"TMX2",0.166664392309756,0.791549106332175,""
"SRGAP3",-0.11352924200039,10.0014304486953,-1.37633846635235,0.172442617043008,0.349272466745767,-5.67742038822716,"SRGAP3",0.173443960249228,0.763355394779454,""
"SNRNP200",-0.113601360065599,11.556468429361,-2.56428360796244,0.012086422233251,0.0571611982186428,-3.47867869582493,"SNRNP200",0.0283854741944175,1.91770223795717,"+"
"TMEM143",-0.113815312610828,13.442928176055,-2.27173296440268,0.025447227199048,0.0950870314895326,-4.16050746078588,"TMEM143",0.0472189275712139,1.59435953268902,"+"
"ADD1",-0.113927364714913,10.9756038369566,-1.85471050466596,0.0680079630836923,0.185017630374802,-4.84984106109787,"ADD1",0.0918772407888987,1.16744023257567,""
"INPP4B",-0.113989514695588,11.2275296406114,-1.56721003478062,0.122371900976438,0.279011828320183,-5.21484780562609,"INPP4B",0.138553482074082,0.912318293398198,""
"RYR1",-0.114388562807531,15.2406297868939,-2.86466691114754,0.0051777397909975,0.0311752147920144,-2.75073710870518,"RYR1",0.0154811879834866,2.28585977896362,"+"
"CFH",-0.114454714196311,12.983156751173,-2.0842509999549,0.0399254103932489,0.129734950325455,-4.54622964918589,"CFH",0.0644246131876253,1.39875061105404,""
"ACTBL2",-0.11460588505396,16.3638124632383,-2.59764372895333,0.010939147800058,0.0531383010084172,-3.42034907558855,"ACTBL2",0.0263877581124196,1.96101650982601,"+"
"MCM2",-0.11463328547429,14.2450743686194,-1.4687681953405,0.145326558170537,0.316493856927628,-5.59578791293128,"MCM2",0.157166548086475,0.837655011903395,""
"NPEPPS",-0.114686285051075,16.302945331838,-4.09496378488398,9.10301778182911e-05,0.00159080786358062,0.989484927314686,"NPEPPS",0.000789973565410966,4.04081460891742,"+"
"MKNK1",-0.114981967673992,10.1765056842618,-0.959401017115587,0.340591356396954,0.53259205419017,-6.0842995990715,"MKNK1",0.264477975995896,0.467766377855331,""
"GLRX",-0.115178661732676,12.5881774363485,-1.97195996059954,0.0516352227974187,0.154474476552612,-4.7628115229872,"GLRX",0.0767099256930941,1.28705394473039,""
"GABARAP",-0.115205855852911,10.648972192888,-1.11085168945324,0.270254584904769,0.460118475237121,-5.94565969437427,"GABARAP",0.228488581629459,0.568226929448841,""
"GAPVD1",-0.115729254200785,9.85122936662474,-0.809478498411182,0.421895914684068,0.608858671639522,-6.07957072190061,"GAPVD1",0.302350941730859,0.37479467997189,""
"LSM14A",-0.116157451664353,10.3053189874165,-0.988419823091446,0.326822062876595,0.520545967833189,-5.97947615382599,"LSM14A",0.258496053221606,0.485688633100049,""
"SRCIN1",-0.116429950983726,11.600956787676,-0.851742919975939,0.397954694336952,0.586998535239169,-6.04801430573523,"SRCIN1",0.291495495081452,0.4001663679249,""
"MT-ND5",-0.117600464024529,10.6987699741267,-1.15346668935799,0.252011234219122,0.438267109995148,-5.95797837386182,"MT-ND5",0.2176374906181,0.598580098700107,""
"CIRBP",-0.117723682358808,14.8884124830115,-2.36681418780931,0.0200506807631603,0.0809369733341092,-3.95357616425055,"CIRBP",0.0401922009955404,1.69787087757422,"+"
"SRPRA",-0.117755743292777,9.98244125828426,-1.41754786321631,0.15983530126589,0.333883362556882,-5.65233132788005,"SRPRA",0.165801940252412,0.796327296036825,""
"MRPL49",-0.117763279863257,10.3468516141651,-1.26976619860296,0.207614304091349,0.389412693406941,-5.83198507662582,"MRPL49",0.193377051289248,0.682742728020426,""
"H2AZ1",-0.11776710326718,11.9014370118711,-1.77194238420741,0.0797710236403071,0.207150370143325,-5.11672277415537,"H2AZ1",0.102868058566163,1.09815483494533,""
"CAMKV",-0.11821415349645,9.58937728398627,-0.531766524387062,0.59722086073587,0.756055817559878,-6.18360575072368,"CAMKV",0.37544704393348,0.223865030913106,""
"SURF4",-0.118488887958189,11.6180513247674,-1.91784265210492,0.0584705609667769,0.168870059453694,-4.83655798820034,"SURF4",0.0838585765206931,1.23306273951987,""
"PPP1R1A",-0.118918298554307,13.1164669392132,-2.09749130720581,0.0387393858494147,0.127446778064607,-4.51580174638855,"PPP1R1A",0.0632883379399611,1.41184726860205,""
"NGRN",-0.119042810940896,12.451949531483,-0.633583149502787,0.528495015083992,0.699238225393613,-6.24283046233842,"NGRN",0.347232199834945,0.276959104726896,""
"ACOT1",-0.119228727235843,10.086132921007,-0.888688182647307,0.376819600940178,0.566316191030178,-6.20566748249527,"ACOT1",0.281224924027662,0.423866514693499,""
"ITIH1",-0.119278514758005,11.8256447531758,-1.41823117033409,0.159676389422705,0.333883362556882,-5.64797332000717,"ITIH1",0.165801940252412,0.796759296143904,""
"HRAS",-0.119478082435926,10.9622426776635,-1.19003243017076,0.239494196189795,0.422654166428543,-5.6766603917844,"HRAS",0.209884315028365,0.620705006647275,""
"BTF3L4",-0.119605594211317,11.9251031585506,-1.55083168633846,0.124771410145718,0.283355674704936,-5.42707546413078,"BTF3L4",0.140710577154338,0.903884916563689,""
"PDE12",-0.119731146002918,12.0613665520805,-2.4206762093861,0.0175121270551004,0.0746871371129729,-3.82566438734199,"PDE12",0.0370886172656153,1.75666110050769,"+"
"CDC5L",-0.11976318295619,13.1679028388206,-1.18835607280075,0.237769523418654,0.420634910112674,-5.95909297945074,"CDC5L",0.208881579784314,0.623843812708634,""
"CAVIN4",-0.119885659106776,12.7768168053674,-2.13779000087374,0.0352004189452871,0.119389823310287,-4.43913277361581,"CAVIN4",0.059287363705839,1.45345216764279,""
"ENG",-0.119891427887489,12.1136908628403,-0.478977636629079,0.634108518634527,0.780574114866481,-5.82532928286998,"ENG",0.387622497163581,0.19783641244761,""
"PTPA",-0.120344045525937,13.4773726804978,-2.99317214100142,0.00354993290159102,0.0241092599430329,-2.40904182374354,"PTPA",0.0119723308343153,2.44977985560523,"+"
"XPO1",-0.120506668253982,11.847853589237,-2.87762197957504,0.00498695233687151,0.0304097987180292,-2.71685235421408,"XPO1",0.0151010927634215,2.30216478256018,"+"
"CACNA2D1",-0.120681197924807,14.7997587806336,-3.81485788915214,0.000247306486438049,0.00335914876839549,0.0513774535353155,"CACNA2D1",0.00166810762636185,3.60676449266697,"+"
"CFHR1",-0.121414098807989,10.6007198319982,-1.1926413149144,0.236514891397908,0.419203264530863,-5.89763125059005,"CFHR1",0.208170644044958,0.626141510112892,""
"WDR43",-0.121516247951036,12.9221837928863,-1.47027049522636,0.145293667448408,0.316493856927628,-5.55061949773018,"WDR43",0.157166548086475,0.837753313796573,""
"PGM2L1",-0.121972936376994,12.0598830956293,-3.02524631831587,0.00322518326664886,0.0222882825585429,-2.32183862202965,"PGM2L1",0.0110680582129061,2.49144560213478,"+"
"WDR44",-0.122190902701748,10.1213894424643,-1.53185620992626,0.129385260145401,0.291221300006781,-5.45782829320402,"WDR44",0.144616539782596,0.888115196635909,""
"ESD",-0.122386244703542,16.3843972037649,-3.43996144984103,0.000878281336570861,0.00862039147469893,-1.12791422333907,"ESD",0.00428076925215745,3.0563663458832,"+"
"IMPDH2",-0.122469796313453,14.3204280045365,-3.6344091434838,0.000459910846888832,0.00520989915882764,-0.527563498566558,"IMPDH2",0.00258716511789614,3.33732634757227,"+"
"PRPS1",-0.122800289205553,13.3587054898185,-2.10989462521701,0.0375980232785867,0.125297598507476,-4.49524026883888,"PRPS1",0.0622210845800023,1.42483498756619,""
"PGK2",-0.122912445589557,15.409707585348,-2.07727526088341,0.0406427331937708,0.131025954255734,-4.55169744215127,"PGK2",0.0650657081942003,1.3910170937591,""
"ITIH2",-0.12303308303045,12.3237406551054,-1.60490317412802,0.112000527424362,0.261549328041827,-5.38847471445042,"ITIH2",0.129881841757424,0.950779932178472,""
"ASPN",-0.123078203997109,12.2812330657621,-0.879559919241041,0.381402740844787,0.571107761369466,-6.27282167214046,"ASPN",0.283604352739012,0.418616190342217,""
"TPT1",-0.123271925185344,15.8134590857633,-3.22832634239256,0.00172945839169089,0.0142431831913393,-1.7523429437839,"TPT1",0.00707297120290707,2.76208988203148,"+"
"IKBKB",-0.12330974942243,11.6046650497451,-0.699132899734458,0.487106146717086,0.668924876133766,-6.17278509130842,"IKBKB",0.332179002561674,0.312376390098792,""
"NRBP1",-0.12395630124641,11.1459675584027,-3.03601475553453,0.00312247506526579,0.0219338567084602,-2.29239152307225,"NRBP1",0.0108920551525281,2.50550102102771,"+"
"MYOM2",-0.124262668834941,18.9385752440124,-4.06384808228346,0.000101934158297385,0.00171848998635475,0.882991941341632,"MYOM2",0.000853378772335254,3.99168025883742,"+"
"TXNDC9",-0.125001416773046,9.34960763870069,-1.3858492186253,0.16957493384074,0.344926728451072,-5.66066645380174,"TXNDC9",0.171285925672207,0.770638343701874,""
"OSTC",-0.125008279833265,10.0792757782182,-1.57361530265158,0.119549548953856,0.274322663972579,-5.3792822990504,"OSTC",0.136224906786469,0.922452058086232,""
"DHRS11",-0.125037936184758,12.1943879071827,-2.1687938594033,0.0326923479660061,0.11248051533082,-4.37599262736617,"DHRS11",0.055856295263182,1.48555388724889,""
"STT3B",-0.125223141386119,11.6893394176274,-1.78158495802277,0.0781726884662767,0.204418727321486,-5.10026841943851,"STT3B",0.101511561864833,1.10694495180147,""
"C11orf54",-0.125314460134845,13.8356469905364,-2.89454305189913,0.00474748797072113,0.0294284354997267,-2.67240304021498,"C11orf54",0.0146137611262867,2.32353612701349,"+"
"MAPK12",-0.125439317660694,13.0402441321569,-3.41318153926554,0.000958394012226354,0.00931104148827367,-1.20862563128562,"MAPK12",0.00462373666271998,3.01845590829489,"+"
"ODR4",-0.125887064184742,9.70273098328684,-1.33899956211573,0.184206076698046,0.361846892266348,-5.73322719964846,"ODR4",0.179688249071845,0.734696047141887,""
"BROX",-0.125965349692302,11.1578763623311,-1.43776032017586,0.154806419218867,0.328648294430572,-5.50937585716634,"BROX",0.16320227656732,0.810211034780188,""
"AOC3",-0.126322143742226,14.5435157900215,-1.29907525210188,0.197183254997185,0.377758829426425,-5.82446110233692,"AOC3",0.187589900816669,0.705129968558587,""
"EIF2A",-0.126601587069765,10.7658416475865,-1.92508485683517,0.0577522270522886,0.167189780537232,-4.79710142973557,"EIF2A",0.0830241728463646,1.23843126376706,""
"DHPS",-0.126638587382195,9.83314852152555,-1.36718742934325,0.175735228987959,0.352759733276169,-5.63497927234639,"DHPS",0.175175689415036,0.755141168377052,""
"TPP1",-0.126639508592091,14.5972377013999,-2.29171204043786,0.0242174835088189,0.0919302089222184,-4.11765107488321,"TPP1",0.0456512923866241,1.61587098732899,"+"
"HNRNPH3",-0.126962049090545,13.2623997455444,-2.27458226570603,0.0252685560976628,0.094698692314596,-4.15441596492121,"HNRNPH3",0.0470260836146075,1.59741957393816,"+"
"MYH2",-0.1270267027557,18.3994891947638,-0.805997856519927,0.422334626384986,0.608858671639522,-6.33399573761219,"MYH2",0.302350941730859,0.374343310165335,""
"UBE2B",-0.127185524439594,13.6653257917913,-2.81141994866375,0.00603437110189364,0.0350091246518769,-2.88866727065305,"UBE2B",0.0173850555156993,2.21936798508765,"+"
"CCDC47",-0.127265968542903,10.7037905061255,-1.7343358621122,0.0869963381731564,0.221825182566073,-5.09437236738818,"CCDC47",0.110155370979393,1.06049902720507,""
"RPS6KB2",-0.127336631256174,8.88010576463663,-0.928001200663401,0.357096568050642,0.546708741470695,-6.01826154090554,"RPS6KB2",0.271488131048617,0.447214323662806,""
"PHYH",-0.12752060034084,10.1673434297674,-1.40845238494206,0.165251605311871,0.339506165465105,-5.40226502697659,"PHYH",0.16859414776075,0.781854312933391,""
"EPM2A",-0.128711043179852,14.1510206404538,-2.835814327772,0.0056269688070308,0.0331829065863174,-2.82574476393905,"EPM2A",0.0164781804432938,2.24972549234058,"+"
"SKP1",-0.128817193556921,13.1606825778384,-1.63579824104865,0.105318534047577,0.249663290802611,-5.34467104386846,"SKP1",0.123979397199892,0.977495194566718,""
"DPT",-0.128968618587771,11.6547598409001,-1.41115330729883,0.161916020615236,0.33578242770135,-5.63682149798132,"DPT",0.166744990194186,0.790710178296825,""
"LMNB2",-0.129268980752778,15.2892503682317,-4.2984514154864,4.28972160153376e-05,0.00090399574338204,1.69939279625405,"LMNB2",0.000448912000540695,4.36757089216048,"+"
"PSAP",-0.129476142513048,14.8860209943336,-2.48591889742985,0.0147376682278736,0.0657915220266132,-3.68383493939006,"PSAP",0.0326711757082936,1.83157122447394,"+"
"SPR",-0.129865572996726,13.2134529646543,-2.76180246289151,0.006947501632895,0.0381724705925834,-3.01524093198984,"SPR",0.0189559301188607,2.15817134247687,"+"
"ASB10",-0.13080956196004,9.66838249916949,-1.06094850502144,0.29348234536448,0.483489217344754,-5.75201870143084,"ASB10",0.240094174543433,0.532418018918574,""
"SERPING1",-0.131157292805611,12.8847846521944,-1.85953987802558,0.066165146421338,0.182335874657264,-4.96860006234233,"SERPING1",0.090545517345581,1.17937072208515,""
"BCKDHB",-0.131476172795494,11.5387455843829,-1.70006638267873,0.0927550274011486,0.230960824093564,-5.21183676004257,"BCKDHB",0.114692006405336,1.03266254194574,""
"PDXK",-0.132248586524994,11.6465336503795,-2.64039676676281,0.00973709018499605,0.0486175966379768,-3.31688457219684,"PDXK",0.0241428377600349,2.0115708075366,"+"
"HLA-DRB1",-0.132449967330444,12.8018084514165,-1.94359652984829,0.0550523136638356,0.161329172761301,-4.8114523092152,"HLA-DRB1",0.0801138746725763,1.2592244243703,""
"CBFB",-0.132721875479468,10.303179926036,-1.21201961779851,0.229670934198088,0.411398060882326,-5.8045995432657,"CBFB",0.204294685988581,0.638893963081432,""
"CYLD",-0.132836757472708,14.8029676244905,-2.96269875068922,0.00388623891789987,0.0253451902956385,-2.49118751048689,"CYLD",0.0125860770506873,2.41047050339244,"+"
"RRM2B",-0.132956288153199,10.8885613894721,-1.46903151733376,0.145453157952929,0.31652904380645,-5.57232112794151,"RRM2B",0.157184021412296,0.837276845289092,""
"APIP",-0.133528294862047,15.5588674766766,-2.27803835180997,0.0250794212038039,0.0946633544720455,-4.14307317999297,"APIP",0.0470085353222507,1.60068249060427,"+"
"SH3BGR",-0.134022961362296,16.8733135975843,-2.93494078865289,0.00421793693791874,0.0269234014790091,-2.56541170613968,"SH3BGR",0.0133697952758993,2.37489991765453,"+"
"MPST",-0.134091840962106,13.5696950518308,-2.6841328517578,0.00863243111580837,0.0442585824291713,-3.20954707260355,"MPST",0.0219782105444915,2.06386687850341,"+"
"APOH",-0.134195096403507,13.9971996671645,-1.85349058179968,0.0670356161614585,0.183324499922462,-4.97935713571211,"APOH",0.0910364552165101,1.17369439442461,""
"ACP1",-0.13487211987891,15.6689542997571,-3.37336605511504,0.0010903121889742,0.0100801120438711,-1.32772519573895,"ACP1",0.00500564664868802,2.96244913275995,"+"
"SLC44A2",-0.135001720531223,16.250348662492,-2.27496075389792,0.0252449054701185,0.094698692314596,-4.15360628643353,"SLC44A2",0.0470260836146075,1.59782625118687,"+"
"SENP8",-0.135031921656653,11.0461116696835,-2.29900539039999,0.0238601813123611,0.0912994387733338,-4.08996955058957,"SENP8",0.0453380605030781,1.62232626047042,"+"
"NIBAN1",-0.135299066460731,12.0137718209133,-1.79958613708562,0.0755396063303988,0.199168824050527,-5.02783169092524,"NIBAN1",0.098904531248522,1.12182528279921,""
"NONO",-0.135357213572497,11.2918025474954,-1.66621631672338,0.0991293063238073,0.240766603325451,-5.29165746562054,"NONO",0.119561423107873,1.00379793286936,""
"SIPA1",-0.135769047485366,9.83979862856667,-1.0434180803076,0.300651694633449,0.490699178143203,-5.95423073292613,"SIPA1",0.243674543090019,0.521936343896042,""
"HOMER3",-0.135829792088208,10.7190439255835,-0.933297459018342,0.354785425541642,0.543751352728527,-5.98719576578528,"HOMER3",0.270019531991219,0.450034229135826,""
"BABAM2",-0.135888927142633,11.1561971755317,-1.82471265993344,0.0714978911888786,0.192226037661657,-5.00766827781336,"BABAM2",0.0954568378827388,1.14570676740926,""
"TSSC4",-0.136014909951268,11.4744509382453,-1.761998886732,0.0816874345927347,0.211356985749775,-5.10615391053161,"TSSC4",0.104957006706928,1.08784474281556,""
"POLG",-0.136145305232438,13.0596844834841,-0.957928627119391,0.340623945514468,0.53259205419017,-6.20188088984569,"POLG",0.264477975995896,0.467724824843008,""
"RPL31",-0.136286935309171,11.03107893432,-1.5626464833037,0.121627275538552,0.277977489388748,-5.45320612009908,"RPL31",0.138039843417765,0.914969021382652,""
"NUDCD2",-0.136337459357583,12.1547233818365,-2.96739564301758,0.00384230043093594,0.0252255230721857,-2.47604208648875,"NUDCD2",0.0125266519338406,2.41540868049552,"+"
"C9",-0.136437492490196,11.8238112430604,-1.28549594019671,0.202261299154625,0.382880372111727,-5.78981276695989,"C9",0.190133189310608,0.694087207547907,""
"ACTC1",-0.136479427373922,13.743513526591,-0.915774236220896,0.362392415402791,0.553633615428784,-6.20350536097371,"ACTC1",0.274926929344711,0.440820900352799,""
"SERPINC1",-0.136887460772127,13.8832403209845,-2.8094851801591,0.00606781211073859,0.0351320192108622,-2.89363829680776,"SERPINC1",0.0174460832835108,2.21696787556704,"+"
"DNAJB2",-0.137999526211184,11.4640982225214,-2.37609064472514,0.0196800714902836,0.0803108497430537,-3.91527065665208,"DNAJB2",0.0398812765294639,1.70597332827362,"+"
"NUP155",-0.138753228525706,10.0740966300639,-1.88132474840541,0.0640589802843867,0.178940582353852,-4.82476374807393,"NUP155",0.0888594613309334,1.19341997888463,""
"C3",-0.139320135613159,14.2582852508002,-2.19930892064969,0.0303771749866289,0.107217959989752,-4.31304906613483,"C3",0.0532429818008011,1.51745261706855,""
"RPA2",-0.13934597360649,10.3158390615452,-1.53779330742068,0.128454314071627,0.289653866348768,-5.39717504796682,"RPA2",0.143838173530006,0.891251305597398,""
"BCAP29",-0.139693775498029,9.16823242646764,-1.45656413990177,0.149226725281341,0.321325165031048,-5.54596243365276,"BCAP29",0.159565710031442,0.82615339132163,""
"CPOX",-0.139857529864756,10.2710767421508,-1.14540377135776,0.255972664247715,0.443273507996345,-5.88482047612195,"CPOX",0.220123599826769,0.591806411251653,""
"PLG",-0.14027180370773,12.4274148032482,-2.00254104507956,0.0481875882995759,0.146764748211036,-4.70491355428087,"PLG",0.0728813793766104,1.31706480879727,""
"ARHGAP10",-0.141034953512394,9.86744333222077,-1.65188487016323,0.103205201267631,0.246694000694771,-5.19120065434066,"ARHGAP10",0.122504888086044,0.98629841487054,""
"RPL23A",-0.142294950993934,11.4020923200033,-2.00720294976454,0.0476796779672619,0.145993543861295,-4.69601573906654,"RPL23A",0.0724984097774701,1.32166668652104,""
"NUDT2",-0.142827164590549,11.4898413981883,-2.29282105171005,0.0242027856537563,0.0919302089222184,-4.10750117869267,"NUDT2",0.0456512923866241,1.61613464540673,"+"
"BMS1",-0.142827185237006,11.0258426584258,-1.2151589102074,0.228479303500762,0.41041411715297,-5.79986893397824,"BMS1",0.203806072904727,0.641153133810769,""
"MB",-0.143585628634469,21.2260958727107,-3.53873443361164,0.000634096568210282,0.00660843914360243,-0.826069285261999,"MB",0.0032816610676808,3.19784459724889,"+"
"SIGLEC1",-0.143764657837463,15.2625251969107,-1.92572538082199,0.0602702285149955,0.171875099426843,-4.54094774080167,"SIGLEC1",0.0853508385317999,1.21989716189838,""
"SERPINA4",-0.143905174944195,12.7128316392237,-2.85011789433532,0.00541194588068137,0.0321131198634219,-2.78579779265561,"SERPINA4",0.0159469388954849,2.26664655498627,"+"
"CACNA1S",-0.14393485489838,14.016831005553,-3.75445920699185,0.000305022630845569,0.00392015632288521,-0.144681686442818,"CACNA1S",0.00194669635362977,3.51566793741801,"+"
"AGO2",-0.144712115769272,11.0356881495063,-1.9920971335682,0.0494792486864329,0.149289233481996,-4.70664643343773,"AGO2",0.074135004453519,1.30557690350156,""
"GLO1",-0.145053939216597,17.368375501211,-2.98444608865051,0.00364337609279569,0.0246091160579989,-2.43263464105867,"GLO1",0.0122205525877855,2.43849599576459,"+"
"A1BG",-0.145285670014328,12.334095075815,-2.05067196419258,0.0431600666699997,0.137900502872039,-4.61214103591514,"A1BG",0.0684795156095033,1.36491789312744,""
"PPIE",-0.145596946464342,11.0573929091273,-2.09104288701841,0.0393596430048851,0.128333033961321,-4.52450558987183,"PPIE",0.0637284405737368,1.40494884930857,""
"DBI",-0.145697710006393,17.814016698185,-2.9807497697448,0.00368363949367813,0.0246091160579989,-2.4426114426348,"DBI",0.0122205525877855,2.43372287944352,"+"
"FGA",-0.146129140021965,14.649030083064,-1.63451025048122,0.105589017234488,0.249891101068573,-5.34670514620643,"FGA",0.124092524681946,0.976381252280527,""
"FAF1",-0.146456832964836,11.5350398088322,-2.38072003963821,0.0197688740107675,0.080353722496818,-3.85452102831063,"FAF1",0.0399025665563273,1.70401806638873,"+"
"SQOR",-0.146958903410914,10.1252827882656,-1.49514090243086,0.139912679251033,0.308453645179585,-5.38374211746013,"SQOR",0.153173888201727,0.85414292682881,""
"FGB",-0.147200504500251,14.3126539173324,-1.8984405772286,0.0607908863877441,0.172672626746556,-4.89865120623091,"FGB",0.0857468797600901,1.21616152415134,""
"PEBP1",-0.147273604243107,17.6296705427083,-4.77408736376723,6.82556325318909e-06,0.000207157482353896,3.44407556785934,"PEBP1",0.000102871590393275,5.16586150433723,"+"
"GPD1",-0.147304000489271,17.326308641182,-3.24997151538754,0.00161576383130994,0.0135402898846032,-1.68990576401307,"GPD1",0.0067239239393513,2.79162211772875,"+"
"UBE2V2",-0.148051092204344,14.1942703514684,-4.0434035118081,0.000109769305980717,0.00176862140282287,0.813325156710514,"UBE2V2",0.00087827335244959,3.95951908162317,"+"
"NT5C2",-0.148783973623845,9.89075084293008,-1.43629806873842,0.154525773965674,0.328295676935227,-5.61592053617174,"NT5C2",0.163027171511328,0.810999072501194,""
"CP",-0.148894210533119,13.0500562391981,-2.37537189869948,0.0196187710325429,0.080210267873421,-3.93458341461147,"CP",0.0398313289399475,1.70732820136493,"+"
"NQO2",-0.149549545858523,14.3894781155032,-1.05618360056218,0.29366602333521,0.483489217344754,-6.10457250368177,"NQO2",0.240094174543433,0.5321462977115,""
"PCBD2",-0.149858093868424,16.2804948988134,-4.51835950805208,1.85832623481838e-05,0.000459134740430128,2.49178668415075,"PCBD2",0.000228000072293611,4.73087804193315,"+"
"SERPINA3",-0.150099252335516,14.9000340644614,-2.13510354810592,0.0354254007711196,0.119869183719042,-4.44456517022272,"SERPINA3",0.0595254075701486,1.45068522783558,""
"RBKS",-0.15038349775474,13.9315636466803,-1.53008011953141,0.12948620721223,0.291221300006781,-5.50197741547772,"RBKS",0.144616539782596,0.887776489888827,""
"EFHD1",-0.150446128599522,11.1252657410652,-1.36161696710478,0.177479913876795,0.353725614166129,-5.64668238425631,"EFHD1",0.175655332738326,0.750850790699465,""
"RPA1",-0.150498656444317,11.6438666460902,-3.4370800580685,0.000886588054727374,0.00867222308822066,-1.13662163854982,"RPA1",0.00430650812702232,3.05227812437994,"+"
"C19orf12",-0.150595761765231,11.2483665771172,-1.68172447122751,0.0979567752814657,0.238525163939406,-5.07004229479933,"C19orf12",0.118448354770719,1.00896552020429,""
"MT-ND2",-0.150678838004311,13.630288753675,-2.29596040543436,0.0239884707048772,0.0915430064865944,-4.1045754042582,"MT-ND2",0.0454590129193117,1.61999743796811,"+"
"SPTB",-0.150735508356296,14.7103435118897,-3.3892044146751,0.0010359124229788,0.00976620067189881,-1.2804774187374,"SPTB",0.00484976252753347,2.98467695870732,"+"
"PHPT1",-0.151256317391848,15.6779057255091,-4.36321959696507,3.36123762537347e-05,0.000741023618024643,1.93012083265282,"PHPT1",0.000367982257937207,4.47350078365058,"+"
"RAB1A",-0.151875949615957,10.3648034962383,-2.14931700685263,0.034504599313838,0.1177264067065,-4.37999554668079,"RAB1A",0.0584613336268197,1.46212301149228,""
"MYBPC1",-0.152457471704436,19.4804380304221,-4.54091652644244,1.7032617137849e-05,0.000435852506402458,2.57448454253134,"MYBPC1",0.000216438431289289,4.76871861561936,"+"
"NSUN2",-0.152939056224825,11.531021884125,-2.18849093768822,0.0312683179413959,0.109047480156773,-4.32202861455929,"NSUN2",0.0541514966519157,1.5048954807148,""
"TMEM109",-0.15297140581642,13.1143651872185,-3.0329939199498,0.00315961107227606,0.0220327137059445,-2.29832069881666,"TMEM109",0.0109411461939771,2.50036637293848,"+"
"CRBN",-0.152988783893409,10.30828993822,-1.50039059620261,0.139395670519344,0.307550417019584,-5.31536846513496,"CRBN",0.152725357372661,0.855750714751337,""
"LEMD2",-0.155653465108634,11.8925996312005,-1.41414080828528,0.161786840850419,0.335757484342724,-5.50754439803519,"LEMD2",0.166732603661282,0.791056805211136,""
"PLPBP",-0.155666597402528,13.0829023974287,-3.72223359851496,0.000340850185465606,0.00421067513596736,-0.24835696970796,"PLPBP",0.00209096404795265,3.46743646535434,"+"
"RBM3",-0.156651039308508,13.1372028114984,-2.01727652342079,0.0465977739938389,0.144066041279765,-4.67672452002357,"RBM3",0.0715412381909259,1.33163482934612,""
"RPS6",-0.156889091374642,12.794877420607,-2.24746999588551,0.0270142369027125,0.0991329103241663,-4.21210300105122,"RPS6",0.0492280560155644,1.56840729588795,"+"
"C12orf57",-0.157397628543019,9.39034341273426,-1.58668362359754,0.116458349872854,0.269603902048142,-5.37241799662052,"C12orf57",0.133881633744442,0.933829367810262,""
"ACSM5",-0.157427064578263,11.4556109170785,-1.22660378701475,0.224502697259407,0.406952936982753,-5.67816868517304,"ACSM5",0.202087297870863,0.648778436852909,""
"RPS6KA5",-0.157658852772576,13.3847826250765,-1.41968532982202,0.159253612062211,0.333647585875688,-5.64477719730912,"RPS6KA5",0.16568485675682,0.797910708563122,""
"RPIA",-0.157988621882958,12.5566654013022,-3.26034070593783,0.00156381087555091,0.0132421906430231,-1.65987836236819,"RPIA",0.00657589190725703,2.80581577088685,"+"
"BANF1",-0.158067179630275,15.0584116490672,-3.93091198697838,0.000164315408124809,0.0024071969969284,0.434381370567708,"BANF1",0.00119538131401355,3.7843217101509,"+"
"NMNAT1",-0.158230601484652,10.3354677712905,-1.37964103708985,0.174444891179583,0.35144920612235,-5.30479992127537,"NMNAT1",0.174524899440978,0.758341744845879,""
"EIF4EBP1",-0.15870419513334,11.6663550490321,-2.51295221146614,0.0137433061386751,0.0626205332169202,-3.61743311719167,"EIF4EBP1",0.0310965057602629,1.86190877928054,"+"
"EMC10",-0.158835900114758,9.54739416855402,-1.46734592160255,0.145952325900503,0.31706463631065,-5.56850177372491,"EMC10",0.157449989370989,0.835788979691348,""
"DGLUCY",-0.159249339370757,15.2589774953118,-1.38588729076579,0.16922610226032,0.344706474113772,-5.70128802759331,"DGLUCY",0.171176550361639,0.771532648428721,""
"RNF181",-0.159310555806036,11.1446665646575,-1.96232619885607,0.0529034323449456,0.156957802381588,-4.76263042237548,"RNF181",0.0779431115504848,1.27651615026892,""
"DBNL",-0.159413273620477,12.8011606506266,-1.16969670209365,0.24570931186618,0.429392004761264,-5.9073286030047,"DBNL",0.213230233974781,0.609578384360513,""
"PRPSAP2",-0.160390895515518,12.020771031462,-2.78955887719061,0.00642222925379216,0.0366248971494966,-2.94466809063098,"PRPSAP2",0.0181874261790958,2.19231419551822,"+"
"DCPS",-0.161141884039629,11.688858967489,-2.94962282836922,0.00403937152525444,0.0260739612418451,-2.52622390559184,"DCPS",0.0129479747983178,2.39368620032161,"+"
"AASS",-0.162183910629343,10.7985857005751,-1.764619889598,0.082087608374864,0.211757952837408,-4.97706548930954,"AASS",0.105156121513361,1.08572239733356,""
"SUOX",-0.16280508305158,12.2414745367284,-2.86350338932437,0.00519519882352756,0.0312147585497484,-2.75377414305286,"SUOX",0.0155008248761636,2.28439782706569,"+"
"AMBP",-0.163110455440783,11.7969030016496,-1.89789520955782,0.0608985596628077,0.17280719999367,-4.89527281816645,"AMBP",0.085813707005709,1.21539297892528,""
"ALAD",-0.163136241359796,12.9911180693034,-2.9713618525123,0.00378775605598636,0.0249556525435791,-2.46790495580574,"ALAD",0.0123926378969708,2.42161799876868,"+"
"APOA1",-0.163478258770651,16.3705260236824,-2.07438842255919,0.0408530567370686,0.131355947742926,-4.56568955932424,"APOA1",0.0652295784752114,1.38877544281882,""
"GCLC",-0.163649053450058,10.7006751265997,-2.282593560016,0.0253102576109492,0.094698692314596,-4.06165115799261,"GCLC",0.0470260836146075,1.59670343451601,"+"
"PREPL",-0.164820055980433,11.6853275635008,-2.12849847890132,0.0361406778147623,0.121571810583461,-4.43673982905338,"PREPL",0.0603709089317159,1.44200370654956,""
"DFFA",-0.165421035512749,10.72967767378,-2.20417713880595,0.0304807317336605,0.107319136546279,-4.23548514212652,"DFFA",0.0532932247037472,1.51597461134568,""
"PPTC7",-0.165668091598214,10.5160153790858,-1.50510474128702,0.138074554133346,0.305340796409082,-5.27108489734504,"PPTC7",0.151628089807014,0.859886350514135,""
"TTC1",-0.166144778374388,10.3234019825959,-2.30436088480149,0.0237174195850232,0.0908744980356639,-4.05352933824254,"TTC1",0.0451270407078466,1.62493256323974,"+"
"LZIC",-0.166368851083721,11.5594517586508,-2.52573401194435,0.013305589840248,0.0615061620679851,-3.58362471069971,"LZIC",0.0305431241924009,1.87596586829885,"+"
"COL4A2",-0.168438654336639,13.9061794230757,-1.4232323794921,0.158070810170514,0.332604541466739,-5.6597853217243,"COL4A2",0.16516689507868,0.801148320784338,""
"PPP1R12A",-0.168680412719151,11.0240115349378,-1.90050766196049,0.0614001089449238,0.173886079284735,-4.79631231080722,"PPP1R12A",0.0863494637992994,1.21183085827028,""
"IGHM",-0.168814982484389,12.8639878984856,-1.39651884232818,0.165937968177471,0.34065846823285,-5.69643260163008,"IGHM",0.169166365655009,0.780054231918028,""
"PFKFB2",-0.170019445096075,10.9417070438959,-1.12159340773528,0.267924043695883,0.458129384029345,-5.30433850099647,"PFKFB2",0.227500825968132,0.571988310744557,""
"STEAP4",-0.17015404327462,9.47053396459812,-1.22645553718898,0.225952442728551,0.407795781398002,-5.6192022566628,"STEAP4",0.202505842952922,0.645982959232996,""
"PTGR2",-0.170907562255918,13.430703944708,-4.62700891966796,1.21872132242419e-05,0.000342436795104678,2.89246177697889,"PTGR2",0.000170049458611465,4.91409559050117,"+"
"PFDN4",-0.171504053383051,11.6123626411008,-2.53181759442561,0.0130924397898866,0.0608151255069933,-3.56950754486868,"PFDN4",0.0301999648276444,1.88297941467529,"+"
"MYH8",-0.172065075993336,16.3285091500586,-2.86087189132771,0.00523488491889496,0.0313218792850792,-2.7606391118581,"MYH8",0.0155540195775201,2.28109286119397,"+"
"ABCB7",-0.172099673476903,11.4985976829623,-1.78611120666131,0.0777127776062364,0.203773852350845,-5.05757917873291,"ABCB7",0.101191325718492,1.10950756823062,""
"TTN",-0.172748701138838,17.3725084934993,-0.939618425102645,0.349888083565679,0.539425896275136,-6.21898707294618,"TTN",0.267871569100952,0.456070848399624,""
"VPS13A",-0.173560024719269,9.98652892450963,-1.86272138912473,0.0674430727718446,0.184026961405977,-4.78463574124043,"VPS13A",0.0913852880425231,1.1710626510545,""
"GMPPB",-0.173812004503962,12.7018569896142,-2.18905983174281,0.0311382851524606,0.108832103959698,-4.33427808400584,"GMPPB",0.0540445437594871,1.50670530857364,""
"PPCDC",-0.173846651351282,9.14308252825241,-1.55189234733274,0.125436812976456,0.284191230032034,-5.31408312579448,"PPCDC",0.141125502574281,0.901574988813989,""
"GATAD2B",-0.175051391981695,18.2739330463357,-4.15344639554952,7.34907657872748e-05,0.00135886796610535,1.19113919103354,"GATAD2B",0.000674795364470229,4.13376722716852,"+"
"CAPZA2",-0.17602911177379,16.8904022080519,-5.75590952587692,1.13830080903886e-07,7.5869072528032e-06,7.36454958754924,"CAPZA2",3.76755503298121e-06,6.94374295547817,"+"
"PNPO",-0.176391276250292,13.4579235347064,-3.7452627623016,0.000314863856542763,0.00399291952589186,-0.174334704584395,"PNPO",0.00198282957136514,3.50187718949026,"+"
"MGLL",-0.176544079413961,11.5199314817295,-2.96121596502457,0.0039033304349066,0.0253451902956385,-2.49516697912733,"MGLL",0.0125860770506873,2.40856468213352,"+"
"PRPF6",-0.176648656225103,13.0341291620941,-2.51386847531347,0.0139110122463586,0.0630977698790119,-3.57400561372733,"PRPF6",0.0313334950008421,1.85664126705949,"+"
"CPSF6",-0.177511047349776,11.4450647107798,-2.3507786701771,0.0214970306563557,0.0840525100424494,-3.89960184415358,"CPSF6",0.0417393341836531,1.66762152420618,"+"
"NMRK1",-0.177806840870746,10.902423313445,-2.35596990973215,0.0207358458018949,0.0826211234376324,-3.95778542812078,"NMRK1",0.0410285270487526,1.68327824534438,"+"
"NOP14",-0.177980731602637,12.0261111093677,-1.6708464112156,0.100097126373905,0.242500730505167,-5.09755745047086,"NOP14",0.120422567097916,0.999578390231669,""
"APOB",-0.179547957366704,14.3670375256738,-2.76000033856563,0.00698292566195719,0.0382299761788822,-3.01980241362274,"APOB",0.0189844866114954,2.15596258129761,"+"
"CNST",-0.179633827596557,10.7706660442516,-1.63559342017067,0.105438242535133,0.249740498434455,-5.33590258403502,"CNST",0.124017737460586,0.977001841593532,""
"UQCC3",-0.179791942414806,11.3919081412989,-1.41511491743764,0.160585305414932,0.334961779708294,-5.65156570516146,"UQCC3",0.166337467553732,0.794294197968837,""
"LAMB2",-0.179799215643815,13.8226381413853,-2.92110820805921,0.0043928016943381,0.0277307701673414,-2.60218459796359,"LAMB2",0.0137707235940983,2.35725840178786,"+"
"MYO18B",-0.180126574664152,10.4549341639724,-1.51530627201071,0.135373254344392,0.300061675909535,-5.28933261866679,"MYO18B",0.149006550312059,0.868467130613979,""
"CMBL",-0.180915534994607,17.9939222130721,-4.12693705452384,8.09960793900197e-05,0.00145084227207373,1.09949114555079,"CMBL",0.000720468554850681,4.09153600260887,"+"
"LRRC14B",-0.180969747783522,10.320683391113,-1.89647109218898,0.0613161145190793,0.17381996460107,-4.87068004169492,"LRRC14B",0.0863166321459133,1.21242537332822,""
"F12",-0.18098993652806,10.3061332740337,-2.23208494292249,0.0283212026568904,0.102875243111087,-4.20651363311904,"F12",0.0510864476179193,1.54788830832121,""
"DDRGK1",-0.181082591918686,10.3996382436436,-3.31308509252735,0.00132779960805482,0.0116020538923326,-1.50456926918408,"DDRGK1",0.00576142228690441,2.87686746388586,"+"
"CD63",-0.181097122296551,11.2219631636993,-2.38871077251805,0.0197545580593685,0.080353722496818,-3.78637367770828,"CD63",0.0399025665563273,1.70433268172662,"+"
"STOM",-0.181168743757594,13.3008252688125,-3.15679157792981,0.00216061979867274,0.0169653050493043,-1.95633078332214,"STOM",0.00842473992297081,2.66542164860288,"+"
"GSTM4",-0.1814307224874,11.4441002097801,-1.38912820780805,0.169500970194777,0.344926728451072,-5.55650883839213,"GSTM4",0.171285925672207,0.770827811625901,""
"COPS7B",-0.181910823650529,8.82360572445111,-1.57869280261508,0.119457486390885,0.274322663972579,-5.26217914483171,"COPS7B",0.136224906786469,0.922786627861618,""
"MYH13",-0.183007887367938,16.0308742293805,-2.27078514556152,0.0255069078524505,0.0951859347722958,-4.16253228574272,"MYH13",0.0472680415973034,1.59334218678469,"+"
"SPPL2A",-0.183318436649807,12.6381689931264,-3.01417656085429,0.00334296294307113,0.0229208894613441,-2.3496253514588,"SPPL2A",0.011382202203485,2.47586843755907,"+"
"VTN",-0.183952592221885,13.338698605918,-2.83843908585935,0.0055846705827436,0.0330013729693673,-2.81894741930014,"VTN",0.0163880333162226,2.25300243907765,"+"
"CPA3",-0.184470468239449,13.3428319736159,-1.68740598103381,0.0949327887977141,0.234145759633605,-5.26192799738688,"CPA3",0.116273602110116,1.02258376086608,""
"GOLPH3",-0.184792941780244,11.1674447169844,-3.20120842381516,0.0019681910917293,0.0159345640364299,-1.81010927701712,"GOLPH3",0.00791288794411337,2.70593273819396,"+"
"VTA1",-0.18553319015513,10.1157825578186,-2.18200214375788,0.0319548341860015,0.110473528078504,-4.31076830239549,"VTA1",0.0548596526693506,1.49546343166859,""
"RAPH1",-0.187276935091834,13.108555660853,-2.18176722655092,0.0317185465413266,0.110006424055593,-4.34525699927156,"RAPH1",0.0546276951596821,1.49868672184447,""
"MIA3",-0.18739109284256,10.2088332553437,-1.86428023790605,0.0663893436525081,0.182733961113747,-4.84312752598699,"MIA3",0.0907432016697342,1.1779016249139,""
"EPB42",-0.187519054257532,10.1101537492274,-1.11523811546313,0.268068031059739,0.458129384029345,-5.98532519812101,"EPB42",0.227500825968132,0.571754975506832,""
"RNF114",-0.187608141404453,11.6274691156197,-2.6733128532108,0.00894326330728818,0.0455264522889661,-3.2267161236525,"RNF114",0.0226078174860644,2.04850398257445,"+"
"ITIH5",-0.189493972030907,13.0520000471496,-2.74923232239281,0.00719804844743519,0.038997366446785,-3.04700571505557,"ITIH5",0.0193655621894299,2.14278523459573,"+"
"APOD",-0.189846359036909,12.8081116975286,-1.61208300331441,0.110427262145549,0.259201091981281,-5.37731413381798,"APOD",0.128715739643118,0.956923695286538,""
"CAT",-0.189860049857423,15.2606171635286,-2.61937142630447,0.0103124356506658,0.0510456659323111,-3.36794805400598,"CAT",0.0253485839732783,1.98663874842,"+"
"RPS24",-0.190004266049557,9.97035249691461,-2.27906884655985,0.0250973863151012,0.0946633544720455,-4.12903031893941,"RPS24",0.0470085353222507,1.60037150433701,"+"
"ANXA3",-0.190317278978942,14.0585340047718,-4.0494215026088,0.000107404925958793,0.00174899157839717,0.833806848635495,"ANXA3",0.000868525448416064,3.96897579994314,"+"
"ACTN3",-0.190351317280182,16.6586925693636,-0.835017571592547,0.405883571283567,0.593399940993977,-6.31049083589785,"ACTN3",0.294674346181915,0.391598527015524,""
"LRPAP1",-0.190391387219703,11.7708254388968,-3.80909489870649,0.00025383490768125,0.00340497797046859,0.0317723915387402,"LRPAP1",0.00169086578527624,3.59544865343568,"+"
"QRICH1",-0.190451404178682,9.95497530543737,-1.73965731826403,0.0881384658740595,0.223742110890217,-4.89309476699284,"QRICH1",0.111107291533427,1.05483451302997,""
"PRPSAP1",-0.191200457512108,11.708317960497,-3.21052588805262,0.00182851617148844,0.0149302773432646,-1.80344209671954,"PRPSAP1",0.00741417282089989,2.73790119438684,"+"
"DST",-0.191538185977521,11.0817372235583,-2.81004515812088,0.00669547353044593,0.0374789592544102,-2.78349854479045,"DST",0.018611541813389,2.17421870253737,"+"
"TCAP",-0.194699356096956,17.1289954741824,-4.7928499779663,6.33460468030308e-06,0.000195214806599448,3.51518575031735,"TCAP",9.69410199188157e-05,5.19828048267793,"+"
"ENPP4",-0.196458326708511,10.8863081335353,-1.72878856395548,0.0877303438302174,0.223415127146687,-5.13368163227807,"ENPP4",0.110944915850215,1.05685016856377,""
"GALE",-0.196711768189473,11.2186746110873,-2.08963410288973,0.0396586444986018,0.12916099446931,-4.50268051865121,"GALE",0.0641395945097273,1.40166213372219,""
"TRMT112",-0.197125199626027,11.0472819208381,-3.27644859795266,0.00150820487318353,0.0129416621752814,-1.60635295353554,"TRMT112",0.00642665355446502,2.82153966029008,"+"
"ITGA6",-0.197725620889262,10.7229823196949,-2.53258435442461,0.014077268132888,0.0634362428755612,-3.32866602626425,"ITGA6",0.0315015760909604,1.85148161720568,"+"
"TSN",-0.199842833495679,11.193492201566,-4.10392606576886,8.81031909074588e-05,0.00155866509346159,1.0202613622563,"TSN",0.0007740119026015,4.05500836209413,"+"
"BST2",-0.200927110638101,11.800165649873,-2.37182205789639,0.0197969197730146,0.080353722496818,-3.94246917368674,"BST2",0.0399025665563273,1.70340237689233,"+"
"ILF2",-0.201267255319859,11.0765281677933,-1.42419847646005,0.15840484403163,0.332604541466739,-5.58400790758752,"ILF2",0.16516689507868,0.800231541786674,""
"MDP1",-0.201472720695149,13.1593093096282,-1.8893220331788,0.0623631083000339,0.175745003331266,-4.87192097094571,"MDP1",0.0872725802173695,1.20507224685217,""
"GBF1",-0.201750166344469,11.9534856068329,-1.68112095832823,0.0968198639126688,0.23716729057582,-5.19883897549208,"GBF1",0.117774053312343,1.01403553212705,""
"CMA1",-0.201773513823243,11.6556902700923,-1.88008059076389,0.063315021337523,0.177381086171399,-4.92744846158873,"CMA1",0.0880850367208334,1.19849324243017,""
"MYL3",-0.202846646172176,19.0090870960779,-1.65744844480127,0.100855013318334,0.243693673577003,-5.31025344098369,"MYL3",0.121014966414871,0.996302508929907,""
"CACNB1",-0.20324096328951,14.9967925323427,-6.02366119036497,3.51892857536999e-08,3.00229202488115e-06,8.49461536040666,"CACNB1",1.49089741734236e-06,7.45358954806605,"+"
"DDI2",-0.203524172083176,11.1340224824738,-1.46001300710234,0.14849257609098,0.320708156048793,-5.51967978594064,"DDI2",0.159259311756225,0.828295258422975,""
"POTEI",-0.203966557543009,14.3923865442065,-2.55648076378505,0.0122402638431124,0.0576036061976357,-3.51510310177934,"POTEI",0.028605167984304,1.91220922072209,"+"
"GPD2",-0.204922685670169,12.8570216730947,-4.22810767802301,5.57745943802154e-05,0.00109486292803902,1.45138017693905,"GPD2",0.000543694050488607,4.25356357943184,"+"
"MTR",-0.205615416357905,10.8783585972037,-2.9034975231383,0.00465862870916311,0.0291520303066844,-2.64055824045912,"MTR",0.0144765020638665,2.33174190126829,"+"
"HHATL",-0.206897610393947,13.4248570013515,-4.3913529254885,3.02137220287647e-05,0.000693011684337568,2.03104002959418,"HHATL",0.000344140184167415,4.51979577068884,"+"
"STAT5B",-0.209309549332266,11.2153906414164,-3.33548599889166,0.00123150431770757,0.0109611533371114,-1.44002920385952,"STAT5B",0.00544315978124746,2.90956406116691,"+"
"DCN",-0.209608342110221,13.324000845741,-2.52175659896073,0.0134069250707134,0.0617753171264706,-3.60041077316504,"DCN",0.0306767829365321,1.8726708178197,"+"
"LSM3",-0.211089916620987,10.6680247734863,-1.51044377008535,0.135669908365811,0.300486829502638,-5.39139404883557,"LSM3",0.149217675808406,0.867516468330581,""
"CALCOCO2",-0.211590147440361,10.9529535854868,-2.73187186165465,0.00779628226462323,0.0409233424366487,-3.04544379047972,"CALCOCO2",0.0203219756912993,2.10811244562559,"+"
"HECTD3",-0.212144170320302,11.5651297337492,-2.50290391656994,0.0143685957386391,0.0644450632033486,-3.58948535325778,"HECTD3",0.0320025425555135,1.84258567395071,"+"
"HDHD3",-0.212807840170917,11.8852598706766,-1.73033392296999,0.0890329557300809,0.225214873011837,-4.94291470263374,"HDHD3",0.111838645187664,1.05044920860795,""
"TECR",-0.213164411798246,12.0742337498525,-3.09500463112193,0.00261162545932652,0.0192414359034185,-2.12957406998539,"TECR",0.00955503557169823,2.58308910634452,"+"
"ERLIN2",-0.214100416145403,11.4317057342543,-3.359375965942,0.00114058641123544,0.0104105753331235,-1.36931669393945,"ERLIN2",0.00516975022701742,2.94287180683527,"+"
"NUP43",-0.215202741207696,11.5045417871285,-3.55266219827387,0.00062357347681041,0.00658813765851715,-0.780593083522937,"NUP43",0.00327157962609184,3.20511236545217,"+"
"PSMF1",-0.215245708119656,13.2695392830506,-4.45257301611861,2.39265755028137e-05,0.000566723680917885,2.25208661870684,"PSMF1",0.000281427277967965,4.62111945544661,"+"
"GOLGA4",-0.215326564186552,13.4680829974665,-0.970885472439698,0.334748338726016,0.527426464424827,-6.07868556954866,"GOLGA4",0.261912814320624,0.475281569607707,""
"KYAT1",-0.216105717665303,13.1888707462651,-5.24518433929823,1.00178141652426e-06,4.41708544578235e-05,5.27706675864553,"KYAT1",2.19346460261744e-05,5.99922702892104,"+"
"BLVRB",-0.216791009728434,15.6708494805115,-5.29533334398945,8.12470577604672e-07,3.81727979576228e-05,5.47770442018,"BLVRB",1.89560926838902e-05,6.0901923573833,"+"
"BPGM",-0.216822943852132,13.0477615533485,-2.82615982976669,0.00578509173095404,0.0339454670436401,-2.85070181951586,"BPGM",0.0168568576029331,2.23768975029368,"+"
"H2AC20",-0.217360775853028,14.0772375057695,-2.25994643280244,0.0261981823084317,0.0970077396588698,-4.1856334376367,"H2AC20",0.0481727251450013,1.58172884000861,"+"
"H2BC20P",-0.217391377959316,12.3818594855217,-2.98518082968549,0.00366440597337537,0.0246091160579989,-2.4229892874424,"H2BC20P",0.0122205525877855,2.43599641758342,"+"
"CCDC43",-0.218097789623582,10.7389235241459,-1.7499977267811,0.0840279031684289,0.215598899266533,-5.08927897520238,"CCDC43",0.10706348331024,1.07557647370231,""
"PEBP4",-0.219972845965152,12.761528065641,-2.68734093329781,0.00857159510431721,0.0441044731938476,-3.19839206549557,"PEBP4",0.0219016819926289,2.06693835187588,"+"
"KCNJ11",-0.220429628571308,10.7264282395805,-2.96246882684771,0.00390878370923665,0.0253451902956385,-2.48682657804943,"KCNJ11",0.0125860770506873,2.40795836038992,"+"
"PIGK",-0.22230124417501,10.6308312228258,-3.54687119056666,0.000629146115376454,0.00660488192919017,-0.799418395994198,"PIGK",0.00327989460334748,3.20124848057638,"+"
"CLU",-0.222401535653224,13.1656297946908,-3.2320430048112,0.00170941872419654,0.0141187148805397,-1.74164540815417,"CLU",0.00701116193133248,2.76715154328626,"+"
"ITIH4",-0.222697693887813,12.959395237065,-3.09385962977625,0.00262075474129528,0.0192591874065443,-2.13275849444132,"ITIH4",0.00956385072690124,2.58157361983399,"+"
"TNNC1",-0.222832648127795,17.7622366004045,-1.95549818671064,0.0535764507866068,0.158136053506092,-4.79363964747528,"TNNC1",0.0785282150460627,1.27102605994853,""
"MFN1",-0.223222061065213,10.2688694247115,-2.94780625087373,0.00410293213256653,0.0263654786814701,-2.52090060050599,"MFN1",0.0130927383970102,2.38690566672688,"+"
"MPDU1",-0.226591645105565,10.5547130643023,-2.72113172377177,0.00821554487707101,0.042732761556598,-3.03932790905346,"MPDU1",0.0212205086356185,2.08536362769357,"+"
"CDC37L1",-0.227258429635858,11.7223994893542,-2.36425270085376,0.0205391840358967,0.0822141081660334,-3.90202673493006,"CDC37L1",0.0408264087963585,1.68741681369621,"+"
"AP4S1",-0.227831194702044,10.6776735405437,-2.83108636202832,0.00576868181722121,0.0339454670436401,-2.82275473500153,"AP4S1",0.0168568576029331,2.23892341473157,"+"
"MFAP4",-0.228271447618345,13.0440313121467,-2.44050030455306,0.0166153084354272,0.0716851432938823,-3.78436954488609,"MFAP4",0.0355978679332158,1.77949159235934,"+"
"HRG",-0.228655526375016,12.8418674089874,-2.66518712936697,0.00909617063370849,0.0460594081911811,-3.25622860951571,"HRG",0.0228724761440446,2.04114140137848,"+"
"DHX15",-0.229967787650281,9.95467279300359,-2.5775963147853,0.0119258573517573,0.0568737793235565,-3.40487529358112,"DHX15",0.0282427458772424,1.92351038966705,"+"
"GGT5",-0.230375736622219,11.0930318618986,-1.95612393491787,0.0568959126755578,0.16554688906411,-4.48436273368341,"GGT5",0.0822083352682906,1.2449189316051,""
"APOO",-0.230714510957984,10.5329697833527,-1.81681352365711,0.0728786133414792,0.194841516638693,-4.9994321014785,"APOO",0.0967556491974481,1.13739989926054,""
"SSU72",-0.232098015561824,10.4938242695072,-2.34867318168285,0.0212045054222785,0.083530345427295,-3.96139809135342,"SSU72",0.0414800343321697,1.67357185264923,"+"
"ZBTB8OS",-0.232491296346823,11.8675960004802,-5.02918980212664,2.64082928555278e-06,9.46077091549284e-05,4.3732766562549,"ZBTB8OS",4.69809026140099e-05,5.57825967252982,"+"
"AGMAT",-0.234208686222466,10.620504694493,-1.79128432569582,0.0794928980473481,0.20681577993031,-4.80831889188848,"AGMAT",0.102701905613579,1.0996716697916,""
"IPO9",-0.234235252068157,11.0452904776298,-2.04280999139435,0.0455114677833407,0.142241948382829,-4.32315231923235,"IPO9",0.0706354184483772,1.34187915790327,""
"TNXB",-0.234585296441546,12.1122841654619,-2.6429610394657,0.00966894699821876,0.0483616092441448,-3.31063289860325,"TNXB",0.0240157178992174,2.01462082041173,"+"
"HP",-0.235178305299351,15.3088309301148,-1.75854848752627,0.0819989076448131,0.211719702081112,-5.14391677427194,"HP",0.105137126707626,1.08619193306738,""
"SZRD1",-0.236813830316181,10.1582210329601,-2.46788577597967,0.0158875124555151,0.0692000162576081,-3.64485933374579,"SZRD1",0.03436378762076,1.79894409595898,"+"
"DEFA1B",-0.236845426653189,11.2203274163443,-2.02394035826251,0.0468240571524779,0.144329738147609,-4.55648734905768,"DEFA1B",0.0716721864717635,1.32953095880267,""
"C4A",-0.237086470580389,12.6167526351722,-3.17633620017321,0.00203380619867078,0.0162364583994163,-1.90095910722494,"C4A",0.00806280458192094,2.6916904333493,"+"
"GSK3B",-0.237173345360249,11.4618489802861,-2.6338336984061,0.0106666636694486,0.0520794856501528,-3.16818595188618,"GSK3B",0.0258619647951818,1.97197139843183,"+"
"SELENBP1",-0.238214702623853,15.6056964775749,-4.62345747807534,1.23575102768101e-05,0.000343082732470543,2.87927192896968,"SELENBP1",0.000170370222328836,4.90806901969704,"+"
"AAMDC",-0.24191693103951,15.6896906465079,-3.1103992153639,0.00249171743117183,0.0185724440998485,-2.08666712164609,"AAMDC",0.00922282333388129,2.60350120962157,"+"
"PDF",-0.242212881054887,11.1859161214366,-3.10143160955327,0.00314960487579739,0.0220327137059445,-1.9345347290586,"PDF",0.0109411461939771,2.50174392590062,"+"
"PPP1R27",-0.24293398859666,11.4718552375945,-2.23086542304665,0.028190169033315,0.102659497394512,-4.23913542188392,"PPP1R27",0.0509793112271286,1.5499023200129,""
"PEF1",-0.243965070917912,11.3705082973736,-2.0918149553911,0.0410459877931738,0.131733259815494,-4.31802267850167,"PEF1",0.0654169465226438,1.38672928834832,""
"ALDH1A1",-0.245121515656344,16.2586119747136,-3.34514724940618,0.00119394638975637,0.0108286403577271,-1.41147990507374,"ALDH1A1",0.00537735563658359,2.92301517333704,"+"
"TAGLN",-0.245986862083959,12.5806585224787,-2.82276146119543,0.00584171274818188,0.0341680586454883,-2.85946972481233,"TAGLN",0.0169673935673121,2.23345980219757,"+"
"CA8",-0.24722015771817,15.0414681123081,-2.30894021279195,0.0232247003500901,0.0897061876056041,-4.07652667201202,"CA8",0.0445468736260321,1.63404988065582,"+"
"CA2",-0.250732388916072,17.8273710773165,-5.49906533496332,3.43679559776078e-07,1.93134434964361e-05,6.30281807908276,"CA2",9.59079356378201e-06,6.46384629661003,"+"
"HACD1",-0.254709513889979,12.7637819788224,-3.02788127062401,0.00319976616498121,0.0222585675457188,-2.31464102164006,"HACD1",0.0110533021413752,2.49488175823289,"+"
"MT-ND4",-0.255799384986305,9.50206164554472,-1.88489956260464,0.0631457439797746,0.17707994348927,-4.86213056084294,"MT-ND4",0.0879354933575241,1.19965591555025,""
"ABRA",-0.259938762880522,10.8425727338036,-2.15745459878364,0.0345892171407449,0.117874787545035,-4.27595557600511,"ABRA",0.0585350175346883,1.46105926728029,""
"APCS",-0.260015153749752,13.073564481828,-3.74708380357701,0.000312891458995833,0.00398554187325359,-0.168467146528005,"APCS",0.00197916592932989,3.50460629163682,"+"
"RBFOX1",-0.260204190344961,10.0283898901281,-2.90437232792815,0.00491164683528596,0.0300785893801914,-2.57548281929973,"RBFOX1",0.0149366187075036,2.30877286804779,"+"
"LRG1",-0.262640929816295,10.5905069480704,-2.8894536613578,0.00492940337403203,0.0301229639018673,-2.65863875115571,"LRG1",0.0149586544919024,2.30720564198964,"+"
"HLA-DRB5",-0.263217670189247,9.98143295311375,-2.14855845401653,0.0358226146627259,0.121070299084166,-4.24342668517687,"HLA-DRB5",0.060121865136885,1.44584271853858,""
"THNSL2",-0.26402019927828,10.854089236463,-3.15113372881047,0.00236469412391824,0.0179661851954292,-1.92446404750156,"THNSL2",0.0089217634012202,2.62622502781649,"+"
"SERPIND1",-0.265528464527925,11.146949689376,-2.99383464593143,0.0036834232747047,0.0246091160579989,-2.37293972848974,"SERPIND1",0.0122205525877855,2.43374837202042,"+"
"METTL7A",-0.265557083831935,12.588947371033,-3.93699443093477,0.00016187264141623,0.00239142260454673,0.453182167122409,"METTL7A",0.0011875479651364,3.79082654646582,"+"
"HBA2",-0.267512765086583,20.9587461438291,-3.91236091924646,0.000175501263683017,0.0025275709633946,0.372611175419302,"HBA2",0.00125515738983577,3.75571975208371,"+"
"H1-0",-0.267918490129939,12.2281144100291,-4.14127284406574,7.68503774955138e-05,0.00140288650893084,1.1490033930177,"H1-0",0.000696654374609756,4.114353994868,"+"
"GPX3",-0.274515523334428,12.1150362310074,-3.94996956085529,0.00015457268002943,0.00232778342699905,0.496481784949113,"GPX3",0.00115594561444522,3.81086726307575,"+"
"H3-3B",-0.275535083067132,12.1824617219907,-2.44136558630736,0.0165563271140023,0.0716773920071457,-3.78609497623295,"H3-3B",0.0355940187495652,1.78103600155113,"+"
"PRPF8",-0.275840486749813,9.9105254187658,-3.06841564963482,0.00301322133661457,0.021532000924821,-2.15925926022379,"PRPF8",0.0106924990317355,2.52096896599016,"+"
"SHMT1",-0.276900369590634,11.6226873066642,-3.90644454669174,0.000179219238959731,0.00256821169429295,0.352954690671249,"SHMT1",0.00127533902447794,3.74661537120535,"+"
"LYZ",-0.277668713139416,14.3285668648257,-1.09300633884329,0.277293001802862,0.468309807405423,-6.06096463175862,"LYZ",0.232556285861128,0.55706109081432,""
"IGHA1",-0.280357553762074,15.1765632148974,-1.52309823293326,0.131184126009657,0.293179940251121,-5.51692016669875,"IGHA1",0.145589173909319,0.882118713767522,""
"ABCC9",-0.280593363663344,9.49536792273248,-2.63781448796396,0.010413857666597,0.0513005989157204,-3.22700701996244,"ABCC9",0.0254751802282097,1.98238836242314,"+"
"ANK1",-0.285750730993203,13.0807132246237,-3.12194298625804,0.00240518388476151,0.0181401500361224,-2.05438050259194,"ANK1",0.00900815197686454,2.61885171468127,"+"
"TM9SF2",-0.28606242531463,12.5567692361502,-3.57711443211336,0.000568982636359898,0.0061769099841192,-0.706096587209247,"TM9SF2",0.00306736955171578,3.24490098676511,"+"
"AP1G1",-0.286524596253795,9.33526821193474,-2.24227785676159,0.0288879587887225,0.10391101307212,-4.01439583201577,"AP1G1",0.0516007969040871,1.53928314414102,""
"AMPD1",-0.286919296500045,17.2788002466318,-4.05306527067027,0.0001059971631786,0.00173593068382781,0.846218304303521,"AMPD1",0.000862039585675113,3.97470575768208,"+"
"HPR",-0.287412248120616,10.279376609234,-2.44415614625314,0.0165264744492426,0.0716563929977751,-3.76494239360523,"HPR",0.0355835909268957,1.78181978348504,"+"
"NOSIP",-0.287726697912294,16.5215607325542,-2.51938246596172,0.0134916253820768,0.0618671973520514,-3.60596944110406,"NOSIP",0.0307224094078706,1.86993572624029,"+"
"FTH1",-0.288158671546335,15.314800203958,-3.24094438812149,0.00166230289987659,0.0138091597421632,-1.71598529896717,"FTH1",0.00685744105657887,2.77928983749587,"+"
"CNN1",-0.288479392363885,10.8138705235167,-2.3615032776727,0.0214951056186144,0.0840525100424494,-3.7625997399368,"CNN1",0.0417393341836531,1.66766041658704,"+"
"UBFD1",-0.28950491215508,9.25591991906521,-2.87471787353381,0.00528650313926666,0.0314992058152563,-2.6655165231186,"UBFD1",0.0156420775224755,2.27683150556138,"+"
"TJP1",-0.289691526886793,12.681232361346,-3.17915539198716,0.00234545389288498,0.0179492355336596,-1.74418018191971,"TJP1",0.00891334642953732,2.62977310002761,"+"
"STRN",-0.290980704259608,9.6362544201331,-3.2497934116384,0.00210236810985272,0.0167125536601703,-1.63671682824418,"STRN",0.00829922701810791,2.677291239744,"+"
"MPDZ",-0.292544122747863,12.4971664168749,-1.34313765039407,0.182783228690174,0.360622280443743,-5.73831454089805,"MPDZ",0.179080123483648,0.738063655546716,""
"KTI12",-0.293842430149877,11.8529413498269,-2.30670372558595,0.02335475136828,0.0899660180396379,-4.08136961531705,"KTI12",0.0446759018883855,1.63162475179554,"+"
"GOLGA3",-0.294439683457196,11.4510529371355,-4.00179097619023,0.000148542253211191,0.00227658875777151,0.641494876537757,"GOLGA3",0.00113052303746054,3.8281499926342,"+"
"ALDH16A1",-0.29523631404375,10.7702445253836,-3.40983990578884,0.00112585378811837,0.0103155023964253,-1.20161451727231,"ALDH16A1",0.00512253829872802,2.9485180065863,"+"
"ROCK1",-0.299228187438102,11.9251246838191,-2.61816219721365,0.0104176373234296,0.0513005989157204,-3.35707585184659,"ROCK1",0.0254751802282097,1.98223076604087,"+"
"AQP1",-0.300195652354618,12.9953137511296,-3.97887731815595,0.000138465950797886,0.00215675769014534,0.595045854524802,"AQP1",0.0010710165578241,3.85865700781667,"+"
"CDKN1B",-0.301888946240297,11.9040801130132,-4.13977335791574,8.05136951718187e-05,0.00145084227207373,1.13063128443295,"CDKN1B",0.000720468554850681,4.0941302409778,"+"
"EPB41",-0.302051552558778,12.8164051158603,-3.78353742416308,0.000277404979642103,0.00368075310951049,-0.0512419012706031,"EPB41",0.00182781197144248,3.55688574725813,"+"
"SOD3",-0.302401928018735,11.7862403655931,-5.33850407667507,6.77913887060369e-07,3.29305288188986e-05,5.6512185080957,"SOD3",1.6352853073897e-05,6.16882546948056,"+"
"ADH1C",-0.304350485561748,10.8667516097547,-2.79938580597647,0.00628512660236795,0.0360985427703137,-2.91012923441167,"ADH1C",0.0179260457477363,2.20168596982273,"+"
"RABGAP1",-0.305369475599081,14.87350750868,-2.39165518019639,0.0188197044179306,0.078056834821692,-3.89827791919355,"RABGAP1",0.038761963352378,1.72538720187953,"+"
"RNF170",-0.306442338894001,10.6345296228238,-3.06576092581668,0.00296619309808756,0.0213060386444084,-2.17591948152908,"RNF170",0.0105802892341902,2.52780057997515,"+"
"YIPF3",-0.307726023417914,11.8941557890026,-3.05843424490078,0.0030782396301828,0.0217588294404421,-2.1943899779544,"YIPF3",0.0108051389899129,2.51169757488296,"+"
"CA4",-0.310476682676553,12.5027428865277,-3.15784427307486,0.00225635739567957,0.0176204912698029,-1.9254109389652,"CA4",0.00875009649585724,2.64659210917531,"+"
"AK4",-0.313997634183341,11.5214979988637,-2.41997836799428,0.0177191679023024,0.0751556064953667,-3.79832973466707,"AK4",0.037321252794247,1.75155667657558,"+"
"XIRP2",-0.314923292679274,15.0542485358423,-2.05082798051715,0.0431445318918517,0.137900502872039,-4.61183704796374,"XIRP2",0.0684795156095033,1.36507423864349,""
"ITGA8",-0.321112751342421,11.1769779925493,-1.84393123148966,0.0706353212879453,0.190442926445203,-4.78436155290032,"ITGA8",0.094571369085762,1.15097807508906,""
"KCNC1",-0.324143732037735,13.9998489923643,-3.07340206887319,0.00279694151372828,0.020345264919658,-2.18727530365758,"KCNC1",0.0101031820597349,2.55331661497658,"+"
"SERPINA6",-0.335856310281116,11.2153177838321,-2.04546926163276,0.0470355810990465,0.144329738147609,-4.19378454445188,"SERPINA6",0.0716721864717635,1.32757348613356,""
"JCHAIN",-0.33668355325503,11.8439102900818,-1.59763066498372,0.11460009590072,0.266594054262551,-5.29630022804846,"JCHAIN",0.132386984239017,0.940815018938123,""
"HBG2",-0.33752830233827,12.1692938370965,-0.977355540021378,0.331884726136522,0.524809963953565,-6.04545115267904,"HBG2",0.260613495745765,0.479012734054976,""
"LTF",-0.341824007270254,11.4102928690646,-1.47714576312195,0.143228189683333,0.313831797884123,-5.56511554524454,"LTF",0.155844605743797,0.843971497258167,""
"SLC4A1",-0.351247736696073,14.6467643962362,-2.86235926436339,0.005212419505415,0.0312527077458565,-2.7567595458686,"SLC4A1",0.0155196699312078,2.28296063870864,"+"
"SIX4",-0.360487971341924,11.0190633300821,-3.33629396111864,0.0012528275308229,0.0111112070814603,-1.43098644934048,"SIX4",0.0055176744314075,2.90210871158155,"+"
"CISD2",-0.365028000829632,13.7180468518483,-2.48070296615789,0.0150492973847845,0.0663558250842959,-3.67706294576578,"CISD2",0.0329514009376601,1.82248377575346,"+"
"SPTA1",-0.37223796646449,13.2132393078461,-3.48860494621109,0.000748655459851483,0.00755509347864207,-0.980074685466949,"SPTA1",0.00375175674509327,3.12571800381082,"+"
"HBB",-0.376607442509204,20.2600905660402,-3.7067038071452,0.000359511902210007,0.00438451536908034,-0.29808540872749,"HBB",0.00217729074516612,3.44428672703753,"+"
"EIF2B2",-0.381055428494561,14.2714801007231,-4.82732456544348,5.52049886175882e-06,0.000173865381734075,3.64627243269272,"EIF2B2",8.63391856769286e-05,5.2580216753288,"+"
"MYLK2",-0.381223116789319,15.2731285428982,-6.65505144653719,2.04675408745709e-09,2.444165506105e-07,11.2394072968805,"MYLK2",1.2137393732555e-07,8.68893433363254,"+"
"PHIP",-0.381592455269301,14.5977906309391,-2.74148855729307,0.0073707574140564,0.0393819634939919,-3.06341111340065,"PHIP",0.0195565478562626,2.13248788204003,"+"
"PRELP",-0.381667101473162,12.9650317821659,-4.30959157038286,4.11409311291666e-05,0.000886540666287153,1.73891733479561,"PRELP",0.000440244046476064,4.38572588328585,"+"
"MRPS9",-0.395595766740241,10.1787565692718,-3.49598012051301,0.00116079406197454,0.0105613834337112,-0.996417698285831,"MRPS9",0.00524463948023371,2.93524482219186,"+"
"TINAGL1",-0.402886012935807,12.9885370719526,-8.92108101851725,4.44330683425678e-14,1.81921676956856e-11,21.6380853036138,"TINAGL1",9.03398323966521e-12,13.3522936953516,"+"
"ADH1B",-0.406933863727565,12.3772541921773,-5.15973730130544,1.42826708693801e-06,5.84773353023477e-05,4.9375438901906,"ADH1B",2.90390499834155e-05,5.84519057159544,"+"
"PLXND1",-0.408719845893931,14.9320726132466,-3.9888968696696,0.000219059219749304,0.00304768797961896,0.437625253974899,"PLXND1",0.00151344043151803,3.659438463545,"+"
"MYH4",-0.409299143961455,17.3723805185439,-2.26128002496392,0.0261122494364184,0.0969400348248382,-4.18279639812714,"MYH4",0.048139103844554,1.58315571432242,"+"
"SNX17",-0.415030150098211,11.1911619180912,-2.37827682749107,0.0204653963639659,0.082033323047729,-3.79589053391054,"SNX17",0.0407366333635424,1.68897983973035,"+"
"EARS2",-0.41996363502419,14.2503109367495,-2.64633882508782,0.00959634855664285,0.0480824037820602,-3.29908043381312,"EARS2",0.0238770682612475,2.01789398606087,"+"
"HBD",-0.42550219851454,16.9564699529934,-3.31213577584957,0.00132690680402824,0.0116020538923326,-1.50876383113043,"HBD",0.00576142228690441,2.87715957895743,"+"
"ARMC10",-0.431822715579356,8.72155050324645,-2.97920581345759,0.0042286777897835,0.0269319789900433,-2.34421223449251,"ARMC10",0.0133740547513075,2.37379540528823,"+"
"RHAG",-0.432153556822033,11.3676452673168,-2.0415141666403,0.0477564492867824,0.146072554595431,-4.0429991454863,"RHAG",0.0725376454342577,1.320967970666,""
"MYH6",-0.441733488295966,15.8706752796463,-2.87057034004779,0.00515059269080911,0.0310880937181742,-2.72061405404791,"MYH6",0.0154379248422239,2.28814279279622,"+"
"HBG1",-0.442011736420294,14.4235514705454,-1.71539107378373,0.0896593526385341,0.226200444244752,-5.2160506977298,"HBG1",0.112328066467667,1.0474044011665,""
"CA1",-0.447320545137885,17.070367517939,-3.65459339391801,0.000429482289386987,0.00498338559264415,-0.463830823070816,"CA1",0.00247468155932913,3.36705474051747,"+"
"SLC2A1",-0.451454697958478,12.2171340564079,-3.77697405457004,0.000283786339650789,0.00370203253045519,-0.0724956156518584,"SLC2A1",0.00183837904268874,3.54700851358985,"+"
"SLC35E2B",-0.452715368751551,15.5563049496531,-2.92593918662279,0.00435222766549413,0.027535285848358,-2.58412197123511,"SLC35E2B",0.0136736487379923,2.36128839472492,"+"
"SKIC2",-0.456036604274504,9.16104208153681,-1.87263537361365,0.0666956666064541,0.182918450233586,-4.47734857940736,"SKIC2",0.0908348164593737,1.17590238242591,""
"KMT2A",-0.458692933783717,10.4677134347466,-3.0857373225395,0.00295885345676074,0.0213060386444084,-2.10100720528351,"KMT2A",0.0105802892341902,2.52887654362482,"+"
"PPBP",-0.462391835269878,12.4272864978542,-3.36442754775841,0.00112657091768357,0.0103155023964253,-1.35310093114423,"PPBP",0.00512253829872802,2.94824146422491,"+"
"XIRP1",-0.476029760588694,16.0774860814173,-5.42905055432877,4.6269096680433e-07,2.44113254857206e-05,6.01748566929857,"XIRP1",1.21223324776361e-05,6.33470897922353,"+"
"TRIM21",-0.498288203195013,9.95536236534624,-2.04338951909141,0.0461489926047579,0.143141788750256,-4.0761999351517,"TRIM21",0.0710822669456913,1.33583777483243,""
"SNCA",-0.505320668553407,9.70493438168267,-3.69716564046323,0.000382006339513404,0.00460012676069502,-0.329679965929639,"SNCA",0.00228436043200667,3.41792942977718,"+"
"TDRD7",-0.528296299176488,12.5791392222388,-2.91780455243375,0.00459647273158483,0.0288260193626304,-2.57084505450665,"TDRD7",0.0143146094596537,2.33757531197659,"+"
"UBE2K",-0.53282258425736,11.6978733613879,-3.72060595652938,0.000403228123922914,0.00477933612226892,-0.243621610356347,"UBE2K",0.00237335336544548,3.39444918480019,"+"
"PF4",-0.536907507966767,12.2790167987011,-4.07231835588519,0.000102764330586712,0.00172077391707898,0.900359225223494,"PF4",0.000854512941293479,3.98815760243719,"+"
"PNN",-0.587370608714708,9.89738417519578,-2.94996937871365,0.00500744973552066,0.0304699595371597,-2.22439421612137,"PNN",0.0151309678085948,2.3003834014344,"+"
"HLCS",-0.618650623485292,14.7334268029547,-2.22789970459894,0.0288269946328403,0.10391101307212,-4.18722778566616,"HLCS",0.0516007969040871,1.54020063275605,""
"ART3",-0.653176939152151,12.5545270650967,-9.21513627365541,1.07353059604494e-14,6.15347737652962e-12,23.0144383431592,"ART3",3.05573323724425e-12,13.9691855734875,"+"
"ANKRD1",-0.68132589567839,11.6975356389052,-2.1236624375916,0.038938049455219,0.127538799701323,-4.15679363477338,"ANKRD1",0.0633340346341473,1.40962580761959,""
"DMTN",-0.771906537902864,11.6440166395055,-3.43050281071457,0.00107296373491177,0.00997576351100823,-1.12712984859533,"DMTN",0.00495382858540188,2.96941495649991,"+"
"MYH1",-0.83137439944141,15.9787755375782,-3.37881575038166,0.00107554463534597,0.00997576351100823,-1.31032994239918,"MYH1",0.00495382858540188,2.96837156158316,"+"
"SAA1",-1.03081483930535,10.8461973732234,-3.14909401427855,0.00331649697220002,0.0228487507748203,-1.83018498101011,"SAA1",0.0113463791121476,2.4793203948551,"+"
"MAST4",NA,10.8548403290706,NA,NA,NA,NA,"MAST4",NA,NA,NA
"ARSB",NA,13.5956846702116,NA,NA,NA,NA,"ARSB",NA,NA,NA
"SRPK2",NA,13.7906798452554,NA,NA,NA,NA,"SRPK2",NA,NA,NA
"MYLK3",NA,10.472704997854,NA,NA,NA,NA,"MYLK3",NA,NA,NA
"SPECC1",NA,10.3249596930646,NA,NA,NA,NA,"SPECC1",NA,NA,NA
"SLC22A25",NA,12.9457225892979,NA,NA,NA,NA,"SLC22A25",NA,NA,NA
"MICAL3",NA,13.4373680785702,NA,NA,NA,NA,"MICAL3",NA,NA,NA
"USP48",NA,14.4873760970261,NA,NA,NA,NA,"USP48",NA,NA,NA
"GDPD1",NA,12.6658257983756,NA,NA,NA,NA,"GDPD1",NA,NA,NA
"COLGALT1",NA,9.84859814885231,NA,NA,NA,NA,"COLGALT1",NA,NA,NA
"EVI5L",NA,13.1402976588605,NA,NA,NA,NA,"EVI5L",NA,NA,NA
"HOOK2",NA,9.86856763976446,NA,NA,NA,NA,"HOOK2",NA,NA,NA
"PPP1R9B",NA,12.1648690388581,NA,NA,NA,NA,"PPP1R9B",NA,NA,NA
"ACBD3",NA,11.8324351740452,NA,NA,NA,NA,"ACBD3",NA,NA,NA
"ZNFX1",NA,11.0176420713086,NA,NA,NA,NA,"ZNFX1",NA,NA,NA
"MACF1",NA,12.1071699018381,NA,NA,NA,NA,"MACF1",NA,NA,NA
"RBM19",NA,12.7223255528039,NA,NA,NA,NA,"RBM19",NA,NA,NA
